time,open,high,low,close,Sprint Line EMA,Hull Baseline HMA,MA 20 Fast,MA 50 Mid,MA 200 Slow,Weinstein MA 150,Golden Cross,Death Cross,Zone 0 Long,Zone 0 Short,AVWAP Resistance,AVWAP Support,Buy Score,Sell Score,Stage 1 Base 2 Up 3 Top 4 Down,Stage Age Bars,Long Entry,Long Entry Zone Bot,Long Entry Zone Top,Long Stop Loss,Long Target,Short Entry,Short Entry Zone Bot,Short Entry Zone Top,Short Stop Loss,Short Target,Entry At Market 0No 1L 2S 3Both,Long Rev Zone,Short Rev Zone,Ext Pct vs MA200,Exhaustion Gradient,Ext Z Self Relative,Regime 0 Hlt 1 Ext 2 Clmx 3 Dist 4 Dn 5 Ign 6 Sqz,Exp Move Pct 21b,Dir Prob Pct Above 50 Bull,Long Ignition Fresh Breakout,RR To Target,Long Target T1 Waypoint,Short Target T1 Waypoint,Long RR Valid,Short RR Valid,Long In Zone,Short In Zone,Action Long Code,Action Short Code,MTF Long Aligned 0 To 3,Bear Warning Mask,Reversal Pattern Mask,Weak Level Mask,Bear Warning Age,Reversal Pattern Age,Weak Level Age,Z Velocity,Z Elasticity,Trend Bars Up,Buy Sigma Evidence,Sell Sigma Evidence,VP POC,VP VAH,VP VAL,VP HVN Above,VP HVN Below,RVOL Vs Avg,Energy IV30 Ann Pct,Energy IV Rank Pct,Energy IV HV Spread,Energy State 3 Exp 2 Warm 1 Sqz 0 Dorm,HV20 Ann Pct,ADX 14,DMI DI Plus,DMI DI Minus,POC,VAH,VAL,Volume
2025-05-23,125.09,127.375,125,126.72,129.41488347818353,134.76542164502166,128.62999008109904,126.87210641244256,131.20096059789083,121.62857698414821,0,0,0,0,128.9284258360886,122.64005139491677,86.27832198590477,48.530536222674364,2,2,123.00118333487235,122.46733998608273,123.53502668366197,120.33196659092425,131,126.87210641244256,126.33826306365295,127.40594976123218,129.54132315639066,122.315,0,3,3.5,-3.4153413035017546,0,-0.17169520486191084,0,9.996952633676754,66.3192276448476,0,2.996690577212707,131,122.315,1,1,0,1,8,10,1,0,1281,0,,15,,-0.02369453653893313,-0.18342406635706618,0,1.4264210393258576,-0.5677179895097214,,,,,,0.715481775381682,33.48861910056955,42.857142857142854,-3.2972148564055495,1,34.63045976477527,16.19606322715162,25.67561390197792,28.840708671768493,,,,4371484
2025-05-27,128.68,130.4,128.345,129.4,129.40992231878903,132.86118874458876,128.7033243590896,126.97123949430755,131.18304059194168,121.76987991646628,0,0,0,0,128.93641841118708,122.86997951341021,91.5408361856108,61.862675244904935,2,3,129.28887500000002,128.76030617612395,129.8174438238761,126.64603088061963,133.67533,129.45620000000005,,,132.09904411938044,124.87500999999999,0,3.5,1.5,-1.3592005368193907,0,0.24348770738630035,0,10.172483376854704,67.52080975984218,0,1.6597479086388147,131.67707579205629,124.87500999999999,1,1,1,0,19,8,0,0,1281,0,,16,,-0.48447764316226183,0.23209199303217914,1,4.107437785587376,1.918706047894145,,,,,,1.1699346891339917,38.330843956313,48.01587301587302,8.7754202026795,2,35.238516095724336,15.311196785598247,29.189376839415488,27.04789902783137,,,,7243763
2025-05-28,129.45,129.55,127.665,128.67,129.16328154585935,131.12392424242427,128.70015061060488,127.03785755335431,131.15803521291738,121.8865830454043,0,0,0,0,128.93348865611244,122.99657741159301,87.91322740330902,39.42105138111257,2,4,127.03785755335431,126.53021328832652,127.5455018183821,124.49963622821538,131.67707579205629,129.359025,,,131.89724632513892,122.315,0,0,5,-1.8969750567537902,0,0.12217083259510278,0,10.072551145118974,75.24168252805676,0,1.8277437797698886,131.67707579205629,122.315,1,1,0,0,8,10,0,0,1281,0,,17,,-0.9252183090043601,0.11413418302540551,0,1.799513264488203,-1.6761146308305928,,,,,,0.7786779834442709,42.09117776880847,52.38095238095238,20.631568235352585,3,34.89234069036427,14.329946096206386,28.221636886797448,27.347157912460336,,,,4752224
2025-05-29,130,130,126.96,128.36,128.8955210305729,129.62176363636368,128.6677553143568,127.08970627675218,131.1301940665202,121.97673843949316,0,0,0,0,128.9273431208481,123.1094652979569,82.84232183229084,34.725775805241554,2,5,127.08970627675218,126.59117945922638,127.58823309427798,124.59707218912317,131.67707579205629,129.42542500000002,,,131.91805908762902,125,0,1.5,5,-2.1125524035409544,0,0.07281363115770069,0,9.57648730015169,65.55715162357127,0,1.840370208395728,131.67707579205629,125,1,1,0,0,8,10,0,0,1281,0,,18,,-0.8950424408628558,0.06840640075683041,0,1.2298599292640233,-0.687794520030993,,,,,,0.7853747458142523,44.99223104126566,55.15873015873016,35.62528664714623,3,33.17392512380166,13.364229517587384,26.685077906565088,27.120859725881978,,,,4681055
2025-05-30,125.5,129.25,125,129,128.93034735371526,128.49141125541126,128.69939766537044,127.16461975609523,131.1089981056593,122.04798113938264,0,0,0,0,128.92889964060947,123.35230758835625,99.65016443803795,0.7178150290907012,2,6,126.93536269435863,126.4344985066561,127.43622688206116,124.43104175584598,131.57209242766191,129.502325,,,132.00664593851266,125,0,1.5,0,-1.6085838013647942,0,0.16840358111078124,0,9.460936345144464,98.14404344286928,0,1.8514918203962718,131.57209242766191,125,1,1,0,0,8,10,1,0,1281,0,,0,,-0.7641488223469587,0.16422344287342225,1,7.09594367290531,-6.132679348795289,,,,,,1.6026814857861351,47.195310768437224,60.317460317460316,44.00385111263112,3,32.77364487393042,12.932602195862358,24.663365379364244,28.560092658311568,,,,9562946
2025-06-02,128.85,129.77,127.985,129.62,129.16023156914352,127.76574025974026,128.7870740781923,127.26090917742484,131.09418220411047,122.10927392432514,0,0,0,0,128.93689247132772,123.49032711828538,95.36537191926615,9.62368307735685,2,7,129.565925,129.08489932570478,130.0469506742952,127.16079662852395,133.67533,131.51165789473686,,,133.91678626621288,125,0,5,0,-1.1245214542131219,0,0.25272469459743413,0,9.428519153738115,96.98091503086182,0,1.7086011078394323,131.57209242766191,125,1,1,1,0,19,10,0,0,1281,0,,1,,-0.8127550522122561,0.24726725348738882,2,6.576828266892895,-5.116571091874699,,,,,,0.9223280479003605,50.77645162877719,62.301587301587304,55.4634271742754,3,32.661348428821455,12.390670270658825,24.81141013530465,27.61383032541476,,,,5223064
2025-06-03,129.5,133.49,128.95,132.9,130.40682104609567,127.79833636363637,129.17878130884066,127.48204999399641,131.11215054038797,122.18558930387607,0,0,0,0,128.9872240744155,123.71528177872446,96.94830662615058,5.609396970157875,2,8,132.9,129.16202258815446,130.13642741184555,125.10476141047121,137.03415999999999,134.43,133.94279758815446,134.91720241184555,136.86601205922776,131.57209242766191,1,5,0,1.3636031841772756,0.006818015920886378,0.7144673291020421,0,9.692684040379847,95.29163531986985,0,0.5303442547035474,,131.57209242766191,0,0,0,0,8,10,0,0,1281,0,,2,,-0.3471201596310748,0.7051440706493761,3,5.167941425304659,-5.0561963317297085,,,,,,1.034544959468708,53.41171938404592,63.095238095238095,59.074980860777046,3,33.57644243929976,12.058521395530812,29.56442506884379,25.316332798329327,,,,5809271
2025-06-04,132.28,134.855,131.64,133.51,131.44121403073044,128.47523463203464,129.5912783270463,127.71844019031028,131.13600973899108,122.28330311582995,0,0,0,0,129.03129795710603,123.893423318341,97.60326968390314,3.1859944202710544,2,9,133.51,131.03055029802314,131.99276549145057,127.7911392262902,137.7050633335936,134.43,,,136.83553798356863,131.57209242766191,1,5,6.5,1.8103267483386352,0.009051633741693176,0.7394856107653576,0,9.192686253199517,96.07510379452364,0,0.7335487782599591,,131.57209242766191,1,0,0,0,8,10,0,0,1281,0,,3,,0.1699561520112635,0.7309284395838962,4,4.936931703393266,-6.0513964443954675,,,,,,0.8068590209965045,55.50068732810567,64.28571428571429,74.28712286323476,3,31.844399297163072,12.05844518672039,30.33367631784412,23.805829992953978,,,,4501382
2025-06-05,133.5,137.8025,133.5,137.29,133.3908093538203,129.94986536796537,130.32448991494664,128.09379547696477,131.19724347293146,122.43030033693503,0,0,0,0,129.13474094172034,124.20323138422518,98.15675009261452,2.5187677510439177,2,10,137.29,129.34211705305157,130.31243294694846,128.6954064677863,137.7050633335936,137.37,136.88484205305156,137.85515794694845,139.7957897347423,133.15292,1,3,0,4.6439668744454865,0.032735738848197,1.215385753117327,0,9.461158824739732,94.96867031570531,0,0.04829353849462566,,133.15292,0,1,0,1,8,10,0,0,1025,0,,4,,1.0761272358077565,1.2009437822865157,5,5.34363343247217,-4.853950546379871,,,,,,1.0278017594939177,56.91915710263087,65.07936507936508,73.66948004994805,3,32.77441556585572,12.674796671512418,33.3562442162307,21.920866104446237,,,,5859127
2025-06-06,139.18,143.8799,138.95,140.64,135.8072062358802,132.16312034632034,131.30691944685648,128.58580349747595,131.2912012493202,122.64848731175876,0,0,0,0,140.64,124.77031716877262,99.51507479872431,2.1354693817644677,2,11,140.64,138.94065779926214,139.95934220073784,134.87526239409715,144.75,141.38203945416697,,,143.92875045785624,137.7342666835081,1,1.5,9,7.120659009682252,0.087216292795567,1.5707580086690969,0,9.414870879530532,96.19747846302829,1,0.712955260234491,,137.7342666835081,1,1,0,0,10,10,1,0,1025,0,,5,,1.412903981977246,1.5499910660432417,6,6.658759683087797,-4.659863611020873,,,,,,1.5184461687682025,57.6910245907079,65.47619047619048,76.88999139482308,3,32.61406942009513,14.260705140539642,40.15643118983912,19.38860286422425,,,,9053459
2025-06-09,141.47,141.5255,138.34,139.01,136.87480415725346,134.46076839826839,132.04054616620348,128.99459551718277,131.36800521698868,122.92476887208682,0,0,0,0,140.1413841719786,124.98358964989065,98.360045584262,16.39488542664812,2,12,130.042925,129.5415224207434,130.5443275792566,127.5359121037171,137.7342666835081,142.0207575433139,141.5193549640573,142.52216012257048,144.5277704395968,137.7342666835081,0,0,5,5.81724200682545,0.07162429270423719,1.1806746668370334,0,9.566898964046066,81.93794092866467,0,3.0679306416460457,131.92769664618498,137.7342666835081,1,1,0,0,8,10,0,0,1033,0,,0,,1.3403046613608796,1.1672306502836731,7,4.67245584284853,-0.6604834230722313,,,,,,0.6815163638233508,60.20579063154703,67.06349206349206,81.66717114151054,3,33.140710153211685,15.550552178790946,37.87856540096233,19.37502676120258,,,,3989978
2025-06-10,139.22,140.605,138.135,138.56,137.43653610483565,136.52588441558441,132.66144653132696,129.3697094184697,131.43956735413306,123.25140776946613,0,0,0,0,139.76052151749587,125.19124609701039,97.81099778876587,9.416791094199592,2,13,130.147325,129.65968331926175,130.63496668073824,127.70911659630873,137.7342666835081,140.3069487708809,139.81930709014264,140.79459045161914,142.74515717457214,137.7342666835081,0,0,5,5.417267257645947,0.027086336288229734,1.0015153135577946,0,7.981666978474692,92.31302536837109,0,3.1116871191248703,131.92769664618498,137.7342666835081,1,0,0,0,8,10,0,0,1033,0,,0,,0.9782195616295408,0.9919782095967882,8,4.320215817860534,-4.478689532006912,,,,,,0.7257682163612922,61.616802589876315,68.25396825396825,122.85117668907968,3,27.64930547162586,16.683812955849962,36.165509112547305,18.874140901829037,,,,4138000
2025-06-11,140.24,140.37,137.115,138.06,137.64435740322378,138.15189826839824,133.17559448072438,129.71050512754934,131.50544230583324,123.61958739785447,0,0,0,0,139.43805739180544,125.37968629841288,96.94785917314763,28.65496074060471,2,14,130.26037499999998,129.7785023678859,130.74224763211407,127.85101183942953,137.7342666835081,140.04107907946076,139.55920644734667,140.52295171157485,142.4504422400312,133.15292,0,2,5,4.984248240406107,0.025216021789137198,0.8361683962597403,0,7.484806821249901,72.53988409342242,0,3.102019573395727,131.92769664618498,137.7342666835081,1,1,0,0,8,10,0,0,1033,0,,0,,1.0023582446968533,0.8291664516622628,9,3.8271248050846394,0.3275670452913313,,,,,,0.7233569907554658,60.64054915106678,66.66666666666667,133.879365308246,3,25.92813139848586,17.405205484305398,33.98431010157182,19.625759777061422,,,,4020440
2025-06-12,137.13,139.405,136.7,138.81,138.03290493548252,139.40155887445886,133.7122045301792,130.06734806372387,131.57812447194436,124.02768750957034,0,0,0,0,139.3499206746951,125.54687638361635,96.45820454777663,25.598942866976216,2,15,138.81,129.89857005589406,130.84177994410592,129.24907720561458,,139.3499206746951,138.87831573058918,139.82152561880105,141.7079453952248,133.15292,1,2,0,5.496259775003595,0.04137326666660894,0.8611206433393855,0,7.488686454909209,80.05670218556055,0,0,,137.7342666835081,0,1,0,0,8,10,0,0,1033,0,,1,,1.1111357423327277,0.8552541830030375,10,3.7865258677826823,-1.2057368571173384,,,,,,0.638131247707434,58.53351912399194,64.68253968253968,125.63598587238867,3,25.941570843711215,17.93731318048387,32.24390897669171,19.406378212845542,,,,3460997
2025-06-13,136.08,136.63,134.68,135.54,137.201936623655,139.96832857142857,133.88628028920976,130.28196186514646,131.61754611898968,124.45022770613068,0,0,0,0,138.6980140262756,125.72658071048896,96.51642805168835,46.57466284025974,2,16,134.43,133.9552061233302,134.9047938766698,132.05603061665101,137.71243318416973,138.6980140262756,138.2232201496058,139.17280790294538,141.07198340962458,132.06935560123657,0,6.5,2.5,2.980190709120343,0.16490095354560172,0.33104745995488527,3,7.862002647112672,66.94390070230853,0,1.3826771344199662,137.71243318416973,137.71243318416973,1,1,0,0,8,10,1,0,1033,0,,2,,0.6908063902721104,0.32934830568918044,11,4.012150797862006,1.4175801139347386,,,,,,0.9248185770107414,55.20543438053763,61.507936507936506,102.70199484121878,3,27.234776068080308,17.772807701726578,29.739676715199437,21.69781726762796,,,,5091140
2025-06-16,138.56,139.29,136.83,137.21,137.20462441577,140.16884502164504,134.20282502357074,130.55364963514072,131.67319242626343,124.89350158517368,0,0,0,0,138.5451408721939,125.863123341429,96.16092475061797,59.04440145345157,2,17,134.43,133.48127565761322,134.43,131.58382697283966,137.71243318416973,140.87684210526314,140.40247993406976,141.3512042764565,143.24865296123008,137.71243318416973,0,0,4.5,4.204961899771038,0.17102480949885518,0.5351991215410304,3,7.911904168504334,63.50878482931301,0,1.1532795627132453,137.71243318416973,137.71243318416973,1,1,0,0,8,8,0,0,1097,0,,0,,0.7936493434225853,0.530800819527812,12,3.731368539421295,1.6673164958018503,,,,,,0.6204551294429691,50.490888917245805,58.333333333333336,84.22195015985672,3,27.407640008930994,18.191328872709335,32.6472692245822,20.16630935751106,,,,3406824
2025-06-17,136.09,136.16,132.89,133.37,135.92641627718,139.64228528138528,134.12350835465924,130.66409474748815,131.69007608371354,125.32869536662169,0,0,0,0,137.8938890652889,125.98614818187193,89.29619477165616,65.66781508923799,2,18,130.65087499999998,130.65087499999998,131.60897617507342,128.7346726498531,137.71243318416973,134.43,,,136.8252529376836,127.07193819999999,0,0,6.5,1.2756647776697807,0.1563783238883489,-0.037610542351049575,3,8.347654782925483,50.91861460589316,0,3.6851839700689637,132.06935560123657,132.06935560123657,1,1,0,0,8,8,0,0,1096,0,,1,,0.04908198756827062,-0.037119677257251134,0,1.6211435847308104,1.3786050512488477,,,,,,0.8704445651303147,44.02059030199857,50.79365079365079,52.230179144028824,3,28.917124416144564,17.41997060407641,30.018628647345345,25.885984592675193,,,,4773781
2025-06-18,132.71,133.815,131.69,132.17,134.67427751812,138.49655454545456,133.9374599399298,130.7231498554298,131.69485144606463,125.7455024419599,0,0,0,0,137.38490872437825,126.0637612484044,93.21399755900336,71.12454270585584,2,19,130.72872499999997,130.72872499999997,131.6563368054253,128.8735013891493,137.03415999999999,137.38490872437825,136.92110282166558,137.8487146270909,139.70393823794157,132.06935560123657,0,0,2.5,0.3607950870653067,0.15180397543532653,-0.1925806186580439,3,7.695377255796358,66.68521078580197,0,3.398746632546816,132.06935560123657,132.06935560123657,1,1,0,0,8,8,0,0,1096,0,,2,,-0.1342603022536104,-0.19022322997855307,0,4.256512384153636,1.6797552244185923,,,,,,0.6934701891965043,34.81178253134894,41.666666666666664,30.58873754568851,3,26.6575687808985,16.386865971953164,28.79063678575361,27.137129167078196,,,,3702457
2025-06-20,132,132.64,131.39,131.73,133.69285167874665,136.9751510822511,133.7272256599365,130.7626341748247,131.6952011829197,126.1396633801349,0,0,0,0,136.47656939399795,126.212784555372,96.22193325375707,79.17393873496334,2,20,130.80082499999997,130.3589873760525,131.24266262394744,128.5916368802626,135.64366,131.87,,,134.07918811973738,127.07193819999999,0,7,4,0.026423754827597835,0.15013211877413798,-0.22781436582160491,3,6.748286786674938,71.40840200639471,0,2.1921333709578983,132.05604753844298,127.07193819999999,1,1,0,0,8,8,0,0,1096,0,,3,,-0.5438580685576808,-0.22421331471172745,0,6.03817819882412,2.661135222503808,,,,,,1.4747174459281975,26.79605947378338,27.38095238095238,14.626961178934234,2,23.376751157133416,15.346673433790134,28.063392083505775,27.057886023413065,,,,7967985
2025-06-23,131.53,131.53,127.04,130.53,132.6385677858311,135.19110389610393,133.42272797803778,130.75351126600805,131.6836071412986,126.50426207946427,0,0,0,0,136.00727672465692,126.27251137508493,95.3226031300813,84.05323606978129,2,21,130.20761125000004,129.75545845633454,130.65976404366555,127.94684728167249,135.64366,130.87857499999998,,,133.59149176199307,126.39837999999999,0,8,0,-0.8760446090003964,0.15,-0.36324067489304224,3,6.833766308890295,52.1941777502961,0,2.404518484086333,132.05604753844298,126.39837999999999,1,1,1,0,14,8,0,0,1096,0,,4,,-0.9625180815620431,-0.35854418613692257,0,3.3322473797860397,2.8784908843639965,,,,,,0.8029806667864166,25.04628379487282,23.80952380952381,5.801676831979338,2,23.67286090810084,15.18620413403888,25.46437122161957,33.141846208414464,,,,4250158
2025-06-24,131.92,132.725,130.36,132.15,132.47571185722074,133.65427402597405,133.30151578965322,130.80827553008615,131.6882478662608,126.8506722977422,0,0,0,0,135.67685494891555,126.36748138667514,96.39716968652098,69.42790601780274,2,22,132.15,130.96327499999998,131.8452194739502,126.83222210419906,137.03415999999999,135.57649465304414,134.6945501790939,135.67685494891555,137.44074389681603,132.05604753844298,1,3.5,0,0.35064035038885166,0.15175320175194426,-0.09562896445676532,3,6.8610147527078436,75.19343633935986,0,0.9184588178939628,,132.05604753844298,1,1,0,0,8,8,0,0,1096,0,,5,,-0.6539290068672037,-0.09261425718418723,0,4.4293728615699575,0.3569294729399785,,,,,,0.9472229912805448,24.212599359226115,22.22222222222222,1.873784430448816,2,23.7672522863392,14.701454861959798,26.664575587648105,31.55484019503796,,,,5045554
2025-06-25,132.8,133.03,128.77,129.67,131.5404745714805,132.17927705627704,132.95565714301958,130.76363727400434,131.6681657979398,127.16566907794196,0,0,0,0,135.31590941217777,126.40683222628759,89.38398410299521,83.61096235710966,2,23,128.53259999999997,128.08509006566592,128.98010993433402,126.29505032832976,132.05604753844298,131.030825,,,133.2683746716702,126.07398686583541,0,0,7.5,-1.5175769980772909,0.15,-0.4226061743354674,3,6.867679043136126,25.952133322256415,0,1.5746901993075966,132.05604753844298,126.07398686583541,1,1,0,0,15,8,0,1,1098,0,0,0,,-0.8484455197508136,-0.41570841132855474,0,1.6155657133892598,5.155587961478142,,,,,,0.7307823137255454,23.059438348309595,21.03174603174603,-3.0722544389714646,1,23.790338065575558,14.619062912533737,24.398243377367898,32.04518008320061,,,,3765553
2025-06-26,130.33,134.18,128.315,133.72,132.26698304765367,131.30506017316014,133.02845170082725,130.87957306718064,131.6885820586568,127.47889680790533,0,0,0,0,135.19496950857732,126.52383651877264,93.40312912435093,46.49058699777815,2,24,133.72,130.66011398954694,131.59593601045302,126.23342383275141,137.65290648581978,135.44799186895395,134.51216984804788,135.54,137.41164404181214,132.05604753844298,1,3.5,0,1.5425923110314588,0.1577129615551573,0.19025372607958402,3,7.482312355002572,87.29284006852136,0,0.5253277864219178,,132.05604753844298,0,1,0,0,8,10,0,1,1098,0,1,1,,-0.40424185482580655,0.19250385471245196,1,4.402863084571944,-2.585663021417087,,,,,,0.9934729573251398,21.493494582870962,18.650793650793652,-17.075936592317998,1,25.919490313929582,14.202389262128504,23.862127672583945,28.45885671894897,,,,5138316
2025-06-27,134.01,134.58,132.1,134.52,133.01798869843577,131.01650086580085,133.1705039197961,131.02233490768336,131.716755371506,127.79696468765738,0,0,0,0,135.14921486482578,126.64473922548197,96.46458457361426,35.500800057244916,2,25,134.52,133.97336834743646,134.88663165256355,128.44694677949173,137.6217332869559,135.14921486482578,,,137.43237312764347,132.1526731251707,1,6,0,2.1282369282385414,0.1606411846411927,0.290710774734141,3,7.478103266334945,89.44752423906925,0,0.5107370501021711,137.6217332869559,132.1526731251707,0,1,1,0,5,10,0,1,1098,0,2,2,,-0.3945127434300241,0.29365468805647743,2,6.689402288000099,-1.059818993336814,,,,,,0.9510090004449278,19.40105530511291,17.46031746031746,-25.10664734067305,0,25.904909603077797,13.695290022985434,23.48713652583693,27.07883762645066,,,,4930553
2025-06-30,135.06,135.06,131.945,132.34,132.79199246562385,130.9302896103896,133.09140830838695,131.0740080485585,131.7229568105955,128.10716002299858,0,0,0,0,135.01441258764308,126.70805768696718,96.06276248047214,44.35634524266753,2,26,131.304925,130.85309739404815,131.75675260595185,129.04578697024073,137.03415999999999,135.01441258764308,134.56258498169123,135.46624019359493,137.27355061740235,132.1526731251707,0,0,5.5,0.4684401294542446,0.15234220064727122,-0.030355925339262554,3,7.699072419876119,69.33823001606535,0,2.536026982207229,132.1526731251707,132.1526731251707,1,0,0,0,8,10,0,1,1098,0,3,3,,-0.29289804274961234,-0.025172968334167614,0,3.684203230927862,0.6115370319937593,,,,,,0.7497737903026903,16.563845134017072,13.492063492063492,-37.894203837779294,0,26.6703692047554,13.074491400846048,22.98990140099296,25.411984690585747,,,,3666177
2025-07-01,132.225,136.69,132.12,135.41,133.66466164374924,131.32712034632036,133.31222656473105,131.24404694861505,131.759643807505,128.42991731298022,0,0,0,0,135.03371677698433,126.81027529890446,97.35394057004957,22.99241511035171,2,27,135.41,133.9696422230447,134.8903577769553,128.43713778435767,137.6217332869559,139.33020930232558,138.86985152537028,139.7905670792809,141.63199818710206,132.1526731251707,1,6,0,2.7704660448445084,0.013852330224222543,0.4071190526180314,0,7.993553153730598,94.47063449262058,0,0.3171915948653469,137.6217332869559,137.6217332869559,0,1,0,0,8,10,0,1,1098,0,4,4,,-0.1486213191408415,0.40965609604648606,1,5.277086494700152,-5.028134879189696,,,,,,0.812423230309295,15.926698857092978,12.301587301587302,-42.48312549123859,0,27.690480390527654,12.284739786294251,24.11356452737074,23.159606682937195,,,,3919565
2025-07-02,135.22,136.09,134.39,135.39,134.23977442916615,132.00559307359308,133.51010974904239,131.40663334278702,131.795766754694,128.7647739186649,0,0,0,0,135.04517095660296,126.87833267772987,95.9675775266486,12.305815731786893,2,28,135.39,133.9873463499701,134.87265365002992,130.84877079976067,137.6217332869559,139.33020930232558,138.88755565229567,139.7728629523555,141.54347755247517,132.1526731251707,1,6,0,2.7271234378838463,0.013635617189419231,0.3737329428069703,0,7.626377353342392,90.89433076825752,0,0.49143815221621207,137.6217332869559,137.6217332869559,0,1,0,0,8,10,0,1,1098,0,5,5,,0.23399323559226579,0.37765689147288856,2,3.3727828826588526,-5.035870929620689,,,,,,0.5716195588266092,16.687378582377235,14.682539682539682,-36.834606588262886,0,26.418546107363372,11.551399001353298,23.286711610758783,22.36546493290118,,,,2668019
2025-07-03,136.27,138.19,136.23,136.49,134.9898496194441,132.95509220779223,133.79390882056217,131.6059810548346,131.8424755432045,129.1169882153167,0,0,0,0,135.08952932646747,126.95286637675244,96.96642308289317,10.212861692976423,2,29,136.49,134.0639644678294,134.93603553217065,132.31982233914687,137.610472259225,140.9389674210881,140.5029318889175,141.37500295325873,143.11914508194127,137.610472259225,1,0,5.5,3.5250585500971763,0.017625292750485883,0.4979526678272655,0,7.652059730374282,88.49112610106644,0,0.26868693622893614,137.610472259225,137.610472259225,0,1,0,0,8,10,0,1,1098,0,6,0,,0.4711588614538754,0.5010045440430836,3,4.72566561791702,-2.7948874685615497,,,,,,0.574700431531901,17.268955832322934,15.476190476190476,-34.8525975376323,0,26.50751247112012,11.506234535720058,26.251681468364552,21.083145988527342,,,,2628584
2025-07-07,135.86,137.63,135.2,137,135.65989974629608,134.08543333333336,134.09925083765148,131.81751120954695,131.8937941945159,129.48899668308144,0,0,0,0,135.16559932187764,127.0570096054126,98.01450878429682,6.259877266956099,2,30,137,131.25668843441295,132.109861565587,130.17461495060772,137.610472259225,141.27241401217628,140.84582744658925,141.69900057776331,143.40534684011138,137.610472259225,1,7.5,4,3.8714526613386515,0.019357263306693257,0.5277585021774835,0,7.125241092982644,94.303045972563,0,0.08944143880634933,,137.610472259225,0,1,0,0,8,10,0,1,1098,0,7,1,,0.5694331965309175,0.5304660930860786,4,5.77385497177851,-4.554572635856197,,,,,,0.7963482137051486,17.496441553971824,16.666666666666668,-29.114151302228823,0,24.68255917844707,11.101531734438057,24.916506435192808,22.166663200340448,,,,3550438
2025-07-08,137.5,138.55,136.55,136.99,136.1032664975307,135.1911826839827,134.37456028168467,132.02035390721178,131.94450270999334,129.87763731607848,1,0,0,0,135.22774587098263,127.14736945711938,97.9856791932356,3.4424204823473925,2,31,131.757625,131.34365176052634,132.17159823947364,129.6877588026317,137.610472259225,140.45655520996013,140.04258197048648,140.87052844943378,142.52642140732843,137.610472259225,0,0,2,3.8239541522213973,0.019119770761106988,0.48452668831879664,0,6.656269091723745,95.15066913265096,0,2.827645220095153,132.322764375164,137.610472259225,1,1,0,0,8,10,1,1,1098,0,8,2,,0.6951100719424149,0.4854931403971918,5,4.720045522976621,-6.31861687044128,,,,,,0.7553633111475999,12.853322356334406,9.523809523809524,-44.25654206470073,0,23.05799251143174,11.009462597607904,25.825963667242664,21.210482380686678,,,,3144542
2025-07-09,137.45,138.27,136.4998,136.85,136.35217766502046,136.14443593073594,134.61031644533375,132.20975179320348,131.99331362830188,130.2786830099531,0,0,0,0,135.30013036243528,127.26689352667753,98.07462445204222,2.8779771091311783,2,32,131.82977499999998,131.42956592048873,132.22998407951124,129.8287296024437,137.610472259225,140.19636293556084,139.79615385604959,140.5965720150721,142.19740833311712,137.610472259225,0,0,0,3.679494239666358,0.01839747119833179,0.426742436606858,0,6.566903113197664,92.50992319174857,0,2.8888386371865993,132.322764375164,137.610472259225,1,0,0,0,8,10,1,1,1098,0,9,3,,0.5066834948533637,0.42762277674791366,6,4.865082051955122,-4.550649219466195,,,,,,1.0316596915473375,12.576965167013244,9.523809523809524,-44.712796126301875,0,22.748419680881174,10.904573819738738,24.806025339462302,20.484817133455767,,,,4311327
2025-07-10,137.055,138.415,136.05,137,136.56811844334698,136.9146134199134,134.83790535530196,132.39760466405824,132.04313140314466,130.68973911872567,0,0,0,0,135.38271568467184,127.40220271952155,98.73031174142403,19.374050874901933,2,33,136.99,136.59726121188243,137.3827387881176,135.02630605941204,139.89567589054457,140.00575899553314,,,141.96945293612112,137.610472259225,0,4,0.5,3.7539768590623517,0.01876988429531176,0.4142818745048171,0,6.564135788020865,85.22086001579342,0,1.4796989645313743,137.610472259225,137.610472259225,1,0,1,0,1,10,1,1,1098,0,10,4,,0.7857894962724697,0.41456268257016965,7,6.342360028353069,-0.3346740843590976,,,,,,1.1695254370151171,13.950336746978284,11.11111111111111,-38.649725293219056,0,22.738833385266613,10.624830982194952,23.472299670455563,20.406007197002843,,,,4934019
2025-07-11,136.12,137,135.2,135.35,136.1620789622313,137.27823463203464,134.8866762738446,132.51338487331086,132.0760355682875,131.09730233054194,0,0,0,0,135.38173948619738,127.47154021226264,97.06216174066688,29.842317108094356,2,34,134.43,134.04924255389082,134.8107574461092,132.52621276945405,137.58797999793916,136.20703986881637,,,138.01302978443678,132.4414794977066,0,0,0,2.4788482010574557,0.01239424100528728,0.15666516323464993,6,6.6598227176524025,71.55223680923385,0,1.658788307469381,137.58797999793916,132.4414794977066,1,1,0,0,8,10,1,1,1098,0,11,5,,0.18633243011375034,0.155884051312321,8,3.600878071862252,-0.0833875745088396,,,,,,0.7483445978268957,16.119480180330452,14.285714285714286,-30.128874176764796,0,23.070302632750796,10.019038287493297,22.481555060164446,21.53789546008964,,,,3123574
2025-07-14,135,139.468,134.7,138.57,136.9647193081542,137.68645887445888,135.23746900966893,132.75089919200454,132.14065212979708,131.51945540451567,0,0,0,0,135.51524410999616,127.61156584379688,98.1164688796757,19.738989373744502,2,35,138.57,136.20497919686687,136.99724302535537,132.23188937209196,139.49042738418538,139.49042738418538,,,141.47108695540663,134.80877519999999,1,5.5,0,4.8655336314577875,0.02432766815728894,0.5902166217450897,6,7.074895843074041,90.2819175407752,0,0.14522109792980764,,137.58797999793916,0,1,0,0,8,10,1,1,1099,0,12,0,,0.42442695191254226,0.5832445755975145,9,5.9388111361529825,-2.5445049766508294,,,,,,1.0816387429258938,17.727197673558237,18.253968253968253,-27.668176494598846,0,24.508158116924168,10.323420397249885,25.628232892297927,19.223265042322424,,,,4574983
2025-07-15,139.46,140.14,136.48,136.54,136.82314620543613,137.8975372294372,135.36151958017666,132.89949138055337,132.18442673547074,131.93936868797906,0,0,0,0,135.5454259510047,127.6924630104764,97.60262886244251,25.816107340367004,2,36,136.49,136.0894846510589,136.8905153489411,134.48742325529454,138.55,139.7843783967266,,,141.78695514143206,137.58797999793916,0,0,0,3.2950729311295404,0.016475364655647702,0.2634540833197377,6,6.807860620499776,77.10112804491871,0,1.0286746839772092,137.58797999793916,137.58797999793916,1,0,1,0,19,10,1,1,1099,0,13,1,,0.44305419958226827,0.2572261792294291,10,4.236075613009238,-0.5715774337795443,,,,,,0.8006838226959927,18.898142455878002,19.047619047619047,-19.865812166964737,1,23.583120971105988,10.820921795590628,25.035261762010595,17.65481369223874,,,,3315550
2025-07-16,136.94,137.15,135.42,136.71,136.78543080362408,137.94643116883117,135.4899462868265,133.04892309111992,132.2294573152173,132.3567631873877,0,0,0,0,135.5787846136399,127.7735333281688,98.60105995133128,29.01892551513631,2,37,136.49,136.10264646169756,136.87735353830246,134.5532323084878,138.55,139.73071847651852,,,141.87441415320976,133.5048182,0,4,0,3.388460314180744,0.01694230157090372,0.2666377050090999,6,6.694028533237578,87.50401281605474,0,1.0636278212548904,137.58797999793916,137.58797999793916,1,1,1,0,1,10,1,1,75,0,14,2,,0.14414782829311612,0.26334817085221723,11,6.914901594370589,-0.5514665941173171,,,,,,0.8025209959604522,19.92984389266856,21.03174603174603,-14.05399096219361,1,23.188795053766505,10.811576838086916,24.036935054402257,19.39411561198392,,,,3319660
2025-07-17,137.58,139.57,137.26,139.3,137.62362053574938,138.16337662337662,135.85280854522398,133.2940633620564,132.29981097377237,132.7861016471387,0,0,0,0,135.68775036466107,127.88163899243801,97.96374776741808,23.7235039636002,2,38,139.3,138.1647788572906,138.93522114270942,134.1782308583247,142.79,140.18669239914493,,,142.112798112692,137.58797999793916,1,2,0,5.291155727815355,0.026455778639076777,0.5982684369634665,0,6.249943389029746,81.86173365052991,0,0.6814051753333052,140.18669239914493,137.58797999793916,0,1,0,0,8,10,1,1,75,0,15,3,,0.40023019444094593,0.5927935128795595,12,4.352877432314896,-1.5434791151417901,,,,,,0.8583956012793986,20.078778210861284,21.03174603174603,-7.259255936722998,1,21.650438988457473,11.578043959737846,28.052586866711263,18.10850965689928,,,,3495943
2025-07-18,139.99,140.74,138.92,139.34,138.19574702383292,138.44289437229438,136.1849220171074,133.53115891648557,132.36986260587415,133.22321845665275,0,0,0,0,135.77678264531923,127.97261207420242,98.22156424304029,21.13714192262389,2,39,138.55,138.1760446531984,138.92395534680162,136.68022326599203,140.72046321557107,140.72046321557107,,,142.59023994957906,137.60541303278552,0,0,0.5,5.265652813192951,0.02632826406596476,0.5495388446460759,0,6.14274342460644,84.59974702289107,0,1.1608141100988758,140.72046321557107,137.60541303278552,1,1,0,0,8,10,2,1,75,0,16,4,,0.2893418908849005,0.5444637743643743,13,5.120972692856574,-1.5326239062946558,,,,,,0.7389926590146335,19.972534343655113,20.634920634920636,-6.140080395372234,1,21.27908741855599,12.623215301541348,29.627075172854386,17.32161548773865,,,,2983076
2025-07-21,139.32,139.8,137.96,138.07,138.15383134922195,138.64617186147188,136.36445325357334,133.70915268446652,132.42658039089034,133.6575124582555,0,0,0,0,135.82624474430887,128.04459053252813,97.90665081792648,26.795262394105126,2,40,136.99,136.62632717796996,137.35367282203006,135.17163588984974,140.910473816631,138.55,,,140.36836411015028,134.80877519999999,0,0,0,4.261545976987162,0.021307729884935813,0.3308863412072425,0,6.229120662119969,77.82568006724392,0,2.156044432875987,137.60541303278552,137.60541303278552,1,1,0,0,8,10,1,1,75,0,17,5,,0.11115184123025137,0.32621416732554864,14,4.495849672444699,-0.5373510632666473,,,,,,0.714939476900593,19.63595242303574,19.841269841269842,-9.001422253906966,1,21.57830694653774,13.143425170435716,28.288700427169726,18.896034650127852,,,,2697580
2025-07-22,138.64,140.02,136.86,139.43,138.5792208994813,138.91277099567102,136.65641008656635,133.93349963801685,132.49626615814515,134.09527412928654,0,0,0,0,135.90480590589738,128.1278344867669,98.21478390851055,22.69277307555408,2,41,139.43,138.18408952240068,138.91591047759934,133.93271617920533,141.0663789666007,141.0663789666007,,,142.89593135459737,137.60541303278552,1,4,0,5.233154143060062,0.026165770715300313,0.48767237494681187,0,6.1487688879538,84.63045863811455,0,0.29767045325379177,141.0663789666007,137.60541303278552,0,1,0,0,8,10,1,1,75,0,18,6,,0.24440912567880202,0.4829695590648002,15,5.160293311244088,-1.5291407526314684,,,,,,0.7533013711834463,19.027306849860263,18.650793650793652,-10.669754125559711,1,21.29996023586953,13.129216592041812,26.10744155321106,20.123123690056232,,,,2787224
2025-07-23,139.62,140.93,138.1,139.83,138.99614726632086,139.21827359307363,136.95865674498862,134.16473494632993,132.5692386341835,134.5369266762593,0,0,0,0,135.9949073306102,128.219322625721,98.34922471234765,20.531082591455252,2,42,139.83,138.18495812794347,138.91504187205655,135.17966502354778,141.37522377752367,141.37522377752367,,,143.2004331378063,137.60541303278552,1,4,0,5.4769578830064205,0.031829233859476544,0.4981469373476946,0,6.074933919706011,84.48069055518059,0,0.3322822517836169,141.37522377752367,137.60541303278552,0,1,0,0,8,10,1,1,75,0,19,7,,0.29538844996394165,0.4943111171037081,16,5.124793071276813,-1.5486913083737517,,,,,,0.8348777533765256,18.067594085003556,16.666666666666668,-14.144495673045062,1,21.04418840310872,13.421845660985236,26.526080915339634,18.730219879312976,,,,3003828
2025-07-24,139.46,142.63,138.82,141.62,139.8707648442139,139.73576103896107,137.40259419784684,134.45709828176797,132.65929596120657,134.99046113330533,0,0,0,0,136.12375610408915,128.3254714695684,98.694812416961,11.386252425689886,2,43,141.62,138.17701469023325,138.92298530976677,135.83611752186582,,144.75,144.37701469023324,145.12298530976676,146.61492654883386,137.60541303278552,1,5.5,2.5,6.754674803500999,0.04266226290639388,0.6936618096809163,6,5.694786369913029,93.52130644368526,0,0,,137.60541303278552,0,1,0,0,8,10,1,1,75,0,20,8,,0.45219219583702136,0.6864520806828135,17,5.742355631516275,-4.593853793315195,,,,,,0.8609912616631608,16.806145354544146,13.095238095238095,-14.807756479245873,1,19.72731866188019,14.225906001603603,28.17627113892808,17.021943635116692,,,,3067742
2025-07-25,142.46,142.53,141.18,141.31,140.3505098961426,140.34595411255413,137.77472808376618,134.72583952562022,132.74537261830898,135.4494787796457,0,0,0,0,136.21876947836066,128.40873068819752,98.83542251386619,7.289640655174589,2,44,139.25897435897437,138.55,139.34,137.11641170658058,141.90296933323458,141.90296933323458,,,143.69495470000888,137.64227459464834,0,0,0.5,6.451921609589685,0.04559294138128176,0.5885973530292252,6,5.002891875700653,92.37251731642388,0,1.2340339132235825,141.90296933323458,137.64227459464834,1,1,0,0,8,10,2,1,75,0,21,9,,0.5866792482411195,0.5787674219272774,18,5.6549240617739045,-4.10899872987661,,,,,,0.728447737679446,15.326439258952568,9.126984126984127,-11.563910916669029,1,17.33052582697418,14.972533460749226,27.228649849544418,16.449463476340828,,,,2499368
2025-07-28,141.3,143.3,141.0201,142.16,140.95367326409507,141.00470865800864,138.19237302816938,135.01737523049786,132.8390505027039,135.91486967197247,0,0,0,0,136.3386145466476,128.50710751765683,96.68192809472815,8.251324162878586,2,45,142.16,138.55,139.34,137.13738587039623,142.53152504471026,142.53152504471026,,,144.29729270671498,137.64227459464834,1,0,1.5,7.016723969361975,0.05286139762458765,0.6478739621537171,0,5.003110141093774,81.0420350139406,0,0.07397045345778477,142.53152504471026,137.64227459464834,0,1,0,0,8,10,1,1,67,0,22,10,,0.3384784784752377,0.6350449893955349,19,3.3591143347990267,-2.6105328751362498,,,,,,0.8446986032171457,13.63455270072722,6.349206349206349,-21.329808358725728,0,17.33128192047502,15.908798473018049,27.60589879165316,15.50129402546839,,,,2808615
2025-07-29,142.17,143.09,136.38,136.84,139.58244884273006,141.07091645021643,138.06357559691517,135.0888507116548,132.8788609454631,136.34984363711115,0,0,0,0,136.35289791059273,128.59287435414868,94.29299092636472,88.53786846002086,2,46,134.68420464943975,134.29636565506743,135.07204364381207,132.74500967757822,137.64227459464834,136.86,,,138.79919497186154,133.93863659199104,0,0,2.5,2.9810152091555544,0.014905076045777772,-0.12087835591740267,6,6.206269540640869,46.36654429566334,0,1.525411311462406,137.64227459464834,133.93863659199104,1,1,0,0,8,8,1,1,67,0,23,11,,0.015798121867898963,-0.13160909306418514,0,3.2996157040164436,3.1658422139382725,,,,,,1.2202704432370848,13.548139311871394,5.9523809523809526,-36.982902309462155,0,21.49914833971428,14.84025564886686,23.341528423779746,23.78888985206867,,,,4082808
2025-07-30,135.9,136.525,133.92,134.75,137.97163256182003,140.45041904761905,137.74799696863752,135.07556244845264,132.89747924451322,136.74153327732645,0,0,0,0,136.31466330862233,128.6467585082992,85.96211193987872,68.1611904279522,4,0,134.27758992140753,133.8913822837761,134.66379755903895,132.3465517332504,137.64227459464834,136.31466330862233,,,138.24570149677945,133.81224742631005,0,5,0,1.393947248674592,0.006969736243372961,-0.3875849479090043,6,6.004786259653097,42.156784333978926,0,1.742422648022252,137.64227459464834,133.81224742631005,1,1,0,0,8,8,0,1,67,0,24,12,,-0.21167410863385086,-0.39678248715058556,0,2.0090348057652125,2.4674790380673164,,,,,,1.0532961235725526,12.65869118001191,5.158730158730159,-39.144388789698255,0,20.80118978062129,14.658680033571061,21.765829416943145,27.870161363226714,,,,3502159
2025-07-31,134.75,135.8,132.12,132.41,136.11775504121334,139.1411696969697,137.23961630495776,134.97103058772902,132.89262870476682,137.07768723132338,0,0,0,0,136.21421895637096,128.68286353367623,46.06519768245935,83.01132331318954,4,1,130.67690000000002,,,128.71950739671126,133.04918580315015,132.50952500000002,132.11804647934227,132.90100352065778,134.46691760328878,128.7030782,0,0,0,-0.3631719151549244,0,-0.6642008948387818,6,6.247556702948088,8.27800996538162,0,1.9446516726407126,133.04918580315015,128.7030782,0,1,0,1,10,19,0,1,67,0,25,13,,-0.6879257227377522,-0.6708932035652445,0,-3.1894431234252147,4.917903513758561,,,,,,1.145085583342766,13.829806394397043,7.5396825396825395,-36.09787934475441,0,21.642171265347173,15.008828230610636,19.93900385993658,29.636309305693622,,,,3876548
2025-08-01,130.04,130.36,126.92,128.02,133.4185033608089,137.02488744588746,136.3615576092475,134.6984411529161,132.8441448370577,137.33411605699598,0,0,1,0,135.94596167278218,128.67460050000324,28.141628004653175,75.246661903703,4,2,126.92,,,124.85733186837473,131.71366,128.89780000000007,128.48526637367502,129.31033362632513,130.96046813162536,124.20902179999999,0,11,2.5,-3.6314320386305625,0.01478257589851581,-1.195389680566143,4,6.956025067565001,9.444190171966667,0,2.2731617016381334,131.71366,124.20902179999999,1,1,0,0,10,8,0,1,71,0,26,0,,-1.1182606071881265,-1.2010143572338985,0,-2.457636374659768,5.1357933921001475,,,,,,1.4535277868778724,15.163003906610689,9.523809523809524,-37.073513233689745,0,24.096377671490625,16.510985260831827,17.569821857771423,37.36937289977613,,,,5100383
2025-08-04,129.1,131.13,128.83,130.96,132.59900224053928,134.92316103896104,135.84712355122394,134.55183561750763,132.82539712723624,137.5337052834157,0,0,0,0,135.78260904678416,128.70370177404675,36.695054861453585,94.55224848842917,4,3,130.5689977469051,,,128.5148237675388,132.8519628304776,132.45847500000002,132.04764020412676,132.86930979587328,134.51264897936633,130.16068215450147,0,4,0,-1.4043979295987592,0,-0.679147054179104,4,7.3987021271633155,16.551183413025555,0,1.1185969974205354,132.8519628304776,130.16068215450147,0,1,0,0,10,8,0,1,71,0,27,1,,-0.7239346279146402,-0.6977105618693457,0,0.1858186892129412,5.408361556458315,,,,,,1.4678004950371333,16.38167432787984,12.698412698412698,-36.08362709822716,0,25.62985598862958,17.598454664622977,18.05571959241588,34.84361943725968,,,,5277192
2025-08-05,131.12,132.16,129.28,129.96,131.7193348270262,132.90973203463201,135.28644511777404,134.37176363250734,132.7968857130349,137.67520029850485,0,0,0,0,135.51762312999548,128.726559064521,27.3577547613452,98.4443339383853,4,4,129.00869988374683,128.60149614472166,129.415903622772,126.97268118862097,132.8519628304776,129.96,132.225,133.25633247805035,135.4176299122014,129.1421133534493,2,0,4,-2.136259218582284,0,-0.7487720785215838,4,7.4140385215707285,13.02320444440776,0,0.1498611411378758,132.8519628304776,129.1421133534493,1,0,0,0,10,8,0,1,71,0,28,2,,-0.9612818685074853,-0.7804915317009763,0,-0.8620621551561722,5.350116615174533,,,,,,2.0093701138727607,17.515857057190004,16.666666666666668,-31.799755574286014,0,25.682982817266687,18.198130504138156,19.173963068903944,32.64329881232029,,,,7679968
2025-08-06,130.675,131.29,128.3,130.5,131.31288988468413,131.20493506493509,134.83059320179555,134.21992976456588,132.77403112882558,137.7670638496394,0,0,0,0,135.20500098407004,128.77244902986382,75.62950955076808,76.33419673026594,4,5,128.7603407505218,,,126.73626981933349,132.8519628304776,130.9111,130.50628581376233,131.31591418623768,132.93517093118834,128.35235088616417,0,3.5,7,-1.712707755795392,0,-0.6040435819698926,4,7.443750413731729,48.9750338389336,0,1.2641598050783658,132.8519628304776,128.35235088616417,1,0,0,0,8,8,0,1,71,0,29,3,,-0.9518649278783692,-0.6351180173655916,0,1.949964736586126,1.3814532260690715,,,,,,2.6907602645812294,18.570464071291777,18.650793650793652,-27.98212033843866,0,25.78590783089041,18.980953112961537,17.909490743322742,32.65204481243949,,,,11212805
2025-08-07,120.38,123.3899,117.2803,120.03,127.55192658978942,128.74476320346324,133.42101289686263,133.66346193066133,132.64722484893676,137.7500971445425,0,0,1,0,133.86001064714316,120.03,2.0451260958182433,26.51337577467376,4,6,119.67,119.17606807706503,120.16393192293498,117.20034038532513,124.3471,124.3471,123.85316807706502,124.84103192293497,126.81675961467487,115.32999,0,11.5,4,-9.511864920887481,0.14474295720852998,-2.0189697264817026,4,10.99275183179363,3.4974984296283793,0,3.6511549795849545,124.3471,115.32999,1,1,1,0,20,6,0,1,87,0,30,0,,-2.15794365766824,-2.099792628083744,0,-4.718729938820526,6.699807927479406,,,,,,3.649643855493299,36.31100191515159,50.79365079365079,-4.645501640342331,1,38.08000937532482,21.433878545607072,13.62972775904285,44.76909497208201,,,,17502062
2025-08-08,120.57,122,119.3,121.02,125.37461772652628,126.00956406926407,132.23996404954238,133.1676398941648,132.53153106934533,137.64141956993862,0,0,0,0,133.4941747398779,120.27613705299694,14.42440331270979,37.91036305917213,4,7,120.27613705299694,119.79337883884304,120.75889526715085,117.86234598222742,127.4413472,128.39809919410985,127.4413472,129.0108000000001,130.94183285661572,122.35693530968032,0,6,2,-8.685880994857055,0.13081354306168075,-1.7038488106719882,4,11.073094275598947,6.184899462461168,0,2.374919974317703,127.4413472,122.35693530968032,1,1,0,0,10,6,0,0,85,0,,1,,-2.046508344493446,-1.8027913972687353,0,-5.8104405935434364,3.404762310508791,,,,,,1.1749515161770605,46.84105264362779,61.111111111111114,22.114441003714546,3,38.358323764674935,23.71159501877793,12.94911004077765,42.53349351272929,,,,5791263
2025-08-11,120.01,121.3,118.14,118.3,123.01641181768419,123.08654155844155,130.91234842577643,132.58459519243286,132.3899237950235,137.43558037494827,0,0,0,0,133.0178794670202,119.84097776497912,7.371984637982403,26.087571621119665,4,8,112.05,111.57351022971423,112.52648977028576,109.66755114857116,124.3471,119.67,119.19351022971424,120.14648977028577,122.05244885142884,112.05,0,0,3.5,-10.642746359487768,0.17375345878217974,-1.9356584356656243,4,10.75538966418665,4.13256609847835,0,3.1983897557465037,124.3471,119.55138716966754,1,1,0,0,10,6,0,0,85,0,,2,,-2.390027670257438,-2.071719906484723,0,-7.217014637390285,3.6050985957476946,,,,,,1.3079609031928947,54.53199726235384,65.47619047619048,46.36412199784692,3,37.25776270714488,25.959909570138233,12.182357188524152,42.18860079324442,,,,6577841
2025-08-12,118.96,122.1899,118.15,121.61,122.54760787845612,120.75307402597403,130.0264104804644,132.15421891037667,132.28266087168993,137.16640108915522,0,1,0,0,132.6858211949082,120.14872980211828,4.566346001051018,53.81084959641608,4,9,117.67054360183097,117.19201827942275,118.14906892423919,115.2779169897899,127.4413472,132.097225,,,134.48985161204106,117.91276207780457,0,0,0,-8.068072415055273,0.07719572915691855,-1.3163436359025067,4,11.290650527421455,14.707654325549953,0,5.9284064010703394,127.4413472,117.91276207780457,1,1,0,0,10,8,0,0,85,0,,3,,-1.6175658332553484,-1.4112287538687762,0,-4.922254165691117,0.8426385120587205,,,,,,1.2149899089011824,60.399704945941345,70.23809523809524,54.42770912455648,3,39.111960727996596,27.693220896670635,12.924490164034228,39.008486052419286,,,,6291042
2025-08-13,122.3,124.768,121.7,124.55,123.21507191897075,119.51109220779219,129.50484757756303,131.85601424722464,132.20571897246913,136.86334640617505,0,0,0,0,132.44291266052355,120.83250605145167,29.13152294286217,78.1083994056024,4,10,120.83250605145167,119.88742330983642,120.83250605145167,117.99725782660592,128.815,128.50573879310352,128.0331974222959,128.97828016391114,130.86844564714164,120.10249999999999,0,0,0,-5.790762330079971,0.015956730740548153,-0.7814731899464213,4,11.659256587584013,40.838937713870564,0,3.5566150657841775,128.815,120.10249999999999,1,1,0,0,10,8,0,0,85,0,,4,,-1.1276538459243852,-0.8420674916324311,0,0.6375177461650603,1.294455540466124,,,,,,1.2445602764132746,64.81574780988883,73.41269841269842,60.47931171536444,3,40.38884957635528,28.329435602052722,17.0245555889014,36.68085918500499,,,,6651486
2025-08-14,123.495,125.58,122.4356,124.64,123.6900479459805,119.11137445887445,129.04152876065226,131.5730332963531,132.13043818667342,136.53708240013347,0,0,0,0,132.28146259704545,121.20964031459341,41.160943710123966,77.11936390232238,4,11,121.20964031459341,120.27591348309353,121.20964031459341,118.40845982009378,128.815,128.48684514519059,128.01998172944064,128.95370856094053,130.8211622239403,120.10249999999999,0,1.5,3,-5.668972486181383,0,-0.7124106492612998,4,11.41530548558029,40.049552105467846,0,3.591776464952812,128.815,120.10249999999999,1,1,0,0,10,8,0,0,85,0,,5,,-0.9004555089457036,-0.761910219125459,0,0.6103842561738504,1.3664507153720633,,,,,,0.8708504854406294,68.42453895060233,75.7936507936508,73.03490490118094,3,39.54377816988955,28.628981660941548,17.553694505140463,34.47504247956709,,,,4706944
2025-08-15,125,126.345,124.33,125.1,124.160031963987,119.36759826839827,128.66614506916156,131.31918885335884,132.0604835778508,136.19762877502808,0,0,0,0,132.1479368579823,121.53313349915084,33.62359840813974,83.40231866085841,4,12,121.17394004974526,120.2709258490668,121.53313349915084,118.46489744770989,128.815,128.8026632653062,128.35115616496697,129.25417036564542,131.06019876700233,120.10249999999999,0,0,4,-5.27067854764255,0,-0.592187804182838,4,11.438591306842751,23.16126614000908,0,3.85383231349831,128.815,120.10249999999999,1,1,0,0,10,8,0,0,85,0,,6,,-0.3914410921532381,-0.6253709728455978,0,-0.9486538082793725,2.7036452539438938,,,,,,0.7877116490005931,71.11636396682457,80.15873015873017,79.47599830527813,3,39.624442620934644,28.62890280172839,18.367028209820862,33.10132554070406,,,,4309834
2025-08-18,124.625,125.89,124.46,125.49,124.60335464265799,119.97651428571427,128.36365506257474,131.09059321205063,131.99510563180252,135.8533835959401,0,0,0,0,132.03540073095195,121.81565949595527,37.65337105409463,80.22283748647004,4,13,121.25869784878657,120.82667339847157,121.69072229910157,119.09857559721158,129.94,128.99731428571434,128.75560000000007,129.86136318634433,131.58946098760433,121.55499999999999,0,1.5,6,-4.928293061068774,0,-0.4857264322132796,4,11.461786829084062,35.49035335294922,0,2.871100729093767,129.94,121.55499999999999,1,1,0,0,10,8,0,0,21,0,,7,,-0.671415922436166,-0.5143869756046405,0,-0.007725816879421199,1.4343479366023795,,,,,,0.7199293902409714,72.96891395892963,81.34920634920636,83.77859728538184,3,39.70479426699474,28.62882957531617,17.824217282914212,32.123063788539866,,,,3985329
2025-08-19,125.35,128.08,125.27,126,125.06890309510533,120.83965541125539,128.13854505661524,130.8909621056957,131.93545283944627,135.51150875941767,0,0,0,1,131.94116766838917,122.07841275049425,36.03627695294753,88.85319780390739,4,14,121.33752382514827,121.02,122.07841275049425,119.31498061311572,129.94,128.97630204081642,128.7292000000001,129.82881173425855,131.53383112114284,121.55499999999999,0,1.5,10.5,-4.498755044005639,0,-0.3689842759169549,4,11.399243159525428,16.787254529990044,0,2.901746884484788,129.94,121.55499999999999,1,1,0,0,10,8,0,0,85,0,,0,,-0.5085326226058288,-0.3901670002278417,0,-0.41955890889214587,4.695783704355418,,,,,,0.6698053804162366,74.0639441297791,82.14285714285714,87.55998745777079,3,39.48813664026003,27.811880508186626,21.362382946985853,30.23230587315528,,,,3739757
2025-08-20,125.04,126.6,123.815,124.96,125.03260206340354,121.76815757575756,127.83582647979475,130.65837535645275,131.8660453485065,135.16736180121728,0,0,0,0,131.82373908714754,122.2639235277441,34.91657687843811,87.15837972219708,4,15,121.39317705832323,121.02,122.23452534509093,119.3373034264646,128.815,131.804375,131.38370085661614,132.22504914338384,133.90774571691924,121.55499999999999,0,0,2,-5.237167255797079,0,-0.5062775706170958,4,11.372181321346137,28.436997064711772,0,4.872833361021595,128.815,121.55499999999999,1,1,0,0,10,8,0,0,85,0,,1,,-0.688874169834608,-0.5272487097438768,0,-0.4564789920660055,2.181908824001735,,,,,,0.7268255966383279,74.61073716091289,82.53968253968254,89.39431216873379,3,39.39439168291455,27.407052324041558,20.099651332507833,31.533428069927446,,,,4097880
2025-08-21,124.96,126.49,124.47,126.43,125.49840137560237,122.91649220779217,127.70193824362381,130.49255671502323,131.81195534503877,134.83364995158982,0,0,0,0,131.75562674247152,122.45833391281681,55.43716245444523,78.16980486853879,4,16,121.1607894736842,120.75212776911349,121.56945117825492,119.11748095083061,129.94,131.762575,131.3539132954293,132.1712367045707,133.80588352285358,121.55499999999999,0,1.5,0,-4.083055539955111,0,-0.23073212738752572,4,11.355272660165312,51.03671410628941,0,4.995611228472065,129.94,121.55499999999999,1,1,0,0,8,8,0,0,85,0,,2,,0.7094100668820608,-0.24699256876954748,0,1.9738192766735612,0.8981408850777873,,,,,,0.552401115736458,74.7164115758168,83.33333333333333,89.94497810479129,3,39.33581836240824,27.031140438763995,19.212581258113683,30.14174420829485,,,,3115793
2025-08-22,127.17,130.425,126.32,129.92,126.9722675837349,124.46281515151513,127.91318222042155,130.4701035105125,131.79312991871998,134.53367670798667,0,0,0,0,131.72229522237723,122.9356555947525,54.45998836014472,64.52590313739695,4,17,128.88430000000008,,,126.80368315735032,132.01658679574865,131.72987500000002,131.31375163147007,132.14599836852997,133.81049184264978,126.39837999999999,0,1.5,0,-1.4212652206341871,0,0.3477039263910967,4,11.820654717642434,50.08183974057904,0,2.562458829858423,132.01658679574865,126.39837999999999,1,1,0,0,8,8,0,0,85,0,,3,,0.9988436518326251,0.33210969681746805,1,0.6260513915027381,-0.13295504492590826,,,,,,0.794464633581889,74.08134304198938,82.53968253968254,80.91588143330868,3,40.94794909937087,25.30392194592824,25.963505763450556,27.4868854973313,,,,4563120
2025-08-25,129.44,130.03,128.09,128.15,127.36484505582327,125.94258658008657,127.93573629466711,130.37911905911986,131.7568798697775,134.25656987425265,0,0,0,0,131.68070143579473,123.1434393332318,52.800637641942245,74.02856708391221,4,18,125.04079210526315,124.6370704059139,125.4445138046124,123.02218360851694,131.71366,128.9540000000001,128.55027830065086,129.35772169934933,130.9726084967463,124.87500999999999,0,0,5.5,-2.737526779127103,0.016711225555161385,0.02211137679206548,4,11.806030655934844,43.31856723584993,0,2.0206939614962707,131.71366,124.87500999999999,1,1,0,0,8,8,0,0,85,0,,0,,1.133689804441291,0.006289731751390815,2,0.5008792103826454,1.985006384866766,,,,,,0.5147514876591256,73.05787782520176,81.74603174603175,78.63745511959738,3,40.897289863589734,23.70007620258076,24.84955768666798,26.307577759945616,,,,2960456
2025-08-26,127.715,128.8,126.4,126.89,127.20656337054885,127.04009393939393,127.83614236184167,130.242290860723,131.70845320440657,133.99035120131796,0,0,0,0,131.6000190375556,123.35091982311165,34.01688886627265,75.34426491033436,4,19,125.1,124.70368699346142,125.49631300653857,123.1184349673071,131,131.63162499999999,131,132.225,133.81025202615433,123.4,0,0,2,-3.6584236525263174,0,-0.1907491948208097,4,11.304523416305592,25.09116865997785,0,3.778354395304747,131,123.4,1,1,0,0,10,8,0,0,84,0,,1,,0.5526612734652706,-0.2071641231579444,0,-1.8485751197680895,1.4056124672941146,,,,,,0.7555173139413355,67.76786234844246,75,73.05370659343278,3,39.16001782478676,22.71694965752518,23.505946669436998,28.692548090700736,,,,4355456
2025-08-27,127,130.15,126.92,129.85,128.08770891369923,128.02328614718618,128.02793832738055,130.2269069054005,131.68996113272092,133.75021340411652,0,0,0,0,131.5744759358226,123.65276170031133,56.815909808501466,76.14257687883078,4,20,129.15370000000007,,,127.16813961249952,132.01658679574865,131.57632499999994,131.17921292249983,131.97343707750005,133.5618853875005,126.39837999999999,0,3.5,0,-1.3971916438387921,0,0.3006311326282845,4,11.539488468681526,50.261864603409556,0,2.6078003129977847,130.425,126.39837999999999,1,1,0,0,8,8,0,0,212,0,,0,,0.5372489242024757,0.2868638975607785,1,2.2565318855611745,1.4266353074892357,,,,,,0.6625912725647862,59.905443307277814,69.84126984126983,49.861165480814755,3,39.97396064222316,21.340400267399026,24.818337363868363,26.589469026802874,,,,3830632
2025-08-28,130.19,130.59,128.82,130.46,128.8784726091328,128.91415714285714,128.2595632485824,130.23604781107107,131.67772271348986,133.53398462074696,0,0,0,0,131.55915966836943,123.94177526429381,70.88815569961682,86.5462866397461,4,21,129.77225112611657,,,127.84949862343748,132.01658679574865,131.49177499999993,131.1072244994641,131.87632550053576,133.41452750267902,127.07193819999999,0,3,0,-0.9247750404519245,0,0.3629856264799905,4,11.435599595672423,42.79066571745266,0,2.2987029239808625,130.425,127.07193819999999,0,1,0,0,8,8,0,0,212,0,,0,,0.5949056632982307,0.35022352727134853,2,2.748664890199919,4.43207009844441,,,,,,0.6337707733459959,50.70538518712527,63.888888888888886,27.998394584525766,3,39.61407902943749,19.91215508723259,24.81999846062411,25.49674239550902,,,,3657057
2025-08-29,129.92,131.11,129.21,130.53,129.42898173942189,129.74318095238095,128.47579532014598,130.24757534789183,131.66630258698746,133.3383039035013,0,0,0,0,131.54332068593715,124.24525723851275,59.81958858857608,91.74832315471133,4,22,129.92116236900551,,,128.05092790223208,131.95828927434675,131.47137499999994,131.09732810664525,131.84542189335463,133.34160946677338,127.07193819999999,0,1,2.5,-0.8630170094103905,0,0.33056167056254854,4,10.897570960382089,21.217307775718897,0,2.352345055211142,130.425,127.07193819999999,0,1,0,0,8,8,0,0,212,0,,1,,0.5433600646626732,0.3188987203696131,3,0.37337395207836366,4.432233909796424,,,,,,0.7267515435615519,49.551246687871945,62.698412698412696,31.260561266037218,3,37.75029316493788,18.57613605690954,24.935578003562767,24.340379301829184,,,,4159392
2025-09-02,128.42,129.23,126.46,127.59,128.81598782628126,130.16676753246753,128.39143386108447,130.14335670679802,131.6257423622413,133.14346638782385,0,0,0,0,131.48288880021303,124.39376620103438,35.428427110094816,94.34788531987716,4,23,123.96933765360916,123.5856691097798,124.35300619743852,122.05099493446238,130.425,127.59,131.03865645617057,131.80599354382926,133.34066771914667,124.20902179999999,2,0,0,-3.0660737708393864,0,-0.1892654537421563,4,10.891937476636805,11.465532632770888,0,0.5879279355235841,130.425,124.20902179999999,1,0,0,0,10,8,0,0,212,0,,2,,0.1559636375130816,-0.19768314897198308,0,-2.3425869802784822,4.430921229882415,,,,,,0.7400470417338045,50.00116504235067,63.492063492063494,32.5208951984819,3,37.73077820479699,18.069981761255274,22.573796960795402,28.434655911882917,,,,4195459
2025-09-03,127.42,127.75,124.46,124.9,127.51065855085417,129.9265545454545,128.058916350505,129.93773487515887,131.55881955266676,132.93289742100194,0,0,0,0,131.33592542814716,124.4252542009517,28.424488502818306,96.1407023657421,4,24,123.97773445358712,123.59209580574557,124.36337310142866,122.0495412143794,128.815,124.9,129.0580683254787,130.04,131.07021836546468,121.55499999999999,2,0,0,-5.061477121266689,0,-0.6192508900140918,4,11.05955524100439,12.867423742065377,0,0.5421201976776557,128.815,121.55499999999999,1,0,0,0,10,8,0,0,212,0,,3,,-0.21508801987128398,-0.6269143427259914,0,-1.2930126392637986,4.9645892182205325,,,,,,1.1194344611627207,50.46243447009196,64.28571428571429,31.716418474281944,3,38.31142317306852,18.165641566363753,20.85429791827248,30.899259170976542,,,,6267199
2025-09-04,124.65,125.65,123.18,125.37,126.79710570056945,129.28370952380953,127.80282907902833,129.7586080173095,131.49723925861036,132.71080836826312,0,0,0,0,131.20712297499688,124.47997220055656,23.858177306973445,97.36393874580091,4,25,123.99232592014843,123.61217931858128,124.37247252171558,122.09159291231269,128.815,129.81562656145687,129.05533335832257,130.04,131.56058640626858,121.55499999999999,0,2,0,-4.659595359686725,0,-0.48997502437071794,4,11.057349955975635,10.895036813999319,0,4.733992352900364,128.815,121.55499999999999,1,1,0,0,10,8,0,0,212,0,,4,,-0.04201555307309788,-0.4984738168535831,0,-1.468207733095653,5.480466701929775,,,,,,1.1583644967778735,51.44353357933191,65.87301587301587,34.30405150576698,3,38.30378384163857,18.588836527988086,19.644470586297516,32.11304911869111,,,,6194499
2025-09-05,125.37,127.3852,122.82,123.81,125.80140380037963,128.23992467532472,127.4225596429304,129.52532927153266,131.42074931573862,132.46903201508607,0,0,0,0,131.09722019280778,124.4539198141066,28.708650722276943,97.80588453836225,4,26,119.79523092884422,119.40147694167473,120.18898491601371,117.82646099299676,127.4413472,123.81,129.13157528436315,129.91908325870216,130.56867867499565,120.10249999999999,2,0,2,-5.7911321883074764,0,-0.7072683025076767,4,7.128212022430549,14.873660919416196,0,0.5485539671705721,127.4413472,120.10249999999999,1,0,0,0,10,8,0,0,212,0,,5,,-0.390017257583024,-0.7144289054658516,0,-0.4706715794145051,5.188851115272483,,,,,,0.9228633146606511,55.625041164743415,69.04761904761905,125.26779779481178,3,24.692850779946024,18.288932361507655,21.545563872500335,28.788763238109958,,,,4327197
2025-09-08,124.24,126.08,123.06,124.62,125.40760253358643,127.13796839826841,127.15564920074655,129.33296341774707,131.35308016831834,132.21467188603194,0,0,0,0,130.99295027744677,124.46073960653393,37.29809293291798,97.37927987758725,4,27,124.46073960653393,124.06814661844798,124.85333259461989,122.49777466610415,128.815,131.25072499999993,130.46553902382803,131.25072499999993,132.82109695234377,120.10249999999999,0,1.5,3.5,-5.125940069079797,0,-0.5137751941779558,4,7.113583166365796,20.550768475829592,0,7.099098390900852,128.815,120.10249999999999,1,1,1,0,10,8,0,0,212,0,,6,,-0.6790563907627908,-0.5214805322816486,0,0.2201719351624547,4.433278519504499,,,,,,1.0275148708291708,58.79267930853569,71.42857142857143,138.58559344364704,3,24.642174936024492,18.0104499212044,20.06575970440783,26.811477700999554,,,,4765180
2025-09-09,124.12,124.78,123.6,123.81,124.87506835572428,126.05479913419916,126.83701594353259,129.11637661705112,131.27802464425548,131.94340321801278,0,0,0,0,130.90646331042632,124.44111941598663,19.81723419142833,97.42508067540115,4,28,121.41501089438664,121.03992454830683,121.79009724046645,119.53957916398755,127.4413472,123.81,128.7412902709713,129.49146296313094,129.8113815372771,121.41501089438664,2,0,0,-5.688708879108098,0,-0.6071957652010292,4,6.707219592493916,6.2863438579341135,0,0.39907296190670105,127.4413472,121.41501089438664,1,0,0,0,10,8,0,0,212,0,,7,,-0.5764877788775888,-0.6120164600291286,0,-4.537237861904337,4.688910464261403,,,,,,0.8036403480252337,61.88418502075015,74.60317460317461,166.3462138640507,3,23.234490223441764,17.75185908377995,19.50213718553733,26.058376257591053,,,,3607594
2025-09-10,123.81,124.44,122.63,123.41,124.38671223714952,125.0203800865801,126.51063347271996,128.89259714187264,131.1997358418251,131.6540741108162,0,0,0,0,130.78892479977256,124.40156837318979,18.37844357911993,97.98797815248525,4,29,121.79531630602952,121.43086112752682,122.15977148453221,119.97304041351607,127.4413472,123.41,128.52814196336996,129.25705232037532,129.90333758197718,121.79531630602952,2,0,0,-5.937310614113147,0,-0.6224330144069901,6,6.170544632331557,10.736934597640982,0,0.24866775731053464,127.4413472,121.79531630602952,1,0,0,0,10,8,0,0,212,0,,8,,-0.4816215256583518,-0.6271905646328689,0,-1.6798802844037608,5.446151236171913,,,,,,1.0814559256702294,64.04314836893542,75.7936507936508,199.61155095465847,3,21.375393627139346,17.828211050647795,18.637371130322812,27.279238194443945,,,,4772621
2025-09-11,123.695,124.5,122.65,123.05,123.94114149143302,124.05592857142855,126.18104933246092,128.66347568532862,131.11864394290146,131.34773069624308,0,0,0,0,130.65792052327814,124.3469344071738,43.51299305153573,98.24528164219421,4,30,121.5584908591894,,,119.78378824471264,127.4413472,123.05,123.05505947710465,123.76494052289534,127.33952418316282,121.5584908591894,2,0,3,-6.1536969116422,0,-0.6313703029211665,4,5.675367198232382,22.429105158657343,0,0.34770969392480433,127.4413472,121.5584908591894,1,0,0,0,10,8,0,0,212,0,,9,,-0.8392587491084835,-0.6333411148304832,0,1.4849235760013961,5.401790123716194,,,,,,1.2069757423313063,65.35007281102946,76.58730158730158,232.4003611674734,3,19.660048677896626,17.869950232913897,17.92097503329948,26.00974505292783,,,,5241465
2025-09-12,123.07,123.45,121.84,122.55,123.47742766095534,123.15998354978353,125.83523511032178,128.42373154080593,131.0333838041661,131.02370124198256,0,0,0,0,130.5223859787097,124.27683220131705,51.23902644090757,87.26176559214338,4,31,121.22759660456528,,,119.50778346255113,127.4413472,122.55,123.3730141157832,124.06093937258888,126.20170102722263,121.22759660456528,2,2.5,3,-6.474215621909618,0,-0.6607018544247332,4,5.683777931869633,42.588630640236914,0,0.3621335332702465,127.4413472,121.22759660456528,1,0,0,0,8,8,0,0,212,0,,10,,-0.9536825281753114,-0.6608810989655739,0,0.923361545554283,1.3773272860774965,,,,,,1.2044233965733127,68.91203676643374,79.76190476190476,249.99944978865932,3,19.68918431387392,18.185947345841818,17.172015713794636,27.02533271197241,,,,5263923
2025-09-15,122.91,122.98,119.76,120.37,122.4416184406369,122.18821645021644,125.31473652838636,128.10789893136257,130.92728048273162,130.670967775186,0,0,0,0,130.29974833378296,124.08256760071394,92.84944695653516,80.74191401197047,4,32,119.67,119.32185613076881,120.0181438692312,117.92928065384402,124.3471,123.93490697674419,123.41,124.3471,125.73967547692479,120.39410990316136,0,0,2.5,-8.063468853707722,0.024213357360629018,-0.9717136686110848,4,5.908951895281118,59.87357899556923,0,2.68687770393797,124.3471,120.39410990316136,1,1,0,0,8,8,0,0,212,0,,11,,-1.1937068588850321,-0.9654655439974513,0,3.8583861720254706,1.7311023962013383,,,,,,1.5661865335350627,69.36814871333046,80.95238095238095,238.89021304108934,3,20.469209804214614,19.124688760561366,15.753936880863247,30.12797112424423,,,,7060401
2025-09-16,120.71,121.99,119.765,121.66,122.1810789604246,121.42652337662335,124.96666638282575,127.8550401497405,130.83506873663478,130.3021665632923,0,0,0,0,130.1657463087076,123.99901306764927,77.1644906322297,80.37893523033114,4,33,119.83932098224601,119.49617846081703,120.18246350367498,118.12360837510116,127.4413472,123.72111111111113,123.37796858968215,124.0642536325401,125.43682371825598,119.90010498246346,0,1,0,-7.012698373020916,0,-0.6659175437591973,4,6.023510349084088,52.86240620102609,0,2.2270665335998623,127.4413472,119.90010498246346,1,1,0,0,8,8,0,0,208,0,,12,,-0.7384342370613801,-0.6615594841946958,0,2.487679425962151,1.4127816580199135,,,,,,1.1117517145548792,68.75174159860465,79.76190476190476,229.490896659999,3,20.866051929061165,19.996377217086664,14.841870273515607,28.383726709825112,,,,5072217
2025-09-17,121.98,124.45,121.52,123.2,122.52071930694973,121.06618051948051,124.79841244160426,127.67248955563304,130.75909790343442,129.9308602080001,0,0,0,0,130.0614025425855,123.97287655823169,72.124214580455,78.86433882706942,4,34,122.82,,,121.09603472193692,127.4413472,123.72111111111113,123.37631805549852,124.06590416672374,125.4450763891742,120.10249999999999,0,0,2.5,-5.7809345771235074,0,-0.34608980035772224,4,6.16527151456288,45.25846000447711,0,2.0990046360891603,127.4413472,120.10249999999999,1,1,0,0,8,8,0,0,208,0,,13,,-0.2615453614910131,-0.34158743480951015,0,1.3893118931636512,1.4575546974971725,,,,,,1.0755226914611176,67.0132030516059,78.17460317460318,213.77442769320484,3,21.35712701136006,19.515605012849058,20.08604388520522,26.230149215347385,,,,4973260
2025-09-18,123.74,125.72,123.6,125.47,123.50381287129981,121.26004718614718,124.86237316145147,127.58611741619644,130.70647006359926,129.57421165896574,0,0,0,0,130.0035627511971,124.01345595240608,70.04433867281068,80.70666255070444,4,35,123.43087691669632,123.08821193648461,123.77354189690803,121.71755201563776,128.815,129.2827451612903,128.9400801810786,129.62541014150202,130.99607006234888,121.55499999999999,0,1,0,-4.00628221468401,0,0.06570767523926777,4,6.406699107752391,46.74388783989814,0,4.510379296136864,128.815,121.55499999999999,1,1,0,0,8,8,0,0,208,0,,14,,-0.05050267122111348,0.07040132530758007,1,1.4428521826382874,1.891992200036432,,,,,,0.9146625331296624,64.03937211076814,75.7936507936508,188.55068815505516,3,22.193456726866664,18.49446493285172,22.076304411945028,24.507830357491883,,,,4235741
2025-09-19,126.33,127.85,125.19,127.04,124.68254191419987,122.01077229437229,125.06976619369419,127.56470104693383,130.6699877744092,129.2423147938619,0,0,0,0,129.92510029366164,124.18076427828755,96.76760907219708,83.18904721344576,4,36,127.04,123.83882536809097,124.52270318848414,122.45448871842727,129.94,127.56470104693383,127.22276213673724,127.90663995713042,129.2743955979168,124.20902179999999,1,0,6.5,-2.777981261218201,0,0.3179601849400124,4,6.421050131969198,57.158653556128066,0,0.6324267506774842,129.94,124.20902179999999,0,1,0,0,8,8,0,0,208,0,,15,,0.3204548252396447,0.33034811666720915,2,4.972120310045466,1.952113426040595,,,,,,1.8539351658237142,59.61692021550489,71.82539682539682,168.0234870251851,3,22.24317013303499,17.655236373836523,26.10472423614715,22.805593631476153,,,,9144270
2025-09-22,125.65,126.64,123.35,125.44,124.93502794279992,122.86257878787876,125.1050265561995,127.48137943725015,130.61794809506185,128.92416960136802,0,0,0,0,129.85365133805814,124.22193524045208,77.8167268128372,75.39650209462283,4,37,124.22193524045208,123.87147410955525,124.57239637134892,122.46962958596791,128.815,127.48137943725015,127.13091830635332,127.83184056814699,129.23368509173432,121.55499999999999,0,0,0,-3.9641934133687466,0,0.015680940949814478,4,5.8733964171920965,50.850920763915965,0,2.621155018129512,128.815,121.55499999999999,1,1,0,0,8,8,0,0,192,0,,16,,0.04641622927639652,0.03347136216525021,3,1.7143647039845744,0.8771864214019804,,,,,,1.1218692708572287,53.38941934667793,66.66666666666667,162.40690600634267,3,20.34604201513944,16.64177451121976,23.650650569768892,25.349368682841597,,,,5591124
2025-09-23,125.44,126.855,123.05,123.5,124.45668529519995,123.47226190476188,124.9521668841805,127.32524691029917,130.54712274088212,128.60776425271027,0,0,0,0,129.75325852308578,124.19890622289276,65.38903842203041,79.32644421820909,4,38,122.22409836065574,121.8646969533944,122.58349976791709,120.42709132434902,127.4413472,127.35224697767146,126.99284557041011,127.7116483849328,129.14925401397818,120.10249999999999,0,0,0,-5.398144817691367,0,-0.31447619948292727,4,5.9161772537074375,37.18318643983996,0,4.03434534823604,127.4413472,120.10249999999999,1,1,0,0,8,8,0,0,192,0,,17,,-0.08022302640099487,-0.29694025714817607,0,0.5981237323930739,1.9585439030694123,,,,,,1.1010735988891698,44.50651185425609,57.142857142857146,117.16596289980528,3,20.494239180009178,15.81461387480691,21.41502042595302,23.698450296255675,,,,5634711
2025-09-24,123.5,125.59,122.08,123.08,123.99779019679997,123.79417316017316,124.7738652761633,127.15876663930705,130.47282301211712,128.29116511843372,0,0,0,0,129.67812964618665,124.17376377812185,40.838920671553026,87.87942093666514,4,39,122.19500000000001,,,120.36965418057233,127.4413472,123.41,123.04493083611446,123.77506916388553,125.23534581942768,120.10249999999999,0,0.5,1.5,-5.666178474141349,0,-0.3538905529095531,4,5.8589351119778375,14.55203101117327,0,1.8119854138308087,127.4413472,120.10249999999999,1,1,0,1,10,19,0,0,192,0,,18,,-0.07484640123111971,-0.33673916025496997,0,-1.742526413964785,4.21593128311479,,,,,,0.7957498602314499,30.652222686459375,41.666666666666664,51.026327148668194,3,20.295946584389725,15.415408558993585,19.57665249434477,24.036410704738582,,,,4060490
2025-09-25,122.91,122.91,121.1178,121.75,123.24852679786665,123.76499264069267,124.4858781070049,126.94665814364795,130.38602875329008,127.9680064205343,0,0,0,0,129.59908876820955,124.12600806935589,39.64769491429651,93.22976682394852,4,40,119.43394566943635,119.07743323154264,119.79045810733007,117.65138347996779,127.4413472,121.75,122.55,123.41,125.7620995031497,119.36619093742667,2,4.5,1.5,-6.623431080664892,0,-0.5454792038712559,4,5.319139789843432,15.73148584109127,0,0.5941550205078227,127.4413472,119.36619093742667,1,0,0,0,10,8,0,0,192,0,,19,,-0.18481220276272162,-0.5301854705534919,0,-0.18695708353959928,5.473722733691373,,,,,,0.7131590230609227,23.76763207114788,27.38095238095238,28.989360276627778,3,18.426040737140127,15.396872889756825,18.614621654507516,25.264973204073026,,,,3631968
2025-09-26,122.2,123.91,121.65,123.7,123.39901786524443,123.75780562770565,124.41103257300443,126.81933821644607,130.31950110400362,127.65198750510172,0,0,0,0,129.55250659450567,124.11941069195731,56.99716183718926,93.45298015562827,4,41,119.81347151870155,119.46224568351452,120.16469735388857,118.05734234276645,127.4413472,127.66647234108288,127.31524650589586,128.0176981762699,129.42260151701797,120.10249999999999,0,2.5,0,-5.079440181957738,0,-0.15452400036119338,4,5.604050383555509,36.4306518573508,0,4.30718448547801,127.4413472,120.10249999999999,1,1,0,0,8,8,0,0,192,0,,0,,0.11867383616815452,-0.1384336480463255,0,1.8587511116073872,3.4140303495457225,,,,,,0.5736208306377725,18.584372933799898,19.047619047619047,-4.268413186158076,1,19.41299998498799,14.903359866877725,20.087294272427027,23.81345393821985,,,,2899605
2025-09-29,124.44,124.58,122.83,122.92,123.23934524349629,123.711916017316,124.26902947081354,126.66642299227172,130.24587422734686,127.33888095199794,0,0,0,0,129.4832518301941,124.0950930462242,58.51174545799772,95.20876732573913,4,42,120.0664346885269,119.72467141299609,120.4081979640577,118.35761831087288,127.30257320806466,122.92,123.06823672446919,123.7517632755308,127.31410620424641,120.42142679193522,2,0,1.5,-5.6246497409656095,0,-0.27037186041302547,6,5.604855721337242,25.538029376019406,0,0.5686192121733862,127.30257320806466,120.42142679193522,1,0,0,0,8,8,0,0,192,0,,1,,0.30048964854761206,-0.2572914203710172,0,0.9820830313765998,4.438649722090321,,,,,,0.7686798743498805,16.192344616917488,12.698412698412698,-16.602183997360427,1,19.415789756898423,14.134313587638056,20.919303833038782,22.724731877001346,,,,3874669
2025-09-30,122.9,123.08,120.52,121.42,122.63289682899753,123.43849783549783,123.99769333073606,126.46068091414342,130.15805458329365,127.02026669884083,0,0,0,0,129.4029980858511,124.04387487749975,60.874853184650384,96.13206717729724,4,43,120.05743069469877,119.71722193884874,120.3976394505488,118.35638691544861,124.3471,121.42,126.76142317355523,127.44184068525529,128.07904988868154,120.41185536700085,2,1.5,0,-6.713418244663296,0,-0.5021485207536238,6,5.305900202549208,26.385206791320044,0,0.15139466588359743,124.3471,120.41185536700085,1,0,0,0,8,8,0,0,192,0,,2,,-0.04277369960406854,-0.4908089901194937,0,1.1632520025404354,4.48039657097617,,,,,,0.7434994353184236,15.18013083022777,9.920634920634921,-17.41031411639654,1,18.380177461410447,14.307694440249227,19.51382702516226,27.260410428958796,,,,3730456
2025-10-01,120.85,122.61,120.785,122.32,122.52859788599835,123.09050865800864,123.83791301352309,126.29830127045153,130.08006399042506,126.70295350653763,0,0,0,0,129.3385123309211,124.01393530366268,64.45399777896192,95.9124496802342,4,44,119.9073403247175,119.57513755142818,120.2395430980068,118.24632645827093,126.54620770573713,123.41,123.07779722671069,123.7422027732893,125.07101386644656,120.30279229426274,0,0.5,0,-5.965605914059414,0,-0.2925494342373009,6,5.001873752955797,30.953523700284673,0,1.8706693354610888,126.54620770573713,120.30279229426274,1,1,0,0,8,8,0,0,192,0,,3,,-0.11863216933364548,-0.28511624114699424,0,1.447060409807396,3.95448377037781,,,,,,0.7062186549260712,16.657541538213213,14.682539682539682,-3.8636662366619765,1,17.326998946329315,14.468690946245315,18.556668121873507,25.92327935181343,,,,3443702
2025-10-02,122.47,122.5,120.02,121.49,122.18239859066557,122.59291991341988,123.61430225033041,126.10974043631617,129.9945907168885,126.3811569438114,0,0,0,0,129.2449773320412,123.95716962533551,70.6499080866506,96.91100983815079,4,45,119.93511171917487,119.60449485826337,120.26572858008637,118.28202741461735,124.3471,121.49,126.50517084807,127.166404569893,127.80223659274246,120.13437677892556,2,2,1.5,-6.542265081945145,0,-0.40675362885230676,6,5.00671874949631,28.72807904825428,0,0.21476115496574935,124.3471,120.13437677892556,1,0,0,0,8,8,0,0,192,0,,4,,-0.4853039434651675,-0.400024388176188,0,2.039500881072197,4.9488993456065735,,,,,,0.9515171502753987,18.515744178875522,19.841269841269842,6.757243823566908,2,17.343782506670642,14.90080562932473,17.313846899334475,26.2530273344891,,,,4562181
2025-10-03,121.65,122.25,119.84,120.22,121.52826572711038,121.93959307359304,123.29103536934656,125.8787702231273,129.89733110776524,126.04778154036816,0,0,0,0,129.10773378710883,123.85134441414732,82.26142172055594,96.90738755603363,4,46,119.70397804009419,119.37545881210492,120.03249726808345,118.06138190014791,124.3471,120.22,123.41,124.3471,125.4763076478281,119.70397804009419,2,0,1.5,-7.449984557216766,0,-0.5885646630127068,6,4.964358189133404,44.855646159494185,0,0.09817194777764462,124.3471,119.70397804009419,1,0,0,0,8,8,0,0,192,0,,5,,-0.8139145268435969,-0.5813686913177712,0,4.078968442220154,4.4113754755809325,,,,,,1.212871431615812,19.47989264579564,23.80952380952381,13.274675540670374,2,17.19704122109936,15.369462683245407,16.179797953543808,25.022674370034917,,,,5911349
2025-10-06,120.73,123.1499,120.05,120.35,121.13551048474025,121.30967965367964,123.01093676274212,125.66195570457329,129.80233278828499,125.70527097800534,0,0,0,0,128.98611449715278,123.76187437443073,84.01572085286396,98.10750015974659,4,47,119.37528178040395,119.04255053298536,119.70801302782255,117.71162554331099,124.3471,120.35,123.41,124.3471,125.67369995869751,119.37528178040395,2,0,1.5,-7.282097775316785,0,-0.5066394326342322,6,4.90173498031785,25.190390919146562,0,0.18309037458123656,124.3471,119.37528178040395,1,0,0,0,8,8,0,0,192,0,,6,,-0.6142943960231434,-0.4981293061543566,0,2.835091360466352,6.441109495863399,,,,,,1.115078117043163,19.675949182670177,24.603174603174605,15.876466218491867,2,16.980108062296292,15.283356062802348,17.24871738478934,22.941206087195646,,,,5474253
2025-10-07,120.49,121.1,119.14,119.85,120.70700698982684,120.70849999999999,122.7098951662905,125.4340358730214,129.70330460133687,125.35310376229245,0,0,0,0,128.88490388105754,123.68286865317806,83.9039380599335,98.33480575451475,4,48,119.09526576938444,118.7688010396386,119.42173049913028,117.46294212065526,124.3471,119.85,123.41,124.3471,125.0734356759334,118.97534675537628,2,7,1.5,-7.596803051103845,0,-0.5434211822172146,6,4.8832260982900095,29.538038621073948,0,0.16744788275150324,124.3471,118.97534675537628,1,0,0,0,8,8,0,0,196,0,,0,,-0.44594241928159345,-0.5330131093765285,0,2.630458696976371,5.456681464882095,,,,,,0.8921473038644253,19.580239628861946,24.206349206349206,15.749879208741206,2,16.915991414169255,15.579941287315993,16.324107383369544,24.200236101844002,,,,4415874
2025-10-08,120.235,120.77,118.91,119.99,120.46800465988456,120.20876406926402,122.45085753140569,125.22054427015782,129.60665480430865,124.99561273620459,0,0,0,0,128.78763039836377,123.60990031236183,90.52392752033317,87.86700813313374,4,49,118.75258961088291,118.43283664754749,119.07234257421833,117.1538247942058,124.3471,123.83768085106385,123.41,124.3471,125.62611185334168,118.64825249491652,0,6,1.5,-7.419877334870428,0,-0.4636956527419516,6,4.887778264657925,71.26113266352309,0,3.4992703934683793,124.3471,118.64825249491652,1,1,0,0,8,8,0,0,132,0,,0,,-0.37694886258939364,-0.45078188254132556,0,5.142323262300526,1.4613223222143026,,,,,,0.893729446406572,18.938076047873686,21.825396825396826,11.849420249209034,2,16.931760581036727,15.949956382717007,15.476275418020164,23.585575229861426,,,,4407384
2025-10-09,120.46,121.4182,119.56,120.15,120.36200310658971,119.84276190476187,122.23172824270038,125.02169939681829,129.5125587366041,124.63616919204108,0,0,0,0,128.7150492575772,123.55772372065364,92.74268756648316,86.82013200044136,4,50,118.38425502156672,118.07075048418382,118.69775955894961,116.81673233465226,123.1499,124.39987019348571,124.08636565610281,124.71337473086861,125.96739288040017,118.38425502156672,0,4.5,1.5,-7.22907402026175,0,-0.3853777977774374,6,4.892385773211702,62.067607652162295,0,3.040239875452185,123.1499,118.38425502156672,1,1,0,0,8,8,0,0,132,0,,0,,-0.19415683122936808,-0.37121109095561594,0,4.355136238045456,2.215444895844496,,,,,,0.7056081557788486,17.94290807968208,19.047619047619047,5.872096867052352,2,16.947721458859625,15.88356849629356,16.50331640370817,22.337395645000555,,,,3415243
2025-10-10,120.3,120.58,116.32,118.19,119.6380020710598,119.35913593073592,121.84680174339559,124.7537896165509,129.39989646061798,124.26446645574713,0,0,0,0,128.58443831912993,123.43934688049158,74.37799448884965,91.87151173691475,4,51,117.77716787317625,,,116.1314325210414,122.37088,118.19,119.89085292957303,120.54914707042697,123.21317656341576,117.77716787317625,2,7,5,-8.662987194916067,0,-0.6923280717771786,4,5.119715512411969,25.27264302463677,0,0.08218547001322575,122.37088,117.77716787317625,1,0,0,0,8,8,0,0,148,0,,0,,-0.6619147281660551,-0.6779322535899588,0,0.7622692057549418,4.419900484169776,,,,,,1.0568595119104722,18.126421934210782,20.238095238095237,2.2058213761079486,2,17.735214775592116,17.058524363274465,14.596219291514789,28.545071568005,,,,5107060
2025-10-13,118.91,119.8,118.25,118.86,119.3786680473732,118.91772380952379,121.56234443450077,124.52266061198029,129.29502186897005,123.88682493915209,0,0,0,0,128.50603980854186,123.37414569236687,81.92994226773786,88.76923071338237,4,52,117.53378826120444,,,115.93373043422207,122.37088,120.22,119.89998843460353,120.54001156539647,121.82005782698236,117.53378826120444,0,2.5,1.5,-8.07070660426903,0,-0.49907859960336576,4,4.8754109197496165,55.3721713066312,0,1.678821661003112,122.37088,117.53378826120444,1,1,0,0,8,8,0,0,148,0,,1,,-0.4841980438272876,-0.4847497393163949,0,3.2945836400224175,2.2038653586229415,,,,,,0.7198575269065106,18.26576313397277,20.634920634920636,8.152353062526187,2,16.88891884156489,18.149554811185308,13.940553450014432,27.262819774130946,,,,3344832
2025-10-14,117.69,124.47,117.69,122.89,120.54911203158213,118.99054112554113,121.68878782169118,124.45863470562811,129.23129030808477,123.52935293216909,0,0,0,0,128.42372328883758,123.36175224243735,90.61313921488633,75.20767690065318,4,53,119.93867815584414,119.58098884511885,120.29636746656944,118.15023160221767,123.1499,124.24587853302688,123.88818922230159,124.60356784375217,126.03432508665335,119.3268218,0,7,0,-4.906931048175143,0,0.2822749888448123,4,5.854969634663978,65.09017590841042,0,1.7955369354730757,123.1499,119.3268218,1,1,0,0,8,8,0,0,1173,0,,0,,0.19834925575718784,0.2952221136570504,1,6.699417617959215,0.45273963494032643,,,,,,1.3126985726611897,18.396747236955292,21.03174603174603,-9.296139585536782,1,20.282209768021993,16.944931419253056,23.23840327886273,22.648831547523873,,,,6171640
2025-10-15,124.335,125.875,122.69,124.26,121.78607468772142,119.58174588744589,121.9336651720063,124.45084510932897,129.18182473287993,123.20078605726405,0,0,0,0,128.36832311918266,123.38241996193845,93.47976952395597,84.56407069328696,4,54,123.71810722432478,123.35752965007987,124.0786847985697,121.9152193531002,126.72760146081023,124.51732189129201,,,126.3202097625166,120.10249999999999,0,2,4.5,-3.809997840684783,0,0.5083965184928773,4,5.82447006099142,52.148637065022164,0,1.6692631219718055,126.72760146081023,120.10249999999999,1,1,0,0,8,8,0,0,1173,0,,1,,0.2581515243243541,0.5196808504916067,2,4.462982666748521,3.470026672355985,,,,,,1.1987045688800653,18.51385320852504,21.428571428571427,-8.240766784371537,1,20.17655614560187,16.362581071765376,24.884712519571128,20.862596925247473,,,,5677933
2025-10-16,124.26,126.97,122.045,122.89,122.15404979181429,120.3760627705628,122.02474467943428,124.38963549719841,129.11921951165723,122.89179822684575,0,0,0,0,128.30169149177502,123.37215398388192,86.28566242460823,82.40197053247246,4,55,119.93867815584414,119.559882908331,120.31747340335728,118.04470191827845,123.1499,124.1429234529927,123.76412820547957,124.52171870050584,126.0368996905584,119.3268218,0,0,3.5,-4.824393715526481,0,0.2214766187237433,6,5.614875400246196,49.753538091114706,0,1.6954921505684795,123.1499,119.3268218,1,1,0,0,8,8,0,0,1173,0,,2,,0.19673095003750285,0.2326793227654958,3,1.8739373077454937,1.688472367610201,,,,,,1.0974536287471242,18.62628734092929,23.015873015873016,-4.237483080948513,1,19.45049894279009,16.212712666153102,24.576941433744913,18.440720063873773,,,,5254222
2025-10-17,123.065,126.4,122.805,125.91,123.40603319454286,121.52559653679654,122.39476899567863,124.44925763456318,129.08728697920293,122.62019823757045,0,0,0,0,128.27714776623966,123.41647009097701,91.01147463190735,84.85727697740214,4,56,124.0057431521863,123.62190649378124,124.38957981059136,122.08655986016102,126.0588970718888,126.0588970718888,,,127.97808036391407,121.55499999999999,0,4,0,-2.461347707861287,0,0.7514614784426938,6,6.023009505143173,54.906971886225406,0,1.0698060618982557,126.0588970718888,121.55499999999999,0,1,0,0,8,8,0,0,1173,0,,3,,0.7427078792624846,0.760308352171363,4,4.2489359932848165,2.391845214454606,,,,,,0.9834687404227017,18.732852397373534,23.41269841269841,-10.215836741768145,1,20.86431695475651,16.073549146655992,22.52170279159493,16.89862091510395,,,,4479100
2025-10-20,126.11,128.5,125.79,127.21,124.67402212969523,122.89936190476192,122.85336242466163,124.5575220410509,129.06860750677305,122.3919846928409,0,0,0,0,128.2675117509008,123.4743909124033,93.22936918935673,89.04136176149022,4,57,124.11375340939779,123.73313722659309,124.49436959220249,122.21067249537431,126.50496059994755,129.3777999999999,128.6165676343905,129.3777999999999,130.90026473121867,123.4,0,2.5,7.5,-1.4400151537046078,0,0.915508630028061,6,5.969641568226088,51.902274523479505,0,1.2564926551096007,126.50496059994755,123.4,1,1,0,0,8,8,0,0,1181,0,,0,,0.8887544622939263,0.9252584751020487,5,4.1571272751306765,3.3157963496307086,,,,,,0.8890003007920207,18.9251929484931,24.603174603174605,-8.48307123299398,1,20.679444998285465,16.66535018035116,26.01618171073935,15.824346377129899,,,,3977111
2025-10-21,126.87,129.5,126.675,128.56,125.96934808646348,124.46879350649348,123.396851717551,124.7144819610097,129.06354673556137,122.21232987461008,0,0,0,0,128.26970748538687,123.53861322451759,96.57540540488756,64.41071762846445,5,0,128.42,128.0413474731099,128.79865252689007,126.52673736554961,131.71366,129.3631999999999,,,131.25646263445026,124.87500999999999,0,7.5,8.5,-0.39015411268147626,0.015499895171278505,1.0714696529825634,0,5.788995497989552,92.79904501501171,0,1.7396741160299591,129.77241547875346,124.87500999999999,1,1,1,0,19,8,0,0,1213,0,,0,,1.123999161370228,1.080488331556437,6,9.281063380153864,-0.3028495755096615,,,,,,0.7643616943903219,20.19523715000089,29.761904761904763,0.7059481126788569,2,20.053668654610792,17.52252617540009,26.641148929668756,14.770237791403789,,,,3331492
2025-10-22,128.52,128.965,127.31,127.5,126.47956539097565,125.94582727272726,123.7876277444509,124.82371796253872,129.04798905660056,122.07047704641124,0,0,0,0,128.2640385225955,123.58744698267087,97.95990003258768,70.6040733186938,5,1,124.3939508149206,124.02756811137982,124.76033351846138,122.56203729721669,128.2454471521055,129.32214999999988,128.58938459291832,129.32214999999988,130.78768081416302,124.20902179999999,0,0,5.5,-1.199545276076799,0,0.7832259564582031,0,5.8569061004566905,76.61530935898352,0,2.102444411247262,128.2454471521055,124.20902179999999,1,1,0,0,8,8,0,0,1213,0,,0,,0.967297221072151,0.7915764737466945,7,6.444385112869812,1.8458774293783033,,,,,,0.7621806149548324,21.314700516639366,30.555555555555557,5.055876514892691,2,20.288917882302187,18.318475313659807,25.5666698532506,14.174531070853527,,,,3292727
2025-10-23,127.53,128.8,126.74,127.35,126.76971026065043,127.17072467532466,124.12690129259843,124.92278784636073,129.03109364310205,121.96188061833985,0,0,0,0,128.2574631327847,123.63253225809417,98.19128958648317,83.49566787337807,5,2,124.46639088536683,124.10778551779325,124.82499625294042,122.67336404749891,128.88375377636223,129.2828999999999,128.56568926485272,129.2828999999999,130.71732147029422,124.20902179999999,0,0.5,5,-1.302859330753204,0,0.68705102853043,0,5.715792404680819,52.59170345524584,0,2.4636345634670143,128.88375377636223,124.20902179999999,1,1,0,0,8,8,0,0,1213,0,,0,,0.9204909331498945,0.6904073147049035,8,5.26139134300738,4.628544327017159,,,,,,0.7532688303430163,22.302709178394544,32.93650793650794,12.639457805177907,2,19.80008570084693,18.72418028916764,24.25535622342061,14.866708235001646,,,,3239443
2025-10-24,127.65,129.06,127.35,127.99,127.17647350710028,128.1792848484848,124.49481545520811,125.04307067591522,129.02073450237467,121.88659816070995,0,0,0,0,128.25549138768918,123.6857786305014,98.32346518354439,87.09840106749209,5,3,124.55369390747005,123.85717679626197,124.87500999999999,122.46414257384579,129.49924116473187,129.2663999999999,128.5698828887918,129.2663999999999,130.65943422241605,124.87500999999999,0,0.5,1.5,-0.7988905863465687,0.03233332785468082,0.7409119223986774,0,5.543879387502605,61.790359930913574,0,2.3667986412585207,129.49924116473187,124.87500999999999,1,1,0,0,8,8,1,0,1213,0,,1,,1.2586666228374466,0.7386350393423613,9,5.28999602632718,3.2869032447680704,,,,,,0.7736657468976128,23.178677752647307,34.92063492063492,20.693605547386436,3,19.204561540376677,19.195950533898838,23.858569254653183,14.214943120077622,,,,3344365
2025-10-27,128.23,129.54,126.38,129.07,127.80764900473352,129.03423203463203,124.93054731661687,125.20098947293815,129.02122470633114,121.847016361161,0,0,0,0,128.26232620012144,123.76025749871461,98.88063304696581,91.1637159844635,5,4,128.42,128.06840276979622,128.77159723020375,126.6620138489812,130.32225210305748,129.2577499999999,,,131.01573615101867,124.87500999999999,0,4,0,0.03780408516495834,0.03695093961104538,0.8640273940851605,0,5.514953604054039,64.50404721800678,0,1.0820631902902669,129.5,124.87500999999999,1,1,0,0,8,8,0,0,1213,0,,0,,1.2940953534817647,0.8589877286127555,10,6.6505754294135215,4.241647189562199,,,,,,0.8884569280719399,24.363510826103898,36.904761904761905,27.52853916590826,3,19.104359687213375,19.045701604102515,21.944013530494725,15.537498936856277,,,,3838994
2025-10-28,129.59,130.05,127.67,128.01,127.87509933648901,129.58285844155844,125.22382852455812,125.3111467485092,129.0111627689547,121.8317852725718,0,0,0,0,128.25988837049775,123.8275196045645,99.09022129834521,93.84787259209699,5,5,125.52926659010056,124.87500999999999,125.91,123.48407743067176,129.5,129.24964999999992,128.5541837153358,129.24964999999992,130.64058256932816,124.87500999999999,0,0,3,-0.7760280176279708,0,0.5945422197390399,0,5.415778888519408,59.792685963806726,0,1.9414993432726877,129.5,124.87500999999999,1,1,0,0,8,8,0,0,1213,0,,1,,0.6278600007364865,0.5951429269081431,11,6.356062082990146,4.685073630611804,,,,,,1.0242266280302963,25.40117711824184,39.285714285714285,35.39489654977018,3,18.76080839494903,19.118642711557566,21.912514822628122,14.588001140373853,,,,4463174
2025-10-29,127.87,128.68,125.465,126.48,127.41006622432602,129.70180735930737,125.34346390317162,125.35698413092061,128.98597706976113,121.82673516130279,0,0,0,0,128.24044209220952,123.87466562748226,99.21995997154234,94.86215295900774,5,6,125.64117284141973,125.28957242353997,125.9927732592995,123.8831707520209,129.5,126.97,,,128.72800208939884,123.4,0,3,3.5,-1.9428290785484303,0,0.2718386945374238,0,5.581707898241139,62.091321296598714,0,2.1950071514988037,129.5,123.4,1,1,0,0,8,8,0,0,1213,0,,0,,0.27214800451250626,0.2782881356864096,12,6.455287114372327,4.445122297421427,,,,,,1.1491571403151555,25.255366363337988,38.888888888888886,30.61586914061298,3,19.335603345524287,17.95882649115584,20.12353354759225,18.996403799881477,,,,5102906
2025-10-30,125.47,128.275,125.26,126.34,127.05337748288402,129.4818194805195,125.43837210286956,125.3955337728453,128.95964893971376,121.82716399174195,0,0,0,0,128.22425109099913,123.90865403676791,98.94645752672626,95.9735849093363,5,7,125.6599122506887,125.30650650551463,126.01331799586278,123.89288352481836,129.5,126.97,,,128.73702872587035,123.4,0,4,5,-2.031371022837068,0,0.22693531316204282,0,5.519450125284315,52.58414317281145,0,2.1731892034861326,129.5,123.4,1,1,0,0,8,8,0,0,1213,0,,0,,0.4240275746680894,0.2342789595948549,13,5.495141724579118,4.924297361441337,,,,,,0.9094162198138397,24.116990158536524,36.507936507936506,26.13530735869613,3,19.119936093669676,16.778029417680266,18.590682586558515,18.067328095649664,,,,4013366
2025-10-31,126.18,127.15,125.26,126.54,126.88225165525601,129.03707272727274,125.54328904545342,125.44041480136117,128.93557283086088,121.83263838259259,0,0,0,0,128.2118946939992,123.93975212052344,99.07137916185631,65.69487801952005,5,8,126.54,125.27502527300004,125.96510022832331,122.49970017870692,129.57849656458558,127.99,,,129.71518738830818,123.4,1,3.5,0,-1.8579611338163522,0,0.24694556991069672,0,5.362593513692886,85.69457398796023,0,0.7520472982158801,129.57849656458558,123.4,1,1,0,0,8,8,1,0,1213,0,,1,,0.07729581249285132,0.25263904309602164,14,6.17084123820416,-0.5510606999462189,,,,,,0.8112412303059107,22.39123742629836,33.73015873015873,20.53483936972648,3,18.57656885211077,15.681574992310088,17.68145449118093,17.18369608071511,,,,3481550
2025-11-03,126.46,127.325,124.6201,126.8,126.85483443683734,128.53226623376625,125.66297580302928,125.49373186797446,128.9143233499568,121.84401511351822,0,0,0,0,128.19993613500637,123.97857694477919,98.92620661508994,55.10751113523217,5,9,125.64598076915425,125.30143793275415,125.99052360555434,123.92326658715379,129.57849656458558,127.99,,,129.71271418200044,123.4,0,1,0,-1.6400996375066497,0,0.27694085006033003,0,5.360653478714383,81.71964523868076,0,2.2827441931573307,129.57849656458558,123.4,1,1,0,0,8,8,0,0,1213,0,,2,,-0.04584972659470063,0.28070620557609405,15,5.609870294813538,-0.043437638466765405,,,,,,0.9604685238663074,19.935727304175618,28.96825396825397,7.355358551520527,2,18.569848373808313,14.812007952409786,16.44206458704985,17.637450059212274,,,,4053762
2025-11-04,125.5,125.99,121.93,122.35,125.35322295789156,127.57146580086581,125.34745429797887,125.3704482653088,128.84900669970847,121.83273295856384,0,0,0,0,128.1278973182719,123.94667317071327,95.34205957408304,91.55799159081037,5,10,119.3268218,118.96340702334278,119.69023657665723,117.50974791671388,125.46022,122.35,124.3592,125.46022,128.16463642651564,119.3268218,2,0,3,-5.04389352015329,0,-0.5257412038085123,0,6.569844629929428,51.11780679366402,0,3.3754258736622873,125.46022,119.3268218,1,0,0,0,8,8,0,0,1213,0,,3,,-0.7182614391069125,-0.5165714720815153,0,3.775196893604507,3.4283364212362972,,,,,,1.3883334730048338,17.627598635143322,18.253968253968253,-22.545361493000794,0,22.758609393742635,15.248779932464343,14.474791247708456,22.13633392939594,,,,5967308
2025-11-05,122,124.09,121.6,122.5,124.40214863859437,126.38775974025975,125.07626817436183,125.25788166666923,128.78583250369147,121.80213125333289,0,0,0,0,128.07519827800633,123.92524183287028,78.39717210060617,83.71656491298077,5,11,118.81021584566639,118.59496336469405,119.3268218,117.1562084799672,125.46022,123.41,123.05031127881828,123.76968872118171,125.20844360590856,119.3268218,0,3,1.5,-4.880841612380999,0,-0.44150277457893444,0,6.569859654247993,25.92060200091931,0,2.2703954611560935,125.46022,119.3268218,1,1,0,0,8,8,0,0,1213,0,,4,,-0.5784847734564553,-0.43176240341347133,0,0.2717693576623894,3.9426318212172635,,,,,,1.0635243077542986,14.850738404011032,9.523809523809524,-34.74687233481017,0,22.75866143950884,15.7859158774218,13.58011313328461,21.58726116319955,,,,4580421
2025-11-06,122.38,123.39,119.82,120.53,123.11143242572957,124.93140606060607,124.64329025299403,125.07247454248613,128.70368491659005,121.74334061184545,0,0,0,0,127.92621130843551,123.82038236269716,39.3577746660231,99.5058024165236,4,0,118.66958774894549,,,116.84022940060183,123.715,120.53,120.48412833033126,121.21587166966873,126.31697335734985,118.66958774894549,2,0,3.5,-6.350777696759209,0,-0.7402505024905662,4,6.791466105629033,12.319623257733632,0,0.32148277453043084,123.715,118.66958774894549,1,0,0,1,10,5,0,0,1213,0,,5,,-0.7865196216580114,-0.7271974007194221,0,-0.13639720732244065,6.893381111221741,,,,,,2.1287508501904595,10.706885653956014,1.9841269841269842,-54.489772765187794,0,23.52632870566285,16.94214905085137,12.397004021514972,24.05039739215296,,,,9853439
2025-11-07,125.495,125.76,117.1473,120.88,122.36762161715305,123.4527813852814,124.28488165747079,124.90806377611413,128.6258373054797,121.66350694872689,0,0,0,0,127.76403382387744,123.71588728201246,92.16561591640794,95.55867236028632,4,1,119.2932420176403,118.87660493151932,119.70987910376127,117.21005658703547,124.3471,120.88,123.96523847411525,124.7985126463572,127.54619337793544,119.2932420176403,2,4.5,7,-6.021991745782574,0,-0.5981193817934951,4,6.565910778226545,48.57094457339175,0,0.23803059593376627,124.3471,119.2932420176403,1,0,0,0,8,8,0,0,3261,0,,0,,-0.8099893495892171,-0.584633154835835,0,3.7267531598224375,3.911716105870144,,,,,,2.3695844308865777,10.303254351043506,1.5873015873015872,-54.70097847787944,0,22.744982131704962,18.800914072873034,10.108877082608416,25.339013354849424,,,,11755951
2025-11-10,121.94,122.83,119.78,120.2,121.64508107810204,122.07362251082252,123.89584530914024,124.72343382410966,128.54199812831075,121.56298185853494,0,0,0,0,127.65483606683938,123.63812755191792,78.25385512825346,95.19749258518428,4,2,119.62491947086566,,,117.55437228530404,123.715,120.2,120.43589056288766,121.26410943711232,126.1428754968986,116.27162,2,0,5,-6.489706282598593,0.00025044902492099563,-0.6525680745298901,4,6.581012819847005,36.45522280821522,0,0.6610234392509327,123.715,119.62491947086566,1,0,0,0,8,8,0,0,3133,0,,1,,-1.002003592199368,-0.6420984530282149,0,2.372148673237702,4.370330515105774,,,,,,1.4476833444025121,9.76544372257868,1.5873015873015872,-57.164028422922776,0,22.797297138474274,20.526910164750294,9.444109849196588,23.672701096065662,,,,7481669
2025-11-11,120.28,123.459,120,122.53,121.94005405206802,121.13808701298699,123.76576480350784,124.63741681139948,128.48217725141214,121.46054354744051,0,0,0,0,127.61144866319252,123.62381947335136,87.27426257981934,69.18281310816495,5,0,119.85057944703944,119.57487722553306,120.6814076873909,117.91322074483014,126.54015000000001,124.01414082214286,123.59872670196714,124.42955494231859,126.0912114230215,119.57487722553306,0,1.5,3,-4.632687100067584,0,-0.16186465951016415,0,5.963874902525022,76.31816250349094,0,3.4529333908749202,126.54015000000001,119.57487722553306,1,1,0,0,8,8,0,0,3133,0,,2,,-0.6091809449878665,-0.1532849432122958,0,4.093520872786318,-0.11665949387129437,,,,,,0.8709456253366171,9.055827380159116,1.1904761904761905,-56.16621356816167,0,20.659468682316447,21.698288301595817,10.093909448544933,21.912756081595777,,,,4425011
2025-11-12,122.66,122.85,120.705,121.69,121.85670270137868,120.5298251082251,123.56807291745947,124.52183183840341,128.41459339816427,121.35466965528954,0,0,0,0,127.56967107844656,123.6030878604082,90.86140951265389,56.56702764274686,5,1,119.25256062982453,118.84766716108992,119.65745409855914,117.22809328615149,125.46022,123.9357064503214,123.53081298158679,124.34059991905602,125.96017379399444,119.25256062982453,0,0,2,-5.23662709993863,0,-0.2827785421739964,0,5.877867763972822,73.09530793715389,0,3.0663173647013626,125.46022,119.25256062982453,1,1,0,0,8,8,0,0,3133,0,,3,,-0.5347312168361763,-0.28180389960189045,0,3.5286630882462973,-0.0741881335597313,,,,,,0.7453742621462724,8.224356993574945,1.1904761904761905,-59.608357019734136,0,20.361531214744392,22.7859965715238,9.616459438343242,20.876265149312523,,,,3713821
2025-11-13,121.505,123.4,121,121.19,121.63446846758579,120.12403549783548,123.34158978246333,124.39117176630916,128.34270689669,121.24604461901909,0,0,0,0,127.52495025405585,123.57747796724483,88.79581300060568,72.10459593056615,4,0,120.85,120.45259892188929,121.2474010781107,118.86299460944646,125.46022,123.84205851119813,,,125.82906390175167,118.99559898176516,0,0,2,-5.5731307759058,0,-0.33766960509873833,4,5.793461824709211,53.454002749282346,0,2.320184948625484,125.46022,118.99559898176516,1,1,1,0,14,8,0,0,3133,0,,4,,-0.5770934263952544,-0.33735655024046696,0,2.943083742315949,2.431962494283442,,,,,,0.7574987580467056,7.23505644731604,0,-63.94934571205433,0,20.069140464214097,23.394280208589727,10.333630216947784,19.750579881822585,,,,3715970
2025-11-14,120.92,122.75,119.6042,122.02,121.76297897839052,119.97719870129872,123.2157240888954,124.2981846382186,128.2797943902553,121.14297033362826,0,0,0,0,127.48249809450452,123.55936567541848,92.95829288467306,71.15091044039639,5,0,120.87333333333332,120.47623054651623,121.2704361201504,118.8878193992479,125.46022,123.78612177889032,,,125.77163571297574,118.6827912879642,0,3,0,-4.879797648577161,0,-0.14447169892466155,0,5.239217467018117,69.95367354123874,0,2.310176014342368,125.46022,118.6827912879642,1,1,0,0,8,8,0,0,3133,0,,5,,-0.49916116318529374,-0.14708973652405913,0,4.441244464613915,1.3922763573006818,,,,,,0.8428932361572905,5.993865726416132,0,-66.97445742214636,0,18.14918168955539,24.454374077280743,9.602721625132194,21.491956700434102,,,,4119734
2025-11-17,120.74,121.33,116.7012,117.6,120.37531931892701,119.53751341991344,122.68089322328632,124.03551073083747,128.17352777940698,121.02036791639479,0,0,0,0,127.38746644475496,123.47336729948448,73.3819334926797,76.25853643421542,4,0,117.32949745452095,116.91326986676222,117.74572504227967,115.24835951572733,121.56486,121.06022631578946,120.64399872803074,121.47645390354819,123.14136425458308,117.56155737607007,0,0,3.5,-8.249385003746292,0.005849172122931567,-0.9268948976369281,4,6.15735353543952,42.06090579810493,0,1.681132650797517,121.56486,117.56155737607007,1,1,1,0,14,8,0,0,3133,0,,6,,-1.0467933769834525,-0.9222995897079369,0,0.6433572404554191,1.7853071191493537,,,,,,1.0482904086255922,4.46694408144648,0,-79.05763122878699,0,21.329698327090203,26.252182266797053,8.507103736500069,25.267118798337105,,,,5187054
2025-11-18,116.59,118.54,115.39,115.42,118.723546212618,118.75031818181817,121.98937958297334,123.69764756492228,128.04662700548252,120.8688401491928,0,0,0,0,127.26564857470761,123.3509713006228,43.040268849673566,71.42902738153346,4,1,112.05,111.63537795422404,112.46462204577595,109.97688977112021,121.56486,117.1473,116.73267795422404,117.56192204577596,119.22041022887979,112.05,0,0,1.5,-9.860960261719264,0,-1.2297230714935392,4,6.128250068242212,9.106246746568075,0,2.458769403088786,121.56486,116.16998270273326,1,1,0,0,10,8,0,0,3133,0,,7,,-0.8066236934517887,-1.220693021942738,0,-2.1304991583318413,6.187095070626657,,,,,,1.096518630750684,5.594742080323845,0.3968253968253968,-73.6456100016166,0,21.2288809593659,28.217729017538257,7.930042542994809,26.376747613780406,,,,5547169
2025-11-19,115.5,115.91,114.075,114.44,117.29569747507867,117.67688354978354,121.2703910512616,123.3346025623763,127.91123768204488,120.6879622054797,0,0,0,0,127.16023555308276,123.24206212543102,25.39527214191147,71.62841529898049,4,2,110.38,109.97860988606519,110.7813901139348,108.37304943032592,120.17745000000001,120.70436249999997,120.30297238606516,121.10575261393478,122.71131306967405,114.7360368773825,0,0,1.5,-10.531707710882284,0,-1.2821845700676828,4,6.129525333768073,10.039990600480841,0,2.973827912257309,120.17745000000001,114.7360368773825,1,1,0,0,10,8,0,0,3133,0,,8,,-0.9414561019765073,-1.2743614220486463,0,-2.8623612194082297,5.133506167568978,,,,,,0.8820368373070047,8.989749280537563,3.1746031746031744,-57.66202206170705,0,21.23329860873376,30.31245030818407,7.606354325267763,28.225204683968375,,,,4516081
2025-11-20,114.51,115.14,110.81,111.54,115.37713165005245,116.19907359307358,120.34368714161764,122.87206912855763,127.74833979466135,120.46629364947432,0,0,0,0,126.95801885510087,111.54,13.671911533335004,46.327560386793536,4,3,110.38,109.96861989420339,110.7913801057966,108.32309947101693,118.15968000000001,122.85570446867567,,,124.91260499765873,112.81476067815666,0,0,1.5,-12.687710713668856,0.008615345861903628,-1.6866657584571434,4,6.432754409394833,6.681632042924228,0,4.881589386086294,118.15968000000001,112.81476067815666,1,1,0,0,10,8,0,0,3133,0,,9,,-1.068922766895229,-1.6679585098643197,0,-4.7845418008732095,4.871120516682967,,,,,,1.3550412164136114,18.44199040960959,26.19047619047619,-17.24005418401892,1,22.28371493936915,32.80090222789697,6.8915237168317045,32.65899224876528,,,,7206680
2025-11-21,112.17,115.69,111.84,114.26,115.0047544333683,114.90534112554113,119.76428836622549,122.53434092743773,127.61412745839606,120.22597621792636,0,0,0,0,126.80330827203079,112.86709183230076,13.723694931582067,85.08218438165655,4,4,112.86709183230076,112.44804244834675,113.28614121625476,110.77184491253075,118.15968000000001,118.15968000000001,117.740630616046,118.57872938395401,120.25492691977001,111.91496466506,0,1.5,2,-10.46445853947454,0,-1.0109533068333139,4,7.048128665412391,29.658742489577875,0,2.9804197662896414,118.15968000000001,111.91496466506,1,1,0,0,10,8,0,0,3133,0,,10,,-0.7778421897865391,-1.0029753580252132,0,-2.0054193765624886,1.3013258742153544,,,,,,1.2496393559765198,24.00896629727192,40.476190476190474,-1.6647977588846494,1,24.415433893553768,34.74024781919504,7.454025109994437,29.77118869049153,,,,6866157
2025-11-24,114.665,115.05,113.38,114.41,114.80650295557886,113.87550000000002,119.25435614087068,122.21573932244017,127.48274310557619,119.97088230092974,0,0,0,0,126.66249957155664,113.3533630810547,12.916799972883528,80.73037542187309,4,5,113.3533630810547,112.94933508166883,113.75739108044056,111.33322308412541,118.15968000000001,118.15968000000001,117.75565200061415,118.56370799938587,120.1798199969293,111.36286317549724,0,1.5,2,-10.25451977821803,0,-0.87753777403778,4,6.934086797813056,28.35739610972561,0,3.364527624241026,118.15968000000001,111.36286317549724,1,1,0,0,10,8,0,0,3117,0,,11,,-0.6746836407775453,-0.8673034890219901,0,-2.2027511991492865,1.3688188952850386,,,,,,1.1510793770792394,28.2204770537852,49.6031746031746,17.485549999181067,2,24.020381275809587,36.541068725400386,7.178933188487479,28.67247847935573,,,,6476412
2025-11-25,114.465,119.24,114.465,118.56,116.05766863705257,113.55376406926408,119.18822698459728,122.07237699606996,127.39395959208787,119.7281966187331,0,0,0,0,126.55407726620267,114.77672295246764,47.830236568068784,81.37798283850229,4,6,114.5750198655768,114.15672600900423,114.99331372214938,112.4835505827139,122.37088,120.85,120.43170614342742,121.26829385657257,122.9414692828629,112.05,0,3.5,0,-6.934362995211055,0,-0.014359171101681497,4,8.077228245426863,53.139634998397504,0,4.207568369330358,122.37088,112.05,1,1,0,0,10,8,0,0,3117,0,,0,,-0.4355940948059416,-0.008087920158734973,0,2.5300916062870558,1.844109612469594,,,,,,1.3353051644465574,31.519565959148206,55.95238095238095,12.648976470100182,2,27.980339410819482,35.72700511088882,15.382448207653168,25.716421116826282,,,,7731122
2025-11-26,117.99,118.04,116.4,116.74,116.28511242470171,113.59404415584416,118.95506250987373,121.86326417269467,127.28795004390788,119.48640109034685,0,0,0,0,126.46799942735056,115.07729044858884,49.145025992444694,84.51287564267608,4,7,115.07729044858884,114.66958901034288,115.4849918868348,113.038783257359,120.17745000000001,120.17745000000001,119.76974856175404,120.58515143824597,122.21595719122985,112.05,0,0,2,-8.286683885056977,0,-0.33865877394946203,4,8.12112438392489,38.769763013333915,0,3.986961652608488,120.17745000000001,112.05,1,1,0,0,10,8,0,0,2092,0,,1,,-0.5542500329483779,-0.32747585697445986,0,0.46452418026639375,2.432652549213537,,,,,,0.8829045255256921,33.086366624568,58.333333333333336,17.609469909195635,2,28.132400095088812,34.971088897413786,14.654804217914235,24.499943803810265,,,,5112234
2025-11-28,116.755,117.79,116.4,116.99,116.52007494980114,113.87035367965368,118.76791369940956,121.67215577376547,127.18548287929188,119.24778362573096,0,0,0,0,126.42716125045342,115.21161899739184,46.66200516472005,90.05177044941738,4,8,115.21161899739184,114.82062837616344,115.60260961862024,113.25666589124985,120.17745000000001,120.17745000000001,119.78645937877161,120.5684406212284,122.132403106142,112.05,0,0,4,-8.01623160794863,0,-0.24658450701194384,4,8.139747181439999,27.5639831401743,0,4.157363148233861,120.17745000000001,112.05,1,1,0,0,10,8,0,0,2156,0,,0,,-0.45990853384647157,-0.23592833213469708,0,0.12813171367649323,3.9218017935773855,,,,,,0.44129096962792635,33.4934953014579,59.12698412698413,18.78426993709896,2,28.196911358039284,34.269166699186975,14.1896355458622,23.722273481156858,,,,2522283
2025-12-01,116,119.6196,115.645,118.8,117.2800499665341,114.49211515151515,118.77096953756103,121.55952221400996,127.10204523870192,119.02558563125422,0,0,0,0,126.3662429258623,115.62789794630527,64.94768741861374,86.34642852327582,4,9,115.63896398104892,115.24041376133684,116.037514200761,113.6462128824885,122.37088,121.66673721115787,121.26818699144579,122.06528743086994,123.65948830971828,115.32999,0,6.5,0,-6.531795159637597,0,0.1283449217910803,4,8.349635793660745,53.53044579391958,0,3.17989899277215,122.37088,115.32999,1,1,0,0,8,8,0,0,2157,0,,0,,-0.3339486973719981,0.13343026061894162,1,2.5763436321635425,1.9005344773522181,,,,,,0.8158099955728237,33.73995259298156,59.12698412698413,16.650421607566717,2,28.923986838632192,32.66905677471538,17.024953860211582,21.610007225800857,,,,4713156
2025-12-02,118.65,120.0907,117.37,118.5,117.6866999776894,115.29319523809522,118.74516291493617,121.43954095071545,127.01645274876459,118.8188869679718,0,0,0,0,126.27817383250883,116.03352224363958,62.70373305936677,87.789307958259,4,10,116.03352224363958,115.63914793247837,116.4278965548008,114.06165068783348,122.37088,121.58995532537114,121.19558101420992,121.98432963653235,123.56182688117724,115.32999,0,0,2,-6.704999678750221,0,0.07499074757562209,4,8.332148110305932,46.26430689625095,0,3.1746313835396136,122.37088,115.32999,1,1,0,0,8,8,0,0,2157,0,,1,,0.17708350824884916,0.07852501263096587,0,1.006213219316836,2.6395739330022883,,,,,,1.130794920321665,33.8184861122873,59.523809523809526,17.16733669414929,2,28.863407726477764,30.95489054050668,17.04284404388259,20.27891260607909,,,,6681480
2025-12-03,118.26,120.7225,117.63,120.13,118.5011333184596,116.37915757575756,118.87705216113272,121.38818640362857,126.94793083086644,118.6384987794669,0,0,0,0,126.2221762033305,116.45915158449121,74.13035524814518,78.71955726668045,4,11,116.45915158449121,116.0653352598415,116.85296790914092,114.49006996124268,123.715,121.46393167754607,121.07011535289637,121.85774800219578,123.4330133007946,116.27162,0,1.5,0,-5.370651405063088,0,0.38401609364459416,4,7.759726659226133,57.38360465984764,0,2.636920489349732,123.715,116.27162,1,1,0,0,8,8,0,0,2157,0,,2,,0.6731919582965241,0.3843587941429081,1,2.8119615019104742,0.9275693766602296,,,,,,0.9321789190352471,33.72420090536531,58.333333333333336,25.459808869475488,3,26.880481653252737,29.05548766943874,17.280332493869178,18.857099102889645,,,,5485468
2025-12-04,120.15,121,119.22,120.82,119.27408887897306,117.63537489177489,119.06209481245341,121.36590458387843,126.88695639473842,118.48914788380353,0,0,0,0,126.1863211490971,116.76799685376632,73.35531848787474,73.97081893160544,4,12,116.76799685376632,116.38641740944874,117.1495762980839,114.8600996321784,124.3471,121.44143177919771,121.05985233488013,121.8230112235153,123.34932900078563,116.27162,0,0,0,-4.781386966099537,0,0.4858813574345977,4,7.7857524554197655,54.3509459174452,0,2.7096909208216955,124.3471,116.27162,1,1,0,0,8,8,0,0,2157,0,,3,,0.8970602592404193,0.4873694359522119,2,1.7379078451207093,0.9006964867930811,,,,,,0.687080181861355,33.988992739188504,59.523809523809526,26.022206715514724,3,26.970637655882346,27.154563731072983,17.209925141053503,18.071697303516263,,,,4024055
2025-12-05,120.92,124.81,120.4001,124.32,120.9560592526487,119.24537402597403,119.56284768745785,121.48175146294203,126.8614145400644,118.39002517867088,0,0,0,0,126.17420329797518,117.26031083287751,76.71118421412427,67.86094109210049,4,13,121.58098346486858,121.18728558800225,121.97468134173491,119.61249408053695,125.06128751862556,124.98871094603672,124.59501306917039,125.38240882290305,126.95720033036835,120.10249999999999,0,1.5,0,-2.0032998601492014,0.09502935994863271,1.094856277599121,4,8.125134363053279,57.360241378249285,0,1.768007529763062,125.06128751862556,120.10249999999999,1,1,0,0,8,8,0,0,2157,0,,4,,1.7602348795890617,1.0884479885384615,3,2.293987018097167,0.45866057545686933,,,,,,0.7123682789939031,33.47744757722595,56.74603174603175,18.940884586367595,2,28.146291070264134,26.60573104652157,24.129343400416523,16.264329299539124,,,,3962329
2025-12-08,124.215,124.215,120.915,122.01,121.30737283509913,120.67571341991342,119.79590981246186,121.50246709184626,126.81314175857122,118.32184403094675,0,0,0,0,126.14688183605433,117.55567224647024,73.40964332535219,68.25506102711228,4,14,121.57350135468442,121.17752296902283,121.96947974034602,119.59360942637647,125.21650204298729,125.043312434838,124.64733404917641,125.4392908204996,127.02320436314595,118.15968000000001,0,1.5,2,-3.787574136216504,0.007561124921626278,0.5715785275497017,4,8.371440985521971,53.92262223418885,0,1.8399997677733018,125.21650204298729,118.15968000000001,1,1,0,0,8,8,0,0,2157,0,,5,,1.0604889993730102,0.5703809180492602,4,1.576601216216762,0.8650250788843052,,,,,,0.7786732904791097,32.930408070470804,55.15873015873016,13.555002041414358,2,28.999522238977054,26.09610069658097,22.276779841271154,15.015613025985385,,,,4030344
2025-12-09,121.61,125.81,121.1538,125.39,122.66824855673275,122.17856233766233,120.3286803065131,121.65491936275424,126.79898114405808,118.30098551804879,0,0,0,0,126.14246098688432,117.96891538578473,82.8921819410989,65.9061270066176,4,15,124.61489999999999,124.20563257045708,125.0241674295429,122.56856285228547,127.78987618221298,126.83509999999993,,,128.88143714771445,120.10249999999999,0,3,0,-1.111192796145035,0.058281418103377336,1.14474272101327,4,8.757544143285065,61.008815491173344,0,1.551541096616946,126.08516731135633,120.10249999999999,1,1,0,0,8,8,0,0,2157,0,,6,,1.4662513448270187,1.1348796334512892,5,3.7658458454190145,0.5615947692507695,,,,,,0.7243753790997759,32.22412133308074,53.57142857142857,6.2204473175199215,2,30.337022811393975,26.164059808739548,23.493563208265403,13.490333336228861,,,,3609041
2025-12-10,125.45,128.83,124.46,127.57,124.3021657044885,123.81145930735934,121.0183298011309,121.88688330931289,126.80665297347043,118.33359493078082,0,0,0,0,126.15330860257781,118.5898808320737,90.72083845064073,38.589187670127785,5,0,127.57,126.34614810113867,127.1842518988612,121.10758480910984,131,128.53089999999997,,,130.6261594943063,124.20902179999999,1,3.5,5.5,0.601977111318647,0.023297833077772667,1.4303699525471336,0,8.719453123864579,91.78870278465655,0,0.5307613173531717,,127.78987618221298,0,1,0,0,8,10,0,0,2125,0,,7,,1.1623035801694355,1.4170335496331652,6,5.3748628130237925,-2.5009718748096814,,,,,,0.9467004054583864,31.316416011522115,51.98412698412698,3.679330328764142,2,30.205071649497224,27.065939595708542,27.74067456422897,12.2342504969604,,,,4731221
2025-12-11,127.6,129.61,126.97,128,125.53477713632567,125.451712987013,121.68325077245177,122.12661337561435,126.8185270732369,118.41519393218994,0,0,0,0,126.16824127800601,119.2004444565828,94.70415789933426,29.54707288098644,5,1,128,126.27235895105733,127.09774104894254,123.66847160845914,131.71366,128.4183069596406,,,130.48176220435363,124.20902179999999,1,3.5,5,0.9316248611536179,0.06112620480603284,1.3659863426051346,0,8.669614060877015,89.78626443935185,0,0.8573555715928118,,127.78987618221298,1,1,0,0,8,10,0,0,2125,0,,8,,1.451744644002118,1.3552539064329194,7,5.510009451337722,-1.556703918320145,,,,,,1.0019778767517844,30.153851353944045,49.20634920634921,0.4043206194488664,2,30.03242407090505,28.090759005227234,27.843757106299122,11.535474106115604,,,,5075704
2025-12-12,128.93,130.6,128.19,128.39,126.48651809088378,127.03079134199136,122.32198879412303,122.37223638049223,126.83416361977184,118.54074403839451,0,0,0,0,126.18084492446394,119.60271410852421,95.98787082774318,59.05813684642982,5,2,126.62974999999993,126.22332259741037,127.03617740258949,124.59761298705212,129.4521401507007,128.90229545416955,,,130.93443246711738,124.87500999999999,0,0,9.5,1.2266697992287687,0.06288545321210989,1.301126706728504,0,8.641437840281474,64.14508236113474,0,1.3888778821102303,127.81341044957718,127.81341044957718,1,1,0,0,8,8,1,0,2125,0,,0,,1.4540168337277284,1.2912673285306637,8,4.515047451217554,2.9799637079466796,,,,,,0.707885691319882,28.65030810097144,46.42857142857143,-4.2910254046172405,1,29.934818779631563,29.273934215630376,28.42825420735619,10.876591880057779,,,,3581154
2025-12-15,129.29,132.25,128.3,131.81,128.2610120605892,128.7259251082251,123.22560890896845,122.74234475772782,126.88367442952536,118.72580658676746,0,0,0,0,126.22962352190073,120.37407988455888,97.03811560518875,41.040240346705886,5,3,131.81,127.89569053218185,128.72101999413388,125.20736430438363,,132.225,131.81233526902398,132.637664730976,134.28832365488012,127.96494999999999,1,5.5,0,3.882552733930212,0.09618890589118165,1.7746137887038658,0,8.947826796168567,87.61509940219399,0,0,,127.96494999999999,0,1,0,0,10,10,0,0,2157,0,,0,,1.6142091377722447,1.7519164481887566,9,5.000543195700829,-1.3593999785980388,,,,,,1.0758914625927312,29.953393293251956,48.80952380952381,-3.364246565396082,1,30.996181256580407,30.729744283220988,29.56867315325291,9.947038032022908,,,,5518099
2025-12-16,132.03,133.0485,131.17,132.01,129.51067470705945,130.35947186147186,124.06221758430479,123.10578221820909,126.93468264415695,118.96341445573518,0,0,0,0,126.26920796507355,120.93114108707175,93.90237990470946,54.94240475287497,3,0,128.50259952631578,128.10263852612377,128.90256052650778,126.50279452535568,133.01170751945054,132.67036136712616,132.27040036693415,133.07032236731817,134.67016636808626,128.7030782,0,2,0,3.998369279474988,0.10279676291390447,1.6253729461743103,0,7.8680759091834735,67.95496614319094,0,2.2547738359339866,133.01170751945054,128.7030782,1,1,0,0,15,8,0,1,2157,0,0,1,,1.6624393321322362,1.6026194028729055,10,3.1472924083466465,0.957150357194192,,,,,,0.8628174293433511,30.688900123028297,50.3968253968254,12.595791853530036,2,27.255814465028923,32.24327118276783,30.111253900187,9.529910064408028,,,,4390926
2025-12-17,133.96,136.82,133.6211,133.78,130.93378313803964,131.98220476190477,124.98772067151386,123.5243789939656,127.00279525466286,119.25612870501944,0,0,0,0,126.34065987304457,121.73959327192887,96.55583613881424,41.1676025238932,2,0,132.225,131.8106612141074,132.6393387858926,130.15330607053704,134.85316090043133,134.43,,,136.50169392946296,129.3755018,0,0,0,5.336264238710385,0.10670154563695773,1.7603625097160542,0,7.461029845478595,88.88642692615096,0,1.2686048180450287,134.85316090043133,129.3755018,1,1,0,0,10,10,0,1,2157,0,1,2,,1.6401617955472465,1.7327336675242395,11,6.002744915978495,-0.8597118273320095,,,,,,1.2029003928858542,34.01691098715764,59.523809523809526,31.61502582204989,3,25.845765538313387,34.287990664337435,35.11739855786547,8.542129977657149,,,,6158389
2025-12-18,133.3,135.41,132.96,133.99,131.95252209202644,133.45884025974027,125.84508060756015,123.93479550400616,127.07231967998959,119.59668343536713,0,0,0,0,126.39064294919862,122.25029237750901,97.86856959285743,46.25675763242117,2,1,133.99,131.81838184167117,132.63161815832882,129.70705473336932,135.13028658377164,134.43,,,136.46309079164416,129.3755018,1,3.5,0,5.443892373595951,0.09713342689503125,1.6091201564715718,0,7.301441068849953,84.08424707798126,0,0.26623888767756015,135.13028658377164,129.3755018,0,1,0,0,10,10,0,1,2157,0,2,3,,1.559311720216412,1.5856724591639124,12,5.9559877378882735,0.5117993579601328,,,,,,0.8337667751224951,37.16452124246445,62.698412698412696,46.93637969072929,3,25.292933799436252,35.79658616040731,33.22817379571882,9.5342370826118,,,,4257799
2025-12-19,134.15,137.05,133.61,135.28,133.06168139468429,134.7870753246753,126.7436443592211,124.37970548424121,127.15398814088522,119.98390546692764,0,0,0,0,135.28,123.46817577935144,99.91816798182384,12.4992403862119,2,2,135.28,134.02171171012324,134.83828828987677,130.3436936809858,137.52195786803432,138.6261898,138.21790151012323,139.03447808987676,140.66763124938385,135.13177626950525,1,5.5,0,6.390685795958874,0.06308014142512035,1.6552196427472117,5,6.392801052831839,96.41032884917314,1,0.45417721736564565,,135.13177626950525,0,1,0,0,11,10,1,1,2157,0,3,4,,1.2490136995626078,1.6310362650870627,13,9.036584296681934,-2.1546394683568417,,,,,,1.9971434538048813,41.684899007443974,64.28571428571429,88.23351035168852,3,22.145312452369108,37.462266172589885,34.31492083588986,8.817005437512554,,,,10530750
2025-12-22,136.09,138.52,135.95,136.95,134.35778759645618,136.1032541125541,127.71567822977147,124.8726582103494,127.25146089570228,120.41914487790203,0,0,0,0,135.85760920101842,124.10310495858982,98.81647198716425,26.361008253282897,2,3,136.95,134.02194658797157,134.83805341202844,132.38973293985782,138.97354196052513,143.8799,143.47184658797156,144.28795341202843,145.92016706014218,135.13177626950525,1,2,0,7.621554232879743,0.12846536072777476,1.7545334128002528,0,6.218978612100768,87.54072665772814,0,0.4437332142697039,,135.13177626950525,0,1,0,0,10,10,0,1,2157,0,4,5,,1.7228607165070084,1.7296070729799389,14,5.374716017543444,-1.1453158807525057,,,,,,1.0691623947283573,47.19071484319177,69.04761904761905,119.05182199013944,3,21.54317385468542,39.22594555135851,35.098686764823924,8.191931944517446,,,,5568207
2025-12-23,136.6,137.21,135.58,136.49,135.0685250643041,137.2016025974026,128.55132792217418,125.3282402413161,127.3433866579341,120.89018164344468,0,0,0,0,135.9696080920767,124.45576848386257,98.74249016155602,25.484675736171766,2,4,134.43,134.03653968883074,134.82346031116927,132.4626984441537,139.97293436946487,143.8799,143.48643968883073,144.27336031116926,145.8472015558463,135.13177626950525,0,2,0,7.1826371059498015,0.0645565641916345,1.4912590136287744,0,6.29717807818785,86.91944084539705,0,2.817531635143921,135.13177626950525,135.13177626950525,1,1,0,0,8,10,0,1,109,0,5,6,,1.229147029295084,1.4720600588443042,15,5.300621287154225,-1.0528147672456114,,,,,,0.6850955094447541,50.34479567684327,70.63492063492063,130.79053010270528,3,21.814064751460588,40.63498431752,33.800433217057126,8.728543313367211,,,,3464822
2025-12-24,136.01,137.99,135.81,136.78,135.63901670953607,138.0726688311688,129.3350109772052,125.7773288593037,127.43728330810391,121.39169236608245,0,0,0,0,136.0257845543071,124.60158928723052,98.90631982089425,27.694771307652392,2,5,136.78,134.04517971105713,134.81482028894288,132.5058985552856,141.11903143569336,143.8799,143.49507971105712,144.26472028894287,145.8040014447144,135.13177626950525,1,3.5,0,7.3312271333564825,0.04110058011122686,1.3801224287061566,0,5.656029132753785,87.28561782161924,0,1.0151914950589789,,135.13177626950525,1,1,0,0,8,10,0,1,109,0,6,7,,0.9897073296558966,1.3649168771220392,16,5.784746156006088,-0.6957761665864742,,,,,,0.30717904414410613,51.718531020277794,72.61904761904762,163.9635255212293,3,19.593059654038576,42.069151949331825,33.90055081254819,8.287051880086482,,,,1457175
2025-12-26,136.73,137.2113,136.15,136.82,136.03267780635738,138.6871082251082,130.04786707461423,126.21037478638982,127.5306436731974,121.91558025340136,0,0,0,0,136.08765831264455,124.77528520427626,99.1732516527584,31.445962826019773,2,6,136.82,134.9131909816959,135.6468090183041,133.21552785356715,138.52,137.05,,,138.88404509152056,135.14857451557984,1,5.5,0,7.284019008487837,0.045308983931328074,1.242347392808625,0,5.1944509973179205,88.23764711025422,0,0.47163632591319066,138.52,135.14857451557984,0,0,0,0,8,10,1,1,237,0,7,0,,0.9362778601188407,1.2302660873453615,17,6.466269989911943,-0.37384570664715766,,,,,,0.38803579406682076,52.10717388855405,72.61904761904762,189.57911901373993,3,17.994106089562926,43.40087903601423,33.024787210052715,8.072969859747005,,,,1776009
2025-12-29,136.5,137.16,136.16,136.62,136.22845187090493,139.01880865800862,130.67378449607955,126.61859538300199,127.621085029683,122.45407477872813,0,0,0,0,136.14539505458373,125.03251189918663,98.96121368774939,36.2355618372257,2,7,136.62,134.9304630544319,135.6295369455681,133.3637044354552,138.52,137.05,,,138.7976847278405,135.14857451557984,1,0,0,7.0512760240394226,0.04858971345353045,1.0821191210052676,0,5.248830526989688,83.19767111104434,0,0.5834851174713926,138.52,135.14857451557984,0,0,0,0,8,10,0,1,237,0,8,0,,0.8618991197979194,1.0717439068936827,18,5.3850404011147,-0.04390045357264856,,,,,,0.6042745946267952,51.55493232277368,71.82539682539682,183.54177089117516,3,18.182482306129327,44.63748275936218,32.18120207475583,7.866753924786814,,,,2773301
2025-12-30,135.89,137.42,135.89,136.91,136.4556345806033,139.1461402597402,131.2677097821672,127.02217987778623,127.71351204431302,123.00372422625591,0,0,0,0,136.21115720449876,125.25216833071228,99.23080921605538,41.48438684064415,2,8,136.91,134.94176926482962,135.61823073517039,133.18415411863697,138.52,137.05,,,138.7411536758519,135.14857451557984,1,3.5,0,7.200873117087291,0.05378214336321423,1.0177516508057223,0,5.213991531722823,86.51894161778092,0,0.43211663908412296,138.52,135.14857451557984,0,0,0,0,8,10,0,1,237,0,9,0,,0.49986220615913285,1.0065269836948767,19,6.618824945379156,0.2655227478199743,,,,,,0.5378036434017642,50.866743190070096,71.03174603174604,181.62615622701918,3,18.061796486355604,45.5767317558693,30.881443770139825,8.261768147198039,,,,2406200
2025-12-31,136.62,137.58,135.565,135.72,136.21042305373552,138.98814069264068,131.6917374219608,127.36327086297108,127.79317859113577,123.55218293875288,0,0,0,0,136.1755291049186,125.42529769696479,99.14831115414137,47.31397237431195,2,9,135.28,134.9479375316275,135.6120624683725,133.61968765813754,138.52,137.05,,,138.71031234186248,135.14857451557984,0,0,2,6.2028517454953285,0.053236480949698864,0.727215898272176,0,5.368655069593137,81.93295229419829,0,1.9514400503495148,138.52,135.14857451557984,1,0,0,0,8,10,0,1,237,0,10,0,,0.3479359683181805,0.717421792707217,20,5.778484204482565,0.6078778502768007,,,,,,0.5149156531877309,50.06037445501701,68.65079365079364,169.1770126100493,3,18.59756669769508,46.18900024293055,29.20829394562318,8.68801478464473,,,,2188111
2026-01-02,135.94,136.11,132.34,133.01,135.143615369157,138.33897965367964,131.81728623891692,127.58471122128594,127.84508726187075,124.07869209438948,0,0,0,0,135.81609148889783,125.64052632668977,99.2527518513852,43.11400358818442,2,10,131.87,131.52799556508268,132.21200443491733,130.15997782541342,135.1272951671661,136.86980465116278,136.52780021624545,137.2118090860801,138.57982682574936,135.1272951671661,0,0,1,4.039977482708997,0.046866554080211655,0.22797855624140112,0,5.945853965332928,86.52703470082425,0,1.90482627393623,135.1272951671661,135.1272951671661,1,0,0,0,8,10,1,1,237,0,11,1,,-0.13140324979805096,0.22175834412537598,21,6.2808418874294984,-0.1612362136657445,,,,,,0.9269413632467741,49.31584899022371,67.06349206349206,139.43170195424,3,20.597042324683017,44.58069895473768,26.333559185196815,16.25230120380692,,,,3863838
2026-01-05,133.1,137.96,132.635,135.87,135.385743579438,137.70200086580087,132.20325897806768,127.9096245067257,127.92493713986208,124.5998835199733,0,0,0,0,135.82218447675828,125.95623344584976,99.42470471509073,27.818307838032986,2,11,135.87,135.21487981043393,135.9451201895661,130.02807696694273,138.52,136.82,,,138.6456009478304,131.7208782,1,3.5,1.5,6.210722504754079,0.062164723634881514,0.6551357869351869,0,6.162098991609288,93.10342732958253,0,0.4536177530933977,138.52,135.1272951671661,0,1,1,0,5,10,0,1,237,0,12,2,,0.15175904566298865,0.6481609481423981,22,6.905464003979763,-2.1517924786352256,,,,,,1.0363673411894376,44.14146390666434,63.095238095238095,106.78900244574898,3,21.346137069472462,43.68067612900372,27.42844809874384,14.135984773154238,,,,4336138
2026-01-06,135.95,138.38,135.945,138.02,136.26382905295867,137.35633679653682,132.75723431348982,128.30610982018743,128.02538552653013,125.12671327273864,1,0,0,0,135.9871352224752,126.21773204892162,98.62390243979908,15.35507846478495,2,12,138.02,134.80877519999999,135.58,133.0533928775091,138.52,138.52,,,140.3272544515568,135.1272951671661,1,2,0,7.806744289318107,0.0745892770021461,0.9241129789447463,0,5.7874758274426075,92.66783590965589,0,0.10067234787623695,138.52,135.1272951671661,0,1,0,0,8,10,1,1,237,0,13,3,,0.2415466166451744,0.9164728085866914,23,4.633678635061802,-4.2452389248444495,,,,,,0.7516526127153735,41.056049252744536,59.92063492063492,104.7846228189681,3,20.048404361414647,42.97087916540753,26.7653120543561,13.25952403010427,,,,3112977
2026-01-07,137.65,139.55,136.83,137.04,136.52255270197244,137.15917272727273,133.16511675982412,128.64861531743497,128.11508318298257,125.65109918998547,0,0,0,0,136.07089974995483,126.4813193562905,99.04547172276341,47.84309297751458,2,13,136.8595348837209,136.49961619986036,137.21945356758144,135.05994146441816,141.19156201630486,138.52,,,140.31959341930275,135.1272951671661,0,0,3,6.966327925861979,0.07483163962930992,0.6758130655598691,0,5.383929227881478,76.88103708653398,0,2.4072254799989357,138.52,135.1272951671661,1,1,1,0,1,10,1,1,237,0,14,4,,-0.03772597172626044,0.6707577342724684,24,6.532182846287711,2.316158146070389,,,,,,0.8703345534342872,38.51212722862335,58.73015873015873,106.49404999014125,3,18.65047793409159,42.653250508702094,27.86174898169188,12.364830237868574,,,,3585125
2026-01-08,136.105,138.78,134.55,138.66,137.23503513464829,137.27578874458874,133.6884389731742,129.0412186383199,128.22000772842554,126.18157561376695,0,0,0,0,136.2620956607247,126.77151567615091,99.36502847035317,25.361118870723747,2,14,138.66,138.1480219364152,138.89197806358482,132.70835098264328,141.0435159931287,143.8799,143.5079219364152,144.2518780635848,145.73979031792396,135.1272951671661,1,5,0,8.142248980117614,0.08515568934503252,0.8593983565045776,0,4.936476847847882,96.1964393387592,0,0.4004799318941155,141.0435159931287,135.1272951671661,0,1,1,0,5,10,1,1,237,0,15,5,,0.1761180055605824,0.8494443750648522,25,7.234503721679045,-4.251283786887245,,,,,,0.8724282511294874,37.17045428709195,57.93650793650794,117.36526322319459,3,17.10045742171998,41.05709966424019,25.032876372512305,16.582071245515223,,,,3593052
2026-01-09,140.005,141.4,137.91,139.27,137.9133567564322,137.60108787878784,134.22001621382427,129.4423473191701,128.329957900282,126.72005660032235,0,0,0,0,139.27,127.13980113909251,98.81825250994729,13.00442125359001,2,15,138.52,138.14343108381414,138.89656891618588,136.6371554190706,141.12436567540541,143.8799,143.50333108381412,144.25646891618587,145.7627445809294,136.0565782,0,3.5,1,8.524932353066687,0.09151355065422233,0.8656644312462118,0,4.766755962516207,95.80016084232015,0,1.383207993789827,141.12436567540541,136.0565782,1,1,0,0,8,10,2,1,237,0,16,6,,0.20569557356041687,0.8529616788564778,26,4.9472883606236975,-6.270617389138592,,,,,,1.113685660111285,37.709457013902544,57.93650793650794,128.36878297498154,3,16.512527028719912,40.37168573718018,29.17353519715779,15.209920857797606,,,,4578134
2026-01-12,139.28,140.24,137.015,138.51,138.11223783762145,137.94614069264065,134.62858609822194,129.79794154194775,128.43125185152297,127.26039249031051,0,0,0,0,138.94770120252096,127.38126599727637,98.5686658330724,10.7372660346882,2,16,136.99,136.61153422068455,137.36846577931547,135.0976711034227,140.8789398718926,138.94770120252096,,,140.84003009909827,135.16851611077638,0,3.5,3,7.847582269250848,0.09257124467958758,0.6585039844882369,0,4.867306834917062,89.29956561337698,0,2.0551077980823513,138.52,135.16851611077638,1,1,0,0,8,10,1,1,237,0,17,7,,0.11928055466896886,0.6471901469016272,27,4.985168446490902,-2.7334959797136653,,,,,,0.8374187127969097,41.868856120663715,60.714285714285715,148.32002760248025,3,16.860845468207224,39.27540894235252,26.95393814824665,16.16414954532826,,,,3371083
2026-01-13,138.14,140.19,136.5,140.07,138.76482522508095,138.4623783549783,135.1468159936294,130.20076736383214,128.5470602908113,127.81064576894777,0,0,0,0,139.3301464581159,127.70143811441545,98.93750253580508,6.334035602650749,2,17,140.07,136.60562106206422,137.3743789379358,133.91993699302742,140.67000542935077,140.67000542935077,140.28562649141497,141.05438436728656,142.5919001190297,136.0565782,1,5,0,8.963985394236495,0.10259770474896025,0.8274683296254947,6,4.919320118451851,95.28574817413984,0,0.0975608589164896,,136.0565782,0,1,0,0,8,10,1,1,237,0,18,8,,0.29901467970742396,0.8139277818582025,28,6.178642216793981,-4.796981595257913,,,,,,1.0141039564953505,47.730088442062105,66.66666666666667,180.08930855206881,3,17.041024767708706,37.99442912911478,24.64362426193203,15.974936342772972,,,,4109111
2026-01-14,139.5,139.65,130.15,132.79,136.77321681672063,138.25833203463202,134.92235732756944,130.30230589858382,128.58927859637535,128.32444262541225,0,0,0,0,136.78512069952578,127.93065391058549,98.77127997236293,50.11388585479942,2,18,132.1035904521863,131.65809572410308,132.54908518026951,129.87611681177017,135.16851611077638,133.01,,,135.2374736404161,129.04421819442365,0,5.5,1.5,3.2667742205865755,0.01633387110293288,-0.3719108411024717,6,7.127823115028685,78.85411826500665,0,1.3759649510453984,135.16851611077638,131.91384257613305,1,1,0,0,8,8,1,1,237,0,19,9,,-0.486204255715079,-0.3754103855040439,0,5.409111832452103,0.44607392275981095,,,,,,1.8464685511550551,53.97765071421611,73.80952380952381,118.60819683058912,3,24.691503565187084,36.19276038124159,19.744080297746105,25.525486900872814,,,,7681559
2026-01-15,134.54,135.5,131.93,132.6,135.3821445444804,137.54612640692642,134.7011804392295,130.39241154961977,128.6291862720333,128.80302828109498,0,0,0,0,135.9854888636035,128.05492065771742,99.10795177868204,43.86787437989471,2,19,132.15953348651433,131.71398481043704,132.60508216259163,129.9317901061279,135.16851611077638,133.01,,,135.23774338038643,129.04421819442365,0,0,3,3.0870239041775114,0.01543511952088756,-0.36863604572667835,6,7.12892828744943,80.4458320915103,0,1.350686372027322,135.16851611077638,132.05242942526758,1,1,1,0,1,10,1,1,232,0,20,10,,-0.3834255381439511,-0.3692491706959668,0,6.289890281660104,0.9535513891303351,,,,,,1.117097217355284,58.85982753403297,78.17460317460318,138.3439410595274,3,24.695331994754792,34.51978225821649,18.331568953235923,23.69936791847864,,,,4662441
2026-01-16,132.6,132.76,129.85,130.66,133.80809636298693,136.33917056277056,134.31630611168382,130.40290521434056,128.64939337380412,129.23695739782465,0,0,0,0,135.07057117150475,128.12807740578668,99.037850749076,38.13076552897934,2,20,130.40290521434056,129.96319930084022,130.8426111278409,128.20437564683888,134.43995,131.87,,,134.06852956750168,129.1075821867992,0,8.5,2.5,1.5628574480361943,0.007814287240180972,-0.6367101018541569,6,7.138481004241837,83.85854259052684,0,1.8362476654098316,134.43995,131.34499999998067,1,0,1,0,1,10,1,1,232,0,21,11,,-0.3052131266267287,-0.6295982181148839,0,5.644070505472201,-0.5409855902407443,,,,,,1.2289616076003205,63.178489866246764,81.74603174603175,155.4893548753351,3,24.728423576424323,33.56751738577509,17.248359861170393,26.52257874222851,,,,5061957
2026-01-20,127.83,132.035,127.83,130.73,132.7820642419913,134.8649606060606,133.9747531486663,130.415732460837,128.6700959272986,129.63008357180945,0,0,0,0,134.49537738441052,128.19146435284452,92.4999519319696,35.122718107097825,2,21,130.5798015237875,130.13395853268005,131.02564451489494,128.35058656825024,134.43995,131.87,,,134.09921495553726,129.1075821867992,0,6.5,2.5,1.600919046384543,0.008004595231922715,-0.5648902578954085,0,7.135049901505531,65.1454675777067,0,1.73161788037717,134.43995,130.7042421751792,1,0,1,0,19,10,1,1,232,0,22,12,,-0.5905520439512354,-0.5582955974123531,0,1.9761890684995116,-0.5580093222501419,,,,,,1.08953601130019,64.21932464558311,82.93650793650794,159.82330104993343,3,24.716537887893782,33.199305868939476,15.795867562815422,28.334406444257628,,,,4500923
2026-01-21,130.73,134.97,129.7,133.59,133.05137616132754,133.72263116883119,133.93810999165046,130.5402135408042,128.71905019667872,130.00263671787724,0,0,0,0,134.3864366346443,128.32388854606523,94.92218480733574,23.879090661440813,2,22,133.59,130.1000530973271,131.02215436652668,126.21318984640354,135.12365525395273,134.3864366346443,133.9253860000445,134.84748726924408,136.6916898076432,130.52614928906038,1,3.5,2.5,3.7841716481582335,0.018920858240791167,-0.06838732127400007,0,7.422812172746093,84.82914216283322,0,0.20790222630373875,135.12365525395273,130.52614928906038,0,1,0,0,8,10,1,1,232,0,23,13,,-0.5082356223475019,-0.06586185302493222,0,4.362121904298565,-2.1381093882844513,,,,,,1.210887167696988,63.25977804040496,81.34920634920636,146.01895501682867,3,25.713375636473923,31.70679605024463,19.867619320129727,25.44267413232103,,,,4645938
2026-01-22,134.32,137.21,133.51,133.8,133.30091744088503,132.9232,133.92495665911233,130.6680483039099,128.76960691113962,130.3555453289362,0,0,0,0,134.33670865501674,128.42540549672498,96.49953580210612,14.172887793479962,2,23,132.46499999999997,132.00384583930017,132.92615416069978,130.159229196501,135.12365525395273,134.33670865501674,,,136.6424794585157,130.32136685274227,0,0,2.5,3.906506519299798,0.019532532596498994,-0.0283052346999716,0,7.303570457904834,90.50035547327236,0,1.1530440275843066,135.12365525395273,130.32136685274227,1,1,0,0,8,10,1,1,232,0,24,14,,-0.38584554674101146,-0.02741962531546493,0,4.80240852981838,-3.6437713726897263,,,,,,0.9572396839910654,59.26944655009451,76.98412698412699,134.26371469711015,3,25.30031021950052,29.571135998270226,22.781306583763822,23.62003653099391,,,,3577461
2026-01-23,133.21,134.82,131.71,132.15,132.91727829392335,132.24731471861475,133.75591316776828,130.72616405669774,128.80324266326758,130.6797167624444,0,0,0,0,134.13432410173783,128.50664235580786,94.8682041059983,17.474883637043206,2,24,131.87,131.41401756506448,132.32598243493553,129.5900878253224,135.09406664446067,134.13432410173783,,,136.41423627641544,129.90318358134948,0,0,1.5,2.5983486653996017,0.01299174332699801,-0.28098236970070556,0,7.3875612320856625,75.39116542935452,0,1.4141187894294953,135.09406664446067,129.90318358134948,1,1,1,0,19,10,1,1,232,0,25,15,,-0.7153827183497878,-0.2822676333232346,0,3.058210434464712,-1.3445698359175973,,,,,,1.138579598541585,55.17833877136461,73.01587301587301,115.61397423497068,3,25.591262795997,28.112870966411496,21.39399861249289,25.706224471929943,,,,4302887
2026-01-26,132.49,134.51,131.18,133.39,133.0748521959489,131.82474935064937,133.7210642946475,130.83062821133706,128.84888203975248,130.9856906090153,0,0,0,0,134.08015278308673,128.5953314944516,96.1086102827302,9.811324277675611,2,25,133.39,131.4168555961313,132.3231444038687,127.5548447690504,135.09406664446067,134.08015278308673,,,136.34587480243022,129.69597767343322,1,4.5,1.5,3.5243751349324692,0.017621875674662345,-0.06207067710596926,0,7.460708272155469,91.57557948166576,0,0.29203450071428017,135.09406664446067,129.69597767343322,0,1,0,0,8,10,1,1,232,0,26,16,,-0.6456274809772234,-0.0667536520824673,0,4.364495880154462,-4.65204107596062,,,,,,0.9383938593986829,51.736961160056424,69.44444444444444,100.18440182343416,3,25.844651575645365,26.909171100721093,19.990275168924864,25.063853408494598,,,,3649200
2026-01-27,133.23,133.49,131.01,132.22,132.78990146396592,131.47323896103896,133.57810579039537,130.8851133795199,128.8824255020435,131.26811989048866,0,0,0,0,133.9907808662522,128.6404145728222,96.1703122432004,6.0211214806205655,2,26,130.46805152279651,130.02513171920415,130.91097132638888,128.25345250483468,135.09406664446067,133.9907808662522,,,136.20537988421404,129.35621826019135,0,2,0,2.589627317266446,0.012948136586332232,-0.237204647237263,0,7.49619067307085,90.23160343289916,0,2.0888725607408736,135.09406664446067,129.35621826019135,1,1,0,0,8,10,1,1,232,0,27,17,,-0.6867529259375079,-0.24170763528163536,0,3.8802953375127966,-4.6002598916489665,,,,,,0.6444966916742474,48.53729420969679,63.492063492063494,86.91506859860027,3,25.9675662179653,25.841796050491944,18.990902813654667,24.153531476808826,,,,2530618
2026-01-28,132.54,134.115,131.51,131.55,132.37660097597728,131.1733926406926,133.38495285797677,130.9111873646368,128.9089685318739,131.5262726838322,0,0,0,0,133.89018424106072,128.67243676424678,96.06755475211114,14.885512166855904,2,27,130.47540626580562,129.85,130.73,128.11183358665693,135.09406664446067,131.87,,,134.04270801667883,129.22689268927766,0,0,6,2.0487569625328916,0.010243784812664459,-0.32220686542957455,0,7.503641016263856,77.31552375965902,0,1.9541012719433695,135.09406664446067,129.22689268927766,1,0,0,0,8,10,1,1,232,0,28,0,,-0.898544098098747,-0.3217309216335735,0,3.785233177948598,-1.1152536659578707,,,,,,0.5803987302635454,45.761353110600126,60.714285714285715,76.05006342668477,3,25.993374963853523,24.606820830728886,19.258604827323747,22.860708743486406,,,,2264162
2026-01-29,131.75,132.58,130.1,131.77,132.17440065065153,131.0511515151515,133.23114782388376,130.9448662915138,128.93743650668114,131.76550984618962,0,0,0,0,133.73788294956938,128.7351567432336,97.79145965030392,10.836619219959323,2,28,131.77,129.85,130.73,126.69483380379144,135.09406664446067,131.87,,,133.99822887263034,129.22689268927766,1,3.5,2.5,2.1968511008609184,0.010984255504304593,-0.2591350099163652,0,7.50125210791623,92.65137751655504,0,0.6549670524965111,135.09406664446067,129.22689268927766,0,0,0,0,8,10,1,1,224,0,29,1,,-0.14613115944592764,-0.25708721128433976,0,6.659560489164786,-3.0530178452459005,,,,,,1.0646902885096983,42.14700779283266,57.53968253968254,62.19683024017715,3,25.985099542588095,23.91054683943216,18.256737638727817,24.629144397229698,,,,4251647
2026-01-30,130.97,131.56,129.06,129.37,131.2396004337677,130.77347489177487,132.86341945970435,130.88310682910148,128.94174062104253,131.97458649578607,0,0,0,0,133.49363773881228,128.74558176257233,91.90291034896683,44.08837979287339,4,0,128.24304999999995,127.82361106651146,128.66248893348845,126.14585533255749,133.67533,131.5958604651798,,,133.69305513262228,129.23250474067854,0,0,1.5,0.33213401408634946,0.0016606700704317476,-0.6094087435828988,4,7.653731068217171,55.968432052412076,0,2.5902602578256255,129.23250474067854,129.23250474067854,1,0,0,0,8,10,0,1,192,0,30,2,,-0.38115366523008015,-0.604105155979149,0,2.8619776762949503,1.4568240532604928,,,,,,0.8636398321909378,37.4749237128809,52.38095238095238,41.34385635352824,3,26.51330215524111,23.579860015610613,17.203550123327776,25.422189746219875,,,,3505684
2026-02-02,129.5,132.48,128.39,131.31,131.26306695584512,130.62114372294369,132.71547474925632,130.89984773776416,128.9653053909824,132.17077785940486,0,0,0,0,133.38694212095902,128.78369391269587,95.00354966023923,28.47614167456765,1,0,130.86034826386552,130.43435139705477,131.28634513067627,128.7303639298118,135.0371107574511,132.46581500960656,,,135.02179621047102,129.23250474067854,0,3.5,1.5,1.8180816940720834,0.009090408470360417,-0.24685225297115324,0,7.599530228515178,87.98207814730475,0,1.960935780986007,135.0371107574511,129.23250474067854,1,0,0,0,8,15,1,0,192,0,,3,,0.03146585363456502,-0.2465999465473798,0,5.261844448463495,-2.550728010775836,,,,,,0.799750238140409,34.037713347391225,48.01587301587302,29.295379930051656,3,26.325544938887614,22.871110741370458,17.657055303122263,23.242915752114406,,,,3220623
2026-02-03,130.24,131.06,120.1,122.075,128.2003779705634,129.5551935064935,131.7020962017081,130.5537752774597,128.8967451383358,132.2991658971678,0,0,0,0,132.32421167895853,128.57858062796956,60.94631086739481,47.14430480348481,4,0,120.85,120.35434219510431,121.34565780489568,118.37171097552155,126.54015000000001,123.41,,,125.88828902447844,117.37,0,0,2.5,-5.292410705184604,0,-1.675548015893212,4,10.1444464882264,27.92320995115979,0,2.295999354311595,126.54015000000001,117.37,1,1,0,0,8,8,0,0,192,0,,4,,-0.9721051270919113,-1.655620420196799,0,1.0334079774000706,3.899403180402755,,,,,,1.6460917154440018,34.43695776104795,48.01587301587302,-2.0045753285406596,1,35.14139346454359,24.14887448367276,14.0915267557022,33.48267961461901,,,,6834497
2026-02-04,123.15,125.51,120.2,124.61,127.00358531370894,128.1663246753247,131.02665846821208,130.32068605089265,128.85409095785485,132.38176001257173,0,0,0,0,131.78592253464106,128.4840074046024,60.11044165635931,72.28331944812204,4,1,123.97672053165869,123.4690561413984,124.48438492191897,121.43839858035726,128.815,128.43312499999993,127.92546060973964,128.94078939026022,130.97144695130135,123.97672053165869,0,1.5,0,-3.293718442546767,0,-1.1113800201565298,4,10.261112097980025,21.112328214068725,0,1.7556498166264618,128.815,123.97672053165869,1,1,0,0,8,8,0,0,192,0,,5,,-0.9822245681889528,-1.1031297034539236,0,0.023086852491596588,4.218178563292935,,,,,,1.2782513703902663,35.625981902577124,49.6031746031746,0.22632072037657727,2,35.54553499172215,25.335369387239187,12.775520824063857,30.355736328494654,,,,5457057
2026-02-05,124.24,125,120.79,121.27,125.0923902091393,126.36149199134198,130.09745289981092,129.96575718615176,128.77862736623442,132.40218038597087,0,0,0,0,131.2672032610503,128.35840120738365,41.82840615466862,51.66020532704438,4,2,120.85,120.34100806618687,121.35899193381312,118.30504033093439,125.46022,126.14039772727277,125.63140579345965,126.64938966108589,128.6853573963384,122.0923291491354,0,0,2,-5.830647149919206,0.04316173772188897,-1.5341798618389098,4,10.495051810304474,15.873491321236799,0,1.5906218976050106,125.46022,122.0923291491354,1,1,1,0,10,8,0,0,192,0,,6,,-1.3452939017751118,-1.5161589141205225,0,-1.130283611380782,4.367478744212945,,,,,,0.9452541197793343,37.9852665280683,52.77777777777778,4.481636925733656,2,36.35592592703014,26.437114654836584,11.832042803092198,28.113951400055598,,,,4057778
2026-02-06,121.27,122.84,119.76,122.18,124.12159347275953,124.55129047619047,129.3434097664956,129.66043337493014,128.7129693824908,132.37209872048095,0,0,0,0,130.71202353474536,128.21967934444345,33.41892563112801,75.0976941186454,4,3,120.87470515905265,,,118.37402832349174,126.54015000000001,123.41,122.90986463288782,123.91013536711218,125.9106768355609,120.88152037534304,0,1.5,0,-5.075610805836548,0.010075520775258112,-1.2398468079749063,4,10.42709346157535,15.53100842959934,0,1.0111181055867249,126.54015000000001,120.88152037534304,1,1,0,0,10,8,0,0,192,0,,7,,-1.080604166202065,-1.2253834865127045,0,-1.0241448173552108,4.59814465555295,,,,,,1.2218934921035245,40.63366044498069,54.36507936507937,12.494698942331546,2,36.120511301435485,27.656704633786894,11.181456584877301,28.40689047870401,,,,5352847
2026-02-09,121.81,122.49,120.25,121.31,123.18439564850635,122.9149393939394,128.57832312206745,129.33296539944268,128.63930799560035,132.29331818347023,0,0,0,0,130.2125938667331,128.08010089585818,31.520681132286345,65.61992444491496,4,4,120.04714057366574,,,117.88801646195486,125.46022,123.41,122.92558858768155,123.89441141231845,125.83205706159228,119.8256621112287,0,1.5,2,-5.697564849968734,0.03525520584154296,-1.2582934711700087,4,10.366084527219687,34.639623678673296,0,1.4798734289170392,125.46022,119.8256621112287,1,1,0,0,10,8,0,0,192,0,,8,,-1.2820416467323437,-1.2407970978866163,0,-0.7137899221567388,1.0678570077882508,,,,,,1.1176872883570048,43.011260846015766,57.53968253968254,19.777930434707812,2,35.909170153396204,28.789181042812178,10.719805339653274,27.234048974299938,,,,4915178
2026-02-10,120.44,121.88,119.35,120.32,122.22959709900424,121.39055151515154,127.79181615806102,128.97951577593514,128.55652881156453,132.1675390731456,0,0,0,0,129.65636351482664,127.90818257067743,33.08219489405918,63.16747277572865,4,5,118.7685158813814,,,116.40651646704572,124.3471,120.85,120.37760011713286,121.32239988286713,123.21199941433568,115.645,0,1,3.5,-6.406931555874125,0.03298953592694434,-1.2922493940753994,4,10.365703582368722,32.06772792140482,0,2.2036415286173603,124.3471,118.7685158813814,1,1,0,0,10,8,0,0,192,0,,9,,-1.2639162874155547,-1.273762912014512,0,-0.4063167549139246,1.8046831573714996,,,,,,1.2237595221528723,46.77034844905511,61.111111111111114,30.25103917250931,3,35.90785052172269,30.022149209040467,10.20720414223287,27.632807995980524,,,,5512685
2026-02-11,120.955,122.35,118.1301,119.55,121.33639806600283,120.02094155844156,127.00688128586474,128.60973084354552,128.4669116094594,131.99727147402382,0,0,0,0,129.08799804224523,127.71644216187748,35.05076105097167,59.49923872227354,4,6,118.1101124301965,,,115.72843886688479,123.715,120.85,120.37366528733766,121.32633471266233,123.2316735633117,118.1101124301965,0,3.5,5,-6.941018117230762,0.03376619643606704,-1.2869392550899428,4,10.188024473851005,37.7515421073461,0,1.1504043257690182,123.715,118.1101124301965,1,1,0,0,10,8,0,0,192,0,,10,,-1.2701295714885363,-1.2690320199193228,0,-0.26851702001854605,1.0554998218915617,,,,,,1.2724663467690778,51.060349198529565,67.85714285714286,44.67822702208434,3,35.29235203493023,31.404341461186586,9.399822806040767,27.733695816236732,,,,5842371
2026-02-12,119.55,121.48,115.5301,115.96,119.54426537733522,118.46586709956709,125.95479735387762,128.11366296732805,128.34246472777323,131.76885919689698,0,1,0,0,127.92573989517331,127.2683857672308,14.78587940539468,33.428412638549375,4,7,110.81,110.31456508824212,111.30543491175789,108.33282544121056,120.17745000000001,120.17745000000001,119.68201508824212,120.67288491175789,122.65462455878945,116.15782771961119,0,0,6.5,-9.647987323632629,0.08184007397317547,-1.7373486791950512,4,9.336834036694858,27.61097035285709,0,1.6226641219636713,120.17745000000001,116.15782771961119,1,1,0,0,10,8,0,0,192,0,,11,,-1.6547205917854038,-1.7132275539495714,0,-1.8953260315718552,1.1451363184222514,,,,,,2.1415575114597183,57.02190051186721,74.60317460317461,76.29964011807851,3,32.343741866787816,33.135624763743316,8.391905959607447,29.445526620428932,,,,10090656
2026-02-13,126.465,127.01,119.66,121.35,120.14617691822347,117.53658744588745,125.5162452249369,127.8484212823348,128.27288796431282,131.52451741784415,0,0,0,0,127.34655341650938,127.03213097818242,70.27326663669577,90.91606941533944,4,8,119.97268292682926,,,117.17914583652478,126.54015000000001,121.35,122.18,123.41,130.28931868897436,115.645,2,0,5.5,-5.397000156602741,0,-0.6937312311926163,4,10.693224436333875,38.345824444335236,0,0.6381918128767986,126.54015000000001,115.645,1,0,0,0,8,8,0,0,2112,0,,0,,-0.8491863284250273,-0.6893770401289828,0,1.5871262624842304,2.8912397121161164,,,,,,2.1889630457273066,56.5486150373927,73.80952380952381,52.65908944735731,3,37.042416040934675,32.286634138981476,15.747363272255221,24.245816369626624,,,,11008598
2026-02-17,122.08,127.65,122.08,124.23,121.50745127881565,117.48312251082253,125.39374567970481,127.70652240851774,128.23266022337438,131.28762980192033,0,0,0,0,127.18808913847495,126.96571172110318,63.52937642889627,85.95355190595775,4,9,119.97268292682926,119.39763318148701,120.54773267217152,117.09743420011796,128.65766393016884,126.99757912184323,126.42252937650098,127.57262886718549,129.87282784855452,118.15968000000001,0,0,4.5,-3.1214046533870223,0,-0.15502757155840463,4,10.983199619814116,46.638109800142026,0,3.0737859440605715,128.65766393016884,118.15968000000001,1,1,0,0,8,8,0,0,2112,0,,1,,-0.7346404199828142,-0.12641134727178704,0,1.9040811744894244,2.608862498459139,,,,,,1.310051735615627,54.62898146625474,71.42857142857143,43.58319181505987,3,38.04691954237845,31.26615636341286,15.200696457458733,21.874148210761916,,,,6695428
2026-02-18,124.18,126.02,122.5001,124.27,122.42830085254377,118.15379826839826,125.28672228163768,127.57175682386999,128.19323076841542,131.062441101012,0,0,0,0,127.09127140707677,126.9232654525196,65.16023828099694,84.21181193648576,4,10,119.97268292682926,119.40728048472573,120.5380853689328,117.14567071631161,128.65766393016884,126.35116616764006,125.78576372553653,126.91656860974359,129.1781783781577,118.15968000000001,0,1.5,4.5,-3.060404004875145,0,-0.12389048317354587,4,10.98259552635403,46.25731882696239,0,2.8975772149707684,128.65766393016884,118.15968000000001,1,1,0,0,8,8,0,0,2112,0,,2,,0.3250430735532293,-0.08791884860904925,0,1.031669242463042,1.8847011599039374,,,,,,0.8840266500634821,53.65400547929576,69.84126984126983,41.02838637842822,3,38.04482690124767,30.318569857527716,14.355771556622539,20.658282045709633,,,,4518888
2026-02-19,123.84,126.04,122.67,125.81,123.55553390169585,119.41320043290042,125.33655825481505,127.50266832097313,128.1695170294262,130.86077422312786,0,0,0,0,127.03523645959031,126.89961593813352,76.84196018886945,76.9616179909786,4,11,119.9892604651163,119.43415462602017,120.54436630421243,117.21373126963563,128.65766393016884,126.95320779205912,126.39810195296299,127.50831363115525,129.72873698753978,120.74582,0,3,0,-1.8409346341567965,0,0.16435771305363442,4,10.80512219999673,54.76291237599557,0,2.236470004410869,128.65766393016884,120.74582,1,1,0,0,8,8,0,0,2112,0,,3,,0.21669786364898688,0.21040194201438508,1,2.823979348295195,0.9314581296129791,,,,,,1.199982580922255,52.32050827601359,68.65079365079364,39.782128226664746,3,37.43004126476947,29.43048856570941,13.609791709187775,19.538508288957622,,,,6228942
2026-02-20,125.29,128,124.08,127.89,125.0003559344639,121.10308181818182,125.5797431829279,127.51785779858203,128.16673576545182,130.69765793197547,0,0,0,0,127.07240830575485,126.92101527193658,84.11659390520674,73.0704103461971,4,12,126.92376643676947,126.37331101475164,127.4742218587873,124.17148932668027,133.67533,128.48437499999994,,,131.23665211008915,122.70032,0,5.5,0,-0.2159185562455542,0,0.5315068949855664,4,10.971178881092099,63.59913846028649,0,2.4530827722546182,128.62755946231908,122.70032,1,1,0,0,8,8,0,0,2112,0,,4,,0.8993784835949569,0.5685526474335235,2,3.249823691462516,0.8980141058389315,,,,,,1.2136056495313912,50.59199497591538,65.07936507936508,33.11833775914778,3,38.00527848195636,27.82354655004563,15.923616297397835,18.296177370303585,,,,6475512
2026-02-23,127.09,128.15,119.94,122.96,124.32023728964259,122.38371688311686,125.33024383217285,127.339118277069,128.11492744937766,130.5396488290688,0,0,0,0,126.91269909188361,126.84306117949019,72.82809127851586,83.47803807947453,4,13,121.25243902439023,,,118.3302352793074,128.62755946231908,123.41,122.82555925098343,123.99444074901656,126.33220374508282,118.15968000000001,0,4,3.5,-4.0236743305455525,0,-0.35286410540958724,4,11.54645141383893,31.96297169837038,0,1.7966988129539803,128.62755946231908,118.15968000000001,1,1,0,1,8,19,0,0,2112,0,,5,,0.17579594236246823,-0.34008180529787235,0,1.066735000062681,3.461922452650912,,,,,,1.1097555985262852,48.44456927228928,61.507936507936506,21.117233804877188,3,39.998080991789045,27.49115155250637,13.92639425800102,22.32610415185994,,,,6016476
2026-02-24,124.02,127.7,123.77,125.66,124.76682485976173,123.57354199134197,125.36164918148972,127.27327050149768,128.09050031057788,130.4038326639319,0,0,0,0,126.87584415220921,126.82516323220915,76.76189424826086,76.26509688011852,4,14,121.20949302325582,120.62447661345472,121.79450943305692,118.28441097425033,128.62755946231908,126.8943211528348,126.3093047430337,127.4793375626359,129.8194032018403,120.74582,0,2.5,3.5,-1.897486780584594,0,0.17591975130713533,4,11.756488639868305,52.49245498563685,0,2.536019952529326,128.62755946231908,120.74582,1,1,0,0,8,8,0,0,2112,0,,6,,0.6231292973473728,0.17955755132762347,1,2.0071429899719035,0.8900783362923098,,,,,,0.8579041981645833,45.74741358990665,58.333333333333336,12.330655691245667,2,40.72567128571645,27.182499054791343,12.918926963112774,20.71098258208642,,,,4695980
2026-02-25,126.5,132.15,125.8232,132.02,127.18454990650783,125.29328441558441,125.99577783087166,127.4594167563409,128.1295998099751,130.3256612042077,0,0,0,0,127.09944588782304,126.94378069040837,84.90083564304322,55.236229129900494,4,15,130.77503333333337,130.1738573813752,131.37620928529154,127.76915357354255,134.70576197969316,133.73393985905395,,,136.73981961884476,128.62755946231908,0,4,0,3.0363008983050235,0.0837090383333833,1.292958415916167,4,12.840024030356012,61.99423249225672,0,1.307679934154566,133.73393985905395,128.62755946231908,1,1,0,0,13,8,0,0,2112,0,,7,,1.5482202707348656,1.2825759296634347,2,3.5570874708894884,-1.052089454766664,,,,,,1.2703067284085947,42.50200187842335,55.15873015873016,-4.44510786119873,1,44.47914798196384,25.324280124685583,18.282761954721337,18.71468271525392,,,,7253347
2026-02-26,132.195,137.48,132.195,136.97,130.44636660433855,127.79880173160173,127.04094184697912,127.83238080511184,128.21756399097038,130.3287574252323,0,0,0,0,127.51204567284036,127.16839864852014,89.2278779844884,51.53455706784507,4,16,135.94,135.33301518746742,136.54698481253257,132.9050759373371,143.8799,137.21,,,140.2449240626629,131.7208782,0,4,0,6.8262379479039295,0.19021007866105508,2.0284791881043036,4,13.340416018352025,60.39430384961511,0,2.6161774845309926,137.21,134.70576197969316,1,1,0,0,16,8,0,0,2112,0,,8,,2.2486311113722834,1.9969004989758365,3,3.666975531401997,-0.29565192216934066,,,,,,1.221272479629082,39.808963750062034,51.19047619047619,-13.85682460861663,1,46.212556675782814,24.785270290825558,24.654657669868765,17.211612517233675,,,,7279628
2026-02-27,134.43,136.97,133.59,135.11,132.00091106955904,130.49988138528138,127.80942357583825,128.11777763628393,128.28614544379653,130.39197828362725,0,0,0,0,127.7853711394183,127.3241107997554,89.77832603562399,58.23936319891625,4,17,128.58582499999994,127.39821034815373,129.5,125.02298104446129,134.70978424855193,135.9522590686602,135.77877756088918,137.13987372050642,139.51510302419885,129.3755018,0,6,2.5,5.319245139525286,0.21370498482385153,1.493542875105211,4,13.43231712694499,56.25215983227471,0,1.718840152690921,128.88177281673794,134.70978424855193,1,1,0,0,13,8,0,0,2112,0,,9,,2.496870073009801,1.474587594011477,4,3.079067977664054,0.6421146864612588,,,,,,1.0700654411560755,35.82941760230789,47.22222222222222,-22.998676616620447,0,46.53091145449266,24.284761159384104,23.401654692210222,16.336881177493535,,,,6498546
2026-03-02,129.5,134.455,128.59,133.26,132.420607379706,132.72973809523808,128.32852609242508,128.3194334152532,128.335636533908,130.4950682658421,0,0,0,0,127.92764824867449,127.40919769344295,87.36930206088387,71.49465909861844,4,18,128.56187499999996,127.40919769344295,129.5,124.9707704828714,134.70978424855193,136.50398389625943,135.89437709361655,137.1135906989023,139.55201790947385,128.88177281673794,0,6,0,3.837097472759179,0.08127931797259431,1.0310491390795526,4,13.369498444702044,49.72822705328305,0,1.711982822897015,128.88177281673794,134.70978424855193,1,1,0,0,8,8,0,0,2112,0,,10,,1.4967506448703873,1.0178949651746236,5,2.408652002732941,2.1068303483843867,,,,,,0.7851793416772049,30.096319534854644,35.317460317460316,-35.015818817230986,0,46.31330115587404,22.704178651230894,21.166918126717135,22.100015431421582,,,,4820022
2026-03-03,131.88,134.3,129.46,133.04,132.62707158647066,134.2858935064935,128.7772378931465,128.50455367347857,128.38244612063528,130.628480660643,1,0,0,0,128.03715366194876,127.47636739234957,93.39134410593738,48.28161211236733,5,0,133.04,127.47636739234957,129.5,124.58577803751,134.70978424855193,137.19586787345787,136.70265341602956,138.41442336408036,140.85153434532538,128.88177281673794,1,9.5,2,3.6278743863380014,0.02891333370106321,0.8950790452574997,0,13.297246220731198,88.61568662289761,0,0.1975089199172313,,134.70978424855193,0,1,0,0,8,10,1,0,2240,0,,0,,1.0861916941549856,0.884971655606742,6,6.593567050522148,-1.20994509051134,,,,,,0.6568242489414959,21.240108143185836,23.80952380952381,-53.889016001800485,0,46.06301211011934,21.23649489366006,19.665610628358458,20.532526074567272,,,,4059636
2026-03-04,133.24,137.935,133.155,135.54,133.59804772431377,135.49742683982683,129.42131047475158,128.78045352942058,128.453665562221,130.79788678148083,0,0,0,0,128.2018044145087,127.57588506632568,95.46533631550022,29.979986477100155,5,1,135.54,127.57588506632568,129.5,125.78858778394711,,138.06995374639735,137.46049048289404,138.67941700990065,141.11727006391388,134.70978424855193,1,4.5,4.5,5.516646338400109,0.07373931387532137,1.230268958051864,0,10.906799929584741,86.62003557278874,0,0,,134.70978424855193,0,0,0,0,8,10,1,0,2240,0,,1,,1.3692486574665665,1.2175081875437443,7,4.656428528227174,-2.4476633506640315,,,,,,0.702709953850424,21.676013194987124,25,-42.62912983698522,0,37.78226325205885,20.47684113050021,23.580601606855705,19.060113479957902,,,,4252523
2026-03-05,135.73,139,134.52,135.85,134.34869848287585,136.49920043290044,130.03356662001335,129.05769064591388,128.5272609297611,130.99708196071776,0,0,0,0,128.41371677934112,127.70639657455877,93.44868400176713,52.68656241176592,3,0,135.85,127.70639657455877,129.5,126.1551172279509,,139.3261759224973,138.72024574924424,139.93210609575036,142.35582678876264,134.70978424855193,1,4.5,4.5,5.697420934101056,0.05354726523731488,1.160287955168745,0,10.7893160551428,59.98596146940847,0,0,,134.70978424855193,0,1,0,0,15,8,1,1,2240,0,0,2,,1.2004812845344768,1.1472110405393963,8,3.256753651264237,1.3929212459442422,,,,,,0.9120218677877672,21.98477119016808,25.396825396825395,-41.17832168487776,0,37.37528717285188,20.013530454703613,23.593257838888942,17.80187519962078,,,,5522165
2026-03-06,133.89,133.9,130.975,133.23,133.9757989885839,137.04072965367965,130.33798884667874,129.22131062058392,128.57405435334556,131.2035298626938,0,0,0,0,128.52238276916148,127.77803979838694,96.28220344733384,35.434089451066406,2,0,128.50597499999995,127.77803979838694,129.5,125.35333486916126,134.6950600271733,139.96653868359343,139.36036245128702,140.57271491589984,142.99741984512553,134.6950600271733,0,7,0,3.6212171033037666,0.018106085516518832,0.6125753664265944,0,10.578835303988201,87.39349858000287,0,1.963143514742635,129.05229152980704,134.6950600271733,1,1,0,0,8,10,1,1,2240,0,1,3,,0.6261395150121193,0.6024976935307522,9,5.852363841984207,-1.565454606643097,,,,,,0.7564120210763369,22.17322050622402,25.793650793650794,-39.49374170121003,0,36.646160462821825,18.609193226165736,21.899132230651475,21.745151159496967,,,,4600495
2026-03-09,131.43,134.3,128.365,134.03,133.99386599238926,137.29221125541125,130.68960895651887,129.40988667467866,128.62834236973018,131.41727780548334,0,0,0,0,128.62628118686305,127.84638836396361,97.67748508494492,19.822959814715393,2,1,134.03,127.84638836396361,129.5,124.17609597716175,134.6950600271733,135.11,134.49413099857261,135.7258690014274,138.18934500713698,129.05229152980704,1,7,0,4.199430336078858,0.06323233736452233,0.6911948088912789,0,10.575781602938108,92.38461178257612,0,0.06749203418583101,,134.6950600271733,0,1,0,0,8,10,1,1,2240,0,2,0,,1.3378814854730243,0.6769954643831657,10,5.788539593183016,-3.7256558855035524,,,,,,0.6522849582956745,22.3681681459718,26.58730158730159,-38.944144342164456,0,36.63558213208204,17.875810806565724,20.014870354231967,23.65799022398759,,,,3920479
2026-03-10,132.805,134.58,130.075,132.44,133.47591066159285,137.0285878787879,130.85631286542184,129.52871464822067,128.6662693113249,131.6238775051911,0,0,0,0,128.69177585325136,127.89243808640018,96.24577983390614,25.67991979978173,2,2,128.54007499999994,127.31587185449193,129.5,124.8674655634759,134.6950600271733,137.78162889473683,137.16952732198283,138.39373046749083,140.84213675850685,134.6950600271733,0,3,0,2.9329603701682414,0.014664801850841208,0.36260908340782594,0,10.642353091555519,72.41839770205107,0,1.6759160301561409,129.05229152980704,134.6950600271733,1,0,0,0,8,10,1,1,2240,0,3,1,,0.7916454975129488,0.34717807757838487,11,3.4346260784942255,-0.5935167485976837,,,,,,0.6107108318513828,22.49906704456897,27.38095238095238,-38.9710043307786,0,36.86619253332374,17.11811780246657,19.10805611968966,22.103345614813836,,,,3631402
2026-03-11,132.87,134.4,131.52,133.39,133.44727377439523,136.4716974025974,131.09761640204835,129.6801376031924,128.7132716067346,131.8261331230096,0,0,0,0,128.73954009297583,127.92520205869424,96.64578384253909,14.538505497304008,2,3,133.39,127.92520205869424,129.5,125.54882478846507,134.6950600271733,137.78162889473683,137.18753457717955,138.3757232122941,140.75210048252328,134.6950600271733,1,2,0,3.6334469125720634,0.018167234562860318,0.4871209464401742,0,10.56188468928818,89.33539131129659,0,0.16643678937992318,,134.6950600271733,0,0,0,0,8,10,1,1,2240,0,4,2,,0.12937769693083248,0.47132612556348047,12,4.2159345437636615,-4.023585757475602,,,,,,0.3758031193451039,22.634188563673817,27.77777777777778,-38.136728223424015,0,36.5874418110619,16.414545727231644,18.280998866345506,21.146642735180393,,,,2171821
2026-03-12,132.45,133.24,126.115,127.7,131.53151584959681,135.18050519480522,130.77403388756755,129.60248514816524,128.70318930218997,131.98358932055902,0,0,0,0,128.71821448958315,127.92247061660132,89.66473437925328,55.66855196746227,4,0,127.43520000000001,126.81858563369681,128.0518143663032,124.35212816848401,133.67533,128.57367499999995,,,131.65674683151593,122.70032,0,0,1.5,-0.7794595515690895,0.008123655090900656,-0.5053659369831759,4,11.59199052598534,32.71788790508627,0,2.0239976040167784,129.05229152980704,122.70032,1,1,1,0,14,8,0,1,2240,0,5,3,,-1.0649892407272052,-0.5462512350489716,0,2.5244975689241222,4.365391750756127,,,,,,0.7834742199694681,22.50136828830688,27.77777777777778,-43.96488243642428,0,40.15583310372736,16.963994028403313,16.355242874945606,26.74545021448793,,,,4474216
2026-03-13,127.23,129.47,125.62,126.3,129.78767723306453,133.36993982683987,130.34793542208493,129.47297592666857,128.6792769708249,132.0864216526203,0,0,0,0,128.68539217431632,127.90937798236462,47.285943470151096,77.46208357616318,4,1,120.54978271561583,119.94283723262001,121.15672819861166,117.5150553006367,128.94435852863813,128.55817499999995,127.95122951700412,129.16512048299577,131.59290241497908,120.74582,0,0,5,-1.8489977771357473,0.004349113645484792,-0.7002235562832945,4,11.150898828755668,4.725316246000823,0,2.574318524108261,128.94435852863813,120.74582,1,1,0,0,10,8,0,1,2240,0,6,0,,-1.0347929091638783,-0.7444433583709391,0,-3.512213211544736,6.343860863140555,,,,,,0.5602798656740653,19.616729913505996,21.03174603174603,-49.21609248674928,0,38.6278466429302,17.56957214651983,15.428946379498882,25.958871223814352,,,,3001002
2026-03-16,127.28,129.235,126.91,128.32,129.29845148870967,131.6273138528139,130.1547987152197,129.42776118444627,128.67570207559282,132.15012026049163,0,0,0,0,128.68042150710247,127.91271743745747,36.156959387047145,85.59665569335249,4,2,127.70106416531709,,,124.75207620855075,133.67533,128.55642499999996,127.96662740864669,129.14622259135322,131.5054129567663,122.70032,0,1.5,3.5,-0.27643297829753993,0,-0.2944748431714963,4,10.36844107443502,18.707544873266237,0,1.985801599007336,128.94435852863813,122.70032,1,1,0,1,10,19,0,1,2240,0,7,1,,-0.6101087588734361,-0.32552438356466823,0,-1.022827771335887,3.426467860929133,,,,,,0.6149843346159196,18.909338294566194,18.650793650793652,-47.35316777039995,0,35.91733347241099,18.131894684770877,14.743421283872326,24.805489959769755,,,,3049270
2026-03-17,129.6,133.54,129.55,131.95,130.1823009924731,130.48161471861474,130.32577026615115,129.5266725105464,128.70828215444266,132.20122983856317,0,0,0,0,128.72093004986505,127.9427706769765,56.582444698081815,81.49565058925285,4,3,128.57437499999997,127.3858223303439,129.5,125.00871699103176,134.61152709157955,133.23,132.63572366517195,133.82427633482803,136.20138167414018,128.94435852863813,0,2,2.5,2.5186552032972163,0.012593276016486084,0.35014600976814375,4,10.47033665724506,48.87128127119938,0,1.4423059510192224,128.94435852863813,128.94435852863813,1,1,0,0,8,8,1,1,2240,0,8,2,,-0.1738933914100213,0.3336097076481656,1,2.0516787069459967,1.4609743930303045,,,,,,0.5902381903764238,20.361982548227033,24.603174603174605,-43.86046747924454,0,36.270310125398645,17.303624392436472,20.055093771946282,22.860076780005564,,,,2811963
2026-03-18,131.2,134,130.99,131.13,130.49820066164872,129.81694155844156,130.40236357413676,129.5895480983681,128.73237884942333,132.23666637829078,0,0,0,0,128.75310205489995,127.96848118498134,69.42319894498499,78.96801896459925,4,4,128.58502499999997,,,125.65366908419149,134.61152709157955,132.91372093023253,131.87,133.23,135.54481210078984,128.94435852863813,0,0,1.5,1.8624849257086566,0.009312424628543285,0.17089782431031472,4,10.50844133982975,51.05902161729045,0,1.5086373463651637,128.94435852863813,128.94435852863813,1,1,0,0,8,8,1,1,2240,0,9,3,,-0.5597500790140784,0.15563193607192236,2,2.4857785432788724,1.3893030247033462,,,,,,0.6547650288990513,22.124700107580647,26.984126984126984,-39.221711623227364,0,36.40230861788458,16.40479039227583,19.833449243022322,21.79845356963265,,,,3072008
2026-03-19,129.95,131.4,128.76,130.79,130.5954671077658,129.478470995671,130.43928132898088,129.63662464353015,128.75285269171764,132.25553986528556,0,0,0,0,128.78398717376658,127.99447959959062,75.50608788187148,69.42138213860719,4,5,128.59087499999998,127.99447959959062,129.5,125.75072550600005,134.61152709157955,132.91372093023253,,,135.47375409359057,128.94435852863813,0,3.5,0,1.5822152796567914,0.007911076398283957,0.09315657706941924,4,10.470433348090127,54.07930292154502,0,2.1198363340728115,128.94435852863813,128.94435852863813,1,1,0,0,8,8,1,1,2240,0,10,4,,-0.6357490579981009,0.07844143204123306,3,2.4249927915570293,0.35366516438842543,,,,,,0.7771256405915774,23.769170965642953,31.349206349206348,-34.46719539105139,0,36.27064507231121,16.126364755968517,19.000019709024087,24.431987683744545,,,,3541679
2026-03-20,130.03,130.71,127.7,128.52,129.90364473851054,129.09988658008658,130.2564926309827,129.5928354418231,128.7505357495115,132.2453373211429,0,0,0,0,128.7762549713728,128.00394225706748,66.65416883646623,98.5303415184752,4,6,127.49662336916688,,,124.75431951053497,133.67533,128.56897499999997,128.02051422827358,129.11743577172635,131.31127885863188,125.62,0,2.5,3.5,-0.17905614774295317,0,-0.31745391641360116,4,10.526344169321717,19.818398661912866,0,1.0753640559260098,128.92771701771116,125.62,1,1,0,1,8,8,0,1,2240,0,11,5,,-0.6067143081050602,-0.3271168051533302,0,1.363446441196312,5.4271126508797085,,,,,,1.536821339214617,25.291875648534972,35.317460317460316,-30.639398735652733,0,36.464325838443244,16.118780720106574,18.044259517316455,24.928591081279244,,,,7047906
2026-03-23,130.29,134.03,129.98,132.59,130.79909649234037,129.11348484848483,130.47873142803198,129.71037130684965,128.78873937389446,132.23479207442958,0,0,0,0,128.83198472486814,128.0453736861217,80.24855049843049,45.43365224387198,2,0,128.56437499999998,127.96494999999999,129.5,125.73102427644486,134.55091488171308,134.58,134.02151856911124,135.1384814308888,137.37240715444392,128.92771701771116,0,2,2.5,2.9515473515660973,0.014757736757830486,0.42554027594758764,6,10.090156300954124,78.9798676180151,0,2.1128834605415627,128.92771701771116,134.55091488171308,1,1,0,0,8,10,1,1,2240,0,12,6,,-0.22286291658713506,0.41617198005484074,1,2.405411985452016,-3.0313141973798494,,,,,,0.7994307762042364,26.74669865509648,37.301587301587304,-23.478818326166355,0,34.95332673912757,15.123175755544565,21.762507743605756,22.73264045036072,,,,3568357
2026-03-24,132.2,132.2,128.42,130,130.53273099489357,129.19817445887443,130.4331379586956,129.72172929481633,128.80079171843283,132.2099169840887,0,0,0,0,128.84694200515062,128.06092442907217,55.75634178708475,69.47773804508884,4,0,128.52792499999998,128.06092442907217,129.5,125.83763625719955,134.55091488171308,134.8273627906977,134.27154074772955,135.38318483366584,137.60647300553848,128.92771701771116,0,3.5,0,0.9310566073139644,0.004655283036569822,-0.07406350521943121,6,10.164806473748607,20.05987136787874,0,2.1228541932168468,128.92771701771116,134.55091488171308,1,1,0,0,8,8,1,1,2240,0,13,7,,-0.33953610392333416,-0.07729445159687123,0,-0.6103994813800901,3.3796744082604873,,,,,,0.7220153187746174,27.929893848214277,38.888888888888886,-20.68057678545531,0,35.21192252327525,14.59643855032887,20.304730371350598,23.71581884891976,,,,3167629
2026-03-25,130.89,132.935,129.89,131.81,130.95848732992906,129.5550385281385,130.56426767691505,129.80362226364707,128.8307340893937,132.1837741784415,0,0,0,0,128.8793125992952,128.0864760594259,51.33599368060945,82.56215109751756,4,1,128.48377499999998,,,125.2239271891774,134.55091488171308,131.87,131.32669203152957,132.41330796847043,134.58653984235215,128.92771701771116,0,2,2.5,2.3125428351118713,0.011562714175559357,0.2506318850653341,6,8.963164973809562,37.21355495282797,0,1.083099513733336,128.92771701771116,128.92771701771116,1,1,0,1,8,19,1,1,2240,0,14,8,,-0.23498319030781764,0.24521004665903495,1,0.27529196386929344,3.9395925203390707,,,,,,0.6565961260200613,33.715721991934146,47.61904761904762,8.58765416482309,2,31.04931426251985,13.891262214149474,20.496546337757845,22.529063155329926,,,,2732193
2026-03-26,131.89,134.83,130.38,131.06,130.99232488661937,130.0398025974026,130.6114802791136,129.85289197879817,128.852915839748,132.15328405025124,0,0,0,0,128.9081650418059,128.11114277206488,65.01447953273544,65.17329581359866,1,0,128.44402499999995,,,125.52307040282412,134.55091488171308,131.87,131.32576760070603,132.41423239929398,134.59116199646988,128.92771701771116,0,0,2.5,1.7128709473652262,0.008564354736826131,0.09368214733152858,6,8.08913645969676,57.144975722977975,0,1.0812597655361305,128.92771701771116,128.92771701771116,1,0,0,0,8,15,1,1,2240,0,15,9,,0.3630931909287197,0.08697083338708823,2,1.7420219792235578,-0.11824060005582848,,,,,,0.8457650935674087,40.4337436258359,58.333333333333336,44.294962033535754,3,28.02159067510524,13.102510500288368,22.109079108101806,20.884310000452693,,,,3353316
2026-03-27,129.22,129.915,122.46,122.87,128.28488325774626,129.6010567099567,129.87419644300755,129.57905307766882,128.793384338855,132.07027444566586,0,0,0,0,128.8095683556442,128.05715599424656,3.4485067192669088,69.42626069027312,4,0,118.15968000000001,117.57753562922703,118.74182437077299,115.24895814613514,128.69015948760483,123.41,122.82785562922702,123.99214437077298,126.32072185386487,118.15968000000001,0,0,1.5,-4.59913711349535,0,-1.3631107331335657,6,10.172474314156466,1.9015207533834158,0,1.8037862302193481,128.69015948760483,118.15968000000001,1,1,0,1,10,8,0,1,2240,0,16,10,,-0.4722996647986792,-1.3699300131082834,0,-4.002846897073226,8.639979036885087,,,,,,1.0927032819750355,41.84948459066932,59.92063492063492,18.760738280977453,2,35.23848470161673,13.76701737925911,19.192858464654204,30.276845916276017,,,,4207196
2026-03-30,123.9,126.06,122.835,123.1,126.5565888384975,128.53957878787878,129.22903487700682,129.32497256481906,128.73673374841863,131.9426151039851,0,0,0,0,128.74336251622898,128.02073994406325,17.562206940505206,74.99371469139956,4,1,118.15968000000001,117.5903227271394,118.72903727286062,115.31289363569692,128.69015948760483,123.41,122.84064272713938,123.97935727286061,126.25678636430308,118.15968000000001,0,0,6.5,-4.3784967851010705,0,-1.1903978752783646,4,10.146553642037826,0.8462356690373056,0,1.8442971576075065,128.69015948760483,118.15968000000001,1,1,0,1,10,19,0,1,2240,0,17,11,,-0.6854810466507713,-1.2113805748815614,0,-5.839277755183038,9.709150875812462,,,,,,0.8038222343710565,43.56430194468249,62.698412698412696,23.94287923839871,3,35.14869285946509,14.384059481160513,18.222199914670774,28.745626405160124,,,,3022691
2026-03-31,125.07,127.055,123.165,126.28,126.46439255899834,127.43034458874459,128.94817441253,129.20556187600263,128.71228863649407,131.79320281404821,0,0,0,0,128.70940031839285,128.0054583584212,26.681347182556955,94.88036822543813,4,2,122.72529762226613,121.59729482981069,123.137469216151,119.34128924489983,128.69015948760483,128.22812499999998,128.22812499999998,129.35612779245542,131.6121333773663,123.137469216151,0,0,0,-1.889709725668286,0,-0.5124871578756098,4,10.565423261878507,12.597009800390673,0,1.5043271813088415,128.69015948760483,123.137469216151,1,1,0,0,10,8,0,1,192,0,18,12,,-0.7199180311188818,-0.5352808537835307,0,-0.3387121464759564,5.427631200911046,,,,,,0.9744724171501167,44.536569872969395,64.28571428571429,21.685615273541416,3,36.599699786087335,14.65502404571279,18.656456681221684,26.94584374642646,,,,3644160
2026-04-01,126.39,127.5,122.87,125.19,126.03959503933223,126.36295238095241,128.59025303990808,129.04808886125744,128.67724098836976,131.61654557739226,0,0,0,0,128.67086396837357,127.98575006876266,14.952616228399378,96.92510457905465,4,3,122.67132715327885,122.10627228535311,123.23638202120459,119.84605281365016,128.69015948760483,125.19,128.17637499999995,129.30648473585143,132.0204389434059,122.7004757261449,2,1.5,2,-2.7100681997719787,0,-0.6658808701795851,4,10.338913128846764,4.0505897202438845,0,0.36447500584987697,128.69015948760483,122.7004757261449,1,0,0,0,10,8,0,1,192,0,19,13,,-0.7545126664431455,-0.6835493444229563,0,-4.095750634714113,5.906802589415896,,,,,,0.7966285235993928,44.85689268897075,64.68253968253968,25.245945808020267,3,35.81504566840701,14.76849984354903,17.994710033568815,24.974491942069616,,,,2926264
2026-04-02,122.8,126.18,121.51,124.95,125.67639669288815,125.5127168831169,128.24356227420256,128.88737949414931,128.6401540133611,131.41392805498208,0,0,0,0,128.628266564042,127.96344002569913,21.517012520771093,95.28767666007136,4,4,122.5854559037835,122.01906566928103,123.15184613828596,119.75350473127115,128.5434865665223,128.11507499999996,128.11507499999996,129.2478554690049,131.51341640701477,122.46,0,1.5,2,-2.8685864391749876,0,-0.6544995067079893,4,10.320713059336395,17.910840159739706,0,1.6640691215799674,128.5434865665223,122.46,1,1,0,0,10,8,0,1,192,0,20,14,,-0.750457660126174,-0.6789026009346862,0,-0.8139027360665143,3.408201926194021,,,,,,0.8713342767214767,43.996733048914436,63.095238095238095,23.060904431772535,3,35.75199877822052,15.179618990007926,16.669978257009554,25.2798266466261,,,,3094935
2026-04-06,124.3,127.245,124.28,126.81,126.05426446192543,125.03282467532469,128.1070325338023,128.80591363163364,128.62194352566596,131.20119827689447,0,0,0,0,128.6114218566148,127.95655764029519,26.43962593462384,96.13776864108303,4,5,122.45018033493052,121.89777333146394,123.0025873383971,119.68814531759762,128.5434865665223,128.08227499999995,128.08227499999995,129.18708900693312,131.39671702079943,122.46,0,1.5,0,-1.4087359248341533,0,-0.26064123843549325,4,10.354685709194605,14.469749212791314,0,1.696296077806729,128.5434865665223,122.46,1,1,0,0,10,8,0,1,192,0,21,15,,-0.2728364711690398,-0.298416498693835,0,-0.6043176391708944,4.449246985831849,,,,,,0.7330823134730166,42.66257508500714,61.904761904761905,18.93769594464752,2,35.869683489464855,15.205666636222595,17.592459231017827,24.06833174572495,,,,2527902
2026-04-07,126.4,126.82,123.41,124.97,125.69284297461695,124.57454285714286,127.80826753058304,128.65548564607937,128.58560577914193,130.97048594256913,0,0,0,0,128.57528176670624,127.93739902935488,25.885076573552517,96.47364431439627,4,6,122.47129235533724,121.92789656640399,123.0146881442705,119.75431341067097,128.5434865665223,124.97,128.04627499999995,129.13306657786646,131.30664973359947,122.46,2,0,2,-2.8118277759270183,0,-0.5733126289228941,6,10.382441664383617,13.139628442522522,0,0.3961083704360323,128.5434865665223,122.46,1,0,0,0,10,8,0,1,192,0,22,16,,-0.9997214870090447,-0.6470728711937439,0,-1.0014147558690885,4.370098609171113,,,,,,0.8070957014249643,41.81259692171274,59.92063492063492,16.256439807799982,2,35.965832938664796,15.44144316127653,16.60675495380131,24.149287417174698,,,,2735296
2026-04-08,130.99,134.26,130.49,131.4,127.59522864974464,124.90365367965369,128.15033728957513,128.7631136599586,128.61360970173754,130.7648247467029,0,0,0,0,128.6136712683262,127.96796280407548,37.055137467692255,97.20585537477587,4,7,130.73,,,127.79235883709562,134.3403118791792,131.87,131.28247176741914,132.45752823258087,134.8076411629044,128.5434865665223,0,0,4.5,2.166481684733258,0.010832408423666291,0.6458394896133742,6,11.630569924023341,34.52212948578628,0,1.1323756881827118,134.3403118791792,128.5434865665223,0,1,0,1,10,19,0,1,192,0,23,17,,0.09338512963872189,0.6474502266115196,1,0.34530412799245624,4.967588183277296,,,,,,1.1177012775304904,40.2440907376919,58.333333333333336,-0.1126480796715467,1,40.289476058781844,15.083293469224227,25.56868365320833,20.739924202405547,,,,3797224
2026-04-09,130.45,130.96,126.8,129.16,128.11681909982977,125.53137922077921,128.24649564294893,128.7786778301563,128.61904642112324,130.56976972470235,0,0,0,0,128.62072324069496,127.97800163124852,61.46910308388968,78.92088207460445,4,8,128.03777499999995,127.45114164117486,128.62440835882506,125.10460820587446,134.21609872637745,131.87,131.2833666411749,132.45663335882512,134.80316679412553,128.5434865665223,0,5,0,0.4205859038214043,0.0021029295191070216,0.16011482853048514,6,11.718592015153723,54.791386901968664,0,1.134103058898653,128.5434865665223,128.5434865665223,1,0,0,0,8,8,0,1,192,0,24,18,,-0.4190991577427688,0.1382793384802434,2,2.8474824351727044,0.39604434812896355,,,,,,1.0524893508267685,38.294786913575585,56.74603174603175,-5.66483795782955,1,40.5943935268344,14.171051911572944,23.77856662605629,24.904066089221146,,,,3653657
2026-04-10,128.87,130.535,124.835,128.96,128.3978793998865,126.3167246753247,128.31444843885856,128.7857885034835,128.6224389940474,130.38658533632434,0,0,0,0,128.62495218538496,127.98602230471901,69.58546178474754,83.05488851791085,4,9,128.02182499999995,127.42620116680521,128.6174488331947,125.04370583402627,134.28135617556174,134.32202125875105,134.28135617556174,135.51326892514052,137.89576425791947,128.55982042665866,0,3.5,0,0.26244332528030384,0.0013122166264015194,0.09201803745179753,6,10.857769312635359,40.06330827011694,0,1.6123713522301997,128.55982042665866,134.28677643759534,1,1,0,0,15,8,0,5,192,0,0,19,,-0.3585946232497797,0.07381527389725566,3,2.104498197019254,2.3770194606578645,,,,,,1.0427075193790882,35.31677806951993,51.98412698412698,-6.103405136728866,1,37.61241621269329,13.756962626557684,21.74681583483814,25.72173855431885,,,,3572699
2026-04-13,127.2,130.65,125.36,130.32,129.038586266591,127.35234675324678,128.50545334944346,128.84595366020963,128.6393301483355,130.22476716626005,0,0,0,0,128.64399671957756,128.00327244497362,73.19174672313525,58.09089196025531,4,10,128.02507499999996,128.00327244497362,129.22569783307588,125.60202677882174,134.26,134.7702570035303,134.4690835564718,135.94,138.34124566615188,128.55982042665866,0,5,0,1.3064976704453486,0.006532488352226743,0.3343732595682405,6,10.830786195075184,56.80557229194009,0,2.573174130628018,128.55982042665866,134.28677643759534,1,1,0,0,8,8,0,5,192,0,1,20,,0.9073957659017621,0.3231567180588801,4,2.035922524225107,-1.1166018133002757,,,,,,0.9470238255593285,31.601115529299356,44.84126984126984,-15.77290776070574,1,37.518943951571636,13.342294192183548,20.206831561172407,23.697967564025138,,,,3256972
2026-04-14,130.5,134.66,130.47,133.85,130.64239084439401,128.73925714285716,129.0144577923536,129.04219077157396,128.6911776095461,130.1071155940454,0,0,0,0,128.69931760635592,128.04429163744126,76.70001152104562,57.43500863306312,4,11,131.87,131.2738179703576,132.4661820296424,128.88908985178801,135.1819755139193,135.3458727000989,,,138.3267828483109,128.55982042665866,0,4.5,0,4.008683801236142,0.06245047411646869,0.9872397352790441,6,11.033747416947865,53.340100057444566,0,1.1110618399235828,134.26,134.28677643759534,0,1,0,0,8,8,0,5,192,0,2,21,,1.3392564408823038,0.9725290280378882,5,2.305817134848141,0.18379354253819874,,,,,,0.9044643633314211,25.208513694009937,34.92063492063492,-34.04714818488682,0,38.22202224807112,12.80537598278145,24.898926057109485,22.1576724906282,,,,3113508
2026-04-15,134.51,138.05,134.1,137.51,132.93159389626268,130.67370735930734,129.82355705022468,129.3742617217083,128.77892708606802,130.0545043837306,0,0,0,0,128.805153392671,128.11966916102088,81.19860471533252,58.609421185625926,4,12,131.87,131.27890240104634,132.46109759895367,128.9145120052317,136.40014303344068,143.8799,143.28880240104633,144.47099759895366,146.8353879947683,134.28677643759534,0,0,0,6.779892573648054,0.07816002786141807,1.5900919561933462,4,11.01155449387848,54.45097190546791,0,1.5327901996082445,134.26,134.28677643759534,1,1,0,0,10,8,1,5,192,0,3,22,,1.3540845199454223,1.5699617332124514,6,2.8271528801586356,0.34862163330661844,,,,,,1.02369433533402,24.25797457405802,33.333333333333336,-36.4061261372619,0,38.14514370742184,13.007029176208592,28.439925023860855,20.751960946765706,,,,3562351
2026-04-16,138.87,139.95,136.91,137.81,134.55772926417512,132.8568134199134,130.584170664489,129.70507498752366,128.8687885080972,130.06107271660218,0,0,0,0,128.88617594145373,128.1776458082016,83.47032923280021,59.237033121092566,4,13,131.87,131.2939808009716,132.4460191990284,128.98990400485803,137.63317088949916,143.8799,143.3038808009716,144.4559191990284,146.75999599514196,134.28677643759534,0,2,7,6.938228872494602,0.10195365429818044,1.4674902640881418,4,10.976993923356973,54.33132567403628,0,2.0010343055301743,134.26,134.28677643759534,1,1,0,0,8,8,1,5,192,0,4,23,,1.5381000794856594,1.4492440689278443,7,2.832038708347568,0.3531046437386458,,,,,,0.7779941537318448,23.757021113404335,30.952380952380953,-37.523320907638045,0,38.0254223792582,13.550542115181408,30.044884981639548,19.774098555438638,,,,2692580
2026-04-17,139.905,143.3,139.2,141.55,136.88848617611674,135.3733134199134,131.62853536310908,130.16958185075802,128.99496971697184,130.14172972923052,0,0,0,1,129.05555532907493,128.29711036914597,79.31349750466694,54.51246672482597,4,14,136.0565782,135.47268537233077,136.6404710276692,133.13711406165388,139.72413315280326,143.8799,143.29600717233077,144.4637928276692,146.7993641383461,136.0565782,0,2,10.5,9.73296114614019,0.17892208134829682,2.0177941401206163,4,11.223495468752812,52.93396018854004,0,1.2562425085587634,139.72413315280326,136.0565782,1,1,0,0,16,8,2,5,192,0,5,24,,2.042058204940767,1.9896697556112226,8,1.915980447775019,-0.19131205032875365,,,,,,1.1635106833034798,27.714531402626868,40.07936507936508,-28.71653839786761,0,38.879328780797884,14.627477298015418,32.645251824179354,18.11406114414101,,,,4056791
2026-04-20,141,143.87,140.338,143.59,139.12232411741115,138.06238268398266,132.76772247138442,130.69587275857143,129.1401938988925,130.30043649980786,0,0,0,0,129.1870286409193,128.3897871002123,86.75750646772393,33.93052207726748,5,0,136.0565782,135.48285628859284,136.63030011140714,133.18796864296428,142.10979839591624,143.8799,143.30617808859284,144.45362191140714,146.7485095570357,136.0565782,0,3.5,0,11.189239898788333,0.1825383521102514,2.1651420833051596,0,11.032915411113786,79.92309680465205,0,2.1101582754856927,142.10979839591624,136.0565782,1,1,0,1,16,10,1,5,192,0,6,25,,2.012737220930478,2.1358012696619837,9,3.4671195554468452,-2.2439781518141495,,,,,,0.8459868373399929,34.02788462747484,52.38095238095238,-10.966378252859087,1,38.219140095317485,15.720051430905393,31.73790847100814,17.118387377046183,,,,2768678
2026-04-21,143.88,145.77,142.18,142.65,140.2982160782741,140.5189116883117,133.70889175982398,131.16466206215685,129.27461983024682,130.52139485034544,0,0,0,0,129.33107966038796,128.49237114767485,77.89319160173346,57.3258781853437,5,1,130.71174390511317,,,127.75306861477351,134.26,143.734445694526,143.16965034821936,144.2992410408326,146.5584224260591,136.0565782,0,0,5,10.346485789180177,0.19471259639746877,1.7336117326145009,0,10.75259971326942,29.98651665497196,0,1.1992718857903073,134.26,136.0565782,0,1,0,0,16,8,1,5,192,0,7,26,,2.143841339612543,1.7102809887153791,10,0.818626210277313,2.1593298656159217,,,,,,1.0155158311320758,38.9870363463575,60.714285714285715,4.6685291450839275,2,37.24809803366635,17.040865896052605,32.94031790957841,16.146875384037983,,,,3310401
2026-04-22,146.475,147.25,142.75,144.18,141.59214405218273,142.7211822510823,134.70614016365028,131.67506747148403,129.42293207074187,130.8041764508912,0,0,0,0,129.5244308635695,128.63029669113874,69.26885447187743,56.39808859928238,3,0,130.7703704794844,,,128.00635299943252,134.26,147.25,146.68447574985814,147.81552425014186,150.07762125070934,136.0565782,0,2,8,11.402204920834285,0.11111119448966023,1.8127586771897952,0,10.483709143226676,43.07694404406107,0,1.262520785668149,134.26,136.0565782,0,1,0,0,15,8,1,5,2112,0,0,0,,1.4328013590839104,1.7880130081107626,11,0.6765252496759482,0.1929217602030729,,,,,,1.2348332926741905,43.740798074576574,67.85714285714286,20.442875693674807,3,36.31663377568597,18.49676761374666,32.88465744460818,14.974201995017252,,,,4081778
2026-04-23,143.99,143.99,139.81,141.87,141.68476270145516,144.30263549783552,135.3884125290169,132.0748687471121,129.54678349292354,131.12485927614077,0,0,0,0,129.64877270900112,128.72062894875046,83.01334593289772,41.26402351184982,2,0,131.0991296918525,,,128.2631599280445,134.26,146.99280869357244,146.42866117558356,147.55695621156133,149.81354628351684,136.0565782,0,2,2.5,9.512560771336803,0.10246270501424667,1.1760713539109664,0,10.65020012748272,76.01543612058319,0,1.1145641778293183,134.26,136.0565782,1,1,0,0,8,10,1,5,2112,0,1,1,,1.4391992092605013,1.1678953365942235,12,4.087961009502677,-0.945633154580692,,,,,,0.9582219204944521,47.4837985951098,73.80952380952381,28.705487093566838,3,36.893375463153205,18.920376989873187,30.61027206586969,18.5915869176792,,,,3189333
2026-04-24,140.17,142.9922,138.66,142.82,142.06317513430344,145.3992658008658,136.09618276434864,132.4962464433038,129.6788552989641,131.48013421454806,0,0,0,0,129.76035931280143,128.80176847703498,89.84113905477653,36.98016602317496,2,1,141.55,140.9874683761532,142.11253162384682,138.73734188076594,147.25,143.3,,,146.11265811923408,136.0565782,0,3.5,0,10.133606339090559,0.1230876738431668,1.2088362450812244,0,10.607355968562882,73.06226404960769,0,2.0265527335231845,147.25,136.0565782,1,1,0,0,8,10,2,5,2112,0,2,2,,1.579357137181712,1.2073620532142257,13,4.050665533449973,-0.5226038711570824,,,,,,0.8208933714344174,49.172088264542644,75,33.81995701986439,3,36.74495894303978,18.97323214340048,28.50547261006117,19.138501045552655,,,,2705668
2026-04-27,140.97,143.67,140,141.06,141.72878342286896,145.85807792207788,136.5689272629821,132.83207991611542,129.79210051986993,131.85323966419696,0,0,0,0,129.83948131308452,128.86020492150445,93.14467700413887,35.500157673555236,2,2,141.06,131.1970172025588,132.3072545039886,130.541032116546,147.25,142.425,141.86988134928512,142.9801186507149,145.2005932535745,136.0565782,1,3.5,4,8.6814986697939,0.06523629247994567,0.7477952035423064,0,8.017442697088423,71.80219583146379,0,0.5884607756752135,,136.0565782,0,1,0,0,8,10,1,5,2112,0,3,3,,1.1746303930478093,0.7557949644796537,14,3.962074566119438,-0.44319523516212667,,,,,,0.704143546699478,51.55407415514042,80.15873015873017,85.62501607963773,3,27.7732361962584,19.15854443696216,27.913014254673545,18.008782799946143,,,,2252024
2026-04-28,140.93,141.7,138.24,139.04,140.83252228191265,145.56875930735927,136.80426752365048,133.07552776254227,129.88411942016972,132.22568442561658,0,0,0,0,129.95879490932307,128.95045371993734,96.21081850713006,33.758475287719676,2,3,133.85,133.30363982433616,134.39636017566383,131.11819912168082,143.8799,142.64214925373136,141.55,143.73486960505903,145.92031030771437,134.44323590270568,0,0,1.5,7.049268702520417,0.035246343512602085,0.2942049786134444,0,8.285511484949748,83.86241938977305,0,3.671534071023213,134.44323590270568,134.44323590270568,1,1,0,0,8,10,1,5,2048,0,4,4,,0.47850065115434226,0.3068554344254209,15,6.1229390231726715,-0.5640002358702366,,,,,,1.2968320584553668,52.93298794422186,82.14285714285714,84.42358624521938,3,28.70185371725683,18.79005238046066,26.334727988203927,19.866688742376414,,,,4225585
2026-04-29,136.25,140.36,135.95,140.28,140.64834818794176,144.9136038961039,137.1352896642552,133.35805608557982,129.98756101797898,132.60010603652964,0,0,0,0,130.06806618326283,129.03272910787175,97.13317600687199,18.55487511113787,2,4,140.28,131.40755000000001,133.4663411884819,130.75051225,147.25,142.425,141.8782905511693,142.97170944883072,145.15854724415354,134.44323590270568,1,2,0,7.918018386849682,0.04403453637869286,0.47834669609173913,0,8.039146770093184,90.9682549948341,0,0.7314139209633811,,134.44323590270568,1,1,0,0,8,10,1,5,2048,0,5,5,,0.18010257378331543,0.48814100037511265,16,4.787395124833118,-4.042322884532874,,,,,,1.072642857275803,53.68280764064535,83.33333333333333,92.76786659426942,3,27.848421310609258,17.794567531512325,24.438053407668864,22.175761670623384,,,,3486641
2026-04-30,142,142,138.64,140.36,140.55223212529452,144.05815411255412,137.44240493432613,133.63264212143943,130.0907693660588,132.97219777581157,0,0,0,0,130.15660210013982,129.099749128173,97.32215729849943,25.32236379719714,2,5,132.64612648607425,131.60295,133.7214440339027,129.4523149043431,147.25,141.55,141.0123412260858,142.08765877391423,144.23829386957112,136.0565782,0,2,4,7.893896457053703,0.04835837117415741,0.43413998401797615,0,7.923219268783894,74.87860858337072,0,4.572553245614431,134.44323590270568,136.0565782,1,1,0,0,8,10,1,5,2048,0,6,6,,0.1595695145226534,0.44319020811609006,17,4.450855030187799,-0.5595274842937343,,,,,,0.8800613412146642,53.86195724680264,83.33333333333333,96.24103827366764,3,27.446836666084863,17.26622079674318,25.797919827652688,20.938410245526324,,,,2857632
2026-05-01,141.32,143.4799,140.82,141.66,140.92148808352968,143.2896883116883,137.8440806548665,133.94744046961827,130.20588608878458,133.34676078504978,0,0,0,0,130.24349419019617,129.16515768772413,97.85798310029674,14.998080185084355,2,6,141.66,138.1328891742225,139.1871108257775,136.0244458711125,147.25,142.82,142.2928891742225,143.3471108257775,145.45555412888748,136.81758,1,2,5,8.796924820591522,0.05731795743629095,0.6174364799544809,0,7.888497505391591,90.2168331245895,0,0.9919166548939738,147.25,136.81758,1,1,0,0,8,10,2,5,2048,0,7,7,,-0.12245358238747445,0.6233660213794546,18,5.046816381323374,-3.5804440240947146,,,,,,0.7854948983094113,54.06208174072072,83.73015873015873,97.83715102035289,3,27.326556949437155,17.118622720824273,26.941333986575017,19.831877118376802,,,,2528313
2026-05-04,142.71,143.52,138.5,138.86,140.2343253890198,142.368854978355,137.94083487821254,134.14008986296656,130.29199667496582,133.70503916073088,0,0,0,0,130.3240892296987,129.22785710901,98.511674328476,33.25234922171144,2,7,138.66,138.1257185189209,139.1942814810791,135.98859259460448,143.8799,143.066488372093,142.5322068910139,143.6007698531721,145.73789577748852,135.95,0,0,4.5,6.576001246192005,0.0506577840087378,0.036002588550566254,0,8.250175930337484,76.73584581683946,0,1.9539887437076142,143.8799,135.95,1,1,1,0,1,10,1,5,2048,0,8,8,,-0.6682671110819484,0.04632535700426493,19,5.93006701091508,0.5203773061152004,,,,,,0.9723034799640984,53.87081323306317,82.93650793650794,88.49494110303657,3,28.5794477654527,16.298817779783498,24.681197486130802,22.045196407193423,,,,3160350
2026-05-05,139,140.815,138.2258,139.73,140.0662169260132,141.49482034632038,138.111231556478,134.35930202520316,130.38590715581194,134.05153312122218,0,0,0,0,130.41009508229908,129.29444232942174,98.07912892712137,18.809511333755584,2,8,139.73,138.14076362471226,139.17923637528773,134.07190899769807,147.25,142.82,142.30076362471226,143.33923637528773,145.41618187643869,135.95,1,3.5,0,7.166489882239962,0.05805467163342204,0.17904788449055944,0,8.00093140748473,88.70195383225445,0,1.32907017524826,147.25,135.95,1,1,0,0,8,10,1,5,2048,0,9,9,,-0.45818583461312345,0.18554438606502152,20,4.527315438090714,-3.675359825895305,,,,,,0.9536567374786309,51.48110599392738,77.77777777777777,85.7448145097747,3,27.716039411274235,15.458712445604462,23.582321473673414,21.535185388590303,,,,3117989
2026-05-06,141.605,143.9,138.95,139.88,140.00414461734212,140.74399696969698,138.27968569395628,134.57579998499912,130.48037574132624,134.38778210877854,0,0,0,0,130.53018566334813,129.38788425933276,98.68233433898585,12.45009393480919,2,9,138.66,138.13365550866138,139.18634449133862,136.02827754330693,147.25,142.82,142.29365550866137,143.3463444913386,145.45172245669306,135.95,0,0,1.5,7.203860507965007,0.0626859692064917,0.17852408487643992,0,6.487330953836425,91.68954899862993,0,3.264022001314644,147.25,135.95,1,1,0,0,8,10,1,5,2048,0,10,0,,-0.6076012882034648,0.18209566438137761,21,6.138970475017075,-3.2074273433580793,,,,,,1.327757778019258,48.594684252373824,71.82539682539682,116.23803559537285,3,22.472773635117907,15.44498482710202,26.83534288328307,19.726905263194258,,,,4379791
2026-05-07,140.5,142.19,138.64,140.46,140.1560964115614,140.22414112554114,138.48733467548425,134.80655292676386,130.57967548519363,134.71870398334096,0,0,0,0,130.7342980100089,129.5473050875197,99.80028010254712,8.809710618280388,2,10,138.66,138.13955511518557,139.18044488481442,136.05777557592785,147.23466225742393,142.82,142.29955511518557,143.34044488481442,145.42222442407214,135.95,0,5.5,6,7.5665102383614835,0.06894366230291854,0.2553558249619809,0,6.125466902353385,93.9608016256558,0,3.295127882938586,147.23466225742393,135.95,1,1,0,0,8,10,1,5,2048,0,11,1,,-0.2768538162663996,0.25918831229992023,22,7.845347195675394,-2.676125097180378,,,,,,2.0838308782497488,44.5143373089665,66.26984126984127,109.7829033918673,3,21.219239789915218,15.333302916697264,25.20100166155492,19.057311345581407,,,,7248337
2026-05-08,138.125,146.97,137.25,141.49,140.60073094104095,140.05225714285712,138.7733028016286,135.06864889042018,130.68823592812703,135.05114219791287,0,0,0,0,130.9683186673946,129.73051279117612,99.91898914476033,1.2211204020242008,2,11,141.49,135.06864889042018,136.81758,132.68955228423567,146.31293642438456,143.67,143.09994403552946,144.2400559644705,146.52027982235268,136.81758,1,5.5,8,8.265291818472086,0.076882014647916,0.40242556482551256,6,6.102095575633208,98.06508570215404,0,0.5480330751519805,146.31293642438456,136.81758,0,1,0,0,8,10,2,5,3072,0,12,0,,-0.26357213314785255,0.40981024293645696,23,9.050042489473181,-5.41748668403633,,,,,,2.124375567706505,39.704423378434996,57.93650793650794,87.83186236131334,3,21.13827913927594,16.252843658022282,28.851117339015143,16.15601308615937,,,,7842947
2026-05-11,141.745,146.29,136.905,137.05,139.41715396069398,139.6535255411255,138.60917872528302,135.14634893393313,130.75153706317053,135.35930010635352,0,0,0,0,131.05435829474865,129.80382856328296,97.70608721033676,25.65987781860681,2,12,134.15593946006433,132.9296748117619,135.38220410836675,130.47714551515705,143.8799,142.76280031876138,141.66,143.8799,146.33242929660486,135.95,0,0,3,4.817123437552002,0.024085617187760013,-0.4528903088970279,6,7.066587436101429,62.79030759959343,0,2.643246859041118,134.5844470429704,135.95,1,1,0,0,8,10,1,5,3072,0,13,1,,-0.5727916460570297,-0.43856792250770477,0,3.74022256382992,0.19366136859712346,,,,,,1.365695680182947,32.33440903581283,44.04761904761905,32.08836605871763,3,24.47937695091112,16.989809266416998,24.908136389839065,14.45042427429561,,,,5172812
2026-05-12,137.58,138.5151,134.3,135.48,138.10476930712932,138.9438367965368,138.31116170382748,135.15943328946517,130.79858644562654,135.63627968707644,0,0,0,0,131.10721762034453,129.85199671606193,90.1517743409882,61.77178138882642,4,0,133.90498239749417,133.29801041792518,134.51195437706315,130.87012249964926,141.4,135.94,,,138.9748598978449,130.5285013047539,0,8,3,3.5791010297496837,0.01789550514874842,-0.7040514424809758,6,6.714487323493818,21.059997162608674,0,2.469642044375142,134.5844470429704,134.5844470429704,1,1,0,0,8,8,1,5,3072,0,14,2,,-0.5200192488265006,-0.693748493102449,0,2.5164838123361104,4.932137996713738,,,,,,1.1471414074548962,25.640385639494053,36.111111111111114,10.235397267716191,2,23.25966638213691,16.82398340366551,23.36372693321843,17.38639789416203,,,,4419932
2026-05-13,134.69,134.93,131.95,132.97,136.3931795380862,137.76792857142857,137.80247963679628,135.07357316046654,130.82019255064517,135.8707051171825,0,0,0,0,131.1243787471827,129.8724601840802,86.16823286169604,70.28607211533334,4,1,132.39232500000003,131.79719030468598,132.98745969531407,129.41665152342975,138.6261898,135.94,,,138.91567347657028,130.5285013047539,0,9,0,1.643329984033281,0.008216649920166406,-1.103921158941446,6,6.371816780234571,31.10270502120708,0,2.0949424891823254,134.5844470429704,134.7911751220532,1,1,1,0,14,8,0,5,3072,0,15,3,,-0.9545185789049058,-1.1064944921864124,0,2.4785479014902654,3.222025911617976,,,,,,0.8944576026463112,30.741061127473884,42.06349206349206,39.272365553395616,3,22.072620799772423,15.984378821785878,22.12640265418726,19.99124061777297,,,,3440911
2026-05-14,133,134.66,132.61,133.67,135.4854530253908,136.44684285714283,137.4089101475776,135.01853107574235,130.84854884367357,136.07139702567676,0,0,0,0,131.14235472543467,129.89160287552494,65.67958294470509,83.92209515901396,4,2,132.3898522727273,,,129.53520904448345,138.6261898,135.94,135.36907135435123,136.51092864564876,138.79464322824384,130.5285013047539,0,5,0,2.1562724090255228,0.010781362045127614,-0.8793335989301607,6,6.398668779418746,20.11550953332316,0,1.8956830197569816,134.5844470429704,134.5844470429704,1,1,0,0,8,8,0,5,3072,0,16,4,,-0.8734870948586779,-0.8750137727641466,0,0.18272111202353347,2.8370088940739264,,,,,,0.6908085503881778,37.395742369718434,54.76190476190476,68.71041983879735,3,22.165638853516,15.20474599575479,21.417045723991478,19.350335482986182,,,,2656233
2026-05-15,132.905,134.01,131.225,132.85,134.60696868359386,135.12512467532466,136.97472822876068,134.93349064139952,130.86846378055245,136.23635896065514,0,0,0,0,131.15497382250814,129.90724185319334,50.54696557440208,86.98867235653381,4,3,132.5505972329556,,,129.7755267353006,138.6261898,134.57239352130182,133.95879999999997,135.6824217203638,137.9024781184878,130.61954046927335,0,4.5,1.5,1.5141434095003201,0.021263602367182426,-0.9605205717484436,6,5.673440429788554,18.062285310402977,0,1.1870128030287106,134.56718886343836,134.56718886343836,1,1,0,0,8,8,0,5,3072,0,17,5,,-1.1095430825574466,-0.9541129390510531,0,-0.3611669642334432,2.757838063123481,,,,,,0.7403971802778081,42.73572330023312,63.095238095238095,117.44725847348431,3,19.653374156218366,14.16275296959721,20.457506517308666,20.711454631506502,,,,2800395
2026-05-18,133.5,137.26,132.3501,134.3,134.50464578906258,134.10446233766228,136.71999220697396,134.90864787114856,130.9026084195519,136.37840209012938,0,0,0,0,131.18570544432825,129.9380332514907,64.83241048401962,85.01484884658382,4,4,133.0377495840525,,,129.68249781523693,140.24,135.13783723311553,134.5786286049796,135.69704586125147,137.93388037379518,132.27570734686725,0,3.5,1.5,2.5953581990965575,0.012976790995482788,-0.5996882606410682,4,5.571276065885997,38.92549785137412,0,1.023635810409054,134.56718886343836,134.56718886343836,1,0,0,0,8,8,0,5,3072,0,18,6,,-0.6093018998753312,-0.5850717889273784,0,2.216058816575547,1.938050125969871,,,,,,0.9761615566761137,46.3429143637107,68.25396825396825,140.12536595298963,3,19.299466418213996,13.97173258162352,24.042861617042618,19.087808573316263,,,,3739508
2026-05-19,133.07,135.5,130.01,131.16,133.38976385937505,133.0396597402597,136.1904691396431,134.76164207227998,130.90516952980514,136.48175358995212,0,0,0,0,131.1854529944827,129.94666596856814,57.27822911450666,75.02713913189645,4,5,131.10179618646694,,,128.26038112726442,134.56718886343836,131.1854529944827,130.6171699826422,131.75373600632318,134.0268680536852,126.105,0,0,1.5,0.19466799600824006,0.011292710511018846,-1.1526323489224468,4,5.925328391043035,25.414515285783637,0,1.7880010095774541,134.56718886343836,131.10179618646694,0,1,0,1,8,19,0,5,3072,0,19,7,,-1.0825549642478212,-1.141152863960027,0,0.4252823969664137,2.1765519925723265,,,,,,0.9845882053841037,47.940283173346835,70.63492063492063,133.55950563852608,3,20.525939649633766,13.114829007092691,21.96901895151446,21.118014478022758,,,,3795679
2026-05-20,131.4,136.46,128.2,135.55,134.1098425729167,132.46654588744587,136.12947207872472,134.79255806944548,130.95138674841405,136.5785460147226,0,0,0,0,131.25817101334383,130.01413788098304,89.5196079590292,69.1723578721185,4,6,135.55,132.49299552976896,133.85,125.92693810979823,141.4,135.94,,,138.94720684068807,131.0612922829011,1,3.5,0,3.5116949623610254,0.017558474811805128,-0.19141533098184027,6,6.8554831410124795,55.396217681943234,0,0.6079146187302894,,134.56718886343836,0,1,0,0,8,8,1,5,3072,0,20,8,,-0.563892981313263,-0.18344330306299722,0,3.299935463925163,0.8975860945720118,,,,,,1.645992017020697,47.564584996810154,69.84126984126983,100.28804233734452,3,23.748090221330973,12.520347390178937,19.275131843796448,21.215476780954727,,,,6548459
2026-05-21,134.665,135.07,130.15,134.25,134.1565617152778,132.15353896103892,135.95047473789379,134.7712812824084,130.9842087708179,136.66255370851988,0,0,0,0,131.2896095988298,130.04640119049256,68.98107767311821,73.33351968631786,4,7,133.28790166666667,,,129.6477283299,137.26,135.01732732821716,134.41063177208937,135.62402288434495,138.05080510885608,130.72936382335678,0,3.5,0,2.493270952146781,0.012466354760733905,-0.4277244198273586,6,6.755263290338796,39.43027036043833,0,1.4135470291650676,134.56718886343836,134.56718886343836,0,1,0,0,8,8,0,5,3072,0,21,9,,-0.7836535874084436,-0.4250655956515023,0,1.2398604929181847,0.9164829179454894,,,,,,1.036328731135833,46.78951261355956,67.85714285714286,99.94733396494438,3,23.400918474743403,11.96832874590188,17.743331083908245,19.52947620166862,,,,4173979
2026-05-22,134.755,136.11,131.7301,132.35,133.55437447685188,131.85751385281384,135.6075723819039,134.67632907525513,130.99779873329732,136.7241045028942,0,0,0,0,131.29781568422166,130.05935041418508,60.890367504396494,74.40801198793527,4,8,128.32957499999998,127.12464218147696,129.534507818523,124.7147765444309,134.54512728270763,133.46633259979,132.86386619052848,134.06879900905153,136.47866464609757,130.2669099451563,0,0,3,1.0322320525825546,0.020317740759042496,-0.7626392370727963,6,6.771714683398542,32.01512835241914,0,1.0621082289236592,130.68740162734105,130.68740162734105,1,1,0,0,8,8,0,5,3072,0,22,10,,-1.1212526439690378,-0.7612248441569784,0,0.5894713979119421,1.31935189974857,,,,,,0.7654308014425967,46.24537302536296,66.66666666666667,97.14193386222276,3,23.457907772012938,11.138750597493436,18.132890209136555,18.261812864806963,,,,3097906
2026-05-26,132.37,136.08,132.265,132.68,133.26291631790124,131.71079999999998,135.32875596457973,134.59804166053925,131.01453705435904,136.76859872584328,0,0,0,0,131.30922424661512,130.07509830842233,65.34810174871363,82.80404662345373,4,9,131.76181676234216,,,128.79433879077087,137.26,133.87165526122294,133.2781596669087,134.4651508555372,136.83913323279424,130.68740162734105,0,0,3,1.2712046945980913,0.006356023472990456,-0.629621359344584,6,6.73652408257835,27.883901876492523,0,1.0730504705973645,134.54512728270763,130.68740162734105,1,1,0,0,8,8,0,1,3072,0,23,11,,-0.570015828991224,-0.6273847335705011,0,1.5574252741123065,2.9377510674799665,,,,,,0.8123550222259479,45.157612457671654,65.47619047619048,93.51047653657892,3,23.336003954874037,10.368428031114165,17.09218901663256,17.213712412728263,,,,3331674
2026-05-27,132.54,134.575,131.93,132.1,132.8752775452675,131.57340216450217,135.0212553965245,134.50007924247888,131.02533768068383,136.79561293699518,0,0,0,0,131.31524129357706,130.08633872097855,63.18365730425274,87.00704532027552,4,10,131.36833333333334,,,128.49473771687428,134.54512728270763,133.4641784629199,132.8894593396281,134.0388975862117,136.33777407937896,129.29900674813757,0,0,3,0.8201942756561895,0.0041009713782809475,-0.6886765459798045,4,6.63254928270156,24.882901127567873,0,1.4494634147287573,134.54512728270763,130.68740162734105,0,1,0,0,8,8,0,1,3072,0,24,12,,-0.4569950627429359,-0.6846585494754621,0,1.0374931895779946,2.9394070916419563,,,,,,0.7651674173884154,44.09374774552681,62.698412698412696,91.91366731986075,3,22.975824682687225,9.763979321246827,16.389845314589984,17.026815692783536,,,,3094887
2026-05-28,131.36,134.69,129.6956,134.5,133.416851696845,131.7607844155844,134.97161202542694,134.50007613493068,131.05991143510488,136.82375720180056,0,0,0,0,131.34575534520297,130.11726997104333,77.04948628596878,48.01056079322865,1,0,132.2506507537986,131.225,133.4071719827691,128.91195754205899,137.26,134.80321800126106,,,138.25304245794104,130.68740162734105,0,5,0,2.6248213715591446,0.013124106857795723,-0.1545708320990526,6,6.856659385959333,80.03862969239067,0,1.5003921979376171,134.54512728270763,134.54512728270763,1,0,0,0,8,15,0,1,3072,0,25,13,,0.1544259769896363,-0.1536364932731042,0,3.0711179633868007,-3.0825565669556374,,,,,,0.9674570746857888,42.3748596266568,59.12698412698413,78.40419973625342,3,23.752164853351168,9.907673042199882,15.12593417764073,19.163785787684322,,,,3934769
2026-05-29,134.5,135.75,132.77,133.31,133.38123446456333,132.03712467532463,134.81336326110056,134.45340648258045,131.08230037604912,136.84613070279707,0,0,0,0,131.36567499073246,130.14101691855367,59.814677374808056,62.76748095056056,4,0,132.35106059393263,,,129.53324345525107,137.26,134.42222894318408,133.85866551544777,134.9857923709204,137.24004608186561,130.7902486223473,0,0,1.5,1.6994663791831965,0.008497331895915982,-0.37849446086364974,6,6.88294017971643,27.849336002814862,0,1.2889340017770652,134.5328374589991,130.7902486223473,1,1,0,0,8,8,0,1,3072,0,26,14,,-0.09010937309163018,-0.37603053155024113,0,0.041315473114988066,1.4708833503614454,,,,,,1.01759269472276,39.95235222684901,54.76190476190476,67.56284894720922,3,23.843204193452227,9.65076993232539,16.091168352082,18.259018797773862,,,,4207350
2026-06-01,133.31,138.04,132.075,137.87,134.87748964304222,132.8172017316017,135.10447152194814,134.5873905420871,131.14983967578993,136.89060426695025,0,0,0,0,131.43323111792336,130.20005721409055,78.24347817919195,31.645226496825263,2,0,137.26,136.68343217424484,137.83656782575514,134.37716087122428,141.7012476470537,141.61881572336642,141.04224789761128,142.19538354912157,144.50165485214214,134.5328374589991,0,1.5,0,5.124032435588712,0.025620162177943565,0.5516290259967415,6,7.705103336558712,94.35847464931696,0,1.5405811592892495,141.7012476470537,134.5328374589991,1,1,0,0,8,10,1,1,3072,0,27,15,,0.5916644245819198,0.5471037536645831,1,4.052052001109663,-6.55753868525976,,,,,,1.030383993302083,36.71194800464266,50.3968253968254,37.54295132154895,3,26.691260912976333,9.286164909233534,18.151020494703722,16.572390209608432,,,,4354311
2026-06-02,136.24,136.6,131.84,134.35,134.70165976202816,133.49305238095235,135.03261709128643,134.57808110906407,131.1816820670756,136.93210418353576,0,0,0,0,131.45737594939953,130.2253781630542,84.56012921570405,31.3371000103854,1,0,132.34208571199872,131.87,133.52053310268684,129.51310521862376,137.26,134.61581989148263,,,137.56193836820293,130.7902486223473,0,5,1.5,2.4152136815141434,0.012076068407570717,-0.20061338601868922,6,7.875339619090103,68.99322492525424,0,1.738405160275329,134.5328374589991,134.5328374589991,1,0,0,0,8,15,0,1,3072,0,28,16,,-0.04670366878906399,-0.1954802756244262,0,3.064908988641225,-1.0650201499633216,,,,,,0.8247650497866221,32.415883126184184,43.25396825396825,18.822296904855328,2,27.28097669424837,8.86426029288319,16.492502709112,15.414215091593466,,,,3499364
2026-06-03,133.22,134.8,131.9101,133.59,134.33110650801876,133.93481341991338,134.8952249873544,134.53933283027726,131.20564542959227,136.96451926309237,0,0,0,0,131.47542147674545,130.2464098691342,84.22593099109935,44.89387759328801,1,1,132.32606365164494,131.75312468453976,132.89900261875013,129.46136881611895,137.26,134.60739330497287,,,137.47208814049887,130.7902486223473,0,3.5,3,1.817265227118015,0.009086326135590076,-0.33536219036421355,6,7.839738595175577,51.54460627759085,0,1.7223252847625259,134.5328374589991,134.5328374589991,1,1,0,0,8,15,0,1,3072,0,29,17,,0.2617158258778518,-0.32645876169053434,0,2.200259251871354,0.4550681923088687,,,,,,0.8453868514831319,29.650969882585475,38.888888888888886,9.180907217868906,2,27.157651129805505,8.472491720557871,15.749752135884721,14.720025901689366,,,,3607553
2026-06-04,136.01,137.235,133.19,133.72,134.12740433867918,134.16657792207792,134.78329879808254,134.5072021310507,131.23066388302917,136.98790061101133,0,0,0,0,131.4948351776965,130.26865411081678,74.30276043917233,66.31077790391167,4,0,132.3085247098375,131.74039388323982,132.8766555364352,129.46787057684907,138.04,134.6302461924439,,,137.47090032543235,130.7902486223473,0,0,1.5,1.8969165005441653,0.009484582502720827,-0.28098133563117156,6,7.8392991560362155,29.65134577558603,0,2.017660377447221,134.5328374589991,134.5328374589991,1,1,0,0,8,8,0,1,3072,0,30,18,,-0.27804003385244747,-0.2681112138325968,0,1.22917048575124,2.442521313697567,,,,,,0.8784530183847471,26.048974122765934,36.507936507936506,-4.076997684721148,1,27.156128867973088,8.924858277216119,18.575312543068886,13.78427399032142,,,,3719663
2026-06-05,134.02,135.93,132.635,133.54,133.9316028924528,134.20909870129873,134.66488938874136,134.46927263571536,131.25364235185475,137.0015081865387,0,0,0,0,131.5138917540945,130.29127763897475,61.1729968935921,82.28754966370471,4,1,132.60595057064148,,,129.6421212154943,138.04,135.23097789914775,134.67400820302132,135.78794759527418,138.01582637977987,130.89808200970623,0,6,3,1.7419384385662595,0.008709692192831298,-0.2906562016311893,6,7.8114480017354575,11.788367653910072,0,1.555882095408656,134.52295847930756,134.52295847930756,1,1,0,0,8,8,0,0,3072,0,,19,,-0.13130795311040325,-0.27472909442075466,0,0.33558578406228357,5.201683410587059,,,,,,0.9928275586962791,23.516640488630237,30.952380952380953,-13.09332972881683,1,27.05964963937638,9.113591166799996,17.59414774222332,13.945875774173281,,,,4044942
2026-06-08,133.69,136.4,133.3,134.43,134.0977352616352,134.30171601731604,134.642518970766,134.46773253235398,131.2852479005925,137.00970739380296,0,0,0,0,131.5357469722057,130.3143437852428,78.70587065995346,69.70219190921077,1,0,132.83929933097207,131.87,133.85,129.6905411286733,137.12113253310028,135.25082444427503,,,137.9751480334334,130.89808200970623,0,7.5,1.5,2.3953583130594107,0.011976791565297054,-0.0872256064093291,6,7.802952432513512,67.98135510690025,0,1.3598482090502284,134.52295847930756,134.52295847930756,1,1,0,0,8,15,0,0,3072,0,,20,,0.23609788638396706,-0.06744511168321946,0,4.172772259297337,0.38215939686504813,,,,,,0.852342837019111,20.25040618564735,24.603174603174605,-25.08234822907517,0,27.03022012431312,9.447268731093029,17.470561068942136,13.237439521803049,,,,3278041
2026-06-09,134.58,136.41,130.615,131.35,133.1818235077568,134.07899567099565,134.32894573545494,134.34546851147735,131.2858922000891,136.99473228767286,0,0,0,0,131.53427556097256,130.32045697770448,78.87995329114997,80.51148103210899,4,0,128.89612499999996,,,126.66537747662515,134.52295847930756,132.4861030095022,131.92841612865848,133.0437898903459,135.2745374137207,126.105,0,0,4.5,0.04883068457437986,0.0002441534228718993,-0.689942441817757,6,7.502088062048567,33.47868252861745,0,2.288417830395596,130.89808200970623,130.89808200970623,1,1,0,0,8,8,0,0,3072,0,,21,,-0.20308602513695453,-0.675692701418317,0,2.2109141804157257,2.9579272773479484,,,,,,0.9283718580603381,15.798124514971892,8.333333333333334,-39.20991485322822,0,25.987995372648104,8.87426274548683,15.849677416814957,16.30798355567346,,,,3492442
2026-06-10,130.22,132.25,128.39,129.1,131.82121567183788,133.38766666666666,133.83095090350685,134.13976386396843,131.26414202894395,136.94530221018672,0,0,0,0,131.51410227879606,130.31290453141918,75.80586549113818,85.35439802245034,4,1,128.89202499999996,,,126.13044305322563,133.67533,129.43800000000002,128.88568361064515,129.9903163893549,132.19958194677434,123.41,0,0,1.5,-1.6486924726684,0,-1.0765412914423576,6,7.599204600443257,10.587165198596246,0,2.182806853528659,130.89808200970623,123.41,1,1,0,1,8,19,0,0,3072,0,,22,,-0.4171220770660094,-1.0611830830547366,0,1.7480751866644386,7.06383330576565,,,,,,0.9890051598462435,14.12310120098979,6.746031746031746,-46.34980429591166,0,26.32441693015774,9.092624445435028,14.860664920534667,18.88723734141486,,,,3684154
2026-06-11,128.3695,130.98,127.23,130.87,131.50414378122525,132.57903463203462,133.54895557936334,134.01153783008732,131.26022021771067,136.87427632189667,0,0,0,0,131.50842226817224,130.3165811906802,85.75152425945419,83.63816252913992,4,2,128.90562499999996,128.90562499999996,129.99831972308758,126.72023555382474,134.52295847930756,132.4555924312222,,,135.1873292389412,129.61721257446516,0,9.5,0,-0.2972874927860371,0,-0.6122994560003308,6,7.5572135065463755,63.819227797409745,0,2.570403865150364,130.89808200970623,130.89808200970623,1,0,0,0,8,8,0,0,3076,0,,0,,-0.48550038438783727,-0.5979911899212236,0,4.575891926066054,1.4490775249070653,,,,,,1.0544962203136476,15.588670129467197,8.73015873015873,-40.453429774348166,0,26.17895551396815,9.650564497126766,13.949949612208648,19.62546568342163,,,,3955233
2026-06-12,132.33,132.72,128.825,132.28,131.76276252081684,131.92658441558441,133.42810266704302,133.94363438577017,131.270367280221,136.79178385035442,0,0,0,0,131.51289691941622,130.32511525804472,91.68535818553818,80.41668214160113,4,3,131.91594010416668,131.37384076844742,132.45803943988594,129.20544342557042,136.88753192922775,133.62812138498006,,,136.33861806357632,129.5274680707721,0,8,0,0.7691246247706136,0.0038456231238530683,-0.26336722150914593,6,7.6225669185146625,69.58061573323297,0,1.8341995636149653,134.50064048448857,130.9522748720707,1,1,1,0,14,8,0,0,3204,0,,0,,-0.14626012233642116,-0.2522383235153986,0,5.39151231412519,1.4458217846027686,,,,,,0.697890966836939,16.43403428676604,11.11111111111111,-37.76247410639468,0,26.405346373922256,9.470709791270341,15.920874403630853,18.366451754341856,,,,2616274
2026-06-15,134.42,140.16,134.3039,138.96,134.16184168054457,132.20624848484852,133.95495003208654,134.14035460593604,131.34688103862675,136.73937632874853,0,0,0,0,131.58960548956173,130.39194946283553,94.05552563390768,83.47733858504304,4,4,138.96,131.36389176953713,132.5113619644443,129.78023844074264,,143.8799,143.3061649025464,144.45363509745357,146.7485754872679,134.50064048448857,1,4,0,5.796193180357575,0.028980965901787878,1.120698054348386,6,9.065648784970522,52.98231871473285,0,0,,134.50064048448857,0,1,0,0,8,8,0,0,3204,0,,1,,0.13011518901289543,1.121921468408417,1,4.493335204896143,2.300949727322883,,,,,,1.2215801717095944,16.701124951204175,12.698412698412698,-46.81903515646365,0,31.404328598288,10.411468215480461,25.54676260977643,16.11417352420693,,,,4695230
2026-06-16,139.64,141.54,138.71,141.2,136.50789445369637,133.42476753246757,134.64495479093543,134.41720344491893,131.44492202331702,136.72937832652613,0,0,0,0,131.66641507972673,130.45698803311663,92.99320112298989,89.71648807829139,4,5,141.2,137.48197812379308,138.5980218762069,134.2458249903448,146.29,141.32,,,144.1101093810345,135.32999999999998,1,2.5,0,7.421418664581441,0.0371070933229072,1.4605994274126004,6,9.131121644441127,42.872344231144815,0,0.7319344124835856,,135.32999999999998,0,1,0,0,8,8,1,0,3204,0,,2,,0.8781452444824885,1.4481079124186365,2,3.3439894708363855,4.042082743479326,,,,,,0.956320583285401,16.796092111414154,13.095238095238095,-46.90012531066092,0,31.631133236527813,11.575647356455406,26.598031267994823,15.384505652845737,,,,3672481
2026-06-17,140.69,143.8,139.5,140.54,137.85192963579757,135.0779285714286,135.2063876679892,134.65731311374563,131.5354203116422,136.75427808194286,0,0,0,0,131.73231383309417,130.51347072427018,91.13500715165237,85.07133953029722,4,6,138.04,137.4834439720936,138.5965560279064,135.25721986046796,146.29,141.32,,,144.10278013953203,136.0425,0,0,6.5,6.845745174207485,0.034228725871037424,1.1744894888767423,6,8.748934098018514,49.541278596866064,0,2.9646610893907535,140.4567768311852,136.0425,1,1,0,0,8,8,1,0,3204,0,,3,,0.8905739924179649,1.163797978463565,3,2.925777885214634,1.7041966448072068,,,,,,0.8994398199497792,16.87661750067968,13.88888888888889,-44.314818537525895,0,30.307196739679704,13.101043886521863,28.388835208890036,14.323237607712798,,,,3437959
2026-06-18,141.39,143.62,140.14,142.41,139.37128642386506,137.0311220779221,135.89244598532355,134.9613400504615,131.6436250846607,136.82432344990514,0,0,0,0,131.9006054821873,130.65545417695887,99.38480632567867,62.8435270089031,4,7,142.41,140.77212654551548,141.8678734544845,135.7570123641238,147.25,147.25,146.70212654551548,147.79787345448452,149.9893672724226,136.81758,1,7,7,8.178424825672636,0.054319742115841035,1.424284356638375,4,8.2597051262566,64.91206829472006,0,0.7274927092755034,,136.81758,0,1,0,0,8,8,2,0,3204,0,,4,,1.1074209438998228,1.4043784805725992,4,6.879756521691844,0.5206799244125854,,,,,,1.9177575293447509,16.566001211696673,11.904761904761905,-42.102138558404945,0,28.61245786842708,14.517483521583571,26.778825345847828,13.510926935244868,,,,7413230
2026-06-22,140.98,142.57,137.91,139.19,139.31085761591004,138.5938303030303,136.20649874862607,135.1271698524042,131.71871339227602,136.9158555469162,0,0,0,0,131.96596872086755,130.7135307494089,93.06515109388133,71.7587828969909,4,8,135.77463882489565,134.67394526656724,136.671,132.47255814991044,142.24353833676966,142.66311825041848,141.56242469209008,143.76381180874688,145.96519892540368,134.57934057917026,0,4.5,1.5,5.67215273768541,0.02836076368842705,0.6380337069215126,4,8.563510011043036,54.30011113674609,0,1.9590373914480441,138.04,134.57934057917026,1,1,0,0,8,8,1,0,1156,0,,5,,0.7066315299291268,0.6274211437537098,5,3.5038825133258937,0.9219178870764497,,,,,,1.0997731945793903,16.167176222815737,10.317460317460318,-45.50059769742777,0,29.66486886050251,14.992063252918461,24.75430107516296,16.107326906212883,,,,4255749
2026-06-23,139.31,141.225,138.56,138.85,139.15723841060668,139.7224225108225,136.45826077256646,135.2731631915256,131.78967146797476,137.02439770550504,0,0,0,0,132.01534700534015,130.75789767641606,89.68252952736876,79.44057947092958,3,0,136.0780179619938,135.54318702419846,136.61284889978913,133.40386327301715,142.66031948625454,142.97303243849697,141.9033705629063,143.8799,146.0192237511813,134.57934057917026,0,0,1.5,5.357269999524141,0.02678634999762071,0.5035824095659314,0,8.410824991664882,40.15971893791252,0,2.4614512957661723,142.66031948625454,134.57934057917026,1,1,0,0,15,8,1,1,1156,0,0,6,,0.5370514638388851,0.4944905961990574,6,2.5539013074524997,2.449096697826441,,,,,,0.8823221649320395,16.70798485122432,13.88888888888889,-42.65509292471259,0,29.135952438267303,15.432744432015145,23.652981552231587,15.390711497432521,,,,3428889
2026-06-24,139.06,147.27,138.75,144.4,140.90482560707113,141.1128623376623,137.2146168894649,135.6310783604854,131.91514737376605,137.18138122935116,0,0,0,1,132.11940572495223,130.84521130668318,92.06939025086064,50.729275623625234,2,0,144.4,139.04201984347577,140.18742015652424,135.23679749561228,,147.27,146.69729984347578,147.84270015652424,150.13350078262118,139.61472,1,7,10.5,9.464305559133097,0.13239552906818577,1.534474729967269,0,9.178830914963775,73.55610885049153,0,0,,139.61472,0,1,0,0,10,8,1,1,140,0,1,0,,1.6805920101801624,1.5118310935339858,7,3.34062104444384,-1.246159165268446,,,,,,1.0327483017918169,19.265562540650517,24.206349206349206,-39.40961642075283,0,31.796402997602364,17.06812944433833,29.935510535209602,13.346372244155464,,,,4050600
2026-06-25,144.5,145.3416,141.45,141.88,141.22988373804742,142.30381818181817,137.65893909046824,135.8761341110546,132.01430013621615,137.36555426501386,0,0,0,0,132.1804355147891,130.89784734850636,95.79508599951484,38.76137683742902,2,1,141.32,140.7534605689418,141.8865394310582,138.48730284470892,144.8439082321888,144.7173739010144,,,147.55007105630548,137.91,0,0,4,7.473205443352829,0.1195189498839089,0.8778533712537373,0,9.401464442083757,87.82963807936711,0,1.2440116394393403,143.8,137.91,1,1,1,0,19,10,1,1,140,0,2,1,,1.657223381337158,0.8670527302317961,8,6.674620838566375,-0.9001680174073069,,,,,,0.7739816041093458,21.45158101523496,30.555555555555557,-34.132197435913916,0,32.567628158482506,18.58670124149557,28.099535805934266,12.527825918080602,,,,3033293
2026-06-26,142.35,147.58,141.75,145.56,142.67325582536495,143.63871255411254,138.4114210818522,136.2558935576799,132.14908321943787,137.59533955963096,0,0,0,0,145.56,131.036909291794,98.7002742435317,21.197464885816032,2,2,145.56,141.32,143.35356887370742,137.12499279785325,146.24609940221194,146.99233004047346,,,149.8925036010734,139.61472,1,6,8,10.148323736981865,0.15886474322725055,1.4921425075674168,0,9.55343566451512,84.31636515440717,0,0.0813395158734804,,139.61472,0,1,0,0,8,10,2,1,140,0,3,0,,1.8649849963387297,1.474245140153616,9,5.333245919122584,-1.3107514322350224,,,,,,1.5121182973978162,24.420122043964902,39.285714285714285,-26.20998072926135,0,33.09407191556145,20.373500567397862,29.026479632769906,11.399839642134772,,,,6088978
2026-06-29,146.15,150.19,145.7075,147.17,144.1721705502433,145.0416779220779,139.24557145500916,136.68389773188855,132.29854507795093,137.87268864937005,0,0,0,0,146.29162616348134,131.16335979929428,96.06859397501533,32.47768294111528,2,3,147.17,141.6014295211794,142.7577704788206,139.288747605897,147.79400796599094,147.79400796599094,147.21583748717035,148.37217844481154,150.68486036009395,141.41928000000001,1,2,7.5,11.24083028523611,0.16233528674406458,1.6334452591529902,0,9.479008633075814,68.67137372000744,0,0.07917624443265611,147.79400796599094,141.41928000000001,0,1,0,0,10,10,1,1,140,0,4,1,,1.8490490825430723,1.612964388674783,10,3.4552232323676844,-0.38679565061996574,,,,,,1.246118462713323,28.56559728104372,43.25396825396825,-13.005906428732306,1,32.836249115742646,22.423296916647516,30.98165245713146,10.584749205444606,,,,5071708
2026-06-30,147.29,147.81,142.37,143.1,143.81478036682887,145.8070909090909,139.61265988786542,136.93550958554,132.4060222413544,138.1632083235768,0,0,0,0,145.57491610784768,131.2226852342348,95.91879364772672,52.187279379039126,2,4,142.41,141.82455598395228,142.9954440160477,139.48277991976147,148.33700774078923,144.27331096209272,,,147.78597505837894,138.14312,0,0,7.5,8.076655107992162,0.04038327553996081,0.6832734890009008,0,9.520522692241958,55.386373323176734,0,2.0247906130468567,148.33700774078923,138.14312,1,1,0,0,8,8,1,1,140,0,5,0,,0.4310965203311301,0.6793590826896143,11,3.719332028790803,1.6924694146021593,,,,,,0.8052086428574614,31.6963037877289,47.61904761904762,-3.8925166415833585,1,32.980058035151,23.0723272721131,28.411256179951362,14.796585447197323,,,,3232019
2026-07-01,145,148.745,143.92,147.31,144.9798535778859,146.5509558441558,140.3457398985449,137.34235234689137,132.55432052751007,138.4854702076128,0,0,0,0,145.8986366271578,131.30393894452604,93.34183521003963,33.50916869937312,2,5,147.31,141.5855716279557,142.7736283720443,139.1677730236456,149.62658960875478,150.19,149.5959716279557,150.7840283720443,153.1601418602215,141.41928000000001,1,2,2.5,11.131798204516135,0.05565899102258068,1.4025288226767276,0,9.419140090271334,73.46960214949459,0,0.2845154790553394,149.62658960875478,141.41928000000001,0,1,0,0,8,10,1,1,140,0,6,1,,0.6590168815333789,1.389128805970926,12,2.6070112453030294,-1.8905511197620912,,,,,,0.8244828433509821,34.21063219683516,53.57142857142857,4.84777548000714,2,32.628858399917696,23.84290342113849,27.405990025358285,13.54113307470164,,,,3301215
2026-07-02,146.5,150.07,146.5,148.93,146.29656905192394,147.38734415584418,141.16328847963587,137.79676990191524,132.71726261181345,138.8404181956845,0,0,0,0,146.39884128422773,131.39773321602914,92.31739483208764,23.571012964114644,2,6,148.93,144.97652722595888,146.14347277404113,141.83221780767093,150.19,150.19,149.60652722595887,150.77347277404112,153.10736387020566,141.41928000000001,1,5.5,7,12.215997428765098,0.06107998714382549,1.5482724457486525,0,9.374825456278119,74.91979009823196,0,0.17752024024655685,150.19,141.41928000000001,0,1,0,0,10,10,2,1,172,0,7,0,,0.9364680336875346,1.5355214920663283,13,2.6932547795538273,-2.0214992797306035,,,,,,0.8745045814895298,37.62980773431994,57.53968253968254,15.8719153027768,2,32.475348004727564,24.79357143370475,27.936382866285587,12.801383705135196,,,,3496652
2026-07-06,149.12,149.8,147.23,147.65,146.74771270128264,148.1198761904762,141.78107052919435,138.1831710822323,132.8658470634372,139.21420229509073,0,0,0,0,146.53439185887194,131.46116640709656,92.0866979991204,17.712159029115632,2,7,145.56,144.99525742410466,146.12474257589534,142.73628712052331,150.19,150.19,149.62525742410466,150.75474257589534,153.01371287947669,141.41928000000001,0,0,5,11.127128049320355,0.055635640246601774,1.1412679258533394,0,9.47140615809128,76.98656025698847,0,1.6396851229640823,150.19,141.41928000000001,1,1,0,0,8,10,1,1,172,0,8,1,,0.5461401575096839,1.136602817263528,14,2.790587772672356,-2.235194232766424,,,,,,0.65328828316282,40.15723033544918,60.714285714285715,22.393588433935832,3,32.809913369869676,25.67633458823056,26.80128124415446,12.281242229455529,,,,2574734
2026-07-07,149.45,150.02,148.075,148.8,147.43180846752176,148.90880779220782,142.4495400026044,138.5995173143016,133.02439584887563,139.6100801023615,0,0,0,0,146.7330182064361,131.5209845406397,91.85637506880563,22.47512675880516,2,8,145.56,145.01443546524004,146.10556453475996,142.83217732620022,150.19,150.19,149.64443546524004,150.73556453475996,152.91782267379978,141.41928000000001,0,4,6.5,11.85918120541325,0.07098339195087372,1.2277768227042114,0,9.4514314447229,68.26340425323693,0,1.6973244061904285,150.19,141.41928000000001,1,1,0,0,8,10,1,1,172,0,9,0,,1.0934998873904598,1.2226867814572757,15,2.7501202691896367,-0.8701013548920934,,,,,,0.5926931745948635,41.969514998278406,63.888888888888886,28.187518069251006,3,32.740718933028354,26.538659490900024,26.121791174967385,11.804891877969608,,,,2283724
2026-07-08,147.15,147.175,141.24,142.95,145.93787231168116,148.92662121212123,142.49720285949923,138.77012447844663,133.12315807923508,139.98788315652433,0,0,0,0,146.34594423741487,131.57201853445787,94.90481646934042,44.3556422569426,2,9,138.2389283543326,137.66483271491262,138.81302399375255,135.3684501572328,150.19,147.22485042258876,146.34594423741487,147.58,149.87638255767985,138.14312,0,4,6,7.381767426908514,0.04135328157898702,0.02536653481468691,0,10.48433452111556,66.77962319619425,0,4.163442752410462,150.19,138.14312,1,1,0,0,8,10,1,1,172,0,10,0,,0.42082547449642066,0.03106346065642451,16,4.717654773559403,1.338448039553818,,,,,,0.77367015633716,43.21120018265251,66.26984126984127,18.977499273872393,2,36.318800148240925,24.96756537329622,23.05048949064911,21.046990241626208,,,,2969101
2026-07-09,141.26,147.27,141.25,146.89,146.25524820778745,148.74927705627707,142.91556449192788,139.08855096948795,133.26014158093423,140.3712556672714,0,0,0,0,146.40402210219312,131.65149375154033,94.2758356729187,26.852609256191734,2,10,146.89,144.9731611919672,146.1468388080328,137.50057907147487,150.19,147.44050000000001,,,150.37469404016412,141.41928000000001,1,3.5,0,10.228008358213994,0.06002893067995886,0.7398505313904544,0,10.366328612536885,81.3706897251058,0,0.35145937381235015,150.19,141.41928000000001,0,1,0,0,8,10,1,1,172,0,11,0,,0.21449636872819808,0.7392508190357865,17,3.1474411455907294,-2.588906119603399,,,,,,0.9039272049838615,43.93747814429007,67.06349206349206,22.35438303316142,3,35.91001568973773,23.53320581536409,21.08377841811483,19.11924499028601,,,,3467876
2026-07-10,147.02,149.3,147.02,148.62,147.04349880519163,148.68479826839828,143.45884406412523,139.46233328441,133.41297599306424,140.76621164407027,0,0,0,0,146.5703322326628,131.71814871052945,92.70459663104685,14.442737710642723,2,11,148.62,141.59228928142983,142.72516849634792,139.55696628065525,150.19,149.64181818181817,148.93,150.19,152.45575842983618,141.41928000000001,1,4,4,11.398459477979367,0.07032563072323017,0.974498642775185,0,10.095600637993947,88.17460272703018,0,0.1732311771773372,150.19,141.41928000000001,0,1,0,0,8,10,2,1,172,0,12,0,,0.7277264972624586,0.9689327102405854,18,2.66670361371317,-4.7269138028649555,,,,,,0.6965872124525645,40.94335572982119,60.714285714285715,17.07405185570023,2,34.972186475860575,22.720431889108326,23.482661282367197,18.39294482171948,,,,2635916
2026-07-13,148.89,149.96,143.79,146.33,146.80566587012777,148.4530484848485,143.73228748658948,139.73165354776646,133.5415035951233,141.1537614279373,0,0,0,0,146.5435931212476,131.813267030272,94.30861921904864,51.48325537276081,2,12,142.15872888888887,141.5776599676769,142.73979781010084,139.25338428282902,150.19,146.5435931212476,145.96252420003563,147.12466204245956,149.44893772730745,141.41928000000001,0,2,7.5,9.576420858379295,0.06565988206967426,0.45413256425661763,0,10.313540003153772,44.85000585934865,0,2.7643092989244056,150.19,141.41928000000001,1,1,0,1,8,8,1,1,172,0,13,0,,0.009786800154943712,0.4551147496638484,19,3.7673852709891698,3.163991283345301,,,,,,1.1551949575552891,37.933902532915056,55.95238095238095,6.176680519464693,2,35.72715058271282,21.156855795217215,21.25634528181792,21.6123122852486,,,,4396813
2026-07-14,145.17,147.51,144.17,146.54,146.71711058008518,148.21651428571425,143.99968867834286,139.99864752628542,133.67084186780863,141.5340403672622,0,0,0,0,146.54333290974338,131.88023297273284,94.10616708436578,54.927913283765434,2,13,146.54,141.5893434620492,142.72811431572856,139.31180175469044,150.19,146.54333290974338,145.9739474829037,147.11271833658307,149.39026004394182,141.41928000000001,1,2,5.5,9.627498377632783,0.07035971411038613,0.4413834329745645,6,10.306692808455246,58.906046721024154,0,0.5049667809496681,150.19,141.41928000000001,0,1,0,1,8,8,1,1,172,0,14,1,,-0.15102522908993032,0.4415129718992738,20,3.2061204943297534,0.8907824158774701,,,,,,0.805666391718938,33.655355175869275,47.22222222222222,-5.736356309561554,1,35.70343120449849,19.704963708032608,20.14304916879705,20.480372483671253,,,,3085361
2026-07-15,147.18,150.75,147.09,148.38,147.2714070533901,148.13586580086582,144.41686118516736,140.3273280154507,133.8172016502185,141.91589053334647,0,0,0,0,146.69114066678972,131.97040969367598,92.71231828447259,29.646126182681034,2,14,148.38,141.58259800065883,142.71520665050394,139.3191308012389,150.19,150.27049931361287,149.70419498869032,150.83680363853543,153.1020209382257,141.41928000000001,1,2,7,10.882605651735899,0.08107969492534617,0.7222979650881303,6,9.253250460697519,84.54611579176856,0,0.19976008485449592,150.19,141.41928000000001,0,1,0,0,8,10,1,1,172,0,15,0,,0.5492748122724311,0.7205298194189045,21,2.697540295755247,-3.676105343979079,,,,,,0.9860974769473653,29.082083496476496,39.682539682539684,-9.272158974824755,1,32.05419986617644,19.09305511849229,23.914332944152903,19.12095752082601,,,,3728680
2026-07-16,149.705,150.88,147.12,147.8,147.44760470226007,148.05321125541127,144.73906488181808,140.6203739756291,133.95633397210688,142.29417729754854,0,0,0,0,146.7609591942469,132.0423181974363,85.82399946176076,39.10853449135319,2,15,142.1489023255814,141.24,142.37,139.0022982217162,150.19,150.02875379939206,149.4693283548211,150.58817924396303,152.82588102224685,141.41928000000001,0,0,6,10.334461699120357,0.0827834196067129,0.5403024453890478,6,9.17941392582041,48.01996030158389,0,2.5554843917419254,150.19,141.41928000000001,1,1,0,0,8,10,1,1,172,0,16,0,,-0.02136381422073854,0.5403526071316193,22,1.3214036909177445,0.3637628525648495,,,,,,0.8294955910435741,29.568504298069815,39.682539682539684,-7.01266957792483,1,31.79842260645248,18.557243501433543,22.686703957374746,17.973498344885172,,,,3113339
2026-07-17,146.79,147.84,145.11,145.98,146.95840313484004,147.81689437229437,144.85724917878778,140.83055538834952,134.07597244004612,142.65660472185732,0,0,0,0,146.68299735953167,132.15294854708588,92.46102773679218,27.76013913630507,2,16,141.09202256406758,140.5481810798231,141.63586404831204,138.37281514284527,150.19,146.68299735953167,146.1391558752872,147.22683884377614,149.40220478075398,141.41928000000001,0,3,4,8.878568876520305,0.07994839993815708,0.15245301289319732,6,9.272624053359705,89.05446914284565,0,3.3458195814436253,150.19,141.41928000000001,1,1,0,0,8,10,2,1,172,0,17,1,,-0.4130771168672747,0.1572531560864673,23,5.825750243902602,-1.7305411621113085,,,,,,1.4222367166903482,34.657991706967785,51.19047619047619,7.897185987711943,2,32.121311959808544,17.435483374819263,21.669884856622886,20.46786274018479,,,,5483534
2026-07-20,146.8,146.8,144.33,144.94,146.28560208989336,147.37763636363633,144.86513020937943,140.99171007900247,134.18407221676208,142.9947259571071,0,0,0,0,146.59184358124165,132.20880904693902,94.51320873236492,28.143020630818828,2,17,141.12670647853034,140.5996572431605,141.65375571390018,138.49146030168106,150.19,149.23543626126127,148.775,150.289534732001,152.39773167348042,141.24,0,0,4,8.015800687478546,0.08007900343739274,-0.055908925170578674,6,9.23461818043596,76.59009997879535,0,3.439258768721868,150.19,141.24,1,1,0,0,8,10,1,1,172,0,18,2,,-0.3863894403560287,-0.04938613458485931,24,4.0084225750757705,-0.7846967940686521,,,,,,0.833552146823992,39.68721462090299,57.53968253968254,24.062649895521012,3,31.98965575402868,16.219153732024306,20.763141574471856,20.932789130459792,,,,3031186
2026-07-21,144.78,145.62,143.01,144.1,145.5570680599289,146.72339047619045,144.79226066562902,141.11360380139453,134.28273816485398,143.30444863840702,0,0,0,0,146.4950046826594,132.2488367724973,95.61814067171235,26.033163252626277,2,18,141.17877684130048,140.66607040845705,141.6914832741439,138.6152446770833,150.19,149.23543626126127,148.775,150.26084912694813,152.31167485832188,140.67555710071724,0,6,2.5,7.310888926835646,0.03655444463417823,-0.2059489593026633,6,8.925956329301801,78.8343306682545,0,3.5151589999461788,150.19,140.67555710071724,1,1,0,0,8,10,1,1,172,0,19,3,,-0.6082000690164131,-0.19895887419782224,0,4.073261016292889,-1.1025184529319547,,,,,,0.6618650169805526,43.94904730060643,67.06349206349206,42.13599839344892,3,30.92041973698343,15.478133792167784,19.819413698699325,22.280076072111033,,,,2343571
2026-07-22,144.1,144.47,139.69,140.05,143.72137870661928,145.60091818181817,144.34061679271196,141.07189384839867,134.34012385475594,143.56342406270392,0,0,0,0,146.22511671224308,132.27825816465833,81.51894949194305,59.77662867656031,4,0,139.237,138.71823688378822,139.75576311621177,136.64318441894116,146.29,141.07189384839867,,,143.6657094294575,135.32999999999998,0,0,1.5,4.250313295391475,0.021251566476957376,-0.922956467182197,6,9.419946732532175,26.209452361590042,0,2.7191601637001725,146.29,141.04349318721768,1,1,0,0,8,8,0,1,172,0,20,4,,-0.4127691560660134,-0.9098761995426801,0,1.4096428047412735,3.379293779723946,,,,,,0.7527847472981672,47.64112761656871,74.2063492063492,45.99667405194275,3,32.63165269067632,15.65655106345107,18.188873213498255,26.16123846258875,,,,2635648
2026-07-23,137.58,138.25,135.72,137.57,141.67091913774618,143.95127748917747,143.695796145787,140.93456467787323,134.3722619258529,143.76057219794268,0,0,1,0,145.77131109775422,132.3044985301916,49.33937449291903,58.786552686114355,4,1,136.63029999999995,136.1099306778033,137.1506693221966,134.02845338901676,143.8799,140.93456467787323,140.41419535567658,141.45493400006987,143.5364112888564,135.0770941612094,0,10,0,2.379760546050498,0.02926997292901557,-1.2887019688955559,6,8.64664486905864,12.53708533525888,0,2.2512743418223256,143.8799,139.51400559157364,1,1,0,0,10,8,0,1,172,0,21,5,,-1.1389693615901046,-1.2699700649986283,0,-1.6591253965865276,3.0918640867196743,,,,,,1.0028448358313142,49.51394404703208,76.98412698412699,65.30625090484546,3,29.952856456428613,16.65597916572316,16.83753523008728,31.02937842304363,,,,3482681
2026-07-24,138.24,142.7,138.16,141.1,141.48061275849744,142.44680086580087,143.44857746523584,140.94105233756449,134.43920459325736,143.9234661477092,0,0,0,0,145.60743760958488,132.33463713678321,58.327361460115156,76.2423556838466,4,2,139.89296361080946,139.36395995448402,140.4219672671349,137.24794532918222,146.29,145.88065002922264,145.3516463728972,146.40965368554808,148.52566831084988,139.371660047851,0,3.5,0,4.954503730436903,0.024772518652184515,-0.5232256871054957,6,8.914406658647522,41.284694404235026,0,2.460848768639597,146.29,139.371660047851,1,1,0,0,8,8,1,1,172,0,22,6,,-0.9134458523089933,-0.5120685348232681,0,1.4033102315223118,1.397735678394282,,,,,,0.7016166756615064,51.167474890872235,80.55555555555556,65.6955787031624,3,30.88041050421563,16.226418799152732,22.890414070969964,28.34271201915458,,,,2414881
2026-07-27,143.5,147.03,143,146.86,143.2737418389983,141.84459523809522,143.7734748494991,141.1731679321698,134.56279459730456,144.08788823051006,0,0,0,0,145.65811706180708,132.3942176617296,78.24819898246187,38.939641327460116,2,0,145.98,145.43583589055493,146.52416410944505,143.25917945277467,150.88,151.10106316271188,150.55689905326682,151.64522727215694,153.8218837099372,141.41928000000001,0,3.5,0,9.138637050082327,0.04569318525041163,0.5688127931543739,6,9.453324415922351,94.93683557909428,0,1.8009272993020473,150.88,141.41928000000001,1,1,0,0,8,10,1,1,172,0,23,7,,0.009049933929127126,0.5751216937593658,1,4.869131368923421,-5.021126364766069,,,,,,0.8842646592119775,52.51438809953065,83.73015873015873,60.362613042907476,3,32.74727637761778,15.359622600906489,27.767813570358246,25.585004644860632,,,,2902656
2026-07-28,148.83,153.19,148.09,153.11,146.5524945593322,142.648187012987,144.66266772097538,141.64127899365334,134.74734390479406,144.29185223774326,0,0,0,0,153.11,132.59271234750955,99.93018519031433,13.51000406687406,2,1,153.11,150.31818689837243,151.44181310162756,144.12099037395913,160.8495,153.19,,,155.9990655081378,143.27328,1,8.5,0,13.627471654046191,0.06813735827023096,1.6325845851538567,5,10.273873323246645,96.62240931461801,1,0.8609958518209726,,143.27328,1,1,0,0,11,10,1,1,168,0,24,0,,0.7056744019513321,1.6194603201191227,2,9.248507883526278,-2.0354644003974514,,,,,,2.030726273430051,51.96906400308182,82.53968253968254,46.02259609246627,3,35.58974117277939,15.715543754322534,34.76413079413624,23.01117780933736,,,,6846162
2026-07-29,152.01,156.5,151.5,153.01,148.70499637288813,144.34464155844154,145.45765174754916,142.08711118998067,134.92906187589065,144.53176819881256,0,0,0,0,153.0739905850261,132.70221135047046,93.18284060735667,20.526245160527,2,2,153.01,145.26675354848868,146.39940645151125,143.94877677581917,153.83434133838716,153.4845275168346,152.91820106532327,154.0508539683459,156.3161597743911,145.31886,1,5,8,13.400328937838758,0.06700164468919378,1.4364426270457349,0,9.78604793648021,84.16306016724847,0,0.0909746198711152,153.83434133838716,145.31886,0,1,0,1,8,10,1,1,40,0,25,1,,0.47109513888310833,1.4216181701729962,3,4.3275140234070415,-1.890909032170327,,,,,,1.1323295163717277,51.35987134749313,79.76190476190476,51.50465101178017,3,33.89986446257658,16.554126276214724,37.24218389296967,21.197233359294955,,,,3852540
2026-07-30,151.5,152.21,149.58,152.08,149.82999758192543,146.33599653679653,146.08835158111592,142.47898918253046,135.09971797662806,144.79796495994614,0,0,0,0,152.85314346995892,132.7843009631459,96.17183430752995,10.602672635204359,2,3,152.08,145.27658043788233,146.3895795621176,143.17600700611783,154.47358226603032,153.73189238981203,152.85314346995892,154.47358226603032,156.69958051450087,145.31886,1,5,0,12.568702790563563,0.06284351395281783,1.1181140605519544,0,9.441925321005145,97.29339792729371,0,0.26882122073488895,154.47358226603032,145.31886,0,1,0,0,8,10,1,1,40,0,26,2,,0.42820181349922853,1.1020918652216751,4,5.922776872129136,-6.207123661558772,,,,,,0.9014794902874836,50.63894384373878,77.77777777777777,54.82227864384631,3,32.70778875450398,16.8518022908528,35.19269102835338,23.11119792488099,,,,3056066
2026-07-31,150.84,152.64,149.61,151.52,150.39333172128363,148.22177445887445,146.60565143053344,142.83353862635278,135.26310386740786,145.08387997783555,0,0,0,0,152.6507797980959,132.84801272059022,97.16030339114596,6.396599454067268,2,4,151.52,144.77505683517649,145.86266316482352,142.8191493628237,154.83447387780947,152.6507797980959,152.10697663327238,153.1945829629194,155.3697956222135,145.31886,1,3.5,6,12.018721785748777,0.060093608928743894,0.8964064841220956,0,9.402867344471197,93.64861235379144,0,0.3809367630847083,154.83447387780947,145.31886,0,1,0,0,8,10,2,1,40,0,27,3,,0.5749187112351366,0.8823829905071047,5,4.854180623746941,-4.625172824654647,,,,,,0.7373646717924481,48.90521233192924,73.80952380952381,50.142698339870485,3,32.572487954908716,17.199468280289405,34.147902314674184,21.961442858517,,,,2461545
2026-08-03,153.34,154.56,150.02,150.64,150.47555448085575,149.75455714285715,146.98987510381596,143.1396743664958,135.4161078090257,145.38273901624495,0,0,0,0,152.2856902250372,132.9359993697896,97.2837826945983,13.772366241037297,2,5,141.2971,140.75160420409244,141.84259579590756,138.56962102046222,155.15567528759513,152.2856902250372,151.74019442912964,152.83118602094476,155.01316920457498,145.31886,0,0,5.5,11.24230524513686,0.05621152622568431,0.6421375949562421,0,9.377252772380826,80.8355764751211,0,5.081093343547498,155.15567528759513,145.31886,1,1,0,0,8,10,1,1,40,0,28,4,,0.5928476622263874,0.6278257304836695,6,4.394915073909683,-1.3146924826058197,,,,,,1.0613912309587652,46.98597237004905,69.84126984126983,44.64451612034699,3,32.4837564743594,17.841312151044484,34.75299607539229,20.329491192356492,,,,3597522
2026-08-04,149.75,151.19,148.65,149.92,150.29036965390384,150.91151038961044,147.26893461773824,143.4055694893783,135.56042514425928,145.68937646638244,0,0,0,0,151.92546522545473,133.0186862451512,97.04542629574425,27.24776628484723,2,6,149.92,143.4055694893783,144.77509864552306,141.4526338893735,155.27809192688716,151.41629699244763,150.88708661053346,151.9455073743618,154.0623489020184,145.31886,1,3.5,6,10.592748466567347,0.05296374233283674,0.44146710284300517,0,9.366073946717819,71.54067575720285,0,0.6327932271834559,155.27809192688716,145.31886,0,1,0,0,8,10,1,1,40,0,29,0,,0.6050010817567316,0.4265359592521769,7,4.109041339881857,-0.060561918237682866,133.147157,142.570234,122.90468200000001,,142.160535,1.0306354366131205,44.875989833929545,66.26984126984127,38.3139026990576,3,32.445031886324834,18.058755439581056,33.26370499043303,21.769694358524823,133.147157,142.570234,122.90468200000001,3558994