time,open,high,low,close,Sprint Line EMA,Hull Baseline HMA,MA 20 Fast,MA 50 Mid,MA 200 Slow,Weinstein MA 150,Golden Cross,Death Cross,Zone 0 Long,Zone 0 Short,AVWAP Resistance,AVWAP Support,Buy Score,Sell Score,Stage 1 Base 2 Up 3 Top 4 Down,Stage Age Bars,Long Entry,Long Entry Zone Bot,Long Entry Zone Top,Long Stop Loss,Long Target,Short Entry,Short Entry Zone Bot,Short Entry Zone Top,Short Stop Loss,Short Target,Entry At Market 0No 1L 2S 3Both,Long Rev Zone,Short Rev Zone,Ext Pct vs MA200,Exhaustion Gradient,Ext Z Self Relative,Regime 0 Hlt 1 Ext 2 Clmx 3 Dist 4 Dn 5 Ign 6 Sqz,Exp Move Pct 21b,Dir Prob Pct Above 50 Bull,Long Ignition Fresh Breakout,RR To Target,Long Target T1 Waypoint,Short Target T1 Waypoint,Long RR Valid,Short RR Valid,Long In Zone,Short In Zone,Action Long Code,Action Short Code,MTF Long Aligned 0 To 3,Bear Warning Mask,Reversal Pattern Mask,Weak Level Mask,Bear Warning Age,Reversal Pattern Age,Weak Level Age,Z Velocity,Z Elasticity,Trend Bars Up,Buy Sigma Evidence,Sell Sigma Evidence,VP POC,VP VAH,VP VAL,VP HVN Above,VP HVN Below,RVOL Vs Avg,Energy IV30 Ann Pct,Energy IV Rank Pct,Energy IV HV Spread,Energy State 3 Exp 2 Warm 1 Sqz 0 Dorm,HV20 Ann Pct,ADX 14,DMI DI Plus,DMI DI Minus,POC,VAH,VAL,Volume
2025-05-23,63.29200155,66.06657343,63.11450369,65.319214,66.09419313127354,67.82964830914632,65.34888814028325,66.01145066695057,72.71208999677685,59.946107920749014,0,0,0,0,75.33349689978124,61.80606026185892,98.6998534777091,72.5627728485776,5,15,65.319214,63.56530288289058,64.14574844910952,60.79272142512424,68.0205063203,66.01145066695057,65.7212278838411,66.30167345006004,67.46256458249792,62.257167005,1,4,3.5,-10.167327052632594,0,0.00744148289779824,0,8.720141630875949,72.11121912968342,0,0.5967738321926092,68.0205063203,62.257167005,0,1,0,0,8,8,1,0,8,0,,9,,0.1303585134967323,-0.0013653920095916768,0,5.692302237527935,1.8598795674112372,,,,,,1.18275765364893,88.10024091724648,84.92063492063492,191.65064033560728,3,30.207456707747344,21.52907876891988,26.48498360840579,26.211966830137655,,,,3591184
2025-05-27,66.74386791,67.52392431,65.93578553,67.46787236,66.5520862075157,67.39928433487142,65.55069616120865,66.06856524314858,72.65990872675917,59.93306499798557,0,0,0,0,75.28770002604118,61.96222841389201,98.42107963342684,58.661070235853735,5,16,67.46787236,65.7793877453505,66.35774274094666,63.622365547615374,70.15894990197073,70.88855340060297,70.5993759028049,71.17773089840105,72.33444088959337,64.74823041,1,1.5,0,-7.1456687157205945,0,0.5659453777371337,0,9.221729350042247,78.9480037440342,0,0.6997978870571733,70.15894990197073,64.74823041,0,1,0,0,8,8,0,0,8,0,,10,,-0.24564368473991,0.5541558010585118,1,5.039443304224969,-0.030530694811234382,,,,,,1.1891210693375227,89.57240923132883,85.71428571428571,180.3956428271998,3,31.94500753584458,20.624719554048543,29.181775502269662,24.42766375269576,,,,3619872
2025-05-28,67.6733962,68.12181186,66.80459087,66.81393286,66.63936842501046,67.053091514213,65.6710044182364,66.09779534577021,72.60173981266206,59.924855920397,0,0,0,0,75.22328920755231,62.13210967194617,99.56893381645783,88.29710604632209,5,17,66.09779534577021,65.81751248183271,66.37807820970771,64.6963810260827,69.06955821,66.81393286,68.72783179764144,69.28839752551644,70.40952898126645,63.765259008659996,2,0,2,-7.971994841441317,0,0.33729462741009414,0,9.186107381778648,73.23014956089904,0,2.1205455249611336,69.06955821,63.765259008659996,1,0,0,0,8,8,0,0,2056,0,,0,,-0.42369495570010146,0.3289857372911654,2,7.006458465370782,2.9444949003715717,,,,,,1.5071454319525166,88.30958800639618,84.52380952380952,177.5145243166414,3,31.821609418048258,20.017717949595657,29.861889063104115,23.40265869875523,,,,4761970
2025-05-29,63.87120511,64.36633073,60.07368502,61.95609658,65.07827781000697,66.27648113459438,65.31720367173769,65.93537578632824,72.49581301432711,59.89077980880951,0,0,0,0,74.9804871178484,62.118189993035074,96.91402461316017,90.31915563125804,5,18,61.3174135814667,60.99697013781045,61.637857025122955,59.71519636318544,65.41095140444,61.95609658,65.49297318409333,66.13386007140582,67.08319167850003,61.22248712680004,2,6.5,3.5,-14.538379523027325,0.026076472632197756,-0.9690442315917667,0,12.115102574291525,52.56338505309622,0,2.5549206289048234,65.41095140444,61.22248712680004,1,0,0,0,8,8,0,0,2056,0,,1,,-1.208611781057582,-0.9638569185414678,0,4.345941950817751,3.2276005940029857,,,,,,3.274323491889581,83.62129194619108,80.95238095238095,99.25037827399902,3,41.96794639516283,20.143741948664516,24.253685994364126,37.76196952973431,,,,11678831
2025-05-30,61.68984978,62.74082398,61.52636491,61.91872861,64.02509474333797,65.26145460508744,64.99353938014362,65.77786021078596,72.39056839338853,59.83475034387085,0,0,0,0,74.84994528869288,62.109852487919476,81.3815117015485,82.1174358259055,5,19,61.211489289347554,60.90309127854175,61.51988730015336,59.66949923531853,65.41095140444,63.48562607776748,62.868830056155865,63.62810749440005,64.86169953762327,61.080037216708774,0,3,2,-14.465751569295495,0.015577954807014849,-0.8873022815118942,0,12.101233203602925,39.969444658418674,0,1.7481543909078856,65.41095140444,61.080037216708774,1,1,0,0,8,8,1,0,2056,0,,2,,-1.1246236384561188,-0.879887583700544,0,1.7166573822174556,2.282432263059722,,,,,,1.713774101095931,75.49343818452968,75,80.08973186679682,3,41.91990148575951,20.26076423351417,23.400917705128748,36.434245151612444,,,,6442231
2025-06-02,62.39517024,63.86746831,61.75057273,63.77778518,63.94265822222532,64.34964172805758,64.87775326584422,65.69942589585318,72.30486905793194,59.77229296872902,0,0,0,0,74.76834575393511,62.160086146339594,93.79487743107063,79.58501548691608,5,20,63.77778518,62.97848956846363,63.589030438174404,59.30840925115688,67.593660995,65.49779837532498,65.19252794046959,65.80306881018036,67.02415054960193,61.105663165187366,1,1.5,0,-11.793236042098197,0,-0.31100571629284124,0,12.379467901680496,66.85020880432627,0,0.8537826926516147,67.593660995,61.105663165187366,0,1,0,0,8,8,0,0,2056,0,,3,,-0.9366010382284804,-0.2980216331353739,0,4.886850881782697,1.8732896349524735,,,,,,1.248711564660586,62.54423181033081,58.333333333333336,45.84604669095259,3,42.88373475275739,19.887074576235825,25.247264610501503,34.17841475514363,,,,4785817
2025-06-03,63.83383714,65.68822272,63.66577469,65.24447806,64.37659816815021,63.81143496118832,64.9126794367162,65.6815848042511,72.23461641118635,59.715057577685734,0,0,0,0,74.70993323605883,62.23595759143561,95.99675147269443,53.13645011784389,5,21,65.24447806,64.53615593450928,65.1392018854907,61.25359088607424,68.0205063203,65.49507041971009,,,67.00268529716368,62.257167005,1,1.5,0,-9.67699241509898,0,0.10492409320109537,0,12.560752273279498,84.38440436154382,0,0.6955917667723155,68.0205063203,62.257167005,0,1,0,0,8,8,0,0,2056,0,,4,,-0.32283691589949687,0.13747074756216918,1,5.081256322401541,-1.097354894178816,,,,,,1.02027418597518,64.75240496008698,60.714285714285715,48.816000909080294,3,43.51172223721272,18.81692866250355,29.12680078054142,32.1315419624258,,,,4007423
2025-06-04,64.98290226,65.37526596,64.4036987,65.08566418,64.61295350543347,63.62523165362121,64.9291541741718,65.65821536800595,72.16348255813972,59.66387835434223,0,0,0,0,74.67330306360476,62.27896462108825,97.81099895951998,31.813591920902276,5,22,65.08566418,64.5490185822229,65.12633923777709,62.09441607778324,67.593660995,65.48286983283046,,,66.92617147171595,62.257167005,1,3,4.5,-9.808033270064762,0,0.06186019311985071,0,12.45461809841185,94.25663432587999,0,0.8384449331171723,67.593660995,62.257167005,1,1,1,0,19,10,0,0,2056,0,,5,,-0.2694250345117216,0.09691004266193709,2,7.19386969354391,-2.608466384910767,,,,,,0.6334522012971375,66.4535983720561,63.095238095238095,54.027215469650734,3,43.144062670632394,17.82322174260929,28.251493514285258,31.165937385128196,,,,2496318
2025-06-05,64.83343037,66.68314496,64.16080689,65.82368162,65.01652954362231,63.74007588579566,65.01434726425067,65.66470424063317,72.10039996174032,59.62573568530117,0,0,0,0,74.62865915094943,62.34882626853435,97.31485963341748,18.664429082200478,5,23,65.82368162,65.10147985853708,65.68260507565883,61.836306021512996,68.12181186,69.87075956858375,69.289634351462,69.90324571830006,71.06549615254356,63.13812669,1,3,5,-8.705524997185906,0,0.26565246667484516,0,12.26117114196346,89.83833653677124,0,0.5763515834505303,68.12181186,63.13812669,0,1,0,0,8,10,0,0,2056,0,,6,,0.052173340562890316,0.30958220959358096,3,4.304075776350277,-3.5378911281502265,,,,,,0.8402262196102462,67.46399316511827,63.888888888888886,58.836191761412515,3,42.473942756356045,16.71165909311343,30.08070594502306,28.750333384794615,,,,3325544
2025-06-06,66.40288517,68.54220154,66.40288517,68.21523179,66.08276362574821,64.25327523035152,65.31919340956013,65.76472492884363,72.06174157197177,59.61607412927328,0,0,0,0,74.59146138952532,62.47955093264335,98.19748282325372,22.351048434868723,5,24,68.21523179,67.82773122419347,68.41589249580652,64.05024008354779,70.32618398414071,69.91659496647195,,,71.38699814550458,64.74823041,1,3,0,-5.337797419356087,0,0.902846400890873,0,12.666753040041346,87.5708114676642,0,0.5068322683261334,70.32618398414071,64.74823041,0,1,1,0,5,10,1,0,2056,0,,7,,0.41464339109930687,0.9632227351114816,4,5.989234029057975,-1.1420155850835862,,,,,,0.9556405240646917,66.77080669422402,63.492063492063494,52.17058032574099,3,43.87891966455828,16.34042693689437,33.24221309531321,26.377370457015935,,,,3845723
2025-06-09,68.9812752,68.99061719,67.78550011,67.96299798,66.70950841049881,64.96229245082597,65.5709843210306,65.8509317151635,72.02095805364368,59.6326456638507,0,0,0,0,74.54751874703248,62.61663262617945,97.52675192369976,18.4982907607824,5,25,65.8509317151635,65.56709686512886,66.13476656519813,64.43175746499033,68.12181186,68.12181186,67.83797700996536,68.40564671003463,69.54098611017317,64.74823041,0,0,4.5,-5.634415569175262,0,0.7668160033947811,0,12.63428355722251,84.98234185424498,0,1.6001418744452265,68.12181186,64.74823041,1,1,0,1,8,10,0,0,2056,0,,8,,0.5467679441298174,0.8149989779608424,5,4.320315158661473,-2.100236538771024,,,,,,1.0659070408588087,65.52901817493672,61.507936507936506,49.72434373377623,3,43.766442076682864,16.147411390391593,33.39260255535534,25.377423416026673,,,,4425001
2025-06-10,68.42075563,70.47599406,68.1918768,69.98086843,67.79996175033254,65.97218209812684,65.99097328378959,66.0128900177061,72.00065865440345,59.68657847780547,0,0,0,0,74.51864410496331,62.78919885671233,96.33816128857195,20.96888223901292,5,26,69.98086843,69.25832537514883,69.83032216949887,65.90388962259988,70.9759135517537,70.74920102026107,,,72.17919300613616,65.91502258036,1,1.5,0,-2.805238538300404,0,1.2668433234171272,0,11.292878926909086,78.67497616422172,0,0.2440643350776312,70.74920102026107,65.91502258036,0,1,0,0,8,10,0,0,2056,0,,9,,0.5226395554687133,1.3083311290190773,6,3.718510473766546,-1.328213478829384,,,,,,1.0327051866306463,59.26803656010249,55.15873015873016,51.50439973627476,3,39.119680130260875,16.454698494699336,35.41004042500365,23.386485511088576,,,,4247307
2025-06-11,70.1583663,70.43862608,67.62668624,67.86957805,67.82316718355503,66.89880344899264,66.16988802342867,66.08570131309017,71.95955337475765,59.762895806715896,0,0,0,0,74.48431922264035,62.885056977882215,96.10364121501499,58.05343949890405,5,27,66.08570131309017,65.79502476714194,66.3763778590384,64.63231858334902,68.12181186,68.12181186,67.83113531405176,68.41248840594822,69.57519458974114,64.74823041,0,0,5,-5.683714160172023,0,0.5771519927529118,0,11.712216639575193,42.039879175259394,0,1.4009458797356555,68.12181186,64.74823041,1,1,0,1,15,8,0,5,2056,0,0,10,,0.25227701115997586,0.6039418720306112,7,3.942658342458069,4.215170523371298,,,,,,0.841897996069026,50.28877378974039,49.6031746031746,23.94851452208067,3,40.572308577995706,16.470691187277446,32.35156895329493,23.102593180081502,,,,3485708
2025-06-12,67.57997627,67.84622307,67.09465974,67.76681613,67.80438349903669,67.68140038814587,66.3219764145307,66.15162738434154,71.91783459620284,59.85953108699041,0,0,0,0,74.45997450907107,62.9491039775929,97.2504845120917,38.40321381535955,5,28,67.76681613,65.87479453533604,66.42846023334704,64.76746313931405,68.12181186,68.12181186,67.84497901099449,68.3986447090055,69.50597610502749,64.74823041,1,1.5,0,-5.771890226547519,0.04008585238076007,0.5079096037489887,0,11.703491056737386,86.84928500290053,0,0.11835743612118547,68.12181186,64.74823041,0,1,0,0,8,10,0,5,2056,0,1,11,,1.3206868190460805,0.5279647506447523,8,5.239788389148553,-1.7048545823701624,,,,,,0.6009661462906482,45.19797604983166,48.01587301587302,11.484101251029461,2,40.54208227239424,16.22918155158363,31.543002674388543,24.241109864139826,,,,2455931
2025-06-13,66.65511898,67.31840047,64.6652745,65.02027023,66.87634574269113,67.97785376954891,66.19800439695635,66.10726043711246,71.84920211494709,59.95965261815838,0,0,0,0,74.41951846796276,62.98088120391159,91.7995348748531,65.83153372216157,3,0,64.83767891,64.55292749994132,65.12243032005867,63.41392185970661,67.593660995,66.10726043711246,,,67.53101748740585,62.257167005,0,0,3.5,-9.504534057346817,0,-0.2955630387884411,0,12.382870445599814,37.83347979615151,0,1.9357109307603404,67.593660995,62.257167005,1,1,1,0,14,8,1,5,2056,0,2,12,,0.7293247803220962,-0.2799845973910225,0,2.5593990114082255,3.403077440567033,,,,,,0.7070985365163053,39.00589433547154,46.42857142857143,-9.067676620290497,1,42.895521510643874,15.196325981546096,28.47541671312921,29.501140025322435,,,,2916820
2025-06-16,65.90775955,66.63643499,65.12303215,66.54301507,66.76523551846076,68.021924924358,66.23086255629384,66.12434885408844,71.79640423390283,60.07361017425275,0,0,0,0,74.38507475794674,63.036024211282744,91.06018553402961,66.47465253225712,2,0,66.54301507,64.55883684387408,65.11652097612591,62.892295620992684,69.06955821,68.73447792574935,68.45563585962343,69.01331999187526,70.12868825637892,63.765259008659996,1,0,0,-7.317064440703767,0,0.17341015230825618,0,12.553472117953557,53.05524059985064,0,0.6920671871093814,69.06955821,63.765259008659996,0,1,0,0,8,8,0,5,2056,0,3,13,,0.6366232043624054,0.18892618238378936,1,2.5378568852731833,1.3913553441082231,,,,,,0.7172579851312331,31.06897816964501,38.888888888888886,-28.554894051832562,0,43.48650303938968,14.237245809368385,27.00181741340906,27.974459670818018,,,,2989265
2025-06-17,65.78631364,66.04788944,64.65593251,64.82408838,66.11818647230717,67.72356553323205,66.09688406331348,66.07335824726144,71.72702795674957,60.18854615088518,0,0,0,0,74.32427137698178,63.075638574473224,90.96915928617415,79.51624100262688,2,1,61.94538773051455,61.5927003,62.257167005,60.489605391532315,67.593660995,66.07335824726144,65.79758452014451,66.34913197437837,67.45222688284605,62.257167005,0,0,6,-9.62390297408104,0.15,-0.3165766669531291,3,12.462270463429144,38.252908792917445,0,3.8798885748499146,67.593660995,62.257167005,1,1,0,0,8,8,0,5,2056,0,4,14,,-0.03751749568354033,-0.300289462099915,0,2.625126557017323,3.460894785154814,,,,,,1.0371004395932952,24.207016554699663,24.603174603174605,-43.9270413639862,0,43.17057124064843,13.546391081793091,25.352086981007158,27.777606029966567,,,,4375057
2025-06-18,64.79567315,65.08929482,64.14212813,64.1800148,65.47212924820478,67.14731424252295,65.91432508585505,65.99910948462373,71.65193329847345,60.29927460929208,0,0,0,0,74.28316375256864,63.091073854092066,70.99931711694828,87.16552142256504,2,2,63.45794148245492,62.92887658405921,63.604688533800065,61.87074678726779,67.593660995,65.99910948462373,65.73457703542587,66.26364193382159,67.32177173061301,61.87708636142681,0,0,4.5,-10.428076612180744,0.15,-0.4570352123125147,3,12.482366327355175,17.42232232211059,0,3.1164593498424633,67.593660995,61.87708636142681,1,1,0,0,8,8,0,5,2056,0,5,15,,-0.13511350973014735,-0.44096860950758565,0,-0.38508690885484675,3.9748233016628274,,,,,,0.6751783589640215,15.692398264357935,5.9523809523809526,-63.708762727533454,0,43.24018535533218,13.127239785735368,24.541605386053806,28.623789514547884,,,,2799138
2025-06-20,64.47363647,64.70891268,63.36545145,63.9526948,64.96565109880319,66.41873053821647,65.72750315386885,65.91885792836398,71.57532396018019,60.40415854766261,0,0,0,0,74.20615338468009,63.112830074778564,80.36756668047406,83.67934522549216,2,3,63.650067324666914,63.13480239704947,63.83426295320006,62.10427254181458,67.593660995,65.91885792836398,65.66122546455526,66.1764903921727,67.20702024740758,61.71279539305316,0,2.5,6,-10.649800431809311,0.15,-0.4659637281782204,3,12.416483889939606,48.78674086540294,0,3.2651650130812655,67.593660995,61.71279539305316,1,1,0,0,8,8,1,5,2056,0,6,16,,-0.32900580730947976,-0.4491329946105847,0,2.4509459313145108,1.9645486136918024,,,,,,1.227025810078177,13.904629578333807,4.365079365079365,-67.67264508538695,0,43.01196189747169,13.070538073018023,23.398965191558656,29.982754667014007,,,,5188012
2025-06-23,63.22337645,63.32756478,61.2343264,62.8634531,64.26491843253547,65.49489907289005,65.45473648207182,65.79903813117323,71.48863867798934,60.49606391523979,0,0,0,0,74.14157130728346,63.1080851774643,88.15715925973498,86.2301744779979,2,4,62.86226988,62.598768588606184,63.125771171393815,61.54476342303093,65.41095140444,65.3983610980443,65.1348598066505,65.66186238943811,66.71586755501336,61.360300864667344,0,7,0,-12.065113754425083,0.15051198569004343,-0.7229776144992006,3,12.468660096231247,52.40449661036756,0,1.9344736497939088,65.41095140444,61.360300864667344,1,1,1,0,14,8,0,5,2056,0,7,17,,-1.0040958855203475,-0.7101943521277136,0,3.7790330593329164,2.858085690818122,,,,,,0.9330518690517963,13.179944434985375,4.365079365079365,-69.48571695469053,0,43.19270557795833,13.829910664360861,21.243682735684132,34.44221817910382,,,,3985173
2025-06-24,63.51699812,65.47763316,63.36071562,65.20295482,64.57759722835698,64.79981657034546,65.43075727616022,65.77566231504879,71.4260945599994,60.58932802363539,0,0,0,0,74.08590222084933,63.151057375283045,91.87356981655444,80.31982006271528,2,5,65.20295482,64.32588897150691,64.86193029945255,61.216550308217386,67.593660995,65.77566231504879,,,67.11576563491292,62.257167005,1,1.5,0,-8.712697758900747,0.15,0.04497772391148058,3,13.01206735671321,59.23584104912603,0,0.5997148979572395,67.593660995,62.257167005,0,1,0,0,8,8,0,5,2056,0,8,18,,-0.48468069889272436,0.06369483801095766,0,3.661585155765027,1.863147505243771,,,,,,1.0175200418893857,12.496221151661342,4.365079365079365,-72.27690094133061,0,45.07512354667148,13.443869246614188,26.556173778738017,31.44277727475067,,,,4386404
2025-06-25,64.95669149,65.36397316,63.80114813,64.40733481,64.52084308890466,64.25110409531169,65.33328846985924,65.72200241289002,71.35625615452676,60.678670266947314,0,0,0,0,74.04706416762197,63.16751016883059,95.43611163899807,62.5757845230961,2,6,64.24906071680002,63.98623059105739,64.51189084254264,62.934910088086895,67.593660995,65.347745248682,,,66.66189587739512,62.257167005,0,1.5,6,-9.738349121734204,0.1512493024167481,-0.17439295768937524,3,12.600313308756268,83.77997958982384,0,2.545066147763568,67.593660995,62.257167005,1,1,1,0,14,8,0,5,2056,0,9,19,,-1.009994419333985,-0.16266071580496275,0,5.685014154472339,-0.17662807197134534,,,,,,0.6642782397920373,12.224617607840996,3.9682539682539684,-71.99321122546,0,43.648765684104326,13.08540221584942,25.14629201014401,29.773463057913986,,,,2837641
2025-06-26,64.74831481,65.12718149,64.0095248,64.81461648,64.6187675526031,63.92547262911169,65.2838911374917,65.6864186508159,71.29116521249166,60.767950954499845,0,0,0,0,74.01910318080571,63.18367971234556,96.72163285334202,50.735215175173224,2,7,64.81461648,64.27812006646718,64.78619131231062,61.97723981662621,67.593660995,65.33113949304742,,,66.60131760765603,62.257167005,1,1.5,6,-9.084644237736265,0.15,-0.019189817699809975,3,12.603013336902693,79.40955560945855,0,0.9794415210617707,67.593660995,62.257167005,1,1,0,0,8,8,0,5,2048,0,10,20,,-0.5376086138830553,-0.014021194918010951,0,4.753968990483631,-0.16232385367725377,,,,,,0.518741445985318,11.694409497223868,3.9682539682539684,-73.213666086244,0,43.658118855967274,12.752539972996422,24.158490393323575,28.6038959927146,,,,2148147
2025-06-27,65.37344483,65.82808484,63.64960146,64.61571148,64.61774886173541,63.76630199614415,65.22025497963534,65.64443013431331,71.22474278729274,60.85698633058648,0,0,0,0,73.95664140442622,63.2140608808296,96.40901698613759,63.14471686212091,2,8,64.25522665337778,63.99988568762903,64.51056761912652,62.97852182463406,67.593660995,65.64443013431331,,,66.92113496305703,62.257167005,0,1.5,7.5,-9.279122743946028,0.15,-0.05948134570900105,3,9.932893647532085,62.46828807789744,0,2.6148834612830982,67.593660995,62.257167005,1,1,0,0,8,8,0,5,2048,0,11,0,,-0.5557201045039397,-0.05877025161873408,0,3.831270597728664,1.6045238156839514,,,,,,1.2500370623411903,11.546028906909038,3.9682539682539684,-66.44430548629006,0,34.408552927407435,12.072685071763535,24.769069815075966,26.424977815578984,,,,4742994
2025-06-30,64.87144648,64.97563482,63.23284811,63.58329979,64.27293250449027,63.60975708884848,65.06435448538436,65.56360149335984,71.14870852861321,60.94140102335543,0,0,0,0,73.90299701512848,63.22009113415409,95.06857159239037,68.32335877686887,2,9,63.32668869910776,63.074025778144645,63.57935162007088,62.06337409429217,67.593660995,64.33618467224167,,,65.59949927705726,61.93986372754582,0,0,7.5,-10.633234102303774,0.15,-0.34732984453052473,3,10.096562098666128,58.73644823630801,0,3.3776007018577068,67.593660995,61.93986372754582,1,1,0,0,8,8,0,5,2048,0,12,1,,-0.22471061304364232,-0.34612729498745887,0,3.1657642069209304,1.46032452506296,,,,,,1.0147638885746786,11.282691189410999,3.9682539682539684,-67.74117401679507,0,34.975517073327964,11.64697297461386,23.24363237482706,26.270276885653526,,,,3711762
2025-07-01,63.73484646,68.3570199,63.55488479,66.91732653,65.15439717966018,63.829646872673585,65.240828013443,65.61668874969867,71.10660522514442,61.04271853102489,0,0,0,0,73.85139692307213,63.30498446445673,98.669504717271,24.774424620285842,2,10,66.91732653,63.30498446445673,63.9526948,62.47745811711938,69.33545844167,69.29205756764941,69.01456579184438,69.56954934345444,70.6795164466746,63.765259008659996,1,1.5,5.5,-5.89154647712394,0.15,0.692978466015165,3,10.924029010733745,85.71478572707021,0,0.544640445796704,69.33545844167,63.765259008659996,0,1,0,0,8,10,0,5,2048,0,13,2,,0.14918959445689212,0.6841738836883768,1,5.301632884435689,-1.0409058873734511,,,,,,1.4492293381861172,11.519013370408155,4.365079365079365,-69.56019860589264,0,37.84194653989445,11.941926753973155,30.53211880936544,22.211166272116582,,,,5341174
2025-07-02,67.56139988,68.12969989,66.55740319,67.80766322,66.03881919310679,64.40701514573504,65.48528850930556,65.70260931716146,71.07377993156089,61.16547042740134,0,0,0,0,73.8207322493529,63.375249064757966,98.20453151149684,52.179575961911425,2,11,67.80766322,67.43529249443111,67.97871109056905,64.38372880544829,69.56471315094961,69.45388442125855,,,70.65155034322547,64.74823041,1,3,0,-4.595389065708818,0.15,0.8984238471557359,3,10.778381174117431,83.6790448508567,0,0.5131669355236957,69.56471315094961,64.74823041,0,1,1,0,5,8,0,5,2048,0,14,3,,0.6921508217907064,0.8862477838316543,2,6.7295235672606495,0.8599856190556354,,,,,,1.0049066599853438,11.7927156527888,5.555555555555555,-68.4158156655105,0,37.33740763383056,12.215812406235358,28.954620423973534,21.06358528860529,,,,3687538
2025-07-03,68.3854349,68.99162158,67.88343655,68.29071823,66.78945220540453,65.24584047982725,65.75247229222884,65.8041037843316,71.04608777532646,61.31007293321474,0,0,0,0,73.80718395202811,63.412100396168235,96.87027352624239,35.841548259110766,2,12,67.60682345270007,67.34395090485032,67.86969600054982,66.2924607134513,69.8506190497229,70.03455287627499,69.50880778057548,70.47599406,71.52748425139902,65.91502258036,0,0,5.5,-3.878284690411018,0,0.9601892468275893,0,10.779920211575625,80.0084606024867,0,1.707135732031848,69.8506190497229,65.91502258036,1,1,0,0,8,10,1,5,2048,0,15,4,,0.9303640029070063,0.9463662706177854,3,3.6446154117430867,-1.4501579456348088,,,,,,0.491186664526488,12.096664493437595,5.9523809523809526,-67.60638128803933,0,37.34273901597524,12.815914886334062,30.71780187666098,20.21654227092263,,,,1784955
2025-07-07,67.80766322,68.03498322,66.11223485,66.78472319,66.78787586693635,66.02286842666753,65.85078190154039,65.842559447299,71.00368613766152,61.465730998656596,0,0,0,0,73.76697041565012,63.470510389325284,96.63656555694791,30.130345124457605,2,13,64.98307858883157,64.71953190707823,65.24662527058491,63.66534518006487,69.06955821,67.46225058880007,67.19870390704673,67.72579727055341,68.77998399756679,63.765259008659996,0,0,3.5,-5.941892846917587,0,0.4311305582095712,0,11.008900631256694,79.80066071651983,0,3.1011429125053773,69.06955821,63.765259008659996,1,1,0,0,8,10,0,5,2048,0,16,5,,0.6542940725234532,0.4229285944786128,4,3.944528117725854,-1.06644762358498,,,,,,1.1410220415133407,12.38276314632684,6.746031746031746,-67.52994747020857,0,38.13595045762735,12.40094293304367,28.450711618371614,24.72505394603693,,,,4196100
2025-07-08,67.27724987,68.93005574,67.07360903,68.42332156,67.3330244312909,66.80562824560043,66.09578567853654,65.94376580465982,70.97801086823205,61.640768875675754,0,0,0,0,73.73857128927729,63.54927076808181,97.04118907205724,26.06569940200876,2,14,68.42332156,65.49699381695336,66.02474716431672,64.44148712222666,69.94573339157797,68.81311933,68.54924265631833,69.07699600368169,70.13250269840839,65.91502258036,1,0,4,-3.5992686706517105,0.03106640195787655,0.8770158241005996,0,10.681631999239286,83.08822284586351,0,0.382339310026488,69.94573339157797,65.91502258036,0,1,0,0,8,10,0,5,2048,0,17,6,,1.2485312156630124,0.8680438168323215,5,4.41541642683959,-1.247473294865575,,,,,,1.0636111030704893,12.640822932926316,7.936507936507937,-65.83769912863896,0,37.00225866087193,12.399933637929013,29.4140612059842,22.930267230399252,,,,3915112
2025-07-09,68.6979999,69.23314908,68.07286989,68.63169824,67.7659157008606,67.52835336839091,66.33730116058068,66.0491749197712,70.95466447392128,61.83381698097853,0,0,0,0,73.71923340478226,63.60642523197935,97.18123187130351,24.762894934259677,2,15,65.90930394186533,65.64953954219999,66.38743351818,64.6279876403109,70.05440982947141,69.18789547,68.93250749452773,69.44328344547228,70.46483534736136,66.38743351818,0,0,6,-3.273873889961191,0,0.857443290526301,0,10.677302896224399,82.46105603506653,0,3.235037189940885,70.05440982947141,66.38743351818,1,1,0,0,8,10,0,5,2048,0,18,7,,0.7532692584359932,0.8528825196903645,6,4.350235410020556,-1.136682131500951,,,,,,0.7778755369638549,12.883772899005269,8.333333333333334,-65.16700039459867,0,36.98726220812596,12.52831050982385,29.280539247047205,22.00011688619635,,,,2800133
2025-07-10,68.73588657,70.80070995,68.55601962,69.82512826,68.4523198872404,68.30146359562556,66.66947517004918,66.1972515213488,70.94342530761361,62.04934803263019,0,0,0,0,73.70010466738455,63.696275932109955,97.200074679234,20.063373369540713,2,16,69.82512826,68.93070761482932,69.44508332517069,66.49851677863457,70.47599406,70.43484849463202,,,71.72078777048542,67.0565537563,1,2.5,8.5,-1.5763223198832408,0.021920690594058906,1.123440782781337,0,10.401177105531229,85.35685889863,0,0.19565428774773921,70.01652863992717,67.0565537563,0,1,0,0,8,10,0,5,2056,0,19,0,,1.1753655247524712,1.118159671430207,7,4.298833429157411,-1.8351253255440494,,,,,,1.0225607832052663,13.558343597031323,9.126984126984127,-62.37006039754539,0,36.03073441060456,13.280075914208552,32.440762055035314,20.28571378132307,,,,3650413
2025-07-11,68.83060324,69.27577158,67.94973822,67.99709655,68.30057877482693,68.86394927806495,66.79591530147307,66.26783367933513,70.91410860355775,62.272296210405855,0,0,0,0,73.676870248435,63.74740887788663,95.61012419208782,43.919456704458334,2,17,66.34979175585975,65.91502258036,66.86091545189102,64.89277518829748,70.03474766909972,68.69236812344262,68.29071823,69.18789547,70.21014286206253,65.91502258036,0,0,3.5,-4.113443870337826,0,0.49354344673295053,0,10.282088262606338,59.94526096612256,0,2.529110509295876,70.03474766909972,65.91502258036,1,1,0,0,8,10,1,5,2056,0,20,1,,0.6964863521037097,0.4951599171025408,8,3.233490470979401,1.4313007642490707,,,,,,0.8569023353815762,14.08587948624526,9.920634920634921,-60.4531389662722,0,35.61819855748356,13.615862371535497,30.315225344715113,21.074749592991513,,,,3039934
2025-07-14,66.75630819,67.25830654,65.68600984,67.20147654,67.93421136321795,69.11368980225585,66.83454018133278,66.3044471248514,70.87716699098503,62.496398009133515,0,0,0,0,73.64196979961122,63.801180150391524,96.5649787051304,59.49718568642275,2,18,67.20147654,66.11306386585503,66.6289481319912,63.622472775455314,69.96651696246667,68.69236812344262,68.29071823,69.18789547,70.21966400227234,64.74823041,1,4,0,-5.186000805382848,0,0.22803971421352423,0,10.34972359862843,65.679676154559,0,0.7725726499252316,69.96651696246667,64.74823041,0,1,0,0,8,8,0,5,2056,0,21,2,,0.5717367498469014,0.23110688460423479,9,4.455639955049544,1.9101489838311574,,,,,,1.114821994280443,14.676105493110814,10.317460317460318,-59.065315240757876,0,35.85249423423807,12.729542917334996,27.89008581094345,27.224636162295486,,,,4043414
2025-07-15,67.1541182,68.09181322,65.21242649,65.23136982,67.0332641821453,68.89683752171861,66.68185728977728,66.26236566191605,70.82098990470658,62.708408992110925,0,0,0,0,73.60480095629212,63.819284839324965,87.84212877671283,59.475470712658115,2,19,64.83767891,64.57245240491892,65.10290541508107,63.5115463845946,67.593660995,66.30265208611695,,,67.62878461152233,62.257167005,0,0,3.5,-7.892603721337012,0,-0.3513744840870777,0,9.92323614932966,49.22251230389776,0,2.0782101578856236,67.593660995,62.257167005,1,1,0,0,8,8,0,5,2056,0,22,3,,0.3793067933175156,-0.34447283860831723,0,1.3361736963739528,0.9503408527567634,,,,,,0.9129540340911512,15.043132296559447,10.714285714285714,-56.238285826441526,0,34.375098372286224,12.283118007714114,27.992569811784183,24.58571061210436,,,,3330113
2025-07-16,65.4681615,65.4681615,62.86818894,63.31809311,65.79487382476353,68.12878764816233,66.36149879646516,66.14690399321346,70.74633421520701,62.89686898532835,0,0,0,0,73.54595847943858,63.811159220268344,77.6931205486334,70.22896332843271,2,20,63.06939876951219,62.53040717864733,63.23284811,61.45242399691761,67.0565537563,66.26861138967386,65.99911559424143,66.5381071851063,67.61609036683602,61.903533691365915,0,0,5,-10.499824743725455,0,-0.8615759327995951,0,10.042849249400417,32.44005664160991,0,2.4658114983390043,67.0565537563,61.903533691365915,1,1,0,0,8,8,0,5,2056,0,23,4,,-0.6986077436437834,-0.8493955126033714,0,0.5371987134589187,2.371827484603297,,,,,,1.166979107007224,15.199149533126324,11.507936507936508,-56.31103854850872,0,34.789450305432965,12.001232840223972,25.581323824567406,30.234539201395208,,,,4335237
2025-07-17,63.46016812,64.24631647,63.16664116,64.0947698,65.22817248317568,67.16063273780735,66.14561984442085,66.0664281424992,70.68014949465768,63.0677029303184,0,0,0,0,73.50796597010293,63.81436682984696,55.176683719093916,72.78881460456486,2,21,63.38791976862586,63.23284811,63.81436682984696,62.19330389446526,67.0565537563,66.11110335668198,65.85121730279829,66.37098941056567,67.41053362610042,61.9218488286,0,1.5,0,-9.317155865884864,0,-0.5395944620616332,0,9.821205042943474,23.018747105820015,0,3.2239163783347085,67.0565537563,61.9218488286,1,1,0,0,8,8,0,5,2056,0,24,5,,-0.7055004660157155,-0.5290989007561825,0,-1.404789467350235,1.929726930364796,,,,,,0.8382468225048305,15.168799043937037,11.507936507936508,-55.41427873154531,0,34.02165225185954,11.739482327554553,24.632435314523445,29.113048888719305,,,,3058857
2025-07-18,64.3220898,64.34103314,62.96764144,63.9811098,64.81248492211712,66.15304858722598,65.93947603066648,65.98465095259728,70.61349238326805,63.220212429477016,0,0,0,0,73.463846784153,63.81652130156415,73.94097381411103,56.53408602445059,2,22,63.81652130156415,63.56293611135073,64.07010649177758,62.548595350497045,67.0565537563,66.03005369656138,65.77646850634795,66.28363888677481,67.2979796476285,61.9218488286,0,3,2,-9.392514602265452,0,-0.5085005772016925,0,9.772633232027754,70.55254788838738,0,2.555379872151834,67.0565537563,61.9218488286,1,1,1,0,19,8,0,5,2056,0,25,6,,-0.8125908505697209,-0.4968495562801349,0,2.9496963342692784,-0.08511815545056589,,,,,,0.9604304325311855,14.9182731077658,10.714285714285714,-55.9327113270484,0,33.853394563216234,11.58490976707239,23.441303402006294,28.405916571829824,,,,3540311
2025-07-21,64.21790147,64.46416481,62.28520784,62.6929631,64.10597764807808,65.10733896067013,65.63028432298397,65.8555651544562,70.53468114661862,63.34846065304351,0,0,0,0,73.40213541224175,63.79874287511874,51.8907667879566,76.6748317101282,4,0,61.57646166480859,61.321534729521126,61.831388600096055,60.301826988371275,65.41095140444,65.87107021130751,65.61614327602005,66.12599714659497,67.14570488774483,61.57086213543224,0,0,3.5,-11.117535259453781,0,-0.8242243064160719,4,9.975614410391888,14.676452423923422,0,3.3736788707919203,65.41095140444,61.57086213543224,1,1,0,0,8,8,0,5,2056,0,26,7,,-0.7809265404905703,-0.8102049306617481,0,-0.6998691143173765,4.372715890964764,,,,,,1.2079055742347355,14.45152995667117,10.317460317460318,-58.18004602305861,0,34.556541991029995,11.748410596977777,21.65235974644161,28.62825233952086,,,,4405273
2025-07-22,63.00552811,64.88091815,62.97711311,64.54940981,64.25378836871872,64.31366740047446,65.52734389317597,65.80434337624223,70.4751262079458,63.466813398814814,0,0,0,0,73.3623991915853,63.80797538829198,56.273912472214406,58.13892281254584,2,0,63.80797538829198,63.55172220686433,64.06422856971962,62.52670948115376,67.0565537563,65.82533003456676,65.56907685313912,66.0815832159944,67.10659594170498,62.257167005,0,1.5,0,-8.408238078866615,0,-0.18285712068745238,0,10.256502571100757,49.962445778155114,0,2.784873155281604,67.0565537563,62.257167005,1,1,0,0,8,8,0,5,2056,0,27,8,,-0.7119335769040398,-0.17312515866412412,0,0.137225884941639,-0.12271197348450458,,,,,,0.9573708415064647,13.745066720880248,9.523809523809524,-61.313723092657035,0,35.52956712221466,11.653653670000974,21.453788837142728,26.445794094725258,,,,3466748
2025-07-23,65.18401149,65.53446317,64.54940981,64.84303148,64.45020273914581,63.77550532959308,65.4621712823973,65.76664487050724,70.41908546438415,63.57935880123707,0,0,0,0,73.31636557191804,63.823157438613784,77.5249417636271,35.28778654677119,2,1,64.83767891,64.59093440796003,65.08442341203995,63.60395639980021,67.0565537563,65.75753576097091,,,66.9912582711707,62.257167005,0,1.5,3.5,-7.918384551023968,0,-0.0631399852547549,0,9.578340391362211,91.72616319953552,0,1.7985201923086391,67.0565537563,62.257167005,1,1,1,0,19,10,0,5,2056,0,28,9,,-0.6876619966532511,-0.05388311101965234,0,5.4142753807669335,-2.1622863295439174,,,,,,1.1618093002397265,12.800614426897694,8.333333333333334,-61.42109236467144,0,33.180344420057025,11.181529932688159,23.05396109657804,25.503143248422386,,,,4195981
2025-07-24,65.42080316,66.11223485,63.44217195,63.73484646,64.2117506460972,63.350318103329435,65.2976641564547,65.68696650146774,70.35257562354451,63.67931903433631,0,0,0,0,73.27664571953521,63.82217068018348,84.17360012038958,23.889316076576055,2,2,61.61907556636618,61.372222025,62.12499505051181,60.360383056708734,66.70298642674,65.63281558856939,65.37985584649657,65.8857753306422,66.89761429893346,62.28520784,0,0,5,-9.406520095235562,0.014486036380121636,-0.3685539591448184,0,9.656098266492465,81.416647101682,0,4.039041164833356,66.70298642674,62.28520784,1,1,0,0,8,10,0,5,2056,0,29,10,,-1.115888291040973,-0.3589389832455124,0,2.6161643201222122,-2.1556631800187893,,,,,,0.8901774869941134,13.366082529777746,9.523809523809524,-60.041255103231926,0,33.449705600885416,11.296645004962834,20.88127184494856,27.00778658718095,,,,3232534
2025-07-25,64.21790147,64.61571148,63.27073478,63.87692146,64.10014091739814,63.08892223918615,65.16235532822093,65.6159843429788,70.288141253758,63.76887809194826,0,0,0,0,73.24596537232229,63.822649709089944,89.84178210029879,31.92868353532952,2,3,63.822649709089944,63.575749799486616,64.06954961869327,62.5881501610733,66.70298642674,63.9811098,,,65.21560934801664,62.28520784,0,1.5,5,-9.121339217965478,0,-0.2745691627861902,0,9.634386949648123,75.7451021376409,0,2.3332019216026647,66.70298642674,62.28520784,1,1,1,0,19,10,0,5,2056,0,30,11,,-0.7485534167719542,-0.26717505103997635,0,3.636493168382186,-0.10239532549323838,,,,,,0.6992801259096053,13.265045215914284,9.523809523809524,-60.25394523675227,0,33.37449539313816,11.48716267400667,19.865648313862078,26.3141449414505,,,,2553494
2025-07-28,64.13265647,65.33555816,63.72537479,64.2084298,64.13623721159875,62.988673870896534,65.07150527791417,65.5607861256071,70.22764661242708,63.85152231492171,0,0,0,0,73.21782670995874,63.82585267987459,91.51561092899485,26.216442902003987,2,4,63.93970790129989,63.696067062293224,64.18334874030656,62.721503706266574,66.70298642674,65.45546361324307,,,66.67366780827638,62.28520784,0,0,1.5,-8.571007434787013,0,-0.13282566995439424,0,9.648527001131743,79.60719951530538,0,2.2683213017211257,66.70298642674,62.28520784,1,1,0,0,8,10,0,0,2056,0,,12,,-0.5268916868493191,-0.12800687682093134,0,3.0482133647735123,-1.3667657435795078,,,,,,0.6908892049749294,12.444505507329197,7.5396825396825395,-62.76717366420007,0,33.423477968320704,11.198187888236845,21.331408455988786,24.761412987974847,,,,2443416
2025-07-29,64.25578814,64.2936748,62.65507643,62.92975477,63.7340763977325,62.89934908153073,64.8675290390652,65.4576084253872,70.15503077319894,63.92093475918822,0,0,0,0,73.17641025037382,63.81629725228291,84.7607192291349,57.97529562353755,4,0,62.77589260829269,62.53502434376865,63.01676087281674,61.57155128567247,65.41095140444,65.36351123619899,65.12264297167495,65.60437950072303,66.5678525588192,61.4336020943077,0,0,1.5,-10.2990133759006,0,-0.4855872640338839,4,9.725412539414059,42.97756882747404,0,2.187966772089447,65.41095140444,61.4336020943077,1,1,1,0,14,8,0,0,2056,0,,13,,-0.39906747024325945,-0.4800040651804372,0,2.128008006983359,2.7107045036779254,,,,,,0.9038004765990856,10.689015190062012,3.9682539682539684,-68.27226725681854,0,33.68981728566521,11.48485883460409,20.03573833423246,27.22481588531332,,,,3172012
2025-07-30,62.92975477,63.60224312,61.94470142,62.31409642,63.260749738488336,62.77777880129005,64.62434498010661,65.33433344478378,70.07701152590343,63.97552471779738,0,0,0,0,73.13131586051871,63.799890553786376,71.04921938659766,76.85988020003235,4,1,61.16873710032607,,,60.034768902293855,64.53887733958,62.39517024,62.1567073720491,62.6336331079509,63.58748457975449,60.988620374097444,0,0,1.5,-11.077691438131504,0,-0.6078571272736834,4,8.09707262125968,24.601045073411587,0,1.179680407259196,64.53887733958,60.988620374097444,1,1,0,1,8,19,0,0,2056,0,,14,,-0.13540402163568538,-0.6027786424360257,0,0.8341913609885814,3.971283034936464,,,,,,0.964170831160728,10.815491845854964,4.365079365079365,-61.440835344446235,0,28.049082345193348,12.093881991289425,18.792280597699946,28.19498914608152,,,,3284753
2025-07-31,61.86892808,62.26673809,61.36692974,61.62266474,62.71472140565889,62.53858927965714,64.33847067152503,65.18877780930207,69.99288867231235,64.0128754308581,0,0,0,0,73.08568834670729,63.77732739329687,76.93131587408891,84.70652204091164,4,2,61.5927003,61.36281364868845,61.82258695131154,60.44326704344226,63.73236441442,63.92583304764889,63.69594639633734,64.15571969896044,65.07526630420664,60.50143235689788,0,3,0,-11.958677647238506,0,-0.7419225223152036,4,7.9309200989820186,42.69961005678286,0,2.9792079454932314,63.73236441442,60.50143235689788,1,1,1,0,14,8,0,0,2056,0,,15,,-0.44349223411980365,-0.7358721813822929,0,2.5366143228720253,3.1799919520200515,,,,,,0.9318048923989951,10.646753583427019,3.9682539682539684,-61.24720731850396,0,27.473513124412086,12.929305990206524,18.100968553194118,29.401787830524754,,,,3149417
2025-08-01,61.11119473,61.18696807,60.04089637,60.73232806,62.0539236237726,62.13613241348442,63.99502851804645,65.01401507403531,69.9007437905978,64.0289322499407,0,0,0,0,73.03629458009678,63.74570645504462,39.637718328318684,91.58023690077545,4,3,59.957822710360375,,,58.819877169896046,63.73236441442,60.73232806,61.36511119190713,61.82028940809286,63.00768093474293,59.957822710360375,2,3.5,0,-13.116335010774268,0,-0.925824606387242,4,7.885033236357062,3.552378690499758,0,0.3403891142498631,63.73236441442,59.957822710360375,1,0,0,0,10,8,0,0,2056,0,,16,,-0.6077501859217578,-0.9171169008644502,0,-4.532719285029426,5.358515722243591,,,,,,0.9243182114021955,13.200540629518107,11.11111111111111,-51.67213975231143,0,27.31455636947937,14.274190466763606,16.977721716425606,32.77944911660026,,,,3189002
2025-08-04,61.24379807,63.07182978,61.24379807,62.7213781,62.27640844918173,61.88385600129957,63.87372847823251,64.9241077417202,69.82930731606449,64.03688108444194,0,0,0,0,72.99991667175755,63.73637665595836,62.37691847474617,70.23343140910143,1,0,62.12415957488372,61.65971727199697,62.28520784,60.73083266622346,65.41095140444,64.11646759365705,63.73484646,64.57255774200001,65.50144234777352,60.36123079964,0,0,0,-10.179005763142204,0,-0.21992741716509326,0,8.544686049566181,66.84222488036706,0,2.711411729965189,65.41095140444,60.36123079964,1,1,0,0,8,15,0,0,2056,0,,17,,0.08419382243237689,-0.22099208883443539,0,2.3249834465417907,-0.05938976832432241,,,,,,0.834779324790291,15.30616821825099,16.666666666666668,-48.28937956405335,0,29.599660745147244,14.224599753615848,22.697591121319473,29.830921344986344,,,,2822761
2025-08-05,62.96764144,63.66854479,62.6077181,63.44122478,62.66468055945449,61.83270612977185,63.83253764982941,64.86595546871158,69.76574430575539,64.04142169216735,0,0,0,0,72.97553043993324,63.73443977516801,58.362100191075015,69.47828797905906,4,0,62.12415957488372,61.67394838845316,62.28520784,60.773526015592054,65.41095140444,63.88676400668675,63.66165841347147,64.11186959990202,65.01229197276314,61.372222025,0,0,0,-9.065365228582023,0,0.03509085643670773,4,8.202309447660864,48.273228324097495,0,2.2340999579534957,65.41095140444,61.372222025,1,1,0,0,8,8,0,0,2056,0,,18,,-0.16035828266630134,0.02715234865230898,0,0.6724419388511849,0.86961020523773,,,,,,0.6226147048179367,17.117449756847698,20.634920634920636,-39.756209589396306,0,28.413633405501663,13.814092492842093,24.109360737628165,28.57573907466476,,,,2047188
2025-08-06,63.94322313,64.41680647,63.57382812,63.86744979,63.065603636302995,61.99114005442294,63.83586261555995,64.8267983832719,69.70705480808618,64.04488579941996,0,0,0,0,72.93945217140812,63.73578662117626,67.95816818874036,80.99504613364624,4,1,63.73578662117626,,,62.64710075580176,66.11223485,63.902968545,63.6852313719251,64.1207057180749,64.99165441037451,61.9218488286,0,0,3.5,-8.377351523692225,0,0.1758341870047272,4,8.242251107050018,45.06156418971755,0,1.8197349478019509,66.11223485,61.9218488286,1,1,0,1,8,19,0,0,2056,0,,19,,-0.13510404549636482,0.16504366010083255,1,2.0931674816626984,3.172011166331418,,,,,,0.9648074743192417,18.67679274839765,25,-34.5867337646208,0,28.55199537230291,12.989728347496637,26.213204411624822,27.432569888419078,,,,3191200
2025-08-07,64.72937148,65.08929482,63.22337645,63.9811098,63.37077235753533,62.302348276198266,63.849695680744716,64.79363412510438,69.65008023089129,64.04717440962186,0,0,0,0,72.91576620912873,63.73743794908937,82.18769033209941,43.716966261097966,1,0,63.88013673866751,63.66129223536581,64.0989812419692,62.78591422215904,66.11223485,64.79956996200454,,,65.893792478513,61.9218488286,0,1,3.5,-8.13921593786906,0,0.20562962893902853,0,7.972065346392,92.43459096400714,0,2.039894151013125,66.11223485,61.9218488286,1,1,1,0,19,10,0,0,2056,0,,20,,0.11902097937865438,0.19435543541251665,2,4.390058137008746,-3.568345653545242,,,,,,0.6608373776259667,20.05370024284273,30.158730158730158,-27.383879017667017,0,27.616044442420247,12.282725746343704,26.961335711765766,25.344209394076884,,,,2135740
2025-08-08,63.90533646,65.40185983,63.77746896,65.32608649,64.02254373502355,62.79970386404459,63.99030432924522,64.81451461000225,69.60705541754909,64.05667618963479,0,0,0,0,72.8928945067224,63.749569485259386,90.00987218572881,47.03319507380484,2,0,65.32608649,64.57267040441529,65.00810289036845,62.03573901618742,66.11223485,65.33555816,,,66.42413937488287,63.13812669,1,1,0,-6.150193973684159,0,0.6027510040722328,6,7.992257226114888,77.9132422035043,0,0.23892563513636356,66.11223485,63.13812669,0,1,0,0,8,10,0,0,2056,0,,21,,0.3728494091203898,0.5916507032721958,3,4.639296155856452,0.45863624400863784,,,,,,0.762528414312334,21.260953732782582,33.333333333333336,-23.206817463649084,0,27.68599116558097,11.803316184932628,26.447099579639833,23.65586735667741,,,,2441579
2025-08-11,65.36397316,66.37744152,63.92427979,64.96616315,64.3370835400157,63.35126977878182,64.0832432645552,64.82046161157079,69.56087738503616,64.0710296069059,0,0,0,0,72.86498749884105,63.76036487691652,90.9724886550988,32.80912253991697,2,1,64.65197886229622,64.42791054980012,64.87604717479232,63.531637299815706,65.94337000695025,65.47734553537273,,,66.82175541034935,63.13812669,0,0,1.5,-6.605313802474511,0,0.4462207522099985,6,7.936273159367126,78.64038275354808,0,1.1526762800755166,65.94337000695025,63.13812669,1,1,0,0,8,10,0,0,2056,0,,22,,0.2208160109518255,0.4382363037254124,4,2.804749696306842,-1.5296018967904277,,,,,,0.910783479805784,21.444897546969795,33.73015873015873,-21.996023052246525,0,27.492056669538066,11.892253595753587,27.749283629071208,21.343448025919,,,,2862507
2025-08-12,65.6670665,66.9552132,65.46228906,66.52898819,65.0677184233438,64.07590518945281,64.31617135269279,64.88746265386213,69.53070933334426,64.09917634249935,0,0,0,0,72.84033557509564,63.78735542660681,93.48334062663537,40.509086167378655,2,2,66.52898819,64.4011441780762,64.85278979503325,63.4978529441621,,69.06955821,68.84373540152147,69.29538101847852,70.19867225239263,64.3899566337,1,0,5,-4.317115663171791,0,0.8827463549309227,6,7.747170981637885,73.20299142972029,0,0,,64.3899566337,0,1,0,0,8,10,0,0,8,0,,23,,0.8368659064909737,0.8712360456468488,5,3.795390049610595,0.3444417746320856,,,,,,1.0129594631473238,22.602405621411794,36.111111111111114,-15.778901738552298,1,26.83698751024014,12.27342948100666,27.851388572525813,19.664935968755927,,,,3175822
2025-08-13,66.66159152,69.10528158,66.41059235,68.88743324,66.34095669556254,65.11825597967837,64.75152962767443,65.04432424547538,69.52430857619656,64.1542855682776,0,0,0,0,72.82316883220399,63.84249080594969,96.47792995129491,26.531516053703605,2,3,68.81311933,68.57936699685924,69.04687166314078,67.64435766429615,70.10100039468495,69.18789547,,,70.35665713570386,66.38743351818,0,0,0,-0.9160469902387752,0.06063929481412067,1.5062752035306852,0,7.741330256262782,93.69319644183986,0,1.1019193240816534,70.10100039468495,66.38743351818,1,1,1,0,19,10,0,0,8,0,,24,,1.4851143585129654,1.4857952046053708,6,6.546032498972716,-2.1479827260184665,,,,,,1.1497921784804015,22.701093609813693,36.507936507936506,-15.347349404699479,1,26.816754644034667,13.582460359639036,33.19724816905195,17.640857960801522,,,,3560266
2025-08-14,67.70347488,68.3854349,67.05940153,67.94973822,66.87721720370835,66.18747309155802,65.05612092218162,65.15826204839792,69.50864120946824,64.22844214737968,0,0,0,0,72.80746283063436,63.87528401616194,97.42432430964418,35.16610535375433,2,4,67.94973822,64.56717150239244,65.03392640161816,64.21569902619424,,67.98423606906283,67.75085861944997,68.21761351867569,69.15112331712713,65.91502258036,1,0,1.5,-2.242747034531137,0.054211301188727745,1.0809159532401635,0,7.8917738981001415,81.10322090993408,0,0,,65.91502258036,0,1,0,1,8,10,0,0,8,0,,25,,1.433690409509822,1.0673544476935681,7,5.027472224370575,0.10766037399638217,,,,,,0.8616934955395994,22.77490345039351,37.301587301587304,-16.691121618309836,1,27.33790670671067,14.797989032654815,30.875533219176194,16.40710980650692,,,,2650595
2025-08-15,68.33807656,68.5843399,67.1541182,67.84554988,67.19999476247223,67.1613478300238,65.32178082292623,65.26364588493134,69.49209303703572,64.31861778847899,0,0,0,0,72.7936407602043,63.90257140994607,96.59940961671515,34.89005429433785,2,5,66.11223485,65.88275738160948,66.3417123183905,64.96484750804743,68.49902988002457,68.67566208258238,68.49902988002457,69.1346170193634,70.05252689292546,65.91502258036,0,0,3,-2.369396409111177,0.07680051430293125,0.9484462556578623,0,7.890308562978949,76.69200694020643,0,2.0801998965430846,68.49902988002457,65.91502258036,1,1,0,0,8,10,0,0,8,0,,26,,1.61440411442345,0.9389538856842392,8,3.72114349156276,-0.40806640111353154,,,,,,0.7622912521549409,22.824109134539995,38.095238095238095,-16.495625946313062,1,27.33283063695063,16.01114843228235,29.93129339516629,15.494095936805337,,,,2297460
2025-08-18,68.06339822,68.24335989,67.44300404,68.00656822,67.46885258164815,67.94249341878356,65.57747486074278,65.37121146669874,69.47731169557268,64.42306870033627,0,0,0,0,72.77346797708687,63.9449790688735,97.88020174261624,45.467562199216246,2,6,65.44440546072376,65.00394095067709,65.88486997077042,64.12301193058376,68.98092853177995,69.0339969774774,68.81376472245407,69.25422923250073,70.13515825259407,65.91502258036,0,0,1.5,-2.1168687153829464,0.02058349487974004,0.9088058471547912,0,7.503558481149417,82.16955108794177,0,2.676358700410395,68.98092853177995,65.91502258036,1,1,0,0,8,10,0,0,8,0,,27,,1.1646679590379203,0.9021405108654363,9,5.923042659268712,0.7639885359068276,,,,,,1.1758992847748184,22.854302181109933,38.492063492063494,-12.075466929767744,1,25.99308905383029,17.137653589079346,28.960091191077687,14.991347862222772,,,,3490228
2025-08-19,69.33260159,71.67210331,69.02950825,70.1850516,68.3742522544321,68.73729706896798,66.01629169305299,65.55998951114192,69.48435388367643,64.55182695263989,0,0,0,0,70.1850516,64.0491807721089,99.8425775042055,62.824540778020854,2,7,70.1850516,68.95066609846047,69.42512484153953,67.13167327768382,70.42274648055293,71.48233733179998,71.24510796026046,71.71956670333951,72.6684841894976,70.01255135489338,1,1.5,9,1.0084251736680123,0.06196691461707286,1.4557611590022645,0,7.589298170917013,89.38400184530961,0,0.07784652128290158,,70.42274648055293,0,0,0,0,8,8,0,0,8,0,,0,,1.4553983099898624,1.442504933638831,10,8.163222336883063,1.139595904816507,,,,,,1.8613953256840419,24.203178029402824,40.87301587301587,-7.938052796048481,1,26.29010005163563,19.421684253576274,37.86949566597194,12.923152394494268,,,,5736079
2025-08-20,69.14316825,69.96720327,67.90237989,68.45173657,68.4000803596214,69.32062341029784,66.2482388241908,65.67339135658733,69.47407908453538,64.68948345773272,0,0,0,0,69.64532173589684,64.08217561150865,97.20185018693387,60.17149309741711,2,8,65.46123776933412,64.97990694165358,65.55584270699998,64.01724528629249,69.10528158,70.14092067436293,69.6595898466824,70.47599406,71.4386557153611,66.38743351818,0,0,1.5,-1.4715452554490218,0,0.8145985570006614,0,8.129296469521982,64.64041480778802,0,2.523589183089141,69.10528158,70.01255135489338,1,1,0,0,8,8,0,0,8,0,,1,,0.9872443934872339,0.8114374125797981,11,3.646584890124668,1.3361102277296792,,,,,,0.8641732199188923,25.24929188544863,41.666666666666664,-10.338578980571999,1,28.160709030004742,20.66363380137869,34.66247858446693,16.010334136967302,,,,2593810
2025-08-21,67.94026655,68.89690491,67.67979571,68.56539657,68.45518576308093,69.71512038682208,66.46892051426788,65.78680332574076,69.46503746747533,64.83401574856006,0,0,0,0,69.3732091920085,64.11823044419926,96.89377155888292,67.1712766019566,2,9,65.54567564031912,65.31133356675315,65.78001771388509,64.37396527248929,69.10528158,69.3732091920085,68.90452504487656,69.3732091920085,70.31057748627236,66.38743351818,0,0,0.5,-1.295098844359724,0,0.7759209940538375,0,7.856984067079104,63.669404660886094,0,3.0379571926753175,69.10528158,66.38743351818,1,1,0,0,8,8,0,0,8,0,,2,,0.9862807428032714,0.7751389450240767,12,4.016608079350569,1.846504645313808,,,,,,0.9415364035199345,24.884838012406163,41.26984126984127,-8.570083618967567,1,27.217391196880325,21.64833260536562,33.05509004183405,16.115952518762825,,,,2805932
2025-08-22,69.49361992,71.88995164,69.31365825,71.40689663,69.43908938538729,70.22655513635887,66.93920395386141,66.00719914159407,69.48435944919198,65.00016209306143,0,0,0,0,69.92886064162849,64.20464839600061,98.32622183503139,40.13488822955627,2,10,71.40689663,71.03711294116373,71.53168670403623,67.45030652701993,73.4041251317,71.66229994656254,,,72.89873435374382,70.06723156176031,1,3.5,0,2.7668632136039326,0.047348605020792474,1.5139270314629993,0,8.67617531094839,95.27511771281344,0,0.5047852948415598,71.66229994656254,70.4325390193534,0,0,1,0,12,10,1,0,8,0,,3,,1.2681143116221825,1.5027636934554367,13,7.592470301474078,-2.0830367814093877,,,,,,1.3672935092905973,26.26144517365912,42.857142857142854,-12.622486885506842,1,30.05515290787462,23.498409198737352,39.893995003726474,14.181445052931963,,,,4186390
2025-08-25,70.84806829,71.07538829,69.43678992,70.39342828,69.7572023502582,70.6486023626394,67.26817769920794,66.17920812741392,69.49340491019505,65.17769398557348,0,0,0,0,70.01501380205139,64.26519315463997,98.84055327288954,42.78035715444315,2,11,69.18789547,68.94068169875563,69.43510924124438,67.95182661377811,70.4325390193534,71.21279240074999,70.96557862950561,71.46000617199437,72.44886125697188,67.0565537563,0,1.5,5.5,1.2951205527604002,0.023570260522028662,1.0774037375066468,0,8.900528035703353,86.16959721265307,0,1.0069370675333704,70.06723156176031,70.4325390193534,1,1,0,0,8,10,0,0,8,0,,0,,1.1367572620658133,1.0775221339203265,14,6.276032492816379,0.1953600452667216,,,,,,1.1202073565460353,26.661830121232395,43.25396825396825,-13.526395648473624,1,30.832333544058844,25.2163374640111,37.05537932876366,13.172379096586496,,,,3488389
2025-08-26,70.16610827,70.86227579,69.41784659,69.77776993,69.76405821017214,70.91209880544372,67.5071864830929,66.32032819810357,69.49623441287967,65.35964721155597,0,0,0,0,69.96653834486713,64.3388736634728,99.38359300569846,95.88098780242643,2,12,69.18789547,68.94544313598736,69.43034780401264,67.9756337999368,70.4325390193534,69.96653834486713,,,71.17880001493033,67.0565537563,0,0,5.5,0.40510902424974476,0.002025545121248724,0.8064303640079179,0,8.638256129592794,60.23138367301223,0,1.0267119550917672,70.06723156176031,67.0565537563,0,1,0,0,8,8,0,0,8,0,,0,,0.6762289573907522,0.8109678274814263,15,6.3371131577558195,4.636659113673868,,,,,,1.510966911253021,26.20028410133024,42.06349206349206,-12.443316962281587,1,29.923797010496,26.796118983008466,35.08430441412731,12.541465834871552,,,,4830535
2025-08-27,70.21346661,71.63421664,69.97032892,71.46372663,70.33061435011476,71.19288411493335,67.88399983041738,66.52203009739362,69.51581144986595,65.55411780186,0,0,0,0,70.18326835918353,64.41689592298728,99.00220708882262,42.58210751798799,2,13,71.46372663,70.84565658159183,71.32907603600815,68.03665110233469,73.19316892440624,73.4041251317,73.16241540449184,73.64583485890816,74.61267376774082,70.4325390193534,1,5.5,0,2.8021181649283657,0.018455035269086272,1.2030605102060328,0,8.67970383007321,90.50951650251035,0,0.5046408462390733,71.88995164,70.4325390193534,0,1,0,0,8,10,0,0,40,0,,0,,0.5251514107627282,1.206993721517905,16,5.549044066076069,-1.7875544503551546,,,,,,1.2377715106651785,25.7684113717811,40.87301587301587,-14.29777136784316,1,30.067376056673957,28.49027253203149,35.52986333031587,11.681425864295258,,,,4001492
2025-08-28,73.54275751,74.3904717,66.72789319,68.82113157,69.82745342340984,71.16765421810392,67.97325047228239,66.61219093945662,69.50889921225534,65.74171394363142,0,0,0,1,68.82113157,64.52700326224911,99.73721625236628,84.63366144550928,2,14,67.84554988,67.55268925375313,68.13841050624686,66.38124674876566,70.06723156176031,69.12364022222222,,,70.58794335345655,66.38743351818,0,3.5,10,-0.9894670323509818,0.008888888888888889,0.35999334196309624,0,9.611604219518306,80.40840342400932,0,1.5172279798975465,70.06723156176031,66.38743351818,1,1,0,0,8,8,0,0,2090,0,,0,,0.1976940692119687,0.36817108063042675,17,7.478616969424751,2.7148703573304025,,,,,,2.6439176334236842,25.786342420162022,40.87301587301587,-22.553241905946248,0,33.29557370089822,27.75641650576166,27.229645983540482,18.837856906935407,,,,9369590
2025-08-29,68.96320658,70.73440828,68.33334073,69.74935493,69.80142059227322,71.05538134306366,68.14240327777931,66.73521697830147,69.51129180646176,65.92749198131584,0,0,0,0,69.11940468373167,64.58809873023466,99.17632067088607,32.921256313991165,2,15,69.74935493,68.89451535678863,69.48127558321137,65.98629982430899,71.88995164,70.96195592139998,,,72.42885648745686,67.0565537563,1,2.5,3.5,0.34248122477866144,0.015045739457226641,0.5952173948531968,0,9.401647745273296,96.17336032249843,0,0.5688454327343511,70.0547658114952,70.42574116771804,0,1,0,0,8,10,1,0,2090,0,,1,,0.41705684455126607,0.6229043174929072,18,5.664028186413734,-4.59799414215835,,,,,,1.2302092758659602,26.617976156233077,42.857142857142854,-18.270200525166132,1,32.56826313935745,27.07497876708253,25.23989980660109,17.461322162966898,,,,4436377
2025-09-02,69.17158325,70.56391828,67.95920989,70.52603161,70.04295759818214,70.9763146558143,68.36941549989557,66.88387637562298,69.5213887199298,66.11623436625764,0,0,0,0,69.48447091884806,64.66291514202776,98.972850416488,17.99064351815552,2,16,70.52603161,68.89221475425015,69.48357618574985,65.79514015800241,71.88995164,70.90712030964997,,,72.38552388839922,67.0565537563,1,4,0,1.4450846114674902,0.02500320083511523,0.7634495924649283,0,9.034030671646294,95.29331993912865,0,0.2883008506618969,,70.42574116771804,0,1,0,0,8,10,0,0,2090,0,,2,,0.5536970542469545,0.8148901630172228,19,5.407026218158572,-4.167555943477994,,,,,,1.3053602797727974,27.258516735836753,43.65079365079365,-12.897617092784635,1,31.294800240853938,26.206507807685604,23.254693199103592,17.21767831033089,,,,4838981
2025-09-03,70.10927827,71.4163683,69.76829826,70.93331329,70.33974282878809,70.94824981986017,68.61359624181027,67.0426778232456,69.53543772062702,66.30945715962092,0,0,0,0,69.70743463901678,64.71779749788256,99.10297735149095,10.04621742551009,2,17,70.93331329,70.56089283880367,71.13944399019626,67.45409365442968,72.98945164338407,71.63750938702186,,,73.08388726550331,70.0547658114952,1,5,2.5,2.010306708629978,0.032273755765372114,0.8096593016892369,0,9.01520422342086,96.75817418193203,0,0.590976876642922,72.98945164338407,70.42574116771804,0,0,1,0,5,10,0,0,2090,0,,3,,0.2022184921362356,0.8851103570491892,20,6.043834833055308,-4.681517673364205,,,,,,0.8985086123203458,27.26628493112103,43.65079365079365,-12.690846737078571,1,31.2295835111489,25.78965317724181,24.70288095522229,16.341847004548665,,,,3391157
2025-09-04,71.03750162,73.00760834,70.99014329,72.97919334,71.21955966585872,71.22128066398484,69.02936739401882,67.2754823533144,69.56970394569541,66.51820574107819,0,0,0,0,70.25996745255392,64.81218196174207,98.93705043360531,5.818329083628426,2,18,72.97919334,70.51403069470697,71.08829774689295,68.69307508125614,73.37083308217916,74.3904717,74.10333817390702,74.677605226093,75.82613933046493,70.42574116771804,1,1.5,0,4.900824929434743,0.051170791313840384,1.334525020713648,0,9.300346181656822,96.42114279941228,0,0.09137399356170466,73.37083308217916,70.42574116771804,0,1,0,0,8,10,0,0,2090,0,,4,,0.9959346742066318,1.4146283126926906,21,5.4089399538466205,-5.0601690298475495,,,,,,1.1664951794733063,27.265275228676295,43.65079365079365,-15.37081692801469,1,32.217344229217645,26.05186149893713,28.05755900909933,15.28777629761264,,,,4477624
2025-09-05,72.89394833,74.05422753,72.07938498,72.14568665,71.52826866057248,71.55279105538658,69.32615970411227,67.466470757106,69.59533561439495,66.73502629740504,0,0,0,0,70.44420372951744,64.86551050431149,98.47506813390996,9.403641362490657,2,19,69.54925469046191,68.98074166789637,69.74935493,67.84371562276529,73.41196055603027,74.48475825453629,74.20050174325353,74.76901476581905,75.90604081095013,70.44285505311389,0,0,0,3.664543051758109,0.04943382636990166,1.0024903438674586,0,9.466459058357255,89.12703938827603,0,2.2648005775587747,70.13676270712284,70.44285505311389,1,1,0,0,8,10,1,0,2090,0,,5,,0.8099632120862063,1.0587831537729555,22,4.758024311911905,-2.0959144051803005,,,,,,0.740823305739454,27.542918222885238,44.44444444444444,-16.009190172264095,1,32.79277611369079,26.67227342686966,29.60459787768997,14.339470619684263,,,,2870902
2025-09-08,72.72345833,73.83164335,71.54897164,73.49066335,72.18240022371499,72.0056863934974,69.72277909895872,67.70271360388615,69.63409509435122,66.96700223503339,0,0,0,0,70.79068955665184,64.94711502544065,98.57344326184317,4.976853070164163,2,20,73.49066335,72.9132244446267,73.48189138897328,69.27430386261372,75.91939878,74.14604067895404,,,75.56770803982047,70.44285505311389,1,3.5,0,5.538333269676724,0.06324722190393918,1.3176533041149576,0,9.430969926506446,97.5597163743264,0,0.576026649830458,73.80401038060266,70.44285505311389,0,1,0,0,8,10,0,0,2090,0,,6,,0.4929484935448826,1.3609723477937512,23,5.303984775082835,-6.489831444990838,,,,,,0.9566582862144835,27.58269872818554,44.84126984126984,-15.57136402833704,1,32.66983815472656,26.870839904265438,27.48254299586898,14.977209906335684,,,,3770910
2025-09-09,73.24440001,73.35332418,72.42983666,72.95077833,72.43852625914333,72.4535314052013,70.03020759715314,67.90852006373376,69.66709691759151,67.20806126542477,0,0,0,0,70.96124158857388,65.00378657253725,97.76375786002626,12.740195086622698,2,21,70.64719710804997,70.37370150272834,70.9206927133716,69.27971908144185,73.8433285058657,74.15414997236562,73.88065436704399,74.42764557768724,75.52162799897373,70.44285505311389,0,2,0,4.71338918613579,0.06356694593067896,1.0595361503842817,0,9.456232626757433,83.92291853736515,0,2.3372451590636585,73.8433285058657,70.44285505311389,1,1,0,0,8,10,0,0,2090,0,,7,,0.6032213746927314,1.088792364260004,24,4.173909227148574,-1.3668201545777974,,,,,,0.7212459297450814,26.093012792045705,40.476190476190474,-20.344557108142443,0,32.75735071546875,27.055223061847233,26.530770875696792,14.45852097609514,,,,2842242
2025-09-10,72.07938498,72.8323825,71.5868583,72.56243999,72.47983083609556,72.80259554164502,70.27137258694808,68.0910267275089,69.69590630139656,67.45337250260539,0,0,0,0,71.07903476150304,65.05723242183566,97.09471386951552,17.02151609968601,2,22,72.56243999,70.34676438834774,70.87904051305219,69.28221213893885,73.92937719945778,74.16200743656368,73.89586937421146,74.42814549891591,75.4926977483248,70.44285505311389,1,2,0,4.112915436105033,0.0650090216249696,0.8675251087756377,0,9.321177050521754,82.61122061312588,0,0.41672020101151475,73.92937719945778,70.44285505311389,0,1,0,0,8,10,0,0,2090,0,,8,,0.6591646531069437,0.8855387562274539,25,3.9533262285000825,-1.3023557912390376,,,,,,0.7283003924522636,22.30052698742012,31.746031746031747,-30.935679102153575,0,32.28950447569738,26.60295128450721,25.316784639135946,16.62501094783098,,,,2858486
2025-09-11,72.761345,74.60832004,72.761345,74.31469837,73.09145334739704,73.25361622731688,70.65645123295302,68.33509228211639,69.74186443143242,67.71280328085963,0,0,0,0,74.31469837,65.11912039475898,96.95195082693792,17.804111556936377,2,23,74.31469837,72.93216292988365,73.46295290371634,70.63818510466922,76.99939999818,74.44464155654457,,,75.77161649112631,70.44285505311389,1,3.5,0,6.5567990988589395,0.0816728843831836,1.302695375289216,0,9.00319476478283,84.32234474291214,0,0.7302303662267478,,70.44285505311389,1,1,0,0,8,10,0,0,2090,0,,9,,0.6647744321791472,1.312928800451079,26,4.109955209952697,-1.5294558874804836,,,,,,0.7007091005132106,23.802142238328166,36.904761904761905,-23.681684182025954,0,31.18798152608397,26.934321486606954,29.548975456407202,15.480733418582536,,,,2720782
2025-09-12,73.87900169,73.87900169,71.82364998,71.86153664,72.68148111159802,73.4794478274606,70.7712212717194,68.47338421771967,69.76295569718931,67.9690515012322,0,0,0,0,73.23458438582216,65.15439285082176,97.59757726061343,34.241812876473915,2,24,70.55303809329996,70.28435838768121,70.82171779891871,69.2096395652062,74.05422753,72.5616626201298,,,74.1737408538423,70.45697128780927,0,0,3.5,3.0081594477156517,0.06837413057191159,0.4909360989830995,0,9.60681309038191,78.56843437580525,0,2.6062180086412097,74.05422753,70.45697128780927,1,1,0,0,8,10,1,0,2154,0,,0,,0.7347956713398615,0.5025638987949324,27,4.925272273709416,0.4762429885399781,,,,,,0.5548617851520383,27.414293804783963,45.63492063492063,-17.62278625113598,1,33.2789767427185,26.584375088305308,27.10288955276995,17.315307820314526,,,,2140315
2025-09-15,71.93730998,71.99413998,69.93878827,70.61127661,71.99141294439868,73.3770381963606,70.75598844679374,68.55722313506399,69.77139670129688,68.2135248113453,0,0,0,0,72.29478100810569,65.1903489928767,98.45901397282735,56.255319988019984,2,25,70.49748785714995,70.22964820452182,70.76532750977807,69.15828959400932,73.4041251317,72.29829347669457,,,73.6374917398352,70.45697128780927,0,4.5,5,1.2037596327601017,0.006018798163800508,0.10260211688426815,0,9.81362788048006,76.41109407617442,0,2.1704308873082976,73.4041251317,70.45697128780927,1,1,1,0,1,8,0,0,2154,0,,0,,0.26779466319598794,0.11586876434267206,0,6.206235961331363,2.148535511320067,,,,,,0.699725082126166,31.22080193750562,55.55555555555556,-8.161698087266881,1,33.995404191131875,25.11019640803724,25.245902617755767,22.41221141416741,,,,2713670
2025-09-16,70.62074828,70.88595495,69.55992159,70.1282216,71.37034916293246,72.97977598504242,70.69620112805147,68.61883091800266,69.77494719780138,68.44381725397962,0,0,0,0,71.72413871048556,65.22261070091368,97.88520621162759,47.86880895447919,2,26,68.22183422784927,67.96128639540886,68.48238206028968,66.91909506564726,70.204400900569,70.42359608839996,70.16304825595955,70.68414392084037,71.72633525060198,67.83785915909424,0,2,7,0.5063055099090832,0.002531527549545416,-0.027482404563859066,0,9.853209772694875,78.84673433358161,0,1.521844687134914,70.204400900569,70.204400900569,1,1,0,0,8,10,0,0,2154,0,,0,,0.004067165471587862,-0.014177896383478624,0,4.345193255240266,-0.12944466804152954,,,,,,0.705493098745403,34.45114206732519,61.507936507936506,0.9334856626125669,2,34.13251988788342,23.531336886118616,24.09870069679012,22.692093118371158,,,,2708463
2025-09-17,70.76282328,72.86553333,70.14716494,70.58286161,71.10785331195497,72.43767886597361,70.68540688823704,68.69585172945354,69.78298614717649,68.66156747781123,0,0,0,0,71.37536217895243,65.28049641899867,96.41918500878938,61.529127480542144,2,27,70.37274097864996,70.10636342236602,70.6391185349339,69.04085319723023,72.72816501556,72.56438442947972,72.14568665,72.72816501556,73.79367524069578,70.45697128780927,0,0,5,1.1462327810628832,0.005731163905314416,0.12494491792152469,0,9.357549817488428,59.072719527199766,0,1.7684853557251472,70.45697128780927,70.45697128780927,1,1,1,0,19,8,0,0,2154,0,,0,,0.013745142541055475,0.13865572025467982,0,3.472829608976543,1.9183223314075013,,,,,,1.1977005982851399,37.32059197318071,62.301587301587304,15.131921508782927,2,32.41550343649366,23.000874615485454,28.522878321179864,20.610081434275532,,,,4525611
2025-09-18,71.4223346,71.88764231,70.2369992,70.73636551,70.98402404463664,71.88958034652123,70.6902600903097,68.77587187771026,69.79247250899563,68.86685443734066,0,0,0,0,71.22708955458326,65.33813394111333,97.20236587258762,46.61513600370554,2,28,70.32406804164997,70.0619795687613,70.58615651453863,69.01362567720665,73.4041251317,72.26645352392966,,,73.57689588837297,70.45697128780927,0,5.5,3.5,1.352428087259281,0.006762140436296406,0.17673111138590067,6,8.972085043137277,83.0341642273887,0,2.3503949304618637,70.45697128780927,70.45697128780927,1,1,0,0,8,10,0,0,2154,0,,0,,-0.36197304694637383,0.18975904399670174,1,4.73929621350006,-0.5833869652110893,,,,,,1.155420590853602,39.641155983016915,63.888888888888886,27.54466753126042,3,31.080214289085124,22.50830250704037,26.91896612547475,19.45112543429977,,,,4474502
2025-09-19,70.76514743,71.01459074,68.94229249,69.29726951,70.4217725330911,71.25524390876062,70.55759432075641,68.7963188436824,69.7875451159708,69.0506958945163,0,0,0,0,70.7927481116088,65.38980238474537,97.7521818434224,43.46215583195802,2,29,68.89936532429229,68.63749479366354,69.16123585492105,67.5900126711485,70.44543196663703,70.25984860709995,,,71.83107179087251,68.36865396511467,0,0,7,-0.702525938053945,0,-0.23772147791849788,6,9.241868690634435,81.77260430030864,0,1.1807870390246615,70.16882712054668,70.16882712054668,1,0,0,0,8,10,0,0,2154,0,,0,,-0.48732514732598897,-0.22475334789561363,0,4.97145596727644,-0.08346558069649923,,,,,,1.3958365523008998,41.479395945102794,64.28571428571429,29.563301624252915,3,32.01477225811779,21.28032793137928,25.016985952714947,22.49114110226202,,,,5600585
2025-09-22,69.25889361,70.09356929,68.82716481,69.39320924,70.07891810206074,70.61171576016278,70.4467005035415,68.81972631020466,69.7836213759114,69.21465408465508,0,0,0,0,70.61472129570852,65.42335089401107,86.82015445752573,39.28143547895624,2,30,68.60994018973095,68.35546751414711,68.86441286531479,67.33757681181172,70.16882712054668,70.19186491144995,,,71.46422828936919,68.15960889741913,0,2.5,3.5,-0.5594609855632349,0,-0.16678868840512726,6,8.23094941440323,58.29595252264253,0,1.2251900344420987,70.16882712054668,70.16882712054668,1,1,0,0,8,10,0,0,2154,0,,1,,-0.7212263644881617,-0.15564818688166693,0,1.0887411623785717,-0.37948680071512864,,,,,,0.910222662788891,41.54898311673542,64.68253968253968,45.72022848922855,3,28.512845160551382,20.073719991800765,23.90538670516148,21.89571814247716,,,,3626658
2025-09-23,69.49874295,71.64779298,69.45077308,70.04559943,70.06781187804049,70.08065665799134,70.40850040129946,68.8677997658829,69.78622812271824,69.36461212777593,0,0,0,0,70.55500626596572,65.45877298800963,91.3678600521167,60.09447502337352,2,31,70.04559943,68.36067813882086,68.87353067454801,67.33497306736656,70.16882712054668,70.13608742599996,,,71.41821876531783,68.12107603482816,1,0,7,0.37166546216776797,0.00185832731083884,0.06015081069555121,6,8.18163362028524,57.922953144220415,0,0.045460965127988445,70.16882712054668,68.12107603482816,0,1,0,0,8,8,0,0,2154,0,,0,,-0.48578078583563666,0.06952043484982115,0,3.768380040570415,2.365349176132108,,,,,,0.8403570358817978,41.04147951994352,64.28571428571429,44.807934139403635,3,28.342010238495448,19.729462609383187,27.440434925078797,20.176840232696005,,,,3342143
2025-09-24,70.39098247,71.17768828,70.19430601,71.15850034,70.43137469869366,69.80220672848269,70.47992896688999,68.95763116094632,69.79988257264144,69.50852455012682,0,0,0,0,70.60962426800417,65.49989867730335,94.96397203179427,30.86036084295248,2,32,71.15850034,68.46323138715971,68.95966747122776,67.47035921902358,,72.0514437569042,71.80322571487018,72.29966179893823,73.29253396707436,70.44543196663703,1,2,0,1.9464470673638161,0.009732235336819082,0.4004484171042975,6,8.2794484838022,96.02596796336087,0,0,,70.44543196663703,0,0,0,0,8,10,0,0,2154,0,,1,,-0.18391270144985059,0.4080056444227599,1,5.194775442117151,-5.029999114011504,,,,,,0.8139759214794191,39.9330057354387,64.28571428571429,39.23229099143224,3,28.68085086518903,19.40979503999544,26.323005417650393,19.355198859144842,,,,3169627
2025-09-25,70.51570412,71.83007847,70.4869222,71.17768828,70.68014589246243,69.74585721686104,70.54638223480522,69.04469222443862,69.81359208216739,69.64798599601302,0,0,0,0,70.65476092677694,65.5387034623778,96.30274748916193,16.22880578394231,2,33,71.17768828,68.77063987806308,69.25560117523342,67.80071728372239,,72.0514437569042,71.80896310831903,72.29392440548938,73.26384699983006,70.44543196663703,1,3.5,4.5,1.953912063752758,0.00976956031876379,0.3862914491186853,6,7.922009038115251,95.0605908996825,0,0,,70.44543196663703,0,1,0,0,8,10,0,0,2154,0,,2,,-0.5143632197182856,0.39364989816739254,2,4.524382331421072,-5.054379852123066,,,,,,0.7861910062928213,38.09912717163585,62.698412698412696,38.831836864875704,3,27.442644304070924,19.430308691865445,27.423354978768586,18.39794070648234,,,,3022967
2025-09-26,71.12012444,73.10127994,70.84189922,73.05810706,71.47279961497496,70.06729416375109,70.78559412291901,69.20208104151946,69.8458758132901,69.79553124786813,0,0,0,0,70.83130424180293,65.58963364237208,96.98109456697183,8.476632844398623,2,34,73.05810706,71.77308041919947,72.26374770800051,69.13276874959172,74.21621894463951,74.26374635013774,74.01841270573722,74.50907999453825,75.49041457214032,70.47142873373517,1,7,0,4.599027801293136,0.022995139006465683,0.91580458429056,6,7.2886964964282575,96.44543313065157,0,0.295034922612582,74.21621894463951,70.47142873373517,0,1,0,0,8,10,1,0,2154,0,,0,,0.3457978783923412,0.9215523426486266,3,4.534795769376223,-6.12030410395303,,,,,,0.8550950274107332,35.54980723993625,62.301587301587304,40.79808913482948,3,25.248785305526017,20.017834314633838,29.794773779628084,16.885133793592118,,,,3016274
2025-09-29,73.55699367,73.62415149,71.82528148,72.58800237,71.84453386664997,70.56697458628787,70.95725205121244,69.33486227008733,69.8731606546504,69.94833314349064,0,0,0,0,70.93908122249188,65.63155837283311,96.55475346246779,4.613723691216812,2,35,72.01841406359999,71.77454291156737,72.26228521563262,70.79905830343687,74.29991316888746,72.86553333,,,74.08488909016313,70.47142873373517,0,3.5,1.5,3.8853855899946423,0.01942692794997321,0.708006590115847,6,7.260613546883154,95.5337422192284,0,1.8710692808653702,74.29991316888746,70.47142873373517,1,1,0,0,8,10,0,0,2154,0,,1,,0.5130350306607216,0.7189729685300872,4,3.8426936800442846,-6.072307098221532,,,,,,0.7802435882251598,32.154454556315585,57.53968253968254,27.843073273771314,3,25.151503114648992,20.780709836838223,29.74682069061285,15.77307989959614,,,,2683873
2025-09-30,72.29058919,72.80866375,71.30250588,72.54962647,72.07956473443332,71.12409646979697,71.10890675776363,69.46093145439762,69.89979215530064,70.10710668203114,0,0,0,0,71.01838176434013,65.66636567498907,96.87157528179799,2.6824579077129993,2,36,72.54962647,71.7785144414447,72.25831368575528,69.38330890275765,74.39527285136606,72.86553333,,,74.06503144077647,70.47142873373517,1,1.5,0,3.7909044261706284,0.018954522130853142,0.6454543277579493,6,7.200497923404739,96.06495385615365,0,0.5828999593914646,74.39527285136606,70.47142873373517,0,1,0,0,8,10,1,0,2154,0,,2,,0.6103200258402138,0.6629081983115003,5,4.283862114126007,-6.071631658120976,,,,,,0.6842115738243676,29.313494441801126,50,17.520719309227538,2,24.9432564862624,21.084678364890447,28.079329821778508,16.834565953893176,,,,2265503
2025-10-01,72.62637826,74.28613565,72.00276999,74.20938386,72.78950444295555,71.83928275368052,71.40419029130996,69.64714527422517,69.94267366480014,70.28157818973658,0,0,0,0,71.22222139431463,65.7255226069893,97.5424360560732,2.77609179364047,2,37,74.20938386,71.77526293534865,72.26156519185133,70.3189658079785,74.60832004,74.73372930410648,74.49057817585513,74.97688043235782,75.9494849453632,70.47142873373517,1,3,0,6.100296101987818,0.030501480509939095,1.081968988285833,6,7.498084850172648,94.2764841269424,0,0.10254326775825576,74.60832004,70.47142873373517,0,1,0,0,8,10,1,0,2154,0,,3,,0.854668264535267,1.0983089401113393,6,4.902359326422982,-4.255782224666201,,,,,,0.9518511802309556,28.611977656422816,48.41269841269841,10.155681964594658,2,25.974127839922996,21.990684640728507,31.150311302462537,15.423058821456362,,,,3139722
2025-10-02,74.06547426,75.47099136,73.41308407,73.50902381,73.02934423197037,72.5142041094658,71.6046506264233,69.79859149131438,69.97815973589665,70.4652533842581,0,0,0,0,71.33430596194127,65.76876712332157,95.14986321155988,10.223677844346629,2,38,72.01841406359999,71.77425670084874,72.26257142635124,70.79762724984374,74.60832004,75.01996614175764,74.60832004,75.50828086726013,76.48491031826512,70.47142873373517,0,0,5,5.045665801200147,0.025228329006000735,0.7951861169781116,0,7.051162255286449,78.91364983477854,0,2.1215055300532795,74.60832004,70.47142873373517,1,1,0,0,8,10,1,0,2154,0,,0,,0.6748369573695481,0.8059977415813453,7,2.9599878742175108,-1.6117071974822608,,,,,,0.791303556984485,28.4438006204019,48.01587301587302,16.449142357013795,2,24.425942557136157,23.264411969600353,33.13897014731964,14.262389587735038,,,,2533218
2025-10-03,73.64333943,75.05365352,73.35552023,73.73927917,73.26598921131358,73.14979641788528,71.80794858295441,69.95312826302755,70.01558380986783,70.65768987613978,0,0,0,0,71.43132585748545,65.8065673435439,95.75303677962418,15.024846790344037,2,39,73.73927917,72.81622760449883,73.29998651550116,71.42048458599072,74.60832004,74.98888692609502,,,76.19828420360082,70.50394465847413,1,0,3.5,5.31838079111662,0.030639896425621246,0.8077242415347722,0,6.9435581325207085,82.8500013054516,0,0.3747813092168725,74.60832004,70.50394465847413,0,1,0,0,8,10,2,0,2154,0,,0,,1.0323839397603052,0.8094997475515678,8,3.9267034607601854,-1.4229387669003564,,,,,,0.6861546889428303,28.719216406449892,49.20634920634921,19.398779463804768,2,24.053190941667875,24.39962154248369,31.06169617868681,13.580857123423868,,,,2172647
2025-10-06,73.84481287,74.72745842,72.33855906,72.53043853,73.02080565087572,73.55893894232857,71.87675714933971,70.05419925388921,70.0406072399189,70.8496008434539,1,0,0,0,71.49011797998207,65.85094385082539,89.01427508854759,25.476435526383625,2,40,71.738299474,71.49236766389178,71.98423128410822,70.50864042345891,74.60832004,73.0796935,,,74.30935255054109,70.50394465847413,0,0,5,3.5548396682975167,0.017774198341487586,0.40042583525627307,0,6.903568734809102,61.76498222633197,0,2.333997025221826,74.60832004,70.50394465847413,1,1,0,0,8,10,2,0,2154,0,,0,,0.755291419012742,0.4027680912620584,9,1.6068352365673246,-0.3313192816732433,,,,,,0.9723887555690276,26.839439553012383,44.44444444444444,12.230052644350756,2,23.914663604466714,24.628367128333178,28.367741453960196,16.095085416999275,,,,3043621
2025-10-07,72.57840839,72.96696431,71.58063516,72.17546151,72.73902427058381,73.70126798555671,71.90520518368831,70.1373860090308,70.06184957096448,71.0376462938607,0,0,0,0,71.5172860020285,65.88299135969297,90.37619144392862,32.97039553766797,2,41,71.738299474,71.49755628291737,71.97904266508263,70.53458351858684,74.660179915,73.0796935,,,74.28340945541316,70.50394465847413,0,5.5,4.5,3.0167801049766454,0.015083900524883226,0.2787196404611345,0,6.882733643502186,68.47634876787535,0,2.4273836596251672,74.660179915,70.50394465847413,1,1,0,0,8,10,2,0,2154,0,,1,,0.5376586054795274,0.2799287756442966,10,2.7697122959769542,-0.07487163053484258,,,,,,0.7563394237528609,25.399832690985967,39.682539682539684,6.531801178712494,2,23.842488731018882,24.27127938566795,26.90919898326051,18.078500951225326,,,,2348713
2025-10-08,73.51861778,74.24775976,72.67434813,73.82562493,73.10122449038921,73.82479414590301,72.08810230238466,70.28202282946097,70.09930007204942,71.23025290021722,0,0,0,0,71.61273859121465,65.92654478226927,93.27556013727747,17.608667411136594,2,42,73.82562493,71.49624956219112,71.98034938580888,70.52804991495563,75.00510130294309,75.00510130294309,74.76305139113421,75.24715121475197,76.21535086198746,70.50394465847413,1,3.5,1,5.315780405967818,0.02657890202983909,0.7455044992912765,0,7.234788936702282,92.95282683894267,0,0.35767992162786755,75.00510130294309,70.50394465847413,0,1,0,0,8,10,2,0,2154,0,,2,,0.637526451652866,0.7425357653465054,11,3.8594555135490447,-4.590500717134698,,,,,,0.8270240390567758,23.39102103868194,36.507936507936506,-6.667544751769204,1,25.06204404081113,24.52583216661008,29.576729503311356,16.696552876229383,,,,2555694
2025-10-09,73.38430215,73.56658765,71.60298912,72.17546151,72.79263683025948,73.75267453973073,72.09642222691944,70.356275326737,70.1199583948151,71.41480649338511,0,0,0,0,71.63324878299068,65.95773377428907,93.31187161987057,24.753145970523455,2,43,71.83544659311112,71.59084099812787,72.08005218809436,70.61241861819492,74.660179915,73.0796935,,,74.3027214749162,70.50394465847413,0,3.5,3,2.9314094905921904,0.014657047452960953,0.21626546700472465,6,7.172032794573377,73.8077174381402,0,2.309622821246137,74.660179915,70.50394465847413,1,1,0,0,8,10,2,0,2154,0,,3,,0.29599309244740335,0.2169700621128792,12,3.081928495319124,-0.571307405016721,,,,,,0.7612530546625567,22.37992776359474,32.142857142857146,-9.92053655602112,1,24.844650387502575,23.993114952273007,27.17715605714036,19.252619009904258,,,,2337872
2025-10-10,72.86622759,72.86622759,67.55116636,67.5703543,71.05187598683966,73.05836337480348,71.6653681386414,70.24702352176693,70.09458919984182,71.56235864081209,0,0,0,0,71.34144673884194,65.97464196887583,7.647387568116614,89.85124880747883,4,0,64.3899566337,63.84077729248112,64.3899566337,62.74241861004338,70.30604573178925,67.5703543,67.41028953629056,67.95946887750942,71.96378902975098,64.3899566337,2,0,3,-3.6011836700335658,0,-1.1203357256788942,4,9.149126702858549,5.218240197087724,0,0.7238977842923994,70.30604573178925,64.3899566337,1,1,0,1,10,19,1,0,2154,0,,4,,-0.9951606783898508,-1.1068470217931328,0,-2.8816665326305486,5.713635817439297,,,,,,1.5451121043287346,21.62607401760467,30.555555555555557,-31.764964782497955,0,31.693504588472255,23.196050131651933,22.480269602487994,29.100216155373175,,,,4963257
2025-10-13,69.79135913,74.39166936,69.1917358,74.3053236,72.13635852455977,72.7034218464511,71.9167924682946,70.40617254444274,70.13648705456976,71.71591097294426,0,0,0,0,71.54073728001089,66.06139863004059,98.59166418595147,6.398594940441837,2,0,74.3053236,73.42339844854123,74.05515989145877,69.2512320566598,75.35996651578411,75.41681085884859,,,76.9962144661424,70.47475470465847,1,3.5,0,5.943891290401631,0.029719456452008155,0.9556638441418698,0,13.262207534035388,92.63471468380682,0,0.2086711146286664,75.35996651578411,70.47475470465847,0,1,0,0,8,10,2,0,104,0,,5,,0.4343010800407869,0.9479450119890757,1,5.224770643621409,-3.137289291978448,,,,,,1.497948154731475,21.172196324801078,29.761904761904763,-53.91501295659451,0,45.94163453894408,21.699591853726268,22.457633781152687,23.48943693372116,,,,4981619
2025-10-14,73.14445282,75.26951792,72.85663362,74.07506823,72.78259509303984,72.59196800586494,72.12234254083798,70.55005080662146,70.17567691701184,71.87227745259041,0,0,0,0,71.67714691447452,66.13138728885532,86.20085816353415,18.671375227766447,2,1,73.73927917,73.42441774739544,74.05414059260457,72.16497205697718,75.47099136,75.4359508258241,,,77.01025793884692,70.55722097467999,0,5,3.5,5.5566137503732085,0.027783068751866043,0.811193591831257,0,13.239475363285568,93.27111918416873,0,1.0999837170747053,75.47099136,70.55722097467999,1,1,0,0,8,10,2,0,104,0,,0,,0.39166746804256114,0.8037438136323306,2,4.660845722255777,-4.083625711342035,,,,,,1.2392412649442015,20.66791712737939,28.174603174603174,-54.93542157202174,0,45.86288798953404,20.39061337583614,23.41035404446012,21.882230626771676,,,,4214578
2025-10-15,74.4492332,76.22411827,74.23816578,75.22634504,73.59717840869322,72.82655443709221,72.41796182647245,70.73343489420493,70.22593232122068,72.03780038288441,0,0,0,0,71.82035444361374,66.19301623568735,92.11858463505436,9.682677849332025,2,2,75.22634504,73.42771990222434,74.05083843777567,71.74569163779466,75.47099136,75.61144371881664,,,77.16924005769498,71.25783489476001,1,3.5,2.5,7.120464696583751,0.03560232348291875,1.0741983826440085,0,13.296067286158998,96.42350285033328,0,0.07028746954379132,75.47099136,71.25783489476001,0,1,0,0,8,10,2,0,104,0,,1,,0.2823724218329005,1.0635161600784604,3,4.774017518299583,-6.178023530174025,,,,,,0.9859244854012709,20.636156629604603,28.174603174603174,-55.19618572649638,0,46.05892816096364,19.59250029705551,24.704249476650784,20.534573470504554,,,,3292265
2025-10-16,75.30309682,75.73482562,74.22857181,75.35106669,74.18180783579548,73.32762680289741,72.6973051468084,70.91451849404004,70.27692868309909,72.21163080992953,0,0,0,0,71.95316475212188,66.25273777997735,94.60589726115298,20.048873932845915,2,3,75.35106669,73.43652544090475,74.04203289909526,71.80654197723791,75.47099136,75.47099136,,,76.9847600054763,71.25783489476001,1,4,6,7.220204556436727,0.18610102278218363,1.0158106170265842,3,13.296579884128192,79.78797796568193,0,0.0338337801872882,75.47099136,71.25783489476001,0,1,0,0,8,10,2,0,104,0,,0,,0.4451863457752361,1.0073585111426553,4,4.238162700597853,-0.6634797478245316,,,,,,0.9737975057841189,20.731242627062816,28.96825396825397,-54.99147669673502,0,46.060703852416644,18.846292698929012,23.606856190064267,19.65069611508305,,,,3189188
2025-10-17,75.33187874,76.57429829,74.9864957,76.47356157,74.94572574719699,73.98058711719696,73.0569486156838,71.13252018329337,70.33858672177472,72.3993034416823,0,0,0,0,72.07417605115533,66.30124565802969,96.30409013179155,15.727668060658464,2,4,76.47356157,75.1756860884294,75.7662966315706,72.62405352743521,91.08541567,78.30855221,78.0132469384294,78.6038574815706,79.785078567853,71.68590948594,1,5,0,8.7220615797873,0.1936103078989365,1.2426514606112216,3,13.101830868818222,88.44401205372209,0,3.7957718073150546,76.92970931919714,71.68590948594,1,1,0,0,8,10,3,0,104,0,,1,,0.6161509185047791,1.230306193915684,5,4.750647662674996,-2.2931718198026383,,,,,,0.7494870164277663,22.667037241783103,35.714285714285715,-50.05728518286402,0,45.386073473934886,18.530145685076292,25.01170507722892,18.707319246459075,,,,2332086
2025-10-20,76.7517868,77.87428168,76.65105008,77.72077811,75.87074320146466,74.8491793632684,73.50112285323772,71.39088323924264,70.41204136245358,72.60736430787706,0,0,0,0,72.3381869588952,66.39969110135071,97.94215828833569,12.789730231748905,2,5,77.72077811,75.18427289255945,75.75770982744055,74.03739902279722,,78.30855221,78.02183374255945,78.59527067744055,79.74214454720278,72.54538095801999,1,2,0,10.379952925841064,0.21543506952712982,1.4754444072167794,3,13.143069322100406,93.93250111451637,1,0,,72.54538095801999,0,1,0,0,8,10,2,0,104,0,,2,,1.108282439183396,1.4577454342248952,6,6.852004643716803,-2.5117355447214385,,,,,,1.3591217478424324,27.2488787796778,48.41269841269841,-40.15040508038539,0,45.52892766655548,18.776179058001034,27.96893463890637,17.891320987328747,,,,4272929
2025-10-21,77.51930467,79.6299788,77.10676381,79.30378371,77.0150900376431,75.96205078388138,74.0537572205484,71.70119306162528,70.50051641068787,72.8432895439469,0,0,0,0,79.30378371,66.50225788957168,98.73347992185894,10.434804271928275,2,6,79.30378371,75.18222407782305,75.75975864217695,74.68350719516886,,88.31999674,,,89.76383315088472,74.21792131932,1,3.5,0,12.486812505074878,0.27348784419895933,1.7691511361114434,3,13.219020721515461,93.99605746050652,0,0,,74.21792131932,0,1,0,0,10,10,2,0,104,0,,3,,1.4884302533886797,1.7421063470575089,7,6.6859062120224655,-2.8020575271311974,,,,,,1.2506411117613283,35.02331270352763,68.25396825396825,-23.51657719855679,0,45.79203103194115,19.638761745755954,31.215434111015483,16.495497006379374,,,,3971215
2025-10-22,79.04474643,79.6299788,78.01665625,78.06616115,77.3654470750954,77.01826501589048,74.43589092811523,71.95079965332624,70.5757964578452,73.09647862107994,0,0,0,0,78.78177000052749,66.56892001108311,98.66762820373062,19.09931889251237,2,7,74.21792131932,73.93537560595927,74.50046703268073,72.80519275251632,79.11063733898806,78.78177000052749,78.49922428716675,79.06431571388822,80.19449856733117,74.21792131932,0,0,5.5,10.613220208756385,0.20306610104378192,1.2545438078224307,3,13.353480975206457,84.18675708977588,0,3.4633093253985128,75.47099136,74.21792131932,1,1,0,0,8,10,2,0,104,0,,4,,0.8851590341429043,1.236993788053962,8,5.2345156879550485,-0.8349421605259696,,,,,,0.9162376985903882,40.765924454114696,72.22222222222223,-11.872351856991434,1,46.25781501392396,20.439731384385524,29.624017680165878,15.654528244656499,,,,2896874
2025-10-23,77.81671784,79.2366259,77.26986136,79.08312232,77.9380054900636,78.05305395301299,74.87848439400902,72.23049858143109,70.66044646642385,73.3703011641351,0,0,0,0,78.85118163883033,66.6198961377052,97.92867499025544,34.48615841830492,2,8,79.08312232,,,71.52594316332844,,79.79120233094353,79.51127805657285,80.07112660531422,81.19082370279695,74.70138209698,1,3.5,0,11.919930137404956,0.2626152596840696,1.410075884119084,3,13.369983194841211,72.6118862838589,0,0,,74.70138209698,0,1,0,0,8,10,2,0,104,0,,5,,1.4241248719763588,1.3892936461061238,9,4.284508630095589,0.4332265424514882,,,,,,0.660186523339571,45.27470947288536,74.2063492063492,-2.2460786946302838,1,46.31498037961407,20.68675556682299,27.765623896810485,17.054483326151786,,,,2055376
2025-10-24,79.6299788,80.27277502,79.58200894,79.87942211,78.58514436337573,79.05152783192338,75.35476417648435,72.53045636686517,70.75217756735495,73.66601917989611,0,0,0,0,79.15855515152352,66.71913518430759,97.8277270298186,32.58945761011204,2,9,79.87942211,76.20300998754865,76.74411315245135,75.55059679077841,80.59650771810351,87.15176696,,,88.50452487225675,75.09863016094,1,2,4,12.900301950361955,0.4168958785244409,1.4844039861789775,3,13.202701128176761,80.1435476570408,0,0.16565362545801804,80.59650771810351,75.09863016094,0,1,0,0,21,10,3,0,104,0,,6,,2.619154950181049,1.4625419593492053,10,4.574637171216354,-0.6460303042955367,,,,,,1.2068524633446345,49.99054143338671,74.60317460317461,9.303589747648445,2,45.73549830229817,21.31603999443976,30.094974483002918,16.38492153843832,,,,3804914
2025-10-27,81.35689401,81.5391795,79.29418974,79.51485112,78.89504661558382,79.82046693638269,75.75096293300965,72.80435420032144,70.83936834897331,73.97835470331455,0,0,0,0,79.51485112,66.84525984609475,99.49776494642735,62.940764245658606,2,10,76.34194080546222,75.88126812958001,76.47356157,74.79618404618928,81.21022902097508,87.15176696,,,88.5081220642384,75.88126812958001,0,0,4,12.246696961340747,0.21392278022162306,1.2407145369372614,3,13.187695572545085,81.14634717019814,0,3.1494529694327356,81.21022902097508,75.88126812958001,1,1,0,0,8,8,2,0,106,0,,0,,1.0215143633193546,1.2229456748876402,11,6.611762954308855,1.1462352469505392,,,,,,1.5469141411895262,53.78362324736023,76.58730158730158,17.73091511341334,2,45.68351753279844,22.344970457863823,32.03944322979313,15.174219409607726,,,,5060899
2025-10-28,79.25581384,81.06907481,78.28922103,80.45506051,79.41505124705589,80.48907509178744,76.19897222605634,73.10438189874021,70.93504687793875,74.3090804069387,0,0,0,0,79.95890026471342,66.96426942423938,98.76505572481972,49.62705729394077,2,11,80.45506051,75.88126812958001,76.47356157,75.5018617889321,81.91674324362832,81.91674324362832,81.64002860123404,82.1934578860226,83.3003164555997,75.88126812958001,1,2,0,13.420747643182338,0.24686115496155753,1.367265081751792,3,13.195016728851515,78.70171120718827,0,0.29509874647492207,81.91674324362832,75.88126812958001,0,1,0,0,8,10,2,0,106,0,,1,,1.2380593339651669,1.3474276370276435,12,5.518977119955651,0.5194370170685709,,,,,,1.3381458054433475,57.161961811369245,77.38095238095238,25.056582789469704,3,45.70887876218422,22.620297874787923,29.165641843359143,17.055823844591576,,,,4529359
2025-10-29,80.10967747,81.09785673,79.69713662,80.58937614,79.80649287803726,81.02055504982465,76.61710593214622,73.39791108467197,71.03110985567069,74.65214169816036,0,0,0,0,80.13236528915552,67.05935346556141,98.24711324084474,51.61155522702989,2,12,80.58937614,75.88126812958001,76.47356157,75.5018617889321,82.57846689530274,87.15176696,,,88.49904566174128,75.88126812958001,1,3.5,4.5,13.456450706952078,0.21979184535269855,1.2671510959916785,3,13.069437335297794,72.56496439259477,0,0.3909749669571389,82.57846689530274,75.88126812958001,0,1,0,0,8,8,2,0,106,0,,2,,1.0200767345435053,1.2486477022810358,13,4.576073358858286,0.6321212179654832,,,,,,1.0675395332929667,59.725052260015474,78.57142857142857,31.919508526029084,3,45.273858982146756,22.88734063460771,27.907327948085246,16.264200481456605,,,,3640120
2025-10-30,80.1000835,81.23217235,79.43378205,79.80267032,79.80521869202484,81.32211066007532,76.92049301670372,73.64907811350837,71.11838906427099,74.99908026882966,0,0,0,0,80.08013551998351,67.11990814442703,97.48723287240259,58.80493703449743,2,13,76.325488209895,75.88126812958001,76.47356157,74.8162042975722,81.5391795,80.08013551998351,79.81386956198156,80.34640147798547,81.41146530999328,75.88126812958001,0,0,4,12.211020764096435,0.21105510382048218,0.9397807719192989,3,13.073056940010362,64.47684503326657,0,3.4544138763667664,81.5391795,75.88126812958001,1,1,0,0,15,8,2,1,106,0,0,3,,0.8403685977102763,0.9245184121384807,14,4.075062576948488,1.3242924005229992,,,,,,0.7308401558659339,60.36284060528919,78.96825396825396,33.29132747006366,3,45.28639766067772,22.94728522122788,26.224388311294298,16.166489255963516,,,,2490473
2025-10-31,79.33256563,80.32074489,78.75213024,78.8048971,79.47177816134989,81.32897554294114,77.09996007225574,73.85126709337078,71.19487173129316,75.34034947389738,0,0,0,0,79.85857422831681,67.19314731905486,97.4803616788632,59.17303362936373,2,14,76.458604592395,75.93609969449852,76.65105008,74.89108989870556,81.5391795,79.99198535884375,79.73073290989551,80.25323780779199,81.29824760358495,75.88126812958001,0,0,4,10.689007766498882,0.2034450388324944,0.5941100047956696,3,13.179140910603289,69.34520682311427,0,3.2411657307319337,81.5391795,75.88126812958001,1,1,0,0,15,8,3,1,106,0,1,4,,0.43068907332659445,0.581094860923704,15,4.430322315842682,0.9551752546965799,,,,,,0.9542061898593464,59.988594506958115,78.57142857142857,31.398667871569746,3,45.65388331454891,22.517925086843345,24.818524535184547,17.62943484222771,,,,3305692
2025-11-03,78.49788995,78.57464174,76.54071939,78.21007075,79.05120902423326,81.03681828882813,77.20568489870757,74.02220057010133,71.26467470660367,75.67019598530091,0,0,0,0,79.61569603982043,67.26139582514455,98.10604944957083,76.9562565088918,2,15,76.458604592395,75.93298972809828,76.65105008,74.88175999950481,81.5391795,78.30855221,,,79.62258937074184,75.88126812958001,0,8,0,9.74591699462671,0.20317402941757798,0.38754647624092103,3,13.06740657162923,54.30647116701688,0,3.2219883497160726,81.5391795,75.88126812958001,1,1,0,0,15,8,2,1,106,0,2,5,,0.08433643010298565,0.37665457249314,16,5.366344497419192,3.9545344065090484,,,,,,0.9456536349500286,58.61210701285749,76.19047619047619,29.4813763394879,3,45.266824210442515,21.04364094437434,22.909415187233442,23.786336702055344,,,,3287599
2025-11-04,77.01082408,77.86468771,75.89792317,76.14736648,78.08326150948884,80.34330027467315,77.10489266835447,74.1055404097052,71.31325870434891,75.97438870717131,0,0,0,0,79.07924848132487,67.32923670050349,98.0921355004941,70.73797338784568,2,16,73.862067102591,73.50033410500001,74.1055404097052,72.4416155148775,81.5391795,79.07924848132487,78.54988918626361,79.07924848132487,80.13796707144738,73.50033410500001,0,0,2.5,6.778694261739426,0.18389347130869713,-0.1788057932135404,3,13.39712019796708,71.97834851222154,0,5.404698381707498,81.5391795,73.50033410500001,1,1,0,0,8,8,2,1,106,0,3,6,,-0.5676712547328183,-0.18384729328708904,0,4.803352409034979,0.897323420624744,,,,,,1.1458181142800907,56.190430549028335,75.39682539682539,21.076618422387764,3,46.40898571597239,20.010727973912637,21.12255330875367,24.099454480332557,,,,4082827
2025-11-05,76.23371224,79.24142288,75.84035933,77.59605645,77.92085982299255,79.61144623761992,77.15167017136832,74.24242339167755,71.37577410480316,76.26168140422672,0,0,0,0,78.91320552143785,67.39272695974883,94.80785135708629,71.96349200735963,2,17,77.59605645,76.37490948273943,76.92719067726058,73.63123455191534,81.5391795,80.05997754409836,79.78383694683778,80.33611814135894,81.44068053040127,75.09863016094,1,3.5,2.5,8.71483696423863,0.19357418482119315,0.2206660146253449,3,13.343556967272853,53.263741715045434,0,0.9945271569209325,81.5391795,75.09863016094,0,1,0,0,8,8,2,1,106,0,4,7,,-0.08864748268715474,0.2156486884446589,1,2.7324090733116337,1.4389779025918785,,,,,,0.923879094196942,52.56742493059407,73.41269841269842,13.724612592885007,2,46.22343724201252,18.869325624042705,23.251204034137512,21.449284828756547,,,,3327665
2025-11-06,77.59605645,77.81412747,75.08243544,75.47578834,77.10583599532836,78.69183191180824,76.99206237790467,74.29079064455294,71.4165702663474,76.51919400516806,0,0,0,0,78.66332160517993,67.42757921695711,49.60769238911046,85.24604743347128,4,0,74.11515056900362,73.83434419270807,74.39595694529916,72.71111868752591,81.5391795,80.05997754409836,79.77917116780282,80.3407839203939,81.46400942557607,73.020285575,0,0,2.5,5.683860284124221,0.1784193014206211,-0.34591048112455663,4,13.453516040356622,4.486277831566007,0,5.013911765087033,81.5391795,73.020285575,1,1,0,0,10,8,2,1,106,0,5,8,,-0.6501149629742492,-0.347901068622265,0,-3.6623717299036054,5.425512673753837,,,,,,0.6470259022275023,47.508975818242526,70.63492063492063,1.941083265169457,2,46.60434664468106,17.647840626443752,21.23166526403425,21.996164853697895,,,,2330237
2025-11-07,75.36066066,76.14256949,74.33410552,75.82117138,76.67761445688558,77.75791259764155,76.8805489495328,74.35080557535478,71.46039714310017,76.75129595307263,0,0,0,0,78.41042443317706,67.47592489082488,42.7491158387666,80.84200447701286,4,1,73.95572337096823,73.50033410500001,74.08954786539995,72.39275099411657,81.5391795,78.69970438884721,78.42280861112636,78.97660016656806,80.0841832774515,73.52109831417529,0,2,0,6.102364961906571,0.030511824809532857,-0.21413350952564644,4,11.386620140267905,31.311944551181895,0,3.7404731247960936,81.5391795,73.52109831417529,1,1,0,0,10,8,2,1,106,0,6,9,,-0.7230553553616293,-0.21900135416536431,0,-0.33349095312847643,1.3891234311644394,,,,,,0.8920236135067964,44.0319123353394,69.44444444444444,11.630299977426333,2,39.44440921886213,16.906251511173256,19.99355431791171,23.126480558982514,,,,3130859
2025-11-10,75.94589304,75.97467496,73.55699367,74.97690173,76.11071021459038,76.82542199679006,76.69924921433919,74.37535836573302,71.4953872384922,76.95419582687822,0,0,0,0,78.13768499449814,67.51758926243896,28.77458799197156,81.79991157185067,4,2,74.08730988890935,73.8086059409364,74.36601383688229,72.69379014904464,81.5391795,78.62697387186617,78.13768499449814,78.8048971,79.91971289189176,73.65382715390346,0,4.5,1.5,4.869565192918338,0.02434782596459169,-0.4057133805609089,4,6.565704848188301,19.3093140009885,0,3.8469843030376314,81.5391795,73.65382715390346,1,1,0,0,10,8,2,1,106,0,7,10,,-0.8102036345283455,-0.4122239810217126,0,-1.8938259777075044,1.9114129473411579,,,,,,0.8896905539399317,39.32156577404582,66.26984126984127,72.88560108567222,3,22.744268769126876,16.607759007427717,18.444994760020606,23.82482545299821,,,,3036126
2025-11-11,75.04405954,75.37025464,74.18060194,74.52598498,75.58246846972692,75.89440122594632,76.49227166821164,74.38126529178271,71.52554243990024,77.12752193370888,0,0,0,0,77.90285133520484,67.5515046915531,20.469966957372346,82.06485430606861,4,3,74.14840431689632,73.87898589467144,74.41782273912119,72.80131220577195,76.99939999818,78.5643515627213,78.02551471827155,78.8048971,79.8825707888995,73.7528756794847,0,5.5,1.5,4.194924551073358,0.02609736141422544,-0.47982151988781135,4,6.58882227760322,18.220522655833264,0,3.649981571871087,76.99939999818,73.7528756794847,1,1,0,0,10,8,2,1,106,0,8,11,,-1.0409819092708692,-0.48484366240905263,0,-2.1958196058631403,1.8718044316341897,,,,,,0.7970705568415052,32.807558028808685,60.714285714285715,43.7392880042683,3,22.82434989370093,16.330587396806855,17.717795514494664,22.885524828648876,,,,2658020
2025-11-12,74.56436088,75.32228477,73.99831645,74.5547669,75.23990127981794,75.08373871973033,76.30774740457244,74.38806927641868,71.55568397681665,77.27458015480148,0,0,0,0,77.72949747323926,67.57985094409548,41.69806858228675,80.7191745845168,4,4,74.13703609119368,73.87504069627059,74.39903148611677,72.8270591165782,76.99939999818,78.68946805581396,78.42747266089087,78.95146345073705,79.99944503042944,73.62587718937228,0,4.5,1.5,4.1912574326800165,0.027337408389040054,-0.41984038348921354,4,6.3948263544094806,40.32748340060398,0,3.8654044800505054,76.99939999818,73.62587718937228,1,1,0,0,10,8,2,1,106,0,9,12,,-1.0510489698051197,-0.4241768914570227,0,1.145401084561728,1.6167834517033697,,,,,,0.6801941303159356,34.14339787694677,63.095238095238095,54.13006438955959,3,22.152328302835357,16.17151900527261,16.918374430875097,22.474150338676324,,,,2232216
2025-11-13,74.2669477,74.880962,72.66955114,73.08688898,74.52223051321197,74.2750892868896,76.00099898318459,74.33704259812775,71.57091984749509,77.38916410492496,0,0,0,0,77.37482003190573,67.6152313518566,52.54657677779225,78.00610343975872,4,5,70.68469996673319,70.42167378876889,70.9477261446975,69.36956907691167,76.19575848052,74.34303287678256,74.08000669881825,74.60605905474686,75.65816376660408,71.4036121225368,0,0,1.5,2.1181355999547966,0.0323081690279975,-0.762189693119262,4,6.676104375927566,42.77545701816146,0,2.235078483058581,70.75966641543002,73.15001084330592,1,1,0,0,8,8,1,1,106,0,10,13,,-1.173739928225788,-0.7610316799266436,0,1.1722717501590947,1.3057364009981673,,,,,,1.0804263468275181,35.17415410903209,64.28571428571429,52.093243303625925,3,23.12670395147891,16.699688084371225,15.648352929880344,25.29763868047265,,,,3566029
2025-11-14,74.02709837,74.18539893,72.5400325,72.64556621,73.89667574547464,73.50892495887965,75.681433957167,74.2707101907502,71.58161284612699,77.47262018872178,0,0,0,0,77.12520013690913,67.63869396789268,44.80845090017506,76.74663681576477,4,6,72.40457394908363,,,71.10992712148149,76.19575848052,74.31598796867286,74.05705860315243,74.57491733419329,75.610634796275,72.48357823842281,0,0,3,1.4863500856848575,0.017653369414235124,-0.8006788689466862,4,6.4624957946719634,32.393457455751324,0,1.4153742095393873,76.19575848052,72.48357823842281,1,1,0,0,10,8,1,1,106,0,11,14,,-1.0817729518864867,-0.7959238349542237,0,-0.2656013970248914,1.3196880859366975,,,,,,0.7848638770563037,37.91134833526707,65.07936507936508,69.34732232053359,3,22.386742120144092,17.2525408644323,14.760518597702683,24.308951318025816,,,,2601058
2025-11-17,72.44409277,72.88541554,71.03377868,71.61901106,73.13745418364977,72.73634346740043,75.2945365383892,74.1667219895443,71.58198496765806,77.52296795413938,0,0,0,0,76.78992972902552,67.66136947152346,26.009510342298363,81.34399984170692,4,7,70.6871469877125,,,69.4023125736891,74.660179915,72.62637826,72.36941137719532,72.88334514280467,73.91121267402339,70.77843158751529,0,7.5,1.5,0.051725433932400096,0.020116582390833287,-0.9908600113090524,4,6.246391767617509,13.700179844998551,0,1.438276132951607,70.77843158751529,71.58554248666516,1,1,0,0,10,8,1,1,42,0,12,15,,-1.1588636417693703,-0.9811415026919906,0,-2.966379679501665,2.2339043828856884,,,,,,0.980066072717901,39.09600336950431,65.87301587301587,80.68101481114152,3,21.638135810986984,18.44183457635998,13.810871478854603,27.97861651263833,,,,3195148
2025-11-18,70.92824498,71.85886039,70.04559943,71.37916172,72.55135669576651,72.00654818924416,74.92164369854261,74.05740590054256,71.57996682589032,77.54305372549877,0,0,0,0,76.47452049934428,67.68277726622459,33.26729312609332,78.37684328542184,4,8,70.73799367903108,70.48319174356959,70.99279561449256,69.46398400172363,74.660179915,74.23507140372377,73.98026946826228,74.48987333918525,75.50908108103121,71.4523162043981,0,8.5,0,-0.28053254953129436,0,-0.9520859319613502,4,5.705906272001747,33.81489958197143,0,2.184249655942074,70.77843158751529,71.4523162043981,1,1,0,0,10,8,1,1,42,0,13,16,,-0.8536352629462619,-0.9447360365726543,0,-0.07151178543139958,1.3141108560763297,,,,,,1.0075192790464846,39.487488803218284,66.66666666666667,99.77643518285812,3,19.765839132665892,19.92996786033518,12.93334415164048,29.663587453040765,,,,3248228
2025-11-19,71.37916172,73.08688898,71.08174855,71.35997378,72.15422905717767,71.37036932508701,74.58243703963379,73.95162424875657,71.57777784035908,77.53686848312475,0,0,0,0,76.18721255772044,67.70426997624844,49.1859698177254,79.93715557650603,4,9,70.76186707056111,70.5073622337933,71.01637190732892,69.48934288672206,73.4041251317,74.02764356086006,73.51863388732444,74.26576374279996,75.2837830898712,71.4523162043981,0,0,0,-0.30429005611887405,0.012492855271053593,-0.8566603149778765,4,5.616396943412739,39.83750511750049,0,2.0501921139996973,70.77843158751529,71.4523162043981,1,1,0,0,10,8,1,1,42,0,14,17,,-1.0999428421684287,-0.8556258790868838,0,1.2715229854378167,1.7968858078860404,,,,,,1.0220439208137437,39.786959559872265,67.06349206349206,104.49953986132378,3,19.455769722930814,20.335711979255894,16.331739000601953,27.57691442074348,,,,3316499
2025-11-20,72.26180727,73.10607693,70.53009508,70.78433538,71.69759783145179,70.8117450683026,74.22071307204962,73.82741684213867,71.56988289050476,77.50478142481539,0,0,0,0,75.92451711476909,67.72056160923056,47.706328664306184,83.33915114238496,4,10,70.7508842607,,,69.45425547168874,73.4041251317,70.81435727739999,70.55503151959773,71.07368303520225,72.11098606641126,69.34467155877084,0,0,3,-1.0975950759994542,0,-0.9192784115188806,4,5.315716634319829,28.84303541286316,0,1.1334668265000107,70.77843158751529,70.77843158751529,1,1,0,1,10,19,1,1,42,0,15,18,,-0.8426146756251552,-0.9234218123706496,0,0.2383733191415125,2.324350474823396,,,,,,0.9162491689154973,40.00223893961838,67.46031746031746,117.23602863691357,3,18.414182578561945,20.953260247899074,14.883262175235286,27.030432563834143,,,,3017265
2025-11-21,71.69576284,75.30309682,71.39834967,73.34592626,72.24704064096785,70.63338812031212,74.13740004233061,73.80853485852539,71.58755496383307,77.4654276332801,0,0,0,0,75.76570889452643,67.76043974663786,55.44936546102052,79.93953473580174,4,11,72.53859963487012,,,71.13285676650253,76.19575848052,74.02247164219703,73.74132306852351,74.30362021587055,75.42821451056463,71.52657542226484,0,3.5,3.5,2.456252762166942,0.012281263810834712,-0.13273987672161758,4,6.565205457412922,41.60763337074987,0,1.7754998272411822,76.19575848052,71.52657542226484,1,1,0,0,8,8,1,1,42,0,16,19,,-0.4309765419605573,-0.14295278580217413,0,1.1606397229769327,1.3966827846209937,,,,,,1.231744229209138,39.8836149340361,66.66666666666667,75.3701081237376,3,22.742538828735302,20.02748235763486,19.724629619616806,23.15144396983126,,,,4072702
2025-11-24,73.83042191,74.28258588,72.14667959,72.54962647,72.34790258397857,70.65979854301385,73.98618351163246,73.75916590211263,71.5971278146407,77.41623607045265,0,0,0,0,75.4512690747245,67.81944156312458,89.32794650350012,87.75014093089538,4,12,72.4552485488372,72.17511142426537,72.73538567340904,71.054562925978,76.19575848052,72.54962647,,,76.52368287657472,70.80397879818678,2,0,3.5,1.3303587510175692,0.006651793755087846,-0.32881339533377213,4,6.598794546181053,49.77756488710148,0,2.6704849900917407,76.19575848052,71.52657542226484,1,0,1,0,14,8,1,1,42,0,17,20,,-0.4250041079044279,-0.33449238431730965,0,3.272914516985976,2.445305381377473,,,,,,2.100453952250882,39.67896745249876,65.87301587301587,73.58217762003655,3,22.85889484538799,19.167831459532376,18.381857354297928,21.575388172369987,,,,7166147
2025-11-25,73.52821175,77.28904931,71.95480012,76.42559171,73.70713229265237,71.24567466903852,74.21850810195318,73.86373162006899,71.64517223150995,77.38244012078229,0,0,0,0,75.54308245643404,67.9308024218491,98.65728780205721,3.14888571915762,1,0,76.42559171,72.23084507999984,72.84635418974041,71.50151883207552,80.71224334341699,78.30855221,78.00079765512972,78.61630676487029,79.84732498435142,73.50033410500001,1,3.5,0,6.672353948766983,0.03336176974383492,0.7537051929057124,0,8.576850689121205,94.8329601185529,0,0.8705499978757052,80.71224334341699,73.50033410500001,1,1,0,0,8,10,2,1,42,0,18,21,,0.38399346545639046,0.7476077187550482,1,5.7292806778464485,-4.568168326270563,,,,,,2.1380507301945997,38.903672640485986,63.095238095238095,30.939937545718504,3,29.711082324980126,18.811073223098855,24.25948114604623,18.236442090955997,,,,7625390
2025-11-26,77.38498904,80.27277502,77.31783123,77.69199619,75.03542025843491,72.31172002407405,74.54931649129097,74.01385964241922,71.70533963408198,77.37124595573574,0,0,0,0,75.68235244042013,68.02281529564212,98.78356555800674,6.199755404956408,2,0,77.69199619,74.0585023148466,74.6987461901414,72.77801456425699,80.12228422956048,78.30855221,77.9884302723526,78.6286741476474,79.90916189823702,75.09863016094,1,0,6,8.348968970049372,0.04174484485024686,1.0218279875942402,0,8.777890144715576,91.46812605848149,0,0.4945659598784143,80.12228422956048,75.09863016094,0,1,0,0,8,10,2,1,34,0,19,22,,0.6119334839638082,1.01363949208524,2,5.42267634573054,-3.1822101642299807,,,,,,1.5301532884057105,37.85820020758644,61.904761904761905,24.502823118852174,3,30.407503427811,19.582691566040896,29.978337103508483,16.279628156639568,,,,5607862
2025-11-28,77.40417699,78.00859731,75.82117138,76.06102072,75.37728707895661,73.43060159151257,74.69328832259659,74.09414046899101,71.74867974438962,77.37125127659434,0,0,0,0,75.6929514466636,68.0563416726443,80.07360909396272,18.833170426025415,1,0,74.26851418322664,73.6349408359886,74.63823447059995,72.36779414151253,79.46282290216617,79.68280289904665,79.46282290216617,80.31637624628469,81.58352294076076,73.50033410500001,0,0,0,6.0103419198422054,0.03005170959921103,0.4897443348665966,0,8.95882033731213,69.1818530146728,0,2.732811042627397,79.46282290216617,73.50033410500001,1,1,0,0,8,10,2,1,34,0,20,23,,0.5884969334985273,0.4859140774810084,3,1.0046583446893624,-2.5561927567686533,,,,,,0.6798682458749475,36.66759675245229,61.111111111111114,18.15197793059283,2,31.03426400021191,19.47916017832236,28.130107302639406,19.49426059300275,,,,2491692
2025-12-01,74.83299213,75.57172808,73.4034901,74.10385015,74.95280810263775,74.279154061816,74.63715135377787,74.09452124079529,71.77211427578872,77.3700624802936,0,0,0,0,75.57726440779236,68.12627850040198,40.89159756471716,82.42638285535185,4,0,73.76181236044182,,,72.17237733024639,76.99939999818,75.08287733518168,74.73436608339995,75.57726440779236,76.8488124319487,71.70439680648975,0,4.5,1.5,3.2488047729114387,0.016244023864557196,-0.07061531406401195,4,9.217276503848861,29.20801689638675,0,1.9131396928896534,76.99939999818,71.70439680648975,1,1,0,0,10,8,2,1,2,0,21,24,,0.2986711767731677,-0.07305318613256084,0,-0.05126464541911613,1.880675752591423,,,,,,1.8158609073401921,35.555815516990414,60.714285714285715,11.356969986845572,2,31.929582424154113,18.256411099016347,26.030399475182126,24.829757448326895,,,,6989530
2025-12-02,74.65070664,74.65070664,71.22086116,71.84926642,73.91829420842517,74.57214736231602,74.37163850294188,74.00647203213666,71.7728819588157,77.35455519310406,0,0,0,0,75.33759404265689,68.16647337750678,26.8915619747581,91.37689192528518,4,1,70.92512478611641,70.59932037443726,71.25092919779557,69.29610272772065,74.660179915,71.84926642,74.660179915,75.33759404265689,77.06213700686645,71.70439680648975,2,0,1.5,0.10642523903127447,0.0005321261951563724,-0.6623210706154649,4,9.622235454075664,18.63523509413617,0,0.027790755802617417,71.70439680648975,71.70439680648975,1,0,0,0,10,8,1,1,2,0,22,25,,0.062227278691920136,-0.6572164809354278,0,-0.8935083135895079,2.967396050294182,,,,,,1.6431218686549913,34.887039560124464,59.12698412698413,4.664044947764579,2,33.33240137769927,17.623796812932436,23.58370126393211,28.477340878837744,,,,6596475
2025-12-03,72.26180727,72.83744567,71.34078583,71.35997378,73.06552073228345,74.40616663942902,74.08481329123313,73.90268778695483,71.768773419723,77.32286604519416,0,0,0,0,75.20024186821374,68.18554030154415,29.395133513625737,83.3538049115931,4,2,70.68012481524418,70.36422911297069,70.99602051751768,69.1006463038767,74.660179915,75.07085340714877,74.75495770487528,75.38674910942227,76.65033191851626,71.70439680648975,0,0,3,-0.5696065576211402,0,-0.7240922880472656,4,9.33492899037932,11.169250690562322,0,2.1313722069852057,70.85628767303069,71.70439680648975,1,1,0,0,10,8,1,1,2,0,23,26,,0.01360914919519588,-0.7173151686138132,0,-1.8620413038497334,3.958190343443424,,,,,,0.9188501371743691,34.33862828187161,58.333333333333336,6.189432734696547,2,32.33714259276925,17.036369261568804,22.586062466361156,27.272691116934972,,,,3669841
2025-12-04,71.48469543,72.66475415,70.98676821,71.05296663,72.39466936485563,73.94615472207663,73.79606599016331,73.79093401609386,71.76165096410386,77.27427170743562,0,0,0,0,75.02845815415634,68.20680465632276,36.14926877110798,91.4411362694418,4,3,68.93641174039995,68.31978425867773,69.18789547,67.0865292952333,70.85628767303069,71.05296663,70.98504074703888,71.6016682287611,75.13126407688884,69.48918780762648,2,0,4.5,-0.9875529960401243,0,-0.728914317630731,4,9.041366356448302,8.402406468977127,0,0.3834391293765152,70.85628767303069,70.85628767303069,0,0,0,1,10,5,1,1,2,0,24,27,,-0.04023495441617201,-0.7216000393444035,0,0.058942228131603436,6.956281640447135,,,,,,1.1318842337017379,33.81117409059743,57.142857142857146,7.953210240736645,2,31.32021179842471,16.627806430747903,21.48852857718451,26.972630633924346,,,,4592257
2025-12-05,71.09134252,71.55185324,70.27585479,71.15850034,71.98261302323709,73.35607386119827,73.54486926157634,73.68770132291371,71.75564946535657,77.21038409031169,0,0,0,0,74.89442108673687,68.22564370242007,25.50094077272755,94.23892144480257,4,4,70.43888499419998,,,68.95046412368413,74.660179915,71.3717585602,71.07407438609684,71.66944273430317,72.86017943071586,69.25024333958004,0,4.5,1.5,-0.8321980635752839,0,-0.6204123844891929,4,8.715658847276861,9.888823487230695,0,1.4253463268656668,70.85929476424431,70.85929476424431,1,1,0,1,10,8,1,1,2,0,25,28,,0.09535287632248918,-0.6150760006823981,0,-1.8882772374563963,4.4717173967181525,,,,,,0.9609058658684957,32.4460205908413,54.76190476190476,7.465878658773215,2,30.19192788984143,16.52555657894223,20.66612866411646,28.07261914251433,,,,3977721
2025-12-08,71.05296663,71.21126719,69.59468268,69.61387063,71.1930322254914,72.55109754979307,73.17048843952145,73.52794325652494,71.73433823316397,77.1223475110823,0,0,0,0,74.68429550927563,68.23616476770754,20.75711539093872,93.7665424159578,4,5,68.80672891649994,68.23616476770754,69.18789547,67.07274553139577,70.85929476424431,69.61387063,71.4269495685,72.19887413629844,73.53810566262355,68.80627245851694,2,0,0,-2.9560007876167265,0,-0.9735504473714757,4,8.876498365322913,13.827051145283669,0,0.20579760507951247,70.85929476424431,,0,0,0,0,10,8,1,1,2,0,26,29,,-0.6849070167621494,-0.9648405836365265,0,-1.7696527585310902,3.3303723533156333,,,,,,1.127553056883103,29.617130196855797,51.19047619047619,-3.681286313418712,1,30.74909232408274,16.692250372828383,19.640563476688286,28.770544982556682,,,,4759378
2025-12-09,69.07660812,71.67177791,68.88472865,70.199103,70.86172248366093,71.70800658304502,72.88749935004321,73.39740050136709,71.71906226069467,77.01509969079355,0,0,0,0,74.52972051437021,68.24941895728894,31.79419577982432,92.482729519761,4,6,68.74860860034994,,,67.069563621428,70.85929476424431,70.43888499419998,70.14392116023475,70.73384882816521,71.91370416402614,68.49973182832372,0,5.5,1.5,-2.1193239464979508,0,-0.7099581011721349,4,8.931158527241605,23.86396374377453,0,1.3148413077006806,70.85929476424431,68.49973182832372,0,1,0,1,10,19,1,1,6,0,27,0,,-0.4263830974433944,-0.7072238152839051,0,0.05501549952899509,2.937557590689197,,,,,,0.9968489803922214,25.28514132815143,40.87301587301587,-18.27273523486161,1,30.938440679268968,17.115031879138666,17.983604349099732,28.49237761430515,,,,4269135
2025-12-10,70.13194519,71.31200391,69.67153041,71.11053047,70.94465847910729,70.97790811814588,72.71826421861053,73.30771932366642,71.7130072180012,76.89518136799055,0,0,0,0,74.38015811946788,68.2748329214345,60.38460756173706,84.43492215953444,4,7,68.68863424899995,68.2748329214345,69.18789547,67.12066462742077,70.85929476424431,71.57330517420002,71.28476310069658,71.86184724770345,73.01601554171718,68.357394715,0,5.5,0,-0.8401219965155255,0,-0.38241459194958055,4,9.069263022836697,56.93990456400748,0,2.229075586899985,70.85929476424431,70.85929476424431,1,1,0,0,8,8,1,1,4,0,28,0,,-0.9446872695670151,-0.3851841824508144,0,3.2242559759951597,1.385361975162914,,,,,,1.278213617256885,23.864398592757635,38.888888888888886,-24.039489664797433,0,31.416848685517714,17.50761470642679,17.07071363927005,27.04603647377842,,,,5666382
2025-12-11,71.13931239,72.72231799,70.82750826,71.9260182,71.27177838607153,70.506140052487,72.6428122168381,73.25353496587557,71.7151267302599,76.76910073503704,0,0,0,0,74.30883245191566,68.2968924451259,77.92744389310853,76.09252222074453,4,8,71.64707125810001,71.36222138868611,71.93192112751392,70.22282191103051,74.660179915,74.53769959651034,74.25284972709643,74.82254946592424,75.96194894357984,71.68298910192154,0,3.5,2,0.2940683219222702,0.0020514972195999105,-0.11379512506039102,4,9.170284197412647,67.62618958518406,0,2.1155766461116334,71.68298910192154,71.68298910192154,1,1,1,0,14,8,1,1,4,0,29,1,,-1.0046492448799085,-0.11883390533723837,0,4.1642065591233255,0.8097493508157365,,,,,,0.8587645785595117,22.363715147328023,32.93650793650794,-29.600344534398825,0,31.766796299529375,17.028997977921595,20.47744724354601,25.439704928288247,,,,3877594
2025-12-12,72.24261933,72.93338541,70.28544876,70.47732823,71.00696166738102,70.16426151130693,72.43657564666304,73.14466411348829,71.70281032727223,76.6286071186552,0,0,0,0,74.21556812153725,68.3081426608304,83.36245105958022,76.22665918392869,4,9,70.25009206699998,69.96194632531207,70.5382378086879,68.80936335856045,74.660179915,71.44568468511352,,,72.88641339355306,68.88472865,0,0,3,-1.7091130622060444,0,-0.4920874352435562,4,9.179964832181806,56.27849548464791,0,3.061011988007524,70.85549410221203,70.85549410221203,1,1,1,0,14,8,1,1,4,0,30,2,,-0.9872691485062352,-0.4926018114984838,0,3.200289772469766,1.3834172147076764,,,,,,0.7391272932271284,20.968996747103695,29.365079365079364,-34.06044501316809,0,31.800331002068777,16.828717188773503,18.797277429348917,25.032025040582273,,,,3328620
2025-12-15,70.99540279,71.34078583,69.77696817,69.93047175,70.64813169492068,69.89233009681818,72.19789908507609,73.01861735413581,71.68517511754813,76.47389060154387,0,0,0,0,74.02986796530577,68.32357217985748,84.64122713924432,76.54500497561705,4,10,68.50985676009995,68.32357217985748,69.07290988144892,67.19746593715954,70.85549410221203,70.22432934399998,,,71.6319621473724,67.84085929725842,0,0,3,-2.447791143246562,0,-0.5880182988101963,4,9.189992731447635,53.17078396432081,0,1.7873009328552587,70.85549410221203,68.88472865,1,1,0,0,8,8,1,0,4,0,,3,,-0.7473310535230563,-0.5861047279438161,0,2.851548728147142,1.4208150303308487,,,,,,1.3227413375506905,19.614667151837264,26.58730158730159,-38.38660328083697,0,31.835068664111972,16.871092047701673,17.865003226139347,25.403169169549344,,,,6194558
2025-12-16,70.08600255,71.23304115,69.55136592,70.59147719,70.62924685994712,69.76130258850085,72.04490652364026,72.9234353869148,71.67429255110486,76.31298528803215,0,0,0,0,73.86393767291483,68.34853144494217,90.87267349120299,73.35414231184049,4,11,70.05551010201265,69.77907762397562,70.33194258004967,68.67334771182753,71.63570828341481,71.51372482832704,,,72.89588721851216,68.88472865,0,5.5,0,-1.5107444002084647,0,-0.34085562085957105,4,9.160277824044185,72.54524584876546,0,1.1432796845170476,70.85549410221203,70.85549410221203,1,1,0,0,8,8,1,0,4,0,,0,,-0.20875567684322036,-0.3392811780892326,0,5.123326282541356,0.9601136409626072,,,,,,1.4834675871818335,19.650529407264678,26.984126984126984,-38.073720792487414,0,31.732133205382013,17.013643217488514,16.894631493817677,24.752026712993644,,,,7247862
2025-12-17,69.86242723,70.86365584,69.25002527,69.45415926,70.23755099329807,69.60898532621384,71.79816868900785,72.78738534272206,71.6522016725864,76.14182993163128,0,0,0,0,73.71371495406162,68.35735285040609,59.10494038768211,85.63997392936383,4,12,68.46316027839994,68.35735285040609,69.00534971207584,67.27297398305429,70.85549410221203,71.57288273253953,71.30178801570158,71.84397744937748,72.92835631672928,67.49847296763173,0,0,2,-3.0676550912284917,0,-0.6131694586726675,4,9.28869514119391,10.657951611921249,0,3.0058938900999066,70.85549410221203,70.85549410221203,1,1,0,0,8,8,1,0,20,0,,0,,-0.3353567262851838,-0.608822159793265,0,-0.8634410439842828,4.9595163236527195,,,,,,1.061862636256506,19.225290112441222,25.396825396825395,-40.25142254674157,0,32.176983841132035,17.288287778840466,15.996760876423656,24.429045173291286,,,,5296766
2025-12-18,70.49427053,71.82600178,69.60968991,69.75549991,70.07686729886538,69.50138397400994,71.60362880529281,72.66848787477218,71.6333290182323,75.96481845198254,0,0,0,0,73.5944627285468,68.36745158943427,68.85816198928812,83.1350915765294,4,13,68.46356665364995,,,67.27581969403617,70.85549410221203,70.22432934399998,69.95142137015046,70.49723731784951,71.5888692132476,67.52148848532,0,0,3,-2.6214460977436285,0,-0.4614872028480144,4,9.305739850662784,45.44830531020719,0,1.9807708954449719,70.85549410221203,67.52148848532,1,1,0,0,8,8,1,0,20,0,,1,,-0.21931353431265418,-0.45901517587485546,0,2.175543575137522,1.7215449434992465,,,,,,0.9538126014369986,18.666594216153236,22.61904761904762,-42.0940012911386,0,32.23602844673271,16.871167172970598,17.903892386098207,22.533395435196233,,,,4829971
2025-12-19,69.7846619,70.16376788,68.75884001,69.82354457,69.99242638924359,69.43795085743116,71.43409697336017,72.55692147066347,71.61532121277726,75.78360950433839,0,0,0,0,73.43159838330936,68.38304046177349,81.77307962025841,80.2958635374709,4,14,68.45015332434996,68.38304046177349,68.9820704163205,67.3192062778324,70.84522594766266,70.2776940907,,,71.60748682062636,67.52148848532,0,3.5,0,-2.5019459697090416,0,-0.387912781041084,4,9.278546215735751,63.33659372357035,0,2.117758413789277,70.84522594766266,67.52148848532,1,1,0,0,8,8,1,0,20,0,,2,,-0.22760339868349386,-0.3881790974061599,0,4.280824423399406,1.4657032963874077,,,,,,1.3719008496345657,17.934152520724382,21.03174603174603,-44.20307047688195,0,32.14182693206051,16.92038691578687,17.05945099212868,24.327015274569376,,,,7236531
2025-12-22,69.98879589,70.16376788,68.64734397,69.30834927,69.76440068282906,69.35589724473982,71.2316448111354,72.42952648240215,71.59236626807301,75.5962107291868,0,0,0,0,73.33628597387681,68.38843631623169,58.31441576277034,88.92157415227501,4,15,68.43042801149996,,,67.34643229150068,70.84522594766266,70.28356568303234,70.02306467684959,70.54406668921509,71.5860707139461,66.91553314691204,0,4.5,5,-3.1903080134558746,0,-0.4838131215965663,4,8.4742468450777,12.801264859227416,0,2.585811537140455,70.84522594766266,66.91553314691204,1,1,0,0,8,8,1,0,20,0,,0,,-0.028662559817042244,-0.4846778996806163,0,-0.3938477886363678,4.730855417581553,,,,,,0.7524110437682062,17.079516763679496,18.253968253968253,-41.81864311123527,0,29.355652183109676,17.022891567545553,16.17278868558312,23.44477082025808,,,,3964773
2025-12-23,69.36667326,69.45415926,67.50127744,67.6363947,69.05506535521937,69.08846657200301,70.8892400386463,72.24156053015109,71.55300336689815,75.39366279930255,0,0,0,0,73.20431803910004,68.38396647880225,70.16066815001088,92.83875155432472,4,16,65.42080315999999,65.16147292372315,65.68013339627683,64.12415197861579,70.47599406,67.6363947,68.40487972069995,68.92354019325364,71.52880115021473,66.37120557595233,2,0,3,-5.47371666122132,0,-0.8964391614461376,4,8.713451910814628,28.73047493092574,0,0.32504034206855964,70.47599406,66.37120557595233,1,0,0,0,8,8,1,0,20,0,,1,,-0.47363131748605014,-0.8932724388778924,0,2.462421907764754,4.34715010028515,,,,,,0.7948603404867804,17.449190298985425,19.444444444444443,-42.19113837217248,0,30.184282837678104,17.68069843319788,15.085387765530914,25.81426017700842,,,,4065216
2025-12-24,67.80164602,67.85024935,66.99483073,67.79192535,68.63401868681291,68.71550941984717,70.59425768734665,72.06706503289027,71.51557970503848,75.17925970401286,0,0,0,0,73.14726566914862,68.38235174704703,67.03282905165571,94.81196335299097,4,17,65.42080315999999,65.17235884577863,65.66924747422135,64.17858158889322,70.47599406,68.39874299474995,68.39874299474995,68.89563162319266,69.88940888007807,66.23491772679493,0,1,0,-5.206773643444485,0,-0.7583808234116822,4,6.5248756020295,21.510463112933202,0,1.4515830067974864,70.47599406,66.23491772679493,1,1,0,0,8,8,1,0,20,0,,2,,-0.6111586934322394,-0.7543520966810062,0,1.201657091252084,4.359627942145143,,,,,,0.3875465632322968,18.95846883067389,23.015873015873016,-16.123480734190903,1,22.602832111563316,18.522816811721967,14.621633312682766,26.840743151982533,,,,1870546
2025-12-26,67.43226071,67.75294548,67.15522173,67.6655567,68.31119802454194,68.29346795290084,70.31533378378982,71.894456862973,71.47727101842118,74.95359871416132,0,0,0,0,73.0640452042902,68.37950408608538,64.97222577366178,92.88812622304424,4,18,66.5967633165191,,,65.41484758888424,69.57669507382,68.40202935799996,68.16564621247299,68.63841250352694,69.58394508563482,66.5967633165191,0,0,0,-5.33276419778089,0,-0.712051956637578,4,6.106984907513604,29.910934247431697,0,1.5274067340599613,69.57669507382,66.5967633165191,1,1,0,0,8,8,1,0,20,0,,3,,-0.7798234641575842,-0.705082924523377,0,1.1445697043680436,2.89904319644804,,,,,,0.5841387726150714,20.384702852809436,27.77777777777778,-3.6421912150120543,1,21.15521628173976,19.304783877494334,14.269992984082242,26.195241548980444,,,,2735533
2025-12-29,66.79069675,66.9753894,65.68254081,65.9449988,67.52246494969462,67.7198957699896,69.89911140438127,71.6611447820721,71.42222353366077,74.70788759651455,0,0,0,0,72.83698467708055,68.35869471563427,35.151363702565874,86.80641877577845,4,19,62.6077181,62.37051396584995,62.84492223415005,61.421697429249775,69.06955821,68.40750584094997,68.17030170679992,68.64470997510001,69.59352651170019,66.4748375903384,0,0,0,-7.668796157094437,0,-1.1222121421965607,4,6.234173505584099,5.050983537736485,0,1.6295401069098143,69.06955821,66.4748375903384,1,1,0,0,10,8,1,0,20,0,,4,,-0.845144343723835,-1.1078048406278085,0,-3.395928683890394,5.1576873490511925,,,,,,1.2226803912440651,25.33479388836575,42.06349206349206,17.313466317626965,2,21.595810509742872,20.680522587616053,13.20484566837536,29.783264405761916,,,,5936426
2025-12-30,65.66309948,66.11802665,65.41036216,65.93527813,66.99340267646308,67.10583507574502,69.52160347348781,71.43660099179476,71.36762706198255,74.44536613113888,0,0,0,0,72.73041820875024,68.3485519320445,18.690105263181415,95.2091776268218,4,20,62.6077181,62.38113868534282,62.83429751465718,61.47482102671408,69.06955821,68.40744501889996,68.18086560424278,68.63402443355714,69.54034209218588,66.15278559126529,0,2.5,0,-7.611783038918428,0,-1.0063089705430197,4,5.938119864232747,5.538682711200231,0,1.9901714646460678,69.06955821,66.15278559126529,1,1,0,0,10,8,1,0,20,0,,5,,-0.7422056532569473,-0.9946687145448737,0,-4.601526991850194,3.710067332751304,,,,,,0.6274992062087903,26.890900050232645,46.03174603174603,30.727138704863073,3,20.57025061257024,22.06780156663504,12.836613046493962,30.025268264740536,,,,2918955
2025-12-31,65.77002681,65.77974747,65.00209419,65.06041818,66.34907451097538,66.40825408117921,69.09672868363184,71.1865546070185,71.30486876464938,74.16408111108657,0,1,0,0,72.64343402809051,68.33835981202014,9.513393082366898,85.34499092539383,4,21,62.6077181,62.388990929782615,62.826445270217384,61.51408224891308,67.0565537563,68.39249372914996,68.17376655893257,68.61122089936735,69.48612958023689,65.44089976112454,0,0,2,-8.757397205596119,0.0038418784575853515,-1.1471341548390248,4,5.394486567252161,1.9445273678275896,0,2.6988818673893378,67.0565537563,65.44089976112454,1,1,0,0,10,8,0,0,84,0,,0,,-1.0307350276606828,-1.1360023674220612,0,-7.147223164516725,4.824414970493962,,,,,,0.4894695400485846,26.71415506318563,45.23809523809524,42.9554455704206,3,18.687049630457132,23.522212469687595,12.347626456852023,30.548086047294888,,,,2168511
2026-01-02,65.53673082,67.31561272,64.7979602,67.24756805,66.64857235731692,65.96182078599826,68.92061814709547,71.03208454595894,71.26449761325983,73.88023729072377,0,0,0,0,72.52835141361854,68.33190112534923,27.61744690389989,74.50884306757624,4,22,66.99483073,,,65.86691652363358,69.57669507382,68.39143009554996,68.16584725427668,68.61701293682324,69.51934430191639,65.42080315999999,0,0,0,-5.636648959568931,0,-0.3980861619940039,4,6.58875960688967,44.83555858352633,0,2.6337348344248994,69.57669507382,65.42080315999999,1,1,0,0,10,8,0,0,84,0,,1,,-0.386109402770404,-0.39683922491668666,0,0.2112539678956562,-0.04344048906082909,,,,,,0.9353237419930294,27.412690157700997,47.61904761904762,20.103972416985314,3,22.824132795980898,23.48919608222812,17.19615775168146,27.504008513672954,,,,4167044
2026-01-05,67.0920374,68.95840529,67.07259606,68.093266,67.13013690487794,65.8429097232225,68.84182270451495,70.9168367598429,71.23294306984431,73.60030569911112,0,0,0,0,72.42543054876124,68.33033750382987,40.92399599723721,78.54909054109532,4,23,67.3151774619403,,,66.18364064397504,70.47599406,68.39155079779995,68.1652434342069,68.617858161393,69.5230876157652,65.42080315999999,0,1,2.5,-4.40761947286923,0,-0.10662906099440003,4,6.764303197020946,42.72238357692109,0,2.6254096116306656,70.47599406,65.42080315999999,1,1,0,0,10,8,0,0,84,0,,2,,-0.2766580631776093,-0.1095256486921505,0,0.6661698226770141,1.895730421503118,,,,,,1.041288104956194,27.463242530464992,48.01587301587302,17.20283675905462,2,23.432233630081733,22.26806232345715,22.398097884670157,25.457672050637175,,,,4641710
2026-01-06,67.22812672,70.20265055,66.58656276,70.15404722,68.13810700991863,66.18839817856494,68.96679646789448,70.88692344455494,71.2222077877563,73.33795632332499,0,0,0,0,72.36535156241744,68.34422125188861,63.562913825059674,70.31531556620759,4,24,69.72903217219998,,,68.51688692203581,71.24843692277713,70.51404635658129,70.27161730654845,70.75647540661413,71.72619160674546,67.95920989,0,8.5,0,-1.4997577313798665,0,0.5022293358339847,4,7.477357516819709,54.83640581366719,0,2.1076982863524583,70.77810466760944,67.95920989,1,1,0,0,8,8,0,0,84,0,,0,,0.11735884279735088,0.4943971235854813,1,2.8828740952439995,0.4773475235198956,,,,,,1.1995130907275362,27.538631605240283,48.01587301587302,6.317213899662572,2,25.90232625097758,20.976816727242646,23.99764679371243,22.067240578755236,,,,5434388
2026-01-07,70.08600255,70.79561118,66.79069675,66.90734474,67.72785291994575,66.49155171254242,68.77065820809501,70.7308615345724,71.17927382708211,73.07284547968754,0,0,0,0,72.24547025567293,68.33499335221708,13.814379712388691,83.25275501489548,4,25,64.81834313383412,64.3899566337,65.02799028250372,63.3464732182209,69.57669507382,70.13786244102859,69.87699158715881,70.39873329489836,71.44221671037747,65.02799028250372,0,0,3.5,-6.001647470385882,0,-0.46090249716185855,4,8.585461372057702,17.455210144305397,0,3.917549302825275,69.57669507382,65.02799028250372,1,1,0,0,10,8,0,0,84,0,,1,,-0.42532580704790873,-0.4629414709419533,0,-2.001057717268279,1.958196607124293,,,,,,1.0200763815142226,28.17173167869429,49.20634920634921,-5.276163019217057,1,29.740910605647887,20.11022698232506,22.737702786385473,19.042433444676984,,,,4614038
2026-01-08,66.17829478,71.06778983,66.12969145,69.80410324,68.41993635996383,67.01766073365367,68.86908154446692,70.69451807204015,71.16559053765842,72.82377651879996,0,0,0,0,72.1823709717734,68.34630244828608,63.11446131333144,79.97243931442878,4,26,69.72903217219998,,,68.29739524441175,71.24843692277713,70.42085000426945,70.13452261871181,70.7071773898271,71.85248693205769,65.42080315999999,0,3.5,1.5,-1.9131258342301831,0,0.42025191334467876,4,9.625247453946765,50.18011107353566,0,3.4925383295289425,70.77810466760944,65.42080315999999,0,1,0,0,8,8,0,0,84,0,,2,,0.4928975436735773,0.41290584402836455,1,3.0394634791287922,1.9494262346711382,,,,,,1.2146799117178193,29.225151482234484,50.79365079365079,-12.349530980333627,1,33.342835251317545,18.877145682436197,19.236434315964097,18.171400059176687,,,,5573493
2026-01-09,70.43594653,71.36427015,67.82108735,68.63762331,68.49249867664255,67.5241303660541,68.84703790308912,70.6138555323523,71.14043663489565,72.58323162307498,0,0,0,0,72.09971890390825,68.34835924517556,58.696849986916945,83.57921545483036,4,27,68.39329919909996,68.09578820893928,68.69081018926063,66.9057442482966,70.75680634564318,70.6138555323523,70.31634454219163,70.91136652251298,72.10141048315566,65.42080315999999,0,0,1.5,-3.5181303957136247,0,0.05693369247546526,4,9.656034369510802,29.581890135624565,0,3.4909986817951117,70.75680634564318,65.42080315999999,1,1,1,0,8,8,0,0,84,0,,3,,0.2198477268859818,0.05150219175343257,0,0.6687857569452866,2.3766729227259384,,,,,,1.128352139403234,30.181065081130075,51.58730158730159,-9.771209472699613,1,33.44948425524804,17.912052312639833,18.080709567393345,16.239160750890292,,,,5148145
2026-01-12,67.83080802,68.05438334,65.09930085,65.29371417,67.42623717442837,67.61801262512898,68.50862611898539,70.40522253775025,71.08226029196136,72.33102602015492,0,0,0,0,71.94084142668916,68.32641055051496,32.02413038664603,91.54066737183416,4,28,64.8024578473544,64.49460547738379,65.11031021732502,63.263195997501285,69.57669507382,65.29371417,66.97373801502938,67.58944275497062,70.21935208952999,64.80860882351402,2,0,5.5,-8.143446899670383,0,-0.8966808343104159,6,10.668192364688462,2.8947306763327063,0,0.09848579095969555,69.57669507382,64.80860882351402,1,0,0,0,10,8,0,0,84,0,,0,,-0.43794844311294334,-0.8933475942915452,0,-3.390414330284827,6.88343161305731,,,,,,1.1391831093869413,31.02149292967416,51.98412698412698,-16.05762869024495,1,36.955702401117556,17.784831295433847,16.22524632442408,22.466614107953202,,,,5277287
2026-01-13,66.07136746,66.28522211,65.10902151,65.59505482,66.81584305628557,67.49053784633591,68.23114313812964,70.21658850960318,71.02766123253886,72.07032314360258,0,0,0,0,71.82073057471494,68.3102862658526,29.484118919629985,94.27429363794906,4,29,64.69258531206458,64.39622060602044,64.98895001810872,63.21076178184383,69.57669507382,65.59505482,66.98522567895586,67.57795509104415,68.76341391522075,64.7979602,2,0,3.5,-7.648578480928638,0,-0.7137283423702603,4,10.577979652876337,12.130214427608585,0,0.25157963350882717,69.57669507382,64.7979602,1,0,0,0,10,8,0,0,84,0,,1,,-0.029931577147044496,-0.7133095350891699,0,-0.8899468979615772,4.458431725173076,,,,,,0.9311172760452024,31.754107132273656,53.17460317460318,-13.342420281035029,1,36.64319640042322,17.66669749374257,15.650298823906994,21.670501471622664,,,,4361505
2026-01-14,65.27427284,66.79069675,64.7687982,64.81740153,66.14969588085705,67.08864463732164,67.90602488973634,70.00485568687365,70.96586760365788,71.79765626284508,0,0,0,0,71.68772638271552,68.28932278817017,36.31549015234026,97.02171256156124,4,30,64.7979602,64.50471173590543,65.09120866409458,63.331717879527154,67.593660995,64.81740153,66.98834192090543,67.57483884909458,69.13668446275655,64.12442170748061,2,0,5,-8.663976473868921,0,-0.8609236082601102,4,10.603263415898166,6.10325279665981,0,0.1604386268063096,67.593660995,64.12442170748061,1,0,1,0,10,8,0,0,84,0,,2,,-0.19188302198311116,-0.8581800970142064,0,0.07218433359277743,7.911687682824575,,,,,,0.9703033898344339,34.30570824897728,57.93650793650794,-6.602292542356544,1,36.730781924743894,17.207835911415366,16.225875687639103,20.336443957626233,,,,4460953
2026-01-15,65.07013885,66.45533377,64.2536029,66.23661878,66.17867018057137,66.71297146974157,67.74703383166622,69.85708169052566,70.91881040143244,71.5234498043315,0,0,0,0,71.60122731168985,68.27891614500861,19.03473394242932,95.44630476812304,4,31,64.7979602,64.50599974343005,65.08992065656996,63.33815791715023,69.57669507382,67.281590385,66.98962992843005,67.57355084156995,68.74139266784978,64.0894398537216,0,1.5,0,-6.602185788127468,0,-0.3558411495526146,4,10.831602721896429,5.185398614817693,0,2.186700602390337,69.57669507382,64.0894398537216,1,1,0,0,10,8,0,0,84,0,,3,,0.2897091320425556,-0.3593272237298992,0,-4.927451420654283,3.458495983943821,,,,,,0.8560124235749801,35.62630872597399,60.714285714285715,-5.051637041703905,1,37.52177248345191,17.06173177312296,15.133353365378227,20.54268989046903,,,,3787392
2026-01-16,65.61449615,65.8866748,64.15639623,65.86723347,66.07485794371425,66.36110895392382,67.56800522579324,69.70061705442662,70.86854595435351,71.24552628068648,0,0,0,0,71.44797046909878,68.25794064381047,45.458420212127436,94.67873024262329,4,32,62.6077181,62.31803854613147,62.89739765386853,61.159320330657344,69.57669507382,68.30347340634995,68.01379385248141,68.59315296021849,69.75187117569261,63.95007958355942,0,3,0,-7.057168193594454,0,-0.41887014015660134,4,10.74869436855786,29.69761515110591,0,3.0056617836178137,69.57669507382,63.95007958355942,1,1,0,0,10,8,0,0,84,0,,4,,-0.24651453222176825,-0.42208282453857965,0,1.6914949511106547,3.467854523467754,,,,,,1.460670218638733,36.61615941044669,60.714285714285715,-1.6608493671960927,1,37.234569522743364,16.97995792795617,14.163046493175823,19.52516468438535,,,,6554535
2026-01-20,64.8271222,65.47354649,63.58365459,63.99114491,65.38028693247617,65.82980006845067,67.22735186238437,69.47671618601773,70.80011410316591,70.9528128282647,0,0,0,0,71.28357675121285,68.2268685878042,24.021522807560906,95.70502765508871,4,33,63.542436168699005,63.25305891439251,63.8318134230055,62.095549897166535,66.70298642674,63.99114491,67.98031731734348,68.55907182595645,68.90186718508623,63.542436168699005,2,0,2,-9.617172626648967,0,-0.9153919221562985,4,11.030668998103236,4.795574947602603,0,0.09137326775278048,66.70298642674,63.542436168699005,1,0,0,0,10,8,0,0,84,0,,5,,-0.7918562981734547,-0.9118783099526849,0,-4.399204616806342,4.336736809827991,,,,,,1.2224641401160006,37.28266124020134,61.111111111111114,-2.430421460216042,1,38.21135829237937,17.224850323951785,13.165138998752258,19.91661212235682,,,,5528306
2026-01-21,63.76756959,64.80768086,63.23293296,64.70075354,65.15377580165078,65.28942571531039,66.98672345072872,69.28942353323272,70.73942394830854,70.65079728566977,0,0,0,0,71.17243457386644,68.20697841902785,13.247045989512777,94.58920058277107,4,34,60.04089637,59.758128670465396,60.3236640695346,58.62705787232699,67.0565537563,68.30256894179996,68.01980124226536,68.58533664133456,69.71640743947297,63.3739017277024,0,0,0,-8.536499269093834,0.0034951945829712616,-0.6103149856310264,4,11.126548375499429,6.384753154740714,0,3.48601853904069,67.0565537563,63.3739017277024,1,1,0,0,10,8,0,0,84,0,,6,,-1.02796155666377,-0.6073999808064967,0,-4.459834559755869,3.3690485704994044,,,,,,0.9841673515188283,37.49713790539143,61.507936507936506,-2.7147416570391476,1,38.543494198475926,17.64570526184595,12.510519909806536,20.033711015702213,,,,4306482
2026-01-22,65.09930085,65.73114414,64.73477587,65.18678684,65.16477948110052,64.85409725607447,66.8153009163736,69.12853581977261,70.68417382782786,70.34415275542513,0,0,0,0,71.09714865878325,68.19417974090767,36.27911034817721,91.23539573052919,4,35,63.01102218760371,62.6077181,63.29304200568899,61.520638408871484,69.57669507382,68.34618785209996,68.07441792931783,68.61795777488209,69.70503746601061,63.29304200568899,0,0,2,-7.777394415358624,0,-0.3994172407535475,4,11.175294038459404,32.10343143900078,0,3.718693956035695,69.57669507382,63.29304200568899,1,1,0,0,10,8,0,0,84,0,,7,,-0.30737152930186623,-0.39445488470697826,0,0.9424589865943434,2.461686185012841,,,,,,0.748631884542111,37.564663628892696,61.507936507936506,-2.964662121996425,1,38.71235412826653,17.262630681932606,15.120908304783002,19.35553273145009,,,,3249044
2026-01-23,64.93404952,65.55617215,64.53550221,65.17706617,65.16887504406702,64.54160098451818,66.65927855957612,68.97357622566388,70.6293767367052,70.03468703430794,0,0,0,0,71.02572728591555,68.18181718491202,48.59275679593732,83.8769724748842,4,36,64.15639623,,,62.84904168047582,69.57669507382,65.86723347,65.60576256009517,66.12870437990483,67.17458801952417,63.146541293172916,0,1.5,2,-7.719607362571694,0,-0.35113342326642816,4,10.948947265161001,40.23005990827977,0,2.0810668214045944,69.57669507382,63.146541293172916,1,1,0,0,10,8,0,0,84,0,,8,,-0.8622782962563864,-0.34640634640558277,0,1.0311728333420715,1.3950965385420786,,,,,,0.7345450861196007,36.39272212806513,59.12698412698413,-4.04854727888448,1,37.92826590530232,17.03248063221041,14.593894728226092,19.36139775047109,,,,3154458
2026-01-26,65.20622817,66.43589243,64.7979602,64.88544619,65.07439875937801,64.36460280295975,66.49034214342602,68.81325740073588,70.57222319892703,69.723376460998,0,0,0,0,70.95816239886149,68.16940774128994,56.19038272001917,91.43015940094011,4,37,64.15639623,,,62.86930217374541,67.0565537563,64.88544619,65.60981465874909,66.12465228125092,68.49524292000734,63.23293296,2,0,8.5,-8.058095311660097,0,-0.39084093512520646,4,10.942912406782643,15.172835337462693,0,0.4577856742633355,67.0565537563,63.23293296,1,0,0,0,8,8,0,0,84,0,,0,,-0.6972669186398325,-0.3846352778380414,0,1.1948998713249441,5.924580127796323,,,,,,0.6693234452271792,33.93149849075952,54.36507936507937,-10.488364251618771,1,37.90736054264672,16.110190833410563,16.81610084107201,18.261444233669614,,,,2909125
2026-01-27,64.88544619,64.96807185,63.22321229,63.90365892,64.684152146252,64.19322577610953,66.24399136024259,68.62072412698153,70.50586932550488,69.40546059909371,0,0,0,0,70.8536264797843,68.14756876192862,53.71202533896519,89.66640311471804,4,38,63.23293296,62.97832210348129,63.48754381651871,61.95987867740645,66.70298642674,66.05295634927556,65.86723347,66.56217806231298,67.58062148838782,63.23293296,0,4.5,3.5,-9.364057870167393,0,-0.6294166886086761,4,11.02007127879439,29.641783436070355,0,1.845969589195644,66.70298642674,63.23293296,1,1,0,0,8,8,0,0,84,0,,1,,-0.23468202045949035,-0.6204067786436727,0,0.5058089808703672,2.4643243113796296,,,,,,0.9020474353391066,30.764942524921103,48.01587301587302,-19.41001378754344,1,38.17464671580482,16.237288440898993,15.787158971715208,22.666315300124666,,,,3976604
2026-01-28,64.47717822,64.47717822,62.96075431,63.72868693,64.36566374083466,63.99353299655844,66.00443855736235,68.42887953102147,70.43843467480333,69.08326872999358,0,0,0,0,70.75354278402169,68.12592444870212,53.169345791327146,88.77086368910626,4,39,63.23293296,62.9829690940362,63.4828968259638,61.983113630180995,66.70298642674,65.86723347,65.6172696040362,66.11719733596381,67.11705279981902,63.23293296,0,4.5,3.5,-9.525691159635446,0,-0.607516332345387,4,10.754513538175397,30.264478782336223,0,2.1077450533442024,66.70298642674,63.23293296,1,1,0,0,8,8,0,0,84,0,,2,,-0.3303757683201324,-0.5986001272954173,0,0.5802179502345277,2.4609017961240855,,,,,,0.8885699776104381,21.167218558774266,25,-43.18246339305202,0,37.25472771761424,16.502685357910714,14.932034470470764,22.376061045296957,,,,3823307
2026-01-29,63.88421758,64.2536029,63.03851963,63.33013962,64.02048903388977,63.749325458007796,65.7497434204707,68.22892894627553,70.36770537077544,68.75699249744616,0,0,0,0,70.65446485368288,68.10340931395326,46.67376901153156,90.05314016419041,4,40,60.04089637,59.7979381081229,60.2838546318771,58.826105060614495,66.43589243,63.33013962,65.6242752081229,66.11019173187711,67.08202477938552,62.10065312815059,2,0,3.5,-10.001130083315504,0,-0.6537300424483787,4,10.762572807595888,23.456873778580448,0,0.3276983275391004,66.43589243,62.10065312815059,1,0,0,0,10,8,0,0,84,0,,3,,-0.2509657730189075,-0.6434747102669434,0,-0.09072787499435808,2.960393051168695,,,,,,0.848175357375325,12.932741008115661,6.349206349206349,-65.31163302734866,0,37.28264584583059,16.749125352278735,14.26526557730067,21.376889667399062,,,,3681852
2026-01-30,63.21349162,64.70075354,62.30946968,63.28153629,63.77417145259318,63.484717565866234,65.51467607471157,68.03491354799021,70.2971962256931,68.42694951450395,0,0,0,0,70.46505442370835,63.28153629,93.70693722350799,91.243779978282,4,41,63.23293296,62.98597811093555,63.47988780906445,61.99815871467774,66.43589243,65.48204449197506,65.23508964291061,65.72899934103951,66.71681873729732,61.85555071849511,0,5.5,3,-9.979999647736918,0,-0.5901262315912994,4,10.696516391900449,52.455322041793934,0,2.59396361896427,66.43589243,61.85555071849511,1,1,1,0,14,8,0,0,84,0,,4,,-0.5451553093160662,-0.5812579932354146,0,4.040965790585497,2.945027357419084,,,,,,1.582569954335145,10.184096225665726,0,-72.51539434935368,0,37.053819709529805,17.406155639784906,13.031946602812829,22.164583676036536,,,,7273763
2026-02-02,61.73595038,64.07863091,61.01662109,64.05918957,63.869177491728784,63.340418275290475,65.3760583123581,67.8790028037553,70.23512650772601,68.09937948103985,0,0,0,0,70.35673629382892,63.59339604703618,66.61209194835587,83.90794606093297,4,42,63.34107188611085,63.08441729572958,63.59772647649213,62.05779893420448,66.43589243,65.46247231094938,65.2058177205681,65.71912690133065,66.74574526285576,61.678754325529944,0,3,0,-8.793231029557043,0,-0.2862521177971324,4,10.181719728094778,41.921762638026436,0,2.9484904047876044,66.43589243,61.678754325529944,1,1,0,0,8,8,0,0,84,0,,5,,-0.30554654559545374,-0.28127438708562696,0,1.15155790635158,1.443719423758607,,,,,,1.0515272097053419,16.149773556308755,13.88888888888889,-54.211683492140786,0,35.27051175497306,18.67809741326658,11.643756920793923,24.30116447197425,,,,4869956
2026-02-03,63.51483227,65.52701015,62.60108966,63.73840759,63.825587524485854,63.27497883481169,65.22009157689543,67.71662652086293,70.1704825383954,67.77293535382033,0,0,0,0,70.28087426865031,63.624673055864676,69.05240281588272,84.85104300723947,4,43,63.35045498875941,63.08600857903037,63.61490139848845,62.028222940114205,66.43589243,65.46247231094938,65.19802590122033,65.72691872067843,66.7847043595946,61.53615055125895,0,4.5,3.5,-9.166354164482115,0,-0.33844565961590867,4,10.06168659778356,40.13949733809639,0,2.969464976827181,66.43589243,61.53615055125895,1,1,0,0,8,8,0,0,84,0,,6,,0.019345884916213908,-0.334576459453332,0,1.6659144308680771,2.217728195260598,,,,,,0.7313561076725836,20.066986410054387,22.61904761904762,-42.426749764688466,0,34.85470479439192,18.592428396688334,15.383686184667877,21.900486501629405,,,,3339524
2026-02-04,64.50634021,67.12119939,64.20499957,66.58656276,64.74591260299057,63.564441334480534,65.35023168957206,67.67231029494674,70.13482164507803,67.46649819497831,0,0,0,0,70.22234426660063,64.31329139459316,70.64285175142314,84.02431810953516,4,44,65.24398052348837,64.96821964481141,65.51974140216534,63.86517613010354,68.62721098847142,67.67231029494674,67.39654941626978,67.9480711736237,69.05111468833157,62.6077181,0,1.5,0,-5.059197131824516,0,0.5617982436500031,4,10.622275794488422,46.72875556804517,0,3.673176716904475,66.43589243,62.6077181,1,1,0,0,8,8,0,0,84,0,,7,,0.47623110538048347,0.5591482777311642,1,1.7147516422311622,1.952928376423304,,,,,,1.0355883850935383,22.995022306023184,30.555555555555557,-37.50782518143359,0,36.79664273612601,17.383818161721624,18.860401650589164,19.50177313765433,,,,4690177
2026-02-05,66.61572476,67.07259606,64.58410554,66.27550144,65.25577554866038,64.03581536925586,65.43835261818424,67.6175334771057,70.09642044900761,67.17783231279616,0,0,0,0,70.17519484707763,64.60897241237173,65.08861611165577,83.67312429826264,4,45,65.0320209552864,64.60897241237173,65.53673082,63.49584305871442,68.54527913284765,67.6175334771057,67.33925113869137,67.89581581552002,69.00894516917734,62.6077181,0,1.5,3,-5.450947401497026,0,0.42660209439659696,6,9.532571746810644,44.14564486806124,0,3.6005270083987084,66.43589243,62.6077181,1,1,0,0,8,8,0,0,84,0,,8,,0.30368780223944647,0.4271452356439113,2,0.9548016742415193,1.9648228427638303,,,,,,0.7994256126144725,25.30340973289094,34.12698412698413,-23.37361412680812,0,33.021797184543274,16.261537229252536,17.354546283829137,17.944709280546277,,,,3579234
2026-02-06,66.44075277,68.55013731,66.34354611,68.44320998,66.31825369244025,64.81918365056103,65.72452950978574,67.64991294780744,70.0799705935946,66.91904971511396,0,0,0,0,70.15773231649634,65.04549115903689,68.16739017061255,86.96945190131481,4,46,68.07967110407483,,,66.68609971724047,70.34406100289056,68.77796865919998,68.49925438183311,69.05668293656686,70.17154004603435,65.42080315999999,0,1.5,0,-2.3355612163230433,0,1.0407900507984962,6,9.09546204004098,43.80940012087768,0,2.409037334517984,68.13678719508862,65.42080315999999,1,1,0,0,8,8,0,0,84,0,,9,,0.7612285333655107,1.0344127912777525,3,1.6498264078389688,2.789481147759215,,,,,,0.7013298250907631,26.511896444343314,37.301587301587304,-15.855563568488416,1,31.507604743330088,15.8981992239336,20.82324357874671,16.637120844208184,,,,3051600
2026-02-09,67.43226071,67.6655567,65.07013885,65.20622817,65.9475785182935,65.40817437852381,65.67516747742519,67.55408217220715,70.0314756441061,66.66870084055783,0,0,0,0,70.0786252235041,65.070393694085,76.01529020234264,84.58214376247906,4,47,65.070393694085,,,63.62577958800666,67.50583517780451,66.26860654906976,65.69076090663842,66.43589243,67.59158371486268,62.6077181,0,0,3.5,-6.890112524013606,0,-0.006202991094486549,6,10.159491058772273,50.97394104683133,0,2.7671592100953775,66.43589243,62.6077181,1,1,0,0,8,8,0,0,84,0,,10,,0.14022954682850874,-0.0014660548477243552,0,2.6374450669322886,1.8594718992064303,,,,,,1.1324054321642671,27.47107908451663,42.06349206349206,-21.942768527364414,0,35.1935093856706,14.797943337627933,18.652672514224115,18.838108220055922,,,,4914024
2026-02-10,65.70198214,67.36907638,65.70198214,66.13941212,66.01152305219567,65.8788713334355,65.7193812529085,67.49860491525784,69.99274864386624,66.43297545524018,0,0,0,0,70.0221055291525,65.20263106305015,78.67940234431282,89.15538966100658,4,48,65.20263106305015,,,63.76464795517383,67.5938925683872,66.43589243,66.14829580842473,66.72348905157526,67.87387553787632,62.6077181,0,0,5,-5.505336764916314,0,0.2861130168296032,6,8.96866747845159,37.47390436618973,0,2.6621831014785844,66.43589243,62.6077181,1,1,0,0,8,8,0,0,84,0,,11,,0.5531568728355959,0.2907557327513451,1,2.4033163633826415,3.425879741914092,,,,,,1.0413856552446048,27.292645655260863,40.476190476190474,-12.152968354433867,1,31.0683754977376,13.776277157486955,17.400208362905225,17.573192685496814,,,,4477398
2026-02-11,66.29494278,66.4456131,64.86600486,65.20622817,65.74309142479711,66.14032232397143,65.67050953072675,67.40870778799282,69.94512157447453,66.20598636407374,0,0,0,0,69.96229275603594,65.20298292504332,78.66433108935749,93.92892803597539,4,49,65.20298292504332,64.92182527429486,65.48414057579177,63.79719467130102,67.50755600604,65.20622817,67.20476022499588,67.76707552649279,68.89170612948664,62.6077181,2,0,3.5,-6.775159293173514,0,-0.004277894808504916,6,9.077605391607523,22.279242241061777,0,0.7050673205930559,67.50755600604,62.6077181,1,0,1,0,14,8,0,0,84,0,,12,,0.39026974921058716,0.0033382484504945924,0,2.178549081773152,5.595526282468631,,,,,,0.9174456266815966,27.077542396719835,38.492063492063494,-13.891242693844031,1,31.445747498650807,13.353565190364098,16.527365809899255,19.34644058835214,,,,3924475
2026-02-12,65.21594884,66.28522211,62.60108966,63.05796097,64.84804793986474,65.99567039666711,65.4216953820861,67.2380902657186,69.87659261323597,65.97496517709611,0,0,0,0,69.87170654232044,64.99967176079276,63.47886926578934,95.48628150004458,4,50,62.29639953582212,,,60.82655453011498,66.2248417701,63.05796097,63.107796578332255,63.69573458061511,67.76146498826284,60.04089637,2,0,5,-9.758105523228371,0,-0.6268176300986069,6,9.608044044557847,18.826627554338707,0,0.6414504140498867,66.2248417701,62.28140707848181,1,0,0,0,8,8,0,0,84,0,,13,,0.013149715473336258,-0.6151661884723282,0,0.34894636060517126,4.4749336494265926,,,,,,0.9850545875711895,25.0016284032348,31.349206349206348,-24.88222981782303,0,33.283240893067514,14.129778216982189,14.678014941244443,24.060757824237122,,,,4200870
2026-02-13,62.87326831,64.48203855,62.45527967,63.96198291,64.55269292990982,65.71572825830086,65.28267514664932,67.10961546745513,69.81774077539282,65.74644595398301,0,0,0,0,69.79563447425116,64.91033252360134,73.17816518775524,95.5757875588542,4,51,62.20303950866612,61.91197223189194,62.49410678544031,60.74770312479521,66.57667196018,67.16206289603413,66.87099561925994,67.45313017280832,68.61739927990504,62.20303950866612,0,4,2,-8.387206174761634,0,-0.27918638971681176,6,9.448424475138355,35.405188587654614,0,3.407475716492402,66.57667196018,62.20303950866612,1,1,0,0,8,8,0,0,84,0,,14,,0.22381556215656048,-0.2680607189400965,0,2.5426233137722676,3.945602264657355,,,,,,0.9746172484559225,23.675893755197723,28.571428571428573,-27.663687904600494,0,32.730302484833864,14.916376243550724,13.765462135686992,23.012143002548513,,,,4175260
2026-02-17,64.58410554,64.84656353,62.61081033,64.2536029,64.45299625327321,65.36690320821818,65.18466826601606,66.99761497461375,69.76237621941877,65.52255399840622,0,0,0,0,69.7264191053691,64.85911359052095,77.09579953617644,96.24126470385767,4,52,62.15496363419324,61.86472479504578,62.44520247334069,60.703769438455964,66.57667196018,64.2536029,66.75981518849298,67.34029286678788,68.5012482233777,62.15496363419324,2,2.5,2,-7.896481768471306,0,-0.1484534603840749,6,9.45937219668598,31.187772072494955,0,0.4940712102906804,66.57667196018,62.15496363419324,1,0,0,0,8,8,0,0,84,0,,15,,0.12225920592029618,-0.13498777229376696,0,2.3745110784193866,4.4126988514056045,,,,,,0.9857787426492882,22.3700116572817,24.603174603174605,-31.732614048998677,0,32.768226504729064,15.363388277699933,13.940081929525592,21.429411035147464,,,,4102203
2026-02-18,64.51606088,65.79918881,63.45164794,65.04097685,64.64898978551548,65.09513147963594,65.17098336925262,66.92088406776615,69.7153971212156,65.30809387513452,0,0,0,0,69.68133538191552,64.86951621782889,86.79805949252577,93.60182631737663,4,53,64.86951621782889,,,63.417177818662125,67.38732523725382,65.53673082,65.24626314016665,65.82719849983336,66.98906921916677,62.6077181,0,4,4.5,-6.705004151504845,0,0.12065875398179308,6,9.080406876723439,55.18308283093677,0,2.0167563714354997,67.38732523725382,62.6077181,1,1,0,0,8,8,0,0,84,0,,16,,0.36692737164168465,0.13478979914403472,0,4.862499500623682,2.898734818365293,,,,,,0.7890129055882178,21.191937168934107,21.825396825396826,-32.62873131545915,0,31.455452127765632,15.06943420689541,15.862401036446116,19.88306188988099,,,,3191184
2026-02-19,64.54522288,64.97293219,63.55371494,64.44801622,64.58199859701033,64.83468075019523,65.10212935503809,66.82390885804983,69.66298537095476,65.09894538137355,0,0,0,0,69.62410776207831,64.84352151152541,82.88460406569308,95.19590444368256,4,54,62.24141603778668,61.958416925173566,62.52441515039979,60.82642047472112,66.97500325,64.44801622,66.67420766763743,67.24020589286366,68.3722023433161,62.45527967,2,2.5,2,-7.485997223898883,0,-0.048642060254507125,6,9.065786673075547,30.549550881627113,0,0.5078088774025961,66.97500325,62.45527967,1,0,0,0,8,8,0,0,84,0,,17,,-0.35845732878186864,-0.0357646903315222,0,2.2042496126640794,4.361689514723958,,,,,,0.9138328015985769,20.50218291200253,19.444444444444443,-34.716416511464445,0,31.404806256695327,14.796476855434069,15.118092012041181,18.950092009505568,,,,3666793
2026-02-20,63.91337958,66.30466344,61.21103441,62.67885499,63.94761739467355,64.39804862866927,64.87134132027255,66.66135772596945,69.5934915363184,64.8845080546825,0,0,0,0,69.43467798626483,64.5479513722889,76.86930495405193,99.72638834562888,4,55,62.22672139687556,,,60.68540279233254,65.56882506024,62.67885499,63.60172492862628,64.2182523704435,67.61107452453766,61.9356129669026,2,8,9.5,-9.935751740103301,0.15,-0.5594074355301024,6,9.430561995339623,12.938622356192504,0,0.15069118839761161,65.56882506024,62.45527967,1,0,0,0,15,8,0,1,80,0,0,18,,-0.6609167496623007,-0.5467357013941846,0,2.041261488197737,7.684634422921223,,,,,,2.17632723902638,19.77598862205856,18.253968253968253,-39.46451780880689,0,32.66842503971271,15.743641719567394,12.887686358199625,22.939698753333264,,,,9402166
2026-02-23,62.21226302,62.40667634,59.46131451,60.95829709,62.9511772931157,63.68410736434372,64.49867044119897,66.43770828926476,69.50756920351921,64.65520606547958,0,0,0,0,69.32383801718304,64.32465965041874,50.23703871683905,98.63378690379648,4,56,51.37161868,,,49.79675406149577,64.6076455938,60.95829709,63.73840759,64.6076455938,65.86753728860339,,2,7,4.5,-12.29977139394245,0.20173670444765893,-1.0124555034395146,6,9.773801271991832,4.3808939494439585,0,0,64.6076455938,,1,0,0,0,8,8,0,1,80,0,1,19,,-1.4138936355812715,-0.9975659006222958,0,-1.3591776008859604,8.14711372545924,,,,,,1.040211997400136,19.99050691105013,18.650793650793652,-40.956828233219305,0,33.85744077234234,17.30248225049733,11.712226687394855,25.80736533472632,,,,4567411
2026-02-24,61.01662109,62.43583834,60.76388377,60.97773842,62.293364335410466,62.870396717578785,64.16334358203716,66.2235918238034,69.42269526537474,64.41437381011325,0,0,0,0,69.22697291682243,64.14759673874624,66.5308060328885,99.14112613716426,4,57,60.76540426158109,60.4580012380553,61.072807285106876,59.22838914395216,64.6076455938,60.97773842,63.73840759,64.6076455938,65.83725768790315,60.76540426158109,2,0,6,-12.164547649861625,0.15,-0.8904909857495575,6,9.779697901974771,16.699532521816693,0,0.04369447813930224,64.6076455938,60.76540426158109,1,0,1,0,8,8,0,1,80,0,2,20,,-0.791430165661183,-0.8771875436120956,0,2.5376601569820654,7.349460933088911,,,,,,0.9215792222954787,19.888814218978784,18.650793650793652,-41.29260250016933,0,33.87786729779011,18.72671696515439,11.228156751414012,24.554103007468115,,,,4101454
2026-02-25,60.2389678,60.77331281,59.76265516,60.58891178,61.72521348360698,62.037778323303016,63.822921505652666,66.00262397894836,69.33479692223669,64.16242456770989,0,0,0,0,69.14509477061195,63.99885481258889,39.474216740387774,99.30490781426849,4,58,51.37161868,,,49.89014556809457,64.6076455938,64.1054635064,63.73840759,64.6076455938,65.79282408332435,60.25047591307445,0,5.5,0,-12.613991142204902,0.15594312730378673,-0.9059912796076013,4,9.703987313910464,5.364169611917809,0,2.284625850600504,64.6076455938,60.25047591307445,1,1,0,0,10,8,0,1,80,0,3,21,,-1.047545018430294,-0.8924300929522325,0,-2.1646169594697096,6.796335443734891,,,,,,0.7649780598534816,19.48003834515256,17.46031746031746,-42.050597251523584,0,33.61559812739351,20.409988686936554,10.817032862544433,26.672155932846426,,,,3381754
2026-02-26,61.52209572,62.34835234,60.76388377,61.10410708,61.51817801573799,61.3612965499225,63.56398679844765,65.81052527702882,69.25289951087115,63.90666380688748,0,0,0,0,69.0512016423149,63.855513208830764,65.57564092671903,97.8025025248727,4,59,60.46461373681403,60.173773725317304,60.75545374831076,59.01041367933041,64.18462504714,61.10410708,63.72061892897882,64.30229895197228,65.46565899795917,59.904751461909555,2,0,4.5,-11.766716611760017,0.15,-0.6400262793113801,4,9.767402310911171,43.80841406355748,0,0.27498368485583424,64.18462504714,59.904751461909555,1,0,0,0,8,8,0,1,68,0,4,0,,-0.7518687067605223,-0.6293359371772153,0,3.6390097289271273,4.165550385428711,,,,,,0.9492968931451843,19.241348691427092,17.46031746031746,-43.1322807592505,0,33.83527412092762,20.75355017837684,15.068020800471576,25.231499094161883,,,,4215176
2026-02-27,60.2681298,60.53058778,59.30578385,60.2389678,61.09177461049199,60.77579053270822,63.247318322405015,65.59203282694925,69.1632086480764,63.6437918127695,0,0,0,0,68.90799591761747,63.618749189936345,40.083787359992456,98.38524886406208,4,60,59.44577422827669,59.159652045904735,59.731896410648645,58.0151633164169,64.18462504714,60.2389678,61.93118651176771,62.67885499,63.82334371948783,59.46131451,2,5,0,-12.90316198816871,0.15,-0.8272486676353498,4,9.835537926687485,7.649273410739461,0,0.2169563983989476,64.18462504714,59.46131451,1,0,0,0,15,8,0,1,84,0,0,0,,-0.49731323850819137,-0.8150782436080013,0,-1.9159622030346153,5.904390936042885,,,,,,1.3093380125480893,18.962392341017658,17.063492063492063,-44.34497429540691,0,34.071302817586755,21.643245432153265,14.222441362202058,28.365637211393842,,,,5963226
2026-03-02,58.89751588,60.56947045,58.81975055,59.86958249,60.684377236994656,60.22502895375542,62.9256291955093,65.36762300981398,69.07073475595624,63.37455492149757,0,0,0,0,68.70294682804145,59.86958249,75.66364751241933,96.80575068051574,4,61,59.05712422367571,58.77581684093746,59.338431606413955,57.65058730998447,63.78813851986,61.73595038,61.45464299726175,62.01725776273825,63.14248729369123,59.46131451,0,7,5.5,-13.321347019785087,0.15,-0.8426151630768696,4,9.840264345771136,30.771420325127185,0,1.6171888898603983,63.78813851986,59.46131451,1,1,0,0,15,8,0,1,1108,0,1,0,,-0.762113829140334,-0.8330569950130622,0,1.9524354769127932,4.368472393238973,,,,,,1.8450868293585707,20.235576043084926,21.428571428571427,-40.63667974172353,0,34.087675613568244,22.645603391517053,13.432593348546694,28.332990224501007,,,,8518019
2026-03-03,62.80522365,65.16734551,61.53181639,64.1077929,61.82551579132977,60.19222612363983,63.03821621498461,65.31821790746834,69.02135224992682,63.127244624269224,0,0,0,1,68.50831027870451,62.67093734296297,99.94379828264482,84.1508508159799,5,0,64.1077929,62.05980255551161,62.67885499,59.17154563931749,66.30466344,65.28519229016847,64.97667683637582,65.59370774396112,66.82776955913175,61.01662109,1,6,11,-7.118897543668486,0.15,0.5821349136479654,0,12.082962034167195,89.7186799693531,0,0.44504872304476906,66.30466344,61.01662109,0,1,0,0,8,8,0,1,1108,0,2,1,,0.08073568500459118,0.5766684106945772,1,9.727887967268991,2.4759936155355478,,,,,,3.1915529998974415,21.33806127510164,25.793650793650794,-49.0210455584959,0,41.856608298206744,21.129412909163843,24.679564382328643,23.988988454661754,,,,16607093
2026-03-04,64.46745755,66.46991477,63.81617292,65.50756882,63.05286680088651,60.68112050170131,63.2733926535575,65.32564343344997,68.98638923072357,62.90926453065908,0,0,0,0,68.46571128988239,63.19142164420743,89.0239210567338,93.14289141921938,4,0,65.24506715185072,,,63.6942033552241,68.37247189126,66.30466344,65.99449068067467,66.61483619932532,67.85552723662663,62.6077181,0,5.5,9,-5.042763434231537,0.15,0.9791339774661858,4,12.25719771998167,57.60072525198158,0,2.3837975636812416,66.30466344,62.6077181,1,1,0,0,8,8,0,1,1108,0,3,2,,0.20459337646472214,0.9748829343305808,2,6.428376521367937,3.866531938759052,,,,,,1.0615423952040741,22.311710425329327,27.38095238095238,-47.45262206570601,0,42.4601784188513,20.2636635605625,26.54384033856499,22.156467571214222,,,,5646112
2026-03-05,65.04097685,65.35203816,63.24265362,63.76756959,63.291101063924344,61.347045883325976,63.32045712369488,65.26454249841271,68.93446067708453,62.70868098019053,0,0,0,0,68.40429787885265,63.27563698100373,90.55555672816435,92.26133281780756,4,1,62.8312248600435,62.522984840669984,63.13946487941701,61.29002476317592,66.30466344,63.76756959,66.05968121601717,66.6761612547642,67.90912133225825,61.01662109,2,0,4.5,-7.495367391482513,0.15,0.3620537536908215,4,11.712976003559023,50.25741255084172,0,0.664231348827722,66.30466344,61.01662109,1,0,0,0,8,8,0,1,1108,0,4,3,,-0.052645658980520114,0.34349199933223146,3,3.372337612979023,2.967883850646899,,,,,,0.9850681977777861,23.207468884637635,31.746031746031747,-42.80344122755768,0,40.574939091998566,19.185507013583997,24.80239977304576,22.364138813272756,,,,5267813
2026-03-06,63.63148027,64.86600486,62.24142501,64.81740153,63.79986788594956,62.190797596010825,63.4630232576287,65.24700755847496,68.89349491442697,62.5315562338662,0,0,0,0,68.35664653376361,63.477379136369365,93.22510782148255,95.62565481620007,4,2,64.81740153,,,59.862895549307765,66.30466344,65.0983343609952,64.78867773720194,65.40799098478846,66.64661747996152,61.01662109,1,4,0,-5.916514163623009,0.15,0.668399306851135,4,11.85267835918459,43.232202863658365,0,2.636283520109847,66.30466344,61.01662109,0,1,0,1,8,19,0,1,1108,0,5,4,,0.5749009050557644,0.6549643199674874,4,4.301281941845623,5.933393752364483,,,,,,0.9973781558848344,24.015699457716057,33.73015873015873,-41.50912508333941,0,41.05888224775965,17.912409523160097,22.92543943115382,23.558618374461826,,,,5425725
2026-03-09,63.28153629,64.36053022,61.27907907,64.11751357,63.90574978063304,62.95646627008959,63.525355668330725,65.20271367657398,68.84597271199486,62.3731372513542,0,0,0,0,68.29980321400193,63.5529570683268,94.10993357363884,95.584144984634,4,3,63.5529570683268,,,61.95730477660807,66.46991477,65.04061502432266,64.72148456597891,65.35974548266641,66.6362673160414,61.01662109,0,4.5,0,-6.868171013830462,0.15,0.3966669455088793,4,11.352075477151132,49.140066176859264,0,2.521848873471218,66.46991477,61.01662109,1,1,0,0,8,8,0,1,1108,0,6,5,,0.8203709067877101,0.381633303556532,5,4.024448302295994,3.9066864524446014,,,,,,0.9974821089971262,24.889782864724104,35.317460317460316,-36.707067945666694,0,39.324742995564925,17.155817460889594,20.655946682415433,23.918877600027816,,,,5550943
2026-03-10,63.81617292,64.41885422,62.29002834,62.9899163,63.60047195375536,63.47618105133377,63.47436144277542,65.1159373088652,68.78770349396507,62.22616623987699,0,0,0,0,68.2408313155378,63.50229078634824,88.27377901858381,96.65436598673813,4,4,61.73595038,61.42060758046652,62.051293179533474,60.15923638233261,65.56882506024,62.9899163,64.79173897119999,65.56882506024,66.94159661626783,60.04089637,2,1,4.5,-8.428522685706067,0.15,0.012552745019174893,4,10.446913262893586,40.9221707252054,0,0.7462698634451287,65.56882506024,60.04089637,1,0,0,0,15,8,0,1,1108,0,0,6,,0.5455388178031992,-0.0057804000404824965,0,2.5017107734553,4.833322141492224,,,,,,0.837428204012933,25.693956200977407,38.095238095238095,-29.00097782054368,0,36.1891691071937,16.423165338536503,19.576041566633165,22.477160677465914,,,,4649160
2026-03-11,63.06768163,63.20484023,60.96315742,61.3860064,62.86231676917024,63.633572101368394,63.275470486320614,64.96966550851755,68.71405476666193,62.08029684911999,0,0,0,0,68.16903508669886,63.335129180987664,85.80736263716432,98.1666100483049,4,5,59.652367486785636,59.339534147843835,59.965200825727436,58.088200792076634,64.18462504714,61.3860064,61.73595038,62.43583834,65.7075069415344,59.37510684332487,2,0,7.5,-10.664555295923664,0.15,-0.48962227040971473,6,10.569321769996227,15.741213454792593,0,0.4653243791937907,64.18462504714,59.37510684332487,1,0,0,0,8,8,0,1,1044,0,1,0,,0.2508000600271507,-0.5211875374277274,0,2.5866481907049916,7.4704177760057,,,,,,0.7984497819867385,25.781415024097832,38.888888888888886,-29.584380019032857,0,36.61320461435456,16.326489417715756,18.323569677190605,24.82609588418551,,,,4430907
2026-03-12,60.91941442,62.68857565,60.32645379,60.85136976,62.19200109944683,63.443772939684415,63.044603750480555,64.80816371445803,68.63581909495385,61.93181027701499,0,0,0,0,68.0760154412586,63.11530319979791,43.98932228418688,99.07779091559004,4,6,59.60018301931365,59.288604545117686,59.91176149350961,58.042290648333854,63.78813851986,60.85136976,61.73595038,62.43583834,65.18120344356767,59.20235826134866,2,0,8,-11.341671794117435,0.15,-0.6044186026264653,6,10.526441321981906,0.5040893085938691,0,0.38084869285154566,63.78813851986,59.20235826134866,1,0,0,0,10,8,0,1,1044,0,2,0,,-0.014910513937944701,-0.6532147683855963,0,-4.63720057318032,11.9698106603299,,,,,,0.9682419679225295,25.59196645211157,38.095238095238095,-29.81707555162351,0,36.46466238513032,16.499918284770697,17.083269191339106,24.97018075106732,,,,5446851
2026-03-13,61.45405106,61.9595257,60.60835311,60.8416491,61.74188376629788,63.043122010730734,62.83479854567288,64.65261412173419,68.5582651646558,61.78049512058595,0,0,0,0,68.02023391285708,62.99860600963473,36.80204600680671,99.3782147095302,4,7,58.904297196721394,58.602910286843006,59.20568410659978,57.397362647329444,63.78813851986,60.8416491,61.43456347012161,62.03733728987839,64.37062097902712,59.001011284193886,2,0,9,-11.255559116209936,0.15,-0.546046391646841,4,10.042823970726348,6.484899911396177,0,0.5215790544393748,63.78813851986,59.001011284193886,1,0,0,0,15,8,0,1,1044,0,0,1,,0.186817621983207,-0.5955772334460727,0,-0.7142803061770255,7.469520037801749,,,,,,0.5964986819286383,26.467902538382447,41.26984126984127,-23.919553404685093,0,34.789362737537296,16.660959375607426,16.399452964163043,23.97066393716873,,,,3329622
2026-03-16,61.16243108,61.55125772,60.19036447,61.13326908,61.539012204198585,62.56610031098658,62.672748120370706,64.51460059068579,68.48438460659952,61.62809902378079,0,0,0,0,67.96539784575513,62.90400202762697,52.520120477595896,99.34835095360813,4,8,58.83782558778865,58.54581548174086,59.12983569383644,57.3777750575497,63.78813851986,61.13326908,61.44394027395221,62.02796048604779,63.887338568382326,58.85847569193878,2,2,7.5,-10.734002457388117,0.15,-0.3965481146934019,4,9.928182014434066,15.72446967941751,0,0.825975305872684,63.78813851986,58.85847569193878,1,1,0,0,8,8,0,1,1044,0,1,2,,0.348746781620212,-0.43435875314927025,0,1.4596533099098554,6.46236262860571,,,,,,0.6248822563042872,27.27472831542604,46.03174603174603,-20.695089432832283,0,34.39223135158265,16.996065881616573,15.717055323134828,24.251272781196782,,,,3465894
2026-03-17,61.59986105,62.50378579,60.79304577,60.87081109,61.316278499465724,62.0285298018948,62.50113506985921,64.37170688477654,68.40862765618559,61.473032926589624,0,0,0,0,67.90459160562163,62.79788816639378,28.206135632505013,99.64860941864251,4,9,58.77969125735989,58.49326455156552,59.06611796315427,57.34755772838801,63.78813851986,60.87081109,61.44952367420562,62.022377085794375,64.79519943635502,58.71984889760919,2,0,9.5,-11.018809797018363,0.15,-0.44867544388509406,4,9.90375542254927,1.2732166357683212,0,0.5481012587321088,63.78813851986,58.71984889760919,1,0,0,0,10,8,0,1,1044,0,2,0,,-0.7491123355973511,-0.4769956489830216,0,-3.835345444940941,9.924001618369495,,,,,,0.6805327988923441,28.029477516132257,49.6031746031746,-18.299545481818896,1,34.30761515518222,16.6765097260677,17.848148114786714,22.958009280215787,,,,3763017
2026-03-18,61.05550375,61.9012017,60.60349278,61.11382775,61.24879491631048,61.52647423071126,62.369010563205954,64.24394691870687,68.3360425824922,61.316941569209234,0,0,0,0,67.85106848630053,62.72017891097145,53.132987220020155,99.61541641440846,4,10,58.78474263436687,58.50718829220067,59.06229697653308,57.39697092353584,63.78813851986,61.73595038,61.45839603783379,62.0135047221662,63.12372209083103,58.81975055,0,0,6,-10.568675854727564,0.15,-0.3211760572168737,4,9.807792083419173,16.131800811078158,0,2.1013541400506743,63.78813851986,58.81975055,1,1,0,0,8,8,0,1,1044,0,3,1,,-0.9990935480981967,-0.34076555018540744,0,2.1322091933083085,7.118389509712878,,,,,,0.6291053460492072,28.73519643266925,51.58730158730159,-15.42299604991881,1,33.97518839710764,16.47572070310473,17.10306554718187,22.60938017599514,,,,3487984
2026-03-19,60.67639777,63.30097762,60.20008513,62.39695567,61.63151516754032,61.24725756530952,62.37167200194824,64.17151588934581,68.2769471903281,61.16755646090777,0,0,0,0,67.80651728570682,62.705311289355265,76.168249722025,91.52275030541344,5,0,61.73595038,61.45053480789923,62.021365952100766,60.30887251949618,65.09201035,64.57983869574365,64.00900755154211,65.09201035,66.23367263840305,60.19036447,0,4.5,7.5,-8.61197192067932,0.15,0.15753299075763816,6,10.066403340908666,74.13563559294938,0,2.6541202913548085,65.09201035,60.19036447,1,1,0,0,8,8,0,1,1044,0,4,2,,-0.30395917281463614,0.14153186073322602,1,6.182955888105677,2.405226954574226,,,,,,0.657483539427981,29.405670249800174,52.77777777777778,-15.673100612661317,1,34.8710440718698,15.404200644487206,19.822872364084052,20.416172895715434,,,,3644593
2026-03-20,62.21226302,62.30946968,60.36533646,61.04578308,61.43627113836021,61.00502614031601,62.2453968665246,64.04893813211656,68.2049953086333,61.01779797541178,0,0,0,0,67.6593242292863,62.520485987701754,96.44619297773477,96.15295890994592,5,1,60.558235905655735,60.27506770290145,60.84140410841002,59.14239489188433,63.78813851986,61.04578308,,,64.57481530203424,60.19036447,2,1.5,6,-10.496609810230566,0.15,-0.3161871392803664,6,9.920331864525954,45.08986491337779,0,2.281260807384512,63.78813851986,60.19036447,1,0,0,0,8,8,0,1,1044,0,5,3,,-0.8688967646265602,-0.33097210825676476,0,4.1512877834648405,4.391514587571113,,,,,,1.782947175571641,30.025753460076743,53.57142857142857,-12.627031637993378,1,34.365037634606885,14.409217732913795,18.55304001013663,19.10833433374517,,,,9930406
2026-03-23,62.21226302,62.79550298,61.2693584,62.22198368,61.698175318906806,60.95782115459264,62.243167039236546,63.97729285948454,68.14546285461705,60.877197121260465,0,0,0,0,67.60866353931058,62.506784296258914,90.70650342009404,92.58085507089638,5,2,60.561871897112674,60.19036447,60.8416491,59.076106863341245,64.6076455938,64.02214779311466,63.73840759,64.57927659644403,65.69353420310279,60.19036447,0,0,4.5,-8.692404345765944,0.15,0.13013897493273585,6,9.708103218342227,49.278081612669304,0,2.2925777667067835,64.6076455938,60.19036447,1,1,0,0,8,8,0,1,1044,0,6,4,,-0.4299757589203987,0.11883269345225175,0,3.7059146777897256,3.388446395701717,,,,,,0.7721099723202219,30.98721781222633,54.76190476190476,-7.858012307055754,1,33.62985603858334,13.578965346190126,19.07038340260555,18.03669727501125,,,,4289666
2026-03-24,61.0476118,61.27459128,60.11008785,60.8995817,61.43197744593787,60.916171738133755,62.11520653073783,63.856598304210635,68.07336453467062,60.738293798618216,0,0,0,0,67.52725153837008,62.41507297945413,56.768316419128894,95.9966622296549,5,3,60.584051445,,,59.19643565914608,63.30097762,60.8995817,61.458427222829215,62.01347353717078,63.49477653736626,58.772269081787044,2,1.5,6.5,-10.538310958637751,0.15,-0.334644367583672,6,9.965535394958088,5.534489171675077,0,0.8197121031466983,63.30097762,58.772269081787044,1,1,0,0,8,8,0,1,1044,0,7,0,,-0.4827835264944599,-0.3405414976479059,0,-1.8739039654844571,6.9414726424684625,,,,,,1.0039000650771177,31.696492832008687,56.34920634920635,-8.183665284125832,1,34.52162725738677,13.124718822754348,17.774652946559847,20.540845745752105,,,,5655441
2026-03-25,61.29432862,61.84697432,59.09400927,59.60678552,60.82358013729191,60.73874407360042,61.87630929161994,63.68993897933963,67.98911996736047,60.59508020961616,0,0,0,1,67.46419603012733,62.31294971357319,42.60056234368119,97.86103440298811,4,0,58.61101772653941,58.328737606934396,58.89329784614442,57.19961712851435,62.53675829232,59.60678552,60.8416491,61.58070714994173,64.1052152768401,58.61101772653941,2,0,11,-12.32893505811602,0.15,-0.7483625070867755,6,10.177281211049895,6.266277684004237,0,0.22135897352770204,62.53675829232,58.61101772653941,1,0,0,0,10,8,0,1,1110,0,8,0,,-0.4140672647593197,-0.7464657885200131,0,-0.7907907383882162,7.679845612564406,,,,,,0.6618043154902447,32.165048022623765,57.53968253968254,-8.764930686024888,1,35.255136280909056,13.260584271881251,16.226893325782473,21.96608994579512,,,,3740113
2026-03-26,59.24164462,65.46877735,59.11335187,62.37988267,61.34234764819461,60.79014922495325,61.92426866098947,63.638564222110624,67.93330666091907,60.46653235390352,0,0,0,0,67.34265684055612,62.31968397174416,99.49224596030606,91.62369568193147,5,0,62.31968397174416,62.00082184746808,62.63854609602024,60.72537335036375,65.09201035,63.52979477109113,,,65.12410539247155,58.81975055,0,4.5,3.5,-8.174817720324317,0.15,0.30776680365950104,6,11.15583019907457,71.4140342769265,0,1.7388872287982744,63.30097762,58.81975055,1,1,1,0,1,8,0,1,1110,0,9,1,,0.421961234811909,0.30186834181768607,1,6.787117111420196,3.4397108262061433,,,,,,1.912508856110801,32.415344099303724,57.93650793650794,-16.120058715308094,1,38.64492941081675,13.24606285770039,23.48068601921563,18.056993093801974,,,,11505467
2026-03-27,61.73841891,62.37001399,60.77128895,62.15290318,61.61253282546308,60.95641083451342,61.94604337708571,63.58030300477295,67.87579020837262,60.35123122264685,0,0,0,0,67.28506236250826,62.312161698136386,76.75062330641508,95.27148737902007,5,1,61.73595038,,,60.18370686907533,63.30097762,63.42555312191493,63.115104419729995,63.736001824099866,64.9777966328396,58.88932845016859,0,3,0,-8.431411274629534,0.15,0.20883806445413283,6,11.052944688528951,28.441489096976962,0,2.9223666517659455,63.30097762,58.88932845016859,0,1,0,0,8,8,0,1,1110,0,10,2,,0.3673234163086624,0.20193930099100246,2,1.813297054970136,4.419772940060014,,,,,,0.9020551502490987,32.27013224941872,57.93650793650794,-15.718525397477734,1,38.288523547561404,13.232578687389587,22.39438727168702,17.221613370829765,,,,5401333
2026-03-30,62.68581153,64.33881428,62.48350373,63.07068978,62.098585143642055,61.30637866011646,62.05315255831564,63.560318172428914,67.8279782638117,60.25385598293782,0,0,0,0,67.24571513015647,62.34014325932673,78.9911853704556,93.4785103312195,5,2,62.34014325932673,,,60.80118896793239,65.33309005700761,63.400365337689415,63.092574479410544,63.708156195968286,64.93931962908376,59.19483605999239,0,1.5,4.5,-7.013755393546586,0.15,0.5195819967149502,6,11.095754101265465,33.95463715648727,0,2.7327187696306985,63.30097762,59.19483605999239,1,1,0,0,8,8,0,1,1110,0,11,3,,0.522072730469206,0.5099287391496481,3,1.7035191999347505,3.4504901733034306,,,,,,0.7920440849644048,31.063577516449538,55.55555555555556,-19.182758208973272,1,38.43681970336505,14.048449115948216,26.685563212212628,16.129588345248173,,,,4586928
2026-03-31,63.77136557,64.76810156,62.74502357,63.3568813,62.51801719576137,61.78566384394893,62.17731720038081,63.55234025586307,67.7834897368086,60.174490767396236,0,0,0,0,67.22241129811952,62.363798255200486,83.68490784650808,95.90380288771496,5,3,62.95615808977157,,,61.148322281950406,65.2218897635153,63.3568813,63.29743635048132,63.90517433710636,67.19905350650016,59.23094519348469,2,1.5,5.5,-6.5305112705119654,0.15,0.5779608588058659,6,8.692605716934171,24.432330788295946,0,1.0738550707162653,65.2218897635153,59.23094519348469,0,1,0,1,8,14,0,1,1110,0,12,4,,0.6621148424176774,0.5679886007451467,4,2.455046113462918,5.6832731194705675,,,,,,0.5797275169767657,29.428819612991823,53.17460317460318,-2.269023358589075,1,30.112069503787335,14.969496722946301,26.360639131066424,15.170780676272134,,,,2961822
2026-04-01,63.96873903,64.13640779,62.78449826,63.46543671,62.83382370050758,62.27600369909654,62.29999524891598,63.548932273672364,67.74052403504932,60.112110317758564,0,0,0,0,67.20097248371928,62.38780991030599,85.50642126002442,96.50890673368824,5,4,62.955508445516,,,61.21087116621663,64.78607609194609,63.46543671,63.304559512999404,63.89302888504409,66.49028527817873,61.01662109,2,1.5,7,-6.310974687525841,0.15,0.5663288270519264,6,8.380912934029178,28.08384079350584,0,0.8095663517709365,64.78607609194609,61.01662109,0,0,0,1,8,5,0,1,1110,0,13,5,,0.6258021918360174,0.5600080332860519,5,2.3236938749691327,4.9380238141502115,,,,,,0.5709161158732652,27.551911633127947,49.20634920634921,-5.099219361369965,1,29.032334031099367,15.82475521515881,25.27922591159735,14.548417815818876,,,,2836605
2026-04-02,62.94239703,64.30427392,62.1825092,63.6529415,63.10686296700505,62.7540237078684,62.42884727282874,63.553011066861686,67.699851572014,60.066393519123665,0,0,0,0,67.18275791565657,62.41226370547237,91.02623287969732,96.83659140370321,5,5,63.34427536122879,,,61.88346410826793,65.46877735,63.73840759,63.44624533940783,64.03056984059218,65.19921884296087,61.01662109,0,3.5,6.5,-5.977723699599552,0.15,0.5836747670684179,6,7.952749227290293,40.82510324998783,0,1.8632020355013663,64.76662500461963,61.01662109,1,1,0,1,8,14,0,1,1238,0,14,0,,0.3362531711406837,0.5803007562907977,6,4.190666591210654,4.962141141381863,,,,,,0.5307039372149314,24.951675953269962,35.714285714285715,-9.428447844688458,1,27.54913144304183,16.192128938982677,23.64007525926831,15.444769876040526,,,,2565093
2026-04-06,63.02134642,63.74175955,62.00487309,63.3568813,63.1902024113367,63.15749026913896,62.51723146589267,63.54531970345535,67.6566379374666,60.033693887375534,0,0,0,0,67.16252602349051,62.43080056697547,95.10904409974711,96.97645714072652,5,6,63.12503350800001,,,61.69102634185778,65.46877735,63.97164990362401,63.73840759,64.46232075013981,65.6095264830536,61.01662109,0,5,0,-6.355262053430385,0.15,0.4323352165127654,6,7.77197756893351,55.97473072702127,0,1.8041828369345998,64.46232075013981,61.01662109,1,1,0,0,8,8,0,1,1238,0,15,0,,0.606824122788448,0.42498658946233625,7,6.16342677882941,4.939124275517926,,,,,,0.5657867935689729,22.307906285587563,27.38095238095238,-17.141579573496635,1,26.922920049356968,16.405923136792506,22.36181012172669,15.162649577266095,,,,2656317
2026-04-07,63.46543671,64.0180824,62.42922603,63.17924519,63.186550004224465,63.452317461746745,62.58028039199813,63.53096384018259,67.61208676585001,60.01144228785048,0,0,0,0,67.14005055753114,62.44623566714048,93.20183204161751,98.26423047250704,5,7,63.085077088400006,,,61.68256791760722,65.46877735,63.17924519,63.60846581447544,64.16946948279255,66.26209707326845,59.7116314414287,2,1.5,3.5,-6.556285699628749,0.15,0.3389805128623924,6,7.707621208526219,17.196410801678297,0,1.1248071201185736,64.28564863457127,59.7116314414287,1,1,0,0,8,8,0,1,1238,0,16,1,,0.24454828788113822,0.319665275717041,8,2.8835341757748862,7.454867596327704,,,,,,0.6250953287377868,18.053424997694435,15.873015873015873,-32.38413318311849,0,26.699983077325683,16.743524376724594,22.11042968447756,14.395807368271488,,,,2850359
2026-04-08,64.59046544,65.38982796,63.62333548,63.63320415,63.335434719482976,63.708941612779654,62.680558845141164,63.534973264097,67.5724958940505,60.00179992167515,0,0,0,0,67.11753148348281,62.473627004081855,86.970332429265,98.65066660981468,5,8,63.28167138863194,,,61.88065471352079,65.46877735,63.63320415,63.73840759,64.38963981473898,67.63145464017785,61.01662109,2,0,4.5,-5.829726565416606,0.15,0.47066818967986723,6,7.5299422322544265,16.005455032013003,0,0.6544319988024572,64.38963981473898,61.01662109,1,0,0,0,8,8,0,1,1238,0,17,2,,0.7203233894991222,0.4696034724501356,9,1.6608382044135421,6.427737497139649,,,,,,0.7270308800362222,12.621530827550535,5.555555555555555,-51.6128809749862,0,26.084485048646545,17.699830534483098,24.92399939777652,13.381775778433374,,,,3264851
2026-04-09,63.17924519,64.00821373,62.91279101,63.68254751,63.45113898298865,63.91679365118962,62.77598633703248,63.540760489426525,67.53378993998035,60.00344487813992,0,0,0,0,67.09916910643818,62.496533677916645,90.43637879191576,97.79275477804015,5,9,63.282013572079045,,,61.93216671661868,65.46877735,64.37147931220845,63.83154057002431,64.58977990607343,65.66965739044171,62.00487309,0,1.5,4.5,-5.702689621599923,0.16312930720719193,0.44897942274594854,6,7.004785780451411,34.878221374420086,0,1.823021249464674,64.58977990607343,62.00487309,1,1,0,0,8,8,0,1,1238,0,18,3,,1.1050344576575355,0.4422663630689976,10,3.3958201160886077,4.855253628660605,,,,,,0.6202151734410412,16.006133242956157,13.88888888888889,-34.0369168583609,0,24.265289735755708,18.03157177920604,24.02104262692573,15.246926044971959,,,,2732509
2026-04-10,64.29440525,64.80757625,61.29926296,61.55091412,62.81773069532577,63.81860197424892,62.659312792553195,63.46272729846862,67.47425883729397,60.00249614176757,0,0,0,0,67.06907207112123,62.47859913818674,87.04204236210172,98.84674707566447,5,10,59.79216089376162,59.51015082337255,60.07417096415069,58.38211054181628,64.18462504714,61.55091412,61.72286301961093,62.28688316038907,66.06307524622507,59.79216089376162,2,0,7,-8.778673259053356,0.15,-0.39644039098749057,6,7.8149820974748465,7.27105909509649,0,0.38978067871210514,64.18462504714,59.79216089376162,1,0,0,0,8,8,1,1,1238,0,19,0,,-0.2765492689326751,-0.4786715530917746,0,1.9263277400068475,9.4689111756926,,,,,,0.6524910022976383,18.137246883546425,17.063492063492063,-33.00340141561063,0,27.071892106135248,17.223965322494884,21.352908959766424,18.66188172038864,,,,2787963
2026-04-13,59.26138197,60.51470345,58.98505912,60.05087581,61.89544573355052,63.35157424835887,62.41089022278622,63.32892920088162,67.4003943295597,59.989523005569865,0,0,0,0,66.99461420219656,62.39087104136612,88.78800641202605,88.16324512373482,5,11,59.25153650031351,58.96676058673795,59.53631241388908,57.8276569324357,62.53675829232,63.21243081374055,62.64287898658943,63.73840759,64.87751124430226,59.64166619177903,0,6.5,1.5,-10.904266351356394,0,-0.9965828834533751,6,8.212438244706041,41.54543770954421,0,2.3072329051696916,62.53675829232,59.64166619177903,1,1,0,0,8,8,0,1,1238,0,20,0,,-0.6466851968530405,-1.0819060373918739,0,2.760687456772474,3.28166612059681,,,,,,1.2577005326627269,19.951998539973037,21.825396825396826,-29.866798478819007,0,28.44872058770526,16.768940723771973,19.63512761438163,24.416302901374028,,,,5511083
2026-04-14,60.11008785,61.59038882,60.07061316,61.24498526,61.678625575700345,62.780884515528996,62.29985165490182,63.24720590908234,67.3391464781213,59.97164636052063,0,0,0,0,66.96158498902606,62.36875575875401,86.59528150689988,93.2047544616333,5,12,59.44142939658919,58.88506853905601,59.655801412654434,57.772346823989636,63.78813851986,63.29333025685878,62.905738266400014,63.78813851986,64.90086023492637,59.655801412654434,0,0,0,-9.049953165208748,0,-0.4275115317080098,6,8.447657362354109,34.54083589387975,0,2.2628062268406457,63.78813851986,59.655801412654434,1,1,0,0,8,8,0,1,1238,0,21,1,,-0.5804341277891533,-0.4865280434771253,0,2.001320902050008,3.4446634195223282,,,,,,0.6885903836824455,21.322362019870518,27.77777777777778,-27.136773404240333,0,29.263543513061208,15.74329916189667,22.117458022831514,23.20982694170672,,,,3001320
2026-04-15,61.48183341,62.71541755,61.08708649,62.55751878,61.97158997713356,62.351060096425535,62.32439138110165,63.22015935500068,67.29156809306537,59.957211935584525,0,0,0,0,66.93712063571841,62.37223299316017,90.95823824870519,81.72302519810849,5,13,62.228972169753504,61.95612310143453,62.50182123807248,60.86472682815861,64.65671003211827,63.27711966622402,,,64.82980386327591,59.80527243388169,0,1.5,0,-7.035130027759337,0,0.1409648961477997,6,8.689027019144348,63.819982786298645,0,1.7795463824172384,64.65671003211827,59.80527243388169,1,1,0,0,8,8,0,1,214,0,22,2,,-0.3104377303704023,0.11352930451255276,1,3.7689459350649415,1.3950863152301742,,,,,,0.6761293178594435,22.33830452958476,30.555555555555557,-25.78555628276988,0,30.09967253099352,15.024616443194244,24.620422443143394,21.973099175377296,,,,2918455
2026-04-16,62.89305367,64.26479923,62.71393725,63.82070894,62.58796296475571,62.23917216908832,62.466897815282444,63.2437103191183,67.25703218109456,59.95341779761798,0,0,0,0,66.9195914762785,62.398903622184264,94.76158402583445,46.395411899175926,5,14,63.82070894,62.444802083466456,62.98200893266599,60.56510985320187,64.82939624640896,64.76810156,64.49949813540024,65.03670498459977,66.11111868299884,61.01662109,1,3,5,-5.109240074468347,0,0.6548415955657744,6,8.88453381602002,91.02165899122922,0,0.3098315485156981,64.82939624640896,61.01662109,0,1,0,0,8,10,0,1,214,0,23,3,,0.0020230503461152174,0.6445159361178742,2,5.389335668022576,-2.5284459096337013,,,,,,0.6926440251978649,22.821817426368753,33.73015873015873,-25.847643177675522,0,30.776927941820947,15.063942313988802,28.373439495949334,20.726098711511984,,,,2971865
2026-04-17,64.13650648,65.1924545,63.87992098,64.86678829,63.34757140650381,62.47557774086364,62.69545881287459,63.307360435623465,67.23324865979014,59.96586897791225,0,0,0,0,66.90097565019074,62.470685130311836,96.6189200862974,25.72528573463675,5,15,64.86678829,62.702200830368355,63.225531218196494,61.65554005471208,65.18351102672911,65.41753233777199,65.15586714385792,65.67919753168606,66.72585830734234,62.6077181,1,0,0,-3.5197769213336114,0,1.032644451702178,6,8.79613850680949,93.25503028854688,0,0.09862916645579937,65.18351102672911,62.6077181,0,1,0,0,8,10,1,1,214,0,24,4,,0.25079629183622293,1.030271587128345,3,5.308193462581338,-3.66051556954483,,,,,,1.1115038571232985,22.345224721480328,30.952380952380953,-26.666562275809536,0,30.470717608414148,15.482477425836846,30.210724200446897,19.755974943180693,,,,4835197
2026-04-20,64.83718227,66.51979103,64.03781975,66.06089773,64.25201351433587,63.02859944702641,63.015976804981776,63.4153422903049,67.22158347640914,60.000405497085794,0,0,0,0,66.89694188302693,62.525397459785886,97.99531217951211,40.92137171315231,5,16,66.06089773,65.27354138196706,65.80381194352175,61.9167375037812,67.79219724462499,68.17268213829996,67.90754685752262,68.4378174190773,69.49835854218671,63.6117570372,1,5,0,-1.7266563600312634,0,1.4377201515402638,6,8.564577514330535,83.82958036975535,0,0.41776847904470665,,67.79219724462499,0,1,0,0,8,10,0,1,214,0,25,0,,0.6882365829220589,1.4355829266431857,4,6.501482303901645,0.5779071752582419,,,,,,0.6460002803191995,22.817044678832993,34.12698412698413,-23.093539258686533,0,29.6685668003649,16.373448680397846,32.15553674970908,18.10473694546294,,,,2572532
2026-04-21,64.94573767,67.30928488,64.46335693,65.71549417,64.73984039955725,63.694956889990486,63.273073696888275,63.50554432480275,67.20659751316128,60.05297295483555,0,0,0,0,66.89107401874259,62.575145906425014,97.429404876811,57.193743616501,3,0,65.71549417,65.21087779085947,65.75409202569598,62.29049999065398,67.79219724462499,66.38654304518977,,,67.9775024884156,63.242653625,1,3,7.5,-2.2186859599152857,0,1.1451321895424211,6,8.457088852725082,69.84039049547948,0,0.606337694571358,66.19124073284675,63.242653625,0,1,1,0,15,8,0,1,214,0,0,0,,0.6406067644206703,1.1304992093372828,5,4.6735925918829135,1.257868947670182,,,,,,0.6854389318908007,23.232370563818165,36.507936507936506,-20.69838905256689,0,29.29621515408845,17.478130912100518,31.742553286201446,16.41095713854864,,,,2674222
2026-04-22,62.87331632,63.71215353,62.01474176,62.6956802,64.0584536663715,64.04242428816927,63.21808384004177,63.473784947359505,67.16171276377659,60.10361234048097,0,0,0,0,66.85370883463904,62.57845353089717,97.18798823748249,46.76647782547191,2,0,61.425088540000004,61.13983949873663,61.71033758126338,59.99884333368311,65.09201035,63.17125712968907,,,64.87940375505352,59.859136445808375,0,1,3.5,-6.649670444654489,0,-0.28446315148040935,6,9.541281236162753,76.26909804425765,0,2.5710318210073977,65.09201035,59.859136445808375,1,1,0,0,8,10,0,1,214,0,1,1,,-0.37205045204664094,-0.2967350234047636,0,4.170526657303124,-0.3075618932129731,,,,,,1.253296112783125,23.6115709397347,37.301587301587304,-28.562283719412406,0,33.05196774067494,17.067277045585975,28.06558679688708,22.174361629748358,,,,4838509
2026-04-23,62.41935736,62.68581153,60.17916856,60.69233957,62.93641563424767,63.9214223775485,62.97753676670446,63.36470865805129,67.0973408912017,60.14049099268348,0,0,0,0,66.8222464388804,62.549090376305415,97.13602077358917,48.73036919441756,2,1,58.74245104,58.45510807632686,59.02979400367314,57.30573622163431,63.06451771500001,62.994191954265126,62.6249565874,63.5688778816114,64.71824973630395,60.119077181568045,0,0,5,-9.545834806758439,0,-1.1448219287175208,6,9.876639776912857,66.82733718958809,0,3.008298250808404,63.06451771500001,60.119077181568045,1,1,0,0,8,10,0,1,214,0,2,2,,-0.9695654040526196,-1.140896129647335,0,4.233843466745647,1.2013840481904856,,,,,,0.7312797408577894,23.983602203893525,38.888888888888886,-29.900555749118503,0,34.21368380333762,15.88568785845616,25.870991313852283,26.144085251505686,,,,2788400
2026-04-24,60.57391549,60.7910263,59.45875543,59.65612889,61.84298671949845,63.39228463259481,62.66121220701832,63.2192741573434,67.02329898074198,60.15885305846667,0,0,0,0,66.7818450418369,62.499933102711246,78.64920038869559,46.89565300155964,4,0,59.21522620178384,58.93651245989093,59.49393994367676,57.821657492319275,62.06275266406001,62.7611477191428,62.48243397724988,63.03986146103571,64.15471642860736,59.63757867213665,0,0,2,-10.991953847062673,0,-1.4977690232907817,6,8.835954881203008,17.31102410409339,0,2.043334098230601,62.06275266406001,59.63757867213665,1,1,0,0,8,10,0,1,214,0,3,3,,-0.6611933092604704,-1.4819237577567796,0,0.9896473976157019,5.053185920827476,,,,,,0.9125979036310738,24.36130755315759,40.476190476190474,-20.410370680209606,0,30.608645575259665,15.103221031840382,24.766838464121268,27.336114416060006,,,,3096053
2026-04-27,59.54757349,59.97192643,58.42254475,58.49162546,60.72586629966563,62.523614975665375,62.26410870730229,63.033876169212284,66.93840670690375,60.154239825487856,0,0,0,0,66.72700279200008,62.42106612896863,44.61442686128479,33.88164650227708,4,1,58.42254475,58.14990536752801,58.695184132471994,57.05934783764005,62.06275266406001,58.89751588,,,60.26071279235995,52.580290275,0,0,5.5,-12.618736630360491,0,-1.873102469102413,4,9.007010471097358,3.389554540228083,0,2.670346360862947,62.06275266406001,52.580290275,1,1,1,0,10,8,0,1,214,0,4,0,,-0.5638487190083264,-1.8438484598855323,0,-2.405887450545773,7.351826379474077,,,,,,1.106393312694703,25.714759990298454,45.23809523809524,-17.58406604396543,1,31.20119952049102,14.812642739142126,23.510165198508894,29.342525666474884,,,,3657023
2026-04-28,59.03440248,59.8732397,57.79094967,58.33372669,59.92848642977709,61.494366199959316,61.88978661041636,62.84955658179219,66.85278800026789,60.12864660345687,0,0,1,0,66.68469757482833,62.36039422372936,35.17822622424652,41.3819517900833,4,2,58.09697234270592,,,56.73818726203239,61.426953720220006,58.89751588,58.62575886386529,59.16927289613471,60.25630096067353,52.011854703000004,0,12.5,5,-12.743015759094082,0,-1.7575266933726272,4,8.813722886644749,12.492865816219094,0,5.0675130857242605,61.426953720220006,58.24801617024693,1,1,0,0,10,8,0,1,214,0,5,1,,-0.9688763916695018,-1.7308859952120361,0,-0.9725603709350406,4.355997519093593,,,,,,0.8707927623336413,28.401604033955497,57.53968253968254,-6.976461903128232,1,30.531631687002665,14.799807507751986,21.901750206637146,29.410202304958847,,,,2800499
2026-04-29,58.30412067,58.87650371,57.41100576,57.95871712,59.27189665985139,60.38949989193246,61.515399039900515,62.657758955839554,66.76428978255379,60.08206576347485,0,0,1,0,66.63278188329207,62.28415291183564,23.874664806072424,42.69746189191155,4,3,57.41100576,,,56.08385274089244,61.426953720220006,58.89751588,58.632085276178486,59.162946483821514,60.22466889910756,57.56424981915685,0,13.5,3.5,-13.18904565784024,0.057040442856836876,-1.7505379157680743,4,8.771551286268839,9.189365582010595,0,1.004606131808146,61.426953720220006,57.56424981915685,1,1,0,0,10,8,0,1,214,0,6,2,,-1.456323542854695,-1.7232649721123672,0,-2.1459000728705915,4.221105905284043,,,,,,1.0282060124208807,31.71269985483283,65.07936507936508,4.36771786639008,2,30.38554497802753,14.943563565069937,20.822070300022144,29.23843962031796,,,,3325439
2026-04-30,57.87976773,59.86337102,57.87976773,59.69560358,59.41313229990093,59.496225624919056,61.342085186576654,62.541595999924276,66.69395459645872,60.02658996170864,0,0,1,0,66.59324851379222,62.24166940131261,50.32261716336363,93.7223429294158,4,4,58.98505912,58.72087710136217,59.249241138637835,57.66414902681084,62.06275266406001,62.2673442630709,62.00316224443307,62.531526281708736,63.588254356260066,57.41100576,0,10,0,-10.493231446243136,0.035173228877063895,-0.8061688034868448,4,9.394606919086323,33.837527403353114,0,3.676509497588829,62.06275266406001,57.41100576,1,1,0,0,8,8,0,1,214,0,7,0,,-1.2813858310165112,-0.7941527205174519,0,2.03386843661798,3.2656846539705553,,,,,,0.9849228015896998,34.661259178423144,71.03174603174604,6.506251349685199,2,32.54387300199125,14.5209127758838,22.761480029187098,27.278296716479286,,,,3203521
2026-05-01,60.05087581,60.47522876,59.17256391,59.26138197,59.36254885660062,58.78768437472295,61.14392297547411,62.41296015561352,66.6199986499268,59.960329160108735,0,0,0,0,66.56221592536959,62.2056279232647,47.75612771746981,89.06278275845906,4,5,57.41100576,57.154062949389875,57.66794857061013,56.12629170694935,61.426953720220006,59.65612889,59.39918607938987,59.913071700610125,60.94084294305065,57.41100576,0,0,3.5,-11.045657203619417,0.08632993872551845,-0.9183683879083326,4,9.38150386458274,29.216451381104676,0,1.7475664134511362,61.426953720220006,57.41100576,1,1,0,0,10,8,0,1,214,0,8,1,,-1.6906395098041476,-0.9044628298948154,0,0.18265141341787228,2.0713883551941352,,,,,,0.7366160448619025,37.20753060118712,75,14.49005467862731,2,32.49848268972215,13.796639195577084,23.85730455044918,26.043500043519238,,,,2389418
2026-05-04,58.66926158,58.66926158,56.76460767,56.88303175,58.53604315440041,58.02143146613897,60.73812381114325,62.196100218138476,66.52311340714145,59.870574472926094,0,0,0,0,66.51229895842674,62.127943468053175,26.90279612748122,34.22568470062554,4,6,56.76460767,56.50372528961202,57.02549005038797,55.46019576806011,60.79267436422,59.65612889,59.39524650961202,59.917011270387974,60.960540791939884,56.25953448519056,0,0,4,-14.491326643329593,0.208418152289999,-1.8869125744609525,4,10.098749888166868,9.069739341915678,0,2.6039277928682782,60.79267436422,56.25953448519056,1,1,1,0,10,6,0,1,214,0,9,0,,-2.667345218319992,-1.8563353791813864,0,-3.2170648844776295,3.1069742231634696,,,,,,0.8984377092665449,40.54524770803314,82.93650793650794,15.899541714673433,2,34.98309579847106,14.168798865347634,21.818677001258198,32.0591722262111,,,,2926467
2026-05-05,57.25804133,57.54916718,55.93563913,56.51789084,57.86332571626694,57.26438675517878,60.33619686151056,61.97342534056442,66.42355895373706,59.758761604756124,0,0,1,0,66.44891678646863,62.02841055087059,23.295612954240447,30.40894706736837,4,7,55.93563913,55.67898470490759,56.192293555092405,54.65236700453796,60.2803718065,59.79484953811111,59.65612889,60.2803718065,61.306989506869634,55.56139124611963,0,10.5,3.5,-14.912883726444404,0.2050045874012093,-1.859768855856004,4,10.095515318206656,27.982746850438897,0,2.799647109035261,60.2803718065,55.56139124611963,1,1,0,0,10,6,0,1,214,0,10,1,,-2.6400366992096744,-1.8302956466562712,0,-1.4345100740543129,0.6303165995468403,,,,,,1.0988537066214574,45.1421330356408,84.92063492063492,29.081190203923423,3,34.97189091944762,14.82484206100331,20.593953212272552,33.143470706759864,,,,3621656
2026-05-06,57.07053654,58.23503996,56.99652149,57.91924242,57.881964617511294,56.75082399711904,60.106010724223836,61.81443777505209,66.33893888872475,59.637908560967794,0,0,0,0,66.40608343449327,61.97119811439177,50.91573671407036,73.23901506420665,4,8,55.93563913,55.68198547527133,56.189292784728664,54.667370856356676,60.2803718065,59.79484953811111,59.65612889,60.2803718065,61.294986425414656,55.93563913,0,5,2,-12.69193720877528,0.0523546066182525,-1.0458879689222513,4,10.466612406616788,51.13114904697342,0,2.5725721704290128,60.2803718065,55.93563913,1,1,0,0,8,8,0,1,214,0,11,2,,-1.41883685294602,-1.030977453009335,0,2.1695623043041365,1.1302718029935885,,,,,,0.8796175431003838,47.94518866853165,86.11111111111111,32.23556251411704,3,36.25740894278207,15.031936035477914,21.763446842973362,31.14016674650006,,,,2882260
2026-05-07,57.9291111,58.83702902,57.22350097,57.77121233,57.845047188340864,56.47905740117877,59.883648972393,61.65587991446181,66.25368787819018,59.511298414024644,0,0,0,0,66.35638188523909,61.90484822682397,40.04590280156543,86.20155708330276,4,9,55.93563913,55.68569709301981,56.185581166980185,54.68592894509906,60.2803718065,59.79484953811111,59.65612889,60.2803718065,61.280139954420754,55.93563913,0,5.5,4,-12.803023982280838,0,-1.0051974366137357,4,10.453573873404057,12.119163733105367,0,2.598286749671293,60.2803718065,55.93563913,1,1,0,0,10,8,0,1,214,0,12,0,,-0.8791789101410813,-0.9906035917616528,0,-0.7424641852933336,4.540540831119485,,,,,,1.0050113660276778,49.053743798021834,86.11111111111111,35.461769006107644,3,36.21224213882082,14.87652061997312,22.659475090920665,29.34526729078797,,,,3322803
2026-05-08,58.0376665,58.6988676,57.23830398,58.61991821,58.10333752889391,56.51792373853722,59.763293661688905,61.53682259271821,66.177729971044,59.387880497331494,0,0,0,0,66.32530344729516,61.86888256340063,60.402048418873925,84.77889663045718,4,10,55.93563913,55.69050934905411,56.180768910945886,54.70999022527055,60.47522876,60.545772227604445,60.30064244665856,60.79090200855033,61.77142113233389,55.93563913,0,5.5,0,-11.420475988449457,0,-0.5238198132686585,4,10.15246529771125,45.795358215345516,0,3.7613814851995495,60.47522876,55.93563913,1,1,0,0,8,8,0,1,214,0,13,1,,-0.29243853002946285,-0.5106525515914868,0,2.3524988335881467,1.9681170993340196,,,,,,0.7091705168848408,49.13104524438371,86.5079365079365,39.69918323093085,3,35.169171435431544,14.732206305575811,21.454005597286223,27.78411795437781,,,,2328388
2026-05-11,59.2120386,59.23671028,56.78927935,56.8632944,57.68998981926261,56.558684348572285,59.48710325581377,61.35354697731749,66.08504902008833,59.258821039111176,0,0,0,0,66.26314706356638,61.780267452870504,44.89978466895666,72.07350250896232,4,11,55.93563913,55.68616655724667,56.185111702753325,54.688276266233366,60.2803718065,60.429913189418606,60.18044061666528,60.67938576217193,61.67727605318524,55.93563913,0,0,5.5,-13.954373578939364,0,-1.2537968401205988,4,10.299908367465784,13.317618355653778,0,3.6030205724157556,60.2803718065,55.93563913,1,1,0,0,10,8,0,1,214,0,14,0,,-0.48510292680830497,-1.2437358172065511,0,-0.728206546715005,4.212281527871773,,,,,,1.1979633772098357,48.426359900463304,86.11111111111111,35.72437213480419,3,35.67992921150909,14.266992265934359,21.49971170704847,25.35042250649509,,,,3832687
2026-05-12,56.89290042,57.40113709,56.32051738,56.44881013,57.27626325617507,56.510081774040245,59.197742005736266,61.16120435585406,65.9891660460576,59.12350415559362,0,0,0,0,66.21625925274333,61.71217599290142,59.55213446185607,60.8162858282606,4,12,55.93563913,55.69433763646119,56.176940623538805,54.72913166230598,60.2803718065,60.429913189418606,60.1886116958798,60.67121468295741,61.63642065711262,55.93563913,0,0,3.5,-14.457457924833978,0,-1.3123778834205684,4,10.032440649520185,48.44893066454288,0,3.7250279668873154,60.2803718065,55.93563913,1,1,0,0,8,8,0,1,214,0,15,1,,-0.5644903667393758,-1.3100561811079348,0,1.8488318860668551,1.1666893027376903,,,,,,0.8781792682706374,46.63838308972322,85.31746031746032,34.198067908372835,3,34.75339385777653,14.078438729191806,20.640050185050207,26.071291245704046,,,,2800785
2026-05-13,55.95537648,56.241568,54.37638878,54.79087305,56.44779985411672,56.22263765860043,58.77804020042805,60.911387441899,65.8777402451018,58.973519453418724,0,0,0,0,66.1586031105963,54.79087305,63.62859212914662,28.87668738781053,4,13,54.37638878,54.13381934537468,54.618958214625316,53.163541606873416,59.316755090200004,55.93563913,,,57.14848630312658,53.24025847707679,0,0,1.5,-16.829458864029785,0,-1.9298208070204919,4,9.976236823612275,33.24316777446298,0,4.073362596430264,59.316755090200004,53.24025847707679,1,1,0,0,8,8,0,1,214,0,16,2,,-0.98862746890966,-1.9399370696800606,0,1.4269998538221325,2.7377842381313684,,,,,,0.9314983968247783,46.8749124386425,85.71428571428571,35.638536820996954,3,34.55869809367202,14.801315122505706,19.065579032129104,31.238521566535944,,,,2973395
2026-05-14,55.0671959,56.52775952,55.0671959,55.93563913,56.27707961274448,55.91137586398312,58.50733533657776,60.716260057118646,65.77881386584706,58.81783998673014,0,0,0,0,66.10605143029605,55.37002571442819,65.56214794974781,65.05549684905563,4,14,54.37638878,54.13563781865149,54.61713974134851,53.172633973257454,59.23671028,59.27425943981396,59.03350847846545,59.51501040116247,60.478014246556505,54.37638878,0,3,0,-14.964050212157629,0.01779545990314982,-1.2178740368176884,4,9.995695826799679,45.453545505284644,0,4.037634136766116,59.23671028,54.37638878,1,1,0,0,8,8,0,1,214,0,17,3,,-1.1423636792251985,-1.2133323156216622,0,1.414255567633976,1.1228838398596965,,,,,,0.9527109502945699,45.656247272635184,85.31746031746032,31.8549859348992,3,34.626106058042474,15.276903987171567,18.89885390558429,29.226299759915307,,,,3044570
2026-05-15,55.66918496,56.15274994,55.27443803,55.54089221,56.03168381182965,55.62646641756753,58.22481694357035,60.513304455270855,65.6769439986247,58.65520828121338,0,0,0,0,66.03074860520418,55.44076497158699,73.50192523426242,61.25251229620372,4,15,55.44076497158699,55.20936843685266,55.672161506321316,54.28378229791534,59.23671028,58.80110095761728,58.56970442288295,59.03249749235161,59.95808363128893,54.37638878,0,2,0,-15.433196448417185,0.016348144041809842,-1.2788286866325873,4,9.702951858321025,49.713999700273476,0,3.280900738441219,59.23671028,54.37638878,1,1,1,0,14,8,0,1,214,0,18,4,,-1.1307851523344787,-1.2708722507751817,0,2.4119606202159654,1.5934408542249923,,,,,,1.3426922896489255,45.50910408888674,85.31746031746032,35.395361535082195,3,33.61201120401374,15.71852221864701,18.25836831132374,28.2358151483466,,,,4251654
2026-05-18,55.73826567,57.62318223,55.36325609,57.1198799,56.39441584121977,55.58256150281515,58.119584844182704,60.380228982515135,65.59179908222046,58.49641663637825,0,0,0,0,65.96262942249739,55.95983443077282,74.98017152753994,78.340885748322,4,16,55.94209121020609,55.707045087417065,56.17713733299511,54.76686059626098,59.23671028,58.80015097115152,58.61991821,59.270243216729554,60.210427707885636,54.37638878,0,0,0,-12.91612564491601,0,-0.405291499812177,4,10.022481416740161,47.511435336266416,0,3.1368043419591167,59.23671028,54.37638878,1,1,0,0,8,8,0,1,214,0,19,5,,0.1794210955972671,-0.38956914233209283,0,2.010638297613811,1.4683691206461722,,,,,,1.406272796884937,46.592911313809346,86.11111111111111,34.20044782734865,3,34.71889406341772,15.120883806414248,22.276601897183212,25.811866241882033,,,,4595204
2026-05-19,57.30245036,58.94558443,57.0113245,58.51136281,57.10006483081318,55.859165457568835,58.156897031403396,60.306940113004735,65.52134698000931,58.3510989743882,0,0,0,0,65.90423515125845,56.57752692141797,82.63905515890391,80.49825625059168,4,17,58.51136281,55.93563913,56.57752692141797,54.993529962140784,59.23671028,58.755579570466665,58.61991821,59.22663415439627,60.16874332225549,54.37638878,1,0,0,-10.698779089734023,0,0.3046106852014773,4,10.500900569521955,52.376163362014324,0,0.2061915677549622,59.23671028,54.37638878,0,1,0,0,8,8,0,1,214,0,20,6,,0.7924999811516965,0.31995384215928757,1,3.4143683668474303,1.9018863412839933,,,,,,1.4083487636583378,46.76031712286664,86.9047619047619,28.546506556953066,3,36.37618662328197,14.291094018598649,25.656233041215756,23.919195887597454,,,,4748019
2026-05-20,57.94884844,60.2383806,56.26130534,60.17916856,58.12643274054212,56.47104924979696,58.34949431984117,60.301929463867296,65.46819097583011,58.229406969225565,0,0,0,0,65.86549044330813,57.20378779743008,90.19886699166096,83.2948452564401,4,18,58.683178935128204,58.61991821,59.19160596413427,57.60306415198787,60.97066788096978,60.61547539690619,,,61.886542969421356,54.74840602103014,0,7.5,0,-8.07876670638836,0,1.082683259244755,4,10.075910521751855,57.075053580499045,0,2.1178202368371597,59.23671028,54.74840602103014,1,1,0,0,8,8,0,1,214,0,21,0,,0.8643021696432059,1.0822917675361439,2,5.133915304436038,2.250540040137118,,,,,,1.2375160698940884,45.41315023462564,85.31746031746032,30.108809799907775,3,34.90397791238409,14.183760535283794,26.613065366096706,20.5780631678657,,,,4128129
2026-05-21,59.43901808,60.60490312,59.07387718,60.34693601,58.86660049702808,57.28145614082079,58.53972686176106,60.30369442646074,65.41723321497608,58.13030786827554,0,0,0,0,65.83049690611963,57.64655299254778,94.69856834719562,78.83147656848287,4,19,60.30369442646074,60.053969145672205,60.55341970724927,59.055068022518086,62.53675829232,60.72743067721822,,,61.976057081160874,54.790968802083704,0,7.5,0,-7.750705671568095,0,1.0668551516763003,4,9.56011053253123,63.77620735189888,0,1.7884163419964227,60.89356474391624,54.790968802083704,1,1,1,0,14,8,0,1,214,0,22,0,,0.9700139249615665,1.063279799758153,3,6.524138115990015,1.240253107152328,,,,,,1.1479282756894413,42.43040954114864,83.73015873015873,28.121993396671087,3,33.117194336636885,14.261872514360165,26.4667245048552,19.451627192562608,,,,3892661
2026-05-22,60.39627937,61.51143943,60.3864107,60.82063232,59.51794443801872,58.190251994349794,58.756955953021915,60.32396650071718,65.37149589263801,58.05432138083342,0,0,0,0,65.78599156513229,58.17361766167116,98.8543718320234,91.29393711427788,4,20,60.82063232,60.213292768930955,60.69786299432394,58.44812979842806,63.06451771500001,61.12740559927048,,,62.338831162752946,58.81975055,1,5,9.5,-6.961541128127245,0,1.19317763512082,4,9.420443726614089,57.77159842735493,0,0.9457884131196984,61.12740559927048,58.81975055,0,1,0,0,8,8,0,1,214,0,23,1,,0.829588801184243,1.1843715341967211,4,6.043592894237612,2.953419617111007,,,,,,1.5670110655897702,42.71179007986958,84.12698412698413,30.88376840740765,3,32.63337432867819,14.76192471552579,28.67166216560742,18.61688579244821,,,,5502316
2026-05-26,61.67920688,62.4785694,61.04267746,62.38975134,60.47521340534581,59.27152192131084,59.10293646606745,60.40497767088513,65.34182679261176,58.009389990505206,0,0,0,0,65.7583181391632,58.73486200713705,97.30464690290808,91.02434148417332,4,21,62.38975134,60.271046429700874,60.750610515422935,59.12442111711177,,62.53651673039995,62.29673468753892,62.77629877326098,63.7354269447051,59.316755090200004,1,0.5,0,-4.517895500505889,0.12142230872076196,1.8071337729319967,4,9.45980003079479,49.62679844314057,0,0,,59.316755090200004,0,1,0,1,10,19,0,1,214,0,24,2,,1.9713784697660957,1.7919177468285028,5,5.17978009742898,4.4483871615374575,,,,,,1.420172532048413,41.115109300252115,82.93650793650794,25.466814018197876,3,32.76970856555641,15.648470182015933,30.502833528702194,17.46756728378364,,,,5088352
2026-05-27,62.81410428,63.78123425,62.4785694,63.69241619,61.54761433356388,60.52513861158745,59.54002977310864,60.53389682849748,65.32541474681463,58.0007971232926,0,0,0,0,65.735546356866,59.49850935115267,99.07699126670366,97.98118061435626,4,22,63.69241619,62.28775800186115,62.75791541913877,60.5979397308895,66.15657361734631,63.73840759,,,64.91380113319406,61.01662109,1,3,0,-2.4997905687146895,0.19138329185120795,2.2166817677530717,4,9.592973172062853,51.86371802512058,0,0.7963083448547617,,61.01662109,0,1,0,0,16,8,0,1,214,0,25,3,,2.5310663348096636,2.1908099819387616,6,6.334685093490567,4.996350063581997,,,,,,1.8359990795828192,39.55138822326338,79.36507936507937,19.019433432930757,2,33.23103385931608,16.982525008321467,33.83843037239787,16.544403023813953,,,,6960070
2026-05-28,68.78465151,76.0874696,67.59054206,73.75846275,65.61789713904258,62.88697140448312,60.8941662470983,61.0525072567917,65.40932567221947,58.08681089253929,0,0,0,1,73.75846275,62.938310069548855,99.98981118001338,3.964556888148716,5,0,73.75846275,71.8465040179604,72.50441900203961,68.49514287736622,81.5391795,81.5391795,,,83.18396696019805,69.26221881429528,1,6,13.5,12.764444506919247,0.31382222253459624,6.409267698284848,1,17.064494261424237,99.18235097624205,0,1.4782906869208567,81.5391795,69.26221881429528,1,1,0,0,16,10,0,1,214,0,26,4,,6.177199094814463,5.932496405943706,7,12.005376709556343,-3.9997643058627297,,,,,,3.3076109110934495,67.88540267154241,98.41269841269842,14.839780499858698,2,59.113142132508635,20.565726452964064,55.85588602650222,10.978422288157565,,,,14364421
2026-05-29,73.02818094,77.16808931,71.23701677,76.92630681,69.38736702936173,66.15036473104242,62.42103677689846,61.67500920005477,65.52392249946107,58.276620051761896,0,0,0,0,76.92630681,64.99208674604151,99.97939459424094,1.3225199963494285,5,1,76.92630681,73.14191757185608,73.85875063814393,71.1916422796972,81.5391795,81.5391795,81.18076296685608,81.89759603314393,83.33126216571962,73.50033410500001,1,8.5,0,17.40186465581745,0.3370093232790873,6.519460073592831,1,17.24406570181094,99.24074912270643,0,0.8043840516955995,81.5391795,73.50033410500001,1,1,0,0,11,10,1,1,214,0,27,5,,6.161611816910804,6.015622374219035,8,11.066221243762648,-5.49975699937799,,,,,,2.1826871232272143,96.11261552237114,100,60.89779928909825,3,59.73519584918482,23.99888297834207,50.29513377699988,9.356361557521861,,,,10247835
2026-06-01,75.55456125,75.99865154,73.38858488,73.9953109,70.92334831957449,69.40680299231471,63.52334859814623,62.15815828632713,65.60821492135697,58.54060629742407,0,0,0,0,75.77161645915278,65.77651586472786,99.66020207186008,14.625695982828091,5,2,72.17546151,71.81105935484851,72.5398636651515,70.3534507342425,81.5391795,75.77161645915278,75.40721430400129,76.13601861430428,77.59362723491029,69.3384783963421,0,0,0,12.783606425958164,0.3139180321297908,4.280907991088021,1,17.903076358186542,96.74169116223459,0,5.1392220696977,73.48009409078061,69.3384783963421,1,1,0,0,11,10,0,1,214,0,28,6,,5.147779807489229,4.114801449742736,9,7.940264917978742,-3.996704857751961,,,,,,1.3571148992922641,113.85417847915946,100,83.5822494362773,3,62.01807572832855,27.186814037621648,45.93549304129166,8.545341247584036,,,,6661622
2026-06-02,73.55122061,73.9953109,71.81433415,71.82420282,71.22363315304966,72.04294559231559,64.31390614308468,62.53721885627508,65.67006554721412,58.85471939735685,0,0,0,0,74.93683869425733,66.11513616257818,94.72042430825539,29.379934313618254,3,0,67.55469418614997,67.55469418614997,68.27038705910991,66.1233084402301,69.3384783963421,74.93683869425733,74.57899225777737,75.29468513073729,76.72607087665716,69.3384783963421,0,0,2.5,9.371297594276495,0.2968564879713825,2.9304039941669506,0,17.593837333886164,68.03304260318257,0,1.246193917521366,69.3384783963421,69.3384783963421,1,1,0,0,16,10,0,1,214,0,29,7,,3.8472747618452723,2.861983493386969,10,2.9974481528965278,-0.41429133803010104,,,,,,0.9089730154527007,126.69557299267973,100,107.87882081748366,3,60.94684032478598,29.29371754425291,43.43581141138417,12.008216367371562,,,,4534947
2026-06-03,71.82420282,71.82420282,69.68270076,70.78799215,71.07841948536644,73.75732165712684,64.9304857627909,62.860778593283904,65.7209901900279,59.20357849178974,0,0,0,0,74.05361493133458,66.42739594300356,96.60488012398662,23.31986891605073,2,0,67.56940639749998,67.21799986666143,67.92081292833852,65.81237374330728,69.3384783963421,74.05361493133458,73.70220840049603,74.40502146217312,75.81064758552728,69.3384783963421,0,4.5,2.5,7.709868559985458,0.2885493427999273,2.2224984994250017,0,17.69950225791637,85.92127599867227,0,1.006852089299931,69.3384783963421,69.3384783963421,1,1,0,0,11,10,0,1,86,0,30,8,,3.0563543474577024,2.18363250399541,11,5.129865264760257,-1.6497669783460975,,,,,,1.13767680292331,136.5567284984554,100,122.7211330843358,3,61.31287435878242,30.202211512025055,41.07240404870025,16.77090630212595,,,,5799876
2026-06-04,71.69591007,71.95249557,69.63335739,70.05771034,70.73818310357763,74.63588775645844,65.41879286538224,63.14301121080218,65.76414163430623,59.57432016804689,0,0,0,0,73.52428683885911,66.59344104865363,97.51419701052109,20.130449532386532,2,1,67.57966210809997,67.23264945285703,67.9266747633429,65.8445988318853,69.3384783963421,73.52428683885911,73.17727418361618,73.87129949410205,75.25935011507377,69.3384783963421,0,0,2.5,6.528738304787679,0.20065848550795976,1.7229528598885666,0,17.768112294195795,85.85317942119872,0,1.013689997565559,69.3384783963421,69.3384783963421,1,1,0,0,11,10,0,0,22,0,,9,,2.344118351872171,1.7015883353192123,12,5.07210847073008,-1.6797497822307974,,,,,,0.8059178483213013,143.62788720529042,100,133.34949140376554,3,61.55054649627264,31.07079828983263,38.95166764819899,15.770169612977105,,,,4160059
2026-06-05,70.12679105,70.7682548,68.79452018,70.60048736,70.69228452238508,75.01311885422294,65.91228757915536,63.43546125586876,65.81226447734795,59.96317491102493,0,0,0,0,73.20115983591538,66.75827292340382,96.34608345148663,14.400951966869961,2,2,70.60048736,67.24189061935299,67.92158795444699,65.88249594916496,,73.20115983591538,72.86131116836837,73.54100850346238,74.9004031736504,69.35103569946307,1,3.5,0,7.2755783753651535,0.21052587572578163,1.7119102664947123,0,17.72438684011115,83.8186062341959,0,0,,69.35103569946307,0,1,0,0,11,10,1,0,22,0,,10,,2.393183870791647,1.698181057699281,13,3.536737977063394,-2.6992358241976175,,,,,,0.751690717021987,148.40618350506114,100,141.7075151004624,3,61.399077080155394,31.463019376691086,36.93185438052097,17.156227488289083,,,,3901910
2026-06-08,70.11692238,73.70418505,69.82086218,73.19594838,71.52683914159006,75.30850746470216,66.60596956018819,63.818225456815085,65.88573396891663,60.37937992609748,0,0,0,0,73.20063701449345,67.01481935206974,95.54299121111092,13.45444346571292,2,3,73.19594838,71.82521522165278,72.52570779834723,67.59200776644448,77.16808931,73.20063701449345,,,74.95186845622955,69.35103569946307,1,5,0,11.095291758504459,0.28360767855923685,2.3629776897691293,0,17.911788275333336,80.82478682657293,0,0.7088121027534939,77.16808931,69.35103569946307,1,1,0,0,11,10,0,0,22,0,,11,,2.825049758133716,2.336107816906876,14,3.4146466632811134,-2.1535798184906194,,,,,,0.7468667195634443,151.20124997435852,100,143.68332472621086,3,62.0482546945877,32.430479705820005,40.76014798952054,15.45785192513016,,,,3936938
2026-06-09,73.76833142,75.55456125,73.30450379,74.13347233,72.39571687106005,75.57916800020129,67.32287458588455,64.22274494203802,65.96780101728561,60.82144585567308,0,0,0,0,73.26808229439436,67.22858544923639,96.0225120433505,11.426384097661204,2,4,74.13347233,71.82917377019544,72.52174924980457,70.44402281097719,77.16808931,77.04719806,76.70091032019543,77.39348579980457,78.77863675902282,69.35103569946307,1,2,5,12.378268165365608,0.25759209543312456,2.382317179113458,0,17.371655845815784,85.13930329882194,0,0.822512129344364,77.16808931,69.35103569946307,1,1,0,0,11,10,0,0,22,0,,12,,2.5656060368503724,2.367656197995246,15,3.9831761280471447,-2.5812550007768147,,,,,,0.58450683680921,152.2431194436435,100,152.99144414672293,3,60.17718107310767,33.654360042428756,43.05232234932012,14.517802543030857,,,,3058468
2026-06-10,74.01504825,75.44600585,73.47236992,74.64664333,73.1460256907067,75.78970524697445,68.0203763710384,64.6315252709777,66.05415765721311,61.28476272652588,0,0,0,0,73.40824839134291,67.56164214042192,95.60734263504887,10.85570598064044,2,5,74.64664333,71.8362868593779,72.5146361606221,70.47958825688954,77.16808931,77.05846382984383,76.71928917922173,77.39763848046593,78.7543370829543,69.35103569946307,1,3.5,6,13.00824350433389,0.23240021956975154,2.267394102207512,0,17.252469408759804,82.57876143436472,0,0.6050906301360411,77.16808931,69.35103569946307,0,1,0,0,11,10,0,0,22,0,,13,,2.3033164608291012,2.250944881820763,16,3.5408700755820384,-2.447931248443862,,,,,,0.8979619640046212,151.68854773022173,99.60317460317461,153.81127127389712,3,59.76430714399953,34.790820354994025,40.81554777592571,13.763533090936482,,,,4787857
2026-06-11,74.90322883,76.43287316,74.24202773,76.0874696,74.12650699380447,75.98082641329567,68.78867096427284,65.0807779897629,66.15399160689259,61.77021763593118,0,0,0,0,73.58140468921754,67.81407206262804,97.27051991448391,10.702444292281315,2,6,76.0874696,72.68577656522592,73.35479458477408,71.34774052612958,77.16808931,77.05840622371723,76.72389721394315,77.39291523349131,78.73095127258765,73.020285575,1,4,0,15.015689532591178,0.0839673365518448,2.444696536362282,0,16.629544363246858,89.85560979685675,0,0.22799187319742073,77.16808931,73.020285575,0,1,0,0,11,10,0,0,150,0,,0,,0.35257258386386137,2.418081220787399,17,5.600336742413776,-2.410187425754433,,,,,,0.6086212184334363,151.591001106959,99.2063492063492,163.14943868594204,3,57.60643148772838,36.02176436903082,41.06287654765361,12.958681462668775,,,,3253645
2026-06-12,76.76840804,77.90162778,76.05786358,77.49868985,75.25056794586965,76.29834306641733,69.61819657243733,65.56775492545847,66.26687417647575,62.27863981692857,0,0,0,0,73.79533379891433,68.06375445709001,98.27154954414672,10.510572817534847,2,7,77.49868985,76.84101162056692,77.49516699943308,73.44124206453536,81.5391795,81.5391795,81.21210181056692,81.86625718943309,83.1745679471654,74.70138209698,1,5.5,0,16.94936695461556,0.09808016810641114,2.585082536235138,0,16.62494276055865,91.14377375367955,0,0.9958204920035203,81.5391795,74.70138209698,1,1,0,0,11,10,1,0,150,0,,0,,0.01797398942751162,2.537141647798719,18,6.114826010005451,-2.4430724618849715,,,,,,0.5446861328469592,150.84783444065744,98.41269841269842,161.93184263949647,3,57.59049106842393,37.41318667170463,43.005545199135774,12.306456751778297,,,,2908137
2026-06-15,77.96251749,78.46581982,76.22563102,76.39339847,75.63151145391309,76.64289048544978,70.26345389601472,65.99228996642088,66.3676356122322,62.7955151413384,0,0,0,0,73.96492811838922,68.32960563945286,97.22717796118039,28.56423439279047,2,8,73.50033410500001,73.176617421955,73.82405078804501,71.88175068977499,77.16808931,77.16808931,76.84437262695499,77.491805993045,78.78667272522502,73.50033410500001,0,0,4,15.106403543355915,0.09330979549455737,1.9521095049477595,0,16.747959085513227,68.87565271116273,0,2.2660279170660442,77.16808931,73.50033410500001,1,1,0,0,10,10,0,0,150,0,,1,,0.3675653309518158,1.9239951301667009,19,3.8623134869006304,0.259345255665316,,,,,,0.7000233300325426,148.59654182603626,98.01587301587301,156.1274868951607,3,58.01663211838739,38.79775697360949,41.90445735023448,11.546069990459294,,,,3718850
2026-06-16,76.37366112,77.07433691,74.40486084,74.58743129,75.28348473260873,76.82055266130217,70.67526126687046,66.32935433205144,66.44942462395129,63.308092634656205,0,0,0,0,74.003047835839,68.52302108064286,97.69331497222487,28.125133249601472,2,9,72.17546151,71.85103283940465,72.49989018059536,70.55331815702321,77.16808931,77.16808931,76.84366063940465,77.49251798059535,78.79023266297679,69.43210688504055,0,0,1.5,12.246918181915175,0.0834568131317981,1.2089171009653226,0,17.15302756500382,80.75161658382193,0,3.0777969103889817,77.16808931,69.43210688504055,1,1,0,0,8,10,0,0,150,0,,2,,0.449647685676022,1.1934355313867255,20,4.862039806717371,-0.8401190321692437,,,,,,0.7053599689445725,145.42604975214402,97.22222222222223,144.74329284844697,3,59.419830492432155,39.05433392848897,38.82588755911557,15.708746515789711,,,,3716200
2026-06-17,74.58743129,75.17955168,72.08078832,72.14000036,74.23565660840582,76.58334308254632,70.8147602281209,66.5572228037357,66.50604726809108,63.802371591781124,1,0,0,0,73.89123667955636,68.63594121602276,97.99365089137362,25.805601335155657,2,10,68.72306443499683,68.39414171087256,69.0519871591211,67.07845081437551,77.16808931,77.16808931,76.83916658587573,77.49701203412427,78.81270293062131,69.43210688504055,0,0,1.5,8.471339559841851,0.06902336446587592,0.37007178905612004,0,17.725401598962755,82.4097313502717,0,5.134959828322927,69.43210688504055,69.43210688504055,1,1,0,0,8,10,1,0,150,0,,3,,0.1771430203013377,0.3631881863881501,21,4.965071564262983,-1.134753824743936,,,,,,0.7415796595676154,141.48679468588972,96.42857142857143,130.42479049799326,3,61.40259230793221,38.15202122794237,35.56002500225364,20.69606546396994,,,,3874640
2026-06-18,72.77,75.705,72.5101,74.73,74.40043773893721,76.31222737141775,71.1876402063951,66.87772387025586,66.58787764353296,64.29486600223315,0,0,0,0,73.963870748842,68.92236042468805,98.20721443889224,18.399767531593177,2,11,74.73,,,68.24217631779516,78.46581982,77.70059782377317,77.36333922601492,78.03785642153142,79.38689081256439,69.48482223941826,1,2,0,12.227634585463932,0.09224928403843077,1.0712286703882798,0,17.814513698342665,87.41641525028933,0,0.5758201830063288,,69.48482223941826,0,1,0,0,8,10,2,0,150,0,,4,,0.836080929338065,1.0554881220316326,22,5.069759481142037,-2.3484811818142965,,,,,,1.1495589316095507,136.2014610822898,95.63492063492063,120.70754091703353,3,61.71128567532247,37.45384588458086,33.594951612808515,18.742777710816004,,,,6120804
2026-06-22,75.9,77.89,75.435,76.01,74.93695849262481,76.16945250505239,71.6469125676908,67.2358523459321,66.68163010479134,64.79199583247127,0,0,0,0,74.08984206620184,69.16604954086915,98.01526612192981,12.68028515562713,2,12,76.01,71.83407852636735,72.51684449363266,70.54787226187753,78.46581982,77.70058400982198,77.35920102618933,78.04196699345464,79.40749892798526,69.48482223941826,1,0,1.5,13.989414896649905,0.10550263003880508,1.3146782220661302,0,17.803637554574774,88.03925792567112,0,0.44960863929633016,78.46581982,69.48482223941826,0,1,0,0,8,10,1,0,150,0,,5,,0.966979847389853,1.2954200684145705,23,4.633814911172539,-3.016968093659516,,,,,,0.8648478865873148,122.91553719727035,94.84126984126983,99.30005391004056,3,61.67360960812965,37.349693462443554,36.53310419179233,17.193743017331286,,,,4637055
2026-06-23,73.835,75.35,72.52,75.15,75.00797232841654,76.03313893346407,71.98053994219644,67.54621107746418,66.76589249180834,65.2860814789302,0,0,0,0,74.16025517422403,69.3947111730656,97.90255548056416,17.254517602966533,2,13,75.15,69.34161986059746,70.03793825877239,68.99491176129447,78.46581982,77.7432946462676,77.39513544718014,78.09145384535506,79.48409064170492,72.08078832,1,2,0,12.557470881139388,0.10278735440569695,0.923577523683462,0,17.94840010029697,80.888707324283,0,0.5387119877744163,78.46581982,72.08078832,0,1,0,0,8,10,1,0,150,0,,6,,0.2657638333136522,0.9101624811199377,24,4.613010685435734,-1.2608986955648902,,,,,,1.0007248944675728,101.24012200295238,94.04761904761905,62.830701802296026,3,62.17508177657736,35.96529810401768,33.26334247165268,23.130421591905627,,,,5358385
2026-06-24,76.06,77.95,75.72,77.63,75.8819815522777,76.17574027481947,72.51858375722536,67.94165378030873,66.87399306402915,65.78968226576205,0,0,0,0,74.29042847069866,69.5753455599365,98.18935368335968,17.492832647736485,2,14,77.63,77.15039916513307,77.84698053486694,72.93367452106455,80.03910690397116,77.96262151405405,,,79.70407493838871,72.08078832,1,3.5,0,16.083990865735206,0.1248643987731205,1.5120402250082545,0,18.02280261731611,84.57759064639016,0,0.5129769890900436,78.46581982,72.08078832,0,1,1,0,5,10,1,0,150,0,,7,,0.5462368283816902,1.4906144227623261,25,5.118100822089065,-1.6062262948086121,,,,,,0.5981602420395777,82.84970092953364,93.25396825396825,32.702161116685986,3,62.43281965595367,35.34159973126318,37.540933215161864,21.470140209362853,,,,3144721
2026-06-25,77.13,78.63,76.84,76.89,76.21798770151847,76.36961269270216,72.93490911368009,68.29256931833584,66.97365482458608,66.294789178904,0,0,0,0,74.3956676545924,69.75143420337345,98.00606790009817,22.21816809276306,2,15,69.80567304209994,,,68.10869843378919,78.46581982,77.7432946462676,77.40389972460545,78.08268956792975,79.44026925457835,72.08078832,0,0,3,14.806337210334869,0.12292057494056324,1.1332406109645874,0,18.104167684867534,79.12057982806671,0,5.103286009989719,78.46581982,72.08078832,1,1,0,0,8,10,1,0,132,0,,8,,0.30242400706833567,1.1187266351684113,26,4.633479512684011,-0.8899878050383849,,,,,,0.6953317280118814,67.99706046719615,92.85714285714286,8.42288319515808,2,62.71467651787436,34.92270295010925,37.56202457231188,20.459109029790586,,,,3536559
2026-06-26,77.82,78.26,77.03,77.71,76.71532513434565,76.66533745423808,73.389679674282,68.66188032545992,67.08048412981408,66.8045867630773,0,0,0,0,74.5340246437309,69.95239596145531,97.61773456835468,11.39245998356322,2,16,72.10280534093023,71.77542077081537,72.43018991104509,70.46588249035595,78.46581982,78.46581982,78.13843524988513,78.79320439011485,80.10274267057427,72.08078832,0,2,5,15.845914065878958,0.13256290366272813,1.2292487801613652,0,10.957508080730088,94.82934827204375,0,3.8871804354355692,78.46581982,72.08078832,1,1,0,0,8,10,2,0,132,0,,9,,0.17634400416130216,1.2128369556356695,27,4.3040129209039035,-6.449760304407396,,,,,,0.8349011186534135,80.08244163782035,92.85714285714286,110.97688861515968,3,37.95792144034209,34.53372736760917,36.15858625385099,19.694690766906465,,,,3805653
2026-06-29,77.5,78.14,75.76,77.64,77.02355008956377,77.01352296641687,73.79447208625514,69.01396344995169,67.18555393946767,67.3167528732225,0,0,0,0,74.65025404287917,70.12902081982502,97.83051324317938,6.603839789442972,2,17,77.64,71.77755538296644,72.42805529889402,71.41866760605161,78.46581982,78.46581982,78.1405698620362,78.79106977796378,80.09206960981896,72.08078832,1,2,0,15.560556470147588,0.13558056012851571,1.0685871370903175,0,10.14359841414447,92.78517866714601,0,0.13274002540087454,78.46581982,72.08078832,0,1,0,0,8,10,1,0,132,0,,10,,-0.09897634133907159,1.0541942505367654,28,4.778860832235018,-4.880859690795205,,,,,,0.8392330490877817,100.25321653845099,93.65079365079364,185.30911414478706,3,35.138455649746625,33.59357073839458,33.79618792271927,21.894280267580427,,,,3544099
2026-06-30,76.9,76.95,74.75,75.88,76.64236672637584,77.16932071637271,73.99309379232608,69.2832197852477,67.27206584056749,67.81886996707858,0,0,0,0,74.7021769107336,70.28057396497826,97.89285807306595,31.087928817436026,2,18,74.73,74.4021786104622,75.0578213895378,73.09089305231096,78.63,78.46581982,78.13799843046219,78.7936412095378,80.10492676768904,69.8196973234651,0,4.5,0,12.795703613195133,0.1262007402881979,0.4678883338334624,0,9.606301691697043,69.71829025301568,0,2.3793444384446985,78.63,69.8196973234651,1,1,0,0,8,10,1,0,132,0,,11,,-0.2183242443981467,0.4628321841009392,29,4.718948927203658,0.7384137317002859,,,,,,1.0186403357488203,117.22903876169697,94.44444444444444,252.28030129641982,3,33.27720520570826,32.27940767955835,31.13601266598321,22.92177603287794,,,,4175096
2026-07-01,75.31,77.285,75.09,77.23,76.83824448425057,77.34721587315627,74.30137057400931,69.5948582250419,67.3711497625519,68.31910986844818,0,0,0,0,74.80238651384565,70.45512051320964,97.21910145658295,19.524611920015232,2,19,77.23,74.4059962097149,75.05400379028511,72.49796967771914,78.63,78.46581982,78.14181602971489,78.7898236102851,80.08583877142553,70.15442012521413,1,3.5,0,14.633638096121866,0.139834857147276,0.7748045124463102,0,9.154336314919876,84.49988062198928,0,0.2958560923432934,78.63,70.15442012521413,0,1,0,0,8,10,1,0,132,0,,12,,0.37462184858659936,0.7715194763250279,30,4.000386865944128,-2.823490022598542,,,,,,1.0014165225438747,129.24242031337678,95.23809523809524,307.55628585019906,3,31.711551214028137,31.167252991781176,30.175829128933355,21.535292627525816,,,,4081812
2026-07-02,78,78.36,76.51,77.99,77.22216298950038,77.5948365124173,74.65266861457985,69.92407947111869,67.47680996391954,68.8219304046643,0,0,0,0,74.90680101149532,70.61339661458429,98.41277873869115,13.379824775538719,2,20,77.71,77.39262148044953,78.02737851955045,76.12310740224771,79.87761130249413,78.63,,,80.21689259775228,70.74251382850582,0,3.5,0,15.580449107926054,0.15083643208129652,0.8867981454853633,0,8.968126981384689,93.17839996518781,0,1.3659470751608527,78.63,70.74251382850582,1,1,1,0,1,10,2,0,132,0,,13,,1.014584603444441,0.8881002769720784,31,6.93838591356834,-2.9615112619948727,,,,,,0.8804632782129246,137.20198013076083,96.03174603174604,341.6395994741691,3,31.066503160975174,30.480246855033883,31.629555091566104,20.414495644620548,,,,3486981
2026-07-06,78.43,78.67,77.01,78,77.48144199300025,77.84283148648484,74.97146207985796,70.24078223695717,67.5815183224875,69.3262642881082,0,0,0,0,74.99747616241203,70.7537297523292,98.77862038060218,10.542383997516161,2,21,77.71,77.40046994613171,78.01953005386828,76.16234973065858,79.72730313042132,78.88526616578947,,,80.74244648899916,74.75,0,3.5,5,15.416169888041406,0.1526364049957626,0.7882365471927967,0,8.841516567966394,90.56149594110707,0,1.303461880493041,78.63,74.75,1,1,1,0,1,10,1,0,132,0,,14,,0.49033426045518186,0.7891585606920843,32,5.896803724466307,-2.8708379795048904,,,,,,0.8215458957185259,142.49697203367825,96.42857142857143,365.2519990768592,3,30.6279118233596,29.941642914659518,31.00922929492569,19.43697509294178,,,,3214817
2026-07-07,78.75,80.15,78,78.72,77.89429466200016,78.14868967012251,75.32846569130005,70.57330058060592,67.69234898594533,69.83435651991014,0,0,0,0,75.13698703469971,70.94980669438073,97.34525471611266,6.009314241241359,2,22,77.80945945945946,77.71,78.42269384521484,76.48353122848923,79.59193312369138,79.60001143,,,81.13309739438846,74.75,0,3.5,8,16.29083815121306,0.16145419075606532,0.89048403957768,6,8.846836522636089,90.88827074015099,0,1.3443213762238162,78.63,74.75,1,1,0,0,8,10,1,0,132,0,,15,,0.3803354299301382,0.8903302928268267,33,3.767129273446697,-5.161061785545773,,,,,,1.0861075900138442,144.5376610425894,96.82539682539682,371.6310587262478,3,30.646340686923345,29.90125855167393,33.37753131151596,18.220081478743403,,,,4270075
2026-07-08,78.22,78.565,76.47,78.07,77.9528631080001,78.37267280378008,75.58956419689052,70.86728879313118,67.7956091950404,70.3385141367858,0,0,0,0,75.20601810561841,71.06076149669285,95.83760942138278,16.66144131303095,2,23,77.71,77.40519474947071,78.01480525052928,76.18597374735357,79.66263560510642,78.88526616578947,,,80.71409766896518,74.75,0,4.5,0,15.154950190655148,0.16021919539772017,0.6180525859661025,6,8.327189604716706,70.49277804768467,0,1.2812348879920765,78.63,74.75,1,1,0,0,8,10,1,0,128,0,,16,,0.4263525287473303,0.619910862054223,34,3.308804597035727,-0.8650281902484082,,,,,,0.7092565829493567,144.78101913949786,96.82539682539682,401.9061912940627,3,28.846230959257458,29.077541267253565,31.177665128796964,21.50100595189748,,,,2746245
2026-07-09,78.58,80.39,78.44,79.99,78.63190873866674,78.70415181092294,76.00865332099619,71.2250421737927,67.9169464169803,70.84851872674699,0,0,0,0,75.34341136915356,71.23221609241612,93.88393294041146,9.157149589754177,2,24,79.99,77.71,78.41695492472813,76.01001813892532,80.14774629889804,81.5391795,81.23543176736567,81.84292723263434,83.05791816317168,74.75,1,0,0,17.776201993676864,0.17776989885727323,1.0507275964178837,6,8.543182076280283,87.6788832260757,0,0.039634929103785514,,74.75,0,1,0,0,8,10,1,0,128,0,,17,,0.3109781913916181,1.052760750793659,35,2.8038780069076323,-5.007996875118985,,,,,,0.8865695454335897,143.07984922793486,95.63492063492063,383.46850582006203,3,29.594450828858438,28.887113147719095,34.41601431350089,20.034730050610907,,,,3450165
2026-07-10,80.58,83.14,80.17,82.8,80.0212724924445,79.40819209015585,76.65544824280607,71.67896208854593,68.06503650238348,71.37896453847563,0,0,0,0,82.8,71.46104073036415,95.42800845743771,6.372722003396958,2,25,82.8,79.6798235339824,80.30017646601759,77.83717654371846,87.29700000000001,83.14,82.8298235339824,83.4501764660176,84.69088233008799,74.75,1,3,0,21.648359061851874,0.2015751286425927,1.6642547557894563,0,9.077258200280541,88.53954019262362,0,0.9061374114181061,,74.75,1,1,0,0,10,10,2,0,128,0,,18,,0.963805722894221,1.6539275188500704,36,4.182064720619075,-3.9479341661235527,,,,,,0.9458870854005623,139.24293734166707,94.44444444444444,342.8206490506191,3,31.44454479261425,29.434810857471643,39.21137083872981,18.21809711933795,,,,3626058
2026-07-13,82.27,83.83,81.25,81.65,80.56418166162966,80.19025301359956,77.1311198387293,72.06998318311275,68.20021026852892,71.91856048300703,0,0,0,0,82.11668290557083,71.74784314961983,97.14351157537243,5.450386441016059,2,26,79.99,79.67894328155508,80.30105671844491,78.43471640777544,82.0318013354566,82.11668290557083,,,83.67196649779538,76.47,0,0,4,19.721038510752965,0.19638297033154262,1.1761248291769981,0,9.145531295851296,91.12654221282274,0,1.3128160971184553,82.0318013354566,76.47,1,1,0,0,3,10,1,0,128,0,,19,,0.5943362114018584,1.170550859535754,37,5.509070063886351,-3.6247212007697476,,,,,,1.3488045176039605,133.924906299863,92.85714285714286,322.72875244818664,3,31.681049733251353,30.10611474384052,38.28809707612948,16.868931982611326,,,,5309274
2026-07-14,81.71,84.125,80.24,83.98,81.70278777441978,81.21281394934934,77.78339413980271,72.53704266612795,68.35722310167789,72.47898049298851,0,0,0,0,82.68192204354834,71.99506991927936,96.87577234681666,5.249403652555587,2,27,83.98,79.66647411858686,80.31352588141313,78.8035858973899,,84.125,83.80147411858687,84.44852588141313,85.74262940706566,76.47,1,1.5,0,22.85461022178158,0.2196551032701864,1.639010884612926,0,9.361314102352093,86.14792196494538,0,0,,76.47,0,1,0,1,10,10,1,0,128,0,,20,,1.0252786395124502,1.6175372654894227,38,4.025669256121807,-3.472388765532402,,,,,,0.976266742951468,125.07840097534194,91.66666666666667,285.7046547277874,3,32.42854330176972,30.198216833982173,34.182959145503524,17.847662446943307,,,,3890829
2026-07-15,84.11,86.35,83.805,85.37,82.92519184961319,82.42998513622076,78.50592803125006,73.04029589490725,68.52650446385024,73.06436249343425,0,0,0,0,83.45189489212895,72.34347039224312,97.40078182806452,2.7781052574217324,2,28,85.37,84.24898931583066,84.89526952416934,81.21987916664531,90.6675,86.35,,,87.96570052084668,76.47,1,3.5,0,24.579534105719926,0.30699558054309006,1.7957866157283833,1,9.230596808632674,95.79396137296366,0,1.2764688578278913,90.6675,76.47,1,1,0,0,10,10,1,0,128,0,,21,,1.6194499467825902,1.769197611896285,39,4.699506977633388,-7.271512324843003,,,,,,1.26912488672258,115.52431844647309,90.47619047619048,261.28756209263594,3,31.975725313469844,30.836316663405928,37.92703306781692,16.59261470434414,,,,5148725
2026-07-16,85.55,87.35,85.01,85.29,83.71346123307546,83.62288949601168,79.15203012351196,73.52067644804814,68.6933054144587,73.66991163999322,0,0,0,0,83.76552065870966,72.58123499837043,93.9631333657652,6.230376868929502,2,29,84.57212942,84.2511778946999,84.8930809453001,82.9673717934995,87.35,87.35,87.02904847469989,87.6709515253001,88.9547576265005,76.47,0,0,0,24.16057064863266,0.27167349589067974,1.5616808424835453,0,8.731802058521692,74.68451307313296,0,1.7310218902387824,85.56550334532628,76.47,1,1,0,0,10,10,1,0,128,0,,22,,1.3180762522912426,1.5388860360833385,40,2.5693677862598507,-2.5373255051930736,,,,,,0.9117146010394005,104.81761045970819,89.68253968253968,246.52913115263289,3,30.24784961398816,31.653850893546803,38.24001821105593,15.512491691000651,,,,3697910
2026-07-17,85.9,87.1,84.51,85.41,84.27897415538364,84.72021799136235,79.74802725460606,73.98692443047761,68.85964068396657,74.2921195427655,0,0,0,0,83.97604460114393,72.78080441273447,93.74458572589127,14.627360396569864,2,30,84.57212942,84.2509780036499,84.89328083635009,82.96637233824954,87.35,87.35,87.0288485836499,87.67115141635009,88.95575708175045,76.47,0,3.5,0,24.034919659241037,0.258162202110239,1.4045278337632694,0,7.6842450276195375,69.80133754338154,0,1.729944467672414,86.15179393408039,76.47,1,1,0,0,8,10,2,0,128,0,,23,,1.179456386067826,1.3842727813713085,41,3.1206021428816966,-1.1692495057779344,,,,,,0.7912400594321893,92.23837472854305,88.0952380952381,246.51322470670317,3,26.619005611291097,32.137451106474714,35.48648708489493,15.785578455091322,,,,3181858
2026-07-20,85.71,85.85,84.12,85.13,84.56264943692243,85.5944349887433,80.26059608750072,74.42390778614516,69.02153480651417,74.92423580781546,0,0,0,0,84.08076568064342,72.92878365919076,93.64987867089566,18.059294380622127,2,31,84.57212942,84.25847096196063,84.88578787803937,83.00383712980314,86.78122777884217,86.94537486914248,86.63171641110311,87.25903332718185,88.51366715933933,76.47,0,3.5,0,23.338317872301978,0.251475220075736,1.1685365594297394,0,7.221665962096952,70.3777171695735,0,1.408601172530718,86.78122777884217,76.47,1,1,0,0,8,10,1,0,128,0,,24,,1.1182690457138085,1.151206093759407,42,3.127031099667957,-1.2874206537010024,,,,,,0.6461177947737983,79.62217540013854,86.9047619047619,218.2775597902713,3,25.016584723285394,32.36634507932203,33.73891907275178,16.118371890031746,,,,2480672
2026-07-21,84.62,85.235,83.08,85.22,84.78176629128161,86.23551558424417,80.7329202696435,74.84728395139437,69.1827135646583,75.56267438667659,0,0,0,0,84.19150200706999,73.10107670776101,93.5155787751088,17.31264965014344,2,32,85.22,84.2616340661063,84.8826247738937,80.59603716885039,87.35,87.37248768767718,87.06199233378348,87.68298304157088,88.92496445714568,74.75408051395999,1,5,0,23.181060136291443,0.24034974512590168,1.0487864634616249,0,7.154120642144369,72.61775064267015,0,0.4606438411769054,87.35,74.75408051395999,0,1,0,0,8,10,1,0,128,0,,25,,0.9869114216323034,1.0330830409956517,43,3.0890516237078667,-1.7156041893797571,,,,,,0.7838645678561498,63.700522915332115,85.71428571428571,157.0372788797651,3,24.782600871342655,31.997858722462574,31.648153643701736,18.110146246612874,,,,2943140
2026-07-22,86,87.24,85.37,87.11,85.55784419418774,86.86947705627708,81.34026119634412,75.32817477682988,69.36109452421394,76.21512371459826,0,0,0,0,84.4072034209503,73.26047016899574,93.0698711656099,21.093002335740824,2,33,87.11,84.26577659138442,84.87848224861557,82.91917737107536,87.35,87.35,87.04364717138442,87.65635282861557,88.88176414307789,74.75408051395999,1,2,0,25.589136961484833,0.3115566058601015,1.3729223482358426,1,7.091601850790659,67.53446087642216,0,0.05726799276675158,87.35,74.75408051395999,0,1,0,1,8,10,1,0,128,0,,26,,1.437776257310307,1.3535801703897183,44,2.93378765496909,-1.033837517476901,,,,,,0.6698236056365849,53.994652364058446,82.93650793650794,119.79397414784201,3,24.566029425237808,32.232525007938776,35.628471110169436,17.043959181024277,,,,2416426
2026-07-23,87.02,87.02,83.4483,84.43,85.1818961294585,87.13613896103898,81.63452203478754,75.68510909930714,69.51103388218196,76.86052786276856,0,0,0,0,84.40919026489783,73.42226598405945,94.87651199331492,35.563951553507636,2,34,82.8,82.48283576628553,83.11716423371446,81.21417883142766,87.35,84.57212942,,,86.15795058857233,74.75408051395999,0,2,4,21.462730856665164,0.24064698761665915,0.5680562328678053,0,7.564684766260946,65.228458653419,0,2.8691759765675293,87.35,74.75408051395999,1,1,0,0,8,10,1,0,128,0,,27,,0.5919664655251506,0.5579299625542791,45,4.0565659724678325,0.44186137477027354,,,,,,0.8655721226015516,46.31538741418926,77.77777777777777,76.74365963316313,3,26.20483671681251,31.457591279819663,31.955836545684587,20.69686990612511,,,,3121599
2026-07-24,83.85,86.03,83.75,85.43,85.264597419639,87.2056,81.99599612671254,76.06726168364804,69.66943155499607,77.50211487776222,0,0,0,0,84.4654028629325,73.53745230448945,96.73612316035174,22.572432927772645,2,35,85.43,85.09513321155084,85.72486678844915,81.23106569240682,87.35,87.35,,,88.92433394224574,83.08,1,3.5,4,22.62192771382492,0.25088741634690237,0.7288569230885129,0,7.456200531992344,86.53338906721669,0,0.45725888031349604,87.35,83.08,0,1,1,0,5,10,2,0,128,0,,28,,0.2555291295818429,0.7170556031207371,46,5.228684646751436,-2.5529097920493276,,,,,,0.5906257483693863,38.11800433951562,67.46031746031746,47.578112820083604,3,25.82903630566566,30.738009960851915,29.889789717169766,19.358751206944685,,,,2087232
2026-07-27,86.49,89.28,86.275,88.45,86.32639827975933,87.45235584415586,82.61066316226373,76.55285926468146,69.85630288280706,78.15441316180234,0,0,0,0,88.45,73.72839891532062,96.10409751539564,16.58888720559637,2,36,88.45,87.02324869644008,87.67675130355991,83.66098957152063,89.73753146522417,89.28,,,90.91375651779961,83.08,1,3,0,26.61706438771354,0.27530754416078995,1.3462120686704444,0,8.006939794553194,79.1900808148673,0,0.2688512552755049,89.73753146522417,83.08,0,1,0,0,8,10,1,0,128,0,,29,,0.9691831772955607,1.3265950998604361,47,3.6247590603229156,-2.402270859375139,,,,,,0.8098691082269863,33.064719015719206,57.53968253968254,19.208617238454508,2,27.736853074622474,31.011679540460317,35.626030620687,17.322165383143417,,,,2822200
2026-07-28,89.1,90.72,88.84,89.47,87.37426551983955,87.8856008658009,83.26393333728623,77.0594138033214,70.05146404815225,78.81910082382527,0,0,0,0,88.94976131482869,73.91967452034393,96.2164507152882,10.948378758472689,2,37,89.47,87.02632021812292,87.67367978187707,85.73160109061463,90.6572196515852,90.72,90.39632021812292,91.04367978187707,92.33839890938536,83.08,1,2,0,27.72038559893588,0.2852685946613461,1.4175973945849212,0,7.982584618365644,84.64717372321968,0,0.3175743628120165,90.6572196515852,83.08,0,1,0,0,8,10,1,0,128,0,,30,,0.7128776868305996,1.3968047056379063,48,3.9163331500233856,-3.401920273887721,,,,,,0.7874023477718418,34.3206829170769,59.12698412698413,24.114284209135516,3,27.65248426945422,31.612121018764494,37.36741521770583,16.237503340446445,,,,2711114
2026-07-29,89,91.265,88.25,90.17,88.30617701322637,88.5250181818182,83.9216539718304,77.57355443848527,70.25164848548407,79.49676377588486,0,0,0,0,89.44606094844673,74.19133758122815,96.31162607372758,8.173478348820117,2,38,90.17,87.02252055968557,87.67747944031441,85.63016447748461,91.33051748562322,91.265,90.93752055968558,91.59247944031442,92.90239720157211,83.08,1,1.5,0,28.352859959765382,0.29287541090993807,1.4033112470120035,0,7.3326855553983235,84.49349938041274,0,0.25562985263840754,91.33051748562322,83.08,0,1,0,0,8,10,1,0,0,0,,,,0.5806669755116192,1.3829017625110622,49,3.946045308809933,-3.3780492453466966,,,,,,1.1078735967542275,34.43854359824614,59.523809523809526,35.578583499384706,3,25.401167875752613,31.85437944700689,34.29571865199351,16.51134625218201,,,,3793388
2026-07-30,88.99,89.75,87.72,87.82,88.14411800881759,88.9740012987013,84.29292502213227,77.97537583305449,70.4264579532902,80.16831220570873,0,0,0,0,89.06356466291344,74.36148499523892,96.88947040962387,16.460701553307118,2,39,87.35,87.02403694827946,87.67596305172053,85.72018474139732,91.265,89.06356466291344,,,90.69337992151611,83.08,0,0,4,24.697453985611386,0.2790428254836125,0.6929890205043275,0,8.048974164302514,75.74214260773203,0,2.40211274212547,91.265,83.08,1,1,0,0,8,10,1,0,0,0,,,,0.20549185999579278,0.6791518667152202,50,4.426982644166418,-1.0428024585185642,,,,,,0.85292761339739,33.62052392797381,56.74603174603175,20.579456113796493,3,27.88246440276239,31.79275115351951,31.99417299658113,16.855031175539068,,,,2868712
2026-07-31,87.45,87.57,86.08,86.26,87.51607867254506,89.03438398268398,84.48026549621491,78.30026305528764,70.58400563534701,80.82193272133597,0,0,0,0,88.39660667885033,74.55540033904018,97.63978073320061,20.505733425360305,2,40,85.425,85.10678430911665,85.74321569088335,83.83392154558322,87.35,88.39660667885033,88.07839098796698,88.71482236973368,89.9876851332671,83.08,0,0,1.5,22.208989449591083,0.27104494724795547,0.24226685197862063,0,8.395740364078465,78.84076300860688,0,1.2098712006666104,87.35,83.08,1,1,0,0,8,10,2,0,0,0,,,,-0.07405563236105221,0.2286033156041576,51,5.043683303936866,-1.0569560203868669,,,,,,1.1265102497761015,32.025999524171404,53.57142857142857,10.116670147747698,2,29.083697755481445,30.89240595188271,30.43217481508732,20.633697030537707,,,,3806891
2026-08-03,85.49,86.56,82.82,85.25,86.76071911503004,88.70865151515152,84.55357354419445,78.57280175900185,70.72993592753261,81.4509573489121,0,0,0,0,87.77290572503097,74.7335060622646,97.07886132412082,30.053796874601705,2,41,84.57212942,84.24325056417973,84.90100827582026,82.9277351408987,91.1650455686632,85.425,,,87.06939427910129,78.96799108276,0,5.5,1.5,20.528880568114943,0.2670888472850192,-0.03741072480197623,0,8.551629230122446,67.276889974958,0,4.009328074448437,91.1650455686632,78.96799108276,1,1,0,0,8,10,2,0,0,0,,,,-0.19393347985167622,-0.049511642965316585,52,3.9894738599246935,-0.1227762791613003,,,,,,1.1579394773439258,28.947902303198486,47.22222222222222,-2.281315422585667,1,29.62371262812639,28.691917162647506,27.342230757686252,27.389060439059083,,,,3956015
2026-08-04,83.67,87.03,83.08,86.35,86.62381274335335,88.26851731601732,84.72466177808069,78.8777899253155,70.88535945064173,82.06222133761521,0,0,0,0,87.55094602108822,74.9111347021276,96.36389413972074,16.169218144769843,2,42,86.35,84.63403447890525,85.43,80.89951414209902,90.92733028470168,87.33328380632646,,,89.03656063692051,79.4693788874,1,5,0,21.816409861230184,0.2779709381950398,0.19364902729994693,0,8.580434818286218,87.40966056751155,0,0.8398022495676113,90.92733028470168,79.4693788874,1,1,0,0,8,10,2,0,0,0,,,,-0.02943120849755218,0.18385783868084385,53,3.680349314340507,-4.56780074937525,63.598541585,74.29623883880001,54.37638878,,74.665124951,1.0889639601740349,26.70727647030565,36.904761904761905,-10.147599824477911,1,29.72349811260951,26.811475201811476,25.743374302284646,24.553486522090697,63.598541585,74.29623883880001,54.37638878,3688711