time,open,high,low,close,Sprint Line EMA,Hull Baseline HMA,MA 20 Fast,MA 50 Mid,MA 200 Slow,Weinstein MA 150,Golden Cross,Death Cross,Zone 0 Long,Zone 0 Short,AVWAP Resistance,AVWAP Support,Buy Score,Sell Score,Stage 1 Base 2 Up 3 Top 4 Down,Stage Age Bars,Long Entry,Long Entry Zone Bot,Long Entry Zone Top,Long Stop Loss,Long Target,Short Entry,Short Entry Zone Bot,Short Entry Zone Top,Short Stop Loss,Short Target,Entry At Market 0No 1L 2S 3Both,Long Rev Zone,Short Rev Zone,Ext Pct vs MA200,Exhaustion Gradient,Ext Z Self Relative,Regime 0 Hlt 1 Ext 2 Clmx 3 Dist 4 Dn 5 Ign 6 Sqz,Exp Move Pct 21b,Dir Prob Pct Above 50 Bull,Long Ignition Fresh Breakout,RR To Target,Long Target T1 Waypoint,Short Target T1 Waypoint,Long RR Valid,Short RR Valid,Long In Zone,Short In Zone,Action Long Code,Action Short Code,MTF Long Aligned 0 To 3,Bear Warning Mask,Reversal Pattern Mask,Weak Level Mask,Bear Warning Age,Reversal Pattern Age,Weak Level Age,Z Velocity,Z Elasticity,Trend Bars Up,Buy Sigma Evidence,Sell Sigma Evidence,VP POC,VP VAH,VP VAL,VP HVN Above,VP HVN Below,RVOL Vs Avg,Energy IV30 Ann Pct,Energy IV Rank Pct,Energy IV HV Spread,Energy State 3 Exp 2 Warm 1 Sqz 0 Dorm,HV20 Ann Pct,ADX 14,DMI DI Plus,DMI DI Minus,POC,VAH,VAL,Volume
2025-05-23,125.67549655,125.80945855,124.08708994,125.23533568,126.67784211339325,126.96178404817056,129.7021464232902,133.5371119563585,140.09382122909201,128.70279207177555,0,0,0,0,142.05842963601336,129.09188697254925,28.458769636289553,75.39869157293786,4,2,124.35511956006917,123.99887858222989,124.71136053790845,122.5739146708728,130.79475882,129.26084351,128.90460253216074,129.61708448783926,131.04204839919635,124.59705704319691,0,8,3.5,-10.606096270865715,0,-1.2071520693373659,4,6.990523642292686,5.543197547144857,0,2.618332396845892,130.79475882,124.59705704319691,1,1,0,0,10,8,0,5,4,0,15,0,,-0.7431431115555451,-1.2291385304589426,0,-2.4662217798307715,5.158340249228916,,,,,,0.6743667146994189,10.169826649373084,10.714285714285714,-58.00348833594901,0,24.21588423992475,27.810106066591185,12.44738922325345,32.40903824742912,,,,1243288
2025-05-27,125.88600827,125.93385184,124.35501394,124.73776253,126.03114891892884,126.09759243070089,129.22934795726258,133.19203942983464,139.94102462512095,128.39817598966738,0,0,0,0,141.85351764002118,128.76443177432495,35.63549975923233,75.66042012665078,4,3,123.81017562207964,123.46528366140745,124.15506758275183,122.08571581871873,130.79475882,129.26084351,128.91595154932781,129.6057354706722,130.98530331336093,123.81017562207964,0,0,3.5,-10.864049435001633,0.052139657795798516,-1.2199596286108454,4,6.958358000874825,15.408254591337048,0,3.1607972985494612,130.79475882,123.81017562207964,1,1,0,0,10,8,0,5,4,0,16,1,,-1.4171172623663881,-1.2447289708379798,0,0.0539783203795956,4.470197819566067,,,,,,1.1618469544413983,9.61668739659436,9.523809523809524,-60.10411467448069,0,24.104459189537195,28.925644008661866,12.260656811258558,31.084383828636,,,,2190150
2025-05-28,125.08223625,126.19220713,124.18277708,124.54638824,125.53622869261922,125.32382972243423,128.78335179371376,132.85299428513525,139.78784416357746,128.08243775564208,0,0,0,0,141.70992464055684,128.55143065070965,48.93342338179775,70.50424314449262,4,4,118.18892439,117.85072622964368,118.52712255035631,116.49793358821843,130.79475882,130.62324566485583,130.39287281,131.29964198556846,132.6524346269937,123.31625001058256,0,0,3.5,-10.90327704442037,0.021172193024313973,-1.1557849693635887,4,6.62438726950511,45.68711426226258,0,3.600943919276438,130.79475882,123.31625001058256,1,1,0,0,10,8,0,5,4,0,17,2,,-1.1693775441945118,-1.1901127325144234,0,1.1058391615699508,1.1285070185488264,,,,,,0.8317564787711205,8.905881135477694,8.333333333333334,-61.19027570588435,0,22.94755063959063,29.794041539967708,12.292300262157726,29.435363946190982,,,,1548808
2025-05-29,124.52725081,125.98169541,124.29760166,125.34059154,125.47101630841281,124.76859118558181,128.45546986478865,132.55839025591428,139.64409040612892,127.76216702192184,0,0,0,0,141.60343120158421,128.42836563786025,59.30967368839717,80.12926989383409,4,5,124.08708994,123.75801223975843,124.41616764024157,122.44170143879212,130.79475882,130.4363199462162,130.10724224597462,130.76539764645779,132.0817084474241,124.08708994,0,3,2,-10.24282432899942,0,-0.8582119055120326,4,6.599501863367401,47.22565489298744,0,3.858802952345415,130.79475882,124.08708994,1,1,0,0,8,8,0,5,4,0,18,3,,-0.5022845361016549,-0.8934083041449771,0,1.5498482490886207,1.3779006952738153,,,,,,0.6682474038458227,8.00314123246977,6.746031746031746,-64.99269308054,0,22.861345063995632,30.600410676180278,11.730628037530643,28.090373505202294,,,,1222407
2025-05-30,125.35016026,126.27832556,125.12051111,126.19220713,125.71141324894188,124.46353062464979,128.23992103290402,132.30873601568234,139.51024082129183,127.44534876790705,0,0,0,0,141.4016677765853,128.2662688200231,71.24512438527874,78.5812012221933,4,6,124.08708994000001,123.77118016075784,124.40299971924219,122.50754104378913,130.79475882,130.93166981206514,130.61576003282295,131.24757959130733,132.51121870827603,124.08708994,0,0,0,-9.546276755662552,0,-0.571499548232447,4,6.231530183587293,55.68044901662001,0,4.333249757879784,130.79475882,124.08708994,1,1,0,0,8,8,0,5,4,0,19,4,,-0.6331665715041992,-0.6041307828949163,0,2.5713058458878058,1.433577320665444,,,,,,1.3377634560388447,6.803002102879507,5.158730158730159,-68.48514747036005,0,21.58665377374441,31.13451401048351,12.185129534002987,27.171162137430066,,,,2492600
2025-06-02,125.13964854,125.59416248,124.06795251,124.67078152,125.36453600596126,124.19797891268183,127.90000298405602,132.00920838840068,139.36258450983618,127.12443475457388,0,0,0,0,141.27894360431546,124.67078152,73.31519609590549,82.34051217635961,4,7,124.0790080561,,,122.51745128551131,130.79475882,125.23533568,124.92302432588227,125.54764703411774,126.79689245058869,122.90527401365115,0,3.5,3.5,-10.542143030362093,0.019781277976476386,-0.9134055558737432,4,6.265339307680369,43.12835184467169,0,1.4921402220109234,130.79475882,124.08708994,1,1,0,0,8,8,0,5,4,0,20,0,,-1.158250223811811,-0.9390741340068208,0,1.932355647201959,2.2514743902935206,,,,,,0.7510306027637212,9.255612801343261,9.920634920634921,-57.354819268767585,0,21.703772015121626,31.96340745392247,11.445130886858912,28.530193776850947,,,,1406876
2025-06-03,124.42199495,125.01525525,123.46512349,124.47940723,125.06949308064084,123.96994981683376,127.5742319598602,131.7139220684634,139.21449319361892,126.79949981785455,0,0,0,0,141.15939691013472,124.57620360650441,81.42482843476742,86.38501196788367,4,8,123.82442872380767,,,122.30520941183246,130.79475882,125.23533568,124.93149181760496,125.53917954239505,126.75455499197521,122.65001350229102,0,7,3.5,-10.584448232071225,0,-0.8891189602141504,4,6.264898768371317,50.18459197004286,0,1.701743887357312,130.79475882,124.08708994,1,1,0,0,8,8,0,5,4,0,21,0,,-0.9395215212578856,-0.904111072934325,0,3.302047608708887,2.8145152661984154,,,,,,0.739697075108581,9.324304477881435,10.714285714285714,-57.03530177144109,0,21.702245942189606,32.91456318844027,10.923791079265019,29.00204510338947,,,,1374632
2025-06-04,124.47940723,125.48412226,123.98183408,124.05838379,124.73245665042722,123.74272929798917,127.23938927701637,131.41370488107268,139.06368613487643,126.47040683115145,0,0,0,0,141.05771581356728,124.42422885859354,72.14651643164123,89.67375712857358,4,9,119.66165472,119.36610070331174,119.95720873668826,118.18388463655873,126.27832556,125.23533568,124.93978166331175,125.53088969668826,126.71310576344128,122.19122696181063,0,0,5,-10.790237740658588,0.017093583143217767,-0.9231342868025096,4,5.851199873155837,28.828750529376094,0,2.0599339182050476,126.27832556,122.19122696181063,1,1,0,0,8,8,0,5,4,0,22,1,,-1.1367486651457421,-0.9284705064866007,0,1.142089221133812,3.2612580566457576,,,,,,0.6636503153814962,11.468984370795155,16.666666666666668,-43.416552524646264,0,20.269150931092955,33.425951855288716,11.84445970556948,27.68582965066184,,,,1155459
2025-06-05,123.5321045,123.7330475,121.51310573,121.80973588,123.75821639361816,123.34043444218874,126.72227942968148,131.0370786457365,138.892005037813,126.1265800919274,0,0,0,0,140.87233859261832,123.5762755366237,44.68502051724883,61.19153796865436,4,10,119.66165472,119.36448600753948,119.95882343246052,118.1758111576974,126.27832556,125.23533568,124.93816696753949,125.53250439246052,126.72117924230261,121.39926596482782,0,0,4,-12.298957850858574,0,-1.4203081634501922,4,5.908775265700673,10.476347140094404,0,2.581745354960145,126.27832556,121.39926596482782,1,1,0,0,10,8,0,5,20,0,23,0,,-0.9179238466168239,-1.4171952479801255,0,-1.6531569981827738,4.053621108911244,,,,,,1.082388863361276,11.594582322235697,17.063492063492063,-43.354291508239875,0,20.468597941399715,34.62363423814242,10.938665822540074,32.98599046902153,,,,1889776
2025-06-06,122.26903418,122.79531348,121.52267445,122.18291575,123.23311617907878,122.91236412127924,126.28995907923563,130.6898565713939,138.72574544290939,125.77404818837844,0,0,0,0,140.76995713587607,123.35825917950453,62.275552280856914,75.24667552779304,4,11,119.66165472,119.37434949566166,119.94895994433834,118.2251285983083,126.27832556,126.235266345,125.94796112066166,126.52257156933834,127.6717924666917,120.97582875263433,0,6,3.5,-11.924844692737546,0,-1.1907614170462792,4,5.789286655458312,46.77017701129973,0,3.661219599802327,126.27832556,120.97582875263433,1,1,0,0,8,8,0,5,148,0,24,0,,-0.6614988256320203,-1.1870206006780621,0,2.2772607047573956,2.2254376265341813,,,,,,0.6290852728483018,11.678066763934135,18.253968253968253,-41.76886211520619,0,20.054677253668586,35.73576787936371,10.506044373958458,31.681402943347063,,,,1080812
2025-06-09,121.82887331,122.67092019,120.94855157,122.00111017,122.82244750938585,122.47280968607315,125.88149727835605,130.34912141839806,138.5593311615869,125.41591966747689,0,0,0,0,140.63051889484456,123.1192206383247,62.37738396062278,73.6168283879122,4,12,119.66165472,119.37949300615011,119.94381643384989,118.25084615075056,126.27832556,126.235266345,125.95310463115011,126.51742805884989,127.64607491424944,120.39707249992236,0,1.5,0,-11.950274913117772,0,-1.1248153207353608,4,5.4519482460162,45.109464530658435,0,4.138189951726478,126.27832556,120.39707249992236,1,1,0,0,8,8,0,5,148,0,25,1,,-0.6897907322392623,-1.1202758449011343,0,1.1199185635402866,1.2571648623178486,,,,,,0.8711520519739788,11.634292812984425,17.857142857142858,-38.39759858032658,0,18.886102724672163,36.923437738521905,9.933447163430772,31.77143596826632,,,,1476752
2025-06-10,122.37429004,122.77942941,121.10279925,121.41741859,122.35410453625724,122.01048253937661,125.45634692708404,129.99885856238245,138.38876486734225,125.05142847795823,0,0,0,0,140.49540260600614,122.87455569884493,68.74046502660542,67.26065255741895,4,13,119.66165472,119.3846775021394,119.9386319378606,118.27676863069696,126.27832556,126.235266345,125.9582891271394,126.5122435628606,127.62015243430304,120.15096900510112,0,0,1.5,-12.263528974776797,0,-1.1702418307871385,4,4.657550363140153,52.21066021484043,0,4.777772620512005,126.27832556,120.15096900510112,1,1,0,0,8,8,0,5,148,0,26,2,,-0.7061821135230058,-1.1643395251008382,0,1.9121898612802397,1.232040069124349,,,,,,0.8373047246843986,11.588317051220711,17.063492063492063,-28.1755703392307,0,16.134227735539238,37.930628096735944,9.746357410816202,30.054270893206922,,,,1407792
2025-06-11,121.65663645,121.93872215,120.34572256,120.81458957,121.84093288083815,121.51482478447834,125.01427479783794,129.6386911509165,138.2138974514483,124.6799961432608,0,0,0,0,140.37793592992912,122.64933893163827,67.94998111815829,65.36507449419808,4,14,119.66165472,119.39023837850443,119.93307106149557,118.30457301252217,126.27832556,126.235266345,125.96385000350443,126.50668268649557,127.59234805247783,119.72130007854655,0,4,1.5,-12.588681892542915,0,-1.214829691677108,4,4.574805415952243,43.71528230319926,0,4.875661357411733,126.27832556,119.72130007854655,1,1,0,0,8,8,0,5,148,0,27,3,,-0.7840678995868908,-1.2077947844291659,0,1.393877001278133,1.697646869392109,,,,,,0.7178069649288383,11.715705923553221,19.444444444444443,-26.07263748176259,0,15.847590830341108,39.08257461483426,9.235612576821623,30.969813059507608,,,,1201987
2025-06-12,120.93898286,121.82887331,120.56580299,121.79059845,121.82415473722544,121.11954284466405,124.70725800280576,129.33092280970408,138.05048154098614,124.3105290782252,0,0,0,0,140.25015340930156,122.55270396020852,64.7890823191596,77.69586272231464,4,15,119.66165472,119.39834784646841,119.92496159353159,118.34512035234202,126.27832556,129.4401144873965,129.03583024982,129.65690236800012,130.7101298621265,119.34962599988329,0,0.5,0,-11.77821541039587,0,-0.8434412785392889,4,4.314647946623935,43.546084930346666,0,7.945170340680598,126.27832556,119.34962599988329,1,1,0,0,8,8,0,5,148,0,28,4,,-0.7375353729074562,-0.8433336875045696,0,1.0717280617318083,1.368635345536326,,,,,,0.8390483931490484,11.905918826494391,19.841269841269842,-20.342452913163484,0,14.946378920650766,40.15223923878269,8.840051985419867,29.64337829759856,,,,1394050
2025-06-13,120.98682643,121.61836159,117.53730485,117.76216964,120.47015970481696,120.41216381851298,124.04582101587188,128.8772462148137,137.84860779072758,123.92091379964357,0,0,0,0,140.06178281223222,117.76216964,57.05570186106099,29.61274140420899,4,16,117.53730485,117.2548297745778,117.8197799254222,116.12492947288901,126.27832556,118.18892439,,,119.60129976711099,105.783574365,0,0,0,-14.571375418764806,0.08549173027166052,-1.8143104561937962,4,5.070987781251796,43.685312057058596,0,6.188879282135131,126.27832556,105.783574365,1,1,1,0,8,15,0,5,148,0,29,5,,-1.6839338421732841,-1.7949404619208496,0,0.8188321766171454,1.0853593073647643,,,,,,1.0264651717663607,13.04996288563216,21.03174603174603,-25.710730236915957,0,17.566416963378163,41.878043587890325,7.651598946148035,35.23071774630419,,,,1712931
2025-06-16,118.19276179,119.29316396,117.76216964,118.58507909,119.84179949987798,119.66116553818397,123.52575035626504,128.4736318177622,137.65693088823278,123.52026847446771,0,0,0,0,139.8549586189014,118.2042512283891,57.05372817670757,52.85610033663229,4,17,117.53730485,117.26133697353653,117.81327272646347,116.15746546768266,126.27832556,122.18291575,121.90694787353654,122.45888362646348,123.56275513231735,117.88063607813199,0,3,0,-13.854625172282617,0.028195767961237544,-1.4195797050619903,4,5.0045502953062995,34.47805107629377,0,6.334810284455046,126.27832556,117.88063607813199,1,1,0,0,8,15,0,5,148,0,30,6,,-1.2255661436899004,-1.40661543549437,0,0.6101004244241341,1.9877531275498836,,,,,,1.2357946878376136,14.081943941516844,25.793650793650794,-18.771781223048265,1,17.336270761008677,43.48057619777598,7.272590207250829,33.48562498890186,,,,1988445
2025-06-17,117.99181879,118.75731595,116.71917976,116.83400433,118.83920110991865,118.76929631117096,122.88844121090646,128.01717583784995,137.44973758914588,123.10203597139713,0,0,0,0,139.71379167286284,117.85338949172463,65.36279124773147,37.63406922120462,4,18,116.71917976,116.44472623015892,116.99363328984109,115.3469121107946,124.75341694664,118.18892439,,,119.5611920392054,105.047261784,0,0,1.5,-14.998743264806249,0.06570367313842734,-1.7396413262563544,4,5.075396371345649,42.97690644681263,0,5.854715872149408,124.75341694664,117.04688554741304,1,1,1,0,8,15,0,0,148,0,,7,,-1.5256293851074187,-1.715589178538365,0,1.8119763813883338,2.198535128542006,,,,,,0.8114822533342527,15.99794793710638,32.142857142857146,-9.007899362142636,1,17.58168876744276,45.17731076996716,6.79038102724149,34.65843359977987,,,,1273975
2025-06-18,116.70961104,117.38898977,115.48481558,115.71446473,117.79762231661243,117.75035911156708,122.20520535558204,127.53471657871857,137.23346621741308,122.66505924694589,0,0,0,0,139.5162328052053,117.30286678783278,45.25680387459672,33.48014693387065,4,19,115.48481558,115.21296431845114,115.75666684154886,114.12555927225571,123.9905798834,118.18892439,,,119.54818069774429,116.28629048732711,0,0,0,-15.680578564795155,0.08182833524341013,-1.8581376190776193,4,4.984327935075647,19.707670430056794,0,6.2576603506924116,123.9905798834,116.28629048732711,1,1,1,0,10,15,0,0,148,0,,8,,-1.654626681947281,-1.8309736317420626,0,-1.0141131213564432,2.5785396481158354,,,,,,1.0967733441390781,18.31452920537525,42.857142857142854,6.071455415224258,2,17.266218450271776,46.973961999578066,6.365711163041852,36.54499317553455,,,,1724402
2025-06-20,115.70489602,116.73831718,115.14034186,115.5613653,117.05220331107496,116.77194935307531,121.57245868362185,127.06517339131784,137.01782342221495,122.21372132362787,0,0,1,0,138.989970019975,115.5613653,84.34537080755216,41.159876058963825,4,20,115.14034186,114.87364090891893,115.40704281108108,113.80683710459459,123.9905798834,117.88801303873478,,,119.2215177941402,115.31062277629339,0,10.5,2,-15.659610980753738,0.031102827744703465,-1.709879677651746,4,4.4520897329376075,50.1363921527418,0,6.636825243798499,123.9905798834,115.31062277629339,1,1,0,0,8,15,0,0,148,0,,9,,-1.2488226219576277,-1.6852714017089971,0,2.685537677906529,2.31330342880913,,,,,,2.7516722634901534,20.714382635366583,55.55555555555556,34.31281833951987,3,15.422491234607378,48.70079361169969,6.025166240390133,35.743178008886154,,,,4705408
2025-06-23,115.73360216,117.2071842,115.5040487,117.02537862,117.04326174738331,116.0335411806606,121.13940343946739,126.67145594930538,136.81889362318793,121.76155052477917,0,0,0,0,138.8182743839911,115.94780542112368,58.15870022962253,70.55063086870638,4,21,114.91274523764426,114.64988778753326,115.17560268775526,113.59845798708923,123.9905798834,117.88658209933524,117.62372464922424,118.14943954944624,119.20086934989027,114.75113483983343,0,1,0,-14.466945667387964,0.002027484768780591,-1.1545935764669122,4,4.748409064445792,41.15587021497788,0,2.3856636044956776,123.9905798834,114.75113483983343,1,1,0,0,8,15,0,0,148,0,,10,,-1.0162198781502447,-1.1382159223559505,0,0.5208948382346295,1.1930886713562874,,,,,,0.9874519599694622,20.719561222661078,55.95238095238095,25.96265493388464,3,16.44897150948142,49.82876712046603,7.269221426246968,33.67539933387056,,,,1687457
2025-06-24,117.02537862,117.47032385,115.99195745,116.75745461,116.94799270158887,115.52771159135152,120.72207497951811,126.28267158305812,136.619277314599,121.31032673630934,0,0,0,0,138.6780594495487,116.09162170083088,51.35243260315544,70.99782945530566,4,22,115.14034186,,,113.8539337701989,123.9905798834,117.87447352157893,117.61719190361872,118.13175513953915,119.16088161138003,114.24537911661659,0,1,0,-14.538082103056619,0.0034008861166883453,-1.106525813828157,4,4.737853612090358,37.84427193097341,0,2.821106640835463,123.9905798834,114.24537911661659,1,1,0,0,8,15,0,0,148,0,,11,,-1.0272070889335068,-1.09112432685481,0,0.14796692453800997,1.214661674920456,,,,,,0.8047805042746956,20.721032796460452,56.34920634920635,26.252253049722853,3,16.412406349928453,50.606296520344095,7.8094643519304,31.947700432909738,,,,1380824
2025-06-25,115.78144573,116.21203789,114.26002012,114.32700112,116.07432884105926,114.97751216231647,120.11302032623067,125.8138217609774,136.3974636211204,120.84753913644552,0,0,0,0,138.49652526592988,115.78547620788297,56.52543927313708,39.989818788023506,4,23,114.26002012,113.99881723823336,114.52122300176663,112.95400571116683,123.23365628911999,117.87447352157893,117.6132706398123,118.13567640334557,119.1804879304121,113.33531072546411,0,0,0,-16.18099187124687,0.04936569491777726,-1.6303910228696246,4,5.0516592150404085,44.83554813427406,0,6.87100854969689,123.23365628911999,113.33531072546411,1,1,1,0,8,15,0,0,148,0,,12,,-1.394925559342218,-1.6069156563843072,0,1.0756910293671922,1.3122484094366618,,,,,,0.9667634283840058,20.852038194354023,57.53968253968254,19.158175088482828,2,17.499460845947,51.721181394008596,7.142781376249336,35.14056760980202,,,,1631759
2025-06-26,114.5088067,114.58535642,112.28886493,112.92040009,115.02301925737284,114.28124527082903,119.42800887516108,125.30819738172339,136.1638609989202,120.36876142224905,0,0,0,0,138.28446180694968,115.31880995484175,47.00297027345461,31.582620714839084,4,24,112.28886493,112.02581500862742,112.55191485137259,110.97361532313707,122.0154823817,117.87447352157893,117.61142360020635,118.13752344295152,119.18972312844187,112.26751886253915,0,8.5,1.5,-17.070212858538525,0.06881417179649502,-1.8325674551568194,4,5.103881821498747,31.266419752432363,0,7.395263530927349,122.0154823817,112.26751886253915,1,1,0,0,10,15,0,0,148,0,,13,,-1.5505133743719601,-1.8045894957774145,0,-0.24221020798943105,1.6377360640771426,,,,,,1.0752846374176548,22.3585235002125,60.714285714285715,26.459624389771257,3,17.68036526132603,53.109905545942645,6.586011155061211,39.09200063881967,,,,1830048
2025-06-27,113.3892671,114.19303912,113.04900361,114.00166483,114.6825677815819,113.65020138879008,118.91121420419336,124.86480394832247,135.94334163405532,119.88501353383407,0,0,0,0,137.71863038237348,114.89849338747337,64.61469375896257,65.39326025997777,4,25,112.28886493,112.03324144024332,112.54448841975669,111.01074748121657,117.47032385,115.5613653,115.30574181024332,115.81698878975669,116.83948274878344,111.6837095775853,0,3.5,0,-16.140310029394396,0.06286257571275003,-1.3590149498012545,4,5.186539482681999,32.91455148749268,0,3.033880592198799,117.47032385,111.6837095775853,1,1,0,0,8,8,0,0,148,0,,14,,-1.5029006057020002,-1.3414783419658904,0,1.2428602486117928,2.9317613210962254,,,,,,2.7654940201761873,23.690500862448328,62.698412698412696,31.857832142625014,3,17.966699798934446,54.39943511559569,6.2932530563125635,37.35430243062473,,,,5265739
2025-06-30,113.96338997,114.99681114,113.55193525,114.89155528,114.7522302810546,113.27890751158661,118.52838954474637,124.47369615740787,135.7338711230697,119.40521543527603,0,0,0,0,137.50483291724834,114.89769803966885,50.22338622858895,85.72010160122235,4,26,112.28886493,112.03859958335093,112.53913027664908,111.03753819675465,117.47032385,115.5613653,115.31109995335093,115.81163064664908,116.81269203324536,112.28886493,0,2,0,-15.355279909590132,0,-0.9860473843575209,4,5.210856848836768,29.195583637732366,0,2.6152245317357568,117.47032385,112.28886493,1,1,0,0,8,8,0,0,148,0,,15,,-0.531452400152095,-0.9728516466498288,0,0.1529195550654343,2.3438781611212764,,,,,,1.1326694120836962,24.868805843193933,65.87301587301587,37.77016107435124,3,18.050937626307075,54.804838341724405,8.836419216312047,35.42876292352749,,,,2136535
2025-07-01,115.31257872,118.74191032,115.31257872,118.21189922,115.90545326070307,113.51219277147752,118.49824760905625,124.2281354931958,135.55952314393465,118.95212182953492,0,0,0,0,137.3087884824359,115.26763857609733,94.21787455593491,82.29853913672135,4,27,118.21189922,117.92215696954015,118.45569181045984,113.94362049264244,122.0154823817,119.29316396,,,120.62700106229924,112.28886493,1,1,0,-12.79705292671711,0,-0.014317966061970729,4,6.1045900550548655,57.61073951132609,0,0.8911281115080165,122.0154823817,112.28886493,0,1,1,0,5,8,0,0,148,0,,16,,-0.011970835942256942,-0.011104316657510863,0,4.161118100972405,1.8689415816504973,,,,,,1.2114659836212502,24.067247672453355,63.888888888888886,13.809705459570429,2,21.14692026946943,52.37632656627377,20.2323334037394,30.86307783134044,,,,2341799
2025-07-02,118.79559081,119.40798854,117.3411462,119.28359525,117.03150059046871,114.2819921270221,118.57304262247946,124.03423195424693,135.3975736126517,118.53332944974628,0,0,0,0,137.1444821429804,115.6362162316359,75.4427671687919,88.85633546895352,4,28,118.18892439,,,116.85809161911499,122.0154823817,119.29316396,119.026997405823,119.559330514177,120.62399673088501,112.28886493,0,1,0,-11.901231264860716,0,0.2749510949889413,4,6.215130551197935,43.90322486219623,0,5.263094795405516,122.0154823817,112.28886493,1,1,0,1,8,19,0,0,148,0,,17,,0.5723533471052598,0.2729946950329544,1,2.1797915863874637,3.420155055326341,,,,,,1.076000292645842,22.64589566104329,61.507936507936506,5.183743513026116,2,21.529843780696766,49.734026522211295,21.06394141300186,28.72326849138436,,,,2120043
2025-07-03,119.45583211,120.21176056,118.95825895,119.45583211,117.83961109697914,115.34104999470303,118.65711781176714,123.85468686231569,135.238949319093,118.14837948025753,0,0,0,0,137.06286801414734,115.80653178073567,84.7557676274518,89.87990877996054,4,29,118.18892439,117.93057775388921,118.44727102611078,116.89719120944606,122.0154823817,122.0154823817,121.75713574558921,122.27382901781078,123.30721556225393,112.30416001918076,0,0.5,7,-11.670541133718151,0,0.30082561770452027,4,6.223600360859784,52.16627992855771,0,7.518055979915866,122.0154823817,112.30416001918076,1,1,0,0,8,8,0,0,212,0,,0,,0.8433028110518356,0.29510861626980295,2,3.7850588748048555,2.8892088191273606,,,,,,0.5482400725578657,19.990325496681862,48.80952380952381,-7.276984884171779,1,21.559184062026286,46.8262814633778,22.92928951172532,27.47893176278967,,,,1078076
2025-07-07,118.87214052,119.91034605,118.20233051,119.17833939,118.28585386131942,116.43511858778092,118.70675796207503,123.67130068693076,135.07914225512192,117.79459998414775,0,0,0,0,136.95039996718498,116.00086092315242,89.10792456661045,88.50804809873898,4,30,118.18892439,117.93378094628999,118.44406783371001,116.91320717144991,122.0154823817,122.0154823817,121.76033893798999,122.27062582541001,123.29119960025008,112.40486896194165,0,2,2,-11.771471597806206,0,0.20485009390587555,4,5.981361240141096,53.68721396546882,0,2.9995346429901373,122.0154823817,112.40486896194165,1,1,0,0,8,8,0,0,212,0,,1,,0.8123225147429737,0.19934779273565098,3,3.6461462755050986,2.370738832224582,,,,,,0.7598977323826043,18.930668135467748,44.04761904761905,-8.635961738920537,1,20.72004313269513,44.46974844792688,21.558786545205223,28.481813049244955,,,,1478666
2025-07-08,118.81951259,121.63749902,118.35542994,120.52752814,119.03307862087962,117.56020638546752,118.88016464568693,123.54801548901192,134.93435007487196,117.47819713356479,0,0,0,0,136.79975601415427,116.35488997671607,92.5482740781546,85.68068314680494,4,31,120.52752814,117.92270128976926,118.45514749023073,116.26795853630831,123.17285604293274,123.36140031617423,123.0951772159435,123.62762341640496,124.69251581732787,112.5332888100671,1,3.5,5,-10.676912088640101,0,0.5407318085952628,4,6.0960428692104145,57.95182481654206,0,0.6210317353753486,123.17285604293274,112.5332888100671,0,1,0,0,8,8,0,0,212,0,,2,,0.7728249786708234,0.5323405911947345,4,4.333460337711935,1.9203561594147178,,,,,,1.0880439859426483,18.894706457341453,44.04761904761905,-10.525039821299579,1,21.117311949180785,41.34563642419022,24.978242357605254,25.346711664144213,,,,2176823
2025-07-09,120.56580299,120.85286443,119.15920196,120.56580299,119.54398674391975,118.64748077662293,119.0407016308596,123.43106597924674,134.79137945711204,117.19619568992174,0,0,0,0,136.69834083387795,116.56910940875491,93.18169670237796,86.57899430820846,4,32,120.56580299,117.92659523916075,118.45125354083925,116.87727863580375,122.91063788704875,123.1886689979044,122.92633984706515,123.45099814874365,124.50031475210065,112.65197624795113,1,0.5,0,-10.553773189655907,0,0.5008770028967786,4,6.096201875930134,53.7468247656858,0,0.635710834979619,122.91063788704875,112.65197624795113,0,1,0,0,8,8,0,0,212,0,,3,,0.8320378488069453,0.4927267331169056,5,3.7256244228237136,2.411782444083767,,,,,,0.7453846617745304,19.349922881136045,45.63492063492063,-8.371774659136719,1,21.117862764615385,38.44467525929189,23.538369440307807,23.885598302153138,,,,1491835
2025-07-10,120.3074477,123.23547435,119.69504997,122.32644647,120.47147331927982,119.84852842643333,119.35362971077774,123.38774756711942,134.66735027316068,116.95610956543766,0,0,0,1,136.59999753162893,116.87497485729531,96.29052474543903,71.1470176644289,5,0,122.32644647,117.91372210368498,118.46412667631502,117.32415349316655,123.09830172475054,123.49135099832868,123.21614871201366,123.7665532846437,124.86736242990378,112.55521519824933,1,4,10.5,-9.163990958556967,0.09090299264188459,0.9107682987531804,0,6.258864724987822,88.35598465696582,0,0.1543002895522422,123.09830172475054,112.55521519824933,0,1,0,0,13,8,0,0,212,0,,4,,1.7272239411350767,0.9002147367057692,6,6.561857495674089,0.5561400717118961,,,,,,0.8172310734833553,19.684616941346594,47.22222222222222,-9.20942224068249,1,21.68134340275903,36.765271821723545,28.564710279653568,21.1419945590093,,,,1645337
2025-07-11,121.53224316,122.1542096,120.82415829,121.08251358,120.67515340618655,120.8963884127498,119.51828531737033,123.29734623429121,134.53217776875113,116.74696706208087,0,0,0,0,136.51165945164112,117.05404534171474,97.22864424325788,84.05223706680766,5,1,119.45583211,119.18687384252891,119.7247903774711,118.11104077264456,123.14326807539221,123.42687874360065,123.15792047612956,123.69583701107175,124.7716700809561,112.53704124860768,0,0,3.5,-9.997358558983493,0.09560960527987528,0.5015004621460415,0,6.327465940068675,48.354446737039005,0,2.742013472992483,123.14326807539221,112.53704124860768,1,1,0,0,13,8,0,0,212,0,,0,,1.7648768422390022,0.49712254373085224,7,5.057446467741693,4.865437914445952,,,,,,0.6808323361767391,20.326933350368762,55.55555555555556,-7.263345604768169,1,21.918984982721025,35.205825772552934,27.140152225212862,20.087616680111957,,,,1376671
2025-07-14,120.55623428,122.03460067,119.80030583,121.90542303,121.08524328079103,121.78120578821127,119.7456317661922,123.24276101059351,134.40653841811678,116.57092971600392,0,0,0,0,136.41328208369714,117.28811747989785,98.00599136491769,84.89937792319456,5,2,121.90542303,119.18613608627685,119.72552813372316,117.64273764021478,123.16632446253813,123.23847617443167,122.96878015070851,123.50817219815482,124.58695629304744,112.5254673194617,1,2,0,-9.3009726574669,0.0846603598222497,0.6662451427432091,0,6.3119630881107955,71.80918172256374,0,0.2957997875141487,123.16632446253813,112.5254673194617,0,1,0,0,13,8,0,0,212,0,,1,,1.6772828785779976,0.6645990902804688,8,5.612424411144931,2.6425257531338127,,,,,,0.8060724676115644,19.830927512900487,48.01587301587302,-9.304037602666664,1,21.865281528214492,33.167268862075794,25.132630769188665,21.99133362455937,,,,1639817
2025-07-15,121.36957501,122.01575031,118.47025451,118.81472824,120.32840493386068,122.10570243824546,119.65697428750723,123.06911266664866,134.25139602828477,116.40456982661456,0,0,0,0,136.2861256357044,117.36376503689397,95.56812444334795,89.33302089253891,5,3,117.36376503689397,117.36376503689397,117.95783867809396,116.23541209877939,122.0154823817,119.833796335,,,121.24423750764322,112.56165146016502,0,0,3.5,-11.498329436389996,0,-0.19069507511093509,0,5.902936151083019,40.99309406802955,0,4.122572989067442,122.0154823817,112.56165146016502,1,1,0,0,8,8,0,0,212,0,,2,,0.8275621049202097,-0.18635748198588473,0,3.225830014878831,3.864530282343664,,,,,,0.8697582070211262,20.585572163390488,57.142857142857146,0.6709654802499748,2,20.448370655021726,31.018621708975598,22.312222815475543,23.73328323785041,,,,1771941
2025-07-16,118.45111708,121.67098952,118.42241094,121.4269873,120.69459905590712,122.24369490011345,119.82554695536368,123.00471559344676,134.12378997128693,116.26041867511718,0,0,0,0,136.19174548450948,117.53441123605228,97.25081750975345,86.53944926570594,5,4,121.4269873,117.53441123605228,118.14154617255228,116.77187944700303,123.23547435,123.22078652245621,122.9298422816439,123.51173076326852,124.67550772651776,112.49109840081864,1,4,0,-9.466480684750296,0,0.5061662282550173,0,6.248900193927373,74.47768981616348,0,0.38849519863126375,123.23547435,112.49109840081864,0,1,0,0,8,8,0,0,212,0,,3,,0.6591472344757106,0.5059905915537538,1,5.790100895973208,2.435920515874911,,,,,,0.7774995920622506,21.208274699133536,60.317460317460316,-2.0259347517545803,1,21.646825254618438,29.047880289228356,20.08784565511528,21.514059573278,,,,1567625
2025-07-17,121.4269873,124.21148323,121.04902308,123.68520393,121.69146734727141,122.52107329365887,120.19313333390048,123.0314014105665,134.01992344351294,116.14817535502137,0,0,0,0,136.09125850096274,117.84708268751858,98.28840657705288,88.56115286507321,5,5,123.68520393,122.51665286181543,123.11345038314545,118.91082375935996,124.41715596569375,124.57337057635458,,,126.33324358266,120.18054741012,1,4,0,-7.711330709623067,0,1.041066943143731,0,6.235360171787538,72.97657760647843,0,0.15330828495704557,,120.18054741012,0,1,0,0,8,8,0,0,212,0,,4,,0.8899228279632752,1.0358417657037635,2,6.407234708616119,3.2683108857477947,,,,,,0.9739782493936038,20.83695110111462,59.12698412698413,-3.5322820504304264,1,21.599921242054833,27.96876329546431,25.788581451683335,19.478272319719572,,,,1999085
2025-07-18,123.88614693,124.29760166,122.13985653,122.83358834,122.07217434484761,122.80792140094414,120.44460523924329,123.02364403525017,133.90861662656255,116.05797593477473,0,0,0,0,136.003269615429,118.0493161390048,98.81455356737015,86.01375446445624,5,6,122.48528712760012,122.18893698260761,122.78163727259262,121.00353640263761,124.93904483858438,123.13321143943112,,,124.61496216439363,120.18054741012,0,4,3.5,-8.270586737108943,0,0.7211482165224172,0,6.183924177158484,78.74363771654967,0,1.6559854971870163,123.23547435,120.18054741012,1,1,0,0,8,8,1,0,208,0,,5,,0.6836803086699479,0.7213694996699823,3,6.436843760688751,2.4087283972311804,,,,,,0.811122920859734,19.956714790239555,49.20634920634921,-6.838972097651375,1,21.42174172998411,27.00418052378883,24.37153958439899,18.211999130576807,,,,1662307
2025-07-21,122.82401962,123.32159278,121.01553258,121.11121972,121.75185613656507,122.92437679859911,120.50809233264869,122.94864700327958,133.78127934391017,115.97703938330345,0,0,0,0,135.92200624677668,118.14864646663767,99.18344307820067,88.76840237585941,5,7,121.08251358,120.78674147929267,121.37828568070732,119.60365307646337,123.23547435,122.84070225287304,,,124.31956275640967,118.42241094,0,0,3.5,-9.470726910406787,0,0.21530632275724057,0,6.405668058446983,75.44724954652013,0,1.4558241056890124,123.23547435,118.42241094,1,1,1,0,1,8,0,0,208,0,,6,,0.3949552074049022,0.2183318802187124,4,6.955850893426067,3.422320233140707,,,,,,0.72988717368904,18.454404059867212,42.06349206349206,-16.834161132901272,1,22.189885067302516,25.463350604926678,22.674943826034017,20.338226809460743,,,,1374255
2025-07-22,121.34086887,124.28803294,121.34086887,124.18277708,122.56216311771004,123.16675772161861,120.85806230858691,122.99704426119018,133.68577185869714,115.92330411202117,0,0,0,0,135.85977882724941,118.3339440224312,98.99072556867196,89.84105961778955,5,8,124.18277708,122.1419616504001,123.20465095814201,119.33461826663404,125.79860117646622,126.00870726711592,,,127.83005463334149,120.18054741012,1,4,0,-7.108456379891792,0,0.9825152727946104,0,6.72753835290833,66.36606285921506,0,0.3332861316365172,,120.18054741012,0,1,0,0,8,8,0,0,192,0,,7,,0.7289854549872578,0.9738072717577201,5,5.628796415857883,3.320859948314577,,,,,,0.7193951252573553,18.356187793827473,41.666666666666664,-21.23456301456759,0,23.304876474210932,24.4923907290455,23.400107325889714,18.434389253010387,,,,1342077
2025-07-23,124.16363965,126.33573785,124.06795251,125.76161498,123.6286470718067,123.627427947987,121.32506732491197,123.10545879918273,133.6069245265708,115.90392458013906,0,0,0,0,135.7981141715261,118.58923196523564,99.21393086703924,68.68717252309382,5,9,125.76161498,124.83803409690286,125.44126298309713,121.65503696522295,126.69839657940888,126.69839657940888,,,128.20646879489453,122.278602895,1,5.5,4.5,-5.871933340558685,0.0035506103448968984,1.2861509557775854,0,6.770022495505965,89.84835478030661,0,0.22811732689309,126.69839657940888,122.278602895,0,1,0,0,8,8,0,0,64,0,,8,,1.0284048827591752,1.269685546358515,6,6.648990912144508,0.11833500149922058,,,,,,0.8299464917669145,18.977674081804725,43.25396825396825,-19.078812167934476,1,23.452045861201142,24.437104839165396,27.890942104596014,17.19684556293206,,,,1555569
2025-07-24,126.30703171,126.30703171,125.06309882,125.75204627,124.3364468045378,124.22711047120956,121.7466843673013,123.20924654313635,133.5287665339681,115.91549283586745,0,0,0,0,135.738979088793,118.82024831892606,99.33743958286641,59.358614843470264,5,10,125.13964854,124.8484714420348,125.43082563796519,123.68376305017404,127.24606965139508,128.97095477241288,128.67977767444768,129.26213187037808,130.42684026223887,122.278602895,0,4,3.5,-5.824003670392486,0,1.153106115584349,0,6.270669352714414,89.43183934195987,0,1.4468315853926712,127.24606965139508,122.278602895,1,1,0,0,8,8,0,0,64,0,,9,,0.6640036219443319,1.1372367114328208,7,6.706945172795108,0.25160304893159013,,,,,,0.8074230340377628,19.60322127196225,45.23809523809524,-9.75504813172806,1,21.722235832732817,24.385767941419587,26.82708107847856,16.540895910964245,,,,1508372
2025-07-25,125.78075241,126.1730697,124.52725081,125.16835468,124.61374942969186,124.8345130002775,122.07255773041545,123.28607431320943,133.44557835631667,115.95132866284152,0,0,0,0,135.68614814567096,118.99027884292227,99.45994692038866,72.34878808572985,5,11,125.13964854,124.85457499465731,125.42472208534268,123.71428081328659,127.23750210803959,128.57696249678946,128.0245968283,129.20280427018946,130.34309845156017,122.278602895,0,4,5.5,-6.202696093995291,0,0.8897629729705201,0,6.0938679738997825,80.4172942703845,0,1.4717981393312467,127.23750210803959,122.278602895,1,1,1,0,1,8,1,0,64,0,,0,,0.7956631041278279,0.8778669947358788,8,7.049129554407575,2.5985834159990002,,,,,,0.6991539095479964,19.264844272710835,43.65079365079365,-8.73971117864639,1,21.10977789082247,23.99166438013387,25.444213722096425,17.36654381590483,,,,1287132
2025-07-28,124.7856061,124.7856061,121.75232359,121.75232359,123.65994081646124,124.97379081746797,122.04205924085208,123.22592722602474,133.32922756262198,115.98750636966645,0,0,0,0,135.59379179562745,119.08563566580997,99.39227106876812,81.82828664846616,5,12,121.72744493700009,121.43223351016402,122.02265636383615,120.25138780281979,124.75341694664,123.01667982014487,,,124.49273695432517,119.35811639598,0,0,3.5,-8.68294535583696,0,-0.05203328821574831,0,6.893257904778317,71.1445789885168,0,2.050037183228915,124.75341694664,119.35811639598,1,1,1,0,1,8,0,0,64,0,,1,,-0.03878969698260694,-0.053567660403948586,0,6.404448421200303,3.3857443752609804,,,,,,1.0329195883620839,18.834434613844984,41.26984126984127,-21.125351433608444,0,23.87894584150366,22.453500025015718,22.81540090857339,23.964964490236888,,,,1718383
2025-07-29,121.67577388,122.52738947,120.58494042,121.5609493,122.96027697764083,124.74715229210263,121.99623924648522,123.16063397402377,133.2121302664765,116.02242249540487,0,0,0,0,135.4998739410524,119.16956110328272,99.37982097470632,88.73756184584616,5,13,118.62165098354207,118.18892439,119.16956110328272,117.02305162425178,123.9905798834,121.5753023760001,,,123.03264333318538,117.30297683488689,0,6.5,5,-8.746336345773885,0,-0.09360264128210419,0,6.892599832545268,64.42111184914293,0,3.3585206128454286,123.9905798834,117.30297683488689,1,1,0,0,8,8,0,0,64,0,,2,,0.5388379115434138,-0.09360946301064031,0,6.492259649274722,4.369679906577856,,,,,,1.0624442524483306,17.8593079323581,37.301587301587304,-25.201836079320582,0,23.876666212418275,21.548939589135625,21.45781115379838,26.115027410439364,,,,1746797
2025-07-30,121.89585431,122.28338725,120.29787899,120.73803986,122.21953127176056,124.17815427497575,121.87641073348662,123.06563028327774,133.0880099639245,116.05056752696396,0,0,0,0,135.394867234847,119.22449412378592,99.28466709357484,91.4422805153286,5,14,118.09971014547456,117.8113333582473,118.38808693270182,116.65782620933824,123.23365628911999,120.73803986,121.09382892977283,121.67058250422735,124.59040154781813,117.70222367397805,2,0,5,-9.279551258803957,0,-0.2888295558176842,0,6.395825461603421,65.09187717690956,0,3.5605821071856707,123.23365628911999,117.70222367397805,1,0,0,0,8,8,0,0,64,0,,3,,-0.1488060805841561,-0.28878663699255047,0,6.159536712871393,3.953870523071853,,,,,,1.1538743140576546,16.545951500435088,32.53968253968254,-25.31996370035541,0,22.15578931167958,20.834755468854297,20.138707889100665,25.398409781217897,,,,1869894
2025-07-31,121.02510129,121.2930253,119.48453825,120.14477955,121.52794736450704,123.3711168789602,121.71149347791646,122.95108711726685,132.95922160159688,116.06884555823261,0,0,0,0,135.16017370940185,119.29025492222617,99.91098806457497,94.03492783881123,5,15,118.17746414695075,117.89353849586472,118.46138979803679,116.75783589152059,123.23365628911999,120.14477955,120.92068472431406,121.48853602648613,123.56443050868826,117.83596953456977,2,9.5,8.5,-9.637873851273342,0,-0.4064047197575229,0,6.3650338832036155,84.34557136582299,0,3.5616310980208934,123.23365628911999,117.83596953456977,1,0,0,0,8,8,0,0,64,0,,4,,-0.6970625545314642,-0.4077584951406383,0,9.11435264344597,3.9269935107965237,,,,,,2.3888243980324755,16.76135625977069,32.93650793650794,-23.981759357963046,0,22.049124155212176,20.526690609108016,18.993394460534176,26.511672137950757,,,,4108702
2025-08-01,121.77146102,122.09296983,116.11635074,117.79087578,120.28225683633802,122.26917584376535,121.33810131621013,122.74872588835443,132.80829278745165,116.06233331922893,0,0,1,0,134.90829864693657,119.19436527455248,91.97108829869315,95.14057015892907,4,0,117.49580114547307,,,115.91076155605577,120.65755739580001,117.79087578,117.87191647211654,118.50593230788346,122.86300246613533,113.04900361,2,11.5,5,-11.307589829112366,0,-0.956728827255261,4,6.672812570345822,47.78570785718131,0,0.9348883542207075,120.65755739580001,117.49580114547307,1,0,0,0,8,8,1,0,2114,0,,0,,-0.9893605418978486,-0.9519828377223964,0,3.6912337071541366,3.785912492599154,,,,,,2.109255978650703,17.539507003165742,35.714285714285715,-24.12165797423064,0,23.11530080244647,21.435722452020034,15.796192775404299,31.53544777149807,,,,3928463
2025-08-04,117.88656293,120.03952369,117.52295178,118.83386566,119.79945977755868,121.14637791027967,121.09960268228535,122.59520195783072,132.66924376130785,116.0394071248395,0,0,0,0,134.77912733285268,119.18193011249,91.75852834129603,72.08473037590063,2,0,117.62767189117166,117.43413654674809,118.18892439,116.16680099782381,122.0154823817,122.45380693926226,122.1369730520312,122.77064082649333,124.03797637541761,117.43413654674809,0,1.5,2,-10.42847438416081,0,-0.5994763460430041,0,6.736814799407996,61.69134124398209,0,3.0035580217995106,122.0154823817,117.43413654674809,1,1,0,0,8,8,0,0,2114,0,,1,,-0.4537026589941238,-0.5931195116877667,0,2.1831307973712075,0.45226001084882567,,,,,,1.1560936392050305,18.260010365139472,38.888888888888886,-21.755145319973337,0,23.337011027513164,22.27982344900977,14.675950078115108,29.29900032026334,,,,2194594
2025-08-05,118.90084667,120.51795942,118.01095622,119.96297398,119.85396451170578,120.20188033835714,120.99135232968675,122.49197733124913,132.54281321622022,116.00932873950853,0,0,0,0,134.68958773753397,119.20179629888699,93.57312118082561,60.49935880882502,2,1,117.57720988715144,117.36627385168642,118.18892439,116.09992644197102,123.23365628911999,120.71430944300009,,,122.29724370514434,117.36627385168642,0,1.5,0,-9.491151523770991,0,-0.25489968323428275,0,6.707153778355032,73.5303618734388,0,3.828951323067008,123.23365628911999,117.36627385168642,1,1,0,0,8,8,0,0,2114,0,,2,,-0.8102302495546222,-0.24020554900603133,0,3.5989682374587213,0.3820702085776765,,,,,,0.8867920119831202,18.628343993523526,40.476190476190474,-19.823819651146405,1,23.234262236576956,22.759406645624853,14.987614699031445,27.227443771196842,,,,1660489
2025-08-06,119.90556169,120.87200186,119.32187011,120.08736727,119.9317654311372,119.48749005400305,120.90525851447849,122.39767889747466,132.4188784306857,115.97390208939483,0,0,0,0,134.60230995008985,119.22365463462512,95.87464790646251,36.36894672794985,2,2,119.22365463462512,118.91584066674476,119.53146860250548,117.68458479522332,123.23365628911999,120.61135007480009,,,122.15041991420189,117.31135716276285,0,3,3.5,-9.312502346212366,0.008927742737178057,-0.19505569210836582,0,6.70815951356287,91.93833761114067,0,2.605470883669225,123.23365628911999,117.31135716276285,1,1,0,0,8,10,0,0,2114,0,,3,,-1.0714219418974245,-0.17424306599163406,0,4.874436559043678,-2.186710615416372,,,,,,0.8785683203259419,18.988374978544112,42.46031746031746,-18.28650330116176,1,23.23774620553483,22.975868902234353,15.34066498346596,26.00319652560899,,,,1652132
2025-08-07,120.22132927,121.04423872,119.42712597,120.64235271,120.1686278574248,119.09193223723462,120.88021986643292,122.32884257639722,132.30169907028088,115.9369765569557,0,0,0,0,134.52675727786405,119.25483421345763,97.72938473895982,24.14348767128707,2,3,120.52944187840008,120.22917611581474,120.82970764098542,119.0281130654734,123.23365628911999,122.53926437005369,,,124.34353918394501,117.65477038544,0,1.5,0,-8.812695862724514,0,-0.0237419336957674,0,6.551576503239181,95.87465981286317,0,1.8012139562207894,123.23365628911999,117.65477038544,1,1,1,0,19,10,0,0,2114,0,,4,,-0.9572631618123942,-0.0024195687745617827,0,6.86448670722511,-2.226954147523954,,,,,,0.8028733526963037,19.406062544807362,44.44444444444444,-14.493134372957398,1,22.695326746569407,23.061445644502314,15.115153480608852,24.75281311881998,,,,1504120
2025-08-08,120.53709685,121.00596386,118.87214052,119.48453825,119.9405979882832,118.82434334296708,120.74729780772503,122.217301230264,132.17416513177062,115.89320106533668,0,0,0,0,134.45674185434814,119.25911497730132,94.26100744663432,56.21833493733731,3,0,119.25911497730132,118.96124477507922,119.55698517952342,117.76976396619084,122.0154823817,120.42820487860008,,,121.91755588971057,117.03552729205019,0,1.5,5.5,-9.600686237828503,0.008424645608940295,-0.3074635609819409,0,6.543005077196455,51.42161223105595,0,1.8507171135859224,122.0154823817,117.03552729205019,1,1,1,0,15,8,1,1,2114,0,0,0,,-1.0673971648715224,-0.2894884176065454,0,3.1514318440777913,2.5939886708538427,,,,,,0.6951571937706851,19.80356696212546,46.42857142857143,-12.627343387321835,1,22.665634455770768,23.37204598567349,14.14837730463405,24.833157756721963,,,,1299645
2025-08-11,119.50367568,119.63763768,116.65698311,116.82443562,118.90187719885547,118.39992487512725,120.37369188508455,122.0058163043713,132.02143150478784,115.82999251365261,0,0,0,0,134.34582549324068,119.19893257663321,90.51073616192792,53.57056950596345,5,0,116.11700423784778,115.8137974914094,116.42021098428616,114.60097050565591,119.31230139,117.89562541421051,,,119.41165914640239,116.3361359723185,0,0,5,-11.51100674456534,0,-0.9571147400949619,0,6.840533125393363,63.91586611537092,0,2.1076689022825907,119.31230139,116.3361359723185,1,0,0,0,8,8,0,1,2114,0,1,1,,-0.9396571326174119,-0.9435270236445085,0,2.2565914744294364,0.2992218065770352,,,,,,0.94220907337258,20.168984697470503,53.17460317460318,-14.885517466912196,1,23.69630184807846,24.464153298491308,12.906549446294182,29.176512979609992,,,,1767543
2025-08-12,116.90098533,117.94397521,116.04458538,117.52295178,118.44223539257031,117.96673922823247,120.10219282745746,121.83001769557242,131.8771680249392,115.75654455362302,0,0,0,0,134.2292896300644,119.15421847114945,90.34711755645623,65.61266178752885,5,1,116.0240861420037,115.42707022308242,116.11635074,114.2330383852399,120.65755739580001,117.89562541421051,,,119.38816521151368,116.11225777970458,0,4,0,-10.884534798491194,0,-0.673098244830577,0,6.41330052742183,53.784332557824094,0,2.5870171447401344,120.65755739580001,116.11225777970458,1,0,0,0,8,8,0,1,2114,0,2,2,,-0.7551294339008139,-0.6588702858744624,0,2.7070422955400186,1.9108789115225113,,,,,,1.039602770928955,20.46763631777581,57.142857142857146,-7.871186706311262,1,22.216324715405772,25.671523472545992,12.173302404580394,29.35065887957508,,,,1960026
2025-08-13,117.19429789,119.16622438,116.73031518,118.78923843,118.55790307171354,117.7122443969329,119.97714955150913,121.7107714498637,131.7469398697657,115.68456308242756,0,0,0,0,134.1272278161268,119.14509856671684,84.07899322636052,71.33395036574782,4,0,117.89562541421051,117.5966902625685,118.19456056585253,116.40094965600044,121.04423872,119.96686579140007,,,121.46154154961015,115.86999182126198,0,3,0,-9.83529594886578,0,-0.2640323892919266,4,6.0975236941118744,51.33338403444281,0,2.1065527345944552,121.04423872,115.86999182126198,1,1,0,0,8,8,0,1,2114,0,3,3,,-0.32763456613369196,-0.25032536798633087,0,2.112904727193989,1.435243892685345,,,,,,0.9903489670747643,20.74861034565847,60.317460317460316,-1.7698301037812754,1,21.12244167711367,25.91816768979433,14.938231316473802,27.21523575477391,,,,1882770
2025-08-14,117.92893717,118.04493284,116.63365212,117.5229523,118.21291948114236,117.50629715714372,119.74341647993683,121.54654324790826,131.60540765514116,115.60800360229524,0,0,0,0,134.04523402595225,119.11522851518617,89.84235730964184,74.32339476380685,4,1,115.75965884960651,115.31257872,116.11635074,114.12526293140108,120.65755739580001,117.89562541421051,,,119.37977014995917,115.47514286939673,0,6.5,3.5,-10.700514215983308,0,-0.5605173749226497,4,5.805402162819234,60.501288398683826,0,2.9967638144687805,120.65755739580001,115.47514286939673,1,1,0,0,8,8,0,1,2114,0,4,4,,-0.46289429471465915,-0.5462408237427494,0,4.546572383023064,1.4547478325449306,,,,,,0.7551363348374965,21.085769504479202,61.904761904761905,4.84953805137907,2,20.110503008746317,26.184261953171756,13.969640554539325,25.74136851553818,,,,1413493
2025-08-15,117.89027194,119.20382631,117.60994906,118.09326438,118.17303444742824,117.43386595990606,119.5862591370857,121.41112054720598,131.47095846832383,115.53258282318576,0,0,0,0,133.97820535862303,119.09939726355434,88.57382776242875,86.56582474656322,4,2,117.52295178,117.2323170968431,117.8135864631569,116.06977836421554,120.65755739580001,118.18892439,,,119.64209780578446,116.04458538,0,4,5.5,-10.175398615920955,0,-0.34346914764637504,4,5.831430413184844,38.67854428544603,0,2.157076080357462,120.65755739580001,116.04458538,1,1,0,0,8,8,1,1,2114,0,5,0,,0.164157728636196,-0.32703282603920597,0,3.0109685688468257,5.710349739257333,,,,,,0.6531964177124667,21.341313494357276,62.698412698412696,5.646575692378111,2,20.20066751287704,25.631541038426352,16.808505761144147,24.412134852015846,,,,1207835
2025-08-18,117.94826978,118.50881888,115.35769969,115.49302797,117.27969895495215,117.12630995093204,119.19642759736325,121.17903848535477,131.31197408525594,115.44425108639855,0,0,0,0,133.84407274236605,119.0047671883416,90.43910600604039,88.55960043584753,4,3,114.66384256236213,114.48488086370341,115.25986267376065,113.29284064090638,119.31230139,116.04458538,,,117.53463565849628,114.48488086370341,0,0,1.5,-12.046842053402756,0,-0.9897129699416877,4,6.061799339962161,52.576716009384526,0,3.390556026866862,119.31230139,114.48488086370341,1,0,0,0,8,8,0,1,2114,0,6,1,,-0.6153539019913888,-0.9764181108382195,0,3.7525878089988023,2.83370940337532,,,,,,1.1143433123890403,21.295909314327567,62.698412698412696,1.415423752228906,2,20.998688884203894,26.010111147559765,15.221622436289094,28.855279218012758,,,,2101043
2025-08-19,115.75401825,117.20386753,115.62352311,116.77864672,117.11268154330143,116.79088616228917,118.96616275190009,121.00647410239968,131.1673638627161,115.35387902555755,0,0,0,0,133.73496328520972,118.9541453504287,88.73436185239004,85.84063552093923,4,4,114.20709314712565,113.91509417076205,114.49909212348925,112.74709826530766,119.31230139,119.45963237638239,119.16763340001879,119.75163135274599,120.91962725820038,114.20709314712565,0,5,2,-10.969738751306899,0,-0.5365177666737129,4,5.535916303949215,53.19653835382563,0,3.496730232723371,119.31230139,114.20709314712565,1,1,0,0,8,8,0,1,2114,0,7,2,,-0.5691530078282779,-0.5209827600480087,0,2.9781066937798,1.9456999074609285,,,,,,0.9747172803227231,21.0263352256959,61.904761904761905,9.643640150111308,2,19.176976609777903,26.361640534612224,14.425333140674285,27.345771932606617,,,,1863181
2025-08-20,117.25229573,119.08889393,116.77864672,117.20396419,117.14310909220096,116.5408884275251,118.79833431743342,120.8573560666193,131.02842456249004,115.26471625363261,0,0,0,0,133.6517058633901,118.92319295001444,86.63994102750131,86.771553915444,4,5,114.33223123722361,114.04046212336813,114.62400035107909,112.8733856679462,119.20382631,119.43130504810004,119.13953593424456,119.72307416195552,120.89015061737746,114.33223123722361,0,0,2,-10.550733872173586,0,-0.3546137424844496,4,5.337219796578621,50.11482680956965,0,3.4952800476352484,119.20382631,114.33223123722361,1,1,0,0,8,8,0,1,2114,0,8,3,,-0.49793857660458246,-0.33600251972826406,0,2.7058548988001974,2.439402464199958,,,,,,0.7733302234817855,19.260841839424618,43.65079365079365,4.176449955641271,2,18.488671717673196,25.478094754281262,19.17396787901456,25.41250731414469,,,,1475117
2025-08-21,116.1503368,116.69164996,115.28036924,115.841015,116.70907772813398,116.24342378600866,118.51668485863023,120.66063680910482,130.8773060593807,115.16948031858148,0,0,0,0,133.54553881676188,118.85963048149938,86.2678207173949,84.63544718648303,4,6,114.64693873482634,114.46331391133013,115.22614380982634,113.31090024022406,119.20382631,119.36810105664712,119.0799976388706,119.65620447442365,120.80861814552972,114.46331391133013,0,5,2,-11.488845172713543,0,-0.6741216305663994,4,5.384390682511596,53.07636730167069,0,3.410745718468382,119.20382631,114.46331391133013,1,1,0,0,8,8,0,1,2114,0,9,4,,-0.898582541593245,-0.662407345370252,0,2.848872116956942,1.887402307324689,,,,,,0.9148142400311143,17.140587201506772,33.333333333333336,-8.1035978035489,1,18.652076459821096,25.270170071467703,18.030933768822205,28.540859937196508,,,,1756338
2025-08-22,116.51765644,117.3682914,116.12133789,116.2953314,116.57116228542264,116.03809689469308,118.30512738637972,120.48944836168894,130.73221178416296,115.07320094781062,0,0,0,0,133.47095455137506,118.8216761450273,84.21193180948748,90.50852425856405,4,7,114.85377057633974,114.57260957769012,115.13493157498937,113.44796558309162,119.20382631,116.2953314,119.11460811679159,119.67693011409084,120.793907378394,114.85377057633974,2,0,4,-11.043093501697996,0,-0.46821498035281417,4,5.442900195495519,42.218183050774044,0,0.3204482553109825,119.20382631,114.85377057633974,1,0,0,0,8,8,0,1,2114,0,10,0,,-0.5529798703238373,-0.45155648516773905,0,2.4759406508462796,4.196378339196759,,,,,,0.6665691413862854,14.540555983880541,25,-22.88124336353022,0,18.854759358249627,24.67220854560415,19.30517587113679,27.156619297900203,,,,1279481
2025-08-25,116.33399662,116.67831046,114.49739842,115.40603122,116.1827852636151,115.80071021539611,118.02902298958165,120.29009866985801,130.5797124750668,114.97212173438668,0,0,0,0,133.36084604842918,118.75144502356056,79.45760264075365,90.93677086726527,4,8,114.75007491804142,114.59490145543216,115.31257872,113.47269945901927,117.65477038544,115.40603122,117.83549007375392,118.39659107196037,119.51879306837327,114.59490145543216,2,8.5,5,-11.620244039030256,0,-0.6524264412045518,4,4.851603239693081,44.790303156884605,0,0.1972226436813175,117.65477038544,114.59490145543216,1,0,0,0,8,8,0,1,2114,0,11,1,,-0.16654022357992698,-0.6395782229502891,0,1.8837985488560562,2.965387968651791,,,,,,0.9430685049249826,11.227747104335183,15.079365079365079,-33.19380735788443,0,16.806446618628364,24.75072395900489,17.96524360829675,30.439951956665496,,,,1814767
2025-08-26,115.02904527,115.49302797,113.60809824,113.74342653,115.3696656857434,115.36357621972036,117.62087094581197,120.03336642907927,130.41218724178256,114.85876170813346,0,0,0,0,133.2420609381568,118.65059843033501,85.66412709521884,83.38130690091332,4,9,112.28886493,112.01152402252916,112.56620583747085,110.90216039264575,117.65477038544,115.31257872,115.03523781252916,115.58991962747085,116.69928325735425,101.059978437,0,0,0,-12.781597383133292,0,-1.0409600729028137,4,4.9907938364155475,65.87356873366002,0,3.8695376779236885,117.65477038544,114.0354752900167,1,1,0,0,8,8,0,1,2114,0,12,2,,-0.6890819645951629,-1.0386875559323487,0,3.673201129874341,1.7971963510138196,,,,,,0.9409372732693301,9.846286886383595,11.507936507936508,-43.047573485276274,0,17.288616989546647,25.137707586296088,16.875068353384094,31.455748205174764,,,,1813819
2025-08-27,114.18807662,115.18370617,113.96575157,115.00004635,115.2464592404956,114.96591180759523,117.37126860335368,119.8359813279389,130.25883260604343,114.74384770846667,0,0,0,0,133.13371786761527,118.57947635006178,86.8529882337553,81.61741888058897,4,10,113.79462472338192,113.52423424108756,114.06501520567627,112.44267231191012,117.65477038544,115.31257872,,,116.6645311314718,113.79462472338192,0,4.5,0,-11.7142046729317,0,-0.5640941243647598,4,5.173595284171369,56.452986560114816,0,2.855237824425898,117.65477038544,113.79462472338192,1,0,0,0,8,8,0,1,2114,0,13,3,,-0.6783537689708589,-0.5512554710254061,0,3.1018655409438285,1.4322836702512403,,,,,,0.9303788510965854,8.955862181757574,9.920634920634921,-50.02827668717531,0,17.921859779967107,25.497049525923632,16.072498321585204,29.959728141219152,,,,1789737
2025-08-28,115.10637572,115.31420131,112.64146761,114.0044168,114.83244509366374,114.53531571652684,117.05061605065333,119.60729252292168,130.09709712538628,114.622041897555,0,0,0,0,132.99062442679238,118.46909660661255,88.36651382744708,87.01946645093777,4,11,113.37710700581236,113.10216643564617,113.65204757597856,112.0024041549814,117.65477038544,115.31257872,,,116.68728157083096,113.37710700581236,0,4.5,3,-12.369745890545365,0,-0.7760275779612789,4,5.2062501012832545,50.86982754628348,0,3.1117003773156875,117.65477038544,113.37710700581236,1,1,0,0,8,8,0,1,2114,0,14,4,,-0.6195847485644489,-0.7699998100579494,0,3.3519548232429353,3.1547284620347056,,,,,,1.239845533287522,9.730182550084201,11.904761904761905,-46.048274619282715,0,18.034979384666418,26.293655133925604,14.677472561975206,31.659901438231184,,,,2271132
2025-08-29,114.06241464,115.27070293,113.57909932,114.25574076,114.64021031577582,114.16916517553291,116.7844374515435,119.39742774790514,129.93947168891478,114.49684563863961,0,0,0,0,132.87920108490886,118.38933107978308,88.22759654490562,88.26384777000231,4,12,112.81457921075715,112.28886493,112.99585999722512,111.20724268331129,117.65477038544,116.2953314,116.02492583832782,116.56573696167217,117.64735920836088,112.99585999722512,0,3,0,-12.070028240889618,0,-0.6070698241568493,4,4.899228494091342,53.35319303721514,0,2.440387233436374,117.65477038544,112.99585999722512,1,1,0,0,8,8,0,1,2114,0,15,5,,-0.6842899247573793,-0.5953704586371488,0,3.1078063407646015,2.6783191187458564,,,,,,1.0523236294204361,10.594514064509397,14.285714285714286,-37.5744001891848,0,16.971425339310724,27.033360341356005,13.857656849065291,29.891525816430793,,,,1816509
2025-09-02,114.77772131,116.2131678,113.93675266,115.97634329,115.08558797385055,114.09906732890434,116.70747610282507,119.26326757308533,129.80053508793054,114.38095914018206,0,0,0,0,132.76884904533264,118.33988966324951,88.64891099249768,78.38505269373678,4,13,115.97634329,115.00895322612584,115.55178525387416,111.76542454900667,119.20382631,116.2953314,,,117.65241146937082,113.04900361,1,4.5,0,-10.650334984031955,0,-0.010639732657545867,4,5.070373617168307,59.45585360305538,0,0.7664557828153783,119.20382631,113.04900361,0,1,0,0,8,8,0,1,2114,0,16,6,,0.3434370586146136,0.020274435244301874,0,3.23724590975681,0.8561816288019161,,,,,,1.1691050714090898,11.311755869808989,17.063492063492063,-35.597987549397935,0,17.564289436584588,27.025731864745612,15.920275536757993,27.653082718543477,,,,2007138
2025-09-03,115.65252203,118.90523411,115.51245725,118.80857104,116.3265823292337,114.51347461948747,116.90758038255602,119.24543633649375,129.6911623113342,114.29178758420191,0,0,0,0,132.64021515312584,118.35318135759032,99.35829736335567,86.81583721062006,4,14,118.35318135759032,118.0708595513143,118.63550316386633,116.94157232621025,120.78402703669525,119.0639168139216,,,120.47552584530166,115.31257872,0,8,0,-8.391158716898271,0,0.875308032727425,4,5.580677701833605,65.72884859370126,0,1.7220389109641816,119.20382631,115.31257872,1,1,0,0,8,8,0,1,2114,0,17,7,,0.7285736876693545,0.9444860372290674,1,6.823150329856947,2.3330303210405186,,,,,,1.6092089748055909,11.925501553089815,21.428571428571427,-38.31222747700082,0,19.33203464048504,25.390622537435824,22.72585430520377,24.68595388752049,,,,2859161
2025-09-04,118.95356564,120.55817249,118.86656888,120.47117573,117.70811346282247,115.42686776411128,117.24697041564592,119.2935045480038,129.59942115132094,114.2384781697291,0,0,0,0,132.53316827013182,118.40949551348326,98.27154821285707,70.9725534343762,4,15,120.47117573,118.40030628276199,119.20382631,116.64434964409249,120.8692831080748,120.8692831080748,,,122.25817013051699,117.65477038544,1,5,0,-7.043430703801334,0.005620771480809195,1.3358546938021623,4,5.762312704293094,65.75616943610275,0,0.10403069518650167,,117.65477038544,0,1,0,0,8,8,0,1,2114,0,18,8,,1.0449661718464736,1.4430382871304563,2,5.487344613109891,1.0120685536777314,,,,,,1.503302676057699,12.452645622250973,21.825396825396826,-37.61586127759783,0,19.961236745870504,24.071164613765735,26.760837774711597,23.29768335602566,,,,2753799
2025-09-05,120.34551375,123.87371556,120.34551375,122.79108925,119.40243872521498,116.85685993616796,117.77498173320345,119.4306647323958,129.5316765552879,114.23204775034021,0,0,0,1,132.43362480616585,118.54207748806338,98.76507788226805,49.213422154233456,4,16,122.79108925,119.89110944693431,120.46998537330569,118.1600818390289,125.59416248,122.91104106370014,,,124.35823087962861,120.18054741012,1,7.5,14,-5.203813834997205,0.12372041439942275,1.956460615144273,4,6.053329172863341,68.83038587586692,0,0.6052836847894847,,120.18054741012,0,1,0,0,11,10,1,1,2114,0,19,9,,1.989763315195382,2.1115513513239264,3,5.942314898686497,-0.22195427964402797,,,,,,1.6847639304810458,12.783407038736438,22.61904761904762,-39.03764949656686,0,20.969347364676384,24.085994438229363,34.076020895847755,20.76201389114227,,,,3231737
2025-09-08,122.50110006,122.70892565,120.64516925,121.66979772,120.15822505680998,118.3674598840199,118.14591658908883,119.5184738691646,129.45344890518552,114.26183095081494,0,0,0,0,132.36701226950746,118.59871037596224,96.94509764491346,43.59504216176494,5,0,119.28034622706738,118.67199723846738,119.35811639598,117.5203019466348,121.90426508903231,122.28973756812002,,,123.94240394333272,119.35811639598,0,1.5,6,-6.012702829483077,0.07675115934257959,1.4703269220657356,0,6.044927736827243,89.42755169748617,0,1.4908254815725555,121.90426508903231,119.35811639598,1,1,0,0,10,10,0,1,2114,0,20,10,,1.6140092747406367,1.6051122537411542,4,4.148441222150804,-1.2730455237368334,,,,,,1.0091262406285575,13.076700941246333,23.80952380952381,-37.55229890884162,0,20.940243936534262,24.09976498951702,31.808419161275904,19.380397802319656,,,,1969519
2025-09-09,121.14781717,121.81479231,120.21018546,121.4861379,120.60086267120666,119.75912431556708,118.4640329044137,119.59563716449148,129.37417217876578,114.32390639794278,0,0,0,0,132.3211407576084,118.63403927572776,97.44399603433385,41.95375110568681,5,1,121.4861379,118.77618148923386,119.42282252660004,117.6494427593179,122.49718869563094,122.51218246220114,121.90475177270113,122.68257969340014,123.8093184233161,117.65477038544,1,0,0,-6.097070339407697,0.10240857059640607,1.333922490442011,0,5.532739621399166,88.52697612855933,0,0.26352127509698087,122.49718869563094,117.65477038544,0,1,0,0,8,10,0,1,2114,0,21,11,,1.8192685647712485,1.4491895405897204,5,4.900779552217765,-0.27328357870481534,,,,,,0.6978635657368114,13.337292481955028,24.603174603174605,-30.411604994613917,0,19.165972258625498,23.86758747490848,30.190601867666388,19.77345571112661,,,,1347364
2025-09-10,120.82882907,121.10190222,118.73124059,119.21455591,120.1387604174711,120.698935813958,118.53551128589811,119.58069280157024,129.27308146962383,114.4007994415036,0,0,0,0,132.26860148246857,118.64074197607735,92.36541968429763,68.83173369380488,5,2,118.64074197607735,118.35458033065044,118.92690362150427,117.20993374894276,122.0154823817,119.54399586118558,,,120.97480408832017,115.31257872,0,0,5.5,-7.780835302504451,0.0874149704237169,0.5389859286686507,0,5.888591729119811,30.870880307445322,0,2.3586252452441316,122.0154823817,115.31257872,1,1,0,0,8,8,0,1,2114,0,22,0,,1.6993197633897352,0.6098152967680076,6,2.318749773279669,4.389955941798613,,,,,,0.6780699134615544,13.569109458682426,25.793650793650794,-33.48045373995733,0,20.398680119730756,22.85983892453963,27.595539863324138,22.68828700818204,,,,1286307
2025-09-11,119.74620276,120.70800024,119.38854942,120.25851699,120.17867927498074,121.33068314287011,118.69960706724115,119.60727414229298,129.1833843106226,114.49686901882426,0,0,0,0,132.20954768858792,118.66344394991275,92.55333282982056,53.25270385124544,5,3,118.66344394991275,118.38438809764132,118.94249980218417,117.26816468855561,122.83285599843073,121.77146102,121.49240516772858,122.05051687227143,123.16674028135714,117.65477038544,0,0,2,-6.908680530587963,0.07871427654344565,0.8791694135051653,0,5.856243945658211,80.64689556769727,0,2.9882276358515965,122.83285599843073,117.65477038544,1,1,0,0,13,8,0,1,2114,0,23,1,,1.6297142123475652,0.9550375156106867,7,3.146806829144248,-0.4212298083266075,,,,,,0.8424370667081299,13.771914916532099,27.38095238095238,-32.11332333405081,0,20.286624110795305,21.924072413482843,26.276922544082606,21.6041564442907,,,,1585596
2025-09-12,119.86219843,120.36484636,119.38854942,119.38854942,119.91530265665382,121.63698458193548,118.76522062464676,119.59869670220306,129.08592326693483,114.60387583519106,0,0,0,0,132.14940283039104,118.67306806615146,91.69062095857493,74.0755621415675,5,4,118.67306806615146,118.40522783779228,118.94090829451063,117.33386692435556,122.0154823817,119.57486113559874,,,120.91406227739463,115.31257872,0,0,1.5,-7.512340309083719,0.08516854580608285,0.5594282094754404,0,5.795877316078801,37.597173477038595,0,2.4958269607404087,122.0154823817,115.31257872,1,1,0,0,8,8,1,1,2114,0,24,2,,1.6813483664486628,0.6139193865720133,8,2.8070684403424817,4.1476757998793605,,,,,,0.8052464643137554,13.951748786502701,28.174603174603174,-30.510555363143805,0,20.077507971768846,21.055146367501543,25.421732571928693,20.901042983534147,,,,1519881
2025-09-15,119.58187555,120.21985177,118.48958294,118.72157429,119.51739320110255,121.60860539441819,118.76106383087088,119.56429974486176,128.98279541641807,114.71448979865997,0,0,0,0,132.0981796989913,118.6735879672008,79.29826823260716,85.96524619451017,3,0,118.6735879672008,,,117.35279990562246,122.0154823817,119.55059385374118,119.2864362414255,119.81475146605685,120.87138191531952,115.31257872,0,0,5,-7.955495997190898,0.05576142723221514,0.33365838470167253,0,5.813012077695498,17.73262408930374,0,3.2087018780868948,122.0154823817,115.31257872,1,1,0,0,15,8,0,1,2114,0,0,0,,1.446091417857721,0.37349420027258134,0,1.0385771148600842,4.993752010426751,,,,,,0.6567421395110359,14.113680219357317,29.365079365079364,-29.911232206379324,0,20.136864527160245,19.737660509880012,23.93498383938601,22.717201159088315,,,,1240661
2025-09-16,119.14689177,120.98348997,119.04558888,120.68383447,119.9062069574017,121.5427435350563,118.94418484412127,119.6082030674162,128.90021869058307,114.83841217700098,0,0,0,0,132.03751539928683,118.70332086401928,87.2114117191405,48.218956425007406,2,0,118.70332086401928,118.43783597686901,118.96880575116954,117.37589642826796,123.23365628911999,122.49001752921482,121.88659835686482,123.09343670156483,124.15537625016587,117.65477038544,0,0,0,-6.374220543648571,0.061779451874149155,1.0216353309762085,0,5.514338509193229,91.76524601918767,0,3.4128763213075737,123.23365628911999,117.65477038544,1,1,0,0,8,10,0,1,64,0,1,1,,1.4942356149931932,1.0790564780963048,1,3.521301066837843,-2.421033722411882,,,,,,0.9288104476971353,14.102671170435826,29.365079365079364,-26.172640807508795,0,19.10222893611258,18.90545406160023,24.682433728951057,20.989083100581016,,,,1737758
2025-09-17,120.81916276,122.92641754,120.75633177,121.21548132,120.34263174493447,121.47059773985325,119.16049879420495,119.67123358712537,128.82375364211956,114.97515802559867,0,0,0,0,131.99459459071548,118.73085375918987,91.1126897143962,63.44952677786483,2,1,121.21548132,118.18892439,118.73085375918987,117.12274541379902,123.73841627944527,122.2650401569689,121.99849541291864,122.53158490101914,123.59776387722012,117.65477038544,1,0,4,-5.905954536347247,0,1.1570354729332895,0,5.441395599427524,63.781628911815304,0,0.6164421592956291,123.73841627944527,117.65477038544,0,1,0,0,8,8,0,1,64,0,2,2,,0.8850836724796826,1.2083747162579526,2,3.4898445973762318,2.1809989127815674,,,,,,0.7064687917585017,14.075531855669709,28.96825396825397,-25.326950068535442,0,18.849547284580353,19.009193531289906,29.336582264933135,19.412365700445058,,,,1301943
2025-09-18,120.62583663,121.47647159,119.8622951,119.97819411,120.22115253328964,121.27478933951947,119.23837453856639,119.68327125468909,128.735738124387,115.11350811973765,0,0,0,0,131.93241110386995,118.74852984080347,93.38343295852667,65.818306956771,2,2,119.62493168686832,119.3630135630181,119.88684981071854,118.3153410676172,123.23365628911999,121.81168333659787,,,123.12127395584899,118.48958294,0,0,0,-6.802729484430575,0,0.6658960589293799,0,5.569377458069144,71.94046416943573,0,2.7556127458482247,123.23365628911999,118.48958294,1,1,0,0,8,8,0,1,64,0,3,3,,0.15483020513565016,0.6965671208009682,3,3.6820320251374614,1.4565105819416393,,,,,,0.9207826854766414,14.033457418564698,28.571428571428573,-27.26098671467626,0,19.29288944780912,18.572051791582286,27.722309347827988,21.3918788909415,,,,1707603
2025-09-19,120.35518006,120.35518006,117.60028275,117.60028275,119.3475292721931,120.75257278903378,119.08236579679816,119.60158543097579,128.62493757339809,115.23685667825022,0,0,0,0,131.7058024580234,118.70014321644993,99.74412594055254,80.52108155473478,2,3,115.31257872,115.04477173615693,115.58038570384308,113.97354380078465,120.65755739580001,119.4858811899014,119.21807420605833,119.75368817374448,120.82491610911676,115.31257872,0,0,5,-8.571164372466272,0,-0.1901813127721562,0,5.827281850688911,89.39904687463162,0,3.991664891705785,120.65755739580001,118.48958294,1,1,0,0,8,8,0,1,64,0,4,4,,-0.9852647665832772,-0.1744611599475083,0,7.514237436076787,2.332248343232015,,,,,,2.6091690916019536,13.932299509561345,27.77777777777778,-30.981398545835038,0,20.186296470834375,17.491009977961575,25.17609536134013,26.96855002640844,,,,5301193
2025-09-22,117.92893717,118.8955678,115.91834545,115.92801176,118.20769010146206,119.8674755670736,118.78195112662691,119.4575237183885,128.4986000031155,115.33572583837126,0,0,0,0,131.6202878265834,118.6604578607706,96.0884198053755,73.54892837763602,2,4,112.85331545726913,112.28886493,113.04900361,111.1878239060829,119.31230139,119.39724634318404,119.12198608720476,119.67250659916331,120.77354762308042,113.04900361,0,0,3,-9.782665525391506,0.015623267342166292,-0.7268285411951544,0,6.005341512122991,69.33528433949247,0,3.8781259071116256,119.31230139,113.04900361,1,1,0,0,8,8,0,1,64,0,5,5,,-1.1249861387373303,-0.712405176686468,0,3.6689033529619266,1.8296508478230216,,,,,,0.887313816346874,13.814918157048794,27.77777777777778,-33.59206382598296,0,20.803113231599056,17.203057376197993,22.744797805944696,29.81982435305689,,,,1827100
2025-09-23,115.3866986,116.64331843,113.71442761,116.36299554,117.59279191430804,118.87511875013638,118.55157440409101,119.33616967217719,128.37784771990044,115.41526425960045,0,0,0,0,131.54518399552578,118.63082589284184,94.359705155217,74.13950213518304,2,5,112.93194642963823,112.35013145193822,113.04900361,111.22313297187233,119.31230139,119.32715862281789,119.04540900280142,119.60890824283436,120.73590672290024,113.04900361,0,3.5,0,-9.358976173299691,0,-0.45855059040690793,0,5.963399724934711,62.5127794114494,0,3.733792551413681,119.31230139,113.04900361,1,1,0,0,8,8,0,1,64,0,6,6,,-0.9685680632672795,-0.44428790467242774,0,2.935120608081835,1.8856902871720194,,,,,,0.8127655683707784,13.52748348034217,25.793650793650794,-34.51641187008242,0,20.657822618858372,17.725361343718657,20.633721644831304,34.03623180776733,,,,1667615
2025-09-24,116.40166077,119.12755915,116.19808836,118.97289825,118.0528273595387,118.22538897325717,118.59170048465377,119.32192373405259,128.28426613313528,115.49447292213587,0,0,0,0,131.47287761211086,118.63593305747955,96.47454092834425,53.34302873303282,2,6,118.70789996979092,118.42011933343633,118.9956806061455,117.26899678801801,122.0154823817,119.32504274565312,,,120.76394592742602,115.31257872,0,1.5,0,-7.258386522219181,0,0.5676650017551564,0,6.123079616069431,91.943071530658,0,2.298683089875265,122.0154823817,115.31257872,1,1,1,0,19,8,0,1,64,0,7,7,,0.22634057160307872,0.5860180052092293,1,5.222575802711303,-0.5316881536908323,,,,,,0.9517159966599487,13.044396198450956,23.015873015873016,-38.50165171111835,0,21.210969987643175,17.016281897297485,26.465860638840226,30.94272516073149,,,,1959650
2025-09-25,119.55287663,119.79453429,117.20879735,118.61524492,118.24029987969246,117.8577299661948,118.5939428118296,119.29421083938387,128.18805696683543,115.57224650969013,0,0,0,0,131.39621098448146,118.63561584309768,96.80117337551451,31.55575915349109,2,7,118.18892439,117.89861257642075,118.47923620357925,116.73736532210373,122.0154823817,119.29705403566763,,,120.7486131035639,115.31257872,0,1.5,3.5,-7.467787774731695,0,0.428266968847551,0,6.072686830315007,94.47715894914661,0,2.6361710496878317,122.0154823817,115.31257872,1,1,0,0,8,10,0,1,64,0,8,8,,-0.11957358324623678,0.44422626628206835,2,4.254601916884657,-2.5242891331507264,,,,,,0.9865419467461307,12.194026137535436,21.825396825396826,-42.03369554752569,0,21.036404257119983,16.070123120879273,26.412462403934796,28.482016667744155,,,,2043896
2025-09-26,119.02122978,120.59200456,118.55724708,120.23918438,118.9065947131283,117.88716156765194,118.75063248498869,119.33126862529038,128.10896370726493,115.65960153349562,0,0,0,0,131.33644413702316,118.65752092131638,96.82265044292328,16.28150896366274,2,8,117.60700961857285,117.60028275,118.18892439,116.4493118181342,122.92641754,121.03536452978454,120.87620853190012,121.63656045168455,122.78753138355034,117.65477038544,0,0,0,-6.143035662397329,0,1.0207668265676468,0,6.086022505901978,98.24629223947609,0,4.594815606811799,122.92641754,117.65477038544,1,1,0,0,8,10,1,1,64,0,9,9,,0.49672335959706443,1.0276549720972514,3,4.125117004619511,-5.677085294353765,,,,,,0.9003109493163977,11.314857412417844,17.46031746031746,-46.3308263601836,0,21.082600392459764,14.993236376273627,27.219361010718043,26.68372139324211,,,,1846112
2025-09-29,120.54850618,120.58717141,118.049766,118.88590149,118.89969697208554,118.00133236180564,118.76351524737072,119.31380324743586,128.01719194390907,115.74728474100938,0,0,0,0,131.26474134123188,118.66084516438093,96.0756114788295,9.546500595243332,2,9,117.67295455740741,117.60028275,118.18892439,116.44090240576747,122.0154823817,119.18355036206471,,,120.63277579235537,115.70310244933168,0,1.5,5,-7.132862637629142,0,0.47727537487529875,0,6.244509242186045,96.38720105655749,0,3.524629877487271,122.0154823817,115.70310244933168,1,1,0,0,8,10,0,1,64,0,10,10,,0.32346392937152263,0.48441683912168293,4,3.581153181216682,-4.283916116963687,,,,,,0.9692552055736525,10.070138980282188,13.095238095238095,-53.447122699689274,0,21.631614551599313,14.071341853312969,25.091791183410894,26.161296045619615,,,,1996192
2025-09-30,118.586246,119.76070222,117.88060564,119.18555699,118.99498364472369,118.14110087423637,118.8037096990497,119.30877398243837,127.92931497919355,115.83741748370332,0,0,0,0,131.20879966073292,118.66694394684167,96.96860462662806,6.469635654632652,2,10,118.93491529286334,118.33898750791333,119.02182491860009,117.19527373898313,122.0154823817,119.30877398243837,,,120.73841619360111,116.20623013869812,0,3,3.5,-6.834835307775736,0,0.5831820586918572,6,6.09524057350517,97.39524678944873,0,1.770805647844851,122.0154823817,116.20623013869812,1,1,0,0,8,10,0,1,64,0,11,11,,-0.08827747701364108,0.5890505601978384,5,4.657993715020185,-4.0253422245444455,,,,,,0.7906467526764124,8.77417420897546,9.126984126984127,-58.444857258886685,0,21.11453271533243,13.291043615995926,23.618676890820915,25.15362236947896,,,,1612755
2025-10-01,118.82790366,119.16622438,117.74527735,118.586246,118.85873776314912,118.25177464180997,118.78299887056878,119.28043955175451,127.83634911870406,115.92616839468948,0,0,0,0,131.15065390642866,118.66601744174187,96.57213598787028,15.588376603789621,2,11,117.66953470764705,117.60028275,118.18892439,116.48682426313624,120.59200456,119.09516692437732,,,120.48699003295702,116.18412975089588,0,1.5,5,-7.235894315250476,0,0.3512985789509879,6,5.6298979924156445,89.11933833036652,0,2.4709935267053154,120.59200456,116.18412975089588,1,1,0,0,8,10,0,1,64,0,12,12,,-0.36158158958162206,0.362921697732692,0,3.8597232077572396,-1.0457256607475816,,,,,,0.8149844135925034,7.337703913316612,6.349206349206349,-62.37564752243961,0,19.502538728587833,12.630436096491337,22.527562395793684,24.42566460035682,,,,1611560
2025-10-02,118.03526654,118.91490041,117.30062726,118.17059483,118.62935678543275,118.31117137480433,118.72467467622889,119.23691622933276,127.74017245911497,116.01048943913757,0,0,0,0,131.10142155463907,118.66136037034244,97.06972611104074,16.903275684629488,2,12,117.60028274999999,117.32738816242447,117.87317733757551,116.23580981212241,120.59200456,118.90236910029391,,,120.26684203817149,116.05057944574558,0,4.5,3.5,-7.491439415566665,0,0.2107244825609431,0,5.440960097047699,93.02625559216132,0,2.192584203724554,120.59200456,116.05057944574558,1,1,0,0,8,10,0,1,192,0,13,0,,-0.16160810980890317,0.22351511431233378,0,4.482063312537132,-1.562180432316806,,,,,,0.6987210892475663,5.467987959428359,2.380952380952381,-70.98908773458406,0,18.848038660083006,12.234123465746746,21.337750574209952,24.59041013548508,,,,1331987
2025-10-03,118.29625681,119.99752672,118.00626762,119.07922762,118.7793137302885,118.4763576705463,118.75844162325471,119.2307323623001,127.65399390350188,116.09673714543158,0,0,0,0,131.0583008555734,118.66505530529149,96.97314533529378,9.594756030803257,2,13,118.63452065184697,118.36333943570541,118.90570186798853,117.27861457113922,120.59200456,120.3720300711204,,,121.72793615182816,116.24853194219236,0,0,0,-6.717193893662154,0,0.564458598240766,6,5.108870949256288,97.55208521548839,0,1.4436721952978275,120.59200456,116.24853194219236,1,1,0,0,8,10,1,1,192,0,14,1,,0.6597528824518937,0.5737124981365429,1,4.139338852097876,-4.566847284646033,,,,,,0.6992049213562403,6.173228025039318,4.365079365079365,-65.11837060060961,0,17.69764810684906,11.440951489329573,23.50333069846036,22.978221263760748,,,,1264121
2025-10-06,119.07922762,119.17105753,114.68105824,114.71005716,117.42289487352566,118.22097511289958,118.37288119818284,119.05345098181775,127.52519851301928,116.15884507763295,0,0,0,0,130.95540137514212,118.6042463269198,49.73924164996283,96.51220006274494,4,0,113.71442761,,,112.25492556675351,117.65477038544,114.71005716,115.02067831135071,115.6044791286493,119.38046369838875,112.28886493,2,0,1.5,-10.049105198382382,0,-1.039945905795841,6,6.209862463148833,11.52280452628996,0,0.5184114509301999,117.65477038544,112.28886493,1,0,0,0,10,8,0,1,192,0,15,2,,-0.02769727738294404,-1.0261495878938942,0,0.4260927619142363,5.601744580352869,,,,,,1.2258597130369138,6.6820307147710105,5.9523809523809526,-68.93753883600363,0,21.511594588377186,12.004610360741928,20.275409247532785,29.993479050211402,,,,2232394
2025-10-07,114.54572995,116.66265104,113.60809824,116.46932491,117.1050382190171,117.8437146595476,118.1915901231178,118.95211270449155,127.41518982045191,116.20983728501345,0,0,0,0,130.88900515376977,118.58050027637177,82.61394896604281,56.664211016908354,2,0,115.34004680074199,115.04172362842478,115.6383699730592,113.84843093915596,119.31230139,120.1973054527735,119.8989822804563,120.49562862509072,121.68892131435953,115.34762420232599,0,4,0,-8.59070643451253,0,-0.24836897544393313,6,6.469824433092561,70.58396760359133,0,2.663054672155563,119.31230139,115.34762420232599,1,1,0,0,8,8,0,1,192,0,16,3,,0.3093144549297949,-0.2446471145408478,0,2.79338911121625,0.9350404219458155,,,,,,0.889800045429485,8.529478929294305,10.317460317460318,-61.94257659692467,0,22.412129268333643,12.90651930851506,18.42182532307051,30.46274886157448,,,,1633114
2025-10-08,115.87001392,115.9956759,114.36207013,115.59935734,116.60314459267806,117.28799075759132,117.94471081043991,118.82063210196247,127.2976193480096,116.24464729444273,0,0,0,0,130.82986580187685,118.55267184289247,67.08200911805179,77.28509854880319,4,0,115.01153010994747,114.7157009608315,115.30735925906345,113.5323843643676,118.713536855,118.53005956813054,118.23423041901457,118.82588871724651,120.00920531371041,114.92848221751917,0,5.5,0,-9.189694251884308,0,-0.5009150061261863,6,6.2565013778489735,15.229020747790088,0,2.4349036336506753,118.713536855,114.92848221751917,1,1,0,0,8,8,0,1,192,0,17,4,,-0.5627310955564622,-0.49633289207223796,0,0.5226968607920601,4.946566577144832,,,,,,0.751819070268099,10.078658605213036,15.873015873015873,-53.497043256540714,0,21.673156528118213,13.744006188590111,17.250194683260297,28.525313818459253,,,,1383522
2025-10-09,115.59935734,116.1406705,115.27070293,115.9956759,116.40065502845204,116.71087586367139,117.75908843801706,118.70984950580709,127.1851621992732,116.26580104518132,0,0,0,0,130.78239318049444,118.53301216705962,77.7238925383128,85.52623062249549,4,1,114.8286043942918,114.66727961905575,115.31257872,113.53741536626784,118.713536855,118.43934050547378,118.0957124786001,118.713536855,119.84340110778791,114.66727961905575,0,6,0,-8.797792215527119,0,-0.26285690877428797,4,6.1872954718926385,49.84944992971731,0,2.6865370912060564,118.713536855,114.66727961905575,1,1,0,0,8,8,0,1,192,0,18,0,,-0.3757801190897694,-0.2619887436700954,0,3.1433781894893293,3.4346897111036054,,,,,,0.6315328737387955,11.56597413178892,21.825396825396826,-46.03766452755199,0,21.4334202375178,14.430954220747452,17.234148193308396,27.74089284914814,,,,1148361
2025-10-10,116.16966942,116.85597717,115.42536383,116.13100419,116.31077141563469,116.23790433159434,117.60403279534877,118.60871831695191,127.07517057729038,116.27427678832298,0,0,0,0,130.7213244040034,118.5090982696599,72.75097871963163,80.82450336338175,4,2,114.52120589703665,114.4357007593822,115.10186091798666,113.33544776250771,118.713536855,118.29758902603766,118.02252577681904,118.57265227525627,119.67290527213076,114.4357007593822,0,2.5,2,-8.612356243609257,0,-0.1445627450331909,4,6.1664778116890595,53.446693918735846,0,2.808000180050234,118.713536855,114.4357007593822,1,1,0,0,8,8,0,1,192,0,19,1,,-0.7339506415235215,-0.14681389845221748,0,1.4314549082403332,1.3658966431629889,,,,,,0.8263903637686151,12.635444279829036,26.58730158730159,-40.84891425003265,0,21.361305747183195,14.61627733762802,18.755722413844033,26.452666690312707,,,,1501943
2025-10-13,115.95701068,117.72594474,115.73081911,116.35332924,116.32495735708979,115.89197652027747,117.48491817102985,118.5202716864832,126.96848558885964,116.27256265022054,0,0,0,0,130.6551156005066,118.48552133830907,85.72683691249364,52.05581671924256,2,0,114.38764750234405,113.80588085614406,114.77772131,112.7129628722606,118.713536855,118.24588421959558,117.97265472362471,118.51911371556645,119.6120316994499,114.25762289979207,0,4,3.5,-8.360465433314603,0,-0.00622596477035261,0,6.15816150880182,94.08523830108817,0,2.5831068578209826,118.713536855,114.25762289979207,1,1,0,0,8,8,0,1,192,0,20,2,,-0.35070905670285146,-0.008128657910233237,0,5.335764396751631,-1.1495581856714894,,,,,,0.907177755912652,13.38441177659513,30.555555555555557,-37.258110792343295,0,21.332497228919532,14.261501645966934,20.375786944696628,24.728043967540497,,,,1668163
2025-10-14,116.73031518,116.81731194,113.30844274,115.34803338,115.99931603139319,115.57195064400995,117.28140533378891,118.39587018426818,126.85285919872173,116.25532885907475,0,0,0,0,130.5875641169645,118.4528576066032,78.2251484966898,70.7537894146179,4,0,114.23387356467374,113.65713339777375,114.77772131,112.51696422702483,117.65477038544,118.16024386026542,117.8752015675782,118.44528615295265,119.58545532370157,114.05259098289832,0,5,5,-9.06942570423171,0,-0.33464265667723436,4,5.918739659262277,41.712663960674206,0,1.9924737700190598,117.65477038544,114.05259098289832,1,1,0,0,8,8,0,1,192,0,21,3,,-0.6716027108555669,-0.3314290708242032,0,1.615987778222424,2.6703209170903426,,,,,,0.8758117078264718,13.60756896443813,32.142857142857146,-33.63170153682701,0,20.503115613230335,14.95792558993839,18.136270555680493,29.597940506162125,,,,1604657
2025-10-15,115.0773768,115.72501933,114.36207013,114.41040167,115.4696779109288,115.1900528755043,117.00797641342807,118.2395773013557,126.72905365117226,116.21924867208145,0,0,0,0,130.53763688986803,118.4235484161818,70.49441861148824,82.73485524512331,4,1,113.79962489793984,,,112.41536830689199,116.9321863269,114.77772131,114.50086999179044,115.05457262820957,116.16197790104785,101.059978437,0,0,5.5,-9.720463955392535,0,-0.6088500690440417,4,5.903308275380897,28.10189731942528,0,9.909826661989054,116.9321863269,113.83154600759649,1,1,0,0,8,8,0,1,192,0,22,0,,-0.7576548536495975,-0.5982664765451695,0,1.1361230754017697,3.668245045612545,,,,,,0.6173618549977372,13.66007150988287,32.93650793650794,-33.20147283963798,0,20.449659731403035,15.604604966483313,17.339078363292476,28.296942761899473,,,,1125686
2025-10-16,114.41040167,115.46402906,113.57909932,113.67576239,114.8717060706192,114.717360035958,116.6906226969111,118.06060416757704,126.59917015603622,116.16223081669887,0,0,0,0,130.48239799377296,118.38717045493627,48.65601769282316,87.50318681818686,4,2,113.39375609692947,,,112.02422632756361,116.9321863269,115.31257872,115.03867276612684,115.58648467387317,116.68210848936586,113.39375609692947,0,0,5.5,-10.2081299191044,0,-0.7791510407333143,4,5.8654472778607,17.62264532606048,0,1.4010813536087128,116.9321863269,113.39375609692947,1,1,0,0,10,8,0,1,192,0,23,0,,-0.8367436170611418,-0.7654496216482389,0,-0.8985276157433786,3.126430803295928,,,,,,0.6667621462550773,13.548543374432404,31.746031746031747,-33.319192946451004,0,20.318505388742594,16.51033270443562,16.273705376395267,29.110547489181673,,,,1198799
2025-10-17,113.91742004,115.841015,113.91742004,115.72501933,115.15614382374613,114.44832455397099,116.598660471491,117.96901260531912,126.49096965030452,116.10002050791755,0,0,0,0,130.43319660182462,118.36650358813459,56.46068501317511,81.88831053540214,4,3,115.31257872,,,113.94420944264242,117.72594474,116.13100419,115.85733033452848,116.40467804547151,117.49937346735759,113.30844274,0,4,0,-8.511240249061217,0,0.1030343904361687,4,5.911041676506984,51.45658861219863,0,2.062719104195726,117.72594474,113.30844274,1,1,0,0,8,8,0,1,192,0,24,1,,-0.5397180939700923,0.11374744676730725,0,1.2225332014056653,1.3769724863165735,,,,,,0.767915765733326,14.115109924334721,38.888888888888886,-31.066612617156174,0,20.47644901873442,17.091738838443796,16.354024878650293,27.054147414352734,,,,1224125
2025-10-20,115.80234978,117.07830221,115.42536383,115.59935734,115.30388166249742,114.38675227524243,116.50348874468233,117.87608494785563,126.3825953984607,116.03374433995319,0,0,0,0,130.37630448134752,118.34191705694992,72.35326351366832,73.85988591133201,1,0,115.31257872,,,113.96815821334653,117.72594474,116.13100419,115.8621200886693,116.3998882913307,117.47542469665348,113.30844274,0,0,1.5,-8.532217608336943,0,0.09409640425420265,0,5.738507354868784,70.689262169649,0,2.099463252777879,117.72594474,113.30844274,1,1,0,0,8,15,0,1,192,0,25,2,,0.5249845319758846,0.10273989305575718,0,2.687892706118457,0.8743900788322818,,,,,,0.8984262771294504,14.333497266477693,40.07936507936508,-27.895461367593843,0,19.878772596480836,16.821128178153103,19.564931851343108,25.569212668634545,,,,1413595
2025-10-21,116.00534221,116.55632167,114.91304959,115.88934653,115.49903661833162,114.49546348927188,116.44499900995068,117.79817363735148,126.2781849619586,115.96687240380604,0,0,0,0,130.31737740038727,118.3189287985767,69.85032706958236,82.54888108237046,4,0,115.31257872,,,113.72032064505743,117.72594474,116.13100419,115.86665402376435,116.39535435623564,117.45275502117822,113.30844274,0,2,2.5,-8.226946273489952,0,0.24127919563579428,4,5.731020732808625,37.60261227638699,0,2.1354716663835474,117.72594474,113.30844274,1,1,0,1,8,19,0,1,192,0,26,3,,0.14787145505750507,0.2452393376790343,0,1.405252515324583,2.944042411024647,,,,,,0.961694495915811,14.236092411054448,40.07936507936508,-28.291903232195676,0,19.852838176910314,16.811408313644524,18.4790309204653,25.880429025456593,,,,1505339
2025-10-22,115.67446482,116.7488709,114.66843004,115.43028162,115.4761182855544,114.65981066275326,116.3483592585268,117.7053151268671,126.17024562522269,115.8986022841831,0,0,0,0,130.2573913624122,118.29224762166169,62.19257802488548,83.81731760344778,4,1,115.31257872,,,113.72154780469617,117.65477038544,116.13100419,115.86696081367404,116.39504756632596,117.45122107162979,113.30844274,0,2,3,-8.51227954102965,0,0.09369716854169416,4,5.2319186769162425,38.41121741248358,0,2.1379528540156074,117.65477038544,113.30844274,1,1,0,0,8,8,0,1,192,0,27,4,,0.2518731087481464,0.09486311694485204,0,0.6825240008933715,2.1417903530255264,,,,,,0.9708581925229959,13.83120164984912,35.317460317460316,-23.685281740052694,0,18.123897938974938,16.919403221446082,17.17903716311249,24.886925223039256,,,,1497236
2025-10-23,115.25446972,115.48908094,113.61355863,113.62332595,114.85852084036961,114.61127976625588,116.08883227676235,117.54523711993114,126.04540065332992,115.81811647207826,0,0,0,0,130.1792599832164,118.24228033537378,50.30728455693668,83.57755604167858,4,2,112.60686284757746,112.34493397750693,112.868791717648,111.2972184972248,116.9321863269,115.98550632866667,115.41738969891668,116.13100419,117.17871967028212,112.71518719792701,0,0,1.5,-9.85523838152182,0,-0.5458062337891117,4,5.422257780291084,32.0478920328418,0,2.740766480461995,116.9321863269,112.71518719792701,1,1,0,0,8,8,0,1,192,0,28,5,,-0.3083486891624575,-0.540826969464799,0,-0.18889977109480238,1.966345532512506,,,,,,1.1478755140291896,13.09212182882147,29.365079365079364,-30.29896061371251,0,18.783251934399598,17.507862426909465,16.08074050617152,26.891666512325582,,,,1753565
2025-10-24,114.77587065,115.15679644,113.13495956,113.15449421,114.29051196357973,114.37221978339699,115.80937150849927,117.37305112346326,125.91713292752564,115.72462975072376,0,0,0,0,130.1081487199217,118.19411715030405,40.96396750525521,90.28281946687385,4,3,112.4526615170852,112.1913897370197,112.7139332971507,111.14630261675774,116.9321863269,113.15449421,115.31257872,115.92801176,117.24697068052393,112.5230522094459,2,0,1.5,-10.135744374732122,0,-0.6238764156427383,4,5.164615205971155,12.634955872310748,0,0.15429337348719388,116.9321863269,112.5230522094459,1,0,0,0,10,8,0,1,192,0,29,6,,-0.45754666422501283,-0.6178257311611608,0,-0.5883472924071302,4.449348433628539,,,,,,1.0345318862149104,11.86237035607878,25,-33.69551800886508,0,17.890751876569684,18.264270304513737,14.969669969469088,26.669174599141193,,,,1565921
2025-10-27,113.15449421,113.22276783,112.2754347,112.81263773,113.79788721905315,113.99767835747748,115.52396829149934,117.19421138254313,125.78673994048559,115.61809128503822,0,0,0,0,130.0224893709231,118.13408874363225,45.77122644624199,94.4005962983141,4,4,112.23725069863715,,,110.9819114907438,116.9321863269,112.81263773,114.52665346842133,115.02878915157868,116.03306051789336,112.18559672455584,2,9,0,-10.314363991486,0,-0.647843537995624,4,5.090862642061603,13.176265230955522,0,0.19470766627333103,116.9321863269,112.18559672455584,1,0,0,0,10,8,0,1,196,0,30,0,,-0.5977524389305142,-0.6425947803328651,0,0.4708539307179107,5.416136452412597,,,,,,1.2381011117168566,9.97916475275996,15.476190476190476,-43.41358369511602,0,17.635265500810053,19.32926746786485,14.46535037792553,28.827380872155015,,,,1865994
2025-10-28,112.53915255,114.11169235,111.88474158,112.53915255,113.37830899603543,113.56629452726709,115.23970012564226,117.01166005577673,125.65492315053051,115.4990750252502,0,0,0,0,129.95660863369463,118.086828217759,54.57511588893474,95.35199082105981,4,5,111.91831580403479,111.66529789069388,112.1713337173757,110.65322623733024,116.9321863269,112.53915255,114.52470339665909,115.03073922334092,116.13583565672728,111.9393406915954,2,7,0,-10.437928154090901,0,-0.6423760588575527,4,5.062324603552605,25.516797962058718,0,0.1667680584043383,116.9321863269,111.9393406915954,1,0,0,0,8,8,0,0,196,0,,1,,-0.4163420798049436,-0.6379568549289494,0,1.1713479461958913,4.166781372389252,,,,,,0.951482403389892,9.285626915013982,13.095238095238095,-47.04943263401651,0,17.536406835518168,19.624699855505753,16.465449758565306,26.561972453373297,,,,1425091
2025-10-29,112.32427134,112.56845454,108.03641437,108.09501834,111.61721211069029,112.68413245075324,114.55925424129538,116.66198783162862,125.4801977295302,115.343163063192,0,0,0,0,129.8367906781573,108.09501834,33.23485333444421,23.291745802308043,4,6,108.03641437,107.76100452037987,108.31182421962014,106.65936512189936,114.08626342458,115.77697946548192,115.50156961586178,116.05238931510205,117.15402871358256,110.44101628490446,0,0,2,-13.854918707574543,0.040586257686582555,-2.219454524923255,4,6.295169380961882,7.643965974991644,0,4.393342549603438,114.08626342458,110.44101628490446,1,1,1,0,10,4,0,0,212,0,,0,,-1.3246900614926604,-2.184106883486427,0,-0.49010941783710216,5.986402725349873,,,,,,1.3699192258236006,13.742829414599322,35.714285714285715,-36.98004150657443,0,21.80710642015579,21.28579280964381,14.04626043082793,35.13532475552391,,,,2084181
2025-10-30,108.99361251,110.95684543,108.8324516,109.84337004,111.0259314204602,111.72841760222597,114.11012241260057,116.39459105548632,125.32460740426124,115.16578065946895,0,0,0,0,129.73374364503826,108.94459583268528,25.112902268088504,73.74663367515713,4,7,108.03641437,107.75512462490632,108.31770411509369,106.62996564453155,114.08626342458,115.6482861932558,115.08570670306841,115.72501933,116.85017831037476,109.76372195480674,0,2.5,2,-12.352911120098877,0,-1.2880268808312632,4,6.626012882951719,7.010021991976345,0,4.896083562437265,114.08626342458,109.76372195480674,1,1,0,0,10,15,0,0,212,0,,1,,-0.6895832369767357,-1.2757755481988864,0,-3.1547027096315268,3.6056652798829343,,,,,,1.2683345294463497,16.79967436936362,49.6031746031746,-26.80895214974775,0,22.953181929756617,22.828236267057715,12.770314754474668,31.94367343097019,,,,1970098
2025-10-31,109.39407295,110.90800879,109.00337984,109.84337004,110.63174429364012,110.78545090185715,113.70376504378147,116.13768042742802,125.17056524143277,114.97032795578879,0,0,0,0,129.61829993853897,109.26366659016576,36.78167664856013,87.03367935021033,4,8,108.03641437,107.75821113393086,108.31461760606915,106.64539818965429,114.08626342458,113.15449421,112.87629097393085,113.43269744606914,114.54551039034571,109.36756388545584,0,4.5,2,-12.245047525246223,0.02354540271373473,-1.1160613377420978,4,6.532187724477836,22.79034380728325,0,2.7224200394297178,114.08626342458,109.36756388545584,1,1,0,0,10,15,0,0,212,0,,2,,-1.1883632217098778,-1.1052378792860345,0,0.3573309151790074,3.834550648579279,,,,,,1.39323196852223,19.307638411549974,62.301587301587304,-14.674296694256315,1,22.628162046746684,24.260505191799204,11.989708938405405,29.991065547276865,,,,2231489
2025-11-03,109.43314227,109.88243935,106.39550328,106.60061716,109.28803524909341,109.60977422613114,113.02727476913562,115.76367794635242,124.98578963863244,114.74020459302017,0,0,0,0,129.41576478502478,106.60061716,58.04595369205842,22.610667605424304,4,9,106.39550328,106.10603834588223,106.68496821411777,104.94817860941113,113.07218037096,113.13620224576889,112.84673731165111,113.42566717988666,114.58352691635775,107.96169977618548,0,0,4,-14.709810236658843,0.12014596177183431,-2.1911697257600524,4,6.166485667075434,32.67649530153748,0,4.613116342612659,113.07218037096,107.96169977618548,1,1,1,0,8,4,0,0,212,0,,3,,-1.9611676941746745,-2.1584787653241575,0,0.8728801574920508,3.172176244362495,,,,,,2.0552000689830754,24.134117030731485,87.6984126984127,12.980388803491122,2,21.36133295903982,26.311627474922705,10.700157583767153,34.80939922563392,,,,3413065
2025-11-04,108.90570656,110.56615231,105.20388927,107.85083514,108.80896854606227,108.55846480641817,112.53428051874175,115.45337038531899,124.81529257894455,114.48738697033743,0,0,0,0,129.2124317209297,107.85083514,77.42177683204027,43.71416147059219,4,10,107.15532714298868,106.83866092702218,107.47199335895519,105.57199606315615,112.33576291278,112.94981138569501,112.33576291278,113.15449421,114.42115907386602,107.15532714298868,0,6,5.5,-13.591649779785344,0.08690674965121023,-1.4503816427820038,4,6.061344808616318,68.47690094705958,0,3.271858827112296,112.33576291278,107.15532714298868,1,1,0,0,8,15,0,0,212,0,,4,,-1.6952539972096818,-1.4327431777542867,0,2.0830429737882525,0.7950863969314608,,,,,,2.0934751597157097,26.00697729244521,90.07936507936508,23.859768868926793,3,20.997114341434628,28.485006155798803,9.082381046274373,32.90632074884972,,,,3692156
2025-11-05,107.57734996,109.33546899,106.32713198,106.38573595,108.00122434737484,107.50750139802945,111.94870484552825,115.09777687805158,124.63191390601973,114.20739223530333,0,0,0,0,129.01806664018133,107.15247740479907,39.25381651257563,25.499711403412704,4,11,106.11434250342361,105.79343515100828,106.43524985583895,104.50980574134698,112.33576291278,115.1396894325781,,,116.74422619465473,106.11434250342361,0,0,3,-14.640052763514886,0.11695474809820672,-1.8137106313464952,4,6.131480104529518,49.84985816205716,0,3.8773934984851675,112.33576291278,106.11434250342361,1,1,1,0,10,15,0,0,212,0,,5,,-1.9356379847856537,-1.7925517779583826,0,-0.14220744200590385,0.46586144398861795,,,,,,1.8054507522563825,27.521549984899263,90.87301587301587,29.573724626124136,3,21.24007013328571,30.5031435023266,8.322179908926113,30.152040529624216,,,,3362862
2025-11-06,106.32224832,107.04180737,103.7485574,103.80716137,106.60320335491656,106.30591121677705,111.1733197526208,114.65500764244172,124.42470243799964,113.8900628784022,0,0,0,0,128.88603558626195,106.39098355138402,35.23574337463535,9.352521037575514,4,12,103.7485574,103.42116798373934,104.07594681626065,102.11161031869669,111.43636781712,111.43636781712,,,113.0733148984233,104.62511465946312,0,0,2,-16.570295659958102,0.14259133040151395,-2.568643086222966,4,6.398807630628187,35.885512002300494,0,4.6964318547177,111.43636781712,104.62511465946312,1,1,1,0,10,15,0,0,212,0,,6,,-2.1407306432121116,-2.5255599867852,0,-1.4389625945625069,0.5586443651431583,,,,,,1.0890797186364094,30.191017450843315,92.46031746031746,36.20343866035128,3,22.166119848214887,32.89388934685719,7.574735085516078,34.476271954777495,,,,2079227
2025-11-07,104.10018121,105.48714178,103.67041878,104.86203279,106.02281316661104,105.24904011305844,110.57224480379978,114.27096941293419,124.23004900866631,113.54899080415554,0,0,0,0,128.77499282400623,106.13421204521926,25.14740634925379,28.512956462079618,4,13,103.67041878,103.35019358097225,103.99064397902777,102.06929278486122,111.43636781712,109.84337004,109.52314484097224,110.16359523902776,111.44449603513878,103.6600692613488,0,6,2,-15.590443997422232,0.09309185839483311,-1.8557679757935233,4,6.557778846006667,23.855143399807734,0,3.861845224813321,111.43636781712,103.6600692613488,1,1,0,0,10,15,0,0,212,0,,7,,-1.7447348671586649,-1.8309314968541501,0,-1.8666342121489896,1.537360550147936,,,,,,0.9571059399866082,32.35950089711221,93.65079365079364,42.447366650420584,3,22.716812292167894,35.1278351948748,7.191043180944348,32.94777245825854,,,,1843619
2025-11-10,104.52994364,104.82296348,101.66323289,102.25415623,104.7665941877407,104.0903436135329,109.78004589200933,113.79972183713285,124.01138340887859,113.17462063439078,0,0,0,0,128.61265069584056,102.25415623,13.304772090676781,9.664880126588136,4,14,101.66323289,101.33732020608137,101.98914557391863,100.03366947040685,110.14763726994,109.91680477981541,,,111.54636819940856,102.29433067846324,0,0,2,-17.54454033235216,0.16288115824013855,-2.61362605720865,4,6.807050350047724,7.63586401777313,0,5.206550587677199,110.14763726994,102.29433067846324,1,1,0,0,10,15,0,0,212,0,,8,,-2.3030492659211084,-2.5736840360635163,0,-5.174054971367453,1.4694242085898064,,,,,,1.2497616901793511,36.663566209604696,95.63492063492063,55.48379057030578,3,23.580314111924338,37.536337627151156,6.56087033582155,35.55926447686213,,,,2456614
2025-11-11,102.5569434,103.80716137,101.68765121,102.58624538,104.03981125182713,103.03410277355583,109.09492203372272,113.35997766234333,123.79819795585492,112.77573156139843,0,0,0,0,128.48230597247016,102.40400635700094,8.384433109392514,16.512845158901385,4,15,101.66323289,101.34167548564699,101.98479029435302,100.05544586823493,110.14763726994,109.91614030744911,109.5945829030961,110.23769771180213,111.52392732921419,101.19309547536996,0,8,2,-17.134298338832746,0.14162371644247357,-2.1676135022245933,4,6.870063167786194,18.854244570525324,0,5.425497726995416,110.14763726994,101.19309547536996,1,1,0,0,10,15,0,0,212,0,,9,,-2.1329897315397885,-2.143548316080844,0,-3.996618476188469,0.1929725438301942,,,,,,1.0169009441746197,40.07309472827081,96.42857142857143,68.38427437694092,3,23.79859691562655,39.77280417140778,6.174752004632878,33.466541536867716,,,,2020006
2025-11-12,102.94763651,103.92436931,102.19555226,102.26392356,103.44784868788476,102.15329068378831,108.44435075051103,112.92483828578084,123.58392656883149,112.35622729813134,0,0,0,0,128.37245279864834,102.3654991051079,17.543984948692362,20.264641084088787,4,16,101.66323289,101.34920800515435,101.97725777484565,100.09310846577172,110.14763726994,109.91909610762536,,,111.48922053185365,100.16409494077237,0,0,3.5,-17.2514368176812,0.017763191414765567,-2.0201592634006595,4,6.8706970697414285,40.819760090994876,0,6.212884161487764,110.14763726994,100.16409494077237,1,1,0,0,10,15,0,0,212,0,,10,,-1.1421055313181245,-2.0005948811593353,0,-0.9062884483543303,0.6719484740781585,,,,,,0.8422244062274139,42.16026781703015,97.61904761904762,77.13808166909283,3,23.800792816413516,41.74382688082854,6.204486268236786,31.82149653277094,,,,1697085
2025-11-13,102.5569434,103.59228016,101.7560225,101.84392846,102.91320861192317,101.38944172031253,107.81573910379569,112.49029280241689,123.36760817968889,111.91928851431562,0,0,0,0,128.2604175691573,102.25196433896322,16.176974872362628,22.592930272217313,4,17,101.66323289,101.35524319639332,101.97122258360669,100.12328442196659,110.14763726994,109.91843007246118,,,111.45837854049459,101.66323289,0,0,3.5,-17.446783671398535,0.08405003406175321,-1.9292607605696848,4,6.871674622073408,32.73044357048949,0,5.360697032286696,110.14763726994,101.66323289,1,1,1,0,10,15,0,0,212,0,,11,,-1.6724002724940257,-1.9090852016808095,0,-1.892778957411605,0.5287335380695626,,,,,,0.8416725089096196,43.6888486191808,98.80952380952381,83.53436315104523,3,23.80417915702561,43.653739219658746,5.874204012713717,31.401738436340263,,,,1717815
2025-11-14,102.35182951,103.33832963,101.02347291,101.26765611,102.36469111128211,100.7535076615355,107.19211215200562,112.05018940271427,123.14770815909496,111.46706812025917,0,0,0,0,128.14869734928425,102.07830679235754,31.13334446395585,26.811767872190945,4,18,101.02347291,100.71681411665094,101.33013170334905,99.49017894325469,109.39039775866,101.66323289,,,103.19652685674531,98.40517191256069,0,0,5,-17.767323790409513,0.10096841164561138,-1.9059369721774126,4,6.4186089107745286,39.25254176449263,0,5.456830216595924,109.39039775866,98.40517191256069,1,1,1,0,10,8,0,0,212,0,,12,,-1.807747293164891,-1.8854976728356203,0,0.23102467881400734,1.9779280369956405,,,,,,0.818942175770808,44.57800429941096,100,100.48832340445198,3,22.234713494751624,45.55736637049209,5.478291073444714,31.418172294624096,,,,1690521
2025-11-17,100.99417092,101.81462647,98.75745283,98.8551261,101.19483610752141,100.00948772171819,106.39811348038604,111.53273593986273,122.9059909246761,110.98854802357863,0,0,0,0,127.9855491699177,101.45712279344923,55.296691517486266,9.3127633595689,4,19,98.75745283,98.44540204296159,99.06950361703842,97.19719889480794,107.98999734922,104.86203279,104.54998200296158,105.17408357703842,106.42228672519207,97.34046481551002,0,0,2,-19.568504874116233,0.07962614335430196,-2.588663847316964,4,6.617089868672181,70.87483256702573,0,5.917334551111697,107.98999734922,97.34046481551002,1,1,1,0,8,15,0,0,212,0,,13,,-1.6370091468344157,-2.5582577334497114,0,2.2438425455344726,0.7941692501608474,,,,,,1.0851923337974207,47.441992669904195,100,106.9689832122364,3,22.92227170157897,47.6675263507882,4.999085451039298,35.153576149729396,,,,2287555
2025-11-18,98.76722015,98.89419542,97.31188829,97.81002202,100.06656474501428,99.13280084138096,105.58020000796833,110.99459029594655,122.65627979129624,110.48300975102593,0,0,1,0,127.7768172907034,97.81002202,42.07684471581664,7.603558840823455,4,20,97.10988377850008,96.80599459116084,97.41377296583931,95.59043784180388,107.0966384635,104.86203279,104.55814360266076,105.16592197733924,106.3814787266962,96.3694775312915,0,16,2,-20.256816702392225,0.14959926260502815,-2.671054703574724,4,6.53128192319077,44.06220140473572,0,6.572629169494882,107.0966384635,96.3694775312915,1,1,0,0,10,4,0,0,212,0,,14,,-2.196794100840225,-2.6478769035117304,0,-0.7631192530165567,0.5024444034879758,,,,,,1.3149239473452046,51.101969038431214,100,125.86481434600618,3,22.625024259045162,49.80456532209173,4.766679055579439,37.766508743912844,,,,2860949
2025-11-19,98.5035023,98.83559145,96.11050695,96.13980894,98.75764614334285,98.09192087958789,104.6811151443523,110.41204985061532,122.39243431018882,109.94664629960764,0,0,0,0,127.57748674364947,97.01124553016899,39.348157380299526,4.44109815225056,4,21,96.11050695,95.80399302157785,96.41702087842215,94.57793730788924,106.35418479538001,97.10988377850008,,,98.64245342061083,95.28514121142774,0,0,5,-21.44954916384351,0.15744316886877363,-2.9829159466926134,4,6.569197673976061,49.72661547071223,0,6.683988488295856,106.35418479538001,95.28514121142774,1,0,1,0,10,15,0,0,212,0,,15,,-2.259545350950189,-2.9527407050703394,0,-0.29143553117557985,0.42245679998523744,,,,,,1.174906475029008,54.99078533671692,100,141.65009406610025,3,22.75636827257965,51.92030495586945,4.3882995127842435,38.26815241226267,,,,2622404
2025-11-20,96.07143764,98.02490323,95.91516039,97.74165072,98.41898100222856,97.22835649703939,104.02021377060447,109.91517145333628,122.14715288143073,109.3949390111551,0,0,0,0,127.37700228429946,97.2590592004408,39.63562805781153,20.07106984701504,4,22,95.91516039,95.61170332396514,96.21861745603485,94.39787505982572,106.35418479538001,104.86203279,104.55857572396515,105.16548985603485,106.37931812017428,94.63264024497738,0,7,0,-19.980410173883758,0.022206300319925015,-2.0065491898208183,4,7.004423334605335,49.14106663773272,0,6.880066786239203,106.35418479538001,94.63264024497738,1,1,0,0,10,15,0,0,1236,0,,0,,-1.1776504025594001,-1.9948627361131264,0,-0.10489380966008355,0.6653328960541041,,,,,,1.2322047861526357,56.73658301427225,100,133.82996651811686,3,24.264034186514913,53.90573436464501,4.115897378432304,36.46743567050873,,,,2815735
2025-11-21,98.1909478,103.1527504,98.1909478,101.50207198,99.44667799481904,96.9979693323913,103.78039074292785,109.58524598379368,121.94172919086922,108.85602769771475,0,0,0,0,127.11208297002203,98.7148397667171,76.12143268011441,87.69356918371669,4,23,101.14556451,100.81546955868193,101.47565946131807,99.4950897534096,106.35418479538001,104.82296348,104.49286852868192,105.15305843131807,106.4734382365904,95.91516039,0,2.5,5,-16.761823328645818,0,-0.3132223885321341,4,8.33950765056526,52.385909675973544,0,5.397115620478811,106.35418479538001,95.91516039,1,1,0,0,8,8,0,0,1108,0,,1,,-0.42324609870645763,-0.2952427902385829,0,1.9857980957894696,2.4383021505462215,,,,,,1.7885463189441908,55.07337143775975,99.60317460317461,90.63850743404281,3,28.88890192177677,52.07927353736335,17.383540523176812,31.12998523446294,,,,4334641
2025-11-24,101.0918442,103.69972076,100.34952728,103.20158704,100.6983143432127,97.44819114248091,103.72526658074425,109.3349064173704,121.75526011474118,108.3425662016385,0,0,0,0,126.89202165201299,99.77994477639,89.68931395151317,82.8761107730065,4,24,103.20158704,100.80913532770464,101.48199369229536,97.81872012327423,106.35418479538001,104.82296348,104.48653429770464,105.15939266229536,106.50510939147681,95.91516039,1,4.5,0,-15.238498162014796,0,0.43704890359364895,4,8.624622316341572,59.119070960326894,0,0.5856726172412274,106.35418479538001,95.91516039,0,1,0,0,8,8,0,0,1108,0,,2,,0.7568457847991837,0.4631167419192495,0,3.3242277241765867,1.9224964426952562,,,,,,1.5563348622219408,52.81472114377246,98.80952380952381,76.77639872853312,3,29.876568095991956,50.091791415183984,17.289560117386007,28.36216983639645,,,,3932687
2025-11-25,104.28576044,105.01831004,103.53367619,104.38343372,101.92668746880847,98.45197013246275,103.78794916543526,109.14073101747353,121.58240612076365,107.86156604036995,0,0,0,0,126.74761689404707,100.43717783327902,68.98744574243361,82.97050507352657,4,25,101.02230632582636,100.69368705833782,101.35092559331491,99.37920998838362,107.0966384635,104.82296348,104.49434421251145,105.15158274748855,106.46605981744274,95.91516039,0,0,8,-14.145938503372355,0,0.9213707628028005,4,8.767840765674714,48.162846131318574,0,5.421351680366956,107.0966384635,95.91516039,1,1,0,0,8,8,0,0,1108,0,,3,,0.9903551648332398,0.9449169557763369,1,1.2182165613043128,2.2885723943619274,,,,,,1.0638038845746933,48.109136747371714,98.01587301587301,58.396028132236154,3,30.37269135764442,47.569471469683236,20.018743911428427,26.962205017972963,,,,2759070
2025-11-26,103.90483465,105.66295368,103.90483465,105.24295858,103.03211117253898,99.79743816052424,103.92652149063191,108.98787719639614,121.41982455319386,107.41768957190172,0,0,0,0,126.66626425269487,100.81164734933552,65.80488146662208,77.25702759957966,4,26,101.08303111221389,100.76218715820666,101.40387506622112,99.47881134217776,107.98999734922,107.98999734922,107.66915339521277,108.31084130322724,109.59421711925613,95.91516039,0,1.5,0,-13.323084622072395,0.03970398092081717,1.2379768131468158,4,7.945572802330539,53.64422099077277,0,7.526921924761034,107.98999734922,95.91516039,1,1,0,0,8,8,0,0,1108,0,,4,,1.3176318473665374,1.2537512014269347,2,1.1280638789817332,1.0492420172669261,,,,,,0.635194324931951,46.8815497338837,97.22222222222223,70.32803066725072,3,27.524271577747832,44.91086242233994,20.8332539439052,25.6430622556688,,,,1633107
2025-11-28,105.36016651,105.55551307,104.37366639,105.42853781,103.83092005169264,101.2516989999892,104.06957066390507,108.84829525967473,121.26070727216705,107.00985143797075,0,0,0,0,126.61899630368345,101.01445319255369,60.9195830059891,82.64799459833692,4,27,101.36885673946587,101.06037800824488,101.67733547068686,99.8264630833609,107.98999734922,107.98999734922,107.68151861799902,108.29847608044099,109.53239100532497,96.08746023067286,0,0,0,-13.056306381779626,0.06035590497799506,1.2617381540424277,4,7.742966531831279,39.70168498841808,0,7.716925618460372,107.98999734922,96.08746023067286,1,1,0,0,8,8,0,0,1108,0,,5,,1.4828472398239605,1.269480587998565,3,0.7634047886008908,2.4814998589038306,,,,,,0.38201870040780506,44.4557622593849,96.42857142857143,65.74103867019764,3,26.822422868874305,42.44215402123545,20.120606062218595,24.765884161182687,,,,962946
2025-12-01,105.05737935,105.47737445,103.76809206,103.93413663,103.86532557779509,102.51234264688055,104.05667218448554,108.65558315655024,121.0883035841853,106.62706271286453,0,0,0,0,126.5155491964491,101.25654686656159,58.479626552834944,86.54041312940274,4,28,101.41095998711941,101.10925400107492,101.71266597316391,99.90243005689693,106.35418479538001,106.35418479538001,106.05247880933551,106.6558907814245,107.86271472560249,96.52250800959422,0,0,2.5,-14.16665891454913,0.028353294607516427,0.6246640184047592,4,7.833999922588157,36.6595956582359,0,6.517389273367484,106.35418479538001,96.52250800959422,1,1,0,0,8,8,0,0,1044,0,,6,,1.2268263568601314,0.6371334632996573,0,0.7636962673535272,2.815026814871306,,,,,,0.79021898032846,41.70782705956722,92.46031746031746,53.6892099700204,3,27.137771784826676,40.408204811054276,19.10282837203224,25.305243911993152,,,,1982031
2025-12-02,103.53367619,105.34063186,102.5569434,103.42623558,103.71896224519672,103.50090786040737,103.99663060310596,108.45051070256787,120.9125616139944,106.26495399039943,0,0,0,0,126.40290792250643,101.43412492465869,55.432043169019096,91.66305912985288,4,29,101.44184312765803,101.13683320793814,101.74685304737793,99.9167935290586,105.66295368,103.42623558,106.04917487566011,106.6591947150999,107.87923439397944,96.61508817628118,2,1,4,-14.461959783647938,0.09671170730555068,0.43586668118089095,4,7.30208460582253,21.864372863256825,0,1.5295641629942405,105.66295368,96.61508817628118,1,1,0,0,8,8,0,0,1044,0,,7,,1.7736936584444054,0.4469686202804,0,0.5672677270670672,4.359855067470286,,,,,,0.8718089612475479,40.355658904325075,91.26984126984127,59.53903432698101,3,25.295163076902355,39.010964121861456,17.546195074035662,26.78859585953088,,,,2130780
2025-12-03,103.70948809,104.73505753,102.59796617,102.72298797,103.38697082013115,104.14530753221689,103.87533130471492,108.22590196795737,120.7315708314671,105.91814424583264,0,0,0,0,126.31270514919227,101.51182224990187,31.539409864124266,94.84139379627045,4,30,101.45535570596121,,,99.94383235726173,105.34171486294,102.72298797,102.8504457302601,103.4550550697399,107.15349488791917,96.87940904464318,2,0,5,-14.916216808448407,0.10823778940674808,0.1884586268593916,4,7.1844069962947135,4.857897752246394,0,1.3189413838228083,105.34171486294,96.87940904464318,1,1,0,0,10,8,0,0,1044,0,,8,,1.8659023152539846,0.19976447011952192,0,-2.8817818885516786,5.022579725191804,,,,,,0.712818540761395,38.46893375703125,90.07936507936508,54.571207279282,3,24.887515879671497,37.713526339039554,16.438696531320833,25.0977260868752,,,,1670126
2025-12-04,103.72902275,104.51031131,102.37624783,102.65461667,103.14285277008743,104.48258055336449,103.7590727680754,108.00742019156688,120.55170064080573,105.584972804413,0,0,0,0,126.23912460084347,101.56559147342773,18.691052384912595,96.9598010769619,4,31,101.46470687527005,,,99.96587878897768,105.34171486294,102.65461667,102.85298478274153,103.45251601725847,106.9084362480678,97.02489111690846,2,0,7,-14.845982160078899,0.16537773522040655,0.21246717907062032,4,7.087503267493277,2.853428611964617,0,1.3234518883023947,105.34171486294,97.02489111690846,1,1,0,0,16,8,0,0,1108,0,,0,,2.3230218817632524,0.22381539404619216,0,-3.2663662602548156,6.056460782768097,,,,,,0.6097757147692943,36.46723742397176,88.88888888888889,48.53163764945004,3,24.55183151621757,36.60315201150029,15.393796190063858,24.162819873430045,,,,1367873
2025-12-05,102.27369088,103.62158214,102.18578493,102.45927012,102.91499188672495,104.5304269299407,103.63528203968727,107.78984567895641,120.37167645651911,105.26207556345707,0,0,0,0,126.16450388296569,101.6062147265576,14.885287428631731,98.30002324826846,4,32,101.6062147265576,101.31504132115687,101.89738813195832,100.15034769955396,105.34171486294,105.51924822784933,105.2280748224486,105.81042163325006,106.97511525485297,97.01472210198129,0,0,5.5,-14.880914567131967,0.096285403353394,0.18384412650653187,4,6.672993113555354,2.587872944981086,0,5.841554186010704,105.34171486294,97.01472210198129,1,1,0,0,13,8,0,0,1108,0,,0,,1.770283226827152,0.19879995509577228,0,-2.336858502881221,7.31853247267319,,,,,,0.6268736834252829,37.6731491608919,89.28571428571429,62.97486329693811,3,23.115926222470215,35.65664691612575,14.716046841251543,23.683030318545406,,,,1384451
2025-12-08,101.5802106,102.068577,98.58164092,98.58164092,101.4705415644833,103.91736304427272,103.15398288543133,107.42873960997773,120.15486018252389,104.92344169025914,0,0,0,0,126.00522030877175,101.37148411265183,3.174252949211945,74.80128247000731,4,33,97.48454610200008,97.1795491076994,97.78954309630076,95.95956113049671,105.34171486294,105.51924822784933,105.21425123354865,105.82424522215001,107.0442331993527,96.66322440748928,0,0,2,-17.95451239321707,0,-1.2958294435254167,4,7.561167626945841,3.7511648373039606,0,5.807285964024643,105.34171486294,96.66322440748928,1,1,0,0,10,8,0,0,1108,0,,1,,-0.346993934953697,-1.2786497542448598,0,-4.117120837030373,4.7031244858779875,,,,,,1.1417333666273421,40.23342581763145,90.87301587301587,53.60576813195905,3,26.19265298883039,36.073175941943376,13.045556932260657,31.545531428367493,,,,2562561
2025-12-09,98.82582412,100.61324513,98.68908153,99.06023999,100.6671077063222,102.93702014414416,102.76410260967597,107.10056315429233,119.94496346419032,104.57085132657922,0,0,0,0,125.88879186658887,101.24411516405412,5.743753894792716,97.34241660047967,4,34,97.48454610200008,97.18319528398874,97.78589692001142,95.97779201194338,105.34171486294,105.51924822784933,105.21789740983799,105.82059904586067,107.02600231790603,96.38134655388518,0,0,2,-17.411921994061448,0,-0.9129527535598839,4,7.227164569318215,3.8784452167678225,0,6.064627090954352,105.34171486294,96.38134655388518,1,1,0,0,10,8,0,0,1108,0,,2,,-0.6555881271020595,-0.898282968511114,0,-4.468059323114341,4.3601131391270505,,,,,,0.8682831030255954,43.56173745874458,94.04761904761905,73.99894942856261,3,25.03563245744158,36.45995289448831,12.260300809741956,29.64669937229988,,,,1925770
2025-12-10,99.31419052,100.70115109,98.98697233,100.13464607,100.4896204942148,101.91314921116494,102.51367817732589,106.82738993530047,119.74784587817848,104.21036865610245,0,0,0,0,125.769815315684,101.1821136487974,32.6987665894855,95.51856040839348,4,35,97.48454610200008,97.18941517491812,97.77967702908204,96.00889146659028,105.34171486294,105.51924822784933,105.22411730076738,105.81437915493129,106.99490286325913,96.24612419006942,0,2.5,2,-16.378749583630356,0,-0.3273782957916075,4,7.318807423574814,35.44217500845498,0,6.284074752494317,105.34171486294,96.24612419006942,1,1,0,0,10,8,0,0,1104,0,,3,,-0.6660314874577241,-0.3153375711591171,0,0.9614130352274861,3.418202384356971,,,,,,0.9316035263518309,46.44226741305068,96.82539682539682,83.181863115648,3,25.353092616887697,36.75191043959454,11.89043617275846,28.109253926641156,,,,2068466
2025-12-11,100.4276659,101.51183931,100.08580943,100.43743323,100.47222473947653,101.02511982249004,102.31594056329484,106.57680339783771,119.55570246874387,103.84456324549217,0,0,0,0,125.68412991533161,101.15274587411676,55.970696029717665,96.12702692587396,4,36,100.34952728,100.06274472378104,100.63630983621897,98.91561449890519,105.34171486294,105.51924822784933,105.23246567163037,105.8060307840683,106.95316100894415,98.58164092,0,0,2,-15.991097742696192,0,-0.10430843263432096,4,7.3275725792568265,38.64259121655516,0,4.838235211595188,105.34171486294,98.58164092,1,1,1,0,8,8,0,0,1104,0,,4,,-0.7979838464330286,-0.09527069000026113,0,2.2261503624595527,4.338495682649224,,,,,,0.6871605134835058,48.899328698350786,98.01587301587301,92.64251757195258,3,25.383456006842692,36.40118066516779,13.886495037776307,26.86127517762747,,,,1519625
2025-12-12,100.92579963,102.42156823,100.84766101,101.58997793,100.84480913631769,100.49970015829308,102.24680126488582,106.38124161478525,119.37693904049766,103.48166896921676,0,0,0,0,125.6073736864606,101.16845246165313,66.82214859436966,83.04239599884141,4,37,101.16845246165313,,,99.74838456670795,105.34171486294,102.45927012,102.17525654101097,102.74328369898903,103.87933801494518,98.58164092,0,1.5,6.5,-14.899830112467177,0,0.43944774582762663,4,7.419547186863336,59.2030668832367,0,2.730594229897508,105.34171486294,98.58164092,1,1,0,0,8,8,0,0,1088,0,,5,,-0.5414039329997964,0.44270842580088504,0,2.1023275511613555,0.9470499750703851,,,,,,0.6534211043205221,51.08992659593314,98.01587301587301,98.77751384387508,3,25.702065393604062,35.41966460451942,15.880244376966932,25.185789511518472,,,,1435798
2025-12-15,101.59974526,101.80974281,98.84545645,99.35325983,100.3476260342118,100.01930914429568,101.97122589013479,106.10563448597014,119.17769845133849,103.10949056851808,0,0,0,0,125.41581276603353,101.02952132459784,73.72563884477879,82.9540052905844,4,38,97.48454610200008,97.19435236472455,97.77473983927561,96.03357741562242,104.79891309748,99.35325983,102.16907638272447,102.74946385727553,103.99635962640853,98.58164092,2,0,3.5,-16.634352633880585,0,-0.4295655360845273,4,7.728383461222401,63.61446782379147,0,0.16618615662684066,104.79891309748,98.58164092,1,0,0,0,8,8,0,0,1088,0,,6,,-0.7474770532416215,-0.4226861033131621,0,2.341452732601822,1.9215105421454957,,,,,,1.4539157957526154,53.02259295603675,98.80952380952381,98.0531146642779,3,26.771905630424424,35.29092868413744,14.431901863676824,29.049051100631154,,,,3312694
2025-12-16,99.94906683,100.15418072,96.9309625,97.49746752,99.3975731961412,99.38156647682987,101.54515366440766,105.76805931083406,118.9619747604794,102.71975491037163,0,0,0,0,125.23164163090239,100.7995064926517,81.91330160448229,83.71594167227114,4,39,97.48454610200008,,,95.99332436554224,104.2468800117,98.58164092,98.28339657270843,98.87988526729157,100.07286265645784,95.75462540578624,0,0,5,-18.043166552754773,0.012861838857584434,-1.069270708113669,4,7.57940259189439,61.04029143736281,0,1.8957713967668357,104.2468800117,95.75462540578624,1,1,0,0,8,8,0,0,1088,0,,7,,-1.1028947108606755,-1.0552365084771997,0,3.3846580346001334,3.214591492868215,,,,,,1.3024424013400537,53.796251236367844,98.80952380952381,104.89266638194754,3,26.25582076036064,35.7750811154664,13.039312632172965,31.977437467232065,,,,3014936
2025-12-17,97.38025959,99.56814104,97.38025959,99.15791327,99.31768655409412,98.85869731085108,101.31779743636883,105.50883789746803,118.76491942226566,102.32673682980115,0,0,0,0,125.03095199510388,100.68274589204778,86.46885080554772,76.79062239994146,4,40,97.48454610200008,97.18807026656863,97.78102193743153,96.00216692484281,102.42156823,102.45927012,102.16279428456855,102.75574595543145,103.94164929715727,95.95902155966411,0,4,0,-16.509088919223238,0,-0.22377888904234217,4,7.697901295855112,72.85646160479727,0,3.3304718550266985,102.42156823,95.95902155966411,1,1,0,0,8,8,0,0,1088,0,,8,,-0.48323334975294624,-0.21904888129135058,0,2.9130531565964795,1.4153681661721862,,,,,,1.5091543215071734,52.70967057911719,97.61904761904762,97.66389128771827,3,26.666312312142704,36.22465123027187,12.180158347932649,29.87045888837573,,,,3545061
2025-12-18,98.89419542,99.32395785,96.50129774,97.07747242,98.57094850939609,98.24901097565628,100.91395695861942,105.1781961140379,118.5491239297058,101.92049363608902,0,0,0,0,124.79665554104857,100.42154762806972,80.91311774264048,86.30462806705198,4,41,96.08067431250122,,,94.57816775023018,102.42156823,97.07747242,97.18404478954588,97.78504741445428,101.72796834963367,86.323644351,2,0,5,-18.112028834930488,0.0019433177346159236,-0.9761566905233886,4,7.804663676722082,60.0168049575428,0,2.312404576138856,102.42156823,96.17384369514691,1,1,0,0,8,8,0,0,1088,0,,9,,-1.0155465418769274,-0.9664038538093734,0,2.3658328696643123,2.274433684883979,,,,,,1.6136428669826937,48.978549611367725,96.42857142857143,81.15949625722452,3,27.036148048139925,36.90481585508899,11.158637758917155,29.976889141040484,,,,3893025
2025-12-19,96.89189319,97.08723975,95.92981139,96.022601,97.72149933959739,97.57917819584718,100.448113533989,104.81915316838936,118.32497942294256,101.49854322333306,0,0,0,0,124.48827317691489,100.0448925164239,96.90768652543262,63.87571152020652,4,42,95.84305470431181,95.55368358953291,96.13242581909071,94.39619913041727,102.42156823,97.48454610200008,,,98.93140167589462,95.80264012466995,0,0,3,-18.848410987864714,0.03006934862468083,-1.2419786115642448,4,7.693067434050425,85.66450779155097,0,4.54676585858576,102.42156823,95.80264012466995,1,0,1,0,14,8,0,0,1088,0,,10,,-1.2405547889974466,-1.227940790409426,0,5.033119109349229,1.5876201888497572,,,,,,1.9940860124715578,43.95379852214941,92.06349206349206,64.9325033623721,3,26.649567323657735,37.70133346679172,10.760134296781029,30.669664050665826,,,,5031824
2025-12-22,95.71981384,96.50120007,95.12400683,95.7784178,97.07380549306492,96.93173627517405,100.00338060694243,104.46461452649174,118.10063552619687,101.06369270204833,0,0,0,0,124.349318872003,99.88531609609774,75.0454718707054,74.21701848140374,4,43,95.12400683,94.84300871234815,95.40500494765185,93.71901624174077,102.42156823,97.48454610200008,,,98.8895366902593,95.02690500168947,0,7,2,-18.90101406037345,0,-1.1515973353163895,4,6.533277902109823,46.2457597312512,0,5.194028672492138,102.42156823,95.02690500168947,1,1,0,0,8,8,0,0,1088,0,,11,,-0.3037152082591078,-1.1377681242439814,0,1.0007091892067086,2.2834444445794397,,,,,,0.9432437008180332,39.902233459642765,86.5079365079365,76.3093930364757,3,22.631938532842437,38.66619247654322,10.289275009700978,31.887974257966192,,,,2283416
2025-12-23,95.64167521,95.64167521,94.41108956,95.16307614,96.43689570870995,96.23880059321905,99.54239922913838,104.09984831525678,117.87240110444367,100.6167770168725,0,0,0,0,124.22704049541977,99.7366177998974,46.92211330089136,70.14280629174628,4,44,94.41108956,94.137954448609,94.684224671391,93.04541400304501,102.42156823,97.48454610200008,97.21141099060908,97.75768121339108,98.85022165895506,94.22212694800075,0,8,2,-19.266023896740275,0,-1.223503687016935,4,6.208145029645419,24.02041544100411,0,2.388868379011979,102.42156823,94.22212694800075,1,1,0,0,10,8,0,0,1088,0,,12,,-0.598465490064341,-1.206672060953483,0,-1.510853270587699,2.2218815876658686,,,,,,0.8543002962805246,35.23741464698936,82.93650793650794,63.8519294800346,3,21.505645224204116,39.752684698851034,9.829376498227958,32.79315157700147,,,,1984901
2025-12-24,95.13377416,96.03901011,94.85061932,95.92492772,96.26623971247331,95.66637005967532,99.19787813302996,103.77926319387416,117.65401828469795,100.16700437780455,0,0,0,0,124.17744736491403,99.68698416160693,65.41950151477194,80.8410398992715,4,45,94.6535257081328,94.38928961550188,94.91776180076373,93.33234524497817,102.42156823,97.48454610200008,97.22031000936916,97.748782194631,98.80572656515471,93.76170767487723,0,5.5,0,-18.46863446016619,0,-0.7214376833957207,4,6.127851290978623,71.03095988967559,0,2.8178121997306023,102.42156823,93.76170767487723,1,1,0,0,8,8,0,0,1092,0,,0,,-0.6694602877085023,-0.7110339052848555,0,2.6427429749096145,1.4126690295919961,,,,,,0.3734233860451883,29.828720367348115,80.95238095238095,40.51923680837399,3,21.22749955440302,40.4123263586612,10.777268982327609,31.476313813484545,,,,831633
2025-12-26,95.88585841,96.30585351,95.54400193,96.23748222,96.25665388164887,95.26292909928573,98.91593566512235,103.48350707725164,117.44091842335767,99.71837191778665,0,0,0,0,124.09896967045424,99.61626165536526,74.03690118867252,84.2513732937625,4,46,95.85206241675532,,,94.59124075543316,102.42156823,97.48454610200008,97.23238176973565,97.73671043426451,98.74536776332224,93.56825502729033,0,5.5,0,-18.0545558464745,0,-0.4514019012412787,4,6.0418294906093015,60.58829249821107,0,3.106141966662397,102.42156823,93.56825502729033,1,1,0,0,8,8,0,0,1092,0,,0,,-0.6588850502584305,-0.44340979325336005,0,2.5217630301828606,2.4343699475538374,,,,,,0.6042816714152924,23.086187630661207,76.58730158730158,10.30447535668774,2,20.929511296806595,40.78578234327041,11.431379723179877,30.627226094857168,,,,1336814
2025-12-29,96.15934359,97.24930804,95.83702177,96.97979914,96.49770230109925,95.09466256315667,98.7315417103488,103.22845970716334,117.2373251966576,99.27722386694815,0,0,0,0,123.96591618201292,99.5246747675651,78.8250940828942,85.46719058528457,4,47,95.93622768994679,,,94.70241622452265,102.42156823,97.48454610200008,97.23778380891525,97.73130839508491,98.71835756742422,94.41108956,0,5.5,0,-17.279075603846287,0,-0.030956965835258646,4,6.134236169115948,62.482011901614435,0,2.4910260831005857,102.42156823,94.41108956,1,1,0,0,8,8,0,0,1092,0,,0,,-0.7509782079891397,-0.02570751283212066,0,2.6129754902273383,2.317622738618092,,,,,,1.0285644429427472,20.64487514226142,70.23809523809524,-2.845897254648494,1,21.249617421070987,40.312854070166814,14.260920054143583,29.062156762298734,,,,2346586
2025-12-30,96.70631396,98.68908153,96.47199576,98.47420032,97.15653497406616,95.30065170486752,98.70703300650605,103.0420181625687,117.05062743669085,98.8546193272991,0,0,0,0,123.86302887252894,99.49537389505865,82.68892579531737,77.80717146309672,4,48,97.48454610200008,97.23561427833202,97.73347792566814,96.2398869836598,102.42156823,103.11231200891721,102.86338018524916,103.36124383258527,104.3569711272575,95.91516039,0,5,0,-15.870420794402218,0,0.6589271664965265,4,6.330765224201393,62.025936807762534,0,3.9665656686654187,102.42156823,95.91516039,1,1,0,0,8,8,0,0,1092,0,,1,,0.23815116006506545,0.6571229232438648,0,2.922640100713153,0.959086636818999,,,,,,0.850389469489809,17.630239374636776,47.61904761904762,-19.60826939283543,1,21.93041403821397,38.77498438485797,18.290984549356786,26.751093189974657,,,,1938232
2025-12-31,98.27885376,99.47007707,97.78609206,98.48396764,97.59901252937745,95.75011242497877,98.68578868588642,102.86327108325227,116.86588455314168,98.45171685867454,0,0,0,0,123.74363046720565,99.46337987442995,88.09124902508397,78.85353576800605,4,49,97.80957354370008,97.56338698413332,98.05576010326685,96.57864074586625,102.42156823,103.01841804819537,102.7722314886286,103.26460460776214,104.2493508460292,95.91516039,0,6,5,-15.729070107523969,0,0.672365936694634,4,6.332202558995606,62.08752764329022,0,3.74674774643751,102.42156823,95.91516039,1,1,0,0,8,8,0,0,1092,0,,2,,0.7490871170919082,0.6691456488685068,0,3.6534694877958938,1.6600664207602085,,,,,,0.9928927495635199,13.338734041830612,25.396825396825395,-39.19081379701428,0,21.9353931119961,36.81437992234907,20.00635795371931,25.117298825263653,,,,2269938
2026-01-02,98.7476855,99.06023999,97.78316186,98.5035023,97.90050911958497,96.31709270461685,98.66842807770676,102.69229975841886,116.68317428196615,98.07016662877102,0,0,0,0,123.63934256828206,99.43732872548807,91.73555445264837,78.06048509519957,4,50,97.80957354370008,97.56956925508452,98.04957783231565,96.60955210062224,102.42156823,102.69689606094065,102.42156823,103.0699647923,104.02998194676228,95.91516039,0,4.5,3,-15.580371457871706,0,0.6872631147286254,4,6.320089063602472,64.13422841622891,0,3.843260229143045,102.42156823,95.91516039,1,1,0,0,8,8,0,0,1092,0,,3,,0.29606521609152137,0.6832538759504418,0,4.136589880277521,1.4512987670198196,,,,,,0.8693215791554242,12.569773513055818,21.428571428571427,-42.58655180027796,0,21.89343073303978,34.99542465544501,19.055865927729077,23.934889410320064,,,,2001850
2026-01-05,97.92722995,99.77325493,96.45236343,98.9234974,98.24150521305664,96.96896374875844,98.69272039411564,102.54450358750047,116.50646107916052,97.71304239932796,0,0,0,0,123.4398981893949,99.41126441783263,99.25665450269571,67.93207855346618,4,51,97.80957354370008,97.55706160159276,98.0620854858074,96.54701383316352,102.14471396491771,102.2901305778892,102.03761863578188,102.54264251999652,103.55269028842577,95.91516039,0,6,3,-15.091835694171277,0,0.8628940402507193,4,6.350821958978893,69.77099700696039,0,3.433612196745354,102.14471396491771,95.91516039,1,1,0,0,8,8,0,0,1092,0,,4,,0.9873777118356317,0.8594292850456287,1,6.625737739265701,0.8208695501452998,,,,,,1.6210215238782855,12.169334624918339,20.634920634920636,-44.68457258810561,0,21.999892605551096,34.00505681533081,16.818260894067198,25.829943778716594,,,,3941434
2026-01-06,98.6793142,100.02720546,97.06770509,98.26908643,98.25069895203777,97.5415744066645,98.6523743022951,102.37684016955927,116.32499466474101,97.3756901858125,0,0,0,0,123.3235909862704,99.37887955192434,92.55112621078462,70.74842135532077,4,52,97.80957354370008,97.54867405843972,98.07047302896045,96.50507611739826,101.4283437290655,102.15685343619967,101.86326776460014,102.46288226716,103.50648020820145,95.91516039,0,4.5,0,-15.521950623578146,0.012142910236268956,0.5819715839189942,4,6.368804875347059,63.28887323663675,0,2.7740723073900067,101.4283437290655,95.91516039,1,1,0,0,8,8,0,0,1092,0,,5,,1.0971432818901516,0.5776912323882163,0,3.3122792668982655,0.8558295914632699,,,,,,0.9159009982374564,13.061116632421873,24.603174603174605,-40.798632151256314,0,22.06218725518695,32.89359780204389,15.983970099964646,23.21386622473936,,,,2267403
2026-01-07,98.35699238,99.86116088,97.41444523,99.39232914,98.63124234802518,98.13382627292079,98.72284619160033,102.25980052134126,116.15651043066399,97.06528916925387,0,0,0,0,123.212484027933,99.37925379080048,95.25416110420564,71.56227562189795,4,53,99.37925379080048,99.11514430761228,99.64336327398867,98.05870637485951,101.51145483418901,102.27728892227735,102.01317943908916,102.54139840546554,103.59783633821831,95.91516039,0,2,0,-14.432407816409775,0.05887011825383284,1.055521763117667,4,5.2124393457170335,67.31195489544683,0,1.614634217332681,101.51145483418901,95.91516039,1,1,1,0,14,8,0,0,68,0,,6,,1.4709609460306627,1.045107725266849,1,5.260276310231948,1.1042617190603663,,,,,,0.9297012166293728,14.071439131930491,33.73015873015873,-22.069604729492255,0,18.056419556305954,31.861528718277466,14.66186451354602,21.293743625275134,,,,2288843
2026-01-08,98.93326473,102.53740874,98.93326473,101.8243938,99.69562616535012,98.9556462862091,99.01823167811457,102.24272574795533,116.01390230498573,96.79492506994353,0,0,0,0,123.1218393449469,99.44007340879855,93.59291288860618,68.63677305444668,4,54,101.8243938,101.09083520726466,101.64568396193559,97.38560376263256,104.2468800117,102.14178988181098,,,103.5289117684883,96.45236343,1,5.5,0,-12.230869079537841,0.16307053050584525,2.01082972478536,4,5.718146568776204,63.72727131512111,0,0.5457537282247155,101.99879698354,96.45236343,0,1,0,0,16,8,0,0,68,0,,7,,2.304564244046762,1.978907751835048,2,3.344131125254666,0.6872716545766135,,,,,,0.8493055929827695,15.878156832119721,40.07936507936508,-19.840651065880323,1,19.808240764492055,30.072037897330457,21.574343977220966,18.82377456062219,,,,2098240
2026-01-09,102.53740874,103.89506732,100.85752601,103.71925542,101.03683591690007,100.06074544789351,99.46594822496081,102.30062887234924,115.89156751011025,96.57228710880179,0,0,0,0,123.04760425844061,99.53440645980622,96.39207005361357,36.891154138676214,5,0,103.71925542,102.02897414256417,102.59843265243718,99.16358734101594,106.35418479538001,106.35418479538001,106.0694555404435,106.63891405031652,107.77783107006253,101.34720298236,1,4,0,-10.503190483680665,0.1948238785173539,2.623800790611047,0,5.898567080979507,98.60777558781507,0,0.5783848449221564,,101.34720298236,0,1,0,0,16,10,0,0,68,0,,8,,2.558591028138831,2.5680292832488747,3,6.162382453357783,-3.6356191674664218,,,,,,0.7722857752187353,15.867445356496921,40.07936507936508,-22.344921044757353,0,20.4332357522195,29.104829142708187,23.77671491743922,17.030780745109872,,,,1901513
2026-01-12,103.85599801,106.27829534,103.85599801,104.49087433,102.18818205460005,101.35101877136233,99.94451261591692,102.38652085108063,115.77812777697483,96.39715613950996,0,0,0,1,122.96421430797739,99.66005080264377,97.63182475423905,65.23731764438435,5,1,104.49087433,102.10328624408753,102.67776628754105,100.95432615718052,107.0966384635,105.05737935,,,106.49357945863377,101.34720298236,1,2.5,16,-9.749037805065944,0.2035706708864754,2.697086414858727,0,5.924682373222066,74.3351999286257,0,0.7368100210049118,,101.34720298236,0,1,0,0,16,8,0,0,76,0,,0,,2.628565367091803,2.6374712957699074,4,5.714003898069741,3.8233041987293808,,,,,,0.8979650993436766,15.984695784189807,40.87301587301587,-22.115922571412817,0,20.523701778256743,29.188864611128594,29.293419027972913,15.676063544369962,,,,2243458
2026-01-13,104.76435951,106.84480036,104.56901295,106.32713198,103.56783202973337,102.81674797643245,100.55238112678198,102.54105462084217,115.68408801780095,96.27537980305036,0,0,0,0,122.90491833119118,99.79191207748086,98.30324326411377,39.02057694174166,5,2,106.32713198,104.76963927598588,105.34511942401413,102.26709235788698,108.69581599,108.85742378498219,108.56968371096806,109.14516385899631,110.29612415505282,102.68396749499999,1,6,0,-8.088369107738599,0.23054071027800538,3.162845960517888,0,6.054155464446167,97.19431015714054,0,0.5834140132768526,108.69581599,102.68396749499999,0,1,0,0,16,10,0,0,108,0,,0,,2.844325682224043,3.0767494606607384,5,5.843121787923198,-2.307887338903049,,,,,,0.70976641041909,17.962390085282998,50.3968253968254,-14.351466427234328,1,20.972209722683026,29.468404453680947,28.911624811693564,14.531047814230263,,,,1785683
2026-01-14,106.37596862,108.93012488,106.36620129,108.81780061,105.31782155648891,104.50264290155933,101.33956393470751,102.78720152237777,115.61576675006164,96.21610830487514,0,0,0,0,122.8446561618602,100.0020843904328,98.71917411749467,34.562752896811574,5,3,108.81780061,102.45498664077148,103.03584308001201,101.94271170756763,,108.83690409490016,108.5464758752799,109.12733231452043,110.28904519300147,104.60618564414,1,2.5,0,-5.879791598629871,0.24960174997919743,3.7799706322170428,0,5.8156242190951986,95.39032970042277,0,0,,104.60618564414,0,1,0,1,16,10,0,0,108,0,,1,,2.9968139998335794,3.6478627094171765,6,6.072174332647322,-0.8730749683597708,,,,,,0.8757555697042461,24.19779545273603,78.57142857142857,20.1126757172613,3,20.145913250401918,30.38851154228987,33.00889053139155,13.368226241796838,,,,2152488
2026-01-15,108.14385498,109.58941951,107.39909622,108.6419887,106.4258772709926,106.17906140399438,102.03503295997346,103.01680101953943,115.54637592369286,96.21128564079008,0,0,0,0,122.7892274046274,100.18249852958897,98.78040543767692,46.194297087854096,5,4,108.6419887,102.42156823,103.01680101953943,101.90946038885001,,108.76037066790018,108.47113086316351,109.04961047263684,110.20656969158352,104.60618564414,1,4,0,-5.975425164569887,0.23603173095212765,3.2913420125023083,0,5.320987303328888,90.47125626811811,0,0,,104.60618564414,0,1,0,1,16,10,0,0,108,0,,2,,2.888253847617021,3.2002676984862988,7,5.678681240114024,0.6708374344268385,,,,,,0.8194871767799212,28.48244821306234,80.15873015873017,54.523476617800725,3,18.432440711589084,31.427994705757513,32.81223343592592,12.464356338572221,,,,1971431
2026-01-16,107.40153805,108.70059267,106.49317656,107.42107271,106.75760908399506,107.57583496494287,102.54798912664266,103.18951755642024,115.46552713549691,96.24695070362725,0,0,0,1,122.73103703286738,100.32677085491473,95.7336242528143,60.12706065282208,5,5,107.42107271,103.17388785981507,103.7504656420046,102.80845045248374,109.26377527411478,108.94641637589947,108.65812748480471,109.23470526699424,110.3878608313733,104.60618564414,1,0,10,-6.966975014158877,0.19183747792730316,2.517288282236845,0,5.426411748299038,70.04861332842921,0,0.3994913221242193,109.26377527411478,104.60618564414,0,1,0,0,16,8,1,0,108,0,,3,,2.5346998234184253,2.471354515329422,8,3.1360686491833407,1.6487736621522981,,,,,,0.8259925314716957,31.625918687763306,81.74603174603175,68.24407651587534,3,18.79764170168518,31.747543112264143,30.569002063776573,14.417938162405736,,,,1919965
2026-01-20,106.46387457,107.7336272,104.99877538,107.28433012,106.93318276266338,108.61022036361646,102.99906922124812,103.35009844126651,115.38412219006908,96.31731640106362,0,0,0,0,122.64534415753074,100.52524917292949,96.90369701882003,66.468192930361,5,6,107.28433012,104.31407049687343,104.89830079140657,102.66185420186744,110.13274231204527,108.61593011870016,108.32381497143359,108.90804526596673,110.076505855033,104.60618564414,1,0,0,-7.019849799374049,0.16902236722624192,2.241138609280281,0,4.781039002371915,83.3160308705069,0,0.6162092009764304,110.13274231204527,104.60618564414,0,1,0,0,16,8,0,0,1132,0,,0,,2.3521789378099354,2.2082710495896105,9,4.990206815950835,1.5632932860277589,,,,,,1.2454602556460668,33.949901028290896,82.53968253968254,104.98666176871477,3,16.562004930153147,31.076027983136346,28.01369578815218,17.780396260977422,,,,2828712
2026-01-21,107.29409745,108.15352463,105.61411704,107.96804308,107.27813620177558,109.35272375479137,103.47230482684354,103.53119430945213,115.3103303581281,96.42171292899032,0,0,0,0,122.59308513503825,100.65953805417155,96.37467174438635,59.936334160356935,5,7,107.96804308,104.31226258248175,104.90010870579825,103.26527409346812,109.58941951,108.54561008600017,108.25168702434192,108.83953314765841,110.01522539429139,104.60618564414,1,1.5,0,-6.367415005511297,0.20590776854173826,2.2854483571789377,0,4.4786364718667055,83.55971239051999,0,0.3447705882732939,109.58941951,104.60618564414,0,1,0,0,16,8,0,0,1132,0,,1,,2.647262148333906,2.24867930070777,10,3.9347762939382145,0.4318534042166231,,,,,,0.8632015305064925,35.642963393077146,83.33333333333333,129.7403979869337,3,15.514451835808307,30.614983090696423,27.12824636184119,16.40881304061019,,,,1821982
2026-01-22,108.32943421,110.98614741,108.09013467,109.58941951,108.04856397118373,110.00067264575497,104.05488717762034,103.76877176829714,115.25340587207707,96.564759014784,0,0,0,0,122.5412106705701,100.83717456742889,95.95336859379856,64.44732979716478,5,8,109.58941951,108.2015841957568,108.80133603044354,105.69112733125306,111.89942324623055,112.07074878891508,111.77087287157171,112.37062470625845,113.57012837563192,104.60618564414,1,1.5,0,-4.91437655939095,0.21146467581269318,2.634921898676498,0,4.473756207363632,77.43113243745549,0,0.5925681376127835,,104.60618564414,0,1,0,0,16,8,0,0,1068,0,,2,,2.6917174065015455,2.5849784185089955,11,3.8333809612360437,1.3142289338705568,,,,,,0.9764136692663656,38.00631255263574,84.92063492063492,145.24084199147953,3,15.497546103660909,31.131751859593464,33.12436927417425,14.934289185675937,,,,2049523
2026-01-23,111.57218709,112.78333575,110.78103352,110.83963749,108.97892181078915,110.65609333110824,104.70105387403746,104.04606062012863,115.20948777872307,96.7482759829973,0,0,0,0,122.46787765653143,101.14213544976049,97.51848939715632,69.42382214527868,5,9,109.58941951,109.28244619175258,109.89639282824741,108.05455291876294,112.83838638920142,112.83838638920142,112.531413070954,113.14535970744883,114.37325298043848,105.76513770542,0,0,0,-3.792960434921834,0.16607729490117196,2.800216666502158,0,4.271677294433411,87.32813440683677,0,2.1167747723160986,112.83838638920142,105.76513770542,1,1,0,0,16,8,1,0,3116,0,,0,,2.3286183592093757,2.7412063659375447,12,5.99437000096186,1.6725068031732404,,,,,,1.498778014102166,41.48233439687932,88.4920634920635,180.33293809275236,3,14.797524214994052,32.08692154684899,35.274462290677484,13.546928358214277,,,,3240041
2026-01-26,110.37080575,110.70621579,109.35500364,110.24383049,109.40055803719277,111.17611559606019,105.22893736127199,104.28911041894712,115.16007825346215,96.96145549611474,0,0,0,0,122.41683217216881,101.32410266662548,92.47725260941951,77.75942494635653,3,0,108.40997395240016,108.11167164036685,108.70827626443348,106.91846239223361,113.07218037096,113.38298208950926,113.08467977747594,113.68128440154257,114.87449364967581,105.76513770542,0,0,0,-4.269055594632119,0.09084308733654417,2.331698388285365,0,4.4643758638780024,59.07192161111576,0,3.125826539379422,113.07218037096,105.76513770542,1,1,0,0,15,8,0,1,3116,0,0,1,,1.7267446986923534,2.3007980017191914,13,2.6867639409743758,2.330940223790966,,,,,,0.972795681174108,44.19815358094139,92.85714285714286,185.7937665386753,3,15.465051640641795,32.10866573691003,33.70697106483246,17.213234156975748,,,,2167978
2026-01-27,109.78476607,110.76140119,108.81780061,110.55638498,109.78583368479518,111.55817837052598,105.73631332496038,104.53488589192959,115.11427036019387,97.20024581601058,0,0,0,0,122.37255816139879,101.48680278188836,94.99000564333588,63.7534678726372,2,0,110.55638498,108.0331035111621,108.62180067243824,106.4630119648954,113.07218037096,113.07218037096,112.77783179032193,113.36652895159807,114.54392327415037,105.76513770542,1,1.5,0,-3.9594442686664224,0.07544357634745588,2.22371883831064,0,4.468248069619137,85.79078656731991,0,0.614602036432222,113.07218037096,105.76513770542,0,1,0,0,11,8,0,1,3116,0,1,2,,1.603548610779647,2.194196291574299,14,4.446258693370935,0.42653379481066644,,,,,,0.8611179964423219,45.88795126656133,94.04761904761905,196.4631842672944,3,15.478465354803806,31.817852221441452,31.719747266095887,17.827928423576292,,,,1945291
2026-01-28,110.15148873,111.33655047,107.18883438,107.44559776,109.00575504319679,111.4401967020359,105.89910231877367,104.64903145538334,115.03796516019194,97.44086394611485,0,0,0,0,122.30909472161223,101.60454300873386,97.07277311315428,64.79998681980672,2,1,107.42107271,107.11071584860393,107.73142957139608,105.86928840301965,110.14763726994,109.73631892051053,,,111.28810322749088,104.60618564414,0,0,3.5,-6.59987977848832,0,1.044288946027394,0,5.6995993653942785,88.17974138003714,0,1.7570512523391077,110.14763726994,104.60618564414,1,1,1,0,19,8,0,1,3116,0,2,3,,0.5137731307944386,1.0407765956221893,15,5.914331111642783,1.3152819497710566,,,,,,0.9876141870979845,46.69101588860848,94.44444444444444,136.48215307638915,3,19.74399136730044,30.660862552023925,27.9348040721515,20.386947931509965,,,,2225048
2026-01-29,107.75173871,108.81829428,106.95182203,108.33439407,108.78196805213119,111.06676362859999,106.13103486650951,104.79355547948595,114.97126296028954,97.68669355767642,0,0,0,0,122.2637833145891,101.70476860892376,97.39968821562326,38.160217303341334,2,2,108.33439407,107.44218398777849,108.05189087769261,104.51299447034349,110.84193518500001,109.58941951,,,111.11368673478532,105.76513770542,1,1.5,2,-5.772632847028804,0.0044444444444444444,1.2716407314235028,0,5.610311334621817,94.6136306354735,0,0.6561839581564299,110.84193518500001,105.76513770542,0,1,0,0,8,10,0,1,3116,0,3,4,,0.1737829146876161,1.2636611291728395,16,4.574531692307643,-2.2781972693039423,,,,,,0.7596079934007426,47.1062343391203,94.84126984126983,142.38224453219223,3,19.434688555689085,29.462895050450594,26.407737264888446,19.966651198600108,,,,1702404
2026-01-30,109.73671712,111.61306488,109.09480868,111.38592805,109.64995471808746,110.91508890297575,106.6315008839848,105.0520798940159,114.9355879860578,97.95415483048579,0,0,0,0,122.1960472328041,101.97560213996283,98.27365851017188,54.929754131252665,2,3,111.38592805,110.52728544459345,111.15198953540656,106.59599231674751,112.78333575,112.78333575,,,114.3450959770328,105.76513770542,1,1.5,0,-3.088390635360375,0.15888888888888889,2.145034160052779,3,6.033406951694301,86.15668156866444,0,0.2917382983447934,112.78333575,105.76513770542,0,1,0,0,11,8,1,1,3116,0,4,5,,0.8506969542881517,2.1166351858067713,17,5.901790815024807,1.6794586663750835,,,,,,1.435297925510077,46.44740217214978,93.65079365079364,122.23281441109239,3,20.900334766147584,29.332912207750255,31.92162734695647,18.095363043907174,,,,3289934
2026-02-02,111.51430973,112.20559575,110.65513997,111.87970377,110.3932044020583,111.01696890328353,107.13132973027196,105.31982984993685,114.90518117793782,98.24335764559,0,0,0,0,122.14977580948805,102.17209638546892,98.1147536862565,62.80156715517345,2,4,110.83963749,110.53575294980105,111.14352203019895,109.32021478900525,112.78333575,112.78333575,,,114.30275845099476,105.76513770542,0,1.5,0,-2.6330208759278433,0.19032998115920452,2.1083682069436946,3,6.004292365567182,80.11066857884119,0,1.279234711135672,112.78333575,105.76513770542,1,1,0,0,11,8,0,1,3116,0,5,6,,1.2159731826069695,2.0838935915229277,18,4.7193789915083135,1.6127644722029724,,,,,,1.029990413608133,45.19215460517423,92.46031746031746,117.27541763442954,3,20.799478881320564,29.394063058198316,32.20839084714602,17.27103503584857,,,,2380399
2026-02-03,110.52675828,114.04244145,109.93916517,113.54866572,111.4450248413722,111.4883925550619,107.74250458643654,105.64252929582167,114.89168351168968,98.56242126332253,0,0,0,0,122.10588288511943,102.42448950128325,98.27101784862724,68.5788441902556,2,5,112.78333575,112.46452085302955,113.10215064697046,111.18926126514775,115.335570766067,115.18701824194984,,,116.7810927268021,106.95182203,0,3,0,-1.1689425645443081,0.24114182366726397,2.434823329696525,3,6.0575826627029565,80.59719918900403,0,1.6010763865300404,115.335570766067,106.95182203,1,1,0,0,11,8,0,1,3117,0,6,0,,1.5869123671158896,2.401939402247083,19,5.075350261463849,1.8594148006753866,,,,,,1.2098105963515635,43.51535401293995,88.0952380952381,107.3731614752933,3,20.98408188569977,29.97501105901928,33.651364394020895,15.286345882947861,,,,2722229
2026-02-04,112.43273258,118.67405775,111.60318936,116.30393427,113.06466131758147,112.4044061659788,108.557878842014,106.06062360853456,114.90573575804102,98.92490471659575,0,0,0,0,116.30393427,102.99681628415564,99.87001985797193,3.3701532785813937,2,6,116.30393427,114.746349743438,115.4647000590617,110.55713174501041,117.36219113423796,118.82790366,118.46872850218816,119.18707881781185,120.62377944905924,113.04900361,1,5,0,1.216822208861002,0.30254426946063173,3.0272120232255917,3,6.110913912668892,99.28348237164894,1,0.18414707302647018,,117.36219113423796,0,1,0,0,11,10,0,1,3117,0,7,1,,1.9939034895528363,2.984102587504121,20,8.41899084389078,-4.034572585572362,,,,,,2.1983346685399545,43.45009461472142,87.6984126984127,105.25509097842989,3,21.16882675484408,31.505355617731084,39.249937569442096,12.599442055438555,,,,5277382
2026-02-05,117.51862255,119.36534376,115.29663179,116.14592603,114.0917495550543,113.47028738529612,109.28055000277458,106.4561256642783,114.91807595975206,99.32439402771291,0,0,0,0,116.2526086463259,103.25260267195323,98.58484530383296,32.11655464809343,2,7,115.02864883679986,114.65880126195671,115.39849641164301,113.17941096258413,117.36219113423796,116.34405797116942,,,118.19329584538515,113.04900361,0,0,0,1.0684568637208747,0.2552678730039327,2.6642823152315893,3,6.178403680416006,90.75191231218548,0,1.2618940645630916,116.3879595527528,113.04900361,1,1,0,0,11,10,0,1,3117,0,8,2,,1.5860713761492933,2.6373051125289675,21,4.818252284963771,-0.8022261730816592,,,,,,1.05215002565129,40.69425432763818,84.52380952380952,90.13680479478671,3,21.40261816830213,33.04602355041785,37.06351344765181,11.361878640486335,,,,2538979
2026-02-06,115.35588487,118.3679168,115.29663179,117.87414107,115.35254672670287,114.73158000653765,110.09898724727223,106.9038909743066,114.94748954293861,99.7662524454637,0,0,0,0,116.57134413127716,103.4637358377596,98.86519577958146,18.739533997668538,2,8,117.87414107,114.5734821145348,115.31518627156491,112.3298151618795,,118.86681833403293,118.49596625551787,119.23767041254798,120.72107872660824,113.04900361,1,5,0,2.546076942348646,0.2754130094690692,2.900693790762801,3,5.984873015237526,97.45580887212493,0,0,,117.38226760230705,0,1,0,0,11,10,1,1,3117,0,9,3,,1.6525721091697192,2.857368153134298,22,5.898509125393397,-3.387494518861905,,,,,,0.795523823885766,35.84718516478222,79.36507936507937,72.9057738725972,3,20.732208278478677,34.47664377362699,34.32289885395947,10.521738904196685,,,,1912310
2026-02-09,116.68907933,118.99994973,116.68907933,118.10127791,116.26879045446857,116.04327738734676,110.86111016753202,107.34300418747105,114.97887052171534,100.2461382029083,0,0,0,0,116.84193217238831,103.69118740925646,97.69022851081223,11.957464180314565,2,9,118.10127791,114.50434107173585,115.23433190326382,113.0443594086799,,118.6362937612457,118.27129834548171,119.00128917700968,120.46127084006564,113.04900361,1,3.5,0,2.715635815621399,0.30089264755015377,2.6733206147002173,3,5.889199377528609,94.80964389363163,0,0,,117.38226760230705,0,1,0,0,11,10,0,1,3117,0,10,4,,1.8140713033319296,2.627877277078529,23,3.9884107518305965,-3.437484516087006,,,,,,0.8661829347614982,31.352064149001567,75.7936507936508,53.680674703804755,3,20.40078507556511,35.92324135563163,33.92875305230008,9.926957094712881,,,,2090341
2026-02-10,118.506174,120.76766682,118.41729437,119.9381236,117.49190150297905,117.46483543010777,111.72558763729087,107.83693043894277,115.02821632348932,100.77028321169716,0,0,0,0,117.30905599507167,103.94091090266653,97.7138061784221,12.310305664287764,2,10,119.9381236,118.5047413117861,119.23020402874066,115.5154435021818,129.48065253020008,138.15221769,,,139.96587448238637,129.48065253020008,1,3.5,0,4.2684372873371705,0.3482608258452704,2.9146895498022234,3,5.956453991810455,93.14881705637804,0,2.157634899912296,,129.48065253020008,1,1,0,0,16,10,0,1,3117,0,11,5,,2.095349115268676,2.8530436869779794,24,4.581016521303351,-2.134768717836449,,,,,,0.8727643995120576,26.449225069010616,73.41269841269842,28.184211902296962,3,20.63376189352432,37.57691631711722,36.05312278494071,9.275423949807394,,,,2099962
2026-02-11,120.63928513,125.06351563,120.33314418,124.38210513,119.78863604531936,119.34602705835368,112.93097025564413,108.48576081898423,115.12128984395211,101.36027807009418,0,0,0,0,124.38210513,104.29525571610652,97.63336948771705,9.387210960542726,2,11,124.38210513,118.4848882656952,119.25005707483156,117.89246382436673,,138.15221769,,,140.0651397128409,129.48065253020008,1,0,0,8.04439847625144,0.48466643682570165,3.8078661065911095,3,6.577046137374954,94.84794546286433,0,0,,129.48065253020008,0,1,0,0,16,10,0,1,3117,0,12,6,,3.6210442944230823,3.6843244395429013,25,4.474006511554275,-3.122771786252567,,,,,,0.9888358375739442,25.05561881067534,73.01587301587301,9.9723794155237,2,22.783556147316105,39.69940405343145,41.76611265767203,8.165953925966889,,,,2410115
2026-02-12,124.93513394,125.19189732,122.88102692,123.08841273,120.88856160687958,121.1972307071026,113.8983457293923,109.0584138351025,115.20056469853965,101.99985676298797,0,0,0,0,123.71730161681884,104.63343937882047,96.644871472249,17.168266450018102,2,12,118.86747267026338,118.49158295173578,119.24336238879098,116.98802407762538,123.48670547754365,123.71730161681884,123.34141189829124,124.09319133534645,125.59675020945684,117.65477038544,0,0,0,6.847056741519898,0.48312417259648843,3.0079767799602983,3,6.61194514347171,86.02674912353187,0,2.4577595925604445,123.48670547754365,117.65477038544,1,1,0,0,16,10,0,1,3113,0,13,7,,3.0817352285929798,2.9330045547388672,26,3.682736958069712,-1.0284225970237308,,,,,,1.036898583522965,25.302169274921372,73.41269841269842,10.46835632310655,2,22.90444985070258,41.685285649761546,39.77849738071339,7.7177207007786635,,,,2547752
2026-02-13,123.44393125,124.44135821,122.08111025,124.37222961,122.04978427458639,122.94831463306018,114.89585847992637,109.65895563019652,115.29182504591736,102.68937272202113,0,0,0,0,123.87137925851985,104.84381203715316,95.16130341742505,18.50502197419206,2,13,124.37222961,117.65477038544,118.81349438737851,117.0664965335128,125.15945338532012,125.15945338532012,124.78933928990163,125.5295674807386,127.01002386241254,117.65638375947148,1,2,0,7.8760177145831305,0.4446856140891853,3.003605428782014,3,6.572179151455646,85.27803007604092,0,0.10775424821551705,125.15945338532012,117.65638375947148,0,1,0,0,16,10,1,1,3113,0,14,8,,2.61577753746349,2.927939478981715,27,3.1543774295176332,-1.4216170309529845,,,,,,0.6264223836816616,24.95177356611685,73.01587301587301,9.597690911738495,2,22.766696413532177,43.03516156712825,37.51358003937163,9.207993112352954,,,,1525199
2026-02-17,124.92525843,125.91280988,119.43407734,121.42932629,121.84296494639092,124.10441889574285,115.5180935094572,110.12053879332606,115.35289471003759,103.40133400640646,0,0,0,0,123.11919817159215,105.17164300997308,95.93702060589105,36.617539568272356,2,14,118.07326619654154,117.65477038544,118.82790366,116.04867758317134,125.91904708971524,123.11919817159215,122.71767497102498,123.52072137215931,125.12681417442798,117.65638375947148,0,2,5.5,5.267688856215299,0.2002542424598681,1.9338918992920986,0,7.041653726687786,78.58634441302893,0,3.8752469718346108,125.91904708971524,117.65638375947148,1,1,0,0,10,10,0,1,3115,0,15,0,,1.9291041632081105,1.90191728269425,28,4.068920075526556,0.6930263344657229,,,,,,1.1621475545519206,24.32840149267679,72.61904761904762,-0.26484050532029996,1,24.393004047859943,42.81694494495868,32.10915003406246,13.767575893116367,,,,2885686
2026-02-18,121.25156703,122.55513494,120.37264624,121.66633864,121.78408951092729,124.705081187042,116.10364066474699,110.57331525790151,115.41571504764916,104.12985581019628,0,0,0,0,122.9073500940212,105.35038024595762,96.03170351926997,24.73563034241655,2,15,121.66633864,117.65477038544,118.82790366,116.08545247261911,126.5315761096196,122.9073500940212,122.51502061581597,123.29967957222642,124.86899748504732,117.65638375947148,1,2,2.5,5.415747404736253,0.167071626426274,1.8074047719633133,0,7.0133737077733835,90.5259668864558,0,0.871767909916509,126.5315761096196,117.65638375947148,1,1,0,0,10,10,0,1,3115,0,16,1,,1.6221653374429639,1.7796512159483546,29,3.8419680549806117,-2.111939630320871,,,,,,0.6604338958136583,23.40742726768143,71.03174603174604,-3.6534698054540264,1,24.295039188662436,42.61431522437265,30.514329385654154,13.083757906979148,,,,1599302
2026-02-19,121.97247959,122.44650429,119.96775015,120.69853822,121.4222390806182,124.79624165361733,116.54124995572347,110.97038282504263,115.46828045234916,104.86285771340377,0,0,0,0,122.6411820944344,105.5050798207103,97.09147398986114,36.29043188668916,2,16,118.20074819426594,117.87414107,118.82790366,116.32839036023773,126.88465210623741,122.6411820944344,122.25474441699383,123.02761977187497,124.57337048163723,117.65638375947148,0,3,3,4.52960566067253,0.08931469497002932,1.3993188783279158,0,7.156777982521996,84.84414513451546,0,4.637951012434862,126.88465210623741,117.65638375947148,1,1,0,0,8,10,0,1,3115,0,17,2,,0.9107838776740302,1.383752859975827,30,4.8559958245309165,0.32500789295613997,,,,,,0.6246877639898567,22.167733955439143,69.44444444444444,-10.584433401784219,1,24.791806168436764,42.20364571726722,28.766738397378976,13.269940902317488,,,,1502769
2026-02-20,120.75779131,122.07123473,120.28870437,122.06135922,121.6352791270788,124.68599599175324,117.06697464755933,111.40532307582528,115.53388322615663,105.6035260873337,0,0,0,0,122.54792295558704,105.76632168592161,97.20094511933502,20.83000438380331,2,17,122.06135922,117.52756597012676,118.2770668418021,116.06535224659731,125.91280988,122.54792295558704,122.17317251974937,122.92267339142471,124.42167513477538,119.43407734,1,2,0,5.6498369236545845,0.12340871389672617,1.60820711110997,0,7.115730600684178,94.84808271422777,0,0.6423359207359844,125.91280988,119.43407734,0,1,0,0,10,10,1,1,3115,0,18,3,,1.192387345338737,1.5986404341202838,31,4.3446927920971135,-3.385639879358092,,,,,,0.9866261163563581,21.481786062633713,69.44444444444444,-12.851429727096303,1,24.649613866715203,41.8223097463836,27.545030475067044,12.706373642622536,,,,2390269
2026-02-23,121.07380777,125.76467716,121.07380777,125.1820218,122.8175266847192,124.80948924628744,117.83983628112512,111.94558577089096,115.62988460500084,106.36582146879242,0,0,0,0,122.85038869999438,106.0103054636094,96.04215823769437,16.156018989554266,2,18,125.1820218,123.98236430002574,124.76209491997427,118.9441768404118,128.4344987511861,125.28201139000001,,,127.23133793987132,119.43407734,1,5,0,8.26095885819646,0.16967925934875105,2.212091843006199,0,7.368823011686523,89.6730073421045,0,0.5214103544184315,125.91280988,119.43407734,0,1,0,0,11,10,0,1,3115,0,19,4,,1.4225512760177055,2.190188510191162,32,3.453536951031023,-2.283229365307863,,,,,,0.8178927251911652,21.65606027673255,69.84126984126983,-15.161945058735546,1,25.526351696447534,42.32761480715384,33.04450537965799,11.341343169891188,,,,1927821
2026-02-24,125.55729135,126.4757142,124.34260307,125.07339114,123.56948150314614,125.05157501036406,118.52874626768462,112.46040166771877,115.72384984415505,107.14343703381178,0,0,0,0,122.99079956511518,106.14992974608418,96.34016482317341,29.716575631010414,2,19,124.37222961,123.99116618707748,124.75329303292253,122.46691249538736,129.19078250127555,125.28201139000001,,,127.18732850461265,119.43407734,0,3.5,6,8.079182734100138,0.16563050248009845,1.963454866656972,0,7.308485530954528,81.75131452176844,0,2.529003101016689,125.91280988,119.43407734,1,1,0,0,10,10,0,1,3115,0,20,5,,1.361876710476782,1.9540478834771906,33,4.037985017028011,0.07926257619687616,,,,,,0.4910209432049859,21.844278515293915,70.23809523809524,-13.718101871846125,1,25.317336531990485,42.93556396720229,33.0589410575588,10.774500302161988,,,,1131929
2026-02-25,124.39198064,124.80675225,120.80716888,124.66849505,123.93581935209743,125.27207797194849,119.11348424695275,112.93915042780823,115.81285128898934,107.92855315062242,0,0,0,0,123.13854895947084,106.35501173328883,97.86871353765642,22.12436764654919,2,20,124.66849505,123.98029373282195,124.76416548717806,118.397521015151,129.3565044092887,125.28201139000001,,,127.24169077589032,119.43407734,1,5,0,7.646512163760708,0.12267700526324798,1.6842717950271955,0,7.363809244290789,95.60091792007168,0,0.747572758751118,125.91280988,119.43407734,1,1,1,0,12,10,0,1,3115,0,21,6,,0.9456613691788903,1.6730732718311407,34,6.367196879656433,-1.9223680900759037,,,,,,0.7542502011583013,21.829830000422724,70.23809523809524,-14.422971800366941,1,25.50898349671405,41.67812881034991,29.846025045103946,17.781318068799976,,,,1730645
2026-02-26,125.92268539,127.29538191,124.83637879,125.31040349,124.39401406473162,125.45496056251125,119.70366703200487,113.42429760671772,115.90735429596457,108.72075182954096,0,0,0,0,123.32692277541142,106.57871742296781,96.7421278967776,24.779719997052457,2,21,124.37222961,123.98483480565609,124.75962441434392,122.43525558828043,129.3565044092887,125.91280988,,,127.84978390171958,119.43407734,0,0,6,8.112556145510094,0.12945166961643936,1.6778994574821537,0,6.411402033412822,84.26140672944506,0,2.573227489578736,125.91280988,119.43407734,1,1,0,0,10,10,0,1,3107,0,22,7,,0.27137348758633845,1.6655298449497262,35,3.6696925681531827,-0.8568793431435588,,,,,,0.8197918134277934,21.16475276515274,68.25396825396825,-4.705120326167378,1,22.209748139242837,41.11652452084053,33.77476059828746,16.704769806429073,,,,1866328
2026-02-27,125.60666893,127.07318283,124.75737468,125.57704238,124.78835683648775,125.62625963673722,120.26303611276632,113.90087583312093,116.00357009779576,109.51691296816217,0,0,0,0,123.50768179380623,106.80187014762153,95.84787837120959,37.10518360238346,2,22,122.06135922,121.68095861462707,122.44175982537293,120.15935619313538,125.91280988,125.91280988,125.53240927462707,126.29321048537292,127.81481290686462,119.43407734,0,2,7,8.25273935460211,0.13459703010634388,1.5873201620324786,0,6.434941895913585,75.68735018678414,0,2.024944548247628,125.91280988,119.43407734,1,1,0,1,10,10,1,1,3075,0,23,8,,0.544000401947722,1.5748801455183865,36,3.4729590044413,0.4096332051954896,,,,,,0.8224146805779947,19.905102218730324,55.95238095238095,-10.704585137521345,1,22.291292614951853,40.55804839591738,31.93891718664404,15.982208450181291,,,,1879585
2026-03-02,124.10559072,125.87330782,123.58218845,125.23139937,124.93603768099183,125.7782955334645,120.7362135658362,114.34521008946913,116.09538929453412,110.31126095010433,0,0,0,0,123.62311885109,106.99327638983698,95.76638687543002,26.899239857568134,2,23,125.23139937,121.687673663493,122.435044776507,120.192931437465,125.91280988,125.91280988,125.539124323493,126.286495436507,127.78123766253499,119.43407734,1,2,2.5,7.869399578210487,0.13712477566883022,1.3612812486627237,0,6.134487499563423,87.97963948458327,0,0.13524160898194995,125.91280988,119.43407734,0,1,0,0,8,10,0,1,3075,0,24,9,,0.2661161737992762,1.355494431818152,37,3.6919185106683834,-1.7033624217588894,,,,,,0.7616550173373676,18.328803195883072,47.22222222222222,-13.748789448019316,1,21.250488055280016,39.48371170035014,30.190506023718328,17.91520958279111,,,,1679388
2026-03-03,123.70069463,124.40185616,119.13820693,119.64185817,123.1713111773279,125.34509347839526,120.63198924242323,114.55292177890172,116.13067754205119,111.068567813318,0,0,0,0,123.31225685798832,107.15725673152069,99.52956026361267,30.93241189673173,2,24,119.32130084139537,118.91990360642458,119.72269807636616,117.31431466654145,127.29538191,122.06135922,,,124.06834539485392,118.13296767889697,0,0,1.5,3.02347381610463,0.015117369080523153,-0.03351422016709128,0,8.010126741635814,93.5727707677723,0,3.9731619323112817,127.29538191,118.13296767889697,1,1,1,0,1,10,0,1,3075,0,25,10,,-0.19204408929420025,-0.029324838214606748,0,6.699389467296017,-0.6310413333767395,,,,,,0.9688741942545175,19.83772062353174,55.55555555555556,-28.507290137049264,0,27.747892983158735,36.764264975366906,26.098626035590186,25.372138049566544,,,,2123862
2026-03-04,119.51347648,119.75048883,114.85223363,115.96816677,120.77026304155193,124.11066699102165,120.18781567362102,114.60842158247421,116.12906051944371,111.76810780338307,0,0,0,0,122.64638962464872,107.30074604458808,94.45944511305453,26.078430766450488,2,25,114.16031652539984,113.74385610006982,114.57677695072985,112.07801439874976,118.13296767889697,117.69251157739997,117.27605115206995,118.10897200272998,119.77481370405005,115.03287283640351,0,0,1.5,-0.13854736163716486,0,-0.8521999535287521,0,8.614025645667367,79.97987574722555,0,1.9078168833684948,118.13296767889697,115.03287283640351,1,0,0,0,8,10,0,1,3075,0,26,11,,-0.8718635669969077,-0.8462743289122371,0,2.689562434993033,-1.153000912572189,,,,,,1.2375063669635096,23.550429173950267,75,-21.07728034249428,0,29.83986015199436,35.24204784705943,23.357889484589688,31.89647009106422,,,,2712102
2026-03-05,115.0991215,115.12874804,112.09696509,112.28459987,117.94170865103462,121.9998283510909,119.43512845422853,114.51729131923993,116.09080717964825,112.39198048753111,0,0,0,0,121.88128615961709,107.3711080563746,49.657522554132086,33.231663944778255,4,0,111.3797199665117,110.95844241370526,111.80099751931814,109.2733322024795,115.95506496499999,114.06977516069983,,,116.17616292473204,107.58937818999999,0,0,1.5,-3.2786466061504997,0.043886919944898184,-1.6016688130306278,4,8.870746826997822,4.261971989823131,0,2.172128549460343,115.95506496499999,114.00244935281562,1,1,0,0,10,8,0,1,3075,0,27,12,,-1.3510953595591855,-1.5891434004347897,0,-3.527017414086946,4.838068374867305,,,,,,1.1650546242250879,25.346989595312795,78.57142857142857,-17.514885998876,1,30.729168410881265,34.452056454147225,21.441459067592486,35.119005930994334,,,,2384818
2026-03-06,111.51430973,113.86468219,108.87754736,113.23264926,116.37202218735641,119.55115605560736,118.84441615001629,114.46691319926974,116.0623677973632,112.95106740071562,0,0,0,0,121.35236102312116,107.44321503157651,67.22921857895034,26.284005650800232,2,0,111.66537784498675,111.22966355639862,112.10109213357488,109.48680640204613,117.94079832913631,113.99081567384982,,,116.16938711679045,109.40560390142,0,4,0,-2.4381016784903813,0.04997179775102517,-1.2046908271372856,0,8.928808045791248,93.3689749715608,0,2.8805208589712525,117.94079832913631,113.3509011164886,1,1,0,0,8,10,0,1,3075,0,28,13,,-1.3997743820082014,-1.1979801765365612,0,1.8520947645602615,-5.447584584270757,,,,,,1.038854485628915,25.936098430071997,78.57142857142857,-16.14662711116821,1,30.930298372680436,34.34116576836706,19.250240899217022,38.127173028500955,,,,2103892
2026-03-09,112.08708958,112.5808653,107.58385496,111.99820994,114.91408477157094,117.01281451524156,118.19239651096711,114.37010130674936,116.02192841569789,113.4425456632704,0,0,0,0,120.66533931726482,107.51470283524175,55.12127942289854,45.94246495169575,4,0,111.51430973,111.05928222720388,111.96933723279611,109.23917221601941,115.95506496499999,112.03474389720007,,,114.30988141118065,107.58937818999999,0,5,0,-3.4680672271548607,0.13455907173410908,-1.3560520055936844,4,8.812530176424286,15.138642754769045,0,1.9518623413801701,115.95506496499999,107.58937818999999,1,1,0,0,8,7,0,1,3075,0,29,14,,-2.0764725738728727,-1.3476751775588338,0,0.06492414089282317,4.660019280480881,,,,,,1.3199442973533304,24.144461547043832,75.39682539682539,-20.909142467864708,0,30.527500017601568,34.46537227033378,17.116526641818933,36.43961181457854,,,,2726918
2026-03-10,111.59331385,115.29663179,110.20086631,114.42758651,114.75191868438063,114.93987818484888,117.83384317754168,114.37235562844546,116.00606431713373,113.88581243312107,0,0,0,0,120.31440449164019,107.60165606131929,70.23355015860832,33.592205690856446,2,0,111.9836660668857,111.51564262250359,112.45168951126782,109.64354884497516,117.94079832913631,117.20910891339996,116.74108546901785,117.67713235778207,119.5492261353105,111.62366965015228,0,5,0,-1.360685595555198,0.08053625085374885,-0.6392516332449953,0,9.127186179155792,90.47527456821004,0,2.5456554938675326,117.94079832913631,111.62366965015228,1,1,0,0,8,10,0,1,1027,0,30,15,,-1.6442900068299908,-0.6387677292043109,0,1.9093145676540635,-4.338867189295657,,,,,,1.0681796097124487,23.573219064335646,73.80952380952381,-25.4424961575669,0,31.617500384876568,33.63996554043017,20.63349872359809,32.89721227130815,,,,2213359
2026-03-11,113.56841675,113.6671719,109.46020272,110.75389512,113.41924416292042,113.00072643284803,117.15956241015675,114.23045521634955,115.9538039271125,114.26241499421619,0,0,0,0,119.90184907488528,107.63312257175863,39.65342024968585,32.50737983720273,4,0,108.12330791640427,107.64436307706731,108.60225275574123,105.72858371971948,115.13460942,113.77120032149982,113.29225548216286,114.25014516083678,116.16592451818461,110.1713533352945,0,1,3.5,-4.484465908838249,0.1466768675620005,-1.4146119019826024,4,9.443381842232089,21.79977417967106,0,2.927811692595765,115.13460942,110.1713533352945,1,1,0,0,10,7,0,0,1027,0,,16,,-2.173414940496004,-1.4063491537010933,0,-2.632958431275828,0.5773144253441543,,,,,,0.8630406617845904,23.00308360716956,72.22222222222223,-29.681777488880595,0,32.71283429203872,33.02571682818099,18.72277863136072,31.231595470239636,,,,1774238
2026-03-12,110.6057624,110.66501549,107.15920784,107.37646916,111.40498582861362,110.91724040274804,116.22783924347516,113.96167144943388,115.86845731251437,114.55932047723688,0,0,0,0,119.41089340517078,107.63072311539939,21.363183330753287,16.394473466039575,4,1,98.6710418344001,,,96.28689225533566,111.43636781712,108.21929401480014,107.74246409898726,108.69612393061303,110.60344359386458,102.68396749499999,0,0,3.5,-7.328990434049035,0.2223661411812416,-2.0532031832560205,4,8.7939808202124,14.021115348695986,0,5.3542471054727665,111.43636781712,108.04833924876928,1,1,0,0,10,7,0,0,1027,0,,17,,-2.7789291294499328,-2.0293259313791054,0,-4.161762434830165,0.48450153499016274,,,,,,0.8307236071054945,20.61611097585879,63.492063492063494,-32.324635083364974,0,30.463243162788206,32.90856463974813,17.46254838167858,33.43797648490373,,,,1677365
2026-03-13,108.92692494,110.12186219,108.14675929,109.30219449,110.70405538240908,109.12276109118352,115.56825402885848,113.77894686278941,115.80312136403164,114.79774828053945,0,0,0,0,119.03028537420508,107.6461767188221,13.626894217405335,43.80321599155111,4,2,108.38484686681522,107.9175637929354,108.85212994069505,106.04843149741609,113.07218037096,113.60472814869979,113.13744507481996,114.07201122257962,115.94114351809893,106.66686775612871,0,1.5,2,-5.613775170701761,0.18394860902047155,-1.3756614358306505,4,9.13473825538985,16.12367136824183,0,2.9694464791829036,113.07218037096,106.66686775612871,1,1,0,0,10,6,0,0,1027,0,,18,,-2.4715888721637724,-1.3678188283402655,0,-3.254798872766552,0.9664804397473477,,,,,,0.8475244932586132,19.03131455287996,49.20634920634921,-39.857419704092244,0,31.64366154435661,32.799780464774756,16.54650914464819,31.683908418915816,,,,1674274
2026-03-16,110.55638483,111.70441339,109.88484984,110.69464203,110.70091759827272,107.86415968691904,115.10410050515767,113.65799373209178,115.75229072389202,114.99467686978024,0,0,0,0,118.768247868424,107.67028009124623,28.105346003539424,70.95182385829749,4,3,108.36660323172555,107.91124913723,108.8219573262211,106.0898327592478,115.13460942,113.53546941764982,113.08011532315427,113.99082351214537,115.81223989012757,106.54326502802,0,0,2,-4.3693724437438615,0.14680213777626916,-0.8943436428239676,4,9.180284220370295,34.220454247563296,0,3.071106408904005,115.13460942,106.54326502802,1,1,0,0,10,6,0,0,1027,0,,19,,-2.1744171022101533,-0.8912690208514304,0,0.04152975384875912,1.5899757113003496,,,,,,0.7320947248532342,17.921376809414305,42.46031746031746,-43.64601641523733,0,31.801437395208374,32.10520252450114,18.870187112210893,30.191512474633743,,,,1443244
2026-03-17,111.53406076,111.70688227,109.97372947,110.01323153,110.47168890884848,107.16094268241298,114.61925584085694,113.51506188102935,115.69518565728613,115.15412611686898,0,0,0,0,118.55586606168924,107.68483983550152,32.48946414173196,79.18769850625344,4,4,108.34272508677239,107.90442170616937,108.7810284673754,106.15120818375732,114.08626342458,113.45883261759982,113.02052923699681,113.89713599820284,115.6503495206149,107.15920784,0,0,3.5,-4.911141371186607,0.05643556946032455,-0.9479223011707919,4,8.981373610084052,24.742983064056542,0,2.874549937959803,114.08626342458,107.15920784,1,1,0,0,10,8,0,0,1027,0,,20,,-1.4514845556825964,-0.9454473462639404,0,-0.27685863866725047,2.4052543808092786,,,,,,0.6057863602748745,16.7909231774705,38.095238095238095,-46.03139543393186,0,31.11239082884777,31.459303238273588,18.208992494948514,29.1255819966707,,,,1141408
2026-03-18,108.6306595,109.3811986,106.28028705,106.586428,109.17660193923231,106.5810922295619,113.85422461791818,113.24335074843997,115.60455125273602,115.2640704273239,0,0,0,0,117.97690339577812,107.67072143021699,34.285389827796024,42.96944248104661,4,5,103.16050476497676,102.72017890727396,103.60083062267957,100.95887547646277,110.14763726994,107.88080808933425,107.44048223163145,108.32113394703705,110.08243737784824,103.35906196080043,0,0,3.5,-7.800837557874769,0.056290546293981086,-1.6468226624462625,4,9.330828841975935,21.834762390506313,0,2.0538181210270077,110.14763726994,107.15920784,1,1,0,0,10,8,0,0,1027,0,,21,,-1.4503243703518487,-1.6339112542464613,0,-0.3224487534126457,2.7759159227075623,,,,,,1.2431725298211984,16.247623383291412,36.507936507936506,-49.73345941233401,0,32.322939262062775,31.66275434618604,16.8306878008368,34.4102247078504,,,,2391604
2026-03-19,105.88526647,106.1124033,103.92003908,105.2927356,107.88197982615488,105.92900345680778,113.03884471144978,112.93156191908938,115.50194612186301,115.32724408978203,0,0,0,0,117.37278757961087,107.63953462092933,25.377757537594185,35.97200824104446,4,6,101.68510515578943,101.25242410113684,102.11778621044202,99.52169988252645,109.39039775866,107.87551302360012,107.44283196894753,108.30819407825271,110.0389182968631,101.82589772805169,0,5.5,2,-8.838994375983543,0.00917348373309998,-1.7707846044603002,4,9.34687272665719,19.08632060045834,0,2.7963393499656366,109.39039775866,101.82589772805169,1,1,0,0,10,8,0,0,2,0,,22,,-1.0733878698647998,-1.7569000709500873,0,-1.7248749341312628,1.8183959077705072,,,,,,1.2537014802067428,19.38155543555047,50.79365079365079,-40.14069424463702,0,32.378516908900195,32.280514553512354,15.904627092807164,37.38737962107173,,,,2472657
2026-03-20,105.87539095,106.06302573,104.30518415,104.82858642,106.86418202410324,105.17933861586062,112.25691535035932,112.61379817402705,115.39574353776487,115.34918151584722,0,0,0,0,116.30644510544636,107.5694178959972,7.631610621915715,47.04854667188987,4,7,101.34720298236,100.9297327032183,101.7646732615017,99.25985158665152,108.69581599,108.00738776577153,107.79225394570011,108.69581599,110.36569710656678,101.34720298236,0,7,5.5,-9.157319666913562,0.03812245088315816,-1.688493652748238,4,9.158247634727394,4.684982619219085,0,2.824135353322904,108.69581599,101.34720298236,1,1,0,0,20,8,0,0,2,0,,23,,-1.3049796070652653,-1.674518404238168,0,-2.8846478668195976,4.802301868136434,,,,,,2.3034470071735265,22.637031954303204,71.42857142857143,-28.646303235388835,0,31.72510042329068,32.85414903174392,15.306684295289529,35.98178147456833,,,,4823269
2026-03-23,107.34684262,107.39622019,104.35456172,104.56194753,106.09677052606882,104.42938392247618,111.52406127222986,112.29803932524167,115.28794457251348,115.3347511373052,0,0,0,0,115.89818467502965,107.53796798935306,14.731324163280204,50.83064301153336,4,8,98.6710418344001,98.25623319600066,99.08585047279954,96.59699864240294,107.98999734922,107.7693747682788,107.35456612987936,108.18418340667823,109.84341796027596,100.73156830234,0,0,5,-9.303658836390372,0.018014743883773582,-1.5662879523397546,4,8.50899660691901,11.557075582417276,0,3.393278641975566,107.98999734922,100.73156830234,1,1,0,0,10,8,0,0,2,0,,24,,-1.1441179510701887,-1.5549042975008538,0,-2.0995740969049095,2.920327463619443,,,,,,0.9731859310995031,25.63616487237751,78.17460317460318,-13.027073732633458,1,29.476028889229816,32.820665647453886,17.17419215730529,33.62604180639896,,,,2043413
2026-03-24,104.08792283,104.94709259,101.50053803,101.78692795,104.66015633404588,103.4994597334,110.5967152415413,111.88583887915377,115.15360609865763,115.27175190930015,0,0,0,0,115.42428816654234,107.47847054049895,8.278565967018118,25.944304704048257,4,9,98.6710418344001,98.25508957588634,99.08699409291386,96.59128054183131,105.34171486294,107.60222479770009,107.18627253918633,108.01817705621384,109.68198609026888,98.27428930026537,0,0,2,-11.607693932924471,0.12460506366800292,-2.056701074059406,4,8.643889674595224,5.477753564291135,0,4.485099098038047,105.34171486294,98.27428930026537,1,1,0,0,10,11,0,0,2,0,,25,,-1.9968405093440234,-2.036526393066233,0,-4.8729611591219895,2.308718183179692,,,,,,0.9521991779154906,32.113067906925444,81.74603174603175,7.246211477336755,2,29.94331218283787,33.34606282605536,15.903618150773715,37.26460286478728,,,,2042709
2026-03-25,102.82385697,103.51514299,100.7302479,103.4558899,104.25873418936392,102.7524719685485,109.91663663758499,111.55525264467715,115.03721091260134,115.17693427024417,0,0,0,0,115.03481665363735,107.43721623270784,6.468338292138412,59.62805795011662,4,10,98.6710418344001,98.25993531676232,99.08214835203788,96.61550924621122,107.0966384635,107.45813243887454,107.04702592123677,107.86923895651232,109.51366502706342,98.93326473,0,1.5,0,-10.067456365401764,0.01449042900379266,-1.43133596099166,4,9.022392429126871,5.797273967004578,0,4.147279278304096,107.0966384635,98.93326473,1,1,0,0,10,8,0,0,2,0,,26,,-1.1159234320303413,-1.4260348179727702,0,-3.5851457972173972,3.5055374006463826,,,,,,0.9467545733277545,38.519040986080164,85.71428571428571,23.243246494387733,3,31.25448418614504,33.972404455149366,14.941712680824523,36.68365774209209,,,,2045955
2026-03-26,102.7053508,104.07310956,100.71049687,100.90800716,103.14182517957595,101.93738804216756,109.05867192543404,111.13771360606236,114.89662182053566,115.03973999506208,0,0,0,0,114.55933533610961,107.36632333420286,3.535301574657837,33.92927470707099,4,11,98.6710418344001,98.25927674043288,99.08280692836732,96.61221636456399,104.2468800117,104.2468800117,103.83511491773278,104.65864510566722,106.30570548153611,97.09987267253031,0,0,4.5,-12.1749573128315,0,-1.8824626112355825,4,9.016186635162896,2.8229098247794155,0,3.4714002929731693,104.2468800117,97.09987267253031,1,1,0,0,10,8,0,0,2,0,,27,,-0.9990695615236788,-1.863914209808322,0,-6.368249728612332,2.775494352512979,,,,,,1.0058136024660898,43.776083665111805,90.47619047619048,40.15977436376158,3,31.23298668525122,34.30372707105061,15.062132074466888,34.008915541502,,,,2189853
2026-03-27,101.12526848,102.01900254,100.01921086,100.76974996,102.3511334397173,101.10130817372338,108.26925078586889,110.73112679641285,114.7560559313761,114.86683628665912,0,0,0,0,114.10499554057726,107.29460937369065,2.411107580502297,43.35661645310104,4,12,98.6710418344001,98.27083325000197,99.07125041879823,96.66999891240944,104.2468800117,104.69330585993023,104.2930972755321,105.09351444432836,106.6943487819209,97.06770509,0,2,3.5,-12.187858721582312,0.04216351710653951,-1.7115412089399,4,8.970079028155583,3.51316352704427,0,3.8108131945236825,104.2468800117,97.06770509,1,1,0,0,10,8,0,0,2,0,,28,,-1.337308136852316,-1.690737798271243,0,-5.346627656725391,3.282247422332936,,,,,,1.0103192678748123,49.188024298603885,96.42857142857143,58.29692793433573,3,31.07326524934705,34.75103858046135,14.39013592269593,34.03385464954868,,,,2216692
2026-03-30,100.27597423,101.56966663,99.13535231,101.14501951,101.94909546314487,100.38272170492078,107.59075256911947,110.35520102047509,114.62062273315345,114.66567973310764,0,0,0,0,113.70619770601148,107.23085668815762,16.256209179811762,60.568754759822426,4,13,98.6710418344001,98.27768462817326,99.06439904062694,96.70425580326591,104.79891309748,104.82168564732092,104.42832844109408,105.21504285354776,106.78847167845511,97.65142957488277,0,1.5,0,-11.75670041029685,0.060573687202237436,-1.4315241517826278,4,9.055469299339261,19.56367198861539,0,3.645671648533756,104.79891309748,97.65142957488277,1,1,0,0,10,8,0,0,2,0,,29,,-1.4845894976178995,-1.4128618869831473,0,-0.6833042380977088,2.896321105570716,,,,,,0.9635091574723107,54.898576117534404,98.80952380952381,75.00864202531365,3,31.369065825671484,35.344747683497815,13.595009077316707,34.159530025657176,,,,2135985
2026-03-31,100.98701128,102.6362222,98.91315323,102.33995676,102.07938256209658,99.93773999886062,107.09067677777476,110.04087771614273,114.49842705182854,114.44670365162058,0,0,0,0,113.24063345359868,107.16147990453732,24.475648069260462,86.14722766577067,4,14,98.99898692930009,98.60048497914302,99.39748887945716,97.00647717851476,106.35418479538001,107.05883025794097,106.35418479538001,107.26607892340009,108.86008672402835,98.93326473,0,3,0,-10.618897224085808,0.01932634700712299,-0.9790134851929368,4,8.526662369531643,28.589832233318997,0,4.511054189629643,106.35418479538001,98.93326473,1,1,0,0,10,8,0,0,2,0,,30,,-1.154610776056984,-0.9663354174171833,0,-0.5226778871752684,1.741295161834188,,,,,,1.3124256821636153,58.214640815977745,100,97.08906656127098,3,29.537224886028874,35.367041171359304,14.850613269630095,31.310057362694458,,,,2964666
2026-04-01,102.04369133,104.21630452,101.22402363,102.94236315,102.36704275806439,99.8688349857316,106.69559928941526,109.76250459590185,114.38344134136258,114.2170700886894,0,0,0,0,112.89277865725023,107.1110120646673,21.22509528703379,89.95939615960023,4,15,98.99898692930009,98.60223261049353,99.39574124810665,97.01521533526729,106.35418479538001,107.0322223772137,106.35418479538001,107.23164519540009,108.81866247062634,98.93326473,0,1.5,4,-10.002390256136954,0,-0.7126649288738418,4,8.258921981856792,12.575549009900016,0,4.533573600972119,106.35418479538001,98.93326473,1,1,0,0,10,8,0,0,0,0,,,,-0.46188445689046337,-0.702290917520515,0,-1.5840976064091568,3.4356486777812307,,,,,,1.1246568241169124,55.637327699837726,99.2063492063492,94.4698484563656,3,28.609744976646812,34.6484906746122,17.406419135347463,29.2016887768642,,,,2530287
2026-04-02,101.53016457,102.06838011,99.58468822,99.88095365,101.53834638870958,99.74689204673982,106.04658541899475,109.37499279410177,114.23913798124953,113.96208928926283,0,0,0,0,112.44174998037165,107.02022987968022,16.571047458821084,66.40580972570663,4,16,98.99898692930009,,,97.00701710403749,103.0699647923,100.76974996,100.37135599494748,101.16814392505252,102.7617197852626,97.1913780986866,0,0,3.5,-12.568533503470755,0,-1.3576655905418304,4,8.191381580063982,9.614471402268023,0,1.7963986280975237,103.0699647923,97.1913780986866,1,1,0,0,10,8,0,0,0,0,,,,-0.7891778460674221,-1.3382471631212853,0,-2.227084846482588,3.622215042902024,,,,,,1.1875159307262544,53.029243806720125,97.22222222222223,86.882077751364,3,28.37577816170929,34.40032390750737,16.09658196323793,30.678236949465685,,,,2689819
2026-04-06,99.54518616,103.79165739,99.24892073,103.58427159,102.22032145580638,99.97926033751516,105.81207934004287,109.14790568805857,114.13311941019232,113.70961763406994,0,0,0,0,112.18618271674409,106.98364496689756,15.76809514099304,90.06090881133906,4,17,98.99898692930009,98.58848952728704,99.40948433131314,96.94649991923482,107.0966384635,107.25869569309974,106.84819829108669,107.66919309511279,109.311182703165,100.20921160089999,0,3,0,-9.242582586637237,0,-0.3002236655322662,4,9.12706309362571,15.64835769646529,0,3.434605947628187,107.0966384635,100.20921160089999,1,1,0,0,10,8,0,0,1,0,,0,,-0.0233233386484722,-0.2954731706408555,0,-1.8764500957195707,2.460472691115779,,,,,,1.013339998941174,52.27465805717595,95.63492063492063,65.33679887774784,3,31.617074004093006,33.404777652673936,18.254356081739548,27.647002530061233,,,,2305512
2026-04-07,103.12999792,104.19655349,101.38203186,101.75730141,102.06598144053758,100.24030866186925,105.42591001337212,108.85807806931118,114.00997694252872,113.44976641389864,0,0,0,0,111.97586617454259,106.94424876174062,13.530198142312528,91.94741009046948,4,18,98.99898692930009,98.59268111287726,99.40529274572292,96.96745784718591,104.21630452,101.75730141,106.87554883448044,107.6881604673261,108.25819447276537,97.13942426525975,2,0,2,-10.747020446030945,0,-0.6851686789703739,4,9.203425321575168,9.500414197446574,0,0.7103450403129505,104.21630452,97.13942426525975,1,1,0,0,10,8,0,0,1,0,,1,,-0.31358610990812,-0.6846076792791745,0,-2.308300671107572,3.449948820966864,,,,,,0.7404547391799335,52.486281480757235,95.63492063492063,64.62875333295639,3,31.881600521268243,32.30615442405469,18.015099502931097,25.937059738372117,,,,1644583
2026-04-08,104.39406378,107.35671813,103.73240431,104.35456172,102.82884153369173,100.80538859414501,105.32387684257478,108.68146958502446,113.91390315921998,113.1997187365108,0,0,0,0,111.72960972166945,106.91232574177543,12.939642931190214,94.83140008102117,4,19,98.99898692930009,98.5717081647646,99.42626569383557,96.86259310662264,104.21630452,104.35456172,106.95945828370998,107.81401581278095,110.77494824628393,100.73156830234,2,0,3.5,-8.391724955520727,0,0.041730289351345005,4,9.322410752031423,30.273272229479925,0,0.5642952184931735,104.21630452,100.73156830234,1,0,0,0,10,8,0,0,1,0,,2,,0.6894387136491223,0.03042447177585849,0,-2.173039770668874,4.827818360388963,,,,,,1.2120807995405705,52.656056066351255,95.63492063492063,63.053253890080555,3,32.29377814308962,30.060139858413148,22.510793124482674,22.902230914556142,,,,2722970
2026-04-09,103.19912653,106.86788016,102.94236315,106.28028705,103.97932337246115,101.7607338968082,105.41496352899622,108.5873055640431,113.83794678002377,112.97099187386637,0,0,0,0,111.61908447731643,106.90737302485152,39.93369626836356,88.8797983824556,4,20,102.68396749499999,102.25215938319917,103.11577560680081,100.52492693599592,110.58132892996028,107.73863511162851,107.30682699982769,108.17044322342933,109.89767567063258,102.68396749499999,0,4,0,-6.638963494859859,0,0.5314920053777512,4,9.099608833045746,46.81067449471049,0,2.3411638079463217,104.21630452,102.68396749499999,1,1,0,0,10,8,0,0,1,0,,3,,0.7250963733647711,0.518145642523801,1,1.3798921324517512,1.9273959460543488,,,,,,0.7771012656051465,52.82597216917423,96.42857142857143,67.58461716132925,3,31.52196965567554,28.241338430325385,20.683623607849466,22.67687078839252,,,,1744627
2026-04-10,106.94194652,107.53744004,103.62377365,103.96941666,103.9760211349741,102.63199924040907,105.27729239861563,108.40621188153162,113.7397524504713,112.74791719531986,0,0,0,0,111.47115607652543,106.88515938784319,34.10631509387851,92.79812320861872,4,21,98.99898692930009,98.7476855,99.87080317960874,97.0040529993827,104.21630452,103.96941666,103.78039639484567,104.65221264515432,110.94394666246922,100.20921160089999,2,0,3.5,-8.590080055542465,0,-0.05697912351760219,4,8.840420245668163,11.573091926976197,0,0.539133828052752,104.21630452,100.20921160089999,1,0,0,1,10,5,0,0,1,0,,4,,0.778347567980292,-0.066723940817407,0,-0.8008898268321212,4.3304769716476565,,,,,,0.7552074243040561,57.299063319018565,99.60317460317461,87.10439499614795,3,30.624114051515583,26.304092540060005,20.397013111566228,20.8590379635389,,,,1696185
2026-04-13,103.54476953,103.78178188,100.52779985,102.10294442,103.35166222998274,103.17872696202728,104.97497354350938,108.15902492225587,113.62396331583975,112.51743757726784,0,0,0,0,111.26735947524907,106.84393759646811,21.717867105450104,88.02078040801119,4,22,98.99898692930009,98.56348637728179,99.43448748131838,96.82148416920857,104.21630452,104.21630452,103.7808039679817,104.65180507201829,106.39380728009151,98.23654051391424,0,1,3.5,-10.139603090428071,0,-0.486410488342491,4,8.740119324788022,14.115984912467596,0,2.7461567974473877,104.21630452,98.23654051391424,1,1,0,0,10,8,0,0,1,0,,5,,0.4441025766973684,-0.4880933654803731,0,-2.5920802599679904,1.9573057760515618,,,,,,0.8631505652548561,61.32772320808727,100,102.55774656620495,3,30.276661469494883,25.508307164820504,18.95780911332409,25.73455590002902,,,,1950547
2026-04-14,101.92518515,103.70277776,101.72767486,103.13987344,103.28106596665516,103.50382633507186,104.80020210507992,107.96219545236347,113.51964401359258,112.28607556062794,0,0,0,0,111.13333441645759,106.81949139422385,22.645957310494882,90.79718226386592,4,23,98.99898692930009,98.57695871224738,99.4210151463528,96.88884584403654,104.21630452,104.21630452,103.79427630294728,104.6383327370527,106.32644560526354,98.93326473,0,0,2,-9.143589784645318,0,-0.1604842901179875,6,8.694420616613188,14.227170769190522,0,2.5036429207955804,104.21630452,98.93326473,1,1,0,0,10,8,0,0,1,0,,6,,0.564854840088106,-0.16285070356037226,0,-1.1282345404025087,3.391108194311723,,,,,,0.6643853396522141,64.94931036108397,100,115.64692734672121,3,30.118356500696734,24.76936360209811,18.165639168866317,24.659213195810974,,,,1503375
2026-04-15,103.02136726,103.28800616,101.11045521,101.63879523,102.7336423877701,103.48290392465151,104.49911573602469,107.7142189730551,113.40142661276082,112.04307350581414,0,0,0,0,110.98073128345064,106.78584118789382,20.65275599372177,94.81142125583247,4,24,98.99898692930009,98.58766116569757,99.41031269290261,96.9423581112875,105.34171486294,101.63879523,104.21630452,105.28904723452504,106.93435028893511,99.4179993547178,2,0,4,-10.372560323184851,0,-0.48874558451779543,6,8.762521608513092,5.632894650799976,0,0.4193698017614022,105.34171486294,99.4179993547178,1,0,0,0,10,8,0,0,65,0,,0,,0.047338629390932516,-0.4889253788193691,0,-1.5230467270394978,5.730201617995371,,,,,,0.6531180437762996,68.20041521795557,100,124.6814892112575,3,30.354265256729672,24.27586273807885,17.3069913453046,24.83341627168848,,,,1489238
2026-04-16,101.68817281,102.28564143,100.30569953,101.10551745,102.19093407518007,103.22181498642729,104.17591589926043,107.45505420744509,113.27907925790747,111.78454095955891,0,0,0,0,110.78710980995925,106.74030108341795,23.980277873127672,95.92612859849554,4,25,98.99898692930009,98.5993635247049,99.39861033389528,97.00086990632413,104.79891309748,101.10551745,103.94614968817815,104.74539649736853,106.3438901157493,99.4306522392939,2,1,3.5,-10.746522559731785,0,-0.5471876922494338,6,8.269576754153944,10.971262845514119,0,0.31973006076048444,104.79891309748,99.4306522392939,1,0,0,0,10,8,0,0,65,0,,1,,-0.17032639430083354,-0.550288146936395,0,-0.8654156337972969,4.473633417466661,,,,,,0.8223720889702285,71.97555569494206,100,151.25292195077515,3,28.646654190570302,24.068340194527185,16.54138577468044,25.5328883568788,,,,1853025
2026-04-17,101.12526848,105.52974795,101.12526848,103.27813064,102.55333293012005,103.0802749225074,104.09041254123562,107.29125328323155,113.17956733136113,111.52359456578321,0,0,0,0,110.56386871171006,106.69746048628146,40.527722171366264,95.59288552301922,4,26,98.99898692930009,98.58840599556883,99.40956786303134,96.94608226064383,105.86272731892679,103.81579754444445,103.4052166107132,104.2263784781757,105.8687022131007,99.52032284107317,0,0,3.5,-8.748431298002956,0,0.06884926959084436,6,8.5342583142542,37.837873326651035,0,2.092388784026159,105.86272731892679,99.52032284107317,1,1,0,0,10,8,0,0,65,0,,2,,0.83004932258755,0.06198787934465996,0,0.8198914406234756,3.820658234744373,,,,,,1.2732179296452435,79.10432409917605,100,167.57394216930163,3,29.563538010410785,22.518983681301215,22.004632392890684,23.07636503874287,,,,2895842
2026-04-20,102.37945882,102.42883639,99.83157608,100.89813165,102.00159917008003,102.73447245321947,103.78638578968938,107.04054263094797,113.05736399124808,111.24516017921474,0,0,0,0,110.28981123482345,106.62787045482726,31.608445124695137,96.30794396470878,4,27,98.99898692930009,98.58696039654964,99.41101346205053,96.93885426554785,104.2468800117,100.89813165,103.27813064,104.2468800117,105.8949861427018,99.39147456525161,2,0,2,-10.754922909921504,0,-0.5016255090570153,6,8.818456203708061,9.79022326978324,0,0.3015211043165144,104.2468800117,99.39147456525161,1,0,0,0,10,8,0,0,65,0,,3,,-0.3358433851465671,-0.5045529860204092,0,-1.1945952542806904,4.46537708653002,,,,,,1.3066051902735538,85.03664641441064,100,178.3703267568462,3,30.548028378286645,21.519412098708777,20.36118400671307,24.15629048230127,,,,2842366
2026-04-21,101.03638885,101.32277877,98.12311207,98.36999993,100.79106609005335,102.0262745122658,103.27053951733801,106.70052134855786,112.91122106526551,110.93521106268187,0,0,0,0,109.94336848796708,106.52456221466653,31.736750890026762,92.17377216622484,4,28,94.41108956,93.99992504119601,94.82225407880398,92.35526696598006,101.93671982577999,98.36999993,98.5878224104961,99.41015144810407,104.6120949204319,94.41108956,2,0,3,-12.878455301497727,0,-1.061278857394758,6,9.12516154411141,12.807849857196942,0,0.6342278315322614,101.93671982577999,,1,0,0,0,10,8,0,0,65,0,,4,,-0.4746490099872731,-1.0526171203288466,0,-0.5733069239196329,4.313206168024819,,,,,,1.3497577234239777,88.71136522188655,100,180.63903495542374,3,31.61048684334926,21.12831961093125,18.946452201868855,26.187853068341482,,,,3000855
2026-04-22,98.85,99.57,96.58,96.85,99.4773773933689,100.92048975071732,102.65905956330582,106.31422639371245,112.7514079203375,110.58581663033652,0,0,0,0,109.64245791933178,106.42759062488422,20.237083567360585,73.26415969814143,4,29,94.41108956,94.00259750682487,94.81958161317512,92.36862929412435,101.93671982577999,98.99898692930009,98.59049487612496,99.40747898247521,101.04144719517573,94.41108956,0,0,4.5,-14.103068168844828,0.02695677055673998,-1.3147459165614992,6,8.881252657305085,3.3741081861060565,0,2.24626028028661,101.93671982577999,97.78946482406884,1,1,0,0,10,8,0,0,65,0,,5,,-1.2156541644539198,-1.3010764816687022,0,-2.6881684871163545,6.053120552635303,,,,,,1.0829884881153258,88.48570717513081,99.60317460317461,187.6128448782248,3,30.765561674617015,21.209138267741753,17.708233235409978,27.84922317279141,,,,2428658
2026-04-23,97.44,98.655,96.95,97.66,98.8715849289126,99.71002832324413,102.18295865251478,105.97484496650803,112.60124465744858,110.20594158215317,0,0,0,0,109.3712096143358,106.33990919902676,14.722660090315834,98.1576520463887,4,30,97.16771405076815,,,95.19056344674077,101.93671982577999,98.99898692930009,98.60355680849462,99.39441705010556,100.97613753332747,94.41108956,0,4,3.5,-13.269164744050824,0.047884224854551405,-0.9587859436909761,6,8.739587367570751,4.399637239336755,0,2.320459230548603,101.93671982577999,97.16771405076815,1,1,0,0,10,8,0,0,65,0,,6,,-1.3830737988364112,-0.9498355156371775,0,-2.611293603085769,5.428266082125801,,,,,,1.0817600906765503,86.36184994846663,99.2063492063492,185.25967656365802,3,30.274818715639352,21.28418416335151,16.986520000428417,26.714205767013873,,,,2447629
2026-04-24,98.68,99.65,97.5,98.68,98.80772328594173,98.74064183943418,101.84934354275147,105.68877261488026,112.46272481011079,109.8044154718082,0,0,0,0,109.17132516803963,106.27597424506972,34.3748393736298,94.60883997438603,4,31,96.88084817181445,,,94.94894046807472,101.93671982577999,98.68,98.61260538855214,99.38536847004804,102.74105232598356,96.88084817181445,2,2.5,3.5,-12.25537157612214,0,-0.5813739185544143,6,8.512831564400592,28.666315586102517,0,0.4430260148765303,101.93671982577999,96.88084817181445,1,0,0,1,10,5,0,0,65,0,,7,,-0.7943396766154052,-0.5780063501477462,0,0.6552405401536499,2.9146486242874223,,,,,,0.9130745152421423,82.71109149751328,98.41269841269842,180.47818507742014,3,29.489313571635744,20.895744163070766,18.44184920220392,25.386975325683178,,,,2060028
2026-04-27,98.29,98.55,96.36,96.66,98.09181552396116,97.8569019162649,101.35512034820371,105.33470310057123,112.30548376722412,109.37225623099523,0,0,0,0,108.84727427921152,106.16316685159914,54.75975215656601,93.86513475780096,4,32,96.21776576258335,95.83826861760312,96.59726290756359,94.32028003768218,101.93671982577999,96.66,98.61948978431985,99.37848407428032,101.58597715984187,96.21776576258335,2,0,4,-13.931184161632354,0,-1.0075435390517538,4,8.734508545915363,35.89065849787949,0,0.08977594151712175,101.93671982577999,96.21776576258335,1,0,0,0,8,8,0,0,577,0,,0,,-0.836834045674788,-0.9989568446824286,0,1.915123601946739,3.2939913163541594,,,,,,1.278355295399611,76.13912495582089,97.61904761904762,151.63948296588975,3,30.257225161339925,20.900478916784767,17.43522836584922,26.683385823224718,,,,2929730
2026-04-28,97.2,98.17,95.71,96.6,97.59454368264078,97.08853795467789,100.90225174361288,104.99216572407825,112.14921029690348,108.91466287762111,0,0,0,0,108.51927909354949,106.04544039850961,44.0907398716517,92.10904001548083,4,33,95.16369746048449,94.41498847694976,95.58931009789573,92.91757050988032,101.93671982577999,96.6,98.62463243753272,99.37334142106745,101.16483593413888,95.58931009789573,2,3.5,3.5,-13.864752373858497,0.0030047269485913297,-0.8990161323197969,4,8.714991063753216,21.43361408897216,0,0.22140771687885832,101.93671982577999,95.58931009789573,1,0,0,0,10,8,0,0,577,0,,1,,-1.0240378155887306,-0.8890719820674223,0,-0.4788960923285064,2.8027612745085086,,,,,,1.3298484616127182,64.82123613253654,96.03174603174604,114.71369193927173,3,30.189614619858606,21.108036661060687,16.41226124312717,26.66809452229319,,,,3112685
2026-04-29,95.75,96.07,93.39,94.77,96.65302912176051,96.24272689470214,100.3182277680307,104.59129647999674,111.97628283126265,108.42516567539805,0,0,0,0,108.07865362170475,94.77,36.90122293890863,74.16063799422376,4,34,94.51496958429146,93.76241838529494,94.5970210028466,92.25731598730188,101.93671982577999,98.99898692930009,98.62271132980183,99.37526252879834,100.8803649267914,94.5970210028466,0,9,3,-15.366006440123439,0.011940429505711753,-1.2503744453636791,4,8.738016757137693,20.761719101804246,0,2.3397562490489423,101.93671982577999,94.5970210028466,1,1,0,0,10,8,0,0,577,0,,2,,-1.095523436045694,-1.2335018373685835,0,-0.27527559456125417,3.123369027470237,,,,,,1.6135796465064136,48.29865121205125,86.9047619047619,59.56274778252995,3,30.26937796150144,21.962098752069757,15.162147946120939,30.14188324397386,,,,3848067
2026-04-30,95.22,96.92,95.11,96.44,96.582019414507,95.57560426100387,99.94887274250397,104.27163779450667,111.82169295234462,107.91874068659178,0,0,0,0,107.63897302330462,95.68946992815374,92.3802073250124,76.85204827652129,4,35,94.21417460486455,93.47698420579636,94.41108956,92.00260340765995,101.93671982577999,99.30321501735008,98.93461981781599,99.67181021688418,101.14619101502059,94.08951374626105,0,3.5,3,-13.755553637432302,0,-0.6755194464300083,4,8.947652072165791,69.30048037059446,0,3.4918818036139294,101.93671982577999,94.08951374626105,1,1,0,0,8,8,0,0,577,0,,3,,-0.6781310627035996,-0.6658331398101935,0,3.7668847839218262,1.4199677658588234,,,,,,1.8902347304234353,40.0956093404251,76.98412698412699,29.35913611364422,3,30.99557599488019,22.320306164617268,16.43147940237109,28.57209473497361,,,,4714244
2026-05-01,90.99,91.15,86.005,87.11,93.42467960967133,94.12210699959567,98.72612295750359,103.59863239080053,111.57580546028149,107.34314399510615,0,0,0,0,105.66704284948325,87.11,52.21317446023218,6.723687590318391,4,36,86.005,85.5695633861469,86.4404366138531,83.82781693073451,101.93671982577999,99.30321501735008,,,101.48039808661557,91.19040832868866,0,0,2,-21.927518568522252,0.2182287352763278,-2.9824104893144967,4,13.099813630367931,28.90156026275107,0,7.31758392331927,101.93671982577999,91.19040832868866,1,1,0,0,8,4,0,0,577,0,,4,,-2.7458298822106224,-2.90780571218501,0,0.5581131495403575,2.7220973311084284,,,,,,4.387216705612743,48.28393140633729,86.5079365079365,6.401287764730195,2,45.379085554961115,24.45479032603937,12.915663279361487,41.12825618220762,,,,13260511
2026-05-04,87.51,87.75,85.62,86.48,91.10978640644755,92.20707186165757,97.55982553297945,102.92731347351423,111.32609595321401,106.70374630109843,0,0,1,0,104.84124444207814,86.48,8.811321790115157,8.884681959740439,4,37,85.62,85.19664814427928,86.04335185572073,83.50324072139635,101.93671982577999,99.30321501735008,,,101.41997429595374,88.76239479428594,0,15.5,1.5,-22.31830348533541,0.1808376812121958,-2.8070985064161214,4,12.28690047771484,10.177106659897177,0,4.979697185982118,101.93671982577999,88.76239479428594,1,1,0,0,20,15,0,0,577,0,,5,,-2.4467014496975663,-2.7419399499667687,0,-2.6758577137520243,2.8380876147676015,,,,,,1.9295789188943253,57.16082964030868,94.44444444444444,34.29676768274904,3,42.56307178988882,26.48968613432954,12.335464478215396,40.09266062573681,,,,6208803
2026-05-05,86.3,86.97,84.7,86.12,89.44652427096504,90.13103654850434,96.47031833936235,102.26820314121956,111.0752890283064,106.0076983938837,0,0,1,0,104.37551985188715,86.34602467436454,17.35788300016011,12.564708952466423,4,38,84.7,84.28661970540219,85.11338029459782,82.6330985270109,100.97143588962001,99.30321501735008,,,101.37011649033919,86.65581554732633,0,12.5,2,-22.46700345920036,0.13497005591119954,-2.583055937374259,4,12.26009220634758,2.2516045225475665,0,7.872381002316796,100.97143588962001,86.65581554732633,1,1,0,0,10,15,0,0,577,0,,6,,-2.0797604472895963,-2.5322556583413762,0,-6.271520500514007,3.5370184227593056,,,,,,1.108680962543684,66.29652068844527,96.42857142857143,56.101248757297995,3,42.47020521374644,28.508059814494725,11.730661987379452,40.11403622951997,,,,3680246
2026-05-06,87.88,90.695,87.88,90.01,89.6343495139767,88.55995142436147,95.85504992608975,101.78748929254428,110.8656841623531,105.28898899050222,0,0,0,0,103.909706727562,87.56953292359864,19.36339522650964,62.256994337319895,4,39,85.42353639049577,84.7,85.79330806648265,83.00119462006523,100.97143588962001,94.41108956,93.9863882150163,94.83579090498368,96.53459628491845,85.79330806648265,0,0,0,-18.811667758088042,0.009160804742278567,-1.298776841909678,4,12.933253874917789,27.022270677428466,0,4.0582784091951805,100.97143588962001,85.79330806648265,1,1,0,0,10,8,0,0,577,0,,7,,-1.0732864379382285,-1.2875358451532617,0,-1.2971070105945786,1.0978979402825177,,,,,,1.4449059012563379,74.07190541803014,97.22222222222223,65.33130388565905,3,44.802105637089326,28.79950131114341,18.433528121882546,36.25582676745373,,,,4957794
2026-05-07,90.05,93.455,89.9,92.11,90.45956634265113,87.8160543065381,95.4983785045574,101.40797990852293,110.67906043934461,104.56684985308684,0,0,0,0,103.61790921961061,88.50967045937587,37.58792337943264,79.30901445916814,4,40,85.35718489606002,,,82.99557357577487,100.97143588962001,94.41108956,93.98498295394371,94.83719616605627,96.5416225902814,85.61957559320909,0,0,3,-16.77739254890134,0,-0.6085774609046875,4,13.041200365230578,41.69472919771792,0,4.126438708922372,100.97143588962001,85.61957559320909,1,1,0,0,10,8,0,0,577,0,,8,,-0.8126177790688782,-0.6059845787039758,0,0.7514052662875592,1.4092819901376923,,,,,,1.0958360475633155,80.81875371218717,98.01587301587301,78.89737104148979,3,45.17604324853031,28.09898913703635,22.843658720140027,33.555097018674275,,,,3876888
2026-05-08,92.17,93.425,91.21,92.16,91.02637756176742,87.67211269786495,95.18043769459955,101.04531402975732,110.49479118124168,103.84538266068611,0,0,0,0,103.3809341216244,89.0581656206241,43.57405742453446,77.84681547796956,4,41,84.7,,,82.62276397188154,100.97143588962001,94.41108956,93.9956423543763,94.82653676562369,96.48832558811846,85.38886402523362,0,0,3,-16.593353392711165,0,-0.5080338151399026,4,12.966108076941593,38.36488984516884,0,4.343380055341427,100.97143588962001,85.38886402523362,1,1,0,0,10,8,0,0,577,0,,9,,-0.9787154676154555,-0.5058828445451142,0,0.4165429400567442,1.3851773041499391,,,,,,0.9149753628624332,86.59097547572125,99.2063492063492,92.78461471876082,3,44.91591593138405,27.448513546794086,21.756218156518337,31.957753350507968,,,,3310904
2026-05-11,92,92.3899,88.67,88.9,90.31758504117828,87.58516743183593,94.58230077130435,100.56902720506096,110.27991763714972,103.1077856512604,0,0,0,0,103.10252941107507,89.03844853829075,22.59781650603259,59.24582036691469,4,42,84.67366336356034,84.25467756548119,85.09264916163949,82.57873437316462,100.42820358724,94.41108956,93.99210376192084,94.83007535807914,96.50601855039571,84.7,0,0,2,-19.386954665214144,0.028962980486407025,-1.262596469240974,4,13.261173510462156,8.077114880552443,0,4.635522065196895,100.42820358724,84.7,1,1,0,0,10,15,0,0,577,0,,10,,-1.2317038438912562,-1.2494566875177753,0,-5.033897672573129,1.0781159400836542,,,,,,0.8532075095154987,88.9655925463755,100,93.66426645704301,3,45.938052576213956,27.41530772332112,20.031582562589083,34.83716294273275,,,,3138052
2026-05-12,89.46,90.53,88.48,89.11,89.91505669411885,87.5042127806,94.06112926927536,100.11965358917622,110.06927169051141,102.36068408124365,0,0,0,0,102.88399789757811,89.04512270923126,53.24217906249628,74.61109729458026,4,43,89.04512270923126,88.6377608967292,89.45248452173333,87.00831364672096,93.455,94.41108956,94.00372774749793,94.81845137250205,96.4478986225103,84.7,0,4,3.5,-19.041891863738226,0.021888596913389652,-1.0554071294606373,4,13.179056998767129,56.661168134857995,0,4.767795734388273,93.455,84.7,1,1,1,0,8,8,0,0,577,0,,11,,-1.1751087753071172,-1.0459810039737911,0,2.639747124975605,1.7003897264295191,,,,,,0.6938449898984762,90.32610906170956,100,97.85104270551382,3,45.65359263542173,27.425593495737903,19.131523963552336,33.68830306243686,,,,2589609
2026-05-13,88.65,92.47,88.5,92,90.61003779607923,87.77440220203549,93.86483124363008,99.8012358013654,109.88947794234713,101.62735883399156,0,0,0,0,102.66397227945428,89.3693026242716,68.59850552234373,77.2410129938404,4,44,89.3693026242716,88.95559165551968,89.78301359302351,87.30074778051203,93.455,94.41108956,93.99737859124808,94.82480052875191,96.47964440375956,84.7,0,7,0,-16.279518546564336,0,-0.1810252264770495,4,13.716372866899448,59.180181763635225,0,4.694625133723896,93.455,84.7,1,1,0,0,8,8,0,0,577,0,,12,,-0.2912772380953044,-0.18095887193493165,0,2.6464949247424094,1.4186250906545674,,,,,,0.8935149441724556,91.28901208275079,100,92.12708859505207,3,47.514909402058045,26.708256085457577,21.67919308309715,30.801915902343513,,,,3421138
2026-05-14,92.84,93.19,91.01,91.17,90.79669186405282,88.25750499255585,93.60818064899864,99.46275596601774,109.70321448023422,100.90551493700353,0,0,0,0,102.53453507012121,89.47412708232983,74.06112112711585,76.9879803510006,4,45,89.47412708232983,89.07050261134592,89.87775155331374,87.45600472741023,93.455,94.41108956,94.00746508901608,94.81471403098391,96.42921191491959,84.7,0,0,2,-16.89395754540396,0,-0.3433709274844941,4,13.72243925000804,55.41148915723274,0,4.811942911353798,93.455,84.7,1,1,0,0,8,8,0,0,577,0,,13,,-0.7555605553219787,-0.3436261551130206,0,2.249052301903024,1.4112065509485352,,,,,,0.5029239854581402,91.49695540696293,100,92.47959809408624,3,47.53592396958256,25.783070961743267,22.22645210853264,29.316532000299333,,,,1927495
2026-05-15,91.88,92.0085,90.11,90.45,90.68112790936854,88.8944687088472,93.3074015395702,99.10931455558567,109.51164020679906,100.19390111128064,0,0,0,0,102.39952711544846,89.52797679480241,69.8520735920916,79.76295877134788,4,46,89.52797679480241,88.74448670583227,89.52797679480241,87.17750652789199,93.455,94.41108956,94.01934451551493,94.80283460448506,96.36981478242534,88.48,0,0,3.5,-17.406040281018097,0,-0.4635638515019124,4,13.438805474491803,42.052153259145506,0,3.0280355264205787,93.455,88.48,1,1,0,0,8,8,0,0,577,0,,14,,0.9459684829718661,-0.46218836845738565,0,1.3032351225483234,1.8909697922050746,,,,,,0.5109839001727954,88.11401577691947,97.61904761904762,89.27519571864023,3,46.553387749709145,25.169987390556308,21.264708715501634,30.099260563195163,,,,1933806
2026-05-18,90.32,93.37,90.32,92.82,91.39408527291236,89.7627150257052,93.26098234532542,98.86267476909211,109.3455542345921,99.50903441711976,0,0,0,0,102.24458685544725,89.77521695871813,76.52215321336955,72.53701005275383,4,47,92.16,91.76900460154958,92.55099539845041,90.2050230077479,96.38791334378,93.69402239,,,95.97507115380168,88.48,0,5.5,0,-15.11314689496919,0.07150175891303703,0.22345324638481892,4,13.692974171410562,56.94164461449332,0,2.1626409725208684,93.455,88.48,1,1,0,0,8,8,0,0,577,0,,15,,1.5720140713042963,0.22103175217334622,0,2.572417169704618,0.6636540650654962,,,,,,0.7519011909425806,83.10881387198944,96.03174603174604,75.20991225268895,3,47.43385394322288,24.0893118352782,22.892711032067634,28.0028999236588,,,,2845676
2026-05-19,92.57,93.95,90.39,92.57,91.78605684860824,90.60600661376881,93.19517450291347,98.61590320951987,109.17863329693446,98.85100516421818,0,0,0,0,102.10710744169651,89.950551236936,77.80779203812881,68.73601582422822,4,48,92.16,91.76514713001032,92.55485286998967,90.18573565005161,96.38791334378,93.69402239,,,95.9905010399587,88.48,0,4,3.5,-15.212347686899294,0.07348357680593334,0.16938468416123903,4,13.510362627495043,55.63555699386872,0,2.14151329019872,93.455,88.48,1,1,0,0,8,8,0,0,576,0,,16,,1.5878686144474667,0.16818902331661037,0,2.214088533933241,0.6415789813650271,,,,,,0.6742728678837221,77.07568848636458,94.44444444444444,64.68717651226,3,46.80126899900233,22.871556233281897,22.361363674154127,25.74866234861435,,,,2536216
2026-05-20,92.3,94.8,91.845,94.26,92.61070456573883,91.51085630107923,93.29658645501695,98.4450834758132,109.03018918452716,98.22735779066537,0,0,0,0,102.0019922946967,90.19425709414952,85.11920290360841,75.45255343519611,4,49,92.16,91.76696697786673,92.55303302213326,90.19483488933365,98.08928673305999,94.41108956,,,96.37625467066634,88.48,0,5.5,0,-13.54688026774812,0.009672590857832453,0.6212180077918189,4,13.600497601057027,55.60557552677102,0,3.0171951969213895,93.455,88.48,1,1,0,0,8,8,0,0,576,0,,17,,1.0773807268626596,0.6136676902724723,1,3.4364616754650283,1.8571277340450156,,,,,,0.6442795992089893,72.54584879241541,93.25396825396825,53.98100333342101,3,47.1135057064988,21.42539800076089,22.791220556339105,24.0201794223494,,,,2423224
2026-05-21,93.5,96.16,91.77,95.17,93.46380304382589,92.48221385284718,93.47500679263439,98.31664882970288,108.89227685433286,97.63964118736409,0,0,0,0,101.91501280776188,90.4511537398417,89.53963412578821,67.77559885405158,4,50,94.41108956,93.60277823318106,94.41108956,91.9861555795432,99.17095328240443,99.30321501735008,98.89905935394061,99.70737068075955,101.32399333439741,88.48,0,5.5,0,-12.601698899812147,0,0.8248612710675555,4,13.610657408665048,62.069615286368595,0,1.9628838396284043,99.17095328240443,88.48,1,1,0,0,8,8,0,0,576,0,,18,,0.8174870293277071,0.8137187237317643,2,3.7593022167858345,0.36610264265386816,,,,,,0.6211784472272326,67.45830259056747,92.06349206349206,43.075635475712645,3,47.14870031244323,20.193930068339018,23.58534840051167,21.69061848273901,,,,2332770
2026-05-22,95.3,95.73,94.445,95.11,94.0125353625506,93.42576147186146,93.63072043143112,98.19089789520473,108.75513977120518,97.08302040915257,0,0,0,0,101.8549343032173,90.61357387944943,90.68869876529496,64.13722179950094,4,51,94.41108956,93.63756832795384,94.41108956,92.09052586386154,98.48322461814175,99.30321501735008,98.916454401327,99.68997563337317,101.23701809746547,88.48,0,2.5,4.5,-12.546661978377568,0,0.7588370166218308,4,13.555736250348573,60.503658582912706,0,1.7548042593780202,98.48322461814175,88.48,1,1,0,0,8,8,0,0,576,0,,19,,0.7902994815837348,0.7464083598867497,3,3.327340473514231,0.38839246838269,,,,,,0.4370889550845557,61.65494186997215,90.47619047619048,31.296805382237437,3,46.958447839213896,19.05042413109014,22.885691442197803,21.047168494472118,,,,1632089
2026-05-26,95.2,96.75,95.2,96.23,94.7516902417004,94.43268787878789,93.87827086653292,98.11399993853003,108.63051151477528,96.56214033150648,0,0,0,0,101.7805116046594,90.89599498671446,90.7675235677232,76.3238080027992,4,52,96.23,93.66353413024285,94.41108956,92.16842327072857,98.40235131386781,99.30321501735008,98.7476855,99.86610905312,101.36121991263428,88.48,1,2.5,5.5,-11.415311722147816,0.0856476387141761,0.9980936424853496,4,13.468773830151385,52.521027558464056,0,0.5348541856200467,98.40235131386781,88.48,0,1,0,0,13,8,0,0,576,0,,20,,1.6851811097134088,0.9831687469095658,4,3.1600222867686103,2.5422362815018125,,,,,,0.6678560591922321,55.358884755788786,87.6984126984127,18.650247672296437,2,46.657201178952526,18.36207953633225,24.425650493789917,20.22263918397986,,,,2478712
2026-05-27,97.21,98.56,96.69,97.11,95.53779349446694,95.45944285714288,94.18605459352978,98.07462739192101,108.51587955940438,96.0804897691098,0,0,0,0,101.71992786700942,91.19160232991706,92.44128638954685,86.87879716352282,4,53,94.41108956,93.67532380379693,94.41108956,92.20379229139081,98.50461691179196,99.30321501735008,98.7476855,100.03898077355315,101.51051228595927,88.48,0,0,8.5,-10.510793079975462,0.09961966348472046,1.1489098889634741,4,13.500733902701132,44.70915807621779,0,1.854542842963465,98.50461691179196,88.48,1,1,0,0,13,8,0,0,576,0,,0,,1.7969573078777636,1.132244905245842,5,3.7961594442056725,4.6689886640382685,,,,,,0.6692374242018491,50.98326587246484,81.74603174603175,9.01334137748116,2,46.767914117892026,18.333957423136336,27.437290148106147,19.07906022507532,,,,2462068
2026-05-28,96.32,97.38,94.91,96.2,95.7585289963113,96.28473116883119,94.3778589179555,98.00111259223783,108.39333349413668,95.63034664880612,0,0,0,0,101.66130992299868,91.38128052749877,86.02153611559083,88.92902589571794,5,0,94.41108956,93.68377135781144,94.41108956,92.22913495343433,98.72594591677039,99.30321501735008,98.93955591625581,99.66687411844435,101.12151052282147,88.48,0,0,2,-11.249154446196872,0.000050130404615544855,0.8300789242491966,0,13.388670046477866,30.48521014717701,0,5.952396068066077,98.72594591677039,88.48,1,1,0,0,8,8,0,0,576,0,,1,,1.0004010432369244,0.8177852548268875,6,1.5654522293779833,3.3314727243451805,,,,,,0.5677334241265386,50.15803998248869,81.34920634920636,8.146506655946714,2,46.37971353255045,17.541701071388484,25.7733960333516,22.292301123779147,,,,2037240
2026-05-29,93.66,94.24,89.91,90.02,93.84568599754087,96.2395077922078,93.96282473529308,97.68812778469909,108.21051425538906,95.17092221469186,0,0,0,0,101.38038345715854,91.27095808853687,73.97572169513822,97.89508154663123,4,0,88.48,,,86.51077917349086,93.42390209528,90.02,90.59615583469817,91.38384416530182,96.32150664482927,88.48,2,0,3.5,-16.81030201229558,0,-0.7920450462038726,4,14.83136494945174,20.770601191622628,0,0.24438599953927606,93.42390209528,88.48,1,0,0,0,8,8,0,0,576,0,,2,,-0.041485569393386504,-0.7893419640040792,0,1.8329427611948415,4.939492775757594,,,,,,1.3214992481396326,49.29789498703027,80.95238095238095,-4.047425714866618,1,51.37735527609325,17.423825339535163,22.098205543497972,30.448659508929317,,,,4744000
2026-06-01,89,90.03,87.91,89.09,92.26045733169391,95.4477683982684,93.4987461890747,97.35094630294618,108.0202603822011,94.69723160946887,0,0,0,0,101.20254972703904,91.16847576842994,63.81539567919407,95.13764108553904,4,1,85.39318362957466,84.7,85.69768109734757,83.16143595745035,93.42390209528,90.99,90.60535898936259,91.3746410106374,92.91320505318706,85.69768109734757,0,5.5,2,-17.524731300611,0,-0.9274284654729048,4,10.706177893124199,15.334165469425699,0,2.751822481894065,93.42390209528,85.69768109734757,1,1,0,0,8,8,0,0,576,0,,3,,-0.08689393536014897,-0.9220140456648229,0,0.3136207989898514,4.39347448704272,,,,,,0.9397917424051621,51.376665547772895,82.53968253968254,38.529043605384224,3,37.08728813152366,17.825165709924782,21.010730598015208,33.592798136506104,,,,2886240
2026-06-02,89.48,89.87,88.36,89.63,91.38363822112927,94.25185108225108,93.13029417106758,97.04816409498751,107.83727271670656,94.21564454014947,0,0,0,0,101.05957208475515,91.10841545714672,46.01727520154061,96.84314567309276,4,2,84.7,84.32935120440811,85.0706487955919,82.84675602204058,93.42390209528,90.99,90.6193512044081,91.36064879559189,92.84324397795942,86.26571215478533,0,3.5,0,-16.88402558597518,0,-0.6718347444893746,4,10.679217439208143,7.3784225115151045,0,2.5491990808552356,93.42390209528,86.26571215478533,1,1,0,0,10,8,0,0,576,0,,4,,-0.4326784009943947,-0.6692709435846492,0,-0.8048222249186567,5.444075145782874,,,,,,0.8647784656179952,52.4009011443205,82.93650793650794,41.64743134818924,3,36.9938943795682,18.197838911000854,20.246477011265966,32.37087887268034,,,,2495295
2026-06-03,89.26,89.46,88.15,88.53,90.43242548075285,92.82324935064935,92.69217091668018,96.71411844420369,107.64516055037117,93.72156382272738,0,0,0,0,100.90843693077045,91.01263638119941,36.65162356091973,97.66117085248331,4,3,84.7,84.34261183266469,85.05738816733532,82.91305916332341,93.42390209528,88.53,90.63261183266468,91.34738816733531,92.77694083667659,86.7992575528522,2,7,3.5,-17.75756611132228,0,-0.861431273268064,4,10.758074662887951,7.491412882716688,0,0.40752685608452804,93.42390209528,86.7992575528522,1,0,0,0,10,8,0,0,576,0,,5,,-0.5985115662060925,-0.8578698359395117,0,-0.8668821377716842,5.3808082621968065,,,,,,0.8729739590417275,51.71494672352856,82.14285714285714,38.768503415188434,3,37.2670638154827,18.600223060973306,19.497871555384826,31.698618109159565,,,,2465940
2026-06-04,90.58,91.4,88.585,89.63,90.1649503205019,91.54375281385282,92.40053559128206,96.43630987776433,107.46590522151176,93.2240344220063,0,0,0,0,100.76169811119476,90.95869794423547,47.95349200937984,96.64042372546145,4,4,86.74753960133305,86.39005416023596,87.10502504243013,84.96011239584763,93.42390209528,89.63,90.63251455890291,91.34748544109708,94.25988352877667,87.91,2,2.5,3.5,-16.59680359528717,0,-0.46649644392575973,4,9.86072965749773,21.998080847992174,0,0.3714996261373478,93.42390209528,87.91,1,0,0,0,10,8,0,0,576,0,,6,,-0.6950132162853035,-0.4686074355751246,0,0.9393759489717084,3.931008084537302,,,,,,0.9938238566862442,49.986897310350216,79.76190476190476,46.33779456746822,3,34.15856953297464,18.155536040163074,22.945592096824765,29.426421830188236,,,,2694864
2026-06-05,90.38,94.37,90.145,94.14,91.4899668803346,90.93868961038962,92.56619886830282,96.34625851000887,107.33330914965592,92.75281657179696,0,0,0,0,100.65815256694903,91.10334087357649,99.79860929051664,27.378869078763625,5,0,94.14,89.91,90.88645692836731,88.15164487512905,97.65316697059397,94.41108956,94.03681736469557,94.78536175530442,96.28245053652216,87.91,1,5.5,0,-12.291905703997584,0,0.7679188170378711,0,10.803485014025494,96.63480506983088,0,0.5866664380011499,97.65316697059397,87.91,0,1,0,1,8,10,0,0,576,0,,7,,-0.011521863975649848,0.7560451079913557,1,8.024216903590215,-1.0506458995228272,,,,,,1.2267116133940204,51.09951676292008,80.95238095238095,36.54075384114792,3,37.424369886202236,17.03712355154696,27.43616205744854,26.09898200103915,,,,3290392
2026-06-08,93.05,96.37,92.78,95.16,92.7133112535564,90.94939134199133,92.81322754751207,96.29973856843989,107.21218169543049,92.31363272086527,0,0,0,0,100.58470020616271,91.25700016085113,86.66926138996048,57.14049946005824,5,1,94.41108956,94.03149752150301,94.79068159849697,92.51312936751512,97.9522766174633,96.1095068340076,,,98.00746702649248,87.91,0,5.5,6.5,-11.24142938315392,0,0.9801105075992321,0,10.846307676612152,90.80679275392046,0,1.8657857374906595,97.9522766174633,87.91,1,1,0,0,8,8,0,0,576,0,,8,,0.18946594053728225,0.9655925688075918,2,6.710740103477637,0.37122223231262275,,,,,,1.0714324528338215,50.25393175606852,79.76190476190476,33.75114321054284,3,37.57271194083318,16.608492524951792,29.8236918619948,23.89512760225946,,,,2849152
2026-06-09,95.75,98.64,95.75,98.48,94.63554083570426,91.7385476190476,93.35292016203474,96.38523901673636,107.12529431537645,91.92616642188155,0,0,0,0,100.55885728126334,91.50291915404452,93.01406902423923,46.00936391458912,5,2,98.48,95.60327143412977,96.37037093419556,92.68160199973676,98.56,99.57615628255009,98.80905678248428,100.3432557826159,101.87745478274752,95.01662902714,1,4,0,-8.070264236497437,0,1.7492897014564808,0,10.555209479825022,92.71132282818212,0,0.013796914250516485,98.56,95.01662902714,0,1,0,0,10,10,0,0,576,0,,9,,0.5941598522116134,1.7216328471726126,3,6.474362310016821,-0.5825281618360483,,,,,,1.0062054040017698,49.3511216102285,78.57142857142857,34.97071470223311,3,36.56431820717919,16.824904908479187,32.69195341806429,21.959379370289344,,,,2651207
2026-06-10,99.1,100.73,98.945,99.32,96.19702722380283,93.07635151515149,93.92121347993618,96.5003276827467,107.04762969532295,91.59361210679724,0,0,0,0,100.54677775765416,91.71067492510832,96.19900614565525,44.66918630653564,5,3,99.32,98.37144287496945,99.12392812503056,95.93505899975555,102.42883639,99.57615628255009,,,101.83361203273341,95.01662902714,1,0,8.5,-7.2188704386236315,0,1.797541932424301,0,10.556161530976718,91.39889844107373,0,0.9184314851501126,99.67383691142174,95.01662902714,1,1,0,0,10,10,0,0,64,0,,10,,0.5790064426277702,1.768701001085194,4,6.5278757131262575,-0.10792014001914953,,,,,,0.8140597351661872,47.57696911303677,75.39682539682539,30.106837812365008,3,36.56761620911148,17.528030731214294,35.906138508601565,20.78686935433273,,,,2126063
2026-06-11,99.07,99.48,97.02,98.3,96.89801814920189,94.56152640692639,94.33824076756132,96.57090306773702,106.9605886038272,91.30768509890338,0,0,0,0,100.5207752455482,91.9144672390472,97.60879922312697,50.96215977988837,5,4,96.01278519948052,95.64145276195215,96.38411763700888,94.15612301183866,98.56,99.57615628255009,98.83349140749334,100.31882115760683,101.80415090772033,95.01662902714,0,2.5,3.5,-8.096990411959382,0,1.3766626813541618,0,10.282486748589795,86.18032048928086,0,1.371932286591506,98.56,95.01662902714,1,1,0,0,8,8,0,0,64,0,,11,,0.5586209115465303,1.3569169595556,5,5.902099924734793,0.6396909202040144,,,,,,0.9940696957780587,44.91513784294329,71.82539682539682,26.09676802096976,3,35.61957895342246,17.45849458271491,33.78229311995468,24.18592942782675,,,,2553044
2026-06-12,98.9,99.235,96.6,96.82,96.87201209946792,95.90581688311688,94.57459878969833,96.58067157488459,106.85968722468465,91.0584067510238,0,0,0,0,100.48827608539634,92.02792275347835,98.2250415435563,54.295779528827175,5,5,96.0858928393256,95.71755736162068,96.45422831703051,94.24421545080101,98.56,99.57615628255009,98.83948532714025,100.31282723795992,101.78616914877959,93.42390209528,0,0,5,-9.395205512416549,0.06295162467803223,0.8931945866845676,0,10.377323016353866,84.89671921041744,0,1.3433987820507882,98.56,93.42390209528,1,1,0,0,8,8,1,0,64,0,,12,,1.5036129974242578,0.8796495901618296,6,5.678270343285566,0.6601041320947428,,,,,,0.7605790405144948,41.10347934430415,66.66666666666667,14.341168848005504,2,35.94810142175762,17.24060779851158,31.624508113409398,23.659189022155733,,,,1954399
2026-06-15,96.98,97.9899,94.77,95.98,96.57467473297862,96.8965238095238,94.70844652401277,96.5571158268499,106.75143163040919,90.84091108659747,0,0,0,0,100.44554034128659,92.12508380264347,98.03430815583289,72.27196414708237,5,6,95.32073461022554,94.57918479448784,95.56658462380001,93.09608516301243,99.18358595000001,96.5571158268499,,,98.41099036619416,87.91,0,5,5,-10.090198759770857,0.06513693891414002,0.6202593896332576,0,10.386301565448294,60.82389555414379,0,1.7363865325449739,99.18358595000001,87.91,1,1,0,0,8,8,0,0,64,0,,13,,1.5210955113131202,0.6085569629750172,7,4.836557549506447,3.216807929998278,,,,,,0.825711940837301,35.71169688139295,61.111111111111114,-0.7435049051523469,1,35.97920402817722,16.388287909770334,29.17241021574327,26.231499043886917,,,,2129860
2026-06-16,96.22,98.13,96.22,97.51,96.88644982198575,97.70878917748917,94.97526114077345,96.5944838336401,106.65947708682303,90.66476749186222,0,0,0,0,100.41422412128632,92.2715797297566,98.25743731295404,54.77402587957779,5,7,97.51,94.49812231373902,95.44509919200001,93.04417265594043,100.42820358724,99.57615628255009,98.84918145365079,100.30313111144939,101.75708076924798,94.1282178652,1,2.5,2,-8.578212960274652,0.08643043120293906,0.95829802703281,0,10.200501528762889,87.93329316784866,0,0.6534519502017431,100.42820358724,94.1282178652,0,1,0,0,8,8,0,0,64,0,,14,,1.6914434496235125,0.9428804710741986,8,5.312028861703041,-0.4438542859315091,,,,,,0.947026249899102,27.85178301360499,56.74603174603175,-21.179197047451005,0,35.335573821002654,15.640913646748908,27.975898903495633,24.846166078562952,,,,2422755
2026-06-17,97.16,98.34,94.44,94.97,96.24763321465717,98.06508441558441,94.97476007974741,96.53077858526206,106.54316388197903,90.51077989914721,0,0,0,0,100.35237549780076,92.3484020557853,96.1865650851188,74.98761445408283,5,8,94.20024212444446,93.82789666816979,94.57258758071913,92.3385148430711,98.08928673305999,95.30935316380003,,,97.17108044517339,87.99846022868293,0,0,3.5,-10.862418066351925,0.051357325916314644,0.2606731651506945,0,10.593404802972195,38.194849237872255,0,2.0889443086135895,98.08928673305999,87.99846022868293,1,1,0,0,8,8,0,0,64,0,,15,,1.4108586073305172,0.2484813018801476,0,3.446314399389337,4.233503097370053,,,,,,1.0186237913888054,23.559061159015172,49.6031746031746,-35.80047890647963,0,36.69663068778402,14.719740737663283,25.35961676825464,26.790883557196615,,,,2609662
2026-06-18,96.14,97.81,95.5,95.8,96.09842214310478,98.13030865800866,95.05335435786671,96.50212060152629,106.43626672892451,90.38121966933592,0,0,0,0,100.25898157067894,92.52053717754679,99.82910947076974,90.72704346918718,5,9,94.98354440399577,94.61243790888356,95.35465089910797,93.12801192843477,99.18358595000001,95.8,,,100.77885196089757,88.0563797807534,2,0,6,-9.993085116385485,0.04129453279186576,0.461072380034227,0,10.477812418048291,84.1829174964418,0,2.2635235983861857,99.18358595000001,88.0563797807534,1,1,0,0,8,8,1,0,64,0,,16,,1.330356262334926,0.44766652262881274,1,8.243589235031449,3.2910042833676223,,,,,,1.794395978859299,22.442344145942283,46.82539682539682,-38.1688995902089,0,36.296206920471505,13.864365893512346,23.626832692350458,24.960303196635884,,,,4811419
2026-06-22,95,95.54,90.495,90.6,94.26561476206986,97.37991255411255,94.62922537140321,96.2706648916625,106.27869193560187,90.24101256014252,0,0,0,0,100.11767102592133,92.45363550880478,94.83793020383506,97.00442174732952,5,10,87.60188427142232,87.20991931167528,87.99384923116936,85.64205947268712,96.38791334378,90.6,90.59803504025295,91.38196495974704,96.87143935595263,87.60188427142232,2,0,5,-14.752432166837512,0,-0.8490823442449147,0,11.848414954637766,34.01774411472789,0,0.4780586334988576,96.38791334378,87.60188427142232,1,0,0,1,8,5,0,0,64,0,,17,,-0.543463923055493,-0.8567808793460246,0,3.63110908602912,4.886825702505592,,,,,,1.2713716108321926,20.96061572223544,41.666666666666664,-48.93149347003558,0,41.044113381183,14.533594322239903,20.771704403181417,33.34492639874639,,,,3482062
2026-06-23,92.47,93.455,91.82,92.64,93.72374317471323,96.31291428571429,94.43977533603147,96.1282858763032,106.1429835581332,90.10119129252017,0,0,0,0,100.04272088731112,92.45802252954944,77.83646422632482,89.07186274151249,5,11,92.45802252954944,92.06856399549862,92.84748106360026,90.51072985929532,96.38791334378,96.47201262099378,96.08255408694296,96.8614711550446,98.4193052912479,87.91,0,1.5,2,-12.721503678797363,0,-0.24176837644215132,0,12.103497524391877,23.208452926558202,0,4.396880218255262,96.38791334378,87.91,1,1,1,0,19,8,0,0,64,0,,18,,-0.34904291354280575,-0.24970830348807277,0,0.24908238957153417,2.933656935100448,,,,,,0.8675368316854603,19.043928068886938,30.952380952380953,-54.57917442936737,0,41.92774532306171,15.155020720344067,19.41214246181804,31.162414458977263,,,,2409763
2026-06-24,93.64,96.68,93.1901,95.38,94.27582878314216,95.44584112554114,94.52932054212371,96.09894133213444,106.03588919437068,89.97605099479958,0,0,0,0,100.00227983458645,92.51685405887655,85.8022768385054,62.31618315550837,5,12,92.70982774903375,92.31211625312942,93.10753924493808,90.72127026951208,99.18358595000001,96.47073720775262,96.07302571184829,96.86844870365695,98.4592946872743,87.91,0,0,3.5,-10.049323182302691,0,0.48284243388771503,0,12.421696721358957,78.13092396707833,0,3.2555046900245754,99.18358595000001,87.91,1,1,0,0,8,8,0,0,64,0,,19,,-0.4395131012546991,0.47155255274502783,1,3.364855527146889,-0.5426548960828723,,,,,,0.7624151745288951,16.547468694133645,23.015873015873016,-61.54436177572457,0,43.03001967521091,14.534747924788457,24.891593264539157,28.336062143678244,,,,2103461
2026-06-25,95.35,96.7599,94.5,95.27,94.60721918876143,94.82464545454545,94.59986144287383,96.06643382891349,105.9287659188048,89.86345650809862,0,0,0,0,99.96944081780273,92.56080164303005,90.23248683878347,55.58194406685091,5,13,92.72154710480802,92.33206589432542,93.11102831529062,90.77414105239504,99.18358595000001,96.45499138587996,96.06551017539736,96.84447259636256,98.40239743829295,90.495,0,0,3.5,-10.06220154303962,0,0.42885392592045135,0,12.381099556798718,74.51577271134661,0,3.3182801487060276,99.18358595000001,90.495,1,1,0,0,8,8,0,0,64,0,,20,,-0.6061039699951447,0.4165106209577663,2,3.584132685937533,0.1885333820445964,,,,,,0.6229231423164592,16.102371770289515,22.22222222222222,-62.45604587250464,0,42.889386971887774,13.931279942212102,23.78521054128945,26.868068467663125,,,,1694710
2026-06-26,96.25,97.87,95.95,97.54,95.58481279250762,94.7548134199134,94.87987463879061,96.12422073758354,105.845295611155,89.77625259089577,0,0,0,0,99.94262869452548,92.68542006562353,93.97296748996798,30.39857021382974,5,14,97.54,93.92325415973087,94.69300497919855,92.38375252079551,100.73,98.9485692467939,98.34,99.71832006626157,101.25782170519693,94.1282178652,1,1.5,0,-7.846636511523614,0,0.9691339690443459,0,12.580726029880951,94.83559357503222,0,0.6186669691215345,100.73,94.1282178652,0,1,0,0,8,10,1,0,64,0,,21,,-0.026498669291033727,0.9536039695817693,3,4.756659003423308,-3.6167098085651523,,,,,,0.9892397634285169,15.570039934955155,21.03174603174603,-64.27325924438462,0,43.58091335971619,12.98197754465305,24.925849901204327,25.247484241638762,,,,2725337
2026-06-29,97.23,97.891,95.85,97.09,96.08654186167175,94.9719688311688,95.0903627684296,96.1620944341489,105.75817824188977,89.71146139317912,0,0,0,0,99.92335723020172,92.75232654450586,96.059415611076,32.837743344209905,5,15,94.18983785432705,93.43862280767848,94.41108956,91.93619271438136,100.42820358724,98.4195483902439,98.04394086691963,98.79515591356818,100.2975860068653,93.42390209528,0,0,2,-8.19622499743134,0,0.7794028583921848,0,10.455046128845446,86.53859269734278,0,2.7681224618456532,100.42820358724,93.42390209528,1,1,0,0,8,10,0,0,64,0,,22,,0.157787350438239,0.7657252185287324,4,5.042047751625945,-0.5591854531984775,,,,,,0.6455667847840645,14.894401282229847,21.03174603174603,-58.874946682500514,0,36.21734218127323,12.135646225926399,23.71653146161854,24.260271318044776,,,,1679611
2026-06-30,96.18,97.4961,93.19,95.44,95.87102790778117,95.15296277056275,95.12366155238868,96.13377700535875,105.65550980167195,89.65920129941796,0,0,0,0,99.88035440394026,92.80960541904517,96.45776766414443,24.042669249425277,5,16,94.24290913770716,93.85568340176319,94.63013487365113,92.30678045798729,99.18358595000001,95.96198001730646,,,97.89810869702633,91.47241550098,0,1.5,3.5,-9.668695764989153,0,0.3122003717351701,0,10.572270285131578,89.3821082594431,0,2.551832873529713,99.18358595000001,91.47241550098,1,1,0,0,8,10,0,0,64,0,,23,,0.009014037961794246,0.30529928122891986,5,4.320358372786155,-2.0370831010317314,,,,,,0.9340341735033678,14.05228814777823,17.857142857142858,-61.63032099046938,0,36.623418570397185,12.227503329647508,21.361736767890847,27.98486247202595,,,,2407790
2026-07-01,96.18,97.7,95.76,96.42,96.05401860518745,95.3908411255411,95.2471223569231,96.14500143652116,105.56361418175482,89.62571497372318,0,0,0,0,99.85533986864658,92.86708737997185,96.99037776216895,22.487261524940386,5,17,96.42,95.5876818414898,96.34717249395717,92.72203739013048,99.86610905312,99.87344161725008,99.85533986864658,100.63293226971746,102.15191357465223,92.65696371690001,1,1.5,2,-8.661710052870811,0,0.5421583975203008,0,10.591245075981684,88.53636959341542,0,0.9318939688364211,99.86610905312,92.65696371690001,1,1,0,0,8,10,0,0,64,0,,24,,-0.08702679682046821,0.5378977147013655,6,4.647380095508883,-1.5220506490233607,,,,,,0.7183739802954138,12.989108064314363,10.317460317460318,-64.5968675841922,0,36.68914917402794,12.230518688994232,20.706045327919252,26.49782759022462,,,,1827880
2026-07-02,97.4,98.2,96.1,97.26,96.4560124034583,95.74908268398268,95.4388249895971,96.18872687038308,105.48099115507068,89.6153441742029,0,0,0,0,99.8371092640379,92.93447988870804,97.31512072538362,16.61437320885265,5,18,96.18872687038308,95.81735621030894,96.56009753045721,94.33187357001238,100.42820358724,97.70500000000001,,,99.56185330037071,94.1282178652,0,1.5,4.5,-7.793812956293479,0,0.7141081071848565,0,10.465153376309736,91.97357443289084,0,2.2831511331619785,100.42820358724,94.1282178652,1,1,0,0,8,10,1,0,64,0,,25,,0.5387096966510307,0.711813632486762,7,4.713421964032903,-2.5732313143693544,,,,,,0.7124676856151054,11.734740622227708,7.142857142857143,-67.63040438351105,0,36.25235471353888,12.02385597909551,20.862735739376276,25.159988281062382,,,,1788727
2026-07-06,96.94,97.745,95.09,97.25,96.72067493563887,96.1994774891775,95.6113178477307,96.2303454244857,105.39909074556749,89.62660932613697,0,0,0,0,99.81758123060108,93.00499221356763,97.96187038414004,26.020775002708454,5,19,97.25,95.86179588298829,96.59889496598312,92.14160366802066,100.04731024931412,97.70500000000001,,,99.54774770748709,94.1282178652,1,1.5,0,-7.731651846256746,0,0.6606204478628384,6,10.443495001576153,87.49020389220712,0,0.5475906855156356,100.04731024931412,94.1282178652,0,1,0,0,8,10,0,0,64,0,,26,,0.381052561321275,0.6595972354537804,8,5.431150203460415,-0.550419196140292,,,,,,0.7832489300418055,10.179738834623024,5.158730158730159,-71.86155135056472,0,36.177327902643015,12.180137942627036,19.520830388824017,25.98853145366368,,,,1936741
2026-07-07,99,99.48,97,97.41,96.95044995709257,96.73793290043291,95.78262090985159,96.27660638823136,105.3195973053131,89.65989079571204,0,0,0,0,99.79768635975803,93.08303546091534,96.48810498659213,28.99489889881589,5,20,96.27660638823136,95.9122389568409,96.64097381962182,94.45476923127906,100.1486444822116,97.70500000000001,,,99.52683715695231,94.1282178652,0,0,4.5,-7.51009072165725,0.054639507160150036,0.6552109675020267,6,9.309775247340559,79.7688453455875,0,2.1253480747190725,100.1486444822116,94.1282178652,1,1,0,0,8,10,0,0,64,0,,27,,1.4371160572812003,0.655287457420033,9,3.6799492653108796,-0.7569276697192914,,,,,,0.8852388299476182,8.157413830616399,1.5873015873015872,-74.7056994080339,0,32.25000747088191,11.587231806937707,22.586033499830478,24.4091906845529,,,,2137921
2026-07-08,95.21,95.5499,93.87,93.91,95.93696663806172,96.83662077922077,95.6042760612943,96.18379829457523,105.20606897391694,89.69176861023679,0,0,0,0,99.7389175436748,93.10053338184966,97.77726393258621,58.594826396228385,5,21,93.6087532038765,93.23880487472822,93.97870153302479,91.75901155813509,97.57278423310001,94.41108956,,,96.26083120574141,92.14793575209353,0,0,5,-10.737088728899762,0,-0.24875438435232564,6,10.001601914362718,70.1506676756233,0,2.143018749861489,97.57278423310001,93.19,1,0,1,0,19,8,0,0,64,0,,28,,0.352963462120676,-0.241388695787169,0,5.96936302319558,2.931337951496385,,,,,,1.0854967165623788,9.399575282020075,3.5714285714285716,-72.8701093794322,0,34.64656534550875,12.063007447264393,20.65635864753721,29.877895151489508,,,,2608498
2026-07-09,93.12,94.07,92.435,93.07,94.98131109204114,96.47369740259738,95.36291643640912,96.06168855753306,105.08531206870384,89.71750589189068,0,0,0,0,99.68028398511807,93.09996986334001,97.13011762196274,77.59695528196238,5,22,90.41360465116279,90.05548298838224,90.77172631394333,88.62299633726005,96.38791334378,93.86673101333332,93.19,94.41108956,95.84357621112218,91.808279281098,0,3,3.5,-11.433864383300632,0,-0.41093435420980723,6,9.324526497268677,38.824371084121424,0,3.3364687554677173,96.38791334378,93.19,1,1,0,0,8,8,0,0,64,0,,29,,-0.31198006637205467,-0.4007355224736468,0,4.165666692106903,4.712032670286744,,,,,,0.9713456175184445,13.137806238010318,13.88888888888889,-59.32707161967837,0,32.30110729958321,12.906160583353316,19.81433767746231,32.2376688597064,,,,2318005
2026-07-10,94.03,97.59,93.575,96.56,95.50754072802742,96.19383506493507,95.47692439484635,96.08123018272784,105.00048309289585,89.75656857250544,0,0,0,0,99.6545741393333,93.1592777050501,95.63986380840073,46.42428662545801,5,23,96.56,95.70833149586018,96.4541288695955,90.59362101011757,99.48,97.62110000000001,,,99.48559343433828,93.42390209528,1,1.5,3.5,-8.03851834227124,0,0.5133340265896638,6,10.08353600430843,85.30571217608771,0,0.48940907122253424,99.48,93.42390209528,0,1,0,0,8,10,1,0,64,0,,30,,0.3633879627601058,0.5182660420440091,1,3.4545023815242257,-2.0366680816650544,,,,,,0.9166351098063656,15.692780975187729,24.603174603174605,-55.0741361141207,0,34.930393358824524,12.329491015853058,26.098100986663173,28.7487313724736,,,,2190393
2026-07-13,97,97.5049,93.85,95.05,95.35502715201828,95.85366017316018,95.43626492867051,96.04078978340517,104.90147331087698,89.79716332817586,0,0,0,0,99.60863227917407,93.1981032598335,88.35319893984712,68.43400909249377,3,0,93.41614745925303,93.19,94.1739396634358,91.67441559163443,98.08928673305999,97.66391592189731,97.28501981980592,98.0428120239887,99.55839643235427,91.9776256580703,0,1.5,3.5,-9.391167730964087,0,0.11314754056009603,6,10.148437667456564,36.11220596113161,0,2.683041724554521,98.08928673305999,91.9776256580703,1,1,0,0,15,8,0,1,0,0,0,,,-0.3266412962165961,0.12103495318390249,0,2.0391189139701655,2.896707448327332,,,,,,1.118204069213505,17.55579463726949,29.761904761904763,-50.062053432281616,0,35.15521931496111,11.794012131745678,23.850360097084447,26.272700681104673,,,,2679111
2026-07-14,95.03,95.5,92.88,94.75,95.15335143467885,95.54293593073594,95.37090636403522,95.99017057621282,104.80046362619164,89.83692942083563,0,0,0,0,99.5513603726566,93.23528912577848,93.74483230156935,63.25383694017089,2,0,93.40706710252219,92.65661719863817,94.15751700640621,91.15571739087015,98.08928673305999,97.66391592189731,97.28869096995531,98.03914087383932,99.54004068160734,92.435,0,1.5,2,-9.590094622138523,0,0.05213981305511598,6,10.051241516315352,82.87865750947037,0,2.079738925634077,98.08928673305999,92.435,1,1,0,0,8,8,0,1,0,0,1,,,-0.2972607468966596,0.056965545339451334,0,5.884291946151513,0.8743975098460135,,,,,,1.3028917753939981,20.691803050227755,42.46031746031746,-40.57242559699675,0,34.81852197080766,11.614995137708855,22.363443878775414,26.942906363002308,,,,3202941
2026-07-15,93.4,98.14,93.4,96.95,95.7522342897859,95.50328874458876,95.5212962341271,96.0278109457731,104.72234956025939,89.8890621799564,0,0,0,0,99.51682120752054,93.33419202981584,96.67368191262338,35.034908796151946,2,1,96.95,95.63706634754124,96.41855554400496,90.6980864282902,99.18772982261389,97.62180000000001,,,99.57552299115932,93.42390209528,1,3,4.5,-7.421863234444541,0,0.6138126754743185,6,10.293415572674132,96.66025246470319,0,0.35792718452470546,99.18772982261389,93.42390209528,0,1,0,0,8,10,0,1,0,0,2,,,0.41773509656428215,0.614665160022713,1,6.925102978737748,-3.0470750531166044,,,,,,1.4425109271880283,24.361117216988262,52.77777777777778,-31.68012364949978,0,35.65743751058457,11.06378656116767,25.973704828765637,24.0247283707582,,,,3656264
2026-07-16,96.98,99.3,96.5095,98.71,96.7381561931906,95.78456753246755,95.82498230706739,96.13299483025258,104.66252518652547,89.96372312926044,0,0,0,0,99.51050172672625,93.4179670186199,97.55661799791679,26.016422891831382,2,2,98.71,96.30874796676814,97.08424686348447,93.40750441313473,99.41111487023396,99.87344161725008,99.48569216889192,100.26119106560824,101.81218885904087,95.01662902714,1,3,0,-5.687351013093864,0,1.0092795080965304,6,10.329630478471323,89.86991141337137,0,0.132223565064474,99.41111487023396,95.01662902714,0,1,0,0,8,10,0,1,0,0,3,,,0.5608978712529903,1.008154286180807,2,5.085961428223305,-1.6743646400579106,,,,,,0.8619139257268795,25.3886252992502,54.36507936507937,-29.048141260102955,0,35.78288962424868,10.922687542063798,26.97583337695403,22.480998521439094,,,,2173929
2026-07-17,100,100.4594,95.83,96.32,96.5987707954604,96.03745844155844,95.87212684925144,96.14032836632111,104.57951498566452,90.04480494746957,0,0,0,0,99.48348687293435,93.46644992225895,96.8888179895772,49.160006397284995,2,3,96.14032836632111,95.73894137855997,96.54171535408226,94.13339342751539,99.47916438721134,96.56,,,98.56693493880573,92.65696371690001,0,0,5,-7.897832560035028,0,0.3415546711160986,6,10.279515344534392,62.531086151730484,0,1.6636493572019218,99.47916438721134,92.65696371690001,1,1,1,0,1,10,1,1,2,0,4,0,,-0.03466486271883663,0.3491092248259965,3,3.8762575330470472,1.719427967183493,,,,,,0.9441983985411412,26.09681773241889,55.55555555555556,-26.713447872735752,0,35.609285707834914,11.148424838752138,26.77692658385013,20.16595589317006,,,,2370161
2026-07-20,97,97.5,94.86,96.29,96.4958471969736,96.23865281385278,95.91192429217988,96.14619784215166,104.49703224948875,90.13123923324034,0,0,0,0,99.45950308468122,93.50798628934922,97.77605726995921,49.827255286703874,2,4,96.14619784215166,95.74990992494489,96.54248575935844,94.16475825611776,99.48,96.56,,,98.5414395860339,92.65696371690001,0,1.5,5,-7.853842422906608,0,0.32359779944848643,6,10.245259531924455,81.47886140843424,0,1.6825151679347246,99.48,92.65696371690001,1,1,1,0,19,10,0,1,2,0,5,1,,-0.03651114247469934,0.33025642136524747,4,5.2953420503580055,0.4663744160091746,,,,,,0.8916456498140712,26.504671896627173,55.95238095238095,-25.31922004212024,0,35.49062009204498,10.973697821054692,25.184219905376587,21.151933569237105,,,,2118170
2026-07-21,95.97,96.79,95.03,95.69,96.22723146464907,96.29849913419909,95.8907886453056,96.12830773069474,104.4094000878023,90.21919541453364,0,0,0,0,99.4365554709432,93.5338543474357,93.40139960715348,71.70658846617164,2,5,94.27179259934526,93.5338543474357,94.52479999999996,91.99907065495339,98.97011920294841,96.33387547798297,,,98.25235509358588,92.92988079705151,0,1,5,-8.351163861175129,0,0.16935417904445735,6,8.43312379530629,32.08589937189815,0,2.067268552229475,98.97011920294841,92.92988079705151,1,1,0,0,8,8,0,1,2,0,6,2,,-0.17278429720314833,0.17666418102140632,0,2.3513007584310057,3.6738461934129116,,,,,,0.7550695911512353,26.613952773426785,55.95238095238095,-8.89750245045545,1,29.21319775997715,10.811451304621347,24.152798920066502,20.285655072417825,,,,1727482
2026-07-22,97.36,97.64,95.42,95.76,96.07148764309937,96.2980437229437,95.87833258384794,96.11386429027534,104.3233364053366,90.30980751769704,0,0,0,0,99.40962293655265,93.56539269754613,93.15108184269613,65.21096451981617,2,6,93.99951632139386,93.56539269754613,94.59679999999994,92.06095069738397,98.72129654150635,96.32630986633471,,,98.20686236653741,93.49070345849358,0,0,5,-8.208457187435721,0,0.19424301365177093,6,8.179833618460657,62.12140813139437,0,2.435708217267151,98.72129654150635,93.49070345849358,1,1,0,0,8,8,0,1,2,0,7,3,,0.4997040355694806,0.20355845313813561,0,2.9887262785626456,0.9096133903232151,,,,,,0.9216575806009318,26.42429734883343,54.76190476190476,-6.745809883803605,1,28.335774849267665,10.959083195039854,24.89775443926683,19.216579194453164,,,,2094061
2026-07-23,94.49,94.87,93.05,93.8,95.31432509539958,96.07636580086579,95.68039614729099,96.02312451418612,104.21862659035813,90.39156994068861,0,0,0,0,99.36662805060371,93.56884553534574,92.57527116048962,70.37153817837341,2,7,92.93231088846827,92.435,93.56884553534574,90.94123242842086,97.57278423310001,96.27877950743084,95.90533761453605,96.65222140032563,98.14598897190477,93.23900358679813,0,6.5,2,-9.996894922929274,0,-0.28594621161595735,6,7.93151719949751,51.58582881126357,0,2.3306330904314345,97.57278423310001,93.23900358679813,1,1,0,0,8,8,0,1,2,0,8,4,,0.28838613108305616,-0.27273446825224773,0,2.816364977393195,1.9429284233963726,,,,,,0.9695298059809214,27.284806317291544,55.95238095238095,-0.6943446263151412,1,27.475581541272202,10.230077269050105,23.284553702175394,23.637879734429877,,,,2207892
2026-07-24,94.21,96.0299,93.45,95.55,95.39288339693306,95.86413073593073,95.66797746659661,96.00457061166902,104.1323715994093,90.47721967721507,0,0,0,0,99.34765993351746,93.58766609686701,89.15446998548956,55.554262677017405,2,8,93.1447165511915,92.77491425778919,93.5145188445938,91.29570508417999,98.81643438042057,96.24967428442817,95.87987199102587,96.61947657783047,98.09868575143967,93.26556561957933,0,1.5,0,-8.241790201826138,0,0.20016131210892393,6,8.16239414065783,61.85876434214384,0,3.067432479689312,98.81643438042057,93.26556561957933,1,1,0,0,8,8,0,1,2,0,9,5,,-0.03746996941459942,0.21266673917641768,0,1.9511244237720842,-0.059798568068910596,,,,,,0.6353794796974024,28.38738326493119,56.74603174603175,0.39617719487037545,2,28.275362726043728,9.876213092183693,24.634652044813997,22.165486652107127,,,,1438808
2026-07-27,96.49,97.795,95.74,97.41,96.06525559795537,95.89235844155844,95.83388437453979,96.05968548964279,104.06548232976343,90.57716400140602,0,0,0,0,99.33347665928163,93.64079238756027,93.22949641901653,28.91611120830125,2,9,97.41,95.5372721501506,96.26413712361203,92.83254010615433,98.7964375445568,98.54985493868097,,,100.73044985906522,94.1282178652,1,1.5,0,-6.395475407180156,0,0.6682349516013392,6,8.044181441156603,95.18921070999797,0,0.30288360285162613,98.7964375445568,94.1282178652,0,1,0,0,8,10,0,1,2,0,10,6,,0.5952663081751227,0.6737500947768177,1,4.341693645140264,-4.571795911359602,,,,,,0.955166027802772,28.799376002524102,57.142857142857146,3.350027651538414,2,27.865861922771735,10.151883489348588,27.612342207968645,20.942978263567095,,,,2134755
2026-07-28,98.35,101.3699,97.8,100.32,97.48350373197025,96.38888917748916,96.26113348172647,96.2267566469117,104.02821384887025,90.70692728374851,0,0,0,1,99.34300280353487,93.7622049449074,96.30207950064867,31.290991680106607,2,10,99.87344161725008,99.50061234385728,100.24627089064288,98.00929525028607,103.60871844622001,100.85014089068825,,,102.71428725765226,95.83276000000001,0,3,10.5,-3.564623203333534,0.025077703593834988,1.3463854388565155,6,8.545239552468951,89.98312052025834,0,2.00374653791445,100.4594,95.83276000000001,1,1,0,0,8,10,0,1,10,0,11,0,,1.20062162875068,1.3380603592744345,2,6.317814778855764,-0.46429318019666677,,,,,,1.2400493659856568,27.231956312157568,54.76190476190476,-8.005052340272414,1,29.60157813544671,11.41243600896027,33.55502504949331,18.956907887459277,,,,2843629
2026-07-29,98.33,100.45,97.19,99.63,98.19900248798017,97.09587575757575,96.58197791203824,96.36021717056222,103.98445052699094,90.86050720204337,0,0,0,0,99.3452765393128,93.84910907015939,97.31856510764108,19.966541378050714,2,11,99.63,95.72041824756288,96.47102975529238,94.18755396908205,100.01698985877432,99.87344161725008,99.49813586338533,100.24874737111483,101.7499703865738,95.83276000000001,1,1.5,4.5,-4.18759776574544,0,1.0640015453332032,6,8.368362943470332,92.48921133681256,0,0.07110586978279256,100.01698985877432,95.83276000000001,0,1,0,1,8,10,0,1,10,0,12,1,,0.6389378309796662,1.0545121114290832,3,4.998114491579448,-2.7041870414907314,,,,,,1.0267802186025616,25.188941693018595,50,-13.108200700033173,1,28.98885958853451,12.317421237887327,30.952637802207462,18.93788721220021,,,,2351689
2026-07-30,98.02,98.24,96.12,96.73,97.70933499198678,97.54146017316017,96.59607525374888,96.37471845799115,103.9122669396577,91.01793283356467,0,0,0,0,99.32532514233287,93.88992358845628,95.78227578863272,19.136659642184213,2,12,96.13600604378989,95.75616855805835,96.51584352952143,94.23681861513215,99.86610905312,97.64474025560007,,,99.54392768425781,93.42390209528,0,2.5,3.5,-6.91185665675879,0,0.269061220003845,6,8.89155172850023,81.42893551726738,0,1.9640520746108647,99.86610905312,93.42390209528,1,1,0,0,8,10,0,1,10,0,13,2,,-0.21688412769591925,0.2669935211077948,4,3.288014166593527,-1.5542662251278117,,,,,,0.9865366337023187,22.611169515410925,44.04761904761905,-26.590064338428366,0,30.801238703778537,12.69613055895742,28.398825721691125,19.890550649280833,,,,2281913
2026-07-31,95.65,96.27,94.2,95.53,96.98288999465785,97.62583506493509,96.49454427720137,96.34159224395228,103.82886129846707,91.1709315406987,0,0,0,0,99.28559120803284,93.92152665965604,97.40635377066663,50.094238076813355,2,13,95.21777650212762,94.4671854571976,95.43579999999996,92.96600336733756,99.18358595000001,95.55,,,97.42647761232504,92.7218861263572,0,2.5,3.5,-7.992827037379439,0,-0.029133266975811152,6,8.929848587079823,71.77757100701794,0,1.7611940504131378,99.18358595000001,92.7218861263572,1,1,0,0,8,8,0,1,10,0,14,3,,-0.006643233202227257,-0.03150378375935883,0,5.728442142388674,2.3778407884705026,,,,,,1.3286544792264503,19.858446263684566,36.111111111111114,-35.8036187051672,0,30.933902913438803,12.27950917666177,26.68948161877207,23.26115409891986,,,,3164657
2026-08-03,97.32,99.8,96.58,98.26,97.4085933297719,97.72850865800868,96.6626829174679,96.41682392066004,103.77344974325845,91.33701476857134,0,0,0,0,99.27225477365037,94.02424162004891,99.38501222847022,50.002587471749614,2,14,98.26,94.6978890501894,95.55,93.15143425246222,100.07480487289341,100.16801788980008,99.3947904909365,100.16801788980008,101.71447268752726,95.01662902714,1,1,4.5,-5.312967581687843,0,0.664457346962973,6,9.39102614481116,86.34519444171359,0,0.3552474339335069,100.07480487289341,95.01662902714,0,1,0,0,8,8,0,1,10,0,15,4,,0.504589584480739,0.65551551752498,1,6.340205619931564,0.44013799849343577,,,,,,1.6031989627649006,16.280168072215996,26.984126984126984,-49.95563171688271,0,32.53146883604122,12.912520461219252,32.20984789318691,20.967310137040865,,,,3982575
2026-08-04,98.02,104.84,98.02,104.67,99.82906221984794,98.58328354978357,97.42528454437573,96.74047788455572,103.78237064133549,91.55503343224665,0,0,0,0,104.67,94.34392034553626,99.88914590235129,6.394691534815947,2,15,104.67,102.35002385117036,103.18980643582941,97.95173932272763,105.8416530809322,105.3987754528,,,107.49823191444762,98.93326473,1,6,0,0.8552795173007716,0.10435137499718547,2.172027606283406,0,11.2889237504848,98.03081321219085,0,0.17439827616333228,105.8416530809322,98.93326473,0,1,0,0,11,10,0,1,42,0,16,0,,1.8005998192854529,2.1333534733686377,2,8.631468544027694,-3.1381585303312254,97.0526607539,103.4419680404,88.1076305528,,100.4602913067,1.9743828113053024,19.783836968849656,34.92063492063492,-49.40968753075998,0,39.10597899722135,14.574787458754507,38.25581831463286,17.926619738910784,97.0526607539,103.4419680404,88.1076305528,5207694