time,open,high,low,close,Sprint Line EMA,Hull Baseline HMA,MA 20 Fast,MA 50 Mid,MA 200 Slow,Weinstein MA 150,Golden Cross,Death Cross,Zone 0 Long,Zone 0 Short,AVWAP Resistance,AVWAP Support,Buy Score,Sell Score,Stage 1 Base 2 Up 3 Top 4 Down,Stage Age Bars,Long Entry,Long Entry Zone Bot,Long Entry Zone Top,Long Stop Loss,Long Target,Short Entry,Short Entry Zone Bot,Short Entry Zone Top,Short Stop Loss,Short Target,Entry At Market 0No 1L 2S 3Both,Long Rev Zone,Short Rev Zone,Ext Pct vs MA200,Exhaustion Gradient,Ext Z Self Relative,Regime 0 Hlt 1 Ext 2 Clmx 3 Dist 4 Dn 5 Ign 6 Sqz,Exp Move Pct 21b,Dir Prob Pct Above 50 Bull,Long Ignition Fresh Breakout,RR To Target,Long Target T1 Waypoint,Short Target T1 Waypoint,Long RR Valid,Short RR Valid,Long In Zone,Short In Zone,Action Long Code,Action Short Code,MTF Long Aligned 0 To 3,Bear Warning Mask,Reversal Pattern Mask,Weak Level Mask,Bear Warning Age,Reversal Pattern Age,Weak Level Age,Z Velocity,Z Elasticity,Trend Bars Up,Buy Sigma Evidence,Sell Sigma Evidence,VP POC,VP VAH,VP VAL,VP HVN Above,VP HVN Below,RVOL Vs Avg,Energy IV30 Ann Pct,Energy IV Rank Pct,Energy IV HV Spread,Energy State 3 Exp 2 Warm 1 Sqz 0 Dorm,HV20 Ann Pct,ADX 14,DMI DI Plus,DMI DI Minus,POC,VAH,VAL,Volume
2025-05-23,47.06731681,47.6919301,46.89026107,47.56897473,47.399761448894736,48.06987341555627,45.854256975011225,45.242998487296965,44.10204066229658,43.204358969668746,0,0,0,0,45.79282965762558,43.17200766262774,99.15926370083562,59.00156064123863,5,16,47.56897473,47.27999616957403,47.582533250425975,45.680112746592236,48.70961252255608,48.70961252255608,48.558343982130104,48.86088106298205,49.465955224685935,44.778595980679995,1,5,0,7.861164734418622,0.07486137922764867,0.576793799751888,0,5.587770380850414,79.86326363032694,0,0.603875668299603,48.70961252255608,44.778595980679995,0,1,1,0,5,8,3,0,1088,0,,11,,0.8394784644525944,0.5889700443456767,23,6.60823210985035,0.2733215409857014,,,,,,0.9219250941681987,39.927295585199616,56.74603174603175,106.27220951248557,3,19.356604401322823,21.53716406802395,29.015863933151415,14.584007423048089,,,,4889958
2025-05-27,48.19850624,49.13296707,47.82472191,49.10345779,47.96766022926316,48.330008236187005,46.163704671676825,45.39438904818728,44.15180600685084,43.27223339808429,0,0,0,0,45.83015087666951,43.32783153530838,91.64852196479202,46.90947385400899,3,0,49.10345779,47.276836847997316,47.585692572002685,46.63261199795701,49.17286386501748,49.292480908194534,49.17286386501748,49.60133663219991,50.219048080210655,47.854624445,1,2,0,11.215060562598127,0.09607530281299065,1.1969564464568352,0,6.164048374329016,61.46022593795367,0,0.028090006766506883,49.17286386501748,47.854624445,0,1,0,0,15,10,2,1,1088,0,0,12,,0.6932761579249956,1.2009628971567203,24,2.324687372221902,-0.9361011602696794,,,,,,1.0847536626666898,38.09076479017597,54.76190476190476,78.38692990173615,3,21.352889929300392,23.19275804828907,34.72374792910318,13.265241195039135,,,,5720997
2025-05-28,49.18214922,49.23133137,48.4149077,48.64114558,48.19215534617544,48.57304172036104,46.39965142485046,45.52171283374856,44.19647605235481,43.35253254017547,0,0,0,0,45.85667519557251,43.44321921788387,94.80741990761314,34.39384076604303,2,0,46.56981096552981,46.41912416804517,46.72049776301445,45.81637697810662,49.4698725970171,49.508487258739706,49.35780046125507,49.659174056224344,50.2619212461629,44.778595980679995,0,2,0,10.056615197962994,0.09472752043425942,0.8367730828819202,0,6.353589653805123,78.20330668676337,0,3.849125045985437,49.4698725970171,44.778595980679995,1,1,0,0,8,10,2,1,1088,0,1,13,,0.3359448714454159,0.838720292386083,25,4.72636760989995,-1.2570373209714731,,,,,,0.9695482803400259,35.814713263858046,50.3968253968254,62.724030591541315,3,22.009480181668852,24.77985811333789,33.62681446764408,12.62353310766665,,,,4834237
2025-05-29,49.27067709,49.36412318,48.65098201,49.1428035,48.50903806411696,48.83987127346451,46.66090400343613,45.66371638928783,44.24569324088859,43.44605068758631,0,0,0,0,45.89037174265933,43.575957492255434,96.8009809600164,30.991449167446504,2,1,47.529720462325585,47.43126471,47.822477686225625,46.845750262199914,49.78534928295967,49.58832363003047,49.44194501808045,49.73470224198049,50.32021668978058,47.854624445,0,2,4.5,11.06799306420599,0.10422885420991884,0.9506173758371116,0,6.3258153067720135,79.65019479535249,0,3.2978466316509736,49.78534928295967,47.854624445,1,1,0,0,8,10,2,1,1096,0,2,0,,0.68970539159471,0.9478639356492446,26,5.434910390699377,-0.8465842630797438,,,,,,1.0939590975409066,32.91825386304919,45.63492063492063,50.22065779203165,3,21.91326702125206,26.323744417879453,32.95388654314274,12.06684734037798,,,,5307878
2025-05-30,48.81637166,49.23677608,48.35145384,49.05377651,48.69061754607797,49.08410137714069,46.88879662310888,45.7966599234334,44.29353486545686,43.550689435385074,0,0,0,0,45.96692486434412,43.86804264075621,99.83810321431763,15.863298212206464,2,2,49.05377651,47.43228803546199,47.71994335479774,46.856977396790484,50.04018402451572,49.89309779872715,49.61145969,50.04018402451572,50.61549466318722,47.854624445,1,4,0,10.747034886699682,0.10706850776683174,0.7849548418216373,0,6.3628081761471496,92.0337118705746,0,0.4490203535609504,50.04018402451572,47.854624445,0,1,0,0,8,10,3,1,1096,0,3,1,,0.46897318452211834,0.7852952765466489,27,8.125794904539326,-1.7845796344185807,,,,,,2.4444100381175855,31.702328303156797,41.666666666666664,43.83073694081281,3,22.041414079803047,27.31949530137304,31.14276506930664,13.263081128054345,,,,12837108
2025-06-02,48.6482099,49.51869433,48.56412901,49.4989106,48.96004856405198,49.320480826611686,47.137378906622324,45.94184622447523,44.345329648885155,43.66792498886391,0,0,0,0,46.00043994382367,43.98444429725478,97.51067487673953,34.228204576520014,2,3,49.4989106,46.490530944073534,46.77468526417102,46.258078289353165,50.39033567384123,49.61145969,49.469382529951254,49.75353685004874,50.32184549024371,47.854624445,1,5.5,0,11.621473990428232,0.11588514772991894,0.8744760035849126,0,6.14520223497702,65.92540126115291,0,0.27506053642846673,50.39033567384123,47.854624445,0,1,0,1,8,10,2,1,1128,0,4,0,,0.4106595792362695,0.8791478585605232,28,4.064343406823589,0.1740031811882543,,,,,,0.9617027098837064,30.728825751217915,39.285714285714285,44.35078896482496,3,21.28760498753203,28.417845656134528,31.046239394232554,12.467457287557359,,,,5081841
2025-06-03,49.59782928,50.54744867,49.53847807,50.23090888,49.383668669367985,49.621161155010824,47.43200080884877,46.110044759986,44.40389262630919,43.800402751819504,0,0,0,0,46.04090910720197,44.11316953446189,97.5618606703865,26.82739144566741,2,4,50.23090888,49.470168951472594,49.7527504285274,48.40815216178076,50.80094390055993,50.80094390055993,,,51.50739759319695,48.979349935,1,3.5,0,13.122759985772786,0.12783602215108616,1.078322482457065,0,6.075677722343349,78.31524273092472,0,0.312732365686645,50.80094390055993,48.979349935,0,1,0,0,8,10,2,1,1128,0,5,1,,0.6666293500288779,1.0872912997831365,29,4.50799103407657,-1.4567022595778334,,,,,,0.9603790336894905,29.588317246858477,37.301587301587304,40.583682249303514,3,21.046765011026068,30.00231898870035,35.490107533340606,11.64136156298772,,,,5172613
2025-06-04,50.54744867,50.91344781,50.17155766,50.21112514,49.65948749291199,49.933199271616026,47.69667931657746,46.27087144155518,44.46167603440561,43.94608554398225,0,0,0,0,50.21112514,44.22069236075465,97.60061997473315,23.392127440210743,2,5,49.61145969,49.47363712788526,49.74928225211473,48.922346879426335,51.042095212146734,51.12577401151534,51.042095212146734,51.32660313,51.87789337845893,48.979349935,0,0,0,12.931246903839863,0.13132290118586598,0.9303558252248375,0,5.73595147996675,78.17558281947677,0,2.0760541673224524,51.042095212146734,48.979349935,1,1,0,0,8,10,2,1,1128,0,6,2,,0.708002663050728,0.9388772151111826,30,4.523141715294534,-1.411990107242425,,,,,,0.8210046380374029,27.810114741423632,32.93650793650794,39.96088781636966,3,19.86991878610461,31.650729072651124,36.1554397651422,11.08185518549342,,,,4505293
2025-06-05,50.28036822,50.61669175,49.96382842,50.31004382,49.876339601941325,50.233357791041136,47.94557117404627,46.42927035835694,44.519868748690136,44.10404958184389,0,0,0,0,50.254267773843374,44.30262617433052,97.08080206009029,21.776845465577427,2,6,50.31004382,49.477652459732745,49.74526692026725,48.89337057786199,51.205143209078976,51.205143209078976,51.071335978811724,51.33895043934623,51.87417936041523,48.979349935,1,2,0,13.00582242053492,0.13614022321378572,0.8527206699747294,0,5.736291851495971,75.31708977292655,0,0.6318319302255725,51.205143209078976,48.979349935,0,1,0,0,8,10,2,1,1128,0,7,3,,0.6717980680753597,0.8598880418170721,31,4.006652569516638,-1.3949694062650169,,,,,,0.6318474192863724,25.24764901530182,26.984126984126984,27.057141902466338,3,19.87109786766873,32.85591462038781,34.58037534787644,11.985206108815673,,,,3484833
2025-06-06,50.75517791,50.98269089,50.14682799,50.1616658,49.97144833462755,50.46833227470087,48.156627805089485,46.575638807048826,44.57600603278277,44.271794996729064,0,0,0,0,50.22529042377852,44.383808969826994,96.81005400149228,57.979582467007674,2,7,49.61145969,49.47974705743041,49.743172322569585,48.95289652715205,51.25277766310013,50.22529042377852,,,50.883853586626465,45.52659591452,0,0,0,12.53064207481787,0.13820876592964493,0.6747894339271894,0,5.812158977771753,36.863901060612285,0,2.4922711528568935,51.25277766310013,45.52659591452,1,1,0,0,8,8,3,1,1128,0,8,0,,0.5061961330697263,0.6809417729013524,32,3.9979747698565937,4.152441099115409,,,,,,0.6581301533661572,25.734105683684177,29.365079365079364,27.81474922357851,3,20.133909302336527,34.17158803723454,35.1020373439112,11.30610396182049,,,,3639042
2025-06-09,50.29026009,50.68593483,49.77093698,50.33971943,50.09420536641837,50.644516407560616,48.3645412931762,46.72324981187044,44.633356414844634,44.448760915007355,0,0,0,0,50.2547804321468,44.4739846299673,97.5127596882065,39.20805995665992,2,8,50.33971943,49.48098547895324,49.74193390104676,48.7271432916259,51.19977964180002,51.19977964180002,51.06930543075326,51.33025385284678,51.85215069703383,45.548696586199995,1,2,0,12.78497400490698,0.1439248700245349,0.6565105646534969,0,5.790461527374114,79.94778488103476,0,0.5333454906924169,51.19977964180002,45.548696586199995,0,1,0,0,8,10,2,1,1128,0,9,1,,0.6194908365419897,0.6607685377280044,33,4.9040080326732856,-1.3723074989423043,,,,,,0.7206444572659014,27.301490918528128,32.93650793650794,36.107657883346675,3,20.058747129369696,34.790034013400835,32.904128404486286,13.17045981287918,,,,4037536
2025-06-10,50.43863812,50.62658362,49.66707236,50.06274711,50.08371928094558,50.72987650588789,48.52627518049275,46.85421049022846,44.68738020285613,44.63157144450746,0,0,0,0,50.225566230684116,44.53228249275816,96.94003476203179,63.85800523776954,2,9,49.05377651,48.92405482063515,49.18349819936485,48.40516806317574,51.298744957960906,50.225566230684116,,,50.87417467750837,46.00498238,0,2,5,12.02882532550052,0.14458857107194706,0.4433076915898048,0,4.604720849795371,43.52870744408523,0,3.4612075420121635,51.298744957960906,46.00498238,1,1,0,0,8,8,2,1,1128,0,10,0,,0.05268401239859239,0.44571305325988736,34,3.9309247582203435,3.161915916721534,,,,,,0.5113599164778287,28.72989624041726,37.301587301587304,80.11095427133267,3,15.951220933034637,35.19758693458671,30.731077758028828,13.015544199413116,,,,2811035
2025-06-11,50.22101701,50.22101701,49.71158577,49.90447721,50.02397192396372,50.73367195779178,48.6575325166363,46.973828792964596,44.73929161586254,44.81790550214011,0,0,0,0,50.181197520208826,44.59070208197774,97.93329864708488,49.508439722221524,2,10,49.05377651,48.928772162375495,49.1787808576245,48.42875477187748,50.98269089,50.181197520208826,,,50.806219258331346,46.05050560006815,0,3,4.5,11.545076838691203,0.14661427308234493,0.3034580570062231,0,4.5387589358319085,78.60874964402855,0,3.086155668431946,50.98269089,46.05050560006815,1,1,0,0,8,10,2,1,1128,0,11,1,,0.14843206568578218,0.30570958351614,35,5.591348928448454,-0.37608400826516913,,,,,,0.5513071442316391,33.97489104758385,49.20634920634921,116.08784217590798,3,15.722722160336227,35.576028932830745,29.612875861003936,12.541951755659893,,,,2962679
2025-06-12,49.53847807,50.29026009,49.39999191,50.27047635,50.106140065975815,50.71603557829134,48.81114621505189,47.10310908931893,44.79432827988381,45.00855913957033,0,0,0,0,50.19627142403245,44.680072054260656,97.11340702483606,26.068160601128266,2,11,50.27047635,48.92975222131296,49.17780079868704,48.40779760050368,50.98269089,51.38169166978894,51.2576673811019,51.50571595847598,52.00181311322414,46.42847625652311,1,3.5,0,12.225092507024867,0.15445879586845768,0.4037507976896883,0,4.225856156766494,88.03945861264397,0,0.38236037222875024,50.98269089,46.42847625652311,0,1,0,0,8,10,2,1,105,0,12,0,,0.10747137235233742,0.4073894985239516,36,3.903089466042351,-4.376482548652826,,,,,,0.8145838987851477,39.30116106092969,57.53968253968254,168.47264881058746,3,14.638795137994634,35.38755324165368,27.71496124855518,13.981307307971784,,,,4355382
2025-06-13,49.54836994,50.0033959,48.93507409,49.06366838,49.758649503983875,50.55372533494242,48.83519594504695,47.17999376738485,44.83680927590486,45.19529705726043,0,0,0,0,50.058291802223934,44.73602093948152,98.08773530837638,57.811852531965684,2,12,48.56412901,48.43704036461204,48.691217655387966,47.928685783060175,50.5647238599,50.08560128366171,49.958512638273746,50.212689929049674,50.72104451060154,46.73434497483326,0,0,3.5,9.427207627744018,0.14491381591649788,-0.1874498281288323,0,4.99401352206364,56.507112508091524,0,3.1483455406936636,50.5647238599,46.73434497483326,1,1,0,0,8,8,3,1,617,0,13,0,,-0.22420810197373314,-0.17838543554937575,37,5.77309291490011,3.3050503657342074,,,,,,0.6767173864081834,43.16431197214282,62.698412698412696,149.50800619982854,3,17.29977030780044,34.457012571923016,25.11479205069851,15.935870522648328,,,,3578535
2025-06-16,49.59782928,50.26553042,49.27139762,50.23090888,49.91606929598925,50.42461788460217,48.96812098647105,47.29963749729133,44.89048190878143,45.3848364765295,0,0,0,0,50.080330698277095,44.81900628697779,98.6932098254531,29.788564063950048,2,13,50.23090888,50.03292400392546,50.290407596074544,48.24146325140369,50.98269089,50.98269089,,,51.6263998703727,46.941773441726156,1,5.5,0,11.896568591244908,0.16170506517844674,0.309695766474348,0,5.329940890878187,94.4494044252392,0,0.37788517524373433,50.98269089,46.941773441726156,0,1,1,0,5,10,2,1,617,0,14,0,,-0.010949153847844869,0.31467090118526614,38,6.163906025307414,-4.918737251542618,,,,,,0.8156705900343104,44.83789252423433,64.28571428571429,142.84668300042728,3,18.463456848679886,33.84852127111994,24.839388703975647,14.607580762535546,,,,4299281
2025-06-17,50.01328777,50.54744867,49.80555852,49.93415282,49.92209713732617,50.29296066931343,49.06012401823571,47.40295182367206,44.94066768899256,45.574488053224435,0,0,0,0,50.06843252498786,44.87206250645499,98.36833598199621,47.27487134704153,2,14,49.61145969,49.48528971730578,49.73762966269421,48.98060982652892,50.98269089,50.13369581749636,,,50.76454568096744,47.2153842693915,0,0,3.5,11.111283805492963,0.1622230856941315,0.12503897208697537,0,5.382930742190017,64.14230818405267,0,2.1736252623646184,50.98269089,47.2153842693915,1,1,0,0,8,10,2,1,617,0,15,0,,-0.3122895496051184,0.1318650093074162,39,4.778979143276869,1.2514106318804452,,,,,,0.5804938241581327,47.03940690426884,66.66666666666667,152.26234127295106,3,18.647019078195108,33.55155813157475,25.53033072250871,13.840671700750095,,,,2983731
2025-06-18,50.05285524,50.29520602,49.69674797,49.94404469,49.92941298821744,50.173885571278355,49.14430693935612,47.50260252431237,44.99045253477373,45.763751118491925,0,0,0,0,50.0586471806147,44.92665581395635,97.94645637798351,32.95728868694174,2,15,49.61145969,49.48895848276608,49.733960897233914,48.998953653830426,50.98269089,50.13076021418441,,,50.74326625035398,48.93507409,0,3.5,3,11.010318581253587,0.16616270401737904,0.09138747205260876,0,5.355606246335395,79.13422348986597,0,2.238722753779333,50.98269089,48.93507409,1,1,0,0,8,10,2,1,617,0,16,1,,-0.2988568605813749,0.10267050630815447,40,4.45825737853156,-1.5247911025763636,,,,,,0.6238547411646642,47.92643728002314,67.46031746031746,158.33061834833987,3,18.552364247972285,33.084717998412096,24.41672420872663,14.030027968999393,,,,3129991
2025-06-20,50.25069261,50.25069261,49.42966752,49.87480161,49.91120919547829,50.07800640133679,49.21387786036982,47.59562993943738,45.03905302308444,45.95168114324339,0,0,0,0,50.038365493075865,45.009205647064825,97.60649580646941,25.55224656286898,2,16,49.000360421846146,48.87927871968251,49.12144212400978,48.394951911027974,50.98269089,50.038365493075865,,,50.64377400389404,48.93507409,0,2,3,10.736790101774627,0.1692395060644287,0.024885638993074725,0,5.369787608321982,78.93873932464098,0,3.2743683524945113,50.98269089,48.93507409,1,1,0,0,8,10,3,1,617,0,17,2,,-0.34392748479049146,0.04083289681652373,41,4.32251339593311,-1.5685412459796317,,,,,,1.0255390470267187,50.597350211015964,70.63492063492063,172.00697583773237,3,18.601489926934875,32.182106906790715,22.938476254721532,15.150068622234318,,,,4933573
2025-06-23,49.87480161,51.28439288,49.71870792,51.23987948,50.354099290318864,50.13686996876319,49.4068303955727,47.73854168612611,45.1007527888249,46.1462825603497,0,0,0,0,50.14228957899856,45.09716044945562,97.66597645135579,13.621371050291502,2,17,51.23987948,50.85627855084805,51.10910322915195,49.21728205356886,52.63226271,51.288269530951936,,,51.92033122671167,48.93507409,1,3.5,0,13.612027098350913,0.18806013549175454,0.585543503162539,6,5.885715407526866,91.96768302947763,0,0.688413429090954,51.288269530951936,48.93507409,0,1,0,0,8,10,2,1,617,0,18,0,,0.10297261639221182,0.6046079146110498,42,4.573843971000484,-4.977465343021478,,,,,,0.9125764832509019,51.51411864904636,71.42857142857143,152.65994199327486,3,20.38871624945498,32.35147560353195,27.7029015032489,13.474695709956412,,,,4234350
2025-06-24,51.59598675,51.75425664,50.74528604,50.86398847,50.524062350212574,50.26796370886579,49.545607355041966,47.86110822667018,45.158098417493306,46.34429528368192,0,0,0,0,50.209146871066835,45.191677403839286,97.91035322375328,7.08433099590029,2,18,48.997635574760274,48.871244022333464,49.124027127187084,48.36567781262623,50.98269089,51.14285932911622,51.01646777668941,51.26925088154303,51.77481709125026,48.93507409,0,0,1.5,12.635363871514024,0.18762126380201458,0.3448638358279932,6,5.941186295258147,95.07717078681623,0,3.141120236479795,50.98269089,48.93507409,1,1,0,0,8,10,2,1,617,0,19,1,,-0.056364754123987816,0.3592723896221573,43,4.858559334307477,-6.496609303387155,,,,,,1.0759404600986684,52.11658918666975,71.82539682539682,153.22827210606366,3,20.580873041238036,32.88208347293802,29.047572267789842,12.51427524091119,,,,4998180
2025-06-25,51.02225837,51.10139331,50.5375568,50.83431286,50.62747918680838,50.43669892501212,49.66834121265702,47.97770448680076,45.21457816318989,46.54474090700731,0,0,0,0,50.25497975238176,45.26956605721091,97.26720911658244,3.8101883349000816,2,19,49.00042528655739,48.878027447607494,49.12282312550728,48.388436091807925,50.98269089,51.261959047682325,51.13956120873243,51.38435688663222,51.87394824243179,48.93507409,0,2,1.5,12.429032681731943,0.19103405229754863,0.27539223056484624,6,5.142214307449044,93.70275872925244,0,3.2390532716090163,50.98269089,48.93507409,1,1,0,0,8,10,2,1,617,0,20,2,,0.021245993828831827,0.2873516214567579,44,4.032207346889901,-6.524441625989558,,,,,,0.9334432271608767,49.40658435346706,68.25396825396825,177.3601319463952,3,17.813152887818703,33.00906026654779,27.852838159623264,13.514885134425942,,,,4268428
2025-06-26,51.0420421,51.28933882,50.81947506,51.14096079,50.79863972120559,50.64173047354805,49.80859069621349,48.10175375359289,45.27354714455119,46.74873594278624,0,0,0,0,50.296031145253885,45.322789654621566,96.64915099850816,2.171230184814212,2,20,51.14096079,50.74613812168939,50.981838818310614,49.876672273515084,52.63226271,51.32150766062731,,,51.91075940218038,48.93507409,1,3.5,2.5,12.959915923342832,0.19813291295004748,0.3580163115574961,6,5.019363126373625,93.21111057019948,0,1.1795582262712014,,48.93507409,1,1,0,0,8,10,2,1,617,0,21,3,,0.15984215866938412,0.3631746489389683,45,3.8082416681901563,-6.533911768472537,,,,,,0.632474310914878,47.34680022138477,65.07936507936508,172.30235355409863,3,17.38758391303376,33.28780414943168,28.285250341187872,13.033785069487433,,,,2828743
2025-06-27,51.15085266,51.71468917,50.96290715,51.25966321,50.952314217470395,50.85041056304892,49.946788078478875,48.22559334011866,45.333110488486,46.95613029245843,0,0,0,0,50.37294510177695,45.421856596126844,96.70858292055661,2.4930390011306294,2,21,51.25966321,50.74784366424729,50.98013327575271,50.03374870397829,51.75425664,51.43875778459087,,,52.01948181335443,49.004265419409144,1,3.5,3.5,13.07334232672886,0.20314448941142207,0.3502559999426347,6,4.952758430318417,88.321710521472,0,0.40344855009917246,51.43875778459087,49.004265419409144,0,1,0,0,8,10,3,1,617,0,22,4,,0.08409530015052578,0.350797775766425,46,4.092293288323031,-4.282279660855956,,,,,,1.1841833242010926,44.927487087129094,61.507936507936506,161.8631327239979,3,17.156858477853156,33.89580146633643,29.920423734101266,12.280525469766639,,,,5295532
2025-06-30,51.42782498,52.28841755,51.42782498,52.0213371,51.30865517831359,51.14151141890346,50.1443641757666,48.374446036584594,45.39966000700853,47.17051195433322,0,0,0,0,52.0213371,45.532564387966794,97.92336086520419,1.7904894510890963,2,22,52.0213371,50.74695441519391,50.98102252480609,50.27881819596955,,53.11638368,52.99934962519391,53.23341773480609,53.70155395403045,49.03993571270659,1,2,0,14.58530106165829,0.21514872753051367,0.6184293801188833,6,5.089416872921714,94.93489130806127,1,0,,49.03993571270659,0,1,0,0,8,10,2,1,617,0,23,5,,0.6819839613829946,0.6133649208853867,47,5.886900363546757,-5.573260352865885,,,,,,1.3203550319248125,44.2549921750508,60.317460317460316,151.017280399968,3,17.63025720959745,34.88093003202114,31.949142782782342,11.316700094976985,,,,5414449
2025-07-01,51.87295907,52.14498545,51.42782498,52.0213371,51.54621581887573,51.45481565079696,50.32312350188406,48.5174613724048,45.46554734126715,47.39042199584868,0,0,0,0,52.0213371,45.64744936952252,98.69728197570191,1.4554101732963436,2,23,52.0213371,50.74891077205506,50.97906616794494,50.28859998027529,,53.11638368,53.00130598205506,53.23146137794494,53.69177216972471,49.04725772519598,1,5,0,14.419247412826014,0.21876290373079674,0.527188733272784,6,5.055651234774509,95.6196162436744,0,0,,49.04725772519598,0,1,0,0,8,10,2,1,617,0,24,6,,0.31785681730602416,0.5234810971800513,48,6.542692017000631,-5.533706084243019,,,,,,1.4060552417264955,44.091307776219445,59.12698412698413,151.7591427037819,3,17.51328960795556,35.79569227158551,30.17141047488362,10.687009855260039,,,,5817611
2025-07-02,51.98176962,52.17960699,51.56631114,52.14993139,51.74745434258382,51.768249999445445,50.49710520551415,48.659911177016376,45.53205862533414,47.615446778988314,0,0,0,0,52.049446896456004,45.70904076028327,96.36708580560571,9.946725073016779,2,24,52.14993139,50.75165475181898,50.97632218818102,50.35259189910372,,52.20289168603406,52.09055796785304,52.31522540421508,52.76456027693914,48.98103247796595,1,5,0,14.534534489472135,0.22378378355847178,0.5007617474415452,0,4.890793531631442,71.4905484701697,0,0,,48.98103247796595,0,1,0,1,8,10,2,1,617,0,25,7,,0.44369203188929673,0.4964710993170201,49,3.2374599067065724,-1.5425960757487633,,,,,,0.778512069270316,41.89843135132595,56.74603174603175,147.30210407432506,3,16.94220577222976,36.6713839162379,28.975845990418748,10.166057412072416,,,,3142086
2025-07-03,52.42690371,52.6989301,52.25874194,52.46647119,51.98712662505588,52.08068959475063,50.68466387070328,48.809188040270634,45.601057755330814,47.84578862754404,0,0,0,0,52.101855206327016,45.750867531720594,96.25703854827904,14.142702272051416,2,25,52.46647119,51.15045155463548,51.36887486536452,50.71908470416774,52.49860169183351,52.49860169183351,,,53.04465996865609,48.93507409,1,2,0,15.05538198588521,0.2308324654849816,0.5568610694236228,0,4.901754572216752,75.04470517241592,0,0.018387747698645717,,48.93507409,0,1,0,0,8,10,3,1,617,0,26,8,,0.5292174184294983,0.5507570692596527,50,3.849365138331941,-1.551423993671508,,,,,,0.5278611788080475,38.988017265226745,51.98412698412698,129.60903010968906,3,16.98017593062492,37.86292382600974,31.921028836930795,9.709771700299399,,,,2066077
2025-07-07,52.3675525,52.62968702,51.74436478,51.81360786,51.92928703670392,52.28164312038657,50.7921823458744,48.92700842535806,45.66287417428275,48.07622966183787,0,0,0,0,52.05447762971201,45.809038510503086,95.16747061171915,22.93374226908572,2,26,51.25966321,51.150347724304375,51.368978695695624,50.71308578152188,52.626563418677144,52.05447762971201,,,52.60105505819013,48.93507409,0,0,5.5,13.469878532484781,0.22734939266242393,0.1962327801958943,0,5.117719335087292,65.35920326877815,0,2.500835448845967,51.75425664,48.93507409,1,1,0,0,8,10,2,1,617,0,27,9,,0.35300753837368537,0.19258331144595958,51,3.247243369212186,-0.5819316080182546,,,,,,0.8288329875472142,34.777012543597635,43.25396825396825,96.16665392333998,3,17.728299814497603,37.89466733511427,29.61280169597799,13.208936043610723,,,,3233689
2025-07-08,52.45657932,52.555498,51.92241841,52.15982326,52.00613244446928,52.41841212160216,50.92243386150541,49.05378547769696,45.72752043384212,48.30792898780582,0,0,0,0,52.073424424806866,45.889309912169175,95.22189780818675,23.868714437723963,2,27,51.25966321,51.151531954175496,51.3677944658245,50.71900693087747,52.79674015860622,52.79674015860622,52.688608902781716,52.90487141443072,53.33739643772875,48.96289076039378,0,2,5.5,14.066590020913198,0.23477739454901045,0.29444542618085406,0,5.120485907213322,70.72246034600111,0,2.84298362556864,51.75425664,48.96289076039378,1,1,0,0,8,10,2,1,617,0,28,10,,0.046632537349283035,0.3035908062786719,52,3.5655923419587543,-1.0388132135038055,,,,,,1.0963387839213308,29.091485978449878,33.333333333333336,64.00765049585883,3,17.737883501467778,37.92414345071133,27.798749294990934,12.399769035692962,,,,4314382
2025-07-09,52.58517361,52.58517361,51.75920258,52.00155336,52.00460608297952,52.487598677108224,51.02520714707632,49.16938421817944,45.7899486221621,48.53898861257243,0,0,0,0,52.06522717227208,45.94411372541707,94.67991120519896,36.85707952299074,2,28,51.25966321,51.151880873966526,51.36744554603347,50.72075152983265,52.6989301,52.06522717227208,,,52.60413885243943,49.00323835204328,0,2,5.5,13.565432861899996,0.23671605319838887,0.16963401031978545,0,5.141180646278865,59.015286172664034,0,2.6706915863338727,52.6989301,49.00323835204328,1,1,0,0,8,10,2,1,617,0,29,11,,0.11840334869355726,0.19461358676791085,53,3.2616763807084324,0.4317570195199181,,,,,,0.7943341283336487,23.799255411786163,23.41269841269841,33.63181984718471,3,17.80957218048958,37.607258510909496,25.896688223104846,12.903407501284201,,,,3088210
2025-07-10,52.10047205,52.13014765,51.42287905,51.69490543,51.90137253198635,52.47085272802251,51.0889879359262,49.26842426570181,45.84870441129482,48.766671299529264,0,0,0,0,52.014017690890746,46.015758723104426,95.9304749689486,30.243064763946236,2,29,51.25966321,51.15326471404035,51.36606170595965,50.727670730201744,52.63226271,52.014017690890746,,,52.546010170689,49.10576055264152,0,2,5,12.751071363458136,0.237088690150624,-0.004858602389365906,0,5.147121777269986,75.81222423392498,0,2.5801107198367235,52.63226271,49.10576055264152,1,1,0,0,8,10,2,1,617,0,30,12,,0.04527435281103281,0.030139985182464312,54,4.2802761940059195,-1.1241673343091052,,,,,,1.096001178256942,15.796716967234412,13.88888888888889,-11.404478191863793,1,17.830152861951667,36.62861060049588,24.359683881633558,14.959876054809115,,,,4345097
2025-07-11,51.43771685,51.5465274,50.91344781,51.0420421,51.614929054657566,52.32955487773724,51.08451690393323,49.33797790626252,45.90037941317248,48.98699115414785,0,0,0,0,51.90186604863765,46.074137689262315,96.7993625417635,47.81012127356794,2,30,50.86398847,50.75821256643032,50.96976437356968,50.33510895215162,52.01121864,51.90186604863765,,,52.43074556648603,49.23433881667865,0,0,2,11.201786897107805,0.20600893448553903,-0.3008467844268137,3,5.32516184428171,64.66931023283473,0,2.1691711085111223,52.01121864,49.23433881667865,1,1,0,0,8,10,2,0,617,0,,13,,-0.2300282177819852,-0.27839086561859683,0,4.53994336467776,0.9475468903164864,,,,,,1.0191987841914751,13.99022699816255,8.73015873015873,-24.159475715403072,0,18.446901745646212,34.792211902472744,22.752845074671182,18.273199446361005,,,,4098495
2025-07-14,50.98269089,53.41609057,50.76506978,52.54560613,51.92515474643838,52.2638664456684,51.22366825879673,49.46376724836988,45.966501072046384,49.20935851256011,0,0,0,0,51.979894189473335,46.16275725680333,99.71961919198874,50.55713787507951,2,31,52.54560613,52.34458087963173,52.58836150036827,50.59536116410768,53.14211526425625,52.6989301,,,53.30838165184135,49.66633453304,1,5,7.5,14.312825437032387,0.22156412718516194,0.3600287608591016,3,5.9903824226551725,83.26411220228175,0,0.3058636964527761,52.6989301,49.66633453304,0,1,1,0,5,8,2,0,617,0,,14,,0.1927929676247081,0.4098151572048583,1,7.391958681437139,0.4697152498704519,,,,,,1.2101453512947036,13.179661182411099,6.746031746031746,-36.487519538691,0,20.751293425612594,34.95075210684751,32.02919269034877,14.72473447479305,,,,4899255
2025-07-15,53.0303077,53.05009143,51.91747248,51.95209402,51.93413450429225,52.19253279764287,51.293042140816084,49.56134869039459,46.026059210831995,49.42943097378826,0,0,0,0,51.97751607928301,46.22330116418753,95.77900705363834,65.19825139870275,2,32,51.42782498,51.30452845117589,51.5511215088241,50.81134233587946,52.6989301,51.97751607928301,,,52.59399872340355,49.68248768389152,0,0,6.5,12.875390400083047,0.21437695200041523,0.05461330545715249,3,5.509134825201308,43.23290062048369,0,2.061866837813959,52.6989301,49.68248768389152,1,1,0,0,8,8,2,0,617,0,,15,,-0.20578723468564133,0.08836373571208347,2,3.071301820880752,2.391869176600348,,,,,,0.9316081809985325,12.17540096072269,4.365079365079365,-36.20167916376949,0,19.0842028459915,35.09796801090979,29.40218742592455,13.5170251404836,,,,3781034
2025-07-16,52.13014765,52.44174151,51.62566235,52.3972281,52.08849903619483,52.17956845392382,51.39820270835741,49.67255964763402,46.0894539261471,49.64945892691024,0,0,0,0,52.00704515019911,46.27989907980342,95.89998524479466,48.7546354412806,2,33,52.3972281,51.30604892502047,51.549601034979524,50.65145391016377,52.6989301,52.57317364049181,,,53.18205391538945,49.81675104791659,1,2,0,13.685938184384568,0.21842969092192283,0.23287737109244952,3,5.108069652724809,69.74228023731058,0,0.1728184559930404,52.6989301,49.81675104791659,0,1,0,0,8,10,2,0,617,0,,16,,-0.061533041206030016,0.2716891353328486,3,3.804702421459784,-0.5460200863987668,,,,,,0.8339993413697756,11.17540495683738,3.5714285714285716,-36.84382262983268,0,17.694872334240156,34.741884693738996,27.64291941512914,14.847779549871925,,,,3345088
2025-07-17,52.61484921,53.73263037,52.60495735,53.61392795,52.596975340796554,52.33882240021818,51.60922415994242,49.8271231104719,46.164324314444144,49.87608657347848,0,0,0,0,52.12881989435632,46.35742856697978,94.55259463044752,30.968509869576813,2,34,53.61392795,52.36660088308127,52.616602882864676,51.61391195173271,,54.11396629,53.9889652901083,54.238967289891704,54.738971289458526,50.76506978,1,1.5,0,16.137144312594177,0.2306857215629709,0.7456218493841303,3,5.4349155571300365,74.3970052445088,0,0,,50.76506978,0,1,0,0,8,10,2,0,617,0,,17,,0.2846573826496682,0.7925404685557054,4,3.051528712676621,-2.0732375086898673,,,,,,0.9610401170711741,11.832029125964748,4.761904761904762,-37.15426551592515,0,18.827099759591466,35.37703895774712,34.226757368958715,13.431522413319279,,,,3898597
2025-07-18,53.70295476,53.85133279,53.19846946,53.42598244,52.873311040531036,52.568201986981805,51.782248758043146,49.96825484888477,46.23657961917604,50.10702845385224,0,0,0,0,52.18898718567328,46.40506481816024,96.64963608699287,31.775204821908954,2,35,52.6989301,52.5770286060827,52.8208315939173,52.08942263041351,53.54829303373821,53.54829303373821,,,54.1578005033247,50.76506978,0,3.5,6.5,15.549166655576407,0.22774583327788203,0.5764088630898843,3,5.471482730323035,78.53441385475317,0,1.3935234203355207,53.54829303373821,50.76506978,1,1,0,0,8,10,3,0,617,0,,18,,0.13844032130976888,0.609282437320598,5,5.382346356993927,-0.529542158237261,,,,,,0.6216333425497256,12.113348972570126,5.158730158730159,-36.09003596646336,0,18.953772163310354,36.04251205277766,33.45951369610348,12.78924822888651,,,,2502233
2025-07-21,53.41609057,53.83154906,53.09955078,53.31717189,53.02126465702069,52.83094414923333,51.928431913467605,50.0995849289285,46.3070332736121,50.340607688716204,0,0,0,0,52.248306147130386,46.46035321408115,96.52176070242288,28.32191931896893,2,36,52.6989301,52.57920015671965,52.818660043280346,52.10028038359826,53.58906874156603,53.58906874156603,,,54.18771845796777,50.76506978,0,2,6.5,15.138388535856823,0.2256919426792841,0.4592445173681308,3,5.477812100614838,73.33663090591403,0,1.4869106543912305,53.58906874156603,50.76506978,1,1,0,0,8,10,2,0,617,0,,19,,0.3256636065223532,0.47828433610376614,6,3.9410824558264483,-1.0341744095822416,,,,,,0.7621329491099135,12.344992666178605,5.9523809523809526,-34.94314237100078,0,18.975697745160996,36.48898002068034,31.633059078129584,12.828783652720682,,,,2993864
2025-07-22,53.18857759,53.54468487,52.7137679,53.43587431,53.15946787468046,53.091951594618614,52.0719978559945,50.230419806617576,46.3779670152677,50.57664326623074,0,0,0,0,52.32380191155046,46.53165725827404,97.10446761936905,26.624790982282043,2,37,53.43587431,52.58033339400753,52.817526805992465,51.76499425206027,53.77565970602781,53.77565970602781,,,54.36864323599014,50.76506978,1,5,0,15.218233460748351,0.22609116730374176,0.45456849980326786,3,4.880237487024553,76.66485532072018,0,0.2033571436879658,53.77565970602781,50.76506978,0,1,0,0,8,10,2,0,617,0,,20,,0.25065758384134323,0.4649040664463769,7,4.551067139919903,-1.0299653470940755,,,,,,0.9886681351112407,11.551820264570242,4.365079365079365,-31.66883213048183,0,16.905638561057568,36.241462182979376,29.654230509112608,14.930642346016986,,,,3865523
2025-07-23,53.81176532,55.64176101,53.77714378,55.19662693,53.838520893120304,53.507568518787004,52.36958157732836,50.42517302714238,46.46571487511578,50.825129325452316,0,0,0,0,55.19662693,46.71294779970709,99.97575079867129,11.290996765375827,2,38,55.19662693,52.569109170328424,52.82875102967157,52.306263624476784,,55.64176101,55.51194008032843,55.77158193967158,56.29086565835788,51.79893837798,1,1,0,18.790009103163435,0.24395004551581717,1.1998322972472388,3,5.630226258203504,96.67637334343308,0,0,,51.79893837798,0,1,0,0,14,10,2,0,617,0,,21,,0.8564711099822662,1.198133986497129,8,10.659065682144675,-2.3084742993676564,,,,,,1.9884357066973326,15.184890889772158,16.26984126984127,-22.1434411268009,0,19.503675874633753,37.33234411741087,39.578184830973825,12.665481964764442,,,,8080936
2025-07-24,55.0482489,55.46370738,54.89987087,55.11749198,54.26484458874687,54.001423700699135,52.631287329963754,50.60918553509758,46.551802209492735,51.083071435929774,0,0,0,0,55.1654449292015,46.82575639708288,99.0684482976157,15.430176859704114,2,39,55.11749198,52.57334783932282,52.824512360677176,52.310481100126204,,55.64176101,55.516178749322826,55.76734327067718,56.26967231338589,51.79893837798,1,3.5,0,18.40033975904926,0.2420016987952463,1.0170779286657097,3,5.638276301322801,90.12927350471536,0,0,,51.79893837798,0,1,0,0,8,10,2,0,617,0,,22,,0.9279693728291657,1.0146665040738494,9,6.905894916570512,-2.2289326973621595,,,,,,1.2775028891166336,15.371294883554587,16.666666666666668,-21.300227547102683,0,19.531562042005238,38.345305913668696,37.99160201160887,12.157756909406526,,,,5254729
2025-07-25,55.3944643,55.3944643,54.29646688,54.76138471,54.430357962497915,54.46707035650909,52.834153747110065,50.77201687528983,46.633489597557485,51.34575433911503,0,0,0,0,55.05984910522583,46.920254968249694,98.53668153269578,48.07650510082388,2,40,53.42598244,53.29956679240691,53.55239808759309,52.79390420203453,55.08426437262836,55.05984910522583,54.93343345763274,55.18626475281892,55.691927343191296,51.79893837798,0,2,8,17.429309242318055,0.24085731859588122,0.7288718727048623,3,5.729830445548014,55.15238597325258,0,2.623539038404553,55.08426437262836,51.79893837798,1,1,0,0,8,10,3,0,617,0,,23,,1.0296861790743275,0.7248147736681352,10,4.752441141008065,2.3494668739765925,,,,,,1.1212925348730889,15.922788592032116,18.650793650793652,-19.77924680998127,1,19.848714900888353,38.37299338273043,35.045348791107024,15.47668468676947,,,,4718119
2025-07-28,54.94933021,54.96901503,54.32614249,54.81084405,54.55718665833194,54.851236705157575,53.02240996643292,50.93040225469023,46.71485630852706,51.61121993067905,0,0,0,0,54.997898646090626,47.037561947184344,99.03901658830762,40.06841774000871,2,41,53.42598244,53.30285654812784,53.549108331872155,52.81035298063921,55.32898417708995,54.997898646090626,54.87477275421847,55.12102453796278,55.613528105451415,51.79893837798,0,3.5,0,17.330648922482382,0.08665324461241192,0.6544668155579971,5,5.734430627317676,83.89492610511992,0,3.091147943221959,55.32898417708995,51.79893837798,1,1,0,0,3,10,2,0,617,0,,24,,0.5326692671892914,0.647832346740105,11,6.7333928313736156,-0.5613341970082234,,,,,,1.4095497841951643,14.809842030652828,14.285714285714286,-25.446248819189293,0,19.864650397986566,38.39870317543061,33.41159032867685,14.755186244049183,,,,5979218
2025-07-29,58.23343059,62.2989886,57.30359494,61.30980174,56.808058352221295,55.82391442483204,53.8116853734393,51.337437528623944,46.86007964615366,51.91646790788361,0,0,0,0,61.30980173999999,47.63963528651243,99.99667504593079,1.9260923150668348,2,42,61.30980174,,,55.84956106509935,,62.2989886,62.117798981208,62.480178218792005,63.20493669396002,56.31140174452,1,2,0,30.835888890838437,0.3729513222176531,3.455178200520877,1,12.272686857053056,99.15436867526199,0,0,,56.31140174452,0,1,0,0,11,10,2,0,616,0,,25,,2.7501750221076873,3.348068580636374,12,13.30858180617784,-4.800304148370894,,,,,,3.6470971426558383,44.407914437504274,64.68253968253968,4.45520876265328,2,42.51383436359738,40.799084820092475,57.20308952242845,9.310566157139839,,,,17713548
2025-07-30,61.1317481,62.51660971,61.03282941,61.93298946,58.516368721480866,57.20782067494806,54.5851429054927,51.752949369070066,47.01005884828148,52.25922534741814,0,0,0,0,61.93298946,47.90450092766628,99.92758861079153,1.941589676652892,2,43,61.93298946,,,55.84925667194832,,62.51660971,62.335114168443134,62.69810525155686,63.42408741778431,56.31140174452,1,1.5,0,31.744122380021334,0.3776713556173958,3.239914621647486,1,12.243142082610513,97.11025511177495,1,0,,56.31140174452,0,1,0,0,11,10,2,0,96,0,,26,,2.751605949738313,3.16562851279033,13,9.19978332300249,-4.789408355117786,,,,,,1.5976091206277063,61.702299975703326,84.12698412698413,45.48487332834888,3,42.411488262732085,43.06213894958714,54.0981969236941,8.630953110720284,,,,7927989
2025-07-31,62.39790728,63.21893238,61.68579166,62.55617718,59.862971540987246,58.825469210672736,55.34428902687435,52.176605361655554,47.164746592875694,52.637567431285625,0,0,0,0,62.23300962116396,48.15229656994807,99.76585583007088,5.847804729580877,2,44,62.55617718,,,56.47871120713729,,63.21893238,63.03671204926863,63.40115271073137,64.13003403365686,56.944744157,1,2,0,32.63333675887745,0.34816534697020024,3.052166499131123,1,12.225869752311592,98.0571894368461,1,0,,56.944744157,0,1,0,0,11,10,2,0,96,0,,27,,2.479989305406504,2.998945426405311,14,7.9049481036904,-7.679064623847716,,,,,,1.4227124975488377,75.38235416135784,91.66666666666667,77.99151859514446,3,42.3516551554464,45.27360748946262,53.47552640192555,7.982578615926707,,,,7360134
2025-08-01,61.32958547,61.75493582,60.77564083,61.37904482,60.36832930065816,60.30893305006492,55.9190276738387,52.53748534041416,47.306182396130666,53.038074274580865,0,0,0,0,61.99680117729613,48.327608432502934,99.1807486519229,4.8809737104226745,2,45,61.37904482,56.759641918195875,57.12984639580413,56.4758437086049,62.18191582734958,62.11154588725576,61.92644364845163,62.296648126059885,63.03705708127641,56.944744157,1,2,0,29.748463543362142,0.2948342948922118,2.1691639947772954,0,12.543214939733542,88.37166149608714,0,0.1637442538270964,62.18191582734958,56.944744157,0,1,0,0,11,10,3,0,32,0,,28,,2.168735817403209,2.150689864281767,15,5.228595230597061,-3.827527751734363,,,,,,1.0901396366313103,85.01639878789918,95.23809523809524,95.66052627480876,3,43.45097113175097,46.42615604739419,48.882740312794915,11.687182434942914,,,,5845644
2025-08-04,62.2989886,62.85293324,61.97255693,62.8034739,61.18004416710544,61.62981268076233,56.57468921918739,52.94007312706458,47.4603843016418,53.46418802811133,0,0,0,0,62.153335516406095,48.492716842059906,98.35978763434325,6.968006101228777,2,46,62.8034739,,,56.47590526970294,63.36445935175883,63.30436773171986,63.119327363366025,63.48940810007369,64.22956957348903,56.944744157,1,2,0,32.32820345668257,0.3675077665992115,2.4601380421840378,1,12.438246240666539,81.07363095846816,0,0.08865734763788652,63.36445935175883,56.944744157,0,1,0,0,11,10,2,0,32,0,,29,,2.6113784389708337,2.436662885855467,16,4.4661497322219565,-2.63591088360696,,,,,,0.9327903195740946,92.58085833240581,96.03174603174604,114.8678456986262,3,43.087348891774056,47.73361013642845,50.70435233699786,10.856012313287597,,,,5088394
2025-08-05,63.07055435,63.71352581,62.39048838,62.4869341,61.615674144736964,62.70878388045065,57.13776016021716,53.31445983188558,47.60990221008318,53.90868685107773,0,0,0,0,62.210213379528575,48.659767120142796,98.105128802149,10.7111581953346,2,47,57.28703867932,,,56.36885851240934,64.30687403352084,63.71352581,63.52988977661787,63.89716184338213,64.63170597691065,57.28703867932,0,0,0,31.24776821483589,0.34736190283752816,2.020193155409468,1,12.522220263670086,78.48626186233805,0,7.645378986806071,64.30687403352084,57.28703867932,1,1,0,0,11,10,2,0,32,0,,30,,2.4578733829956785,2.0163100004396504,17,4.650921692300376,-1.9307439410470877,,,,,,0.9783935003919869,97.92425357858087,96.42857142857143,125.74508742596086,3,43.37824344049026,49.11828771661632,51.62696056861588,10.157672934412018,,,,5389768
2025-08-06,63.20904051,63.4959047,62.46220443,63.28817546,62.17317458315797,63.61647459137316,57.723513998291715,53.705585934948886,47.76590492898782,54.37126912004034,0,0,0,0,62.37794434112228,48.846092031984,97.69895213242589,11.046566521636807,2,48,63.28817546,,,57.17693280925049,65.25751306894061,63.71352581,63.53377716944873,63.89327445055127,64.61226901275633,57.6440027202,1,2,0,32.49654864508206,0.31036717039246636,2.0683313226728295,1,12.46152909808553,78.55141848783835,0,0.32224830881147953,65.25751306894061,57.6440027202,0,1,0,0,11,10,2,0,0,0,,,,2.0764087506697817,2.06967873978736,18,4.3357343762696825,-2.2964057742734525,,,,,,1.0318083441457984,102.41045724665388,97.22222222222223,137.23695781552178,3,43.168003075764204,50.4040597553622,48.976095940407625,9.636111804526136,,,,5825223
2025-08-07,65.77103449,65.78092635,63.52558031,64.05974121,62.80203012543865,64.42937165335064,58.3269642089306,54.11163123985285,47.928032653177,54.85105702561339,0,0,0,0,64.05974121,49.159922969911136,98.27329822935134,14.342461201283145,2,49,59.122867851180004,,,58.177037069602704,65.78092635,65.78092635,65.59176019368454,65.97009250631547,66.72675713157732,59.122867851180004,0,0,0,33.65819054906206,0.3507167057087126,2.098339696133039,1,12.35210411095506,79.5972107671534,0,7.039375994632773,65.78092635,59.122867851180004,1,1,0,0,11,10,2,0,0,0,,,,2.317183801484996,2.101654007716926,19,4.948719009140308,-1.9428437163058123,,,,,,1.6299105118000574,106.57735259196971,97.61904761904762,149.07684818620638,3,42.78894380110911,52.00327130034512,53.99893634434286,8.502356718864139,,,,9632821
2025-08-08,64.27736232,65.29622479,64.05974121,65.05881994,63.5542933969591,65.18225205039047,58.9680933261753,54.54093275750568,48.09848824807076,55.34818098797317,0,0,0,0,64.37176383960207,49.30748466171604,97.90106621735619,9.516990614338905,2,50,65.05881994,61.192350500028496,61.5657391399715,60.88638874752835,67.07567051272268,65.78092635,65.59423203002851,65.9676206699715,66.7143979498575,59.122867851180004,1,2,0,35.26167309969359,0.4109757125726723,2.2128424520639562,1,12.109057460866257,83.30005076948746,0,0.48337539426933884,67.07567051272268,59.122867851180004,0,1,0,0,16,10,3,0,0,0,,,,2.699560998815857,2.2021928001761477,20,4.6292446672939525,-3.150509516233112,,,,,,0.7384890045315873,110.70614542077446,98.41269841269842,163.91906664161445,3,41.947005507982674,53.48825344925784,50.805748767077624,7.99957607742658,,,,4374691
2025-08-11,65.15773863,65.15773863,64.11909242,64.27736232,63.795316371306065,65.71553981565107,59.473737992253845,54.92275352466232,48.259472069682,55.85251667443102,0,0,0,0,64.3444775422859,49.48619361696555,96.8319795388197,34.760479294250246,2,51,61.37904482,61.19641218172289,61.5616774582771,60.46588162861446,65.78092635,64.3444775422859,64.16184490400879,64.52711018056301,65.25764073367144,59.122867851180004,0,0,7,33.19118416212618,0.37066211490188183,1.6354136215659767,1,12.20247857284488,53.72063407140994,0,4.8204763086443085,65.78092635,59.122867851180004,1,1,0,1,16,10,2,0,0,0,,,,2.424316219396674,1.624958515506576,21,3.717326016348048,0.9808405907983927,,,,,,0.9549365023852577,112.74508675722305,99.2063492063492,166.72206716243633,3,42.270625732875786,54.86716544467678,48.22596039181475,7.593377687039919,,,,5694880
2025-08-12,64.59390212,65.37535974,64.54444278,65.03903621,64.2098896508707,66.05704865760866,60.003766393943955,55.31947049271478,48.426432906899095,56.36394016047008,0,0,0,0,64.48937731952672,49.65370478242852,96.86639067288644,25.84457312540066,2,52,65.03903621,61.1996538217784,61.5584358182216,60.89365555266951,65.78092635,65.78092635,65.60153535177841,65.9603173482216,66.67788134110799,59.122867851180004,1,2,5.5,34.304825496932665,0.20263523859577445,1.7055752631040253,0,11.992714309681556,73.78705814316336,0,0.1789679166587684,65.78092635,59.122867851180004,0,1,0,0,10,10,2,0,0,0,,,,0.61321271459566,1.686743262735021,22,4.150059150416277,-1.680921624594523,,,,,,0.8607341787458999,112.7520695302345,99.2063492063492,171.40410425026138,3,41.543981010053535,56.186670768266936,46.673591673462646,7.178406777918939,,,,5193898
2025-08-13,65.30611666,65.54352151,64.24768672,65.02914434,64.48297454724714,66.23969408997188,60.48237381737786,55.70024201613773,48.59163401568617,56.87713800317464,0,0,0,0,64.56880032594383,49.78944713185782,96.90638998802098,25.30569808444828,2,53,61.37904482,61.20089751102637,61.557192128973625,60.48830827513186,65.78092635,65.78092635,65.60277904102638,65.95907365897362,66.67166289486813,59.122867851180004,0,2,4.5,33.82786081860828,0.20469485964859696,1.4742042498729935,0,12.044503059372412,70.1477121736908,0,4.941844539062483,65.78092635,59.122867851180004,1,1,0,0,8,10,2,0,0,0,,,,0.434383212340125,1.455140822390075,23,4.170444550198402,-1.041449786074549,,,,,,0.7062653504660208,109.75700202838728,97.22222222222223,163.05873457031424,3,41.72338250150359,57.056709106647155,43.64232902000075,8.199510809232955,,,,4295349
2025-08-14,64.60873992,65.3407382,64.1793339,65.04892808,64.67162572483143,66.3121732253935,60.9172837471514,56.06685715589703,48.755388185480335,57.387070470516704,0,0,0,0,64.62162643751725,49.901802070044866,97.77872620713995,22.511895446023935,2,54,65.04892808,61.2032526375602,61.5548370024398,60.8972363743724,65.78092635,65.78092635,65.60513416756021,65.9567185324398,66.65988726219898,59.122867851180004,1,2,4.5,33.41895224489666,0.2070947612244833,1.280298741513384,0,12.016888236316625,78.21539545254075,0,0.17631325298258183,65.78092635,59.122867851180004,0,1,0,0,8,10,2,0,0,0,,,,0.26686125415466305,1.2615538784561307,24,5.2830289358139435,-1.4320101993539334,,,,,,0.594809173601515,106.72567284377237,96.03174603174604,156.38124751621595,3,41.6277219483543,57.77962253787282,41.06794240812728,8.063002975988072,,,,3608881
2025-08-15,65.20719797,65.20719797,64.11909242,64.73238828,64.69187990988762,66.29847106105368,61.28062703599412,56.40668190586185,48.91436331079894,57.889964490373515,0,0,0,0,64.63106334624965,49.99366364818385,98.55230054264666,21.80576758590302,2,55,61.97255693,61.799606103895194,62.14550775610481,61.10780279947595,65.78092635,65.78092635,65.60797552389519,65.95387717610481,66.64568048052406,59.122867851180004,0,2,4.5,32.33820068083943,0.2061354478486416,0.9838182643537612,0,12.033385122261858,81.89985513010046,0,4.403991013829635,65.78092635,59.122867851180004,1,1,0,0,8,10,3,0,0,0,,,,0.5032057913358431,0.9690991767688875,25,6.216994205967918,-1.3185731044343905,,,,,,0.5012170413367469,101.22753247458324,94.44444444444444,142.83999277759688,3,41.684868837601925,58.37134668272448,38.761018306605365,7.92107316782911,,,,3054880
2025-08-18,64.52465904,65.23687358,64.44552409,64.81152323,64.73176101659175,66.21265974364633,61.61690286399468,56.73628352641629,49.07254400651238,58.38501224671172,0,0,0,0,64.64535938970657,50.08577069073387,98.85474417190945,25.302597381180107,2,56,64.81152323,61.80489411388482,62.140219746115186,61.495869643315395,65.54352151,65.78092635,65.61326353388482,65.94858916611518,66.61924043057591,59.122867851180004,1,2,6,32.07288218315911,0.20925329980468446,0.8648648228885633,0,12.004649712606508,77.95059531836512,0,0.22077043360007306,65.54352151,59.122867851180004,0,1,0,0,8,10,2,0,0,0,,,,0.1359871290930257,0.8519373481283121,26,5.916956626054406,-0.7668604885630598,,,,,,0.5057565868346969,94.24646121344166,92.46031746031746,126.63393374405973,3,41.58532645860318,58.929341651761035,37.28558941398522,7.58726452838803,,,,3084849
2025-08-19,64.45541596,64.6631452,63.54041811,63.82233637,64.42861946772783,65.97033508451861,61.8269441502809,57.01416795165486,49.21930810963166,58.86519756872028,0,0,0,0,64.53842917513202,50.244853252515455,99.03465968589151,27.34970502375687,2,57,61.97255693,61.80552087646448,62.13959298353553,61.137376662322374,65.54352151,65.05881994,64.89178388646448,65.22585599353553,65.89400020767764,59.122867851180004,0,5,2.5,29.66930828820548,0.20167987477436075,0.3718250046476418,0,12.247014009610542,78.23877079707758,0,4.275681213026885,65.54352151,59.122867851180004,1,1,0,0,8,10,2,0,0,0,,,,-0.03238706279843024,0.3648939206997148,27,6.011753989100087,-0.7282520454553723,,,,,,0.938324301246217,85.54278161411479,90.87301587301587,101.63342653720497,3,42.42490101130658,58.21673906077087,34.75224499718846,11.909812260467339,,,,5814734
2025-08-20,63.41676975,63.9707144,62.68477147,63.90147132,64.25290341848522,65.63024450601472,62.02451816644462,57.28425827982526,49.36539928585423,59.330015770372775,0,0,0,0,64.47098997155916,50.3874940045641,98.90104765986324,28.11534006392079,2,58,63.90147132,61.80597038984202,62.13914347015799,61.23608667747218,65.54352151,65.05881994,64.89223339984201,65.225406480158,65.89175264078996,59.122867851180004,1,3,0,29.445871489813136,0.2050071352268435,0.3187805513017064,0,12.01143182792149,75.31504547890712,0,0.6160650000754508,65.54352151,59.122867851180004,0,1,0,0,8,10,2,0,0,0,,,,-0.2186801906839126,0.31309979288484063,28,5.4048948025817225,-0.7615624039704187,,,,,,0.8748346768104094,78.93974752193407,88.4920634920635,89.71878263341225,3,41.60882039521986,56.53919313526686,32.35701826905561,15.67497910168868,,,,5299634
2025-08-21,63.8124445,64.41090255,63.6393368,64.18833551,64.23138078232348,65.27381093342338,62.23059600868799,57.55500640649878,49.51289118858205,59.78097566289445,0,0,0,0,64.45215152948228,50.484032272331575,93.69805434198955,24.849007755686323,2,59,64.18833551,61.810980448514016,62.13413341148599,61.60311180622417,65.54352151,65.05881994,64.89724345851401,65.220396421486,65.86670234742996,59.122867851180004,1,3.5,3.5,29.639643270926964,0.21042043857685705,0.34559777560362714,0,11.980644777311031,59.232244511235535,0,0.5242045390581462,65.54352151,59.122867851180004,0,1,0,0,8,10,2,0,0,0,,,,-0.33766635815256274,0.34372071070110505,29,2.2802270979798926,-1.2802052655098595,,,,,,0.5983205343351268,68.26822637068318,82.14285714285714,64.49314542258962,3,41.50217092347484,55.21569337486498,33.40988365848536,15.006660203175205,,,,3574275
2025-08-22,64.51476717,65.43461203,64.38617288,65.05881994,64.50719383488233,65.03113213608097,62.49995066881294,57.84927360389098,49.667577046805114,60.22270811008013,0,0,0,0,64.488685695717,50.58140066922585,95.91946972127039,16.499341386076505,2,60,65.05881994,63.95792964683444,64.28025519316556,63.09687069467551,65.54352151,65.59873193790698,,,66.40454580373478,59.122867851180004,1,2,5.5,30.988511637462572,0.22160922485397955,0.578934335884652,0,11.89954329763934,82.34588852340188,0,0.247051023952371,65.54352151,59.122867851180004,0,1,0,0,8,10,3,0,0,0,,,,-0.36622401378068514,0.5758849242031393,30,4.848404713892365,-2.789576398234423,,,,,,0.5815010685784532,55.22860589284895,76.19047619047619,33.9809843186577,3,41.221227156754075,54.48160063186606,36.77454950817589,13.970526722393531,,,,3436536
2025-08-25,65.03903621,66.59205958,65.03903621,66.05789868,65.02409544992155,65.01841701695022,62.83880286035457,58.171180469620744,49.83066482424984,60.660409069269136,0,0,0,1,64.6340083975189,50.75466458430508,96.98574879191341,8.896128095495708,2,61,66.05789868,64.56887085339983,64.89590570660016,63.73089679719869,66.49772852454343,66.59205958,66.42854215339983,66.75557700660016,67.40964671300083,62.68477147,1,1.5,11,32.5647548813221,0.23393488551772162,0.8310264395009742,0,11.888121052750051,90.41410126121235,0,0.1890113831854578,,62.68477147,0,1,0,0,8,10,2,0,0,0,,,,0.09019549690515241,0.8274861206194128,31,4.784945776525172,-5.340343361163048,,,,,,0.9868017555097565,32.84270396482801,40.476190476190474,-20.249197115038335,0,41.18165933978459,54.27104997373363,39.97609884604816,12.785825858666978,,,,5824116
2025-08-26,66.0183312,66.94816685,66.0034934,66.67119453,65.57312847661436,65.2262704413719,63.20379254317794,58.504514354341495,49.998232284008544,61.09671613914445,0,0,0,0,66.67119453,50.9188105849488,97.56737322826368,4.745383891014401,2,62,66.67119453,65.38324931521056,65.70379370478945,64.72131584168449,66.77158334797774,66.94816685,,,67.7495278239472,62.68477147,1,1.5,0,33.34710345614386,0.24229107283627488,0.9194118589763951,0,4.99896940273851,92.72106179197637,0,0.05148464803442223,66.77158334797774,62.68477147,0,1,0,0,8,10,2,0,0,0,,,,0.050838743846470746,0.9140157518752848,32,4.854345884146485,-6.385340886163599,,,,,,1.0252687704201868,33.112739564445135,41.26984126984127,91.21590432885466,3,17.316937982050685,54.20768944119353,39.856122582649924,12.112951021265106,,,,5420990
2025-08-27,66.64151892,67.03224773,66.3645466,66.5228165,65.88969115107624,65.5413440134472,63.51989006287528,58.818957575739866,50.16265600755075,61.52976877821037,0,0,0,0,66.60612544899011,51.04349633316243,97.05029114186651,3.718409839356446,2,63,64.73238828,64.57760248189194,64.88717407810805,63.958459289459746,65.54352151,67.03224773,66.87746193189194,67.18703352810805,67.80617672054025,62.68477147,0,0,0,32.61422299885125,0.24307111499425627,0.726359202731085,0,4.997426882136798,84.6333548128986,0,1.048071903126139,65.54352151,62.68477147,1,1,0,0,8,10,2,0,0,0,,,,0.019058565486468053,0.725377136605599,33,3.9955436242844264,-4.34374960353444,,,,,,0.8297789826585785,40.581009083183325,54.36507936507937,134.41520076972677,3,17.311594533942912,54.180863694545835,38.806060271403766,11.646417408859222,,,,4234105
2025-08-28,66.66130266,68.54085662,66.59205958,68.18465043,66.65467757738416,66.06215603460217,63.964152954982396,59.18623964845595,50.34197933513731,61.96832813492978,0,0,0,0,67.2840000370457,51.27539235599344,98.33975985313273,2.1192311547394453,2,64,68.18465043,64.5706403949711,64.8941361650289,64.24778719299624,,68.54085662,68.3791087349711,68.7026045050289,69.34959604514451,62.68477147,1,0,0,35.44292721603222,0.2616590805246055,1.1871628688130371,0,5.394528343399594,95.94531377074489,0,0,,62.68477147,0,1,0,0,3,10,2,0,0,0,,,,0.43475267038074045,1.1801658804077892,34,7.018166751728817,-6.565042213208861,,,,,,1.4254348661192342,52.26089358179169,71.03174603174604,179.66152976520561,3,18.68719434727693,54.672546758427586,42.810788197003056,10.349042441795484,,,,7266908
2025-08-29,67.89661608,68.20451472,66.28759739,66.5756316,66.6283289182561,66.50002038012553,64.21286520688884,59.47601972498709,50.50350821339465,62.400932526515085,0,0,0,0,67.09424600918398,51.449742647861996,98.75045741165673,4.950434814895839,2,65,65.05881994,64.89151014202673,65.22612973797328,64.22227095013366,67.61663272770889,67.09424600918398,66.9269362112107,67.26155580715725,67.93079499905032,62.68477147,0,0,4,31.823776120057058,0.2480077694891742,0.4605415418888615,0,5.632872807528405,85.77412199065894,0,3.057576805056625,65.54352151,62.68477147,1,1,0,0,8,10,3,0,0,0,,,,0.11159756406272217,0.4598286919299671,35,5.923300869889333,-2.856523123562869,,,,,,1.2103893923028226,60.81040175630428,78.57142857142857,211.64294866207604,3,19.512843790424682,54.75031029444042,38.431362019599014,10.915141567218019,,,,6191533
2025-09-02,66.54583496,68.11512479,65.69166454,68.00587044,67.08750942550407,66.99414740684631,64.57410380051847,59.81052367459544,50.67766107137083,62.8355659090416,0,0,0,0,67.35195514384638,51.72272790704698,99.85176862608711,1.1874018301906135,2,66,68.00587044,64.88182280393555,65.23581707606446,64.55741368991588,68.02259430287889,68.54085662,68.36385948393554,68.71785375606446,69.4258423003223,62.68477147,1,4.5,0,34.19299352475117,0.26429830095708917,0.8642751572087674,0,5.575753329287014,95.93732213551804,0,0.004849665833414577,,62.68477147,0,1,0,0,3,10,2,0,0,0,,,,0.45323137175383277,0.8574938779330785,36,8.24355688165775,-5.455276699025145,,,,,,1.7134068902718218,67.30536421095191,80.95238095238095,248.46206288386742,3,19.314976113592856,54.10045534829002,33.73309803520239,12.58692372676574,,,,9109084
2025-09-03,68.23431137,69.31692271,65.94990211,68.86997307,67.68166397366937,67.58450871829437,64.98323420713577,60.16579619990542,50.85867910120793,63.27592074806449,0,0,0,0,68.86997307,52.12609850128888,99.9001197698324,1.0692736578838435,2,67,68.86997307,65.349104342583,65.737938677417,65.0223588208701,,69.31692271,69.122505542583,69.511339877417,70.289008547085,62.68477147,1,4,0,35.4143959046791,0.2748497573011733,1.0251941873999015,0,5.554589308379942,96.47978626489028,0,0,,62.68477147,0,1,0,0,3,10,2,0,0,0,,,,0.9363495916404974,1.0133424484907052,37,8.770605858243869,-5.596587036970596,,,,,,2.3298631319339282,73.53716653109016,85.71428571428571,282.1767959344435,3,19.24166179458586,53.9765858994946,34.03619057462133,10.640610473372943,,,,13308912
2025-09-04,69.11827843,70.16116091,68.91963414,69.24739721,68.20357505244625,68.2126999508736,65.38934496931331,60.521937415987566,51.0416514206984,63.72210220472966,0,0,0,0,69.00133304429171,52.33844314217013,98.71243608310431,4.283795631744149,2,68,69.24739721,65.35146282025565,65.73558019974436,65.02470550615438,,70.16116091,69.96910222025565,70.35321959974436,71.12145435872179,62.68477147,1,2,0,35.6684105677639,0.2811896982477349,0.9989275897525248,0,5.49343569065578,81.16372496633247,0,0,,62.68477147,0,1,0,0,8,10,2,0,0,0,,,,1.005003385493545,0.9865259212850025,38,4.634402373927875,-3.1152091677549505,,,,,,1.230007135019449,78.0502262914923,87.3015873015873,310.1469617306557,3,19.029819448656074,54.152367640019726,35.91790261163329,10.001900073011019,,,,7104888
2025-09-05,69.7986351,70.91600919,69.58509249,70.70743269,69.03819426496418,68.97794205517013,65.89582951414062,60.92136860320374,51.23733083631334,64.18068271553469,0,0,0,0,70.70743269,52.624991021626826,99.7770680445065,0.41151264384616854,2,69,70.70743269,66.38239306684451,66.76887013315547,66.05048110151029,,70.91600919,70.72277065684452,71.10924772315548,71.88220185577738,65.69166454,1,3.5,0,37.99983632224584,0.3325398069771302,1.3374791984499295,1,5.686877616923354,96.51683654262735,1,0,,65.69166454,0,1,0,0,3,10,3,0,0,0,,,,1.2869916695938746,1.3189351039130646,39,7.698436085601985,-6.87861613628925,,,,,,1.5791875246806382,78.25669207150739,87.3015873015873,297.2436658292113,3,19.699921937874933,54.552201705009004,36.63647164944199,9.230772710549491,,,,9078054
2025-09-08,71.00539912,72.04828161,70.95573805,71.66092525,69.91243792664278,69.8348276642264,66.44488625088913,61.34252768739183,51.440550681225645,64.65378258229778,0,0,0,0,71.66092525,53.06105989124068,99.8723987301688,0.38623311885955564,2,70,71.66092525,66.38422395385562,66.76703924614436,66.05230283408635,,72.04828161,71.85687396385563,72.23968925614437,73.00531984072185,65.69166454,1,4,0,39.30823893017582,0.34201985566762416,1.4603498415022294,1,5.650066928267361,97.08892601945743,1,0,,65.69166454,0,1,0,0,3,10,2,0,0,0,,,,1.2749403992450716,1.439527303051191,40,8.443651086610789,-6.96348604490703,,,,,,2.196314913546051,75.03765549191056,84.92063492063492,283.3849328480284,3,19.572405971847374,55.23799218825778,39.626689771018754,8.653420811296026,,,,13643510
2025-09-09,71.51194204,72.44060407,71.26363669,71.89929839,70.57472474776185,70.68898835400174,66.9643540736616,61.75651869533725,51.644120310168674,65.13864194451988,0,0,0,0,71.89929839,53.39190157869829,99.56903559179587,5.526782508121838,2,71,71.89929839,,,66.0554503548025,,72.44060407,72.2523597612588,72.62884837874121,73.38182561370601,65.69166454,1,3.5,0,39.22068564278188,0.31844834575783065,1.3302608666004754,1,5.36821496735818,88.58480236757157,1,0,,65.69166454,0,1,0,0,3,10,2,0,0,0,,,,1.0543148959069253,1.3114611008229127,41,6.816774667311289,-3.3449474136942277,,,,,,1.6482178794391085,70.71960148953384,81.34920634920636,280.2938332875554,3,18.59604213883214,55.9752193968438,39.27536653165837,8.170348247223815,,,,10646825
2025-09-10,72.6740111,74.54126736,72.22706146,74.42208079,71.85717676184123,71.73283543065324,67.67461376093192,62.253207404931864,51.87076668310232,65.64642270329284,0,0,0,0,74.42208079,53.9524305075553,99.88688027962402,3.8496080606790137,2,72,74.42208079,,,66.04535808312778,,74.54126736,74.34288006465104,74.73965465534897,75.53320383674486,65.69166454,1,2,0,43.47596064016557,0.3989198669467546,1.9518724500718936,1,6.075025344936254,93.41829230941534,1,0,,65.69166454,0,1,0,1,11,10,2,0,0,0,,,,1.492320509967414,1.9190977523491317,42,8.60446252967814,-3.8505896102160433,,,,,,2.3614356752477916,64.97680624250499,78.57142857142857,208.75901288594596,3,21.044505109396468,57.11352512574515,44.059570380381196,7.198862572066071,,,,16600753
2025-09-11,74.67038615,76.55750684,74.09431773,74.95842036,72.89092462789415,72.86581263231992,68.36830962750983,62.75145105022865,52.10049458038488,66.17524660937396,0,0,0,0,74.95842036,54.41319831607973,99.75979825291465,2.6246518150978884,2,73,74.95842036,,,66.07139560331395,,76.55750684,76.35129730583667,76.76371637416334,77.58855451081666,66.70479588308,1,2,0,43.87276159988856,0.424592008953934,1.8487377875516313,1,6.03168725178554,92.44731935959705,1,0,,66.70479588308,0,1,0,0,11,10,2,0,0,0,,,,1.646270052080374,1.8196171974431852,43,7.598721833262628,-4.378166446023414,,,,,,1.8590735817586832,61.09886359031591,75.7936507936508,192.41772549303388,3,20.89437755091609,58.491776271851684,48.09052982004145,6.4310859664883955,,,,13968315
2025-09-12,76.3886592,77.34215176,75.25638678,76.51777798,74.09987574526276,74.12018187540521,69.14444947060413,63.291307008258904,52.34345262416215,66.7296238186357,0,0,0,0,76.51777798,54.91613037089237,99.68405564383416,3.533267394588488,2,74,76.51777798,,,70.14219574674446,,77.34215176,77.12938816220547,77.55491535779451,78.4059697489726,67.18970644363999,1,2,0,46.184048135714306,0.4294546489313156,2.0739748893273044,1,6.130975955001576,90.6872719091017,1,0,,67.18970644363999,0,1,0,0,11,10,3,0,0,0,,,,1.5571641549108406,2.0388628114141114,44,7.232259879773785,-3.969300211601797,,,,,,1.836176725823217,58.595933154235254,75,175.8971657066819,3,21.238323708091695,59.87754831276827,46.57264739973323,5.787767105902627,,,,14826119
2025-09-15,77.22296519,77.79406751,76.25954042,77.45140612,75.21705253684185,75.45459542152727,69.93558819911802,63.84660501264091,52.59328300720531,67.30985165248089,0,0,0,0,76.8663935238181,55.217585503929705,97.77148638781986,3.0730429350886608,2,75,77.45140612,,,70.14368453052923,,77.79406751,77.5828001773158,78.0053348426842,78.850404173421,67.18970644363999,1,2,0,47.26482488151408,0.5179923262108723,2.067292052774393,1,5.985984211643175,80.45746887673117,0,0,,67.18970644363999,0,1,0,0,16,10,2,0,0,0,,,,2.1866789477597486,2.034223821230988,45,3.73943278700287,-4.28404391969471,,,,,,1.0563870130536293,59.470450389732235,75,186.7972861885901,3,20.73605757574222,61.223617688301616,45.462196917311225,5.412418130229363,,,,8835050
2025-09-16,77.74937254,78.27081379,76.79299964,78.16652554,76.20021020456123,76.75496050890649,70.71948699348773,64.40817052351774,52.84774313190973,67.91426469758535,0,0,0,0,77.32596792994067,55.658458543892756,98.47400151696249,13.327267811791799,2,76,78.16652554,,,70.14557080632312,78.65868774054182,78.27081379,78.06144221188254,78.48018536811747,79.31767168058735,67.76361957818,1,3.5,0,47.90891891995035,0.49511293359086783,1.9906441059652098,1,5.930337100022205,76.08846607676935,1,0.06135955343014582,78.65868774054182,67.76361957818,0,1,0,1,11,10,2,0,0,0,,,,1.9423244897067065,1.9618737443088707,46,5.948150936435956,-1.127683617158436,,,,,,1.4607783087491701,61.66143195746346,75.7936507936508,200.153631562749,3,20.543290326498266,62.535708274732016,44.63019824956368,5.071323084449684,,,,12936731
2025-09-17,77.88842354,78.14666111,75.63381092,76.35886256,76.25309432304083,77.71235033775324,71.25657038077462,64.87682511318371,53.0816846187564,68.52642060133437,0,0,0,0,77.10891734800524,55.97897641493007,94.75155151156676,16.731759037202835,2,77,70.70743269,,,69.62228274606174,78.27081379,78.27081379,78.05378380121235,78.48784377878766,79.35596373393827,67.76361957818,0,2,7.5,43.85161870506767,0.3983660318798544,1.1775050052708982,1,6.3227104490711,58.44971958659064,0,6.969894936869948,78.27081379,67.76361957818,1,1,0,0,8,10,2,0,0,0,,,,1.295085729058351,1.169554522760856,47,2.64959121943118,-1.3970671573966928,,,,,,1.164470611875043,63.6604177907644,77.38095238095238,190.6535072598622,3,21.902511478675553,62.512987776589135,39.9799375285357,9.31179441520643,,,,10590687
2025-09-18,76.92499877,79.11008588,76.6667612,79.08028924,77.19549262869388,78.61116509013985,72.0016864626056,65.43382370639219,53.34037720205235,69.15764183656094,0,0,0,0,77.46415790007954,56.32406637976959,96.02160818932518,19.407006999710376,2,78,79.08028924,,,70.12893364759334,80.35879352771104,79.11008588,78.88399353934004,79.33617822065996,80.2405475832998,68.2822897298,1,2,0,48.25596178378218,0.48808270811523935,1.794523246800478,1,6.7732723693273025,66.30086494520123,0,0.14282800794949832,80.35879352771104,68.2822897298,0,1,0,1,10,10,2,0,0,0,,,,1.8010898602372938,1.7752520286980416,48,3.804927441968058,-1.4583700317915107,,,,,,1.1095355215963478,66.98958907024328,78.57142857142857,185.50791385382152,3,23.46330375435463,62.706962419249166,39.44083812857996,8.300086027789348,,,,10372486
2025-09-19,79.08028924,79.43784895,78.03740675,79.02069596,77.80389373912925,79.3723010479537,72.67016355759554,65.96664222614152,53.595902761832924,69.80159876548058,0,0,0,0,77.70939476441957,56.67056779132663,95.56011336978935,15.351598960577926,2,79,76.51777798,76.29533114403004,76.74022481596997,75.40554380015018,81.16487848938866,79.43784895,79.21540211403004,79.66029578596996,80.55008312984982,68.2822897298,0,2,9,47.43794187243871,0.43988052709544767,1.5240840502704422,1,6.843184609153734,69.93225827488358,0,4.178167326251494,81.16487848938866,68.2822897298,1,1,0,0,10,10,3,0,0,0,,,,1.4126376529771447,1.5145709663331377,49,3.707747245184569,-2.1383084906078906,,,,,,1.1088713610811867,70.62674829734684,80.95238095238095,197.93418174717178,3,23.70548685725527,62.95754209617691,38.53940656449794,7.83353029813353,,,,10764954
2025-09-22,78.86178053,79.29869863,77.57059269,78.62340739,78.07706495608616,79.93218846121992,73.23713916068168,66.46298595805753,53.844932658630604,70.45052577907047,0,0,0,0,77.79777677897783,56.89594230315959,96.07835635598258,18.012953273984063,2,80,76.51777798,76.29579068642076,76.73976527357925,75.40784151210374,81.76482827437925,79.43784895,79.21586165642076,79.65983624357925,80.54778541789626,68.2822897298,0,2,7,46.01821101432419,0.39743874213458735,1.193225343493161,1,7.003668921360096,67.46602073091262,0,4.727342912089683,81.76482827437925,68.2822897298,1,1,0,0,8,10,2,0,0,0,,,,1.0943370520592866,1.1910643857033203,50,4.0210245491494305,-1.35289375496126,,,,,,0.7386613137728489,72.57916755521153,83.33333333333333,199.15464591537796,3,24.2614208223736,62.69515592371737,35.86067468053898,9.166627664485754,,,,7314157
2025-09-23,78.66313625,80.47079923,78.48435639,80.4509348,78.86835490405744,80.50287746386712,73.92416731680723,67.01153297146703,54.109668998345725,71.1106094455801,0,0,0,0,80.4509348,57.17863493727464,95.71215393792792,24.33514928866372,2,81,80.4509348,76.2939108248907,76.74164513510931,75.91244127076625,82.62083850402215,80.47079923,80.2469320748907,80.6946663851093,81.59013500554653,69.45195694184,1,2,0,48.68125473556232,0.4569864701367098,1.5272169211560749,1,7.112416720415708,60.295347574241255,0,0.47811100534685586,82.62083850402215,69.45195694184,0,1,0,1,10,10,2,0,0,0,,,,1.4286415716711856,1.5213695984368485,51,3.586365853725848,-0.648250586746691,,,,,,0.861676234215834,74.63180108185966,84.52380952380952,202.9117396976694,3,24.63813424872482,62.74620095250778,37.694306754532406,8.440392521252958,,,,8654169
2025-09-24,80.73896901,81.03196933,78.52408525,79.36832345,79.0350110860383,80.85315333159784,74.4426583771113,67.49611299023303,54.36099889338706,71.77010218754651,0,0,0,0,79.90979308310777,57.441626398694986,95.39647567499998,23.593913494990737,2,82,76.51777798,76.28750951382708,76.74804644617294,75.36643564913537,81.03196933,81.03196933,80.80170086382707,81.26223779617293,82.18331166086463,69.45195694184,0,2,6,46.002327156749594,0.39445608022819245,1.0106021703976231,1,7.487400232632539,63.20756858482896,0,3.920807242976914,81.03196933,69.45195694184,1,1,0,0,8,10,2,0,0,0,,,,0.6163131797243966,1.012533740631963,52,3.5087741166152497,-1.1821980985996747,,,,,,0.8475345798751106,75.5000426988478,85.31746031746032,191.08882002880443,3,25.937115239045173,62.92336659845608,36.204743349678935,7.619629820684719,,,,8648928
2025-09-25,77.55072826,78.93130603,76.5277102,78.59361075,78.8878776406922,80.93914912132034,74.83798717452927,67.93130898081213,54.60211940937326,72.42029249500612,0,0,0,0,79.47557848341799,57.68569642052867,96.96253953337974,21.001398675645774,2,83,78.59361075,76.27859464310728,76.75696131689273,74.76667735971651,81.03196933,79.47557848341799,79.23639514652527,79.71476182031071,80.67149516788159,70.17285075363999,1,3.5,0,43.93875475923054,0.3885826626850416,0.641185321381629,1,7.640468664847416,74.80661401452866,0,0.6371573088235472,81.03196933,70.17285075363999,0,1,0,0,8,10,2,0,0,0,,,,0.33794623301654964,0.6448040269724407,53,5.165513163197087,-1.5451826918430531,,,,,,0.8176131115568623,75.52336972035135,85.31746031746032,185.34530897800153,3,26.46735984230733,61.20169944559607,32.36565029961191,14.26400555815747,,,,8518744
2025-09-26,78.61347518,78.94113892,78.15659332,78.81211946,78.8626249137948,80.84411208935238,75.21647596362172,68.35800743097636,54.84301493226507,73.05913636426679,0,0,0,0,79.37741454693493,57.81323685707985,97.40084855452861,19.824883974907912,2,84,78.81211946,75.40470723574248,75.86291460425753,75.14646051187962,81.03196933,79.25503629707563,79.02593261281811,79.48413998133316,80.40055471836325,70.17285075363999,1,2,0,43.70493591086931,0.3918580128876799,0.5865789820577593,1,7.4597058390220985,71.8147889010873,0,0.6055800338812889,81.03196933,70.17285075363999,0,1,0,0,8,10,3,0,0,0,,,,0.05284912418085644,0.5904044699030008,54,4.643768965594539,-1.5240295671727582,,,,,,0.4361896101633965,72.74921470112794,82.53968253968254,181.52436300716226,3,25.841179045408985,59.60670993441619,31.41438732151643,13.827881951873563,,,,4483983
2025-09-29,79.35839124,80.18276501,79.06042481,79.71595095,79.1470669258632,80.7093953020186,75.64499739089584,68.80341698074199,55.09050683293905,73.68988726773213,0,0,0,0,79.44953960833267,58.05253781377303,97.69620983867804,14.729451509150636,2,85,79.71595095,78.79571891792158,79.24567300207842,77.26060847337268,81.03196933,81.03196933,,,82.15685454039208,70.17285075363999,1,3.5,4.5,44.69997742394559,0.40127766489750577,0.7262272025491096,1,6.708539116852145,77.49264618249974,0,0.5359815962650072,81.03196933,70.17285075363999,0,1,0,0,8,10,2,0,0,0,,,,0.04288067270519546,0.7258936068828784,55,4.743371603663972,-2.544756526439145,,,,,,0.7903860002786943,69.13890068335796,78.17460317460318,197.51159101642082,3,23.23906118990232,58.57661953987604,34.633153003375206,13.075697073039244,,,,8204641
2025-09-30,79.71595095,81.65273271,79.64642545,81.47395286,79.92269557057547,80.78249016710086,76.20013600700099,69.30030074071288,55.353028683954584,74.32070913718975,0,0,0,0,79.73416687535308,58.247401576819165,97.54448654981957,18.800852635886557,2,86,81.47395286,80.80514861896289,81.2587900410371,77.8448214834064,83.81268252705415,81.65273271,,,82.7868362651855,76.5277102,1,1.5,0,47.18969277216297,0.4181706860830371,1.078028806825428,1,6.719464553203015,68.28516783778167,0,0.6444323515367892,83.81268252705415,76.5277102,0,1,0,0,8,10,2,0,0,0,,,,0.24761812948925224,1.073295016546461,56,4.387281291866883,-1.1807180524613634,,,,,,0.615254583715857,64.98282834812147,75.39682539682539,179.1729396176908,3,23.276908011611454,58.075702595748524,37.68433663183863,12.043027062153874,,,,6300274
2025-10-01,80.90781665,83.18229369,80.33413196,82.5565642,80.80065178038365,81.12532655192163,76.80551012061994,69.82015420970454,55.62371062938787,74.9554750614477,0,0,0,0,80.20665812252719,58.53323764651063,97.35252253480543,12.242370201242805,2,87,82.5565642,80.79592008287626,81.26801857712373,78.77977624602023,84.16342929413895,83.18229369,82.94624444287626,83.41834293712373,84.36253992561866,76.5277102,1,3,0,48.41973551541992,0.4287653442437663,1.2044795867298566,1,6.722930270644013,78.85669034208401,0,0.4254581177759082,84.16342929413895,76.5277102,0,1,0,0,8,10,2,0,0,0,,,,0.8496620501704483,1.1945005598288576,57,4.270343308849558,-3.3053554292486655,,,,,,0.8987396116412659,58.70003786942119,70.23809523809524,152.05142178356303,3,23.288913608996424,58.00965274576724,39.41010440596316,10.745609815778188,,,,9010012
2025-10-02,83.23195477,83.77822654,81.35476629,81.96063135,81.18731163692243,81.52182613067187,77.29647404722756,70.29625135246123,55.88576954203078,75.58759890571366,0,0,0,0,80.41379300963548,58.75152977216259,93.11684532436622,15.094520620021111,2,88,81.03196933,80.79114270543867,81.27279595456132,79.82783620719337,83.77822654,83.77822654,83.53739991543868,84.01905316456133,84.98235966280663,76.5277102,0,0,7,46.657426428312384,0.42439824325267306,0.865191883015055,1,6.911547333359251,58.00851563452594,0,2.2806923570036544,83.77822654,76.5277102,1,1,0,0,8,10,2,0,0,0,,,,0.15203735577715935,0.8589655892166518,58,2.33154673433695,-1.5866196650336153,,,,,,0.718530724272293,49.481210453696136,61.904761904761905,106.66855623909154,3,23.94230228059082,58.0896157270124,38.07854717715866,9.780127226903904,,,,7207059
2025-10-03,82.46717427,83.6093789,82.05091518,82.99358163,81.78940163461495,82.00759309717186,77.83905572177731,70.79418587314902,56.15549901554291,76.22125547662527,0,0,0,0,80.70412761709296,58.991687299272854,94.0288096236067,10.722159521505787,2,89,82.99358163,80.7936236469252,81.27031501307479,79.840240914626,84.39661789932244,83.77822654,83.53988085692521,84.0165722230748,84.969954955374,76.5277102,1,2,8,47.792439004110264,0.4345177505761069,0.9963750605977191,1,6.803302262154752,74.28175663222908,0,0.44493646451903807,84.39661789932244,76.5277102,0,1,0,0,8,10,3,0,0,0,,,,0.3650827529891973,0.9864158492867019,59,3.4693863231633455,-3.148191351131616,,,,,,0.776766009704829,42.22753045644622,52.38095238095238,79.1782515078248,3,23.56733035460061,58.163867066740046,35.72669933657179,9.176076578851445,,,,7739175
2025-10-06,83.5398534,85.51139792,83.24188698,84.76151575,82.7801063397433,82.67810612685022,78.4983376292271,71.3419242996922,56.44013599797532,76.86350574063457,0,0,0,0,84.76151575,59.274805306245504,96.02594685673446,5.804889840274684,2,90,84.76151575,78.61645100444565,79.10405399247742,78.22336874942343,,85.51139792,85.26759642598411,85.75519941401588,86.73040539007943,76.5277102,1,1.5,0,50.179503027846465,0.4508975151392323,1.2996871452070475,1,6.909599122449296,89.63900704416544,0,0,,76.5277102,0,1,0,0,8,10,2,0,0,0,,,,0.7931310943799614,1.2849812557346207,60,4.764886658212017,-5.847287643430839,,,,,,0.8932567031272597,34.90624114883251,39.285714285714285,45.83427610292836,3,23.935553480031015,58.65887695029753,39.39803496364706,8.329966861095118,,,,8678038
2025-10-07,84.89063453,85.64548281,83.24188698,84.48341375,83.34787547649553,83.38559236102597,79.06834487882452,71.85727682715525,56.7191735875477,77.50939593545772,0,0,0,0,84.64001461726723,59.48786670549773,95.81308896690862,11.461462237170377,2,91,78.86025249846153,78.61240471982178,79.10810027710129,77.62101360526277,81.03196933,84.64001461726723,84.39216683862747,84.88786239590698,85.87925351046599,76.5277102,0,2,0,48.95036088563135,0.44475180442815676,1.0338286919918347,1,6.991569818071761,66.87169098799923,0,1.7524601942832525,81.03196933,76.5277102,1,1,0,1,8,10,2,0,0,0,,,,0.35426784539486433,1.0215889659461923,61,3.664830953536562,-1.6630465692139522,,,,,,0.7072937511297039,27.6854831773041,26.19047619047619,14.31067400446662,2,24.21950829913076,59.14585167021985,36.46966555441642,7.608690561367809,,,,6732986
2025-10-08,84.69199025,86.4797888,84.18544733,86.4797888,84.39184658433035,84.30309848858874,79.77419668084123,72.43070866922758,57.01529911204971,78.16794386806937,0,0,0,0,85.16099944124383,59.6925850248912,97.06028394488428,5.929960601007149,2,92,86.4797888,,,78.21809521898311,,90.80377824,90.5531486824238,91.0544077975762,92.056926027881,76.66080427546,1,2,0,51.67821645563061,0.45839108227815306,1.380212726311072,1,6.628871948922573,92.39422357465654,0,0,,76.66080427546,0,1,0,0,8,10,2,0,0,0,,,,0.9618175257540913,1.3620667645949147,62,4.975841237209414,-6.921771195744396,,,,,,0.6769261512015936,25.877262559374703,23.41269841269841,12.690700768280283,2,22.963086024804035,59.76673422006046,36.46099926817361,6.9867946995397885,,,,6088091
2025-10-09,86.55924651,87.15517936,85.54625999,86.59897537,85.12755617955357,85.27942396229437,80.42417560361825,72.98632697121866,57.30966404993976,78.83557574166697,0,0,0,0,85.4115592506116,59.84379439558638,96.50179550247293,5.6843573046422975,2,93,86.59897537,80.78487653216138,81.27906212783861,80.38095214950057,86.73582839114485,87.15517936,86.90808656216139,87.40227215783862,88.39064334919308,77.07819564154,1,2,0,51.10710698729184,0.4738188964127945,1.2050420492395248,1,6.657159936281859,77.12393939796041,0,0.022009088144552214,86.73582839114485,77.07819564154,0,1,0,0,8,10,2,0,0,0,,,,1.1462668918106822,1.194163149094204,63,3.7778524942520315,-3.367596984353144,,,,,,0.5323291055374103,26.188147036358217,23.80952380952381,13.559940618337887,2,23.061078487504336,60.472561428703955,36.781737934892696,6.580600092817398,,,,4536585
2025-10-10,86.79761965,87.18497601,82.39764878,82.4175132,84.22420851970237,85.7280801343736,80.61401727946414,73.35617741156302,57.55949339471648,79.48353610709776,0,0,0,0,84.71466433314619,60.062528039383544,90.38711186553812,23.46371373290977,2,94,81.03196933,80.75978202459628,81.30415663540371,79.67103280298143,86.76144027470495,82.99358163,,,84.35451815701856,77.07819564154,0,0,4.5,43.18665495336916,0.41593327476684583,-0.030489016604018423,1,8.580649358904015,56.61077988707607,0,4.209947217198025,86.76144027470495,77.07819564154,1,1,0,0,8,10,3,0,0,0,,,,0.2732616269568472,-0.027205341452733303,64,2.5479959696816303,-1.1364131031060722,,,,,,0.9660922663667917,31.718082514345035,33.73015873015873,6.707795132272325,2,29.724241303110134,58.45831058356789,31.005574527555623,15.875592304339907,,,,7898543
2025-10-13,84.53307482,86.04277138,84.22517618,84.92043117,84.45628273646825,86.00792521233636,81.02415193570565,73.80967755895271,57.83174153178398,80.12555939725905,0,0,0,0,84.74089452621493,60.21280178751836,95.28380304801095,25.471317196373242,2,95,84.92043117,82.70846789837512,83.27869536162487,81.56801297187562,87.14282563405156,87.15704153787065,86.87192780624578,87.44215526949553,88.58261019599503,77.55383192144001,1,2,4.5,46.84052203983557,0.43420261019917783,0.5482923682409949,1,8.940210111615105,62.52581553817696,0,0.6629228016048089,87.14282563405156,77.55383192144001,0,1,0,0,8,10,2,0,64,0,,0,,0.5744036679250106,0.5499907567176986,65,4.252379571437633,-0.30586845715501193,,,,,,0.6211267410209279,38.47751795326038,46.82539682539682,24.24207636463625,3,30.96979628731677,56.58793479879868,27.485575306510764,14.073268902938715,,,,4957772
2025-10-14,83.70870105,85.32765196,83.0432427,84.03646411,84.31634319431217,86.01351046946925,81.31103880944796,74.21072801193496,58.09248504002494,80.75302220324397,0,0,0,0,84.65788784876897,60.362764691470055,95.75424406013516,26.826577696474434,2,96,84.03646411,82.70843665366975,83.27872660633024,80.76208288935806,87.18497601,84.65788784876897,,,86.08361273042017,77.55383192144001,1,3.5,4,44.65978525811042,0.4232989262905521,0.22073497147304738,1,9.049157558493574,63.51265340630446,0,0.9615593566660932,87.18497601,77.55383192144001,0,1,0,0,8,10,2,0,64,0,,1,,0.049819062052123386,0.22371971836681084,66,3.877602830065916,-0.8072795454593626,,,,,,0.6840194939593157,43.74392381830304,53.57142857142857,39.54650490201031,3,31.347201314013606,54.0242719339966,25.51952332422826,16.767519990172286,,,,5195001
2025-10-15,85.47663517,86.83734851,84.88566843,86.03283916,84.8885085162081,86.06800693706275,81.76073408092911,74.67434021381986,58.37049851385554,81.37544398010657,0,0,0,0,84.83284056835473,60.56114482685386,95.98488592155209,16.84471259498566,2,97,86.03283916,82.39764878,82.99358163,81.39627316880782,87.18497601,87.43638288579703,87.14659751134752,87.72616826024654,88.88530975804458,82.39764878,1,2,2.5,47.39096178796243,0.4369548089398122,0.6433686140029435,1,8.786894734000622,76.27642180457474,0,0.2484892595486953,87.18497601,82.39764878,0,1,0,0,8,10,2,0,64,0,,2,,0.2142112973171486,0.6412400883266929,67,3.874245759498251,-3.0372676303614616,,,,,,0.870166748204407,47.64070816604866,59.12698412698413,56.513629198386674,3,30.438696240096984,52.25239279467976,27.968762708250843,15.320516655118578,,,,6427627
2025-10-16,86.28114452,86.81748408,84.76151575,86.1321613,85.30305944413874,86.22089553003505,82.17706048274539,75.12366653092496,58.64673396446394,81.99020795614554,0,0,0,0,84.9809969563842,60.75947426901584,95.68892936841408,17.67553100918994,2,98,82.92347188294119,82.39764878,82.99358163,81.2478756631161,87.18497601,87.18497601,86.89753273077902,87.47241928922098,88.62219240610487,82.39764878,0,2,2.5,46.86608354386866,0.43433041771934333,0.5491576304400538,1,8.245372279170464,66.2046381501957,0,2.543276283771803,87.18497601,82.39764878,1,1,0,0,8,10,2,0,64,0,,3,,0.34883744331881406,0.5459858320098274,68,3.6005628384591795,-1.5365482998673916,,,,,,0.9038245189361661,49.25484587431655,60.714285714285715,72.44399380406847,3,28.562807429686472,50.52007079544748,26.18260626967536,14.727752844280802,,,,6501302
2025-10-17,85.66534724,85.95338145,83.12279973,83.91727754,84.84113214275916,86.12766987544589,82.34279544057917,75.46851402147692,58.898182159245394,82.5815249835155,0,0,0,0,84.88062618959323,60.92243738822835,94.80843703567388,20.77837832898244,2,99,82.40691062482297,82.11312970867135,82.70069154097459,80.93800604406488,87.18497601,84.88062618959323,84.58684527344161,85.17440710574485,86.34953077035132,82.39764878,0,3,4,42.478552755854956,0.4123927637792748,-0.10489955297317591,1,8.777198833492443,60.939893206179995,0,3.2528085539164837,87.18497601,82.39764878,1,1,0,0,8,10,2,0,64,0,,4,,-0.2659374264645062,-0.10411658119525428,69,3.211774394217728,-1.1056031043084555,,,,,,0.8545116233962328,51.397741586141976,63.095238095238095,69.04311103939312,3,30.405108655486384,47.83115779350689,23.787936442771034,18.361123289169207,,,,5940460
2025-10-20,84.65226139,85.44187242,84.25497283,84.70192246,84.79472891517278,85.93712185107879,82.56747420433354,75.83060847004646,59.154935794078774,83.15367077262489,0,0,0,0,84.86782017818629,61.05854885987088,93.70539657469843,15.734796276880399,2,100,84.70192246,82.12050948494971,82.69332752351701,80.97487340781512,87.18497601,84.86782017818629,84.58141115890264,85.15422919746995,86.29986527460453,82.39764878,1,2,4,43.18656815865973,0.4159328407932987,0.04672088447180651,1,8.756036129779087,67.27451072601309,0,0.6662250792069322,87.18497601,82.39764878,0,1,0,1,8,10,2,0,64,0,,5,,-0.44680009517285824,0.047302047656787485,70,2.9295373727405383,-2.3902367523888763,,,,,,0.7116169995044922,53.80533007848278,66.66666666666667,77.38918241211312,3,30.331798899372263,45.33431000599063,22.6573428665331,17.488455410087333,,,,4859744
2025-10-21,85.01975332,85.86399152,84.01659969,85.46670295,85.01872026011519,85.75333762159569,82.84359122773034,76.20849452808385,59.4167444224959,83.7100418101207,0,0,0,0,84.90888385172009,61.20122955067714,86.23624917423246,8.651088667846505,2,101,82.40692593345017,82.1244801313475,82.68937173555284,80.99469692293681,87.18497601,87.18497601,86.90253020789733,87.46742181210267,88.59720502051336,82.39764878,0,2,0,43.84279007659879,0.41921395038299397,0.17735229366126637,1,8.541881308566152,73.46539559009469,0,3.3833394166098953,87.18497601,82.39764878,1,1,0,0,8,10,2,0,64,0,,6,,-0.25221172389243096,0.17801517431499775,71,1.3079248500133516,-5.079954841774179,,,,,,0.7511612761269307,54.48972186669822,67.46031746031746,84.14945403336976,3,29.589944837319,43.22799705225774,22.668562462097235,16.467146018180582,,,,4992264
2025-10-22,85.48656738,86.74795858,82.51683535,83.56965005,84.53569685674346,85.40085881988442,82.91273968699412,76.49716729364918,59.65707184167505,84.23789193490565,0,0,0,0,84.76975923726263,61.42013757092198,74.28531670209907,53.005850602804,4,0,82.40724761955974,82.10719863162511,82.70729660749437,80.90700267988662,87.18497601,84.76975923726263,84.469710249328,85.06980822519726,86.27000417693576,82.39764878,0,0,7.5,40.08339241286761,0.4004169620643381,-0.35775147871530627,4,8.766429572943444,15.257075250091539,0,3.184632231774926,87.18497601,82.39764878,1,1,0,0,8,8,2,0,576,0,,0,,-0.9477056532013738,-0.3522988035457633,72,1.1116874101389254,4.630499829032459,,,,,,1.2719855407998335,55.2722651456822,68.25396825396825,82.00943094935113,3,30.36780284262476,40.317189848239195,19.814460623704143,18.85669361765969,,,,8440434
2025-10-23,83.43059905,85.79446602,83.35114134,85.25812646,84.77650672449563,85.19098253622293,83.13610985585181,76.8407343197806,59.91180870354893,84.74824788606126,0,0,0,0,84.8002187386805,61.56858757509334,73.31866938005282,27.239441917802857,2,0,82.40705127213333,82.1066189558369,82.70748358842977,80.90488969065115,87.18497601,87.18497601,86.88454369370356,87.48540832629644,88.68713759148218,82.39764878,0,2,0,42.306046679157696,0.4115302333957885,0.04083006043694817,1,8.829500709846982,71.47024163854688,0,3.180699597677293,87.18497601,82.39764878,1,1,0,0,8,10,2,0,576,0,,1,,-0.664656290784567,0.04269342027145421,73,0.8426544082140555,-5.164008781952486,,,,,,0.8340494677672837,56.16647583034832,68.65079365079364,83.63286331649323,3,30.58628766984088,37.6142974445077,18.375666127861475,17.487445799002263,,,,5404581
2025-10-24,86.4102633,87.16511158,85.85405931,86.81748408,85.45683250966376,85.27384988077056,83.48671692481831,77.23197940841665,60.17952686649869,85.25015699666139,0,0,0,0,84.95664996424325,61.77875355323656,79.5653682579075,15.287994495756829,2,1,83.91727754,83.62127802201046,84.21327705798954,82.43727995005227,87.18497601,86.92882943105263,86.63282991306309,87.22482894904218,88.40882702100036,82.39764878,0,2,5,44.2641519475461,0.4213207597377305,0.36541722419780426,1,8.93829025735887,71.34322210820582,0,2.2079079670091954,87.18497601,82.39764878,1,1,0,1,8,10,3,0,576,0,,2,,0.3993510045505222,0.3634349606724975,74,1.9596904455757054,-4.048398568263584,,,,,,1.1003894973047366,56.29836011193509,69.04761904761905,81.8237740646197,3,30.963145717086917,35.86367700653078,21.453085295908025,16.481522981965018,,,,7284530
2025-10-27,88.02921421,89.16148663,87.55246793,88.76419806,86.55928769310917,85.7303697022619,83.98933417578799,77.6842232771062,60.463951455488754,85.75504543030536,0,0,0,0,88.76419806,62.13782725229508,99.83240044173942,0.5225453321772898,2,2,88.76419806,86.88919072052757,87.48076129947243,85.1861856142205,93.6195609615,89.16148663,,,90.64041307736218,82.51683535,1,1,0,46.80515567254119,0.43402577836270595,0.7470515985453395,1,9.084928396284653,96.30768896821239,1,1.3570000035151442,,82.51683535,1,1,0,0,3,10,2,0,576,0,,3,,0.2706198105318683,0.7388603822990326,75,8.079560681290708,-6.558632761327543,,,,,,1.7356241849647047,55.71331331000322,67.46031746031746,77.02999426022377,3,31.471115130980515,35.1442624190137,25.96140553446107,15.315355770458714,,,,11801933
2025-10-28,83.73849769,86.65856866,82.54663199,85.84412709,86.32090082540611,86.11260903019478,84.16598111999866,78.00421950506282,60.716490516528665,86.24365423729844,0,0,0,0,87.15662289613087,62.51799055886261,98.73098419453996,12.431966536392423,1,0,85.84412709,83.5871057884363,84.2474492915637,80.56137906498094,88.22547789840782,86.92248834630156,86.59231659473787,87.25266009786526,88.57334710412003,81.54585894959204,1,5.5,0,41.38519265475483,0.40692596327377417,-0.08732439778858399,6,9.691417750965819,82.44719664089062,0,0.45077879867253834,88.22547789840782,81.54585894959204,0,1,0,0,8,15,2,0,576,0,,4,,-0.09854212957780227,-0.08887058530215884,76,5.8055429018848725,-2.602859886207594,,,,,,2.0055689081433035,53.937024197459536,64.68253968253968,60.66047424582048,3,33.57205588409539,33.3323497166104,21.596340950214206,26.277165681616385,,,,14455280
2025-10-29,86.7578908,91.30187878,85.91365259,89.67796176,87.43992113693741,86.75437410424199,84.69093165714165,78.46201331898193,61.00466435974729,86.73748284822754,0,0,0,1,89.67796176,62.90772123319477,99.63361678918254,0.5190417092286624,2,0,89.67796176,,,80.68196322455526,,91.30187878,90.946560799173,91.65719676082699,93.07846868413499,81.47936483839014,1,1,10.5,47.00181158470928,0.4350090579235464,0.7891867887451128,6,10.487006828657101,95.01562862757014,0,0,,81.47936483839014,0,1,0,0,3,10,2,0,576,0,,5,,0.22654887727476547,0.7844296827442292,77,7.034100126459476,-6.567649715107992,,,,,,1.7702131468756053,48.64221325420392,56.34920634920635,33.89709463882376,3,36.32805729311172,31.980106765625855,30.302414613613866,22.67339552899702,,,,13122978
2025-10-30,88.20799407,91.16779389,87.90009543,89.66802955,88.18262394129161,87.51481494901081,85.16494098027101,78.9014649358846,61.289871973580645,87.23368176596715,0,0,0,0,89.67506188539056,63.065135399815205,93.724982608589,3.4804014066962115,2,1,89.66802955,,,81.03271876915393,,89.67506188539056,89.31594788122977,90.03417588955135,91.47063190619448,82.05091518,1,3.5,7.5,46.30154487621042,0.4315077243810521,0.6487335050853377,6,10.42975777500643,78.8052064606957,0,0,,82.05091518,0,1,0,1,8,10,2,0,576,0,,6,,0.20632616117655622,0.6475295983230148,78,2.5693996215675305,-5.037750017549298,,,,,,0.7389193738891231,43.000455129570554,48.41269841269841,19.01678293923122,2,36.12974075389532,30.72445259685449,27.840523472700628,20.8313168597222,,,,5411430
2025-10-31,90.63145432,91.94250659,87.31409479,88.47616385,88.28047057752774,88.18892808415845,85.48029553929283,79.27694332467344,61.56038234051019,87.72188691305868,0,0,0,0,89.32812454808855,63.27192299236346,85.93431007516575,5.0905990769585525,2,2,86.81748408,86.44269597077927,87.19227218922073,84.94354353389636,89.80795417503118,89.5904999524127,89.21571184319197,89.96528806163343,91.46444049851635,82.05091518,0,2,4,43.72257040349427,0.41861285201747134,0.24466861445238824,6,10.54064804737961,60.292554960547356,0,1.5958190889508586,89.80795417503118,82.05091518,1,1,0,0,8,10,2,0,576,0,,7,,0.4100484743412363,0.24691832741146635,79,1.2587420972857295,-3.0714468418228673,,,,,,1.0319616313142221,42.843970087076976,48.01587301587302,17.336133185262256,2,36.51387592552632,29.808414769656792,26.616352303545384,18.534402035647428,,,,7547623
2025-11-03,89.05223227,89.2806732,86.59996859,86.90687401,87.82260505501849,88.59331066019999,85.61616015555065,79.57615629272546,61.81258623771904,88.19134623336686,0,0,0,0,88.9426525094435,63.39710564490847,90.23172230585521,49.01520002165085,1,0,86.81748408,86.44553168742004,87.18943647257996,84.95772211710019,89.9019457348089,87.16511158,,,89.02487354289981,82.11506473719096,0,0,5,40.59737555030179,0.402986877751509,-0.20204055634028031,6,10.565194709792207,34.06086424580023,0,1.658524970582524,89.9019457348089,82.11506473719096,1,1,1,0,19,15,2,0,584,0,,0,,-0.027823224457272613,-0.1987358078293372,80,3.7992950200398496,3.4366383190429186,,,,,,0.6929530667602802,40.4798735853559,44.44444444444444,10.604047313988914,2,36.59890805843604,28.629409346982783,24.90360963076793,19.05595887072525,,,,4938599
2025-11-04,84.92043117,85.4964996,84.14571847,84.63239696,86.75920235667898,88.46477748950302,85.52246842264105,79.77444024046171,62.03964903097557,88.62801147007573,0,0,0,0,88.28334285213924,63.52392255851254,71.06725145502996,68.23665654387317,4,0,82.2029722355469,81.46289715754125,82.51683535,79.98274700152996,89.89824894317215,86.99129783000001,86.62126029099718,87.36133536900283,88.84148552501412,82.13365984982772,0,5.5,0,36.416627563035,0.18208313781517502,-0.7734522498503826,6,10.918840134707626,22.07236356369634,0,3.4659892112398865,89.89824894317215,82.13365984982772,1,1,0,0,8,8,2,0,584,0,,1,,-0.5818231315549109,-0.76755954479442,0,0.5415306644054785,2.409447965129873,,,,,,0.7923093131647795,40.25651134061386,44.04761904761905,6.431211430869588,2,37.82397174607162,26.65500244759861,23.24444544252836,23.7082027376985,,,,5601891
2025-11-05,84.96016003,87.52267129,84.92043117,86.50958544,86.67599671778599,88.19271823411431,85.61647956715143,80.03856358162008,62.28313098529422,89.04322112038881,0,0,0,0,88.03668583027597,63.66796330942802,77.99800469179874,49.81817224024125,1,0,82.29864034638967,81.92922803936919,82.66805265341016,80.45157881128728,89.90047241785936,87.24404893252647,87.16511158,87.98287354656742,89.46052277464933,82.13441603914052,0,2,3.5,38.89729702321151,0.19448648511605754,-0.3015112053874103,6,10.887999741493799,54.01023348978159,0,4.115635525401299,89.90047241785936,82.13441603914052,1,1,0,0,8,15,2,0,584,0,,0,,0.1123340199420362,-0.3011149510826824,1,2.3053657782121872,-1.0419988389469768,,,,,,0.8376553321947818,35.33753792261147,36.507936507936506,-6.309067245995201,1,37.71713749012812,25.407834264166766,26.517848088929696,22.05201976426437,,,,5915264
2025-11-06,86.65856866,88.01431589,85.75473717,87.26443372,86.87214238519066,87.92728518464028,85.77342758170843,80.32193103802713,62.53170116175895,89.44077727406047,0,0,0,0,87.93214591484649,63.83327958064919,82.65835253936575,31.211739531592137,1,1,86.81748408,86.45428355633813,87.18068460366187,85.00148146169063,89.96439066788379,87.93214591484649,,,89.74814853315586,82.13704362411606,0,3.5,1.5,39.55231042613353,0.19776155213066768,-0.14315944276174022,6,10.922015791261435,65.75644413138305,0,1.732875578567967,89.96439066788379,82.13704362411606,1,1,0,0,8,15,2,0,584,0,,1,,-0.06787277965490768,-0.14458084962486567,2,2.5725816151092586,-2.5817555470779543,,,,,,0.9291339457096931,30.73605892015249,28.571428571428573,-18.762835402709428,1,37.834972543068794,24.4162550396285,26.253464786345933,20.827089512582067,,,,6659900
2025-11-07,85.31771974,85.85405931,82.7651407,84.90056675,86.21495050679377,87.44783785836452,85.69029797868858,80.50148537967313,62.75427693875638,89.80577006246729,0,0,0,0,87.53437834057405,63.99666658482336,49.0472556265935,56.8895228159099,4,0,80.89631928052776,80.51888939230602,81.2737491687495,79.00916983941907,89.76370248755752,88.22502104748641,87.53437834057405,88.47616385,89.98588340288696,82.58603715944231,0,3,0,35.29048678683174,0.17645243393415871,-0.7419053783285688,6,10.052869450609112,14.743672097359408,0,3.202399023835899,89.76370248755752,82.58603715944231,1,1,0,0,10,8,2,0,584,0,,2,,-0.7706975879137625,-0.7361572107551814,0,-1.8277253888049918,1.8936885190775574,,,,,,1.03997209798832,29.28214392421344,26.58730158730159,-15.914288153470235,1,34.82416130062401,22.995419942241675,23.459141859705504,25.682590847643905,,,,7430009
2025-11-10,87.25450151,88.21792628,86.21161902,87.95968871,86.7965299078625,87.1908093544065,85.90643042928967,80.79396394164672,63.00507705588318,90.15662150485245,0,0,0,0,87.57957887815958,64.16392293431255,43.8332947972509,62.49379217138337,4,1,80.819264543503,,,78.91881508345564,89.94757039482593,88.47616385,88.09607395799054,88.85625374200947,90.37661331004736,82.70609500617391,0,4,0,39.60730280828479,0.19803651404142397,0.003929879788775423,6,10.22900475216264,39.52416198622842,0,3.0361601111361933,89.94757039482593,82.70609500617391,1,1,0,0,10,8,2,0,616,0,,0,,-0.5651338165080798,0.005041166526179221,1,-0.17778915870072387,0.8310426300334115,,,,,,0.9309595286960781,29.183889656543887,26.58730158730159,-17.63946269726961,1,35.43431188321836,21.844765185027928,27.183925422177435,23.681222475539574,,,,6733849
2025-11-11,87.01612837,87.87029878,86.36060223,87.33395922,86.97567301190834,87.0236063337026,86.04238555221447,81.0504343447194,63.24715548537688,90.48837195671683,0,0,0,0,87.56470622987513,64.26158992720845,64.81932403071131,60.23797910516475,1,0,81.01874152367064,80.6515233518047,81.38595969553658,79.18265066434094,89.97806799677633,88.23310848463338,87.56470622987513,88.47616385,89.94503653746376,83.00534691522353,0,3.5,1.5,38.08361585556545,0.19041807927782725,-0.19531358841593416,6,10.192618531722738,45.16270805607057,0,4.879565968961066,89.97806799677633,83.00534691522353,1,1,0,0,8,8,2,0,616,0,,1,,-0.1546093585807475,-0.19219804694512074,2,2.3989553250801072,0.4293884465307176,,,,,,0.5689758095624544,29.255268053590207,26.984126984126984,-17.143289364817633,1,35.308266318223744,20.776300053329447,26.127005863901633,22.76048910794952,,,,4083927
2025-11-12,88.29738399,90.00075872,87.79084107,88.40663835,87.45266145793889,87.02900498683982,86.2675524853369,81.33891293316178,63.4974985984577,90.80751306869008,0,0,0,0,87.6431310745278,64.43301333038819,55.01105605483767,71.06254082362867,4,0,81.23747851359428,,,79.41348345225242,90.18665812152824,88.47616385,88.11136483773163,88.84096286226838,90.30015891134187,83.1477693141,0,4,4,39.22853703113797,0.19614268515568986,0.02520179443101246,6,10.002756762187161,38.09536361204098,0,2.9212768437980605,90.18665812152824,83.1477693141,1,1,0,1,8,19,2,0,616,0,,0,,-0.6426762074810138,0.025989202234549886,3,0.1833592703899507,1.8316229987835437,,,,,,0.9618307442363621,28.838774891105412,25.396825396825395,-16.77257159036378,1,34.65056585572264,20.465356549346104,29.636044476457275,21.274894620800854,,,,6927767
2025-11-13,87.80077328,88.12853635,80.77869786,81.80171592,85.5690129452926,86.48856268571038,85.84223471720958,81.35706206990054,63.67963011409494,91.07496715779764,0,0,0,0,86.86830958546668,64.63313104033821,22.726746016117485,54.699256240963535,4,1,81.25135726521806,,,79.21711450781133,87.18497601,82.59061386876924,82.1837653172879,82.99746242025059,84.62485662617597,78.15659332,0,0,6,28.4582146181372,0.38819664425251366,-1.5874708825434665,6,12.741317745331143,4.796706491327747,0,2.1796909600021226,87.18497601,82.24887156939783,1,1,0,0,10,8,2,0,616,0,,0,,-1.7672445692946213,-1.5707639941058615,0,-1.1917405645603685,7.178001138933509,,,,,,1.5274296709263522,26.939255855355427,20.238095238095237,-38.96476435666572,0,44.13721938058494,20.045375200580935,24.674958684864965,33.102099489156224,,,,11373713
2025-11-14,80.37656431,83.63537804,79.30022594,81.78178385,84.30660324686173,85.57505098858398,85.45552511080867,81.37371782598287,63.859751046790514,91.29402781398608,0,0,0,0,86.34697023512167,64.80156890928151,24.03336810297683,55.88078492239516,4,2,81.27814835398637,,,79.19567507478727,87.18497601,82.79215496840001,82.3756603125602,83.20864962423983,84.8746282475991,78.15659332,0,8,4,28.06467690435855,0.3616761314405298,-1.4815801314935348,6,12.500556364405197,7.8824107178028555,0,2.2259885371411943,87.18497601,81.79677515020524,1,1,0,0,10,13,2,0,1640,0,,0,,-1.5708219753498964,-1.4717493289893981,0,-2.6129533043320037,3.825978039276446,,,,,,1.2818879429079824,26.78966309323459,20.238095238095237,-38.13467677958697,0,43.303197492056576,20.003323565735034,22.381804176238077,33.195235564258994,,,,9792209
2025-11-17,81.33330953,82.51927495,79.94802218,80.78517425,83.13279358124115,84.4077722155446,85.01072979073165,81.35063768574824,64.02816321796672,91.4639669911923,0,0,0,0,85.95478151332757,64.91693462634619,13.244243939636464,48.80647395037688,4,3,77.07819564154,76.6684929899566,77.48789829312341,75.02968238362298,87.18497601,81.2598026014922,80.8500999499088,81.6695052530756,83.30831585940922,77.07819564154,0,8.5,4,26.171313043899953,0.3414002245988308,-1.6192555793816228,4,12.494197760708012,4.442851593451266,0,2.04128869744497,87.18497601,81.03544533433562,1,1,0,0,10,8,1,0,1640,0,,1,,-1.4843492750346479,-1.6110444833883109,0,-4.469516044411597,4.276615571529507,,,,,,0.9342257888983215,26.69848141099238,20.238095238095237,-38.31386486427288,0,43.28117064271913,19.964275619092415,21.127643825272585,31.335146540253827,,,,7248013
2025-11-18,80.18720849,80.79514034,78.60259922,79.84836122,82.03798279416077,83.09172645859005,84.51907564113816,81.29172488316988,64.18557812345959,91.58471549384424,0,0,0,0,85.5711877522368,65.01868001710045,7.888523821096968,43.03628670100416,4,4,75.92312905,75.5231146135297,76.3231434864703,73.92305686764848,83.92556100771999,81.21297447636579,80.81296003989549,81.61298891283609,83.2130466587173,75.92312905,0,9,2.5,24.402340143160163,0.3051572336427212,-1.731265458431822,4,12.46733979065238,4.563360677656824,0,2.6448272582574655,83.92556100771999,80.06905823987152,1,1,0,0,10,8,1,0,1640,0,,2,,-1.265164263415363,-1.7218138542579142,0,-4.42691866823186,4.287070687022821,,,,,,0.8773123742344845,27.467973107460043,21.825396825396826,-36.39925624079095,0,43.1881319052701,20.25462295631154,20.093680520446622,32.80470731255242,,,,6889693
2025-11-19,79.97792047,82.54917324,79.73873417,81.4130383,81.82966796277384,82.00746547137012,84.22326256102976,81.29648227206518,64.35699563765402,91.67131678191797,0,0,0,0,85.37563158033623,65.10597641941544,18.756910463314743,75.17267022391064,4,5,81.21675599061592,80.82022080791135,81.61329117332049,79.23408007709308,85.12449844548,85.0362995586675,84.63976437596293,85.43283474137206,87.01897547219033,79.72096087187693,0,5.5,2.5,26.50223568293299,0.31919236906944903,-1.2359553897436075,4,12.496680511762754,15.35606702045012,0,2.680891340101175,85.12449844548,79.72096087187693,1,1,1,0,10,8,2,0,1640,0,,3,,-1.2934495252382725,-1.233271540162195,0,-0.7136069818919468,3.068517379596219,,,,,,0.7027734974056647,28.252715763782554,23.41269841269841,-34.735816298559804,0,43.289771144657855,19.870232597872942,22.77159154990407,30.728787410153537,,,,5412614
2025-11-20,83.96435887,84.30320614,77.22229492,77.76544716,80.47492769518256,80.75885653922812,83.60823252283645,81.15801030688615,64.49041306573707,91.70531798566844,0,0,0,0,84.86186621158544,65.20890268222912,10.093593675319182,28.912396240412203,4,6,72.34949705009997,71.91806338741002,72.78093071278992,70.1923287366502,81.63048454742,81.27324792652855,80.8418142638386,81.70468158921851,83.43041623997833,78.41575395789738,0,0,5.5,20.584507779057436,0.3817924396495398,-2.035016688650466,4,13.03627081729129,3.6604057494686586,0,1.3246504460569568,81.63048454742,78.41575395789738,1,1,0,0,10,6,1,0,1642,0,,0,,-2.0309592060340207,-2.011759829742917,0,-5.203861458137853,4.553479179865211,,,,,,1.061677600347867,31.28755452148782,29.761904761904763,-30.7168503997854,0,45.15896679355193,20.13580873508925,19.434635521351677,31.43358268252917,,,,8332229
2025-11-21,78.29365024,79.78856465,77.12761701,79.19059889,80.04681809345504,79.65464711327141,83.18750551018536,81.08085691798865,64.63668357145113,91.69999553196187,0,0,0,0,84.5559347105065,65.30426044275887,10.165606514637389,54.105854323808636,4,7,77.57868289938946,77.15430746582022,78.0030583329587,75.45680573154324,83.01841216,81.3837018777391,80.90781665,81.78178385,83.47928558427698,77.57868289938946,0,6.5,0,22.516494526611325,0.3119148017074095,-1.5388781250925858,4,13.036926314509985,11.170936341042918,0,1.8157322785430123,83.01841216,77.57868289938946,1,1,0,0,10,8,1,0,1642,0,,1,,-1.3946586325948231,-1.5239194423687232,0,-2.4547958082058474,2.8624452634276376,,,,,,0.8981198831305675,34.03233570273553,34.92063492063492,-24.642597092623834,0,45.16123750252593,20.4049621505849,18.34659649989381,29.87298409482592,,,,7037507
2025-11-24,79.77859855,82.46944447,79.74870026,82.31995303,80.80452973897003,79.05853082211861,83.10488146445343,81.12944892238126,64.81263650138693,91.67899223076226,0,0,0,0,84.36590186813264,65.50175964219791,73.4821997718225,90.15493922083223,4,8,81.4046592597706,80.90781665,81.78178385,79.21446341174281,87.18497601,83.69726382813862,83.48040824760002,84.36590186813264,86.05925510638983,78.15659332,0,3.5,0,27.012196191460937,0.32744063625054276,-0.6880789202682545,4,13.491694811965132,28.628282585316782,0,2.3457624755671675,87.18497601,78.15659332,1,1,0,0,8,8,2,0,1642,0,,2,,-1.339037242345905,-0.683833485153809,0,1.7989693102552193,2.772746468513798,,,,,,1.5433017219376859,36.32359095059159,38.492063492063494,-22.280205320611916,0,46.73660178907407,19.66474189385476,22.73206924247503,27.807156961170698,,,,12117378
2025-11-25,82.10069892,83.05744414,79.99904859,82.66876639,81.42594195598002,78.93104416716491,83.06334669545787,81.18981431326827,64.99030943560199,91.64754211682263,0,0,0,0,84.31433914478083,65.57490960429354,65.6668999929124,89.22084637355965,4,9,81.43069441872551,,,79.22618880197547,84.30320614,83.75262924750145,83.3322222854953,84.17303620950759,85.85466405753212,79.06042481,0,7,0,27.201681462857717,0.30767774469291553,-0.584244048248584,4,13.141591154612112,45.62366149568174,0,2.23222013979539,84.30320614,79.06042481,1,1,0,0,8,8,2,0,1706,0,,0,,-1.1733546990290158,-0.5797778400879033,0,3.298555922898688,2.3361580949900995,,,,,,0.6076441629579498,38.841699848885284,40.476190476190474,-14.67826993055441,1,45.52380714417184,18.77503203026029,22.504320269825133,26.00097159466702,,,,4467525
2025-11-26,83.33649483,84.06401983,82.53920714,83.31656263,82.05614884732002,79.28678874517618,83.0874624987476,81.27321620804207,65.1726602136557,91.61105931126727,0,0,0,0,84.29103923591016,65.63420529883578,58.65203507922284,87.96374750537544,4,10,81.4666650561333,,,79.29184748076293,84.30320614,83.85199861781476,83.44800632550549,84.25599091012403,85.8719600793611,79.64642545,0,2,6,27.839745004827332,0.31778768603136365,-0.4191394898230312,4,12.296361428920667,38.53492415305623,0,2.0820066362034764,84.30320614,79.64642545,1,1,0,0,8,8,2,0,1706,0,,1,,-1.2287116880578157,-0.41645773252212664,1,0.5273469668726962,2.320355404923035,,,,,,0.5116309625841561,41.03478353735937,45.23809523809524,-3.6648220761025065,1,42.595845486241664,17.60188215895975,23.970549973064994,25.124747941690043,,,,3515851
2025-11-28,83.67534209,84.05405374,83.24689962,83.91452839,82.67560869488001,80.02189408342076,83.16623067886688,81.37679707792277,65.35914646416659,91.57578691658833,0,0,0,0,84.28647502533644,65.66625433454165,78.19373891712547,81.432426242748,1,0,83.80629184900003,,,81.89457968292129,87.18497601,84.29893436604334,83.91659193282759,84.6812767992591,86.21064653212208,80.33413196,0,3.5,0,28.389877973707133,0.2919493898685357,-0.28148375193332104,0,12.339802834002498,57.41446476111394,0,2.073953640299236,84.30320614,80.33413196,1,1,0,0,8,8,2,0,1706,0,,2,,0.014321636820001293,-0.28094164795963045,2,5.019846668746382,1.4577930947955011,,,,,,0.27601406776972914,43.0161940472466,48.41269841269841,0.6313129422809101,2,42.74633092774949,16.512528707037816,23.518731541083355,24.651174150863213,,,,1847543
2025-12-01,83.06741023,83.20693558,82.27012255,82.61893591,82.65671776658668,80.76328245261861,83.11410736754623,81.42550840467091,65.53088566263258,91.5356904265142,0,0,0,0,84.24798199713848,65.7239905637045,80.33110390322466,78.23448564651977,1,1,81.42550840467091,81.05579395025629,81.79522285908553,79.5769361325978,84.30320614,84.10786263716922,83.7381481827546,84.47757709158384,85.95643490924233,79.64642545,0,2,2.5,26.07633038158596,0.2803816519079298,-0.6052209920435617,0,12.360364535176277,38.15285423133554,0,1.556713675090371,84.30320614,79.64642545,1,1,0,0,8,15,2,0,1706,0,,3,,-0.21623214547680444,-0.6014522954684717,0,2.0645533167686536,1.4674164117543231,,,,,,0.5543531429625738,44.31492271437617,50.3968253968254,3.497079254619516,2,42.817558749995555,15.839419390517337,22.584749657184418,26.031128415498138,,,,3601265
2025-12-02,83.73513867,85.16009107,82.93785098,83.42618969,82.91320840772445,81.52831291448658,83.14382949349421,81.50396649429166,65.70894838927306,91.4986855597052,0,0,0,0,84.22417298331294,65.80157439417863,83.87202164849884,79.83797683075554,1,2,81.50396649429166,81.13797132983522,81.8699616587481,79.67399067200948,84.30320614,84.1468945508785,83.78089938642206,84.51288971533494,85.97687037316068,80.33413196,0,0,4,26.96320932693433,0.28481604663467164,-0.4003670020091815,0,12.328600065423982,38.33593400852375,0,1.529659360317331,84.30320614,80.33413196,1,1,0,0,8,15,2,0,1706,0,,4,,0.12005420737285348,-0.3968706902295731,1,2.583965292538012,1.9719399330261096,,,,,,0.7180883796953015,43.6695182780062,48.41269841269841,2.252518531677666,2,42.70752339902264,14.925303405482845,25.949455407858572,24.417398657036813,,,,4654753
2025-12-03,82.83819002,83.77002,81.3931061,83.26673215,83.03104965514963,82.21981613558007,83.15553450839953,81.5730945592214,65.8836527053002,91.46289406163937,0,0,0,0,84.19703808524325,65.87829774194049,88.60345215188369,77.43821608134073,1,3,81.5730945592214,81.21201946097614,81.93416965746667,79.76771906799509,84.30320614,84.16791821442666,83.8068431161814,84.52899331267193,85.97329370565298,80.33413196,0,3.5,0,26.38451077151855,0.28192255385759274,-0.4438948287930378,0,12.05762250597373,47.73976468586308,0,1.5122126084275962,84.30320614,80.33413196,1,1,0,0,8,15,2,0,1706,0,,5,,0.2719843693488968,-0.4390108871035432,2,3.519075139539076,1.4675523900849363,,,,,,0.7280804848100593,42.264063644890946,45.63492063492063,1.1856545945776251,2,41.76882959766493,14.190763702789239,24.424257722526498,26.802053791278006,,,,4686188
2025-12-04,82.85812222,86.99405206,82.85812222,85.16029039,83.74079656676642,83.0021347281818,83.34646363998053,81.71376890552645,66.07546004544646,91.43896365328578,0,0,0,0,84.24256055959081,66.02541897035394,76.89341707737108,82.19924851156259,4,0,84.1617591466488,83.78954718184963,84.53397111144798,82.30069932265293,88.94664338058307,89.21692936504895,88.94664338058307,89.9613532946473,91.45020115384399,82.05091518,0,5,4.5,28.883386254786664,0.2944169312739333,0.0008671836255010922,4,12.068600317098305,40.369309292441415,0,3.208751492318532,84.30320614,82.05091518,1,1,0,0,8,8,2,0,1706,0,,6,,0.31953283039645985,0.002218558075849191,3,1.2761463436476133,2.3499352824773094,,,,,,1.2520662608199546,40.41409286403538,42.06349206349206,-3.3314270874975094,1,41.80685785091225,13.918481380843584,29.734840386881892,24.142964718670207,,,,8201900
2025-12-05,85.20015478,86.4060524,84.6420534,85.67852739,84.38670684117761,83.88099263046016,83.5685649495062,81.86924963040777,66.27051544190968,91.42745294583378,0,0,0,0,84.28543359860997,66.12258629815376,66.27052432849035,86.14022800838578,4,1,84.11156785958862,83.75019247263225,84.47294324654499,82.30469092480675,88.6829557647707,88.76279933346892,88.40142394651255,89.12417472042529,90.56967626825079,82.05091518,0,2,5.5,29.286043451861598,0.3145511164905166,0.07722143969233435,4,12.049822726633696,23.892495897501558,0,3.7146327036817217,84.30320614,82.05091518,1,1,0,0,8,8,2,0,1706,0,,7,,1.1449671938496688,0.07814307858339758,4,0.7424978764397223,2.7617071727177867,,,,,,0.8236432697943398,38.03700765921699,36.111111111111114,-8.87551995816023,1,41.7418103694554,13.665647796179762,28.438893049272313,23.090730691445838,,,,5341123
2025-12-08,86.884425,89.46564387,86.32632363,87.97072947,85.58138105078507,84.94668419748007,83.98781871336274,82.10852334960747,66.48643796955237,91.43889759615031,0,0,0,0,84.41141469802186,66.24989691226263,62.36928525359089,72.60732382016603,4,2,84.23318366888236,83.86380726956573,84.602560068199,82.3863016722992,89.18052100190395,89.1527828977085,88.78340649839187,89.52215929702514,90.99966489429167,84.5350618,0,2,8,32.31379534919048,0.19558033779539727,0.5580792155094692,4,12.004692610468753,44.84445290684327,0,2.50027944733424,84.30320614,84.5350618,1,1,0,0,8,8,2,0,1706,0,,8,,1.272090888395559,0.5548291806874603,5,0.8960230443729551,0.3093902591335289,,,,,,0.9847617415201871,35.054228497129614,32.53968253968254,-15.705595654305677,1,41.58547506115707,14.304236108631402,33.23118203636486,20.976953668038508,,,,6331866
2025-12-09,87.46245857,91.05025314,87.46245857,90.80110074,87.32128761385671,86.32737924726624,84.63670271589962,82.449408737466,66.7283749125419,91.48658663382999,0,0,0,0,84.66585507935042,66.42223632132742,59.43932743013762,83.69124563080493,4,3,89.05223227,88.6772060191167,89.42725852088331,87.17710101558349,96.5396319195,91.94250659,91.56748033911668,92.3175328408833,93.81763784441651,86.28321877043999,0,3,0,36.07569622219816,0.19873704358732427,1.1062749947760335,4,11.900313726492243,36.461179240763535,0,3.018075564700139,89.87710670495177,86.28321877043999,1,1,0,0,15,8,2,3,1706,0,0,9,,1.1468684998106677,1.0950147637980205,6,0.789147915350743,3.684112902664883,,,,,,1.1859412246197707,33.229005235020274,29.761904761904763,-19.393826254203386,1,41.223896000587764,15.288128003618148,34.16526599436494,19.185150515971834,,,,7681619
2025-12-10,90.66157539,94.86726791,89.85442128,93.8806244,89.50773320923781,88.12086766854806,85.51707620962347,82.8976917046242,66.99854654923303,91.58192414343522,0,0,0,0,93.8806244,66.70191485104709,96.42640543953057,85.81917356627659,4,4,93.8806244,88.65923604926908,89.44522849073093,87.59268486830523,,94.86726791,94.47427168926907,95.26026413073092,96.8322490136546,88.09072126619999,1,1.5,0,40.12337466308023,0.27726694861683315,1.6399841692351957,4,12.269880184301424,50.73672308441779,0,0,,88.09072126619999,0,1,0,0,14,8,2,3,1706,0,1,10,,1.613200602411456,1.616516023229807,7,4.833610814059803,2.220468864822094,,,,,,1.6472673434326488,35.75191275261995,34.12698412698413,-15.88599015751372,1,42.504111763985286,16.99803802557531,38.94621524391927,17.000191820150373,,,,11260852
2025-12-11,93.34245522,96.31235183,91.68808328,95.6446234,91.55336327282521,90.23561935719265,86.48160451346885,83.39757137895266,67.28358213978792,91.7274136672053,0,0,0,0,94.65910528692585,66.93292249669247,66.81532287672024,47.673691410623604,3,0,88.98378312876,88.57756995459914,89.38999630292085,86.95271725795571,93.24827690941015,96.31235183,95.90613865583914,96.71856500416085,98.34341770080428,88.98378312876,0,1.5,0,42.15150317248176,0.3076693391663147,1.8005387514922813,1,12.333527213091575,56.277808903924324,0,2.099633420043366,93.24827690941015,88.98378312876,1,1,0,0,15,10,2,3,1706,0,0,11,,1.7752945864312475,1.7718758642035228,8,0.40520729798517774,-2.944123830697893,,,,,,1.2827514576532657,40.09417711018584,40.87301587301587,-6.156675428051139,1,42.724591539215965,18.84384080355432,38.16396045932281,15.272267002712951,,,,8895177
2025-12-12,95.1263864,95.62967425,87.61195001,88.02055995,90.37576216521681,91.54723745433418,86.62817169790038,83.5788650484055,67.48992022745172,91.86936075820708,0,0,0,0,92.5032755704984,67.11475757548419,84.8224759117479,74.15418789972573,1,0,85.44375702984435,84.54592053872419,85.67852739,82.75024755648386,91.94250659,89.05223227,88.60331402443992,89.50115051556008,91.29682349780042,83.9041636538,0,0,3.5,30.420305214996223,0.15210152607498112,-0.1400941604071422,0,12.715940865801215,40.0845038862086,0,2.412744274497626,91.94250659,83.9041636538,1,1,0,0,8,15,2,3,1706,0,1,0,,0.32334202568062986,-0.1455572955535282,9,2.294326531579319,1.4053306208549525,,,,,,1.4150113563548117,44.6971556696114,50.79365079365079,1.470725328961941,2,44.04931129121816,18.997327666978634,32.066790988390686,20.939386100765912,,,,9693447
2025-12-15,88.91750859,90.75127026,87.6518144,87.81127193,89.52093208681121,92.12302565802727,86.7408479104813,83.74484178886019,67.69212273195468,92.0038236026912,0,0,0,0,91.689243482364,67.22947474271218,82.39170264339887,52.32157678385332,1,1,85.48303832672934,84.5939855874749,85.67852739,82.81588010896603,91.94250659,89.05223227,88.60770590037279,89.49675863962722,91.2748641181361,83.9041636538,0,0,3,29.72155161644516,0.14860775808222582,-0.22127219914287477,0,12.724623203837192,54.624490344682606,0,2.421854174323252,91.94250659,83.9041636538,1,1,0,0,8,15,2,3,1706,0,2,1,,0.5227329568074868,-0.22657912989743545,10,2.7828275531953284,-0.3362121519156137,,,,,,0.938814802121219,49.12708728749527,57.142857142857146,11.451382943050266,2,44.07938779243176,19.139851183015505,30.070492832820893,19.6358176249912,,,,6265758
2025-12-16,87.22327227,87.402662,85.27988355,85.99744246,88.34643554454081,91.90495157071385,86.67004739138785,83.83317907008136,67.87426521681085,92.11776865864438,0,0,0,0,91.01707418609267,67.30942467033658,88.69318983681038,59.85884058323287,1,2,85.56510757883335,85.12973141078665,86.00048374688005,83.38822673859984,90.00075872,86.99405206,,,89.17093290023351,82.05091518,0,5.5,1.5,26.70110267168014,0.13350551335840072,-0.6539636725188832,0,12.865308255017418,53.38337837790832,0,2.0376177966134534,90.00075872,82.05091518,1,1,1,0,19,15,2,3,1706,0,3,2,,0.050968476768576146,-0.6548308059434256,0,3.9244252248779397,0.9682072520946926,,,,,,0.7379426065730625,51.98581578319903,61.111111111111114,16.647126293172622,2,44.56673510545092,18.46360350111718,28.509443410740797,23.480752234589275,,,,4836122
2025-12-17,87.1435435,88.60357657,84.53252601,85.13039211,87.27442106636055,91.09105588736449,86.5234135550652,83.884050169686,68.04596797196696,92.2051164883459,0,0,0,0,90.18101360232185,67.41520636074189,87.61794430715852,67.1513820687243,1,3,83.884050169686,83.44342363364264,84.32467670572937,81.68091748946917,88.98378312876,86.03935621460212,,,88.24248889481896,81.35476629,0,0,4.5,25.107180700363248,0.12553590350181626,-0.8307754502098444,0,12.847727794125632,40.70896219262725,0,2.3147643375577625,88.98378312876,81.35476629,1,1,0,0,8,15,2,3,1706,0,4,3,,-0.07576686011722167,-0.8318412239150569,0,2.4814881587278665,1.4255613652680195,,,,,,1.0352701925405297,54.31900603017481,65.47619047619048,22.049179653283023,3,44.50583460248082,18.148826608395677,28.59106564772928,21.54375129642732,,,,6778931
2025-12-18,87.10367912,88.24978016,85.84795102,86.58544212,87.0447614175737,90.17893548296668,86.52932103743994,83.98998710891401,68.23044035154938,92.27389264516124,0,0,0,0,89.78237828711143,67.51459206407361,80.83773392277433,83.11085865045231,1,4,83.98998710891401,83.55298221785588,84.42699199997213,81.80496265362338,91.94250659,86.99405206,86.55704716894188,87.43105695105812,89.17907651529063,82.05091518,0,4,3,26.901485134609445,0.2845074256730472,-0.4709888104690782,0,12.817482118381433,12.43897513537516,0,2.2622798880035924,91.94250659,82.05091518,1,1,0,1,8,15,2,3,1706,0,5,4,,-0.1632045452498704,-0.47863218087852977,1,1.398613990898304,6.225015036397539,,,,,,0.9051999258730106,55.611264460405316,67.06349206349206,25.24760405222596,3,44.4010605082844,17.856533779439992,26.768868231881324,20.170701112719364,,,,5951629
2025-12-19,86.78476404,88.82781373,86.78476404,87.56211953,87.2172141217158,89.34019617660825,86.62768279863614,84.13007073327032,68.42279536825038,92.32884136213342,0,0,0,0,89.31754670834343,67.75979050098717,89.24084647677716,83.90176367800723,1,5,87.56211953,85.4888725917615,86.34049545390518,83.37827259142534,91.94250659,88.40965597750304,,,90.96452456393403,83.9041636538,1,4,3.5,27.972145918245662,0.2898607295912283,-0.25452661544097105,0,11.753629346155957,37.783616412791574,0,1.0469759349017405,91.94250659,83.9041636538,0,1,0,0,8,15,3,3,1706,0,6,5,,-0.09072395902789213,-0.26487619199419066,2,2.8207759628295355,2.201249218229518,,,,,,2.0693949790930692,57.24047222349357,69.04761904761905,40.58552075059117,3,40.715766401749356,17.747063965558745,26.722268271009323,19.222297408208952,,,,14214802
2025-12-22,89.49554216,89.67493189,87.43256028,88.10028872,87.51157232114386,88.66042429918787,86.76793098162318,84.28576555627932,68.61859132199913,92.37140745222901,0,0,0,0,89.24502730146575,67.83479201376913,83.85748632356328,82.10577452207589,1,6,88.02055995,87.60514244605831,88.4359774539417,85.94347243029151,91.94250659,89.24502730146575,,,91.32211482117425,84.5350618,0,3.5,2.5,28.391281462747,0.291956407313735,-0.1587261583119217,0,11.683416829487227,35.07398027418647,0,1.8881951784826083,91.94250659,84.5350618,1,1,1,0,19,15,2,3,1706,0,7,6,,-0.3969618922004633,-0.1696532800253559,3,2.0837524800180374,1.9079597498797014,,,,,,0.6389052741572674,58.31522057182007,69.44444444444444,44.08588166613582,3,40.47254310935432,17.884313726373616,27.255091962989134,18.295872839247888,,,,4301270
2025-12-23,87.78137365,89.43574558,87.54208768,89.03710174,88.02008212742923,88.2148750922264,86.98404248242097,84.47209246544483,68.82176057988968,92.40624189924826,0,0,0,0,89.23568249364,67.89636499264572,72.209209555282,89.89938265020373,4,0,86.00995641537503,85.60730393046488,86.41260890028518,83.99669399082427,93.78392585095544,89.23568249364,88.83303000872985,89.63833497855015,91.24894491819076,84.5350618,0,2,0,29.37347285186629,0.29686736425933147,0.013723230880698352,4,11.164382656878708,15.760903119289026,0,2.334827609316209,93.78392585095544,84.5350618,1,1,0,1,8,19,2,3,1706,0,8,7,,-0.7061045511643276,0.004400307640136769,4,1.0118575107112031,4.814503783662228,,,,,,0.5396049995174911,58.790936136996606,70.23809523809524,52.01450831538735,3,38.67455599370946,18.011759932844562,26.110631564551994,17.52761632601379,,,,3397491
2025-12-24,89.16666099,89.66496579,88.78794934,89.35601681,88.46539368828616,87.9767781549857,87.20994479933326,84.66361891032935,69.02608153740321,92.43402163147374,0,0,0,0,89.23827817221739,67.92689176190943,78.2345342558944,87.96731523813958,4,1,88.21249898627907,88.02055995,88.9759431805765,86.49367156140516,93.92631927521757,96.31235182999998,,,98.22096231574353,86.28321877043999,0,5,3,29.45254144490382,0.3131433650017641,0.03172175598757585,4,11.164384977711423,44.030270371544994,0,5.254677753513898,93.92631927521757,86.28321877043999,1,1,0,0,8,8,2,3,1706,0,9,8,,-1.12704526221796,0.023916627924724515,5,2.6769218384806086,2.244294156954191,,,,,,0.27071629549138165,57.66930811085164,68.65079365079364,49.114306915475325,3,38.67456403330982,18.201185824717836,26.111159426083205,17.168061374677453,,,,1666586
2025-12-26,89.6450336,89.83040298,88.87266116,89.26632195,88.7323697755241,87.93221115379349,87.4057902422539,84.8441170687478,69.22747696439423,92.45389608098787,0,0,0,0,89.23905582740967,67.96695325941909,70.7096858260964,86.68426832092504,4,2,87.56211953,87.19911203068334,87.92512702931667,85.74708203341669,94.04164249557356,90.75127026,90.38826276068333,91.11427775931666,92.56630775658331,86.28321877043999,0,2,1,28.946374856203928,0.343532344337324,-0.04287585875709354,4,11.166609318440065,40.2678716595108,0,2.4616855012476684,94.04164249557356,86.28321877043999,1,1,0,0,8,8,3,3,1706,0,10,9,,-1.390403760450435,-0.049021081434147504,6,1.160206093551611,2.17523004722271,,,,,,0.3618014094319908,56.43316912069268,67.46031746031746,45.888982294972735,3,38.68226937562052,18.431126245350924,25.902977226803102,16.763638149020778,,,,2203586
2025-12-29,88.48896646,89.47560997,87.99066166,88.69825448,88.7209980103494,88.0477164808511,87.5288820744202,84.99525971232633,69.42121604415149,92.46381099151697,0,0,0,0,89.22204447527947,68.01243615897954,82.86121014502206,83.82008052974132,1,0,87.56211953,87.21178267072382,87.91245638927619,85.81043523361907,91.94250659,90.75127026,90.40093340072382,91.10160711927618,92.50295455638093,84.5350618,0,2,1.5,27.76822351194255,0.28884111755971276,-0.21606965258974525,0,11.201260705863247,46.90274361692285,0,3.5487036521609587,91.94250659,84.5350618,1,1,0,0,8,15,2,3,1674,0,11,10,,-0.29832147031468303,-0.22059981608298548,7,3.929497545080448,1.9295289982076707,,,,,,0.42120619896959655,55.54429479819181,64.68253968253968,43.1468938889078,3,38.80230530275993,18.1944037949747,24.922681374232724,18.377055049093656,,,,2580840
2025-12-30,88.98727126,89.00720345,88.1501192,88.55872913,88.66690838356627,88.23247064339829,87.62696274638017,85.13500361105864,69.61163905993108,92.4661726821069,0,0,0,0,89.20592166365944,68.04807366738864,87.68982590580607,79.26868874617816,1,1,87.56211953,87.22915419415426,87.89508486584575,85.8972928507713,91.94250659,90.75127026,90.41830492415426,91.08423559584574,92.41609693922871,84.5350618,0,3,0,27.218278905567377,0.2860913945278369,-0.27597700619431775,0,11.046957891482872,46.254712376814524,0,2.6311369914070326,91.94250659,84.5350618,1,1,0,0,8,15,2,3,1162,0,12,11,,-0.2880564245602129,-0.2811901593164861,8,3.3532891871785497,1.4447881736033046,,,,,,0.33787451562502013,54.675318826416266,63.095238095238095,42.8755787455198,3,38.267784674244574,17.974590091053923,24.349883715105154,17.95469543394156,,,,2043936
2025-12-31,88.85272897,88.85761235,87.22327227,87.26313665,88.19898447237752,88.30556958453033,87.59231264196302,85.21845980866418,69.78727585187207,92.45738726274992,0,0,0,0,89.13183263310329,68.10228414194546,89.20032344201081,88.95804617465576,1,2,85.64231349114588,85.31853907143199,85.96608791085978,84.02344139257637,89.83040298,87.56211953,,,89.18099162856952,84.5350618,0,0,5,25.041614799840538,0.27520807399920266,-0.5868635711521257,0,11.17104515715874,20.169208095974366,0,2.5870416153041687,89.83040298,84.5350618,1,1,0,0,8,15,2,3,202,0,13,0,,-0.19849084479739165,-0.5907925026247263,0,3.0384353046636736,5.719367880727295,,,,,,0.5572076480774238,52.38555971821716,58.73015873015873,35.37147410768505,3,38.69763557169038,17.28119816360454,23.252448816987204,19.701409095065525,,,,3333971
2026-01-02,88.60855961,90.41242299,87.84117022,90.36259251,88.92018715158501,88.59925101926063,87.85614881987131,85.42019050283422,69.99200537085841,92.45738736054922,0,0,0,0,89.19318894847063,68.18835493103057,93.36650680930646,77.414402505055,1,3,90.36259251,88.93755564651566,89.59508825348435,85.21103979212528,93.72739744342059,96.31235183,95.98358552651565,96.64111813348434,97.9561833474217,86.71998442,1,5.5,0,29.104162727166276,0.2955208136358314,0.10898520991679714,0,11.623028947582165,60.17755166653336,0,0.6531632534294903,,86.71998442,0,1,0,0,8,15,3,3,458,0,14,0,,0.48562007236606913,0.09931574282292449,1,4.902745585200653,0.876720125055584,,,,,,0.7672606558350911,49.881111129572865,54.76190476190476,23.887125584967713,3,40.26335335011225,17.273329181098667,25.486244734411333,18.016392752902675,,,,4586987
2026-01-05,91.72794766,93.26272645,86.37117106,88.3893055,88.74322660105668,88.78647599708832,87.90692564655023,85.53662638507602,70.17506308358618,92.45337516560582,0,0,0,0,89.11607951280035,68.35323168356132,86.87120093466024,94.22286873704788,1,4,85.89673082244867,85.5299160818025,86.26354556309485,84.0626571192178,89.83040298,89.4826992317545,89.11588449110832,89.84951397240067,91.31677293498537,84.5350618,0,2,3,25.955434332447506,0.27977717166223753,-0.391156423083658,0,11.734079780498982,27.177406793908418,0,2.69762192382936,89.83040298,84.5350618,1,1,0,0,8,15,2,3,2506,0,15,0,,-0.11334514270662567,-0.39789421582555035,2,2.519491137984751,3.7223409091208346,,,,,,1.6118859088827824,47.19585120463432,48.80952380952381,16.108539857185256,2,40.64804471978179,18.217435189636426,28.148898643093673,14.994213015262977,,,,9762245
2026-01-06,87.88103461,89.19655928,84.03910459,88.94740688,88.81128669403779,88.93386506594027,88.00601909735498,85.67038248291618,70.36185257409777,92.44789812923061,0,0,0,0,89.10617126797071,68.4620147005763,89.62719320792391,46.17352058838871,1,5,86.49024091466475,86.10357852433259,86.87690330499692,84.55692896300395,89.83040298,89.48119418190694,89.09453179157478,89.8678565722391,91.41450613356774,84.5350618,0,5,0,26.414248098896863,0.13207124049448432,-0.27989730837693433,0,11.734957181925411,73.72495230613002,0,1.7276891411476079,89.83040298,84.5350618,1,1,0,0,8,10,2,3,2506,0,16,1,,-0.18656561958181436,-0.2854660364552921,3,2.806213934769172,-3.548659794799123,,,,,,1.0400537166559385,45.96325126738997,47.22222222222222,13.067713331460043,2,40.6510841274802,17.93732234824418,24.796567787438796,18.593575623199413,,,,6351538
2026-01-07,88.3992716,88.648424,86.32632363,87.69167878,88.43808405602519,88.90558292525759,87.97608192427356,85.74964900437045,70.53428865574854,92.43196161160765,0,0,0,0,89.0548550513235,68.52688878890737,81.13851040756737,66.98123538466045,4,0,86.52136085163585,86.13891467445241,86.90380702881929,84.60912996571867,89.83040298,89.47339931355548,89.0548550513235,89.83040298,91.36018768873375,84.5350618,0,3.5,0,24.32489283047889,0.12162446415239446,-0.584113825884626,4,11.543114467425777,29.882677386227684,0,1.7304616052036026,89.83040298,84.5350618,1,1,0,0,8,8,2,3,2504,0,17,2,,-0.48705786870191675,-0.5849772128402474,0,1.7425709133779046,2.450125834497969,,,,,,0.6790834097066817,46.58001006580504,47.61904761904762,16.489277769179946,2,39.98652147032961,17.67721756695138,23.27922382687814,17.455803254098342,,,,4070328
2026-01-08,87.3926959,87.3926959,83.66537599,85.04069724,87.3056217840168,88.43785721380388,87.69652147815226,85.72184697439515,70.67863102972119,92.38952150943999,0,0,0,0,88.87908634523853,68.59691166555235,79.03367019924801,65.68463444326001,4,1,81.65584720266169,80.90781665,81.73722042229998,79.3435057493901,88.98378312876,85.99526407917708,85.6041863540246,86.38634180432955,87.95065270493944,83.61915950267482,0,5.5,1.5,20.320238240380455,0.11097736390539092,-1.1688562466477488,4,11.417453804463696,33.329466956835326,0,3.169054429972041,88.98378312876,83.61915950267482,1,1,0,0,8,8,1,3,2504,0,18,3,,-1.0750093816279092,-1.1625612233967526,0,2.0457292294648077,2.167050126198018,,,,,,0.8757438762828458,49.43402043249738,53.57142857142857,24.987346095806913,3,39.55122016480338,16.545092786604716,21.13932212030355,21.92633434910886,,,,5137691
2026-01-09,85.04069724,86.35123887,84.73174827,84.94103628,86.51742661601119,87.73278137563075,87.43409431642348,85.69122694716397,70.82054550982346,92.32195397877757,0,0,0,0,88.68406728542278,68.67896102450369,66.76062517748649,76.6363916645473,4,2,81.81431358199147,81.05910690313688,81.93851555279998,79.54869354542768,88.98378312876,85.97110783703548,85.59350449760818,86.34871117646277,87.85912453417197,83.57409469638388,0,0,1.5,19.93841005957502,0.11689317879481241,-1.1239937119273813,4,10.755963517050468,18.775148679544845,0,1.2695931896614494,88.98378312876,83.57409469638388,1,1,0,0,8,8,1,3,2504,0,19,4,,-1.1376090279754985,-1.1215540583417962,0,0.6799833817713656,3.6730899296638815,,,,,,1.0898514638480665,52.328690020102854,58.333333333333336,40.44294228757151,3,37.25975059177728,15.493834061997095,20.329824383204254,21.086699192528386,,,,6113283
2026-01-12,84.51249415,87.58205172,84.16368079,87.58205172,86.87230165067413,87.20899443204762,87.44818549771648,85.76537693825557,70.98732666614363,92.24766862200883,0,0,0,0,88.63637674678012,68.7652432579331,72.10053630963455,77.58095249397464,4,3,86.42451606274204,86.04336322139883,86.80566890408525,84.51875185602601,90.67543840969617,90.47448680344986,90.09333396210666,90.85563964479307,92.38025101016589,84.75874623930369,0,5,0,23.37702493277716,0.11688512466388581,-0.4726739209679623,6,11.09421092415035,45.98623517741807,0,2.99918559914367,90.67543840969617,84.75874623930369,1,1,0,0,8,8,2,3,2377,0,20,0,,-0.6901838112928009,-0.47927216746996215,1,2.084467503795181,0.9318996495772638,,,,,,1.0257485408061082,53.23049116877979,59.12698412698413,38.50754513099666,3,38.43147398102814,14.76828607439034,21.585095200164808,19.398162101172023,,,,5583884
2026-01-13,87.70164488,90.62171101,87.70164488,89.57527093,87.77329141044942,87.10481507718006,87.65076506269587,85.91478454577496,71.17228133543573,92.17981592723869,0,0,0,0,88.66646813683334,68.83766604834933,75.2313727606524,68.87648529263497,4,4,86.45440954902988,86.28321877043999,87.21654445598868,84.75894895652236,90.86073513294656,90.5304618552651,90.1493944017857,90.9115293087445,92.43579912266213,86.28321877043999,0,2,3.5,25.856961796448235,0.12928480898224118,-0.03339742583395058,6,7.736552645705544,47.789840692007324,0,2.5988959008477517,90.86073513294656,86.28321877043999,1,1,0,0,8,8,2,3,2377,0,21,1,,-0.26894428462563397,-0.04239429086684583,2,2.1558672350406676,0.37018360027345376,,,,,,0.8259438651513986,53.278166302962525,59.523809523809526,98.79761093605185,3,26.800204515586838,15.160306671529817,27.16984403420946,18.016615270838347,,,,4272327
2026-01-14,89.66496579,90.4920521,88.11035447,89.90415209,88.48357830363294,87.36797609790302,87.86537335101055,86.071230331823,71.35866810911298,92.12026432754611,0,0,0,0,88.7064160445846,68.91368676850338,82.81737771933749,55.19702229639557,4,5,86.54502585951839,86.16991235244822,86.92013936658856,84.66945832416758,91.10037511317647,90.60285309929289,90.22773959222272,90.97796660636305,92.4784206346437,86.71998442,0,2,0,25.98911172575351,0.12994555862876755,-0.009466974833925635,6,7.733397820617554,54.52898306489399,0,2.4287844440675044,91.10037511317647,86.71998442,1,1,0,0,8,8,2,3,2377,0,22,2,,-0.19005170264524565,-0.015540023582621595,3,3.4304946821561852,-0.6368134623855798,,,,,,0.8749133442466016,60.97027017977129,71.03174603174604,127.59207994581199,3,26.789275880904057,15.524325797445043,25.629587553645166,16.995254662591858,,,,4446024
2026-01-15,91.68808328,94.65797989,91.48876136,93.17303159,90.04672939908862,88.17988115140085,88.37086461186668,86.34973234194759,71.57572645220638,92.08842686923224,0,0,0,1,88.87795071523138,69.02152688843825,86.62221916190691,76.07502046855473,4,6,90.36259251,89.97182793379199,90.75335708620801,88.40876962895996,93.26272645,93.26272645,92.87196187379199,93.65349102620802,95.21654933104004,88.98378312876,0,1.5,12,30.17406348256191,0.30087031741280956,0.6586832123270608,6,8.095881883504056,40.005291716001224,0,1.4843382008384673,92.07524412299396,88.98378312876,1,1,0,1,8,19,2,3,2377,0,23,3,,0.5795669041313841,0.6515038785051045,4,3.4341376805349872,4.433433513337143,,,,,,1.0755436501998403,61.53069717766181,71.42857142857143,119.40021538192562,3,28.044957508610885,17.003452257637427,32.364418426870394,15.149228239508632,,,,5501335
2026-01-16,93.52184495,94.28923434,91.81764253,93.8806244,91.32469439939241,89.31551908617317,88.89560363930795,86.64506144226337,71.797665735269,92.08601842624535,0,0,0,0,89.11566852622725,69.16425694475758,89.64402486361661,76.71653436057231,4,7,93.26272645,92.87780584521757,93.64764705478244,91.33812342608782,96.31235183,96.31235183,95.92743122521756,96.69727243478243,98.23695485391218,88.98378312876,0,3.5,0,30.757209776366356,0.3037860488818318,0.6911200393490471,6,7.963184279958807,49.38030210599548,0,1.58454774418932,96.31235183,88.98378312876,1,1,0,0,8,8,3,3,2377,0,24,4,,0.15854273079461587,0.6867167977479717,5,3.8219408403936255,1.4581868851596544,,,,,,1.3921934400260292,60.14521536697687,69.84126984126983,118.03373538639082,3,27.58527952584488,18.376926827816067,30.508942292742898,14.280711738513173,,,,7146569
2026-01-20,91.08015142,93.16306549,90.96055827,92.25615075,91.63517984959495,90.41906360281341,89.21565574508814,86.86510416021383,72.00123275034096,92.10030811116856,0,0,0,0,89.20837336558421,69.24881520178542,86.35657677292663,76.86804357049118,4,8,86.75181573361849,86.36831743873122,87.13531402850575,84.83432425918218,93.26272645,93.32423854215051,92.94074024726325,93.70773683703777,95.24173001658681,88.98378312876,0,2,8.5,28.131348903277107,0.29065674451638557,0.21353195186565502,6,8.155274922984304,45.73650373304128,0,3.3955356793936033,93.26272645,88.98378312876,1,1,0,0,8,8,2,3,2377,0,25,5,,0.23203530739704398,0.21742130742816435,6,2.56071263481663,1.432554117796541,,,,,,0.903282256682974,57.71112517432117,67.46031746031746,104.28209943434821,3,28.25070103260235,19.20836687346837,28.434800805608166,15.305297299322206,,,,4574643
2026-01-21,92.81425213,94.13475985,91.24429303,93.20292987,92.15776318972996,91.50780652517099,89.59539613793689,87.11364634491133,72.21219491073558,92.13459670824005,0,0,0,0,89.3054756768081,69.32261903648686,88.73621789095787,84.09415801653003,4,9,86.93356337185405,86.55165007285159,87.31547667085651,85.02399687684176,93.98788536200354,93.65682824932847,93.274914950326,94.03874154833093,95.56639474434076,88.98378312876,0,2,8.5,29.06813036940911,0.29534065184704555,0.34642124994154466,4,8.145462588015334,44.24997337100963,0,3.694200756336639,93.98788536200354,88.98378312876,1,1,0,0,8,8,2,3,2377,0,26,6,,0.2973486321412922,0.3580359581954587,7,3.5438187953533635,2.957843555702404,,,,,,0.8491727870556386,54.1400534720197,60.317460317460316,91.87230994100827,3,28.21671010718807,20.24415877811302,28.785001543417884,14.271043906847904,,,,3860999
2026-01-22,94.67791208,95.32530968,92.32093038,93.96035317,92.75862651648664,92.565327955487,90.0111063314667,87.38214465177755,72.42859449540488,92.19194888000325,0,0,0,0,89.46848868040436,69.43542735115787,88.05263093862763,87.63921212196657,4,10,87.15712652803913,86.77566793521542,87.53858512086283,85.24983356392059,94.65797989,96.31235183,95.93089323717629,96.6938104228237,98.21964479411854,88.98378312876,0,2,6,29.728256946862576,0.2986412847343129,0.4240033184185041,4,8.155443399064618,42.81481216372413,0,3.9327221895496285,94.65797989,88.98378312876,1,1,0,0,8,8,2,3,2377,0,27,0,,0.6519769714328117,0.4422319602500512,8,3.0186538729930046,2.9351257453524005,,,,,,1.2476703059793244,49.109633847919206,48.41269841269841,73.83150697331853,3,28.251284650864278,21.514149898418683,29.547439665922557,13.267479896472096,,,,5764137
2026-01-23,92.8939809,93.57167543,90.70143978,92.98367576,92.83364293099109,93.43647131046926,90.29420818180321,87.6018125383745,72.6331226671919,92.26357617506353,0,0,0,0,89.55690393600523,69.51459803486075,85.46313719070903,92.16806574837952,4,11,87.31544757499057,86.93213858352927,87.69875656645188,85.39890261768406,94.65797989,94.51122381332145,94.12791482186014,94.89453280478276,96.42776877062796,88.98378312876,0,2,0,28.018281942875028,0.29009140971437514,0.12237821624389507,4,8.22633239612987,38.26278165282453,0,2.8840652359805046,94.65797989,88.98378312876,1,1,0,0,8,8,3,3,2377,0,28,1,,0.9824534130252911,0.14182299494359518,9,2.5422646448361768,4.322301318132445,,,,,,0.910865225071362,42.32485232050763,34.92063492063492,48.52466265618223,3,28.49685134009351,21.835248321715515,27.304458413187167,16.032674714078237,,,,4246805
2026-01-26,92.80428603,95.22604736,91.98706616,94.6280816,93.43178915399406,94.2666160447078,90.7069580311553,87.8773525015755,72.85197797995616,92.35761554132435,0,0,0,0,89.7193103411984,69.62517074500273,74.19563965540783,89.0169158017714,3,0,93.8806244,,,91.95637813607252,101.1279694215,95.31998319044213,94.65797989,96.08968169601312,97.6290787071551,88.98378312876,0,5,0,29.89088865375093,0.3346521233970211,0.4213999034915471,3,8.368235284886705,25.352389375332567,0,2.7440181732723636,94.65797989,88.98378312876,1,1,0,0,15,8,2,1,2377,0,0,2,,1.2815814410261315,0.4309103911630628,10,0.8055137867786257,2.305580541984241,,,,,,1.1498039540979297,39.185994863304714,26.984126984126984,35.17811051304929,3,28.98841736622878,22.595283937473067,29.090838891252787,14.827900293390071,,,,5586167
2026-01-27,101.72394196,113.6035284,100.6276714,109.3679376,98.74383863599604,96.51485858335411,92.48419418056908,88.72012054465097,73.21532086174764,92.55988781271608,0,0,0,1,109.3679376,70.40659950854362,99.96930848706819,7.540036793016495,2,0,109.3679376,,,98.64723186345131,113.6035284,113.6035284,113.07674474741347,114.13031205258653,116.23744666293265,99.66973024902,1,2,18.5,49.37848569498081,0.6468924284749041,3.464933054050936,3,16.435641639378296,94.67031045444887,0,0.3950850722037966,,99.66973024902,0,1,0,0,14,10,2,1,2377,0,1,3,,3.2077950274844045,3.377047519139299,11,10.344843117456062,-2.9020648785429475,,,,,,4.226637982061193,63.12283097464611,73.41269841269842,10.868757833909951,2,56.93473274879568,25.766221800658784,50.8830672014532,10.058965812558545,,,,25446523
2026-01-28,107.52420984,112.51722394,103.41817828,103.92644918,100.47137548399736,98.97705422041687,93.57393275194345,89.3164471578019,73.52090422809842,92.82395487800606,0,0,0,0,107.07478928108524,70.87986879842671,99.79032589575455,6.879404001831339,2,1,93.96035316820513,,,91.10836452851767,103.33170092001977,107.07478928108524,106.50439155314776,107.64518700902273,109.92677792077271,95.365572705,0,0,8.5,41.35632616482581,0.46933773709529103,1.8524301414724715,3,17.47926173802951,90.07253730274466,0,3.285899397145427,94.65797989,95.365572705,1,1,0,0,10,10,2,1,2377,0,2,4,,1.9004488501692958,1.8234045700582238,12,7.7803627759159,-3.033817818312739,,,,,,2.7183778452655436,79.61383197150069,89.28571428571429,31.48457872210266,3,60.54993881812357,28.710664102188378,43.63581596168808,8.626272060682327,,,,18534418
2026-01-29,104.6240759,105.1223807,99.16265529,102.65078889,101.19784661933157,101.2183955613779,94.43839524128217,89.83936251984889,73.81075382672431,93.13197205610845,0,0,0,0,106.146335967788,71.16010154336487,98.72769172341542,49.28232265529514,2,2,93.96035316820513,,,91.04601883269177,104.85425802505053,106.146335967788,105.56346910068534,106.72920283489067,109.06067030330136,95.365572705,0,2,4,39.07294475135643,0.42273213211093297,1.3284953704815017,3,17.57361802896757,65.3977378986104,0,3.738042243161657,94.65797989,95.365572705,1,1,0,0,8,10,2,1,2369,0,3,5,,1.6189392668332068,1.3107195671715788,13,5.362043573736247,0.4017212460200281,,,,,,1.600227093300614,91.97362799426688,91.66666666666667,51.08157806009884,3,60.876798597960516,30.005154540675576,39.652158754118425,14.357519674281782,,,,11681791
2026-01-30,103.25872075,107.27505744,101.51465395,102.89994129,101.76521150955438,103.0219073215948,95.24425676973148,90.35154207946266,74.10019847810018,93.47707595577579,0,0,0,0,105.51725819100591,71.47751976841113,98.9972064746212,63.27072412844967,2,3,90.53195808130222,,,87.56862961395053,106.18144492492335,105.87587318899865,105.28320749552832,106.46853888246899,108.83920165635034,95.365572705,0,0,5.5,38.86594557558627,0.35397858633261037,1.1793457580731375,3,17.429787940863847,62.69544896991632,0,5.281050351332469,106.18144492492335,95.365572705,1,1,0,0,8,8,3,1,2369,0,4,6,,1.0771908676374324,1.1652004467375279,14,5.683069335426836,1.1651314445505565,,,,,,1.7147030774548322,101.73999293572606,94.44444444444444,68.50351968734523,3,60.378556557455,31.44147389740687,39.454131557762814,13.111558488257062,,,,13378658
2026-02-02,102.89994129,110.48414035,102.70061937,109.98583555,104.50541952303625,105.00155278691429,96.64821665356658,91.12151437242491,74.45726949374098,93.89504526621141,0,0,0,0,106.17546498504716,71.81778628479192,98.12234083437968,39.385608051622825,2,4,109.98583555,,,98.5546525858516,,113.6035284,112.98370024731327,114.22335655268674,116.70266916343371,99.66973024902,1,2,0,47.71671899578001,0.5154589015821838,2.3879035075168487,3,18.208793274166606,72.24337015090988,0,0,,99.66973024902,0,1,0,0,11,10,2,1,2369,0,5,7,,2.0150024528262698,2.3430928659729444,15,5.338224443469587,-0.8245421140119391,,,,,,1.4598922270009098,110.38988192938946,97.22222222222223,75.00783025024765,3,63.07711019075002,33.096323640563845,39.65315317097392,11.641478058194709,,,,11926271
2026-02-03,116.90230618,116.90230618,109.22841226,112.40759688,107.13947864202417,107.38601546328573,98.149110008465,91.95626270605531,74.8348846916142,94.38926750164856,0,0,0,0,106.9562534285327,72.16356868672275,97.4798561752269,31.34247515634482,2,5,101.70837491706,,,98.48801680101441,111.89460446981371,116.90230618,116.25823455679088,117.54637780320911,120.12266429604558,101.70837491706,0,2,0,50.20748323889125,0.6095555858258671,2.5033876239828037,3,17.92657460986581,67.30747792621241,0,3.1630735420388,111.89460446981371,101.70837491706,1,1,0,0,11,10,2,1,2369,0,6,8,,2.6325898014957314,2.454980207895899,16,4.122172678134848,-1.148646870369344,,,,,,1.4038091619722368,120.51546553266657,100,94.06840955690797,3,62.09947605992361,35.15999386350522,44.33212608288381,10.403047306648737,,,,11596887
2026-02-04,113.18495237,115.90569658,107.43451497,109.31810712,107.86568813468278,109.53033448639307,99.21282401908738,92.63711934973942,75.17800133269267,94.9302515973592,0,0,0,0,107.2366249283328,72.50078031255393,97.92919163413853,41.77342137132102,2,6,101.70837491706,101.0346728597051,102.3820769744149,98.33986463028552,113.6035284,116.90230618,116.2286041226451,117.5760082373549,120.27081646677448,101.70837491706,0,0,5,45.4123615713375,0.5071889234485089,1.5674022777533894,3,18.360601220904783,62.65444940303007,0,3.5312801417418904,113.6035284,101.70837491706,1,1,0,0,10,10,2,1,2369,0,7,9,,1.9699058136234597,1.550488840864839,17,5.03398349553864,0.557642531199407,,,,,,1.4554077636470815,128.13708033972983,100,101.46393066661821,3,63.60298834423648,36.53653519630019,39.35502276799794,11.612563879129803,,,,12468260
2026-02-05,107.18536257,113.05539312,105.29180433,112.40759688,109.37965771645518,111.57027051802251,100.46946905346,93.41243219406337,75.5484450694818,95.52826432128556,0,0,0,0,107.68325767458064,72.78715759961176,97.67190881582798,31.599884055540052,2,7,112.40759688,,,101.28922505787013,113.6035284,116.1419648470673,115.44706660818419,116.83686308595041,119.61645604148288,102.70962871856,1,2,0,48.7887629938894,0.565072164493538,1.9022618420101234,3,18.25106339865023,70.06483435759658,0,0.10756354789463277,113.6035284,102.70962871856,0,1,0,0,11,10,2,1,2369,0,8,10,,2.262360129526061,1.8803639065838231,18,4.398808245752115,-1.2925534962019436,,,,,,1.1207525320473053,133.22260260443525,100,110.71677796456953,3,63.22353819724581,37.19034268798466,35.429265362921676,13.207297548391255,,,,9929662
2026-02-06,114.51044314,122.13948964,112.94576607,121.74582884,113.50171475763679,114.21982573946666,102.49578903313048,94.52354578802166,76.00812052988496,96.22860519204036,0,0,0,0,121.74582884,73.2133540285991,60,41.66800241379298,2,8,106.0418411589,,,102.38106840872838,113.6035284,122.13948964,121.40733508996567,122.87164419003432,125.80026239017161,106.0418411589,0,2,0,60.174765526706885,0.7186516054113122,3.290422935608542,3,18.83767049311556,72.61432343554154,0,2.0655986473745225,113.6035284,106.0418411589,1,1,0,1,17,10,3,1,2369,0,9,11,,3.6999291839914226,3.2044325512090017,19,6.11710330277693,-0.008556373892913652,,,,,,1.3192813831545056,148.70347218428753,100,127.87846758017865,3,65.25560478063443,38.59412962586301,42.30251950539015,11.639859125623321,,,,12151233
2026-02-09,123.57959051,131.87138239,123.38026859,130.94453546,119.3159883250912,118.01775910419394,105.2051934547371,95.95181989280513,76.55475152421447,97.07083979779622,0,0,0,0,130.94453546,73.8553328546179,60,6.682679872581299,2,9,112.58868084722,,,108.73735822429279,124.84167417139224,131.87138239,131.10111786541455,132.64164691458546,135.72270501292724,112.58868084722,0,0,0,71.04690806629019,0.7774567625536731,4.34990093447137,2,19.488234201998633,91.43662355309523,0,3.1815027001968743,113.6035284,112.58868084722,1,1,0,0,17,10,2,1,2369,0,10,12,,4.49070637074389,4.167486100728541,20,8.231903806494792,-3.0753155254531244,,,,,,1.6199375169123547,173.93949441328854,100,157.65293274215804,3,67.50922357532629,40.4881237203066,48.61821680178201,10.273677059858459,,,,15696647
2026-02-10,128.57260461,132.05077212,127.3567409,127.66568987,122.09922217339412,121.92707761323982,107.3442883514288,97.1955010683814,77.0633180749188,98.01408955345586,0,0,0,0,129.4773406835705,74.33561422109305,60,59.80117424184119,2,10,112.58868084722,,,108.80289773218044,128.45606655491412,132.05077212,131.2936154969921,132.80792874300792,135.83655523503955,112.58868084722,0,0,0,65.66337014698354,0.5909989119292928,3.1145259017053113,2,20.012345643781146,27.86719782382474,0,4.191308700347533,113.6035284,112.58868084722,1,1,0,0,17,8,2,11,2369,0,0,13,,1.6881231562216674,3.0327223524136135,21,4.5636753016171685,5.5915358379779,,,,,,1.2653878723007996,190.18867490957993,100,174.34435875333375,3,69.32479886731727,42.256272976666764,46.13858671343369,9.704996823005526,,,,12712184
2026-02-11,130.90467108,133.93436426,126.39999568,132.44941596,125.54928676892942,126.08058963532119,109.73525288557843,98.57800753471939,77.61442352651164,99.06786395339329,0,0,0,0,130.2528870199986,74.74202509272979,60,51.04336536305905,2,11,113.86360364288,,,110.01187786730756,132.6392277309315,133.0812454262162,132.31090027110173,133.8515905813307,136.93297120178866,113.86360364288,0,2,0,70.65051821812186,0.7833670809937313,3.379922015874264,2,20.09046852384825,43.65083284761151,0,4.8746004212257645,132.6392277309315,113.86360364288,1,1,0,1,17,8,2,11,2369,0,1,14,,2.9920270303360876,3.27913598224709,22,1.5802575481888752,0.025250813847487535,,,,,,0.9706356815314514,202.6217567126563,100,191.1423535067444,3,69.59542446233694,44.0001030799715,44.29263884047259,8.857498433962615,,,,10030537
2026-02-12,132.85802589,136.36110864,130.95450156,131.05416252,127.38424535261962,129.75739394837706,111.76562523171383,99.85158224002451,78.14616222296426,100.20266490559465,0,0,0,0,130.44692278372096,75.22016872809597,60,45.138176555545215,2,12,115.36333166972,,,111.54536277633129,135.74532166180563,136.36110864,135.59751486132225,137.12470241867774,140.1790775333887,115.36333166972,0,0,0,67.70390098758816,0.7684835905706181,2.6557037082021577,2,20.258602805472435,51.100175728914934,0,5.338437939444609,135.74532166180563,115.36333166972,1,1,0,0,17,10,2,11,2369,0,2,15,,2.9552682406169732,2.5965972786945595,23,2.493983214630222,-0.1433722173188058,,,,,,1.145162331749162,200.85655026060638,99.60317460317461,186.2107137273438,3,70.1778586988713,45.7477365178487,44.33007393805487,8.297540388470285,,,,12282813
2026-02-13,129.96785805,133.15202572,124.37687819,133.00751733,129.25866934507974,132.91062617128355,113.78866257440775,101.151814988651,78.69204635338254,101.41802971305931,0,0,0,0,130.90165379074708,75.65441659379518,60,32.575081891586436,2,13,121.74582884,,,117.8088243528355,136.36110864,136.36110864,135.5737077425671,137.1485095374329,140.2981131271645,115.36333166972,0,3.5,0,69.02282186525291,0.7851141093262646,2.5412102686793627,2,20.183279070542724,66.33947296414259,0,3.712284262730464,136.36110864,115.36333166972,1,1,0,0,17,10,3,11,2369,0,3,16,,3.077868677527354,2.4872844426640017,24,3.5630885267937513,-1.4073937702816943,,,,,,0.995847617442017,198.57921773018285,99.2063492063492,184.02165082114053,3,69.91692962704307,45.73421616557893,39.91905467642831,14.930463495071768,,,,10952727
2026-02-17,131.42290807,133.32643241,127.97473851,130.07748511,129.53160793338648,135.13289344026538,115.33997900636892,102.28615499340978,79.20334425145833,102.6803736023862,0,0,0,0,130.76645573542697,76.1025967902446,60,53.99935844376623,2,14,121.74582884,120.9668878825623,122.5247697974377,117.85112405281153,136.36110864,130.76645573542697,129.98751477798928,131.54539669286467,134.66116052261543,115.36333166972,0,2,6,64.23231410156642,0.6067766529615757,1.7561552016367998,2,20.55867603900927,47.684255996778916,0,3.7526027256485692,136.36110864,115.36333166972,1,1,0,1,17,8,2,11,2305,0,4,17,,1.7293651040743931,1.7294053998684362,25,4.032704280391933,1.9351139712958265,,,,,,1.076149338476405,192.0845716215705,98.80952380952381,169.71600438291645,3,71.21734287182586,45.7367026817563,37.670192082329756,14.01457628895334,,,,12102588
2026-02-18,131.0840608,135.44921086,130.86480669,131.56243341,130.20854975892433,136.60054733341386,116.88497466385759,103.43424434307998,79.72433021323486,103.98384990518832,0,0,0,0,130.84657728904617,76.41247008307421,60,73.81400249364253,2,15,121.74582884,120.97456468532572,122.51709299467429,117.88950806662857,136.36110864,136.36110864,135.5898444853257,137.1323727946743,140.21742941337143,116.2313387677,0,0,9,65.02168542290194,0.5948284432730642,1.6981238702017944,2,20.26113776214591,32.66272856787179,0,5.219941767111168,136.36110864,116.2313387677,1,1,0,0,17,8,2,11,2049,0,0,18,,1.5666490181573247,1.672928347920688,26,3.7745580642636316,4.023365958552828,,,,,,0.7224177469411702,182.543916976158,98.01587301587301,160.08356698017735,3,70.18664004637819,45.925926962974955,37.78507657011423,13.143065769150319,,,,8257480
2026-02-19,131.55246732,133.54568652,128.44304536,129.54928202,129.98879384594954,137.23084768278918,118.09109917396638,104.45836346766508,80.2201008779788,105.3012599457457,0,0,0,0,130.71615176648626,76.74011737991523,60,67.8035916369167,2,16,121.74582884,120.98409568601673,122.50756199398327,117.93716307008367,136.36110864,130.71615176648626,129.954418612503,131.47788492046953,134.5248175364026,124.37687819,0,0,4,61.49229507583747,0.6012845581500643,1.1715102094672454,2,20.521264093413702,59.234260394358586,0,1.6644342033261492,136.36110864,124.37687819,1,1,0,0,17,8,2,11,2049,0,1,19,,1.7239179955003487,1.1560090649169157,27,4.530864834290793,0.741038668965762,,,,,,0.7839906805866484,169.6416062148416,97.22222222222223,138.63692452877203,3,71.08774409066281,45.508451721348244,35.52514934817629,15.195619303083893,,,,9169365
2026-02-20,129.49945154,139.79442871,129.3499601,139.03700542,133.00486437063304,138.13870380610132,120.08594738787436,105.81438864226645,80.80534370924269,106.68005527015931,0,0,0,0,131.6096109489484,77.19636389122293,60,49.36426094951302,2,17,133.00751733,132.2069395029977,133.80809515700233,129.0046281949884,145.79517840020017,139.79442871,138.9938508829977,140.59500653700232,143.7973178450116,124.37687819,0,5,0,72.06412229405153,0.7315747893686596,2.2453358367530236,2,21.19415375182165,45.10150681512312,0,3.1946078542000644,136.36110864,124.37687819,1,1,0,1,17,10,3,11,2049,0,2,20,,2.3078112009649927,2.2034134855124794,28,1.0690789601226527,-0.6315082895930945,,,,,,0.9176220129049829,155.30623860121213,96.82539682539682,111.5349820360986,3,73.41870224316327,45.69680579398509,38.3560612310644,13.425578926046343,,,,10971190
2026-02-23,141.61822428,148.19584765,140.53191982,144.75754453,136.92242442375536,139.72849587318655,122.43562330617203,107.34157122609913,81.44168401591689,108.14035614256059,0,0,0,0,144.75754453,78.02312359795923,60,28.238534712145096,2,18,133.00751733,,,128.8816719622214,148.19584765,148.19584765,147.37067857644428,149.0210167235557,152.3216930177786,123.54520747587999,0,2,0,77.74380070739782,0.5414622885538902,2.645785495231439,2,21.04454942629322,88.43650186051357,0,3.6812650417331207,148.19584765,123.54520747587999,1,1,0,0,17,10,2,11,2049,0,3,21,,1.724168502357431,2.5889699598954845,29,7.0006551758028825,-2.9859847909614152,,,,,,1.4645854253539725,138.4403379478995,96.03174603174604,89.90324943963685,3,72.90045765746864,46.47576490369963,43.645505153685384,12.095085801638453,,,,18558802
2026-02-24,147.49822093,152.39157407,145.25584933,151.0760494,141.6402994158369,142.28685484535626,125.16328293415565,109.05664880154623,82.13456327346995,109.70094000157383,0,0,0,0,147.5860921052242,78.74054930708077,92.48211037265055,19.43534811424875,2,19,151.0760494,,,131.5122622868871,151.48274997773024,152.39157407,151.55718466651967,153.2259634734803,156.56352108740157,126.13816640344,1,0,0,83.9372407654825,0.5039897862790066,3.0292132306500847,2,21.1369238126743,67.74517268326865,0,0.02078843811675154,151.48274997773024,126.13816640344,0,1,0,0,15,10,2,11,2049,0,0,22,,1.2985849568987193,2.9571157837100857,30,2.840020606863072,-2.3985031414977662,,,,,,1.1443263157325756,119.75951204080997,94.44444444444444,63.56019240917086,3,73.2204519185287,47.44905224811175,44.56985052793919,11.10704248010674,,,,15041575
2026-02-25,153.35828538,161.55031664,152.13245557,159.88607827,147.72222570055794,146.2921658422844,128.4702158232837,111.04995976109343,82.9082101888583,111.39348402722652,0,0,0,0,159.88607827,79.68192888875105,96.15567635596625,9.91208959791591,2,20,159.88607827,,,131.1618788448821,,161.55031664,160.68200623641115,162.41862704358886,165.89186865794431,131.7982693117,1,0,0,92.84709910609847,0.6487638129193596,3.6059058009794023,2,17.310483372088104,96.6059753192459,0,0,,131.7982693117,0,1,0,0,11,10,2,11,2049,0,1,23,,2.4212216144659875,3.499266846848895,31,8.054628088313134,-6.954512751048633,,,,,,1.4076560239344813,129.991737292438,95.23809523809524,116.77836171585511,3,59.965273408065634,48.806965462701626,49.18716876488088,9.910772908951381,,,,17977195
2026-02-26,157.82309639,158.34133339,147.89686477,149.79042301,148.4116248037053,149.7108763104857,130.5007117458281,112.56919361399173,83.57370484379504,113.13504231047311,0,0,0,0,154.89253244270665,80.46902319918627,60,11.839754497386501,2,21,132.68929416728946,,,128.12262026223402,159.67405255135242,160.4531335289636,159.67405255135242,161.55031664,165.20365576404436,131.7982693117,0,0,2,79.23152179261233,0.47171316451861717,1.8878266707729598,2,17.95904235923624,88.12538676379926,0,5.909061812841521,159.67405255135242,131.7982693117,1,1,0,0,17,10,2,11,2048,0,2,24,,0.9984362269125409,1.861347837609915,32,8.069005502483147,-2.006324245267401,,,,,,1.3827912451206779,128.33000152324013,94.84126984126983,106.2787075237422,3,62.2119476429576,49.193613858579546,43.42223263620057,12.889815772182871,,,,17594673
2026-02-27,148.76199911,154.26356711,146.38564125,150.14987198,148.99104052913688,152.40191189182207,132.37206033955877,114.04294570677637,84.23615426803589,114.91705929496347,0,0,0,0,153.51540869132225,81.11023095604264,98.3912251164945,11.148417553107121,2,22,150.14987198,138.11857021388258,139.95544062611745,135.45490868212096,161.16342455987544,153.51540869132225,152.5969734852048,154.4338438974397,158.10758472190943,131.7982693117,1,2,3.5,78.24872619686488,0.49139972685357697,1.6428750940570047,2,17.754187734796414,80.23133004873823,0,0.749478059701248,161.16342455987544,131.7982693117,1,1,0,0,10,10,3,11,2048,0,3,25,,1.1612487669540204,1.6198500980342891,33,5.428805253418425,-2.4232516498917587,,,,,,1.1311600736892617,123.87809261285565,94.04761904761905,101.42022599140252,3,61.502310407567165,49.24996929922288,40.096728492370815,13.371782066082476,,,,14555439
2026-03-02,153.21517393,160.20446176,152.53122219,157.61842526,151.8668354394246,155.07475810307918,134.77647604626745,115.7517880421969,84.9663261187022,116.77206745869957,0,0,0,0,154.47673462842687,81.84501292215737,98.05461946375516,7.453328147253282,2,23,157.61842526,,,137.40392760754168,161.55031664,162.59561012996215,161.65300431553166,163.53821594439265,167.30863920211456,131.7982693117,1,2,6.5,85.50693252265515,0.5601069812020685,2.210856617187179,2,17.89858613846619,82.50100636223831,0,0.1945084882938869,161.55031664,131.7982693117,0,1,0,0,11,10,2,11,2048,1,4,26,0,1.6053002940609917,2.177002700971953,34,4.569386295478322,-3.883883925830145,,,,,,1.1830025378924514,116.4059727849117,92.85714285714286,87.74393464021483,3,62.00252115094295,49.67458349198118,41.90529115646711,12.098262830101024,,,,15338455
2026-03-03,151.51777546,151.76739288,141.17862182,147.34417215,150.35928100961638,156.4245037169112,135.97339948471816,116.99070506603232,85.58700120359073,118.62353003384465,0,0,0,0,153.16036117790094,82.44708564145385,60,8.7518727732318,2,24,139.03700542,138.01494463302885,140.05906620697118,134.17071023030002,161.55031664,153.16036117790094,152.13830039092977,154.1824219648721,158.27066511275675,131.7982693117,0,2,0,72.15718517757611,0.44967481477676946,0.7674508282948402,2,19.289156819541606,83.79890227494566,0,4.626375988791572,161.55031664,131.7982693117,1,1,0,0,17,10,2,11,2048,1,5,27,1,0.9906093444211013,0.753424230760311,35,6.36306032053843,-2.4821802055152324,,,,,,1.130172253395809,106.06691808266116,87.3015873015873,58.73623787717667,3,66.8195992932195,48.11146032443904,35.887034092525525,20.278225820806817,,,,14816814
2026-03-04,150.76892319,153.20518923,143.12064536,144.6183499,148.44563730641093,156.5597209913597,136.79672809569738,118.07414211834478,86.17437780753511,120.44621143372031,0,0,0,0,151.99493124834623,82.93248187852726,60,39.41935586266129,2,25,139.03700542,137.9979084046875,140.07610243531252,134.17071023030002,161.55031664,151.99493124834623,150.95583423303373,153.03402826365874,157.19041632490877,131.7982693117,0,0,7,67.82059073637376,0.5824362870152021,0.32503910034758576,3,19.552836439980744,56.82676501222326,0,4.626375988791572,161.55031664,131.7982693117,1,1,0,0,17,10,2,11,2048,1,6,28,2,0.5926071245814771,0.3082239943561674,36,5.37259096894308,1.57524863636838,,,,,,0.9634860825846939,96.83196993866788,84.12698412698413,42.961263144250786,3,67.73301229226163,46.78128532387688,34.01276995246746,18.521062639680068,,,,12683886
2026-03-05,135.95163299,143.13063006,131.50844287,134.53380603,143.80836021427396,154.6044820145099,136.5812117084881,118.71961913448813,86.65556614805715,122.17306068392635,0,0,0,0,149.1249976756019,83.50681220121275,97.98227869281362,47.48968372682083,2,26,127.97473851,126.89280996872766,129.0566670512723,123.49562266214998,161.55031664,139.415717065,138.33378852372766,140.49764560627233,144.295267162275,123.54520747587999,0,5.5,4,55.251199674974714,0.4262559983748736,-0.875163250809874,3,20.96980803046829,57.27389553110234,0,7.4960280712802705,161.55031664,123.54520747587999,1,1,0,0,8,10,2,11,2048,1,7,29,3,-0.13028754873861248,-0.9057474685070163,0,4.305922787842662,0.3977653634117645,,,,,,1.3589688494305134,85.62999689939889,81.34920634920636,17.880196348823542,2,72.64154586747385,43.97551267857171,30.332963189262117,26.100210864539413,,,,18285523
2026-03-06,129.24191667,131.87787666,122.19272066,123.10132808,136.90601616951596,149.9134581106684,135.2974132676797,118.89145085784153,87.0182105453899,123.73280812166013,0,0,0,0,145.30783254032576,83.9623988299686,73.26437011296025,17.17312344750598,4,0,112.59508037484005,,,108.65425256172064,160.5381990160211,145.30783254032576,,,150.39360667923717,116.45874143897873,0,0,2.5,41.46616818302491,0.47507903832078235,-2.134156262950911,4,23.079630629259935,17.37134351365758,0,12.165748140929576,160.5381990160211,116.45874143897873,1,1,0,0,8,11,2,11,2048,1,8,30,4,-1.9419855792452623,-2.1585857550217202,0,0.36245609914149846,3.2816997072992136,,,,,,1.374298679039651,71.0593190466437,72.61904761904762,-11.120507864629598,1,79.95018573960212,41.281038183069555,27.33491152757159,30.981351492341542,,,,19123550
2026-03-09,120.81483249,129.41525101,119.8263475,128.85251349,134.22151527634398,144.42937788630343,134.68361328885305,119.282080764985,87.4344722662318,125.16598107650577,0,0,0,0,143.51638624664315,84.38851415364573,69.17760553526851,38.91730571932187,2,0,118.71027734470346,,,114.55541763763883,160.01327735015158,143.51638624664315,,,148.53945976527564,119.8263475,0,4,0,47.37037938269154,0.4975480838394184,-1.3468901234102628,3,22.14352202827044,35.502853811077784,0,9.940889203844696,160.01327735015158,119.8263475,1,1,0,0,8,10,2,11,0,1,9,,5,-1.8855694954076851,-1.3819444330429378,0,0.39071282119607265,-0.26523993733582096,,,,,,1.1293026255137855,70.11360153225628,71.42857142857143,-8.596052003783026,1,76.70741042297007,39.00545897475841,25.24690125534935,30.499881127780398,,,,15927632
2026-03-10,131.81297613,139.41632281,131.0890856,136.01154117,134.8181905742293,139.68223872970125,134.81008261086706,119.9381380357699,87.91782618567227,126.51709911995616,0,0,0,0,142.7404591745077,84.902384240544,67.49399551527105,59.572295676210445,2,1,119.16252242620521,,,114.99183414128802,160.00143464262678,142.7404591745077,141.60537779083091,143.87554055818447,147.73637524561545,126.13816640344,0,2,2.5,54.70303017133222,0.5189638452867603,-0.4860134958038677,3,21.593067548802388,27.47136019604565,0,9.791887915505635,160.00143464262678,126.13816640344,1,1,0,0,8,13,2,11,0,1,10,,6,-1.7635895554407934,-0.5138541128735837,1,0.43314097553628983,1.115955241709869,,,,,,1.1912005841393007,76.80391656517426,77.77777777777777,2.6782364374632226,2,74.80058017158498,36.5887667525036,31.015868728931764,27.965489784082195,,,,16870556
2026-03-11,133.46544346,135.12290315,129.00228395,131.55836635,133.7315824994862,135.5677225814688,134.50039534792734,120.39383326377892,88.3520604161631,127.76078239872575,0,0,0,0,141.8957096402073,85.26659562209092,72.86386445468895,48.2704155725966,2,2,119.80463793194002,,,115.61147560432212,159.8355369040403,141.8957096402073,,,146.86205947761454,122.607846315,0,4,2.5,48.902431624483945,0.600937567626403,-1.0085545499405275,3,21.71237482837424,41.75791027689813,0,9.546708628101578,159.8355369040403,122.607846315,1,1,0,0,8,13,2,11,0,1,11,,7,-2.651403276031867,-1.0396556019123582,0,1.2657860799096108,-0.42181568270335823,,,,,,0.9394463557507885,90.6147356908896,81.74603174603175,20.476093603804124,3,75.21387271144752,34.12609444518463,29.277485845638324,28.066745857729135,,,,13334270
2026-03-12,130.00075364,131.57833575,126.70580366,129.57141167,132.34485888965747,132.19649011095106,134.03096833098186,120.75373829931699,88.76220321470873,128.89239005533375,0,0,0,0,141.35981179952583,85.47374520183241,74.66838544676659,30.39906054401952,2,3,120.51480005105603,119.43446470421229,121.59513539789977,116.29678204926907,159.92076475555348,141.35981179952583,,,146.30740521250922,119.8263475,0,2.5,2.5,45.975884979530115,0.5225237733263716,-1.2092712526424143,3,21.444597401121815,46.695757231702586,0,9.34229410301311,159.92076475555348,119.8263475,1,1,0,0,8,13,2,11,0,1,12,,8,-2.141154787429768,-1.235378590930427,0,1.1317117858084158,-1.3070311593550674,,,,,,0.5693441975561487,100.53590008675768,84.92063492063492,35.335786194975235,3,74.28626449320497,31.780851947526457,28.098491073699414,28.83446307476973,,,,8024011
2026-03-13,131.00421568,133.0361015,128.25343168,128.92240637,131.204041383105,129.32750424354717,133.54443862041217,121.07407822365751,89.16180722620417,129.9193210970145,0,0,0,0,140.92572391443738,85.64204382443377,46.229530268918346,49.977642885457435,4,0,121.93633020638595,119.84458831546185,122.19272066,117.66855864916243,160.0005376790311,140.92572391443738,,,145.8581242514427,119.8263475,0,0,4,44.59375643084812,0.5228201781780831,-1.2391551476558413,4,21.425921373145837,12.203992779858403,0,4.2777096287459555,160.0005376790311,119.8263475,1,1,0,0,10,13,2,11,0,1,13,,9,-2.19881116819074,-1.2558015433078766,0,-1.6007923848016645,2.6534333962104357,,,,,,0.48312710154807725,109.4920445631417,88.88888888888889,47.52052035877246,3,74.22156883452902,29.579666912728854,28.195733761068027,27.657165776335216,,,,6673414
2026-03-16,133.73503028,135.07297966,131.21888666,131.84792256,131.41866844207,127.28224288832162,133.38286566227768,121.49658192312192,89.58654469221209,130.87551919671978,0,0,0,0,140.50711469588848,85.88862565776581,70.38582827596201,42.69732025755677,2,0,122.3988977620889,120.34673434033795,123.54520747587999,118.11493634041578,160.01543672445843,140.50711469588848,139.481032985013,141.53319640676395,145.42486371024455,123.54520747587999,0,0,2.5,47.1738004998219,0.5638307810516917,-0.852227476553655,3,21.49789007382408,61.392233861812635,0,8.780783779252218,160.01543672445843,123.54520747587999,1,1,0,0,8,13,2,11,0,1,14,,10,-2.4236942284206577,-0.8646852850093832,0,3.3626483082051104,-1.2643539369582157,,,,,,0.6733493519199786,116.94120664079361,92.85714285714286,57.02945010317466,3,74.4708757267879,27.765191865456618,28.459113379276346,26.176955887154932,,,,9243397
2026-03-17,128.16356941,131.44853469,124.40932337,129.69122803,130.84285497137998,126.00316527235104,133.0312811258703,121.81794059397988,89.98559626771247,131.75743994462988,0,0,0,0,139.98089401144557,86.14634056509982,75.77318428909643,59.85759659914533,4,0,122.15004614109102,120.11163369250086,122.19272066,117.87479452615284,160.02953517207905,139.98089401144557,,,144.88022530184617,119.8263475,0,4,0,44.124430363456085,0.48349849719981863,-1.0876648411833105,4,21.44390320626686,30.70420983546303,0,8.860177702438158,160.02953517207905,119.8263475,1,1,0,0,8,13,2,11,0,1,15,,11,-1.9030107630603057,-1.0929162100513357,0,2.387300775878167,2.387149974827356,,,,,,0.7518265633313274,123.20287045312546,93.65079365079364,65.85415849167536,3,74.28385973168669,26.261812184051387,26.604589480073567,30.43654215837163,,,,10251092
2026-03-18,131.80798378,135.07297966,129.28185546,129.66127394,130.44899462758664,125.44685247365064,132.7103280605493,122.1255222938238,90.38037913012329,132.57586274209763,0,0,0,0,139.48544450530622,86.41011644513011,71.16277463875821,73.23918331443615,4,1,122.23841613143188,121.24030388565787,123.23652837720589,117.96007156683176,160.0840955324141,139.48544450530622,138.48733225953222,140.48355675108022,144.36743506299192,119.8263475,0,0,2.5,43.4617504240858,0.4548369798193175,-1.0508797108653098,4,21.40985819820688,24.398309730860404,0,4.026860923431528,160.0840955324141,119.8263475,1,1,0,0,8,13,2,11,0,1,16,,12,-1.700225821591108,-1.0516209180746745,0,1.3573439991279619,2.504418580560029,,,,,,0.7726088606603186,128.62302224790264,94.84126984126983,73.4260354069727,3,74.16592436427874,24.43471133296546,28.468590532999915,28.859799621540972,,,,10625952
2026-03-19,125.76724215,134.04445604,123.71039459,132.87634635,131.2581118683911,125.86450057939737,132.72613932621127,122.54712323720327,90.80322457509719,133.36494850378295,0,0,0,0,139.16818487137908,86.70407059649969,70.28572352078278,76.7615601320492,4,2,121.99562517093474,,,117.72577828995202,160.00586648914054,139.16818487137908,138.14909795164252,140.18727179111565,144.03907134187733,123.54520747587999,0,3.5,0,46.334391726482124,0.38167195863241066,-0.6413547372231054,4,21.493214434990673,31.295166340249523,0,3.207419735632023,160.00586648914054,123.54520747587999,1,1,0,0,8,8,2,11,0,1,17,,13,-0.664889135381845,-0.6425175617958745,1,1.5323936871318744,1.4251422272761936,,,,,,0.8056184426080992,133.41354866596268,95.63492063492063,79.187595389266,3,74.45467883875328,23.345436606044284,25.891036633442916,31.128174267774305,,,,11160134
2026-03-20,132.15744817,134.57374482,124.21961413,124.38935398,128.96852590559405,125.98244763440562,131.93215976942923,122.61936758005804,91.13741491743453,134.0807331307844,0,0,0,0,137.8781691488393,87.17312488418868,58.27820114623157,48.44818447660498,1,0,120.87941016229597,119.8406675699513,121.91815275464064,116.6486308066156,160.22545202427355,128.92240637,127.88366377765533,129.96114896234468,133.43469059295,119.8263475,0,0,4,36.485497303922756,0.3324274865196138,-1.6309563263957578,1,21.19146603799941,16.025737531883053,0,9.299951274733916,160.22545202427355,119.8263475,1,1,0,0,15,15,2,11,0,1,0,,14,-0.40501108084197784,-1.6150961491058016,0,0.44560582484539824,3.4974755024373367,,,,,,1.542313396565536,137.19654613809885,95.63492063492063,86.89236200714546,3,73.40939172937063,22.266253891427514,24.041699919345195,28.35778159984928,,,,22234020
2026-03-23,127.8740132,135.04801792,126.8955129,130.7695753,129.56887570372936,126.42095844030689,131.8214374390074,122.93898356907538,91.53176477198741,134.7728384575014,0,0,0,0,137.52183030766759,87.49874107906683,76.44222438138246,88.9395897249973,1,1,128.92240637,127.86269303478709,129.9821197052129,124.41012214705,135.07297966,138.911124809378,137.8514114741651,139.9708381445909,143.77301417770622,119.8263475,0,5,2.5,42.867971163624965,0.36433985581812484,-0.7874023546010827,1,21.432776999858554,26.712648806837713,0,3.9253828838027305,135.07297966,119.8263475,1,1,0,0,8,15,2,11,0,1,1,,15,-0.351127353665971,-0.7838111280569284,0,2.734352929294735,3.4248772355933914,,,,,,0.9493098766406574,137.8822727148198,95.63492063492063,85.71174250752475,3,74.24531742209733,21.199918853090068,22.282252651798238,25.811135475027395,,,,13442418
2026-03-24,131.47838893,145.27733989,130.06066182,141.79268068,133.64347736248624,128.1665497302935,132.77107965243528,123.67834424009203,92.03187338798753,135.51009226145501,0,0,0,0,137.8327783332435,88.12662363783123,82.96485731767653,60.84448226747431,2,0,141.79268068,,,123.87455711826526,,159.48641974636158,,,165.06844443748423,131.7982693117,1,1.5,0,54.06910177980523,0.4203455088990261,0.4949943425159244,3,22.63358513192103,49.748669532826604,0,0,,131.7982693117,0,1,0,0,8,8,2,11,0,1,2,,16,-0.036372832501945056,0.4879377931679126,1,2.4153771858995587,-0.5193899237579547,,,,,,1.456141042029155,132.76026831758006,94.04761904761905,69.3261942464883,3,78.4050388118455,20.40182466208513,27.73459599222345,22.679750987683843,,,,21057231
2026-03-25,144.58839581,150.02007092,143.13063006,146.12603913,137.80433128499084,131.22126647951472,134.0429805550605,124.55864600048058,92.57012379338069,136.3083472583846,0,0,0,0,138.19812480363217,88.54808311891912,82.04004510228087,59.38253589230524,2,1,124.15343130882147,,,119.8080612130127,155.3951990421532,160.20446176,,,165.77121146496768,133.34012402768002,0,0,5.5,57.854427694358215,0.43927213847179103,0.8653712028117415,3,22.04367933636546,34.24557244458193,0,7.189667863610822,155.3951990421532,133.34012402768002,1,1,0,0,8,8,2,11,0,1,3,,17,0.7318891274007278,0.8536627148642565,2,1.5033535302466332,0.8660191563457867,,,,,,0.9367280796689929,116.49198264575382,90.07936507936508,52.55320246835073,3,76.36154519268233,20.141045294485377,29.708126422149817,21.183340766512032,,,,13328270
2026-03-26,142.18208386,142.78116567,134.2941733,135.11291845,136.9071936733272,133.85214760843724,134.1448794021976,124.97253903771663,92.9934351829988,137.09112569129218,0,0,0,0,138.0873854797631,88.83229649463232,73.43777540178704,76.2656895165075,1,0,124.79811419188249,123.65864758747779,125.9375807962872,120.4301801951666,153.64861232044308,139.06193952193684,137.92247291753213,140.20140612634154,143.9291074052046,124.62598076,0,0,4,45.29296415829313,0.37646482079146565,-0.5350485866652127,1,22.458709938075785,16.916297455724738,0,2.965987430095522,153.64861232044308,124.62598076,1,1,0,0,8,15,2,11,0,1,4,,18,-0.03766113492322504,-0.5430388719153911,3,0.8157553225952063,3.4797082067623593,,,,,,0.8096502617174822,107.92548745082611,84.92063492063492,38.72303752967633,3,77.79925337039866,18.811419677467075,26.953841430627165,26.14342493920201,,,,11263851
2026-03-27,135.20278072,139.88560357,133.83487725,136.60063829,136.8050085455515,135.93279379528227,134.37876120103593,125.42854292996303,93.42733770147642,137.8680679067777,0,0,0,0,138.04822335291556,89.05104132987145,72.94556416387306,85.71024806661818,1,1,124.88652959844514,,,120.51550106249955,151.71982812914644,138.04822335291556,136.93612287811118,139.16032382771994,142.87991117026758,126.13816640344,0,2,4,46.21056497025852,0.3810528248512926,-0.3774508491947676,1,22.505117495795805,16.130403997490646,0,2.4649889230639084,151.71982812914644,126.13816640344,1,1,0,0,8,15,2,11,0,1,5,,19,0.14882617819593855,-0.39117208574778134,4,1.2894161626349954,3.97002393351381,,,,,,0.6238418858266478,98.48678969303032,80.15873015873017,26.32987708576824,3,77.96001386605117,17.5242167393126,25.64446014314173,25.2421614315596,,,,8489682
2026-03-30,140.57454766,141.67286431,126.48614033,128.35327865,133.98776524703433,136.40951908869002,133.80490571998487,125.54323844839585,93.77485950195924,138.58686984365198,0,0,0,0,137.63623652388677,89.35195698023861,45.60667736618997,65.11127037857383,4,0,125.02051305694897,123.85225258052348,126.18877353337446,119.17921067482152,146.8691071687366,135.72742822099235,135.07297966,137.63623652388677,142.30927842958872,120.30440788826336,0,0,5.5,36.87386932029293,0.33436934660146467,-1.3458291001439993,4,22.472362279291307,4.334163167186581,0,2.343265167685742,146.8691071687366,120.30440788826336,1,1,0,0,10,8,2,11,2,1,6,0,20,-0.8253123185486162,-1.3577988069943918,0,-1.5577449781267994,6.105064457941302,,,,,,1.0551058243910816,87.00385818730432,76.19047619047619,11.763285765612668,2,77.84654646765375,17.015159551150052,22.668000807194296,27.928756165276358,,,,14304057
2026-03-31,131.19891727,135.78189314,128.2035082,135.76192375,134.57915141468956,136.57999157956493,133.99128838951012,125.9439712053215,94.1926412357706,139.29431043454483,0,0,0,0,137.578031479606,89.6184091087195,49.755293013251574,92.78236375524912,1,0,125.31442077122212,124.16194332043416,126.46689822201007,119.55203351728234,144.76231674960363,137.578031479606,136.42555402881806,138.73050893039397,143.3404187335458,126.13816640344,0,2,0,44.132197556896884,0.3706609877844844,-0.43520554775595854,6,22.56087698411256,13.550196442639155,0,1.9852648862404227,144.76231674960363,126.13816640344,1,1,0,0,10,15,2,11,2,1,7,1,21,0.0008715593234493678,-0.4516926200752155,1,0.20863310976587512,3.4808168549335177,,,,,,0.8077530215920143,76.5819745735915,71.82539682539682,-2.0104057429323197,1,78.1531703995885,16.5424635907134,21.337119205906184,26.289005573974475,,,,10787983
2026-04-01,137.78881722,144.47856414,137.68897025,142.16211446,137.10680576312637,137.42140674170605,134.76946230098534,126.57997682315204,94.66994942705647,140.02648399220152,0,0,0,0,137.73496482541756,89.96051787001079,56.48082369138129,80.15406784836316,2,0,123.30227186322863,,,117.56234796715955,144.1946141980018,144.1946141980018,143.04662941878797,145.34259897721563,149.9345380940709,131.7982693117,0,2,5,50.16604035426935,0.40083020177134676,0.2631415265543361,6,23.042956602002935,22.228031725895764,0,2.15967060030034,144.1946141980018,131.7982693117,1,1,0,0,8,8,2,11,2,1,8,2,22,0.5578433186672425,0.24911265503534114,2,0.2814395769858178,1.4160833861406592,,,,,,0.9233200176164611,74.1335896382093,69.44444444444444,-7.12769920789363,1,79.82314318254754,15.660716428738844,26.654504795906934,24.506753473627654,,,,12314385
2026-04-02,136.18128102,147.95323866,136.13634988,147.69363654,140.63574935541757,139.24224848536537,136.00033603803436,127.4079634787147,95.19754830380218,140.81196857121446,0,0,0,0,138.0451498150978,90.31136670186294,74.21649361005768,60.00531319986973,2,1,136.13072882099559,,,130.27325981125287,146.5618739831878,150.64350565365854,150.02007092,152.98649325755562,157.6724684653498,134.48604567948001,0,6.5,0,55.14436996703741,0.4257218498351871,0.7851200514370352,6,22.0680485876807,47.80204024822123,0,1.7808280581326377,146.5618739831878,134.48604567948001,1,1,0,0,8,8,3,1,3,1,9,0,23,0.7235750135096287,0.7721620666343262,3,2.8078202482715535,-0.10859390296049787,,,,,,0.8894771274072433,71.77199729170437,66.66666666666667,-6.114077572371322,1,76.44596275552314,15.21026834576366,26.902159704588662,22.29960823616721,,,,11564092
2026-04-06,147.184417,149.17127184,141.50032875,146.27580959,142.51576943361172,141.51192656076535,136.978952566793,128.1478790124906,95.705789709635,141.63197057265316,0,0,0,0,138.3016615203952,90.66042142585616,73.94519575392559,62.33133559840728,2,2,129.12699928233204,,,122.67064931821542,147.9206972873114,149.09673061501152,147.94042437847003,150.25303685155302,154.87826179771903,134.48604567948001,0,2,4,52.83903934525912,0.47176616106991454,0.47104406953524486,3,19.85238703283422,25.72580338430178,0,2.910885888997936,147.9206972873114,134.48604567948001,1,1,0,0,8,8,2,1,3,1,10,1,24,1.4605677147489513,0.4568590820370909,4,0.9321168628878618,1.2453489171597303,,,,,,0.9447135734634367,66.12357528127139,61.111111111111114,-3.8491846716422966,1,68.77068598478083,14.920935086238188,26.249205994412222,20.97875336115397,,,,11943045
2026-04-07,142.26196143,148.67213684,141.27347644,148.29271836,144.44141907574115,143.81479100250777,138.05645407090796,128.93787271239293,96.22904273103167,142.48939450352918,0,0,0,0,138.50074883150936,90.89397403137325,78.36076831866228,60.290620204699366,2,3,136.13072882099559,,,130.43186681205287,149.85341819163332,150.3109152085584,150.02007092,152.59046001213548,157.14954961928964,134.48604567948001,0,3.5,0,54.10391099336894,0.4205195549668447,0.5727435779921425,3,19.479423948931508,31.867573709240265,0,2.407970108611852,149.85341819163332,134.48604567948001,1,1,0,0,8,8,2,1,3,1,11,2,25,0.9747764255931997,0.5622956085573375,5,1.653144418343388,0.8840543027038497,,,,,,0.636804730888966,56.09071879661178,50.3968253968254,-16.876413591173588,1,67.47870396344669,14.62068024059576,24.727842100232667,19.940564880602853,,,,7791410
2026-04-08,156.70981785,164.98713158,155.78124103,164.84734582,151.24339465716076,147.56434163613807,140.6079675708215,130.3460873440638,96.91181191599652,143.4755702149061,0,0,0,0,139.4906362334693,91.47648372787927,60,96.81566394351088,2,4,153.21517393,152.00775658173205,154.42259127826793,147.85264284245,173.23648815900003,164.98713158,163.77971423173207,166.19454892826795,170.7616811853,139.84218163722,0,0,0,70.10036502350219,0.5395943641795331,2.254640990970461,3,21.38478860244609,10.060458204622513,0,4.354443491090887,156.16666129142408,139.84218163722,1,1,0,1,17,14,2,11,3,1,0,3,26,1.312740312496177,2.309189405948366,6,1.1330706767321024,4.99275332132982,,,,,,1.2558193897332617,54.582985427428866,47.22222222222222,-26.317949839132794,0,74.07908073711293,15.844055041035293,33.73971789748137,17.478875899553525,,,,15264297
2026-04-09,167.62309156,171.95645001,166.34505035,169.54015336,157.34231422477384,152.59236873635456,143.36341383645754,131.88310954076718,97.63448198011596,144.59573515785263,0,0,0,1,140.35004187171447,91.95535961031769,60,64.44091702433988,2,5,153.21517393,,,147.85264284245,162.52239258532194,171.95645001,170.77180261348335,173.14109740651665,177.87968699258323,144.14922042696,0,0,17,73.6478239261086,0.5526679435822928,2.437050000085545,3,20.966210253795868,42.23340220632238,0,4.694600210122396,162.52239258532194,144.14922042696,1,1,0,0,17,8,2,11,3,1,1,4,27,1.2754305916139979,2.4559200358620816,7,2.8012041174788864,0.4575304911757535,,,,,,0.9896648669972944,57.848495120138445,53.17460317460318,-20.35078389099926,0,72.62908280349201,17.456672867173925,37.18462987892817,16.542346854080197,,,,11961289
2026-04-10,172.34585319,176.47951771,167.71295383,170.97794972,161.8875260565159,158.4393869261277,145.99336963489014,133.41624052818807,98.36426772877152,145.8362566169242,0,0,0,1,141.0588254517061,92.35487004131805,60,43.15743396002125,2,6,147.52715647901334,,,142.36370600224788,167.954412730051,176.47951771,175.3012150928774,177.6578203271226,182.37103079561302,146.94447626556,0,2,14,73.82119916904438,0.7068046935161582,2.229739612013347,3,20.767835119144834,51.3956275980983,0,3.956125142084036,150.02007092,146.94447626556,1,1,0,0,17,10,3,11,3,1,2,5,28,2.5015895813674898,2.2289936303887417,8,2.342934873096494,-1.2573694192818645,,,,,,0.8134308304882802,61.50913888251994,57.142857142857146,-14.501637537780887,1,71.94189117914419,19.235435658506855,38.141858333296355,15.443463336064177,,,,9907910
2026-04-13,169.39038291,175.34126226,169.39038291,174.9019356,166.2256625710106,164.68104226460042,148.74656639347202,135.04313053100424,99.12583656331111,147.20365282529303,0,0,0,0,141.61930514510922,92.65744265258333,60,26.27830719466398,2,7,147.72681503192888,,,142.55637650581136,173.3832814906051,176.47951771,175.33224671418975,177.62678870581027,182.21587268905137,147.84293975368,0,3.5,0,76.4443475725838,0.7374378525930542,2.309689036298466,3,20.687491284771628,50.433035121946446,0,4.962145150566492,150.02007092,147.84293975368,1,1,0,0,17,10,2,11,3,1,3,6,29,2.641728917841082,2.288798265985433,9,0.9379879925327559,-2.5811210159186087,,,,,,0.5906241697280177,67.6909209410851,63.095238095238095,-5.543473374663013,1,71.6635719727256,20.887143964744578,36.37541806240305,14.728239779820358,,,,7209879
2026-04-14,173.38426167,174.44263954,165.566244,172.55553183,168.33561899067374,170.18403361679347,151.0140869112366,136.51420509174918,99.85648029730801,148.66651734656315,0,0,0,0,142.26049168315598,93.0299698363224,60,30.177919436075427,2,8,147.7283582176,,,143.0989267127047,176.47951771,177.05988933667055,175.91121187984672,178.20856679349438,182.8032766207897,147.84293975368,0,2,0,72.80353895534995,0.7640176947767497,1.6983583830846405,3,20.8670721351791,35.34070140536522,0,6.210516229044023,150.02007092,147.84293975368,1,1,0,0,17,10,2,11,3,1,4,7,30,3.321016251228017,1.6880792777830838,10,1.1296171587557362,-0.439788076104984,,,,,,0.7548951680617526,72.30659421776295,67.46031746031746,0.028962772961102848,2,72.28565828666994,21.820774203974185,33.735816545378434,16.631947644878874,,,,9214064
2026-04-15,171.3573682,173.50397818,163.76899855,168.01249474,168.2279109071158,174.05357653463156,152.63298289492835,137.7494321367786,100.53464959524524,150.176274301066,0,0,0,0,142.76440855769144,93.3651277308366,60,44.1606681232729,2,9,148.06390971647443,,,142.88167287639783,176.47951771,176.47951771,175.32596918196717,177.63306623803285,182.2472603501642,149.28581119884,0,2,5,67.11899371651671,0.6180368779649227,0.9519878294763866,3,21.04464386455131,47.41177972327449,0,5.48327080958067,176.47951771,149.28581119884,1,1,0,0,17,10,2,11,3,0,5,8,,2.0595352750587126,0.9394662462877986,11,4.079598363959059,0.8782180974668099,,,,,,0.7310698838312761,75.82205805544181,72.22222222222223,4.007190405723953,2,72.90078480119102,22.410204589906375,31.193835069386925,16.7698209196124,,,,8872880
2026-04-16,163.12997795,166.59456793,158.25744587,165.82584612,167.42722264474386,176.1362995901234,153.8894460592209,138.85046797925787,101.18431324225773,151.70240453565125,0,0,0,0,143.41430711174908,93.8419436908872,60,53.698902218349176,2,10,148.06390971647443,,,142.88167287639783,176.47951771,176.47951771,175.32126685477309,177.63776856522693,182.2707719861346,149.28581119884,0,3,0,63.88493513117599,0.4981903099923485,0.5368367860209968,3,21.168129086528328,43.273746709185154,0,5.48327080958067,176.47951771,149.28581119884,1,1,0,0,17,8,2,11,3,0,6,9,,1.2301250746917474,0.5211505977572337,12,3.5482064147202212,0.8232047090399786,,,,,,1.0722453684456352,78.54036040269983,74.2063492063492,7.107477555981351,2,73.32855015808725,22.145401941984773,28.848107518138875,19.757429682976824,,,,13148936
2026-04-17,167.94260186,169.83969427,163.00017689,164.12844764,166.3276309764959,176.58139879170608,154.86458906691414,139.841761299287,101.81062303726014,153.21469883203028,0,0,0,0,143.86381779036986,94.20411879878944,60,56.11866279220495,2,11,149.28581119884,,,144.0608078068806,176.47951771,176.47951771,175.3429319392536,177.61610348074643,182.16244656373215,149.28581119884,0,0,2.5,61.209550382510756,0.45604775191255376,0.21598429206000255,3,21.242681142027273,38.98460727964443,0,5.204533752649338,176.47951771,149.28581119884,1,1,0,0,17,8,3,11,3,0,7,10,,0.5830048015914209,0.19793394718528737,13,3.119660804434738,0.8998882855890715,,,,,,0.8467857973031471,80.61580963312196,75.39682539682539,9.551988944886926,2,73.58680605395298,22.204463990651657,29.847383976851017,18.695891390125233,,,,10349819
2026-04-20,165.82584612,168.33200504,162.26130932,165.12691733,165.9273930943306,176.03229233011692,155.8419536633985,140.83333604558945,102.44063591579487,154.7042923517247,0,0,0,0,144.23922639361774,94.50550526495057,60,43.546041824072184,2,12,141.5889287739752,,,136.63331626688606,176.47951771,176.47951771,175.3699139968069,177.58912142319312,182.02753627596556,152.20962458352,0,2,1.5,61.19278824638749,0.3059639412319375,0.20552188483779876,2,19.67703711515873,51.18162446064878,0,7.040620889166142,176.47951771,152.20962458352,1,1,0,0,17,10,2,11,3,0,8,11,,0.7829091194029301,0.18674582846700952,14,3.1859194100836055,-0.6284829205873684,,,,,,0.7428335124433999,82.16686055217677,76.19047619047619,20.54421298448375,3,68.16325605174688,22.147640389699557,28.389379646058693,18.377161842386585,,,,8571828
2026-04-21,166.2052646,170.00943412,163.55931992,165.19681021,165.6838654662204,174.85335118792426,156.73289238212246,141.7887664049781,103.06507546101085,156.1595705220525,0,0,0,0,144.53469141762477,94.74797930459101,60,37.14901764805029,2,13,154.83800668978,153.75007007931498,155.92594330024502,149.4186764556377,176.47951771,176.47951771,175.391581099535,177.56745432046503,181.91920076232515,158.25744587,0,2,1.5,60.28398511433038,0.30141992557165187,0.09895136604874348,2,19.348857367836843,51.794102097617525,0,3.993392187816196,176.47951771,158.25744587,1,1,0,0,17,10,2,11,3,0,9,12,,0.6066340945707458,0.08038570271452519,15,3.2792712142865015,-0.6423193833913482,,,,,,0.6190871393122934,83.11947125873178,76.58730158730158,24.01003375501451,3,67.02640805899364,22.264098719767418,28.263224771149734,17.404360346490336,,,,6942678
2026-04-22,167.74290792,172.68533289,162.82045235,168.50174488,166.62315860414694,173.55654826257268,157.8537354771584,142.8363341883123,103.71618659950825,157.59137564207873,0,0,0,0,144.8730381721413,95.00403253995339,93.78687395743125,20.209269920677208,2,14,168.50174488,,,150.9288465902338,176.47951771,176.47951771,175.38121156688962,177.5778238531104,181.97104842555194,158.25744587,1,2,4.5,62.464269469003895,0.3167657917894639,0.33520180635642877,2,17.965662584281855,76.24749024215785,0,0.45398161979040097,176.47951771,158.25744587,0,1,0,0,8,10,2,11,3,0,10,13,,-0.45677265812969753,0.32014709516111944,16,3.2055259327090004,-4.0763795677288375,,,,,,0.6706753204658857,83.23545087809143,76.98412698412699,33.744051312168516,3,62.234880775230685,22.640308890448477,28.17198476819996,16.008607694861293,,,,7051544
2026-04-23,168.04244883,172.27596031,166.25528793,169.24061246,167.4956432227646,172.3550425703485,158.93819995171475,143.87179608131964,104.36817093642857,158.99278606533443,0,0,0,0,145.13770039635278,95.20395791837996,60,29.811830373002834,2,15,158.25744587,157.18383416229037,159.33105757770963,152.8893873314518,176.47951771,170.97794972,169.90433801229037,172.05156142770963,176.3460082585482,158.25744587,0,3.5,8.5,62.15730422552457,0.31967541001651173,0.28089654406579334,2,17.825974448419842,47.05351170546961,0,3.394536722941207,176.47951771,158.25744587,1,1,0,0,17,10,2,11,3,0,11,14,,-0.7337564718892465,0.26916779982027256,17,3.3078583069951213,-0.13323519135825812,,,,,,0.5418715746680682,83.2413980354398,77.38095238095238,34.801729079506565,3,61.75098687817551,22.98964690608089,26.76140653222524,15.20705275336785,,,,5484781
2026-04-24,171.54707744,178.80595209,170.07932699,175.62083377,170.20404007184308,171.9846626154537,160.52702222012286,145.11685638283652,105.0771526561656,160.3916140374393,0,0,0,0,175.62083377,95.6054487552345,92.6554845066859,15.996272002465997,2,16,175.62083377,,,155.93068351996035,176.47951771,178.80595209,176.6412921394321,178.80595209,183.13527199113582,158.25744587,1,3.5,8,67.13512817069575,0.3490089741868121,0.807234133177239,2,15.585178389419251,76.216612068283,0,0.04360982161618049,176.47951771,158.25744587,0,1,0,0,8,10,3,11,3,0,12,15,,-0.39626202375030095,0.794390465655226,18,2.6868087688220132,-4.631292776530962,,,,,,1.0148356677674677,83.26270144859637,77.77777777777777,54.22262708086287,3,53.98864163099725,23.947137009837036,30.03655997606067,14.007090076294318,,,,10219072
2026-04-27,176.03020635,176.72913513,165.26680294,167.75289262,169.38699092122872,171.41138194965413,161.2152003534445,146.00454407841156,105.70079185978584,161.73404857699705,0,0,0,0,171.4111103733024,96.01758934447895,95.39262636708901,26.41718278446735,2,17,164.12844764,163.02108469696847,165.2358105830315,158.59163292484234,176.47951771,176.25302274157897,175.34126226,178.46774862764204,182.4218785375342,158.25744587,0,0,4.5,58.70542658046261,0.33351060927091436,-0.1733996726363024,1,16.662521523868918,60.230223372153326,0,2.2307176066751144,176.47951771,158.25744587,1,1,0,0,8,10,2,11,3,0,13,16,,-1.1776455887265886,-0.17839684569204087,19,4.840304536825743,-0.27889188278046073,,,,,,1.1491713613129149,82.815669182426,76.58730158730158,43.476630554085155,3,57.72066772310191,23.974189697200092,27.260587382333238,16.59285416846523,,,,11759679
2026-04-28,150.85878546,161.75208978,149.52083608,152.81578605,163.86325596415247,169.15742523267622,160.4152561340688,146.27165160670916,106.16959777212628,162.93045666114844,0,0,0,0,162.4617195540903,96.57469164770866,76.65805666432881,42.59285829087358,4,0,146.6513879515059,145.46033614244092,147.8424397605709,141.5185893732032,176.47951771,153.21517393,152.024122120935,154.40622573906498,158.57770501755,142.35655645338,0,7.5,4.5,43.935542054130494,0.34517734305206865,-1.77754855508727,4,18.28711330236293,6.724451105967141,0,5.8112800070868165,176.47951771,142.35655645338,1,1,0,1,8,7,2,11,11,0,14,0,,-2.0039970622513295,-1.7605114589117805,0,2.0254704322033437,5.949833606316229,,,,,,1.9351388410033075,82.35211635145028,76.58730158730158,29.99869295309077,3,63.34841872692253,22.634835076704036,23.53476461221076,26.12880457920209,,,,20391643
2026-04-29,155.29199089,155.29199089,147.94325397,151.66754591,159.79801927943498,165.79948219142125,159.5821408746337,146.48325530487742,106.62231367399568,163.98414347188825,0,0,0,0,159.81780056734144,96.93653543568135,58.12568078379026,29.38665028859726,4,1,146.9763286073817,145.80473820503565,148.14791900972776,141.1183765956514,161.55031664,153.21517393,152.04358352765394,154.38676433234605,159.0731259417303,142.40571801071454,0,8,1.5,42.247472113326026,0.30980811469477243,-1.8023451200507952,4,17.648898589651385,11.140774102674712,0,2.487898160216147,161.55031664,142.40571801071454,1,1,0,0,8,8,2,11,11,0,15,1,,-1.788566033025138,-1.7848793009981296,0,-0.6754106874799248,1.5422039028298595,,,,,,1.2863186107942095,81.86929322813667,75.7936507936508,33.90993846875172,3,61.137578109813795,21.56041365387243,22.216724185047642,25.86774689475291,,,,13744833
2026-04-30,155.5815471,164.74749885,148.91176957,163.98866189,161.19490014962332,163.26127541843897,160.00180954276382,147.16974183762733,107.1931231089808,164.98255582051993,0,0,0,0,160.59621558007592,97.3465638804343,67.44583241432696,70.01658337821198,4,2,158.25744587,157.02815005639295,159.48674168360705,152.1109668019647,178.80595209,164.12844764,162.89915182639294,165.35774345360704,170.27492670803528,152.20962458352,0,5.5,0,52.98431199105607,0.26492155995528033,-0.44440059261586534,4,18.68134436002501,39.96246948961145,0,1.9391301791726139,178.80595209,152.20962458352,1,1,0,1,8,19,2,11,43,0,16,0,,-0.7997604606765008,-0.44639294818248093,1,2.0335256215316955,0.9154280021373336,,,,,,1.2018446721557852,73.39922786916875,69.44444444444444,13.420809423263936,2,64.71407517050721,20.545977642634572,26.529099900369616,22.892505236257485,,,,12875940
2026-05-01,161.77205917,163.71907507,157.45367776,158.01781314,160.13587114641555,161.0886040767221,159.81285750440537,147.59515639850468,107.69884141774716,165.89388820427664,0,0,0,0,160.35318490705723,97.55273397363655,55.643813086808535,73.81578932341142,4,3,147.97536275299268,146.7755257106254,149.17519979535996,141.97617754115632,178.80595209,162.68341655832532,160.35318490705723,163.71907507,168.5184232394691,147.84293975368,0,0,3.5,46.72192482282452,0.24478073111093512,-1.0955270564538053,4,18.879895021733585,9.840932621335533,0,2.543352152895274,178.80595209,147.84293975368,1,1,0,0,8,8,2,11,43,0,17,0,,-1.0893688559745,-1.0888822898093191,0,0.10988631839435303,2.701526169324328,,,,,,0.6841430891670877,67.98538033232992,63.492063492063494,3.950200969458699,2,65.40187483841855,19.60400134648513,25.23898983370495,21.779242759679533,,,,7179572
2026-05-04,162.91031462,163.42452651,158.06773662,159.71521161,159.9956513009437,159.62518941164723,159.80355789541437,148.0704526813084,108.21641724055564,166.73426527530424,0,0,0,0,160.28908198548885,97.80206666571726,40.723264196828396,80.68595448736019,4,4,149.1352646375416,147.97285601453987,150.29767326054335,143.32322152253286,178.80595209,162.45977434861194,160.28908198548885,163.42452651,168.074161002007,150.3090535838633,0,2,5,47.588707594123214,0.24176586933036445,-0.8990663719331288,4,18.84178113013974,9.34157371672584,0,2.1642116075851368,178.80595209,150.3090535838633,1,1,0,0,10,8,2,11,43,0,18,0,,-1.030578650877987,-0.8937962354654293,0,-0.9683304323074386,1.7996170483967506,,,,,,0.8242636790803616,62.122628635738444,58.73015873015873,-4.821852780579601,1,65.26984444498913,18.729309071489222,24.190827691576434,20.874762117017788,,,,8508484
2026-05-05,164.17837113,169.93954124,160.07595871,161.85193675,160.6144131172958,158.82491292974026,159.9986415958511,148.61090303694337,108.75010400184365,167.52031184175414,0,0,0,0,160.48851977491339,98.17389632896743,36.78713395925912,70.58812423549027,4,5,149.42773004847834,147.94325397,151.76906623458873,143.2605815977792,178.01420801405274,177.57479171245004,,,183.4886244622208,153.01443913094724,0,0,1.5,48.829224795275685,0.24414612397637844,-0.6779104868218918,6,18.839727838172713,34.73078344814665,0,4.15303469352508,178.01420801405274,153.01443913094724,1,1,0,0,10,8,2,11,43,0,19,1,,-0.8827555156558058,-0.6761157931430763,1,-0.5132422349915382,0.3879154113168936,,,,,,1.1738398353934767,62.45186908536068,59.523809523809526,-4.306994937657679,1,65.2627316329698,18.623899448926196,27.273366010754774,19.24694888905383,,,,12386700
2026-05-06,189.09018989,195.51035,175.04172135,181.29214161,167.50698928153054,160.43869410450307,162.026593978151,149.89252023588676,109.4719153213278,168.37165669171821,0,0,0,0,181.29214161,99.43912749506873,99.55451483732698,5.858526667744102,2,0,175.62083377,174.23326327957375,177.00840426042623,168.68298131786872,195.51035,195.51035,,,202.44820245213126,166.59906104499998,0,7.5,9,65.60607446929345,0.32803037234646726,1.250602552235327,6,19.27939707753029,88.85115131418578,0,2.8668116491710713,178.80595209,166.59906104499998,1,1,0,0,3,10,2,11,43,0,20,0,,0.2064539568446041,1.2330281642047929,2,6.772395625938184,-3.262534048264402,,,,,,2.8834337028762183,66.9256811853819,61.507936507936506,0.20946166701672933,2,66.78579055515478,20.36444458983089,37.820466290657784,15.07842347526698,,,,32981093
2026-05-07,186.53410749,186.92351066,177.72760482,182.12087146,172.37828334102036,163.84745406588354,163.94033469070806,151.1563771466363,110.19479050678723,169.28400572032118,0,0,0,0,181.60733749935022,100.20446986547744,60,12.271583500082569,2,1,175.62083377,174.25026915531848,176.9913983846815,168.7680106965924,182.75911909252412,195.51035,194.13978538531848,196.8809146146815,202.36317307340758,166.59906104499998,0,5.5,7,65.27176159818791,0.47635880799093955,1.0976887749165125,3,19.123218698354165,84.50282720659305,1,1.0416561533923547,182.75911909252412,166.59906104499998,1,1,0,0,17,10,2,11,43,0,21,1,,0.2065082332617037,1.0817555778266408,3,6.7697784066948765,-2.1826127483614273,,,,,,1.7079560961756841,75.57918746454129,72.61904761904762,14.090794327268771,2,66.24477277960116,21.980665077813818,35.55475871351734,14.175121594832907,,,,20243072
2026-05-08,186.92351066,197.94661604,184.69692326,186.65392385,177.13683017734692,168.69439464057444,166.10353365825966,152.54843780167016,110.95557790323711,170.27494443409654,0,0,0,0,186.65392385,101.01078562831997,60,28.394693949991833,2,2,168.10467345772,,,161.03483129223437,185.6737986768856,197.94661604,196.53264760690288,199.36058447309713,205.01645820548563,168.10467345772,0,0,9.5,68.2240112459947,0.49112005622997357,1.3181852584433222,3,19.2339681255118,59.77340127025025,1,2.48508026175416,185.6737986768856,168.10467345772,1,1,0,0,17,10,3,11,43,0,22,2,,0.05391528496809915,1.2990445089056188,4,4.421090989737414,-0.793289177466041,,,,,,1.6622698305479278,78.51994360843186,74.60317460317461,17.8475244506419,2,66.6284200490935,24.029455612954866,38.9622782582376,12.758567354278993,,,,20589361
2026-05-11,193.70311986,208.60028763,191.36670079,207.07262901,187.1154297882313,176.35282876172468,170.00535226318732,154.6866413784674,111.91196647146361,171.45747326418945,0,0,0,0,207.07262901,102.07619475056516,60,10.38034618670271,2,3,174.68864250034,,,168.5745400128281,194.05542535805924,208.60028763,207.09136726551694,210.10920799448306,215.90129769704998,174.68864250034,0,0,0,85.03171335372913,0.6721959650626349,2.986781117664481,3,21.604933387241275,89.84214468668003,0,3.1675594083148004,194.05542535805924,174.68864250034,1,1,0,0,17,10,2,11,43,0,23,3,,1.9775677205010784,2.911736754836891,5,7.982638803848404,-2.434213890693586,,,,,,1.7039442230257413,77.4418423162222,73.41269841269842,3.4742105111405497,2,74.84168464168609,26.364881604159855,40.206585775321045,11.101728990978142,,,,22399681
2026-05-12,204.02729645,205.00579675,188.00185793,197.93663135,190.72249697548753,184.21112236837706,172.665474080979,156.38271941656674,112.76793328617542,172.75383157927,0,0,0,0,202.43217108230692,103.05996941893174,60,11.694683208133911,2,4,174.68864250034,,,168.5745400128281,198.28250461150384,199.85353236131866,198.28250461150384,202.43217108230692,206.8484059939648,174.68864250034,0,2,5,75.52563533082474,0.7296563342826919,1.668091069527633,3,22.16566382017704,77.67662956726345,0,3.8589248641733573,198.28250461150384,174.68864250034,1,1,0,0,17,10,2,11,43,0,24,4,,2.616225261028546,1.6458132820903886,6,5.469633929367078,-2.2555546756669402,,,,,,1.670506245186619,76.6201858417684,72.61904761904762,-0.2134894763760298,1,76.78411184007577,28.08442729050558,35.849897273924334,11.81063140564952,,,,23121757
2026-05-13,207.52194037,211.46589565,195.78393069,206.19397568,195.87965654365834,192.34092797857278,175.8586647094572,158.33610201513275,113.69754564830303,174.20047586321584,0,0,0,1,203.38542533392848,103.76241341852317,60,9.824256938031237,2,5,158.17198431389244,,,152.6359648629062,204.18861888640555,211.46589565,209.86670695978248,213.0650843402175,218.86720199775,176.4595882567,0,2,12,81.35305780285988,0.8,2.1068469216454493,3,22.11904482027224,69.05914213643757,0,8.312224149486205,204.18861888640555,176.4595882567,1,1,0,0,17,10,2,11,41,0,25,5,,3.2454061377132852,2.0726838885194816,7,2.824885845049689,-3.633144955448609,,,,,,1.0903631621983287,75.96206686844751,71.82539682539682,-0.8620848887118877,1,76.62261888720944,29.952272614720194,36.31784134570036,10.776547300378716,,,,15450499
2026-05-14,203.05878086,210.17786974,200.04340239,207.96126703,199.90686003910557,199.91863085370392,178.91605540665176,160.28218691767657,114.63549312473783,175.7859414031858,0,0,0,0,204.08200987884098,104.26290234555847,60,23.836676262191375,2,6,159.11461918856207,,,153.5456075169624,209.65874449614222,210.27274009026254,208.69729284800698,211.8481873325181,217.6322859934217,176.4595882567,0,3.5,0,81.41088886293879,0.7026630579816381,1.9050366946876396,3,21.984480501405,29.741932427725132,0,9.075959665399951,209.65874449614222,176.4595882567,1,1,0,0,17,10,2,11,41,0,26,6,,2.2213044638531043,1.876789151258913,8,1.4171503935405152,-0.22127771339111113,,,,,,0.7786980446610219,75.77147859259892,71.03174603174604,-0.505532619847062,1,76.15647441288152,31.68670041577662,34.23191452651929,10.15759286368573,,,,10948516
2026-05-15,197.80683029,200.48272906,191.51647124,191.51647124,197.11006377273705,204.5399030138381,180.11609500982777,161.50706081266964,115.40047798160612,177.3816164795392,0,0,0,0,201.65445346744698,104.91717812221681,60,43.3367793988708,2,7,186.65392385,185.04418001978055,188.26366768021947,180.12103651525,211.4162805032123,198.93537268731922,197.94661604,201.65445346744698,205.89811073137537,176.4595882567,0,0,4,65.95812650838944,0.5550546197714904,0.18546881661154976,3,23.830024658558038,38.185053878470825,0,3.790415383638312,211.4162805032123,176.4595882567,1,1,0,0,17,10,3,11,41,0,27,7,,1.6021118978363456,0.18377509850957563,9,3.867756448579624,1.1403005322126147,,,,,,1.195635664993335,75.71176581625097,70.63492063492063,-8.283333733068297,1,82.5496269084834,32.141177159973914,31.10954081333328,13.960624626561106,,,,17221470
2026-05-18,192.9442829,193.35864782,173.94340469,178.27676315,190.83229689849136,205.36536081494154,179.94092054698703,162.1646961984473,116.02611265989859,178.88722124291638,0,0,0,0,197.92332296936667,105.45397581792453,91.81251248315121,64.94754611109528,1,0,162.664359946387,,,156.97110734826344,195.51035,186.65392385,184.98581133684982,188.3220363631502,193.18681118474998,164.213317565,0,0,5.5,53.652276253168594,0.418261381265843,-1.0604659314426295,1,25.115511505412563,19.120574133774028,0,5.769283812286613,195.51035,164.213317565,1,1,0,0,8,15,2,11,40,0,28,8,,0.5742519913725843,-1.0494844889285655,0,3.2322065569978617,3.305272378834409,,,,,,1.1422059450178643,75.84549846668189,71.42857142857143,-12.823955532175358,1,87.00268397091051,30.7004734361325,27.8766348567933,21.915818434747123,,,,16929180
2026-05-19,173.56398621,180.22377905,169.54015336,175.56092559,185.74183979566092,202.96685551143895,179.52377817013112,162.6900385275278,116.61849885820806,180.2804701577693,0,0,0,0,195.73465851172523,105.80096352839244,74.03099514776984,62.4410235591391,1,1,159.64248009855123,,,154.05499329510192,195.51035,186.65392385,185.00957271555697,188.29827498444305,193.18681118474998,158.88648177,0,5,4,50.54294756739905,0.4027147378369953,-1.273557226403256,1,25.187295999486874,8.377035360182767,0,6.419320736347249,195.51035,158.88648177,1,1,0,0,8,15,2,11,40,0,29,9,,0.23660249826059157,-1.2597780280831896,0,0.33505761234252684,3.2207290256176067,,,,,,0.7646474978808259,76.34298019135784,71.82539682539682,-12.502238896313706,1,87.25135275277518,28.974760885675494,26.25949930367966,23.035369526937597,,,,11507739
2026-05-20,180.41348829,183.94807099,177.95725285,180.41348829,183.96572262710728,198.9978166027463,179.6085124672615,163.38507577311495,117.25327487245474,181.58352400128953,0,0,0,0,194.1213299238432,106.24241251641321,41.94220365043987,88.80359116090281,4,0,158.8613203316,,,153.30117411999402,195.51035,186.65392385,185.05214114123146,188.25570655876857,193.18681118474998,166.59906104499998,0,2,2.5,53.86648132962547,0.4193324066481273,-0.8108840668594602,4,25.250345034194787,2.012867420963069,0,3.0698314202241743,195.51035,166.59906104499998,1,1,0,0,10,8,2,11,40,0,30,10,,-0.7169756242270009,-0.8047807838546671,1,-2.511492390030567,4.883260743273377,,,,,,0.89922958236934,77.55345196239433,73.41269841269842,-11.336842513564216,1,87.46976101573973,27.65475901040108,27.107811682531345,21.95843889104401,,,,13838306
2026-05-21,181.72148358,193.45350244,179.22530936,191.59634881,186.5092646880715,195.7884328843282,180.75021116656993,164.49140020593396,117.99300695143529,182.85565287267104,0,0,0,0,193.8718496730982,106.76499334296385,60,60.23077974180076,2,0,186.65392385,185.0395167536435,188.2683309463565,180.12103651525,211.46589565,196.86001167549284,193.8718496730982,197.94661604,203.75011208413508,177.94329424507998,0,3.5,0,62.37941023815004,0.4618970511907502,0.13960252109057023,3,25.879003471594334,52.62757592024682,0,2.7454922727520277,211.46589565,177.94329424507998,1,1,0,0,17,8,2,0,40,0,,11,,-0.10823052205772678,0.1368546055623345,2,3.7552061555490983,-0.5860467927392585,,,,,,0.9098849722053195,78.6262879310709,75,-12.293940235736283,1,89.64749772410548,27.095074116738132,30.2317358932892,20.230532819397776,,,,14408249
2026-05-22,194.05258425,194.68162016,189.0502511,193.75304334,188.92385757204767,193.67891323644113,181.98857613546804,165.63891562295615,118.74683815928171,184.09603216163106,0,0,0,0,193.8644892976892,107.11954000529828,60,67.79292576428331,2,1,189.759164585,,,183.117593824525,211.46589565,193.8644892976892,192.31511691303675,195.41386168234166,200.6497464231083,177.94329424507998,0,3.5,0,63.1648019799132,0.46582400989956596,0.21749244846877605,3,25.68408480491331,19.639187817125816,0,2.346439458125302,211.46589565,177.94329424507998,1,1,0,1,17,8,3,0,40,0,,12,,-0.25624504394592196,0.2137432312601502,3,1.7872533521173093,1.9301868069315031,,,,,,0.6093282943970344,79.48199574048265,75.39682539682539,-10.666562610558957,1,88.97227965603525,26.657197987830777,29.958386211915055,19.574013549568992,,,,9630943
2026-05-26,198.59062899,199.62404512,190.90750457,195.86979909,191.2391714113651,192.53350165798224,183.310597369233,166.824440464801,119.51423080535851,185.3118522507521,0,0,0,0,193.9750351305533,107.45888898981734,60,48.806632812186024,2,2,189.759164585,188.24263540148343,191.2756937685166,183.117593824525,211.46589565,211.46589564999996,,,218.86720199774996,177.94329424507998,0,3.5,4.5,63.88826482847432,0.4984123021689105,0.28193400478961034,3,25.125982301698507,34.03204074995738,0,3.2683128506557497,211.46589565,177.94329424507998,1,1,0,0,17,10,2,0,40,0,,13,,-1.2317678242123107,0.2790810608078188,4,1.3505050593342585,-0.7011570948376948,,,,,,0.5787480914682227,80.2038918060361,75.7936507936508,-7.852879206357796,1,87.03895587323642,26.579799201063757,31.33081639601679,18.569501282550103,,,,9069758
2026-05-27,195.70005924,196.30323478,185.01643356,190.59787912,191.0254073142434,191.53466759088354,184.00462420263938,167.7567321767696,120.22153078858877,186.465009927523,0,0,0,0,193.76210298882623,107.84514247213532,86.59083629223089,57.58442794696958,2,3,188.00185793,186.4928772486989,189.5108386113011,181.42179290245,211.46589565,192.11530637302033,,,198.83934209607602,177.94329424507998,0,3.5,4,58.53888889101654,0.4483265182520485,-0.2765385404813979,3,23.12555338952453,35.41447307638428,0,3.5659279386690947,211.46589565,177.94329424507998,1,1,0,0,8,8,2,0,40,0,,14,,-1.0450565903757267,-0.2748147659001141,5,3.5623302665713847,1.3459709555243644,,,,,,0.7281365077922499,80.83968820506801,76.19047619047619,0.9117813533997503,2,80.10926684760629,25.883291059823016,29.238434828302953,20.815085456239775,,,,11071560
2026-05-28,191.87592033,194.93123758,182.06106312,182.68999918,188.24693793616228,189.7167879731173,183.87942181953088,168.34235049062175,120.8431075885033,187.50780398101983,0,0,0,0,193.181403597217,108.14915369860658,68.29817842324354,77.93376949559564,4,0,167.1086312897784,,,161.25982919463615,195.51035,191.96045320192454,191.51647124,194.99267043969803,198.67906906399188,169.54015336,0,0,7.5,51.17949449140172,0.511188594819437,-0.997201315575139,4,23.674707667147626,5.004172477965348,0,3.337041483277441,195.51035,169.54015336,1,1,0,0,15,8,2,1,104,0,0,0,,-1.842328978899427,-0.9868019661418514,0,0.44029442956152653,5.216451060841467,,,,,,0.6477801727627647,81.38756115391674,76.19047619047619,-0.7609069528115948,1,82.01159306768027,24.933952332614965,27.022330432519567,20.977880419055047,,,,9719333
2026-05-29,184.08,184.08,174.5,181.16,185.88462529077486,187.49780131922822,183.62042926528983,168.84500341255816,121.44327567219979,188.44698981489074,0,0,0,0,192.17424017742482,108.66257563103032,63.06296120108234,79.46817096996969,4,1,168.3005593930924,166.8072085326976,169.79391025348724,162.41003981433417,195.51035,193.9069887263177,192.17424017742482,195.51035,200.6937333317388,168.10467345772,0,8,4,49.17252437177983,0.5179127340815063,-1.108472780993556,4,22.586592474952212,8.947822318210584,0,3.801869197787026,195.51035,168.10467345772,1,1,0,0,8,8,2,1,104,0,1,1,,-1.9764008977808567,-1.0975323554605556,0,0.8609414607681529,3.848302631643521,,,,,,1.1142980330721695,81.70578224207088,76.19047619047619,4.42667574606865,2,78.2422514729402,23.321951612550322,25.47455328482432,24.296987375025903,,,,16945744
2026-06-01,176.11,178.84,172.43,176.7,182.82308352718323,184.9775587241987,182.96134076383365,169.15304249441863,121.99309382471522,189.267022363499,0,0,0,0,191.3831761390976,108.96885821254092,47.75602260671998,57.18278193649428,4,2,168.76022123984293,167.2955918694763,170.22485061020956,161.4370743880098,195.51035,193.78682710024268,,,201.3688674814665,164.213317565,0,5.5,0,44.84426491706977,0.27747961129147203,-1.4549277509753016,4,22.380460125880703,7.922956893459514,0,3.9004684818717807,195.51035,164.213317565,1,1,0,0,10,8,2,1,104,0,2,2,,-1.4260662936489852,-1.4377159495437024,0,-0.5376125458235284,2.9033794403954536,,,,,,0.7079006427222219,78.56458254408173,72.61904761904762,1.3367969770711186,2,77.52818806958945,21.677799352416656,24.118817500618686,24.265819691147865,,,,10897014
2026-06-02,186.5,201.55,186,200.4,188.68205568478882,185.16140529352856,184.62216545299233,170.37841337699044,122.77326204536482,190.12988201766876,0,0,0,0,192.09077758310886,109.64939247172836,98.67126636747874,1.5808274814431187,2,0,200.4,192.171155353231,195.334931326769,175.0897922116958,211.46589565,211.78872920448146,210.20684121771245,213.37061719125046,219.6981691383265,179.00362911776,1,3.5,0,63.22772292712403,0.31613861463562015,0.5791153554506114,2,25.407492498596685,89.79698864986565,0,0.4372107784556993,,179.00362911776,0,1,0,0,8,10,2,1,104,0,3,3,,0.6720699881498574,0.5742695025869562,1,5.303423267350022,-5.068382927160801,,,,,,1.143412395044674,75.95510539828115,67.85714285714286,-13.701242752613016,1,88.01413580098915,21.795338660476478,33.55401342231029,20.862305163567346,,,,18152378
2026-06-03,201,208.57,195.7,200.76,192.70803712319255,187.2672756657264,186.15910207651686,171.56984814652023,123.5492494876995,191.04206619847014,0,0,0,0,192.52831006832716,110.10640390189832,60,23.374187520487695,2,1,193.75304334,192.1692366380002,195.3368500419998,185.834009830001,210.96292242192865,211.09289400134358,209.50908729934378,212.67670070334339,219.01192751134258,179.00362911776,0,2,2,62.493904926543124,0.3124695246327156,0.4574447577046551,2,25.42419210917952,86.02363929455488,0,2.1732297331736925,199.62404512,179.00362911776,1,1,0,0,17,10,2,1,104,0,4,4,,0.8700169866736704,0.4541561942443735,2,4.232806889892296,-5.095543551153137,,,,,,0.7746666492638786,68.63520421873187,58.73015873015873,-22.069197987883268,0,88.07198494898131,22.30272524153208,35.077015876019644,19.348671975271632,,,,12294750
2026-06-04,192.76,199.8,183.8,197.7,194.37202474879504,189.98165575830862,187.25823521208667,172.59455998391158,124.28706790075721,191.98075954058908,0,0,0,0,192.759978587919,110.51277145744648,90.67159088926095,12.048220453356157,2,2,197.7,192.13093711671448,195.37514956328553,171.74630042743158,211.46589565,199.62404512,,,207.73457623642764,179.00362911776,1,3.5,0,59.06723309126799,0.29533616545633995,0.07271712695667469,0,23.112742553520217,88.36326594444677,0,0.5304020573833634,199.62404512,179.00362911776,0,1,0,0,8,10,2,1,104,0,5,5,,0.3719511743746256,0.07258952436048031,3,3.8669065182040976,-6.124400926085981,,,,,,0.7722648210808224,67.28807483911092,56.74603174603175,-15.958073708359072,1,80.06488880991249,21.694929943057655,31.802469284783246,24.09254024559888,,,,11424251
2026-06-05,189.377,190.11,174.3,177.58,188.77468316586337,190.4461279012775,186.3364985252213,172.7900674355229,124.81734583209295,192.81445748509012,0,0,0,0,191.88092746146467,110.93701622039363,52.77334901264663,24.81446274886736,4,0,172.60186495877366,170.88669489429424,174.31703502325308,164.02601463637657,195.51035,181.16,179.44482993552057,182.87517006447942,189.73585032239708,172.43,0,0,1.5,42.27189243303134,0.2582889244292463,-1.6613850247172701,4,25.662089066425953,6.395376739320376,0,2.6712785531479564,195.51035,172.43,1,1,0,0,8,8,2,1,104,0,6,6,,-1.3754356981127165,-1.6400415506181216,0,-1.8859071360902964,2.2992744453048104,,,,,,1.0763101725126216,67.83481906344426,57.53968253968254,-23.69200546118346,0,88.89608418281504,20.386605588432076,27.928541787344397,26.103141359134064,,,,15676284
2026-06-08,192.9,192.9,185,187.54,188.36312211057557,190.02804882776925,186.45111771329545,173.3684961635416,125.44145184371392,193.6046296181428,0,0,0,0,191.69646616387254,111.30658014179134,48.34611828602087,68.1674838858584,4,1,172.80426280801444,,,164.1640496676137,208.57,199.62404512,197.8946014886977,201.3534887513023,208.27126327651158,170.2781413654213,0,2,1.5,49.504009435137874,0.24752004717568937,-0.7588466294103952,4,26.14933762042532,11.677454301693587,0,3.393681438750392,208.57,170.2781413654213,1,1,0,0,10,8,2,1,104,0,7,7,,-0.944183117382702,-0.753456322239698,1,0.1140605185131145,2.3604191038991575,,,,,,0.8498704446439649,72.8504253637847,62.301587301587304,-19.576906105823323,1,90.58396268569778,19.365896694239854,27.159997450476933,24.038583271616975,,,,12013821
2026-06-09,190.41,190.41,166,173.94,183.55541474038372,187.84497176367182,185.25958269298158,173.39090807869684,125.92402446218443,194.26601159960742,0,0,0,0,190.70760226007806,111.72315656223323,41.76019819523559,31.131935894970088,4,2,171.4191485477272,169.5952901758036,173.24300691965078,162.84819112034083,195.51035,174.08224221199998,,,182.78635432259998,158.88648177,0,6.5,3,38.13090928668261,0.2850131237810817,-1.877563051089275,4,24.782763348585412,6.19966926141322,0,2.8107946698341264,195.51035,168.70797919264393,1,1,0,0,10,8,2,1,104,0,8,8,,-1.754868618781349,-1.8528646984448998,0,-0.37518318348298774,4.020636318346983,,,,,,1.2038770599225195,78.19171719578003,71.03174603174604,-8.920550270356562,1,85.85001054341146,18.843319199164785,23.91444695408752,30.467351274010536,,,,16673393
2026-06-10,173.66,178.48,166.68,168.17,178.4269431602558,184.3094778657666,183.6320033888881,173.1861665854146,126.34438242773484,194.7755094314308,0,0,0,0,189.937285073813,111.96072126141112,29.395473031344032,19.58839989984541,4,3,164.82298032630746,161.77205917,165.6646137487371,156.58183130999208,195.51035,174.05725999534826,172.2583200785621,175.85619991213443,182.7601229951157,153.73799262966,0,0,1.5,33.104453691234056,0.2650646681267726,-2.242591403031839,4,24.63276424804095,6.148729486912565,0,3.723676105472593,195.51035,165.6646137487371,1,1,0,0,10,11,1,1,104,0,9,9,,-1.7963391973648184,-2.207664006529106,0,-1.6712662326792644,2.833133150480931,,,,,,0.8012453904132332,82.0078687673738,76.58730158730158,-3.8937233520669357,1,85.33039841694618,18.35806866802365,22.513867768212005,28.682993135808076,,,,10595204
2026-06-11,169.5,177.31,168.24,176.55,177.80129544017055,181.30260201499001,182.95752687566068,173.3180816212807,126.84394081153847,195.2005810262305,0,0,0,0,189.5233077231255,112.21351340421896,21.07425066869356,53.731982062893515,4,4,174.55646603021276,,,165.8286427287021,195.51035,181.16,179.40794864869855,182.91205135130144,189.92025675650726,165.32931648845786,0,4,0,39.186782490709234,0.1959339124535462,-1.4015460594972828,4,24.806448833937505,9.326240973549098,0,1.8071026856356518,195.51035,165.32931648845786,1,1,0,0,10,8,2,1,104,0,10,10,,-0.933557778399568,-1.3900984016301556,0,-2.123965459332812,1.0669726358668408,,,,,,0.7641085695041715,84.55080677465111,79.36507936507937,-1.6073776252067709,1,85.93205947147497,17.907478889106883,21.46521561434532,27.346995126009098,,,,9891754
2026-06-12,178,180.77,173.4101,179.2,178.26753029344704,178.9661660943156,182.5996671732168,173.54874508711282,127.36489662435899,195.57020388261074,0,0,0,0,189.23150142206822,112.45923254599384,17.28099103614254,69.11243928581793,4,5,175.09773572074155,173.40511750167593,176.79035393980718,166.6346446254134,195.51035,189.23150142206822,187.5388832030026,190.92411964113384,197.6945925173964,166.15550279949682,0,5,0,40.69810815182443,0.20349054075912215,-1.1225179259218256,6,24.85843101789945,9.172228195974618,0,2.7266631497455958,195.51035,166.15550279949682,1,1,0,0,10,8,2,1,104,0,11,11,,-0.7003538111739597,-1.1184040336253185,0,-2.038007666713387,1.2567736773389568,,,,,,0.7233779848197294,85.7204777749938,80.55555555555556,-0.45481775816838493,1,86.11213103889592,17.18938141676923,22.457012552927054,26.285288585257206,,,,9305034
2026-06-15,187.47,190,185.23,187.88,181.47168686229801,178.26704423656366,183.10255601386282,174.11075508369663,127.96703695645492,195.9460703936744,0,0,0,0,189.1947926484688,112.73150824058568,54.999431021285474,50.48655636270543,1,0,175.43765467046788,173.7695091813355,177.10580015960025,167.096927224806,203.47433326086986,189.1947926484688,187.52664715933642,190.86293813760116,197.53552009413067,168.97601799,0,2,3.5,46.81905939881415,0.23409529699407075,-0.3842153323299335,6,24.116771191209608,59.82071624476457,0,3.361418865806987,203.47433326086986,168.97601799,1,1,0,1,8,8,2,1,104,0,12,12,,0.05350306885942368,-0.38742093974057545,1,3.392183964807092,-1.526293996919192,,,,,,0.7375217447933164,85.91824576075379,80.55555555555556,2.843208000315306,2,83.54294603537686,16.148798086139657,26.099125203844064,24.765845080852564,,,,9190831
2026-06-16,187.39,187.95,176.2041,177.42,180.12112457486535,177.40557496547663,182.56136020301875,174.2405293941399,128.4591062404703,196.2631684402554,0,0,0,0,188.7436203778122,113.07227315035253,56.86593137061028,51.49910907692428,4,0,173.30697517528654,171.65310882823505,174.96084152233803,165.0376434400291,195.51035,177.7208534761,,,185.99018521135744,166.0529586176897,0,0,1.5,38.11399222089935,0.28415123710894163,-1.273304923127546,6,23.714348574146502,17.957262491854294,0,2.6850264973705498,195.51035,166.0529586176897,1,1,0,0,8,13,2,1,104,0,13,13,,-1.7486502080355588,-1.26805897668518,0,0.91055353858623,1.8676569161467507,,,,,,1.0970514337702308,88.92170801725541,80.95238095238095,8.244533683994419,2,82.1489131976406,15.488257420015989,24.444141137058672,28.068133324977232,,,,13482130
2026-06-17,179.035,180.82,172.7501,175.4,178.54741638324356,176.2226090361411,181.87932589796935,174.28599882966384,128.92617981021687,196.513068481359,0,0,0,0,188.3357799604285,113.3412650926594,33.01044447591473,48.33760491570764,4,1,173.32899943311844,,,165.29007085752224,195.51035,177.9919262925,176.38414057738078,179.59971200761925,186.0308548680962,166.0289485954232,0,4,3,36.04684499160215,0.28656617919140476,-1.390513717918466,6,23.691442429734746,7.938564855955661,0,1.4881308602980818,195.51035,166.0289485954232,1,1,0,0,10,13,2,1,96,0,14,14,,-1.8506556338671518,-1.3818439922321324,0,-2.619812906366333,1.251975216841691,,,,,,0.9042075438763433,90.2136158818413,80.95238095238095,9.923352215523446,2,82.06956398578725,15.11983024053602,23.34868057428554,28.728385728566515,,,,11093460
2026-06-18,182.33,196.02,181.2,194.92,184.0049442554957,177.1708201537961,183.1212948600675,175.0951753461476,129.58283473747838,196.8173550500838,0,0,0,0,188.7245886689135,114.05782524470328,94.38830654845034,60.628131526865424,4,2,194.92,,,168.08718366108553,204.61739492438466,205.63088340531166,204.61739492438466,208.57,215.2782040847286,179.00362911776,1,3,0,50.4211575513748,0.252105787756874,0.24927065891328015,6,25.8312098735184,50.62151873033259,0,0.3614005627251643,204.61739492438466,179.00362911776,0,1,0,0,8,8,2,1,96,0,15,15,,-0.7177322143495404,0.24120047974220285,1,4.203419542887363,0.39560991844398097,,,,,,1.791332175056225,90.11101873369844,80.55555555555556,0.7030278054992625,2,89.4819358438174,14.473158259141226,28.877892020027026,25.574575290732593,,,,22778036
2026-06-22,200.48,212.3936,196,209.83,192.61329617033047,181.37073889040477,185.6649810638706,176.4573253325732,130.3813139938219,197.26861265563397,0,0,0,0,189.69419988663032,114.73892782252939,60,33.36600584781109,2,0,208.57,206.85672405175941,210.28327594824057,200.00362025879713,223.01328,212.3936,,,220.95997974120286,187.20024652824,0,3,0,60.93563837678671,0.33543875436485104,1.3180769400725,2,26.17485091457706,92.85561342169989,0,1.6860424632508684,223.01328,187.20024652824,1,1,1,0,17,10,2,1,64,0,16,16,,1.24608449984734,1.2996411161433397,2,6.072345450400707,-5.454902958510711,,,,,,1.4371972901874268,85.84108943306683,78.96825396825396,-5.328255252618908,1,90.67234332917631,14.859325916426997,34.7811570651199,23.245704042334257,,,,18574339
2026-06-23,192.45,194.81,186.6,194.07,193.09886411355365,185.95696025823244,186.46545905778768,177.14801845678602,131.01503226254007,197.76432969944318,0,0,0,0,189.88040229630334,115.28098860708145,89.4068087259115,25.32385335270494,1,0,178.95454996803994,177.1562401589594,180.75285977712048,170.00682246963794,208.20079130656785,208.29546020231967,,,218.71023321243567,179.00362911776,0,3.5,0,48.12804046111634,0.24064020230558172,-0.14623016921040088,0,27.42545379742034,74.35207718591086,0,3.2685663866888066,208.20079130656785,179.00362911776,1,1,0,0,8,15,2,1,64,0,17,17,,-0.23149763982684948,-0.14989632185772564,3,4.799498268916776,-2.087723548176967,,,,,,1.3469062698265988,80.84774812112192,72.22222222222223,-14.901190904824094,1,95.00455879552965,14.50429529031941,30.769621013804784,25.231707257869378,,,,17968943
2026-06-24,194.42,217.09,190.93,205.83,197.34257607570242,191.56704438183678,188.30970105228408,178.27280204671598,131.7594598022163,198.3756189304182,0,0,0,0,190.57522945997457,115.93844483951214,94.1220918094929,13.378278935412567,2,0,205.83,,,175.37511140794643,209.9593278524266,209.9593278524266,208.05589731542327,211.86275838942996,219.47648053744336,187.20024652824,1,2,4.5,56.21648746053663,0.31266814634707185,0.7021943459780761,1,28.035118365520194,90.92355995421208,0,0.13558834207996548,209.9593278524266,187.20024652824,0,1,0,0,8,10,2,1,72,0,18,0,,1.2526856723551096,0.6924042392293145,4,5.483727133416748,-5.201567451040536,,,,,,1.3888141237261435,75.02837461674639,59.92063492063492,-22.743946151634418,0,97.11649881057662,15.303657581606206,37.44491205230248,22.135505008852782,,,,19233832
2026-06-25,218.55,230.5,213.02,228.01,207.56505071713494,199.34362808833333,192.0906819044475,180.22328039782516,132.71717662010468,199.21821766865241,0,0,0,0,228.01,117.0155900697037,99.7656533318808,0.7243367970087253,2,1,228.01,,,177.6258504276146,,230.5,228.51226092992547,232.48773907007453,238.5675,198.96332301654002,1,3,0,71.80142450789589,0.5989569638513652,2.2253145746304615,2,29.53893166652329,96.39997468177792,0,0,,198.96332301654002,0,1,0,0,11,10,2,9,104,0,0,0,,2.919598730495086,2.1837400487945016,5,7.631703655129464,-6.1205323506441225,,,,,,1.7630791761630293,74.48531705813528,59.12698412698413,-27.207729887323673,0,102.32586089544708,16.58776757189116,39.31905328297778,19.682597417268273,,,,25707263
2026-06-26,224.425,226,207.73,221.05,212.0600338114233,207.07861019995372,194.84871219926202,181.82432822536143,133.5961101860738,200.22395028052992,0,0,0,0,223.5663247685143,118.75187956143526,60,6.001251629106395,2,2,195.8185162258978,,,188.9648681579914,222.92348905890975,230.5,228.47317086350222,232.52682913649778,238.5675,198.96332301654002,0,5.5,4.5,65.46140429696622,0.4365682294688356,1.348411235660817,2,29.352624320753346,91.02467759211333,0,3.954824141020081,222.92348905890975,198.96332301654002,1,1,0,0,17,10,3,9,104,0,1,1,,1.8740896638720357,1.32940900586316,6,7.562699802625323,-3.2284178862052557,,,,,,2.7740920967387215,73.84249792039209,58.333333333333336,-27.377897141160002,0,101.68047331805339,17.38442365526762,35.80639549657602,20.25455399342858,,,,45397450
2026-06-29,226.9,258.8,215.1252,255.69,226.6033558742822,218.05875815436193,200.64312056123708,184.72102123613158,134.81097476133672,201.57511911960222,0,0,0,0,231.75024834682065,119.9647506120328,99.66095021891087,0.12806582491168658,2,3,255.69,,,191.68475084781437,,258.8,256.5279908018235,261.07200919817654,267.858,216.45272301654,1,0,0,89.66556725271222,0.65,3.5826447108946926,2,32.250433995347755,97.89927525446417,0,0,,216.45272301654,0,1,0,0,11,10,2,9,104,0,2,2,,3.48389087359219,3.465919583543094,7,7.137843017235511,-8.43879946282699,,,,,,1.4526785622614211,102.69363555278443,85.31746031746032,-8.078449209374599,1,111.7187804921777,19.245534271663104,42.55059463720384,16.77818793216025,,,,24307501
2026-06-30,252.49,271.78,250.5,255.43,236.21223724952145,230.1098199138104,205.86091860302403,187.4939223641264,136.01116406719407,203.21876251924078,0,0,0,0,255.43,121.07614477120593,60,2.649217508645573,2,4,224.47436301654,,,216.6177603109611,247.64433232173758,271.78,269.4802771731218,274.07972282687814,281.29229999999995,224.47436301654,0,0,8,87.80076014481357,0.6230527807256414,2.954986851751412,2,32.009778783680254,89.31028377684514,0,2.9491079253307313,247.64433232173758,224.47436301654,1,1,0,0,17,10,2,9,104,0,3,3,,2.784422245805131,2.880331924544241,8,5.459536969545927,-4.768782152337007,,,,,,1.310513001656299,123.00573041828838,91.26984126984127,10.930775324621413,2,110.88512638474897,21.316073951105135,44.07454904260254,15.391996661694035,,,,22702204
2026-07-01,239.5,240.87,218.1101,220.63,231.01815816634763,238.02906450216452,207.2674977836884,188.79337638906262,136.85314253418716,204.8976480172468,0,0,0,0,238.14912970603223,121.87533636249083,60,26.85332362022309,2,5,190.42780380339426,,,183.76283067027546,249.60255071180651,238.14912970603223,235.68045940250246,240.617800009562,246.48434924574335,198.96332301654002,0,0,1.5,61.21661213945791,0.39064238380604943,0.1764663670229753,2,33.911071944871146,58.53895329289201,0,8.878467433629723,249.60255071180651,198.96332301654002,1,1,0,0,17,10,2,9,104,0,4,4,,1.6764745848700793,0.17175058591011103,9,3.8320253880959365,-0.8961027902910359,,,,,,1.2770575271703182,140.2363302874623,96.03174603174604,19.37912663636277,2,117.47139909528073,21.27472072255741,38.125504326450894,25.02906083625119,,,,22393455
2026-07-02,223.885,224.01,193.54,196.79,219.60877211089843,239.65928528138528,206.26964085190858,189.10696947184448,137.44952917563802,206.44386650516466,0,0,0,0,224.92662567023189,122.44017978346447,94.33918002789038,28.627402737457977,1,0,188.01467365515109,185.45028337330203,190.57906393700014,181.43416007722078,224.47436301654,230.5,,,238.5675,172.20890309176,0,0,3.5,43.17255299473202,0.2158627649736601,-1.5266965814043938,0,35.94259677236203,30.292487232180637,0,5.540553777393188,224.47436301654,172.20890309176,1,1,0,0,8,15,2,9,104,0,5,0,,0.5361674184386841,-1.5119074005170023,0,3.1133947459270725,2.0485059994082127,,,,,,1.1786505149462654,153.91785965804135,96.42857142857143,23.62005765675976,3,124.50880753138433,20.101461117871573,34.080808131826586,30.92845298525,,,,21192219
2026-07-06,199.105,206.99,193.16,194.8,211.3391814072656,235.86112857142854,205.17729410410777,189.33022557098784,138.02018062662668,207.84144884685128,0,0,0,0,220.32885690800396,122.74622908646784,54.72900460455226,37.53224822645611,4,0,188.30390371147132,185.7992020211829,190.80860540175973,181.71326708156982,217.09,230.5,,,238.5675,172.20890309176,0,0,3,41.13878065916647,0.20569390329583237,-1.5859858714077768,4,35.92454103701155,7.1355784684998085,0,4.3677262008236255,217.09,172.20890309176,1,1,0,0,8,8,2,9,104,0,6,1,,-0.6077566251593219,-1.5711495303593237,0,-1.8604151404994922,2.505279496418281,,,,,,0.6630371549300261,165.00234474097059,96.82539682539682,32.58923482831994,3,124.44626062939423,18.995627173696757,32.40061953502146,29.539135467286943,,,,11938503
2026-07-07,187.03,191,178.4,185.38,202.68612093817708,227.93173549783552,203.29183752276418,189.17531476428243,138.49142261044133,209.0253032148839,0,0,0,0,215.19077793721894,123.04398731112609,29.459128459320482,20.276599958429305,4,1,166.44743505254286,,,160.62177482570385,208.57,189.2270502952398,186.75482729711484,191.69927329336474,195.84999705557317,164.213317565,0,8.5,1.5,33.856665276267854,0.2538688303866147,-2.1464180749280537,4,34.56236373694384,4.275418758723234,0,7.230522088019675,208.57,164.213317565,1,1,0,0,10,13,1,9,104,0,7,2,,-1.6766840320422032,-2.116899630017054,0,-3.733136793048597,2.4268325019660817,,,,,,0.7533938570464327,171.58421576601904,97.22222222222223,43.312236852758794,3,119.72754004412569,17.935133598619252,30.48154652441027,33.120203205745895,,,,13482819
2026-07-08,183.42,188.86,180.54,184.03,196.46741395878473,218.41305108225106,201.45737680631046,188.97353771470273,138.94454278347177,209.98416959534123,0,0,0,0,212.58431022820596,123.22346824307384,17.178680982772796,24.455109613375992,4,2,166.8404299785619,,,161.00101492931222,208.57,189.21544042094393,186.8455190655422,191.58536177634568,195.83798083567694,164.213317565,0,7.5,1.5,32.44852681028894,0.320954322235382,-2.0957595887852554,4,34.12670144084346,2.4081075833176158,0,3.775306950233522,208.57,164.213317565,1,1,0,0,10,11,1,9,104,0,8,3,,-1.0696935054714984,-2.0693702486235668,0,-3.514763884417899,4.6572340883246905,,,,,,0.47258216610744797,175.81460341166826,97.61904761904762,48.72021660685467,3,118.21836158054975,16.95038956461871,29.526095639536827,32.08204303776438,,,,8371313
2026-07-09,201.75,204.48,192.15,192.38,195.10494263918983,209.45870129870127,200.592864729519,189.1071244709889,139.47623887517852,210.77689439903472,0,0,0,0,210.75904665671374,123.46427294735938,21.304243973330212,62.477073130903094,4,3,188.58461833702228,186.20138779272065,190.9678488813239,181.9841566952265,211.46589565,210.75904665671374,,,218.1356132896987,172.20890309176,0,0,2.5,37.93030379329818,0.3633928180958118,-1.388485349557033,4,33.47620939707335,7.452481902764156,0,5.226027972495136,211.46589565,172.20890309176,1,1,0,0,10,8,2,9,104,0,9,4,,-1.1899303930345673,-1.3801810769352403,0,-0.9944251755799112,3.5136614260297163,,,,,,0.5719663082048312,179.06940198988735,97.61904761904762,54.41677732414543,3,115.96499104109144,16.137181062088473,33.115878373368346,29.624103189466165,,,,9939216
2026-07-10,189.54,192.77,186.4,190.89,193.69996175945988,201.21100043290045,199.6687823743267,189.1770411584011,139.9878185878633,211.4043652946325,0,0,0,0,209.83643349455866,123.59058757690823,33.74049514581938,59.22457057449692,4,4,189.95965422348877,,,183.31106632566664,210.17786974,196.79,194.52012520886277,199.05987479113722,203.67764999999997,178.4,0,4,2.5,36.36186485768256,0.46544586808689603,-1.4250262677481575,4,33.26020824561093,13.725301095191526,0,2.6699962977212897,210.17786974,178.4,1,1,0,0,10,6,2,9,104,0,10,5,,-2.0690923503878653,-1.4186888191641913,0,0.23569432877402363,2.6212462895963626,,,,,,0.31302277418976443,180.45590747525603,97.61904761904762,56.622992237948246,3,115.21674110343889,15.113184724052301,32.286112084126586,31.14359568129638,,,,5357507
2026-07-13,185.25,189.07,178.66,183.11,190.1699745063066,193.33863376623373,198.09175548153368,188.9391179757187,140.41689501982486,211.82300685899614,0,0,0,0,208.18056554217821,123.74876696150551,20.23817256188515,34.56030807276649,4,5,169.38381095819997,167.16687365214398,171.60074826425597,163.45537757466298,208.57,192.50239903815861,190.28546173210262,194.7193363442146,199.23998300449415,178.4,0,5,2.5,30.404535703590007,0.44251904863029323,-1.8881699431154926,4,33.27646761908872,3.321771621991232,0,2.0930943656689864,208.57,178.4,1,1,0,0,15,13,1,9,104,0,0,6,,-2.123970960898746,-1.8708488325063684,0,-3.063989046487734,4.32910906263063,,,,,,0.4482147335443295,179.81194365765484,97.22222222222223,55.9878218785228,3,115.2730652253644,14.26240829005668,30.69584242588555,32.726836152218176,,,,7620469
2026-07-14,192.98,193.71,186.0469,187.64,189.32664967087106,186.6222632034632,197.0963501975781,188.88817217274934,140.88677666141865,212.07563975965377,0,0,0,0,207.07955707769855,123.90361235555818,34.57421203439024,55.17389835535193,4,6,169.73850819131272,,,163.79766040461678,208.57,192.65154737311985,190.4983198746393,194.80477487160042,199.39435153117904,178.4,0,0,4,33.18496202872142,0.5564859540980039,-1.4615597362909312,4,33.32942141410094,18.36166195143258,0,2.113593549367143,208.57,178.4,1,1,0,0,10,13,1,9,40,0,1,7,,-2.924489151635174,-1.4534924361228614,0,0.3818708750221167,1.7707112562018676,,,,,,0.41257517787147047,176.88674264732185,96.42857142857143,53.20639265627973,3,115.45650255219392,13.245685960238355,31.270660885215943,31.288362381621358,,,,6966286
2026-07-15,186.6,187.07,167.09,174.41,184.35443311391404,180.1711116883117,194.93574541685638,188.32040071499446,141.22034107274783,212.10605038517772,0,0,0,0,204.03467631452207,124.13724210767205,19.943250370976173,19.072965203236148,4,7,170.3931938039,168.21028612673948,172.57610148106053,164.4294320207635,195.51035,176.11,,,182.27385,154.8335730903642,0,7.5,4,23.502038498940422,0.5175101924947021,-2.3005820180952883,4,33.78901074249188,3.1932415293933047,0,4.211629691032057,195.51035,154.8335730903642,1,1,0,0,10,13,1,9,40,0,2,8,,-3.2966896133113015,-2.2670087748048457,0,-3.4007486218761347,4.279458193091233,,,,,,0.7814752150682965,172.68504186137383,95.23809523809524,47.53281201912645,3,117.04856668697306,13.152696892041247,28.642236454897475,36.41223816994925,,,,13357947
2026-07-16,166.58,167.4999,154.4287,158.39,175.6996220759427,173.3043584415584,191.45519823429862,187.14665951048488,141.3911834501334,211.84386989700724,0,0,0,0,199.01574164121655,124.34598218799982,11.977888571054084,4.295641590802513,4,8,151.25764332323914,149.05225315873295,153.46303348774532,145.96362580692576,179.6596636441,179.6596636441,,,185.94775187164348,151.25764332323914,0,9.5,2.5,12.02254351019122,0.4510455864884324,-3.2551262284866134,4,34.653448801365094,5.472710311699281,0,5.364927530621269,179.6596636441,151.25764332323914,1,1,0,0,10,16,1,9,40,0,3,9,,-2.9274629514998107,-3.171147647219691,0,-3.7930620471830196,2.16352148772824,,,,,,1.0232112005962213,166.49316694714372,94.04761904761905,38.69452836593297,3,120.0430679629023,13.56299061866035,26.325230179581613,38.59263526071991,,,,17706100
2026-07-17,150.83,158.38,146.9375,154.61,168.66974805062847,166.53097532467532,187.94613173579398,185.87071207870116,141.52271396306742,211.3197676867321,0,0,1,0,195.41233864042943,124.49339076170925,7.052360792249572,4.4905857240035925,4,9,147.35010184803735,145.19998508813873,149.50021860793598,142.19284828335606,179.6596636441,179.6596636441,,,185.94775187164348,147.35010184803735,0,10,2.5,9.247480966446085,0.36023142667677166,-3.2470485699060903,4,34.69888663568346,3.086258621100974,0,6.264877495520092,179.6596636441,147.35010184803735,1,1,0,0,10,16,1,9,40,0,4,10,,-2.31195217475633,-3.1608443261869494,0,-4.665384534547998,3.377905974552031,,,,,,0.8144504701832795,160.42572781625137,93.25396825396825,33.46514271787098,3,120.20046923815289,14.2214758178886,25.07326453780029,39.86805538476092,,,,14220972
2026-07-20,157.86,160.54,152.59,153.1,163.4798320337523,160.12968181818184,184.62745252286123,184.58558611483053,141.6379108390568,210.5785702924954,0,0,0,0,193.60338728584614,124.56987319517876,4.725542146136513,5.837795490483178,4,10,132.3352472566,,,127.70351360261901,179.6596636441,179.6596636441,,,185.94775187164348,141.48448736989303,0,0,2.5,8.09252910682055,0.3501514106253409,-3.07872058827524,4,32.64735454826701,3.8582228404685637,0,6.071030636464297,179.6596636441,141.48448736989303,1,1,0,0,10,16,1,9,40,0,5,11,,-2.277510120729905,-3.0020781846232785,0,-4.501271801811634,2.9084096193911257,,,,,,0.4683061562047689,148.85703804761837,92.06349206349206,31.622687621599137,3,113.09375362062664,14.704388551228648,25.145243258960978,38.49930384289714,,,,7826924
2026-07-21,161.3,164.5,156.6,162.41,163.12322135583486,155.65350432900436,182.5115046635411,183.71595528679796,141.84459829339454,209.7139910439922,0,0,0,0,191.95980080532644,124.70103821634234,12.315637075076708,21.860487212218544,4,11,132.7345144356,,,128.088806430354,179.6596636441,179.6596636441,,,185.94775187164348,137.4398549486543,0,6.5,2.5,14.498544149046493,0.28580085314846515,-2.1754257751792987,4,32.27321639378012,12.071115916014378,0,6.714251958252082,179.6596636441,137.4398549486543,1,1,0,0,10,11,1,9,40,0,6,12,,-1.5064650592258615,-2.1422412025179596,0,-1.4162620803421815,1.9881438837811163,,,,,,0.6249565878684971,140.025020172851,90.87301587301587,25.248568509054664,3,111.79770103538395,14.909779677437927,25.6281655531654,36.56092292903597,,,,10182848
2026-07-22,157,161.45,153.88,154.06,160.10214757055658,151.9911826839827,179.80183755272768,182.5529766481,141.9661445790324,208.69520612000912,0,0,0,0,190.09575134268115,124.80060731731679,11.285270789276524,11.249466803975077,4,12,133.09501127885002,,,128.43668588409028,179.6596636441,181.8472905495634,,,188.21194571879812,132.73765056419305,0,0,2.5,8.51883063869144,0.29427263329547293,-2.599067757498222,4,31.831903670143895,9.958386099418448,0,9.996006809148973,179.6596636441,132.73765056419305,1,1,0,0,10,11,1,9,40,0,7,13,,-1.813427840816126,-2.5472592998170804,0,-2.4522897337432483,1.7152106170040673,,,,,,0.6289270396926123,125.93838423847706,86.5079365079365,14.210197408942113,2,110.26894891665486,15.220473211008928,24.62894596861722,36.37870857444012,,,,9996848
2026-07-23,152.255,160.98,152.24,156.06,158.75476504703772,149.2799541125541,177.5407101667536,181.5140363873902,142.1063819464052,207.55845943312335,0,0,0,0,188.6596313263772,124.89527564908138,12.127290853860895,18.392781564801652,4,13,133.4603433707,,,128.7892313527255,179.6596636441,181.06175035244135,,,187.39891161477678,132.23886454712783,0,5,2.5,9.819135398758755,0.32467787602289855,-2.2572753998629946,4,31.08748762470137,11.098757213520791,0,7.704220199585211,179.6596636441,132.23886454712783,1,1,0,0,10,16,1,9,40,0,8,14,,-2.0046575922328382,-2.2180772291482134,0,-2.0982332486387225,1.726245354944993,,,,,,0.5821479228347699,104.37821114532937,78.96825396825396,-3.0754928963700543,1,107.69021609130296,15.5842913431133,23.613064910688472,35.65215933648292,,,,8954073
2026-07-24,154.77,157.4,145.93,146.65,154.71984336469183,146.47806103896104,174.59873776991992,180.1468192741592,142.15159207629173,206.2642744629688,0,0,0,0,186.95667305123257,124.9610466489395,8.325770035395749,9.426561998992433,4,14,133.76978579195003,133.76978579195003,137.4881211986371,129.08784328923178,179.6596636441,154.61,152.75083229665648,156.46916770334354,160.02135,132.80400711390715,0,0,4,3.164514626958246,0.3313303070292771,-2.749233468204839,4,28.897092425556345,4.606034872267486,0,4.0296770465951885,179.6596636441,132.80400711390715,1,1,0,0,15,6,1,9,40,0,0,15,,-2.324061871155887,-2.6876355630689273,0,-3.625894203022096,3.434779128423097,,,,,,0.6164638985915457,97.91731047425367,75.7936507936508,-2.182917353585406,1,100.1024645441547,16.214313598147285,22.312358772329038,36.71863949552691,,,,8965867
2026-07-27,145.75,148.69,136.3065,143.36,150.93322890979456,143.50295714285716,171.62361988707042,178.7041989104667,142.16361603573162,204.81508407697052,0,0,0,0,184.35500399839205,125.04772072943517,8.082211932758,9.287328910899461,4,15,134.06416872320003,134.06416872320003,137.7380426722666,129.37192281788802,179.6596636441,154.61,152.77306302546674,156.4469369745333,160.02135,132.80400711390715,0,8.5,2.5,0.8415542581357042,0.30104610402685483,-2.7586140583426575,4,28.88203210849904,7.641979916733284,0,4.0296770465951885,179.6596636441,132.80400711390715,1,1,0,0,15,6,1,9,40,0,1,16,,-2.1747066618894104,-2.697466737897144,0,-2.8459649192553007,2.5029429857205345,,,,,,1.0817282811827285,95.67683359135152,75,-4.371261998350198,1,100.050294075512,17.219202640403434,20.969356911235273,39.18608518114461,,,,14036482
2026-07-28,121.75,126.1,114.5,126.01,142.62548593986304,139.05207965367967,167.27946561211132,176.6377597375072,142.00288353786365,203.1356819267471,0,0,0,0,174.7723661199455,126.01000000000002,47.59653922191251,1.857531169377619,4,16,123.19191665360003,121.2285108915334,125.15532241566666,118.88019957072403,132.80400711390715,134.2618197792,132.29841401713338,136.22522554126664,138.960983471472,118.21568885377339,0,9.5,0,-11.262365340348392,0.4,-3.7705111611813424,4,24.93890865413779,19.38687933746313,0,2.2292952611574552,132.80400711390715,132.80400711390715,1,1,0,0,10,7,1,9,40,0,2,17,,-3.010084440804413,-3.64663928688511,0,0.3117165581903407,2.1241801981618886,,,,,,3.2848186551536234,135.3447499776867,89.28571428571429,56.665491896043804,3,86.39091374857163,18.94653169693191,18.21732570247711,43.959767227637755,,,,46223186
2026-07-29,126.3,130.87,122.62,124.05,136.43365729324202,133.8893060606061,163.1623736490531,174.57549464976182,141.82424788077049,201.2535031296748,0,0,0,0,170.54272192823822,125.31133611952615,33.53288298844801,2.677230327810325,4,17,123.19191665360003,121.29509344596674,125.08873986123332,118.88019957072403,132.80400711390715,134.44907490235002,132.55225169471672,136.34589810998332,139.15479252393226,119.98567969043324,0,0,4.5,-12.53258744281375,0.3558598083591148,-3.5664718605986168,4,24.76922183372208,13.746479774164953,0,2.2292952611574552,132.80400711390715,132.80400711390715,1,1,1,0,10,7,1,9,40,0,3,18,,-2.646878466872918,-3.462691813350537,0,-0.47224107359607626,2.7276335639060973,,,,,,1.8009217644496158,165.43821778091691,93.65079365079364,92.81146620444943,3,85.80310135990199,20.184755679156254,19.75517453101831,42.252645635709435,,,,25603382
2026-07-30,130.42,136.09,130,135.22,136.02910486216135,130.05483463203464,160.50119520628616,173.03214191839862,141.75853397150908,199.27207621863025,0,0,0,0,168.4855362334063,127.38306568448162,33.636061516879,14.541516083448101,4,18,134.71308733635001,132.84425150069052,136.5819231720095,129.99812927957777,174.58096,137.78881722,,,142.6114258227,132.80400711390715,0,6,0,-4.612444689095903,0.2139762643871462,-2.454973342764003,4,24.786449879171133,15.844650949783052,0,8.455615550256375,174.58096,132.80400711390715,1,1,1,0,10,11,1,9,40,0,4,19,,-1.5118101150971697,-2.4123830437799008,0,-0.29335903071716807,2.387026881954398,,,,,,1.351770154344572,190.88919746584259,98.41269841269842,122.31890827356618,3,85.86278105996772,20.936130179985852,21.11272182073759,39.82217029958345,,,,18987683
2026-07-31,143.785,147,138.225,138.25,136.7694032414409,127.8424735930736,158.38203375806842,171.66813635297123,141.72362318572291,197.24089267236732,0,0,0,0,167.1960849079922,128.88133969860516,19.02482025714217,24.25408566551601,4,19,134.97973518050003,133.13920904738765,136.8202613136124,130.25544444918253,174.58096,146.65,144.80947386688763,148.49052613311238,151.78275,133.0175754623814,0,0,1.5,-2.450983899255014,0.023060847106182614,-2.0478872276571836,4,23.29418669730647,9.040811623827373,0,2.655968932369325,174.58096,133.0175754623814,1,1,0,0,10,11,1,9,40,0,5,20,,-1.184486776849461,-2.0154789444705346,0,-3.6604597945209685,1.1534735919894687,,,,,,1.0590889164527382,189.8197409831497,97.61904761904762,135.2356834308339,3,80.69342976145973,20.846345765699855,25.198762965820443,37.54649547598682,,,,14523382
2026-08-03,134.89,147.94,132.89,146.64,140.0596021609606,127.98252251082253,157.26374482872856,170.68664080971746,141.77254235800427,195.2324922912269,0,0,0,0,166.46162461690568,130.7811009898201,26.811797888095107,64.90423234605383,4,20,145.93,,,140.82245,174.58096,146.65,144.8065650192528,148.49343498074722,151.78275,133.0175754623814,0,5,0,3.433286559610676,0.01716643279805338,-1.3013235095231312,4,24.517073249739152,14.68312592257081,0,2.655968932369325,174.58096,133.0175754623814,1,1,0,1,10,8,1,9,40,0,6,21,,-0.6800379772518547,-1.2824215294855148,0,-0.4089635858982059,2.6697063196350865,,,,,,0.917907017700837,186.90105379032835,97.22222222222223,120.06577338675382,3,84.92963304287203,21.006982087525365,23.36192911548327,37.393564954765736,,,,12618553
2026-08-04,155,162.4899,150.85,160.63,146.91973477397372,131.06841645021646,157.5852929402782,170.2926548956109,141.96027825493957,193.33917843427812,0,0,0,0,166.24265919134012,133.90903056653835,41.671758814057405,73.015589037945,4,21,135.66578866415003,,,130.91748606090476,184.65239151178,169.94407283376722,166.24265919134012,171.00433905350002,175.89211538294907,134.10080779718996,0,3.5,0,13.158414434433846,0.06579207217216923,-0.2368943255846243,4,26.347030329780324,42.52364996847545,0,6.026060630905791,184.65239151178,134.10080779718996,1,1,0,0,10,8,1,9,40,0,7,22,,-0.4295742375541386,-0.22684352793944576,1,0.790360545689091,0.4219268406263169,131.8008,189.99439999999998,123.9368,169.548,156.9656,1.0028804217890483,184.2586898113828,96.82539682539682,101.90445192467959,3,91.26034025248758,20.179791085253836,28.587735908292988,34.53817912204746,131.8008,189.99439999999998,123.9368,13802732