time,open,high,low,close,Sprint Line EMA,Hull Baseline HMA,MA 20 Fast,MA 50 Mid,MA 200 Slow,Weinstein MA 150,Golden Cross,Death Cross,Zone 0 Long,Zone 0 Short,AVWAP Resistance,AVWAP Support,Buy Score,Sell Score,Stage 1 Base 2 Up 3 Top 4 Down,Stage Age Bars,Long Entry,Long Entry Zone Bot,Long Entry Zone Top,Long Stop Loss,Long Target,Short Entry,Short Entry Zone Bot,Short Entry Zone Top,Short Stop Loss,Short Target,Entry At Market 0No 1L 2S 3Both,Long Rev Zone,Short Rev Zone,Ext Pct vs MA200,Exhaustion Gradient,Ext Z Self Relative,Regime 0 Hlt 1 Ext 2 Clmx 3 Dist 4 Dn 5 Ign 6 Sqz,Exp Move Pct 21b,Dir Prob Pct Above 50 Bull,Long Ignition Fresh Breakout,RR To Target,Long Target T1 Waypoint,Short Target T1 Waypoint,Long RR Valid,Short RR Valid,Long In Zone,Short In Zone,Action Long Code,Action Short Code,MTF Long Aligned 0 To 3,Bear Warning Mask,Reversal Pattern Mask,Weak Level Mask,Bear Warning Age,Reversal Pattern Age,Weak Level Age,Z Velocity,Z Elasticity,Trend Bars Up,Buy Sigma Evidence,Sell Sigma Evidence,VP POC,VP VAH,VP VAL,VP HVN Above,VP HVN Below,RVOL Vs Avg,Energy IV30 Ann Pct,Energy IV Rank Pct,Energy IV HV Spread,Energy State 3 Exp 2 Warm 1 Sqz 0 Dorm,HV20 Ann Pct,ADX 14,DMI DI Plus,DMI DI Minus,POC,VAH,VAL,Volume
2025-05-23,119.63406187,121.32889371,119.27977499,120.85012765,121.04689211744241,123.75827163681257,117.61713023332469,115.32436814188993,118.64672043216814,114.11939975816928,0,0,0,0,120.85858435224257,113.20770129002852,96.66119891295858,56.68031419980932,2,5,120.85012765,119.85917711762737,120.55831022037249,116.48324257901952,122.1087228652765,120.85858435224257,,,122.60641710910538,117.56408490394,1,5,0,1.8571159909064514,0.220662830016913,1.0492403765144356,3,7.232264697053438,67.5447920899625,0,0.28821349653562345,122.1087228652765,120.03070645300907,0,1,0,0,8,8,1,1,1477,0,6,7,,1.491018000499046,1.033988758258327,12,4.089015982143425,1.6017009431309313,,,,,,0.7735467626487842,22.246290043255957,40.07936507936508,-11.204151929220945,1,25.053299818166575,22.012032811818866,24.847115320876608,18.25406946718569,,,,978633
2025-05-27,122.11407004,122.2768505,120.59159398,121.86511169,121.31963197496161,123.85319291435887,118.0216998958652,115.58086788887465,118.6787442257784,114.3886807798449,0,0,0,0,120.8618765379857,113.41185372294582,97.64997125911069,51.07169679436677,2,6,118.35406916705,117.67478027664382,118.35406916705,116.31620249583145,122.1087228652765,123.70257801897594,123.36293357377285,124.04222246417903,125.4008002449914,120.03070645300907,0,2,0,2.6848678632457994,0.163424339316229,1.1922114140305888,3,7.237154443742355,82.07838898419226,0,1.8424432526694166,120.03070645300907,122.1087228652765,1,1,0,0,8,8,0,1,1477,0,7,8,,0.8943721370847012,1.1753083655271508,13,5.270741371537482,0.19736351979232464,,,,,,0.9268456180716931,23.580634933442134,44.04761904761905,-5.94172037977732,1,25.070238397569266,21.877506959174823,26.238326373917655,17.44537741277145,,,,1146077
2025-05-28,122.21939857,122.93275999,120.46711481,120.59159398,121.07695264330773,123.68633486102078,118.26645171340185,115.77736695127172,118.69777755666618,114.65413151531905,0,0,0,0,120.86123408779547,113.53310175821832,98.23654822442342,72.57054153373247,2,7,120.20874366899993,119.8713448522042,120.54614248579566,118.52174958502128,122.1087228652765,120.86123408779547,,,122.54822817177411,117.56408490394,0,0,7.5,1.5954944248469278,0.15797747212423463,0.8004659576748201,3,7.374148385878738,58.703455142667046,0,1.1262512502685367,122.1087228652765,120.03070645300907,1,1,0,0,15,8,0,1,1473,0,0,0,,0.8101370295952016,0.7859585037313921,14,5.467292238375741,4.125206611860439,,,,,,0.6836644380468027,24.847971086259022,46.82539682539682,-2.727867376931339,1,25.544799333788,21.985211809677825,26.262051636136306,16.30709671651325,,,,834853
2025-05-29,120.67777187,121.32889371,119.46170609,121.00333279,121.05241269220515,123.32388532991601,118.52710705403024,115.98230678808459,118.72071840475905,114.91401273698142,0,0,0,0,120.86169945552695,113.70350886636936,98.56194825480452,65.66917261795527,2,8,121.00333279,119.87877344965389,120.53871388834597,116.82194433523173,122.1087228652765,123.80084182654385,123.47087160719781,124.13081204588988,125.45069292327402,122.1087228652765,1,3.5,0,1.9226756845075208,0.1596133784225376,0.8303474381403525,3,7.310922395643483,79.73294001874025,0,0.2643595751109816,122.1087228652765,122.1087228652765,0,0,0,0,8,8,0,1,1473,0,1,1,,0.391247937809455,0.816950016202132,15,5.542980276670476,0.9124996455258635,,,,,,0.9493767235966435,25.902281885502166,48.80952380952381,2.276351805701139,2,25.325778078895368,21.52942617668306,24.935195485408233,18.20370897074342,,,,1154036
2025-05-30,120.72564848,121.91298829,119.48085673,121.14696261,121.0839293314701,122.86218117104113,118.77661710697974,116.18484231051264,118.74486013814453,115.16706408062916,0,0,0,0,120.86359678936671,114.03519065619412,99.91001782308946,58.96066932700648,2,9,121.14696261,120.52201127167869,121.17824402832132,116.85592570342946,124.09616151,124.04781797074833,123.87592912,124.57862078606,125.89108629934528,122.09915311149265,1,5,3,2.0229106919330495,0.1645589979041097,0.7957485425594832,3,7.264220188501682,91.71215908875111,0,0.6872928301977814,122.09915311149265,122.09915311149265,0,0,1,0,5,8,2,1,1473,0,2,2,,-0.08219706015673894,0.7823680563155136,16,8.909884828969393,0.9231196112622221,,,,,,1.8271290497692705,26.755865420032375,51.58730158730159,6.3259765109301815,2,25.163996887704958,21.335016074799285,24.874344419984435,16.998947652428388,,,,2359443
2025-06-02,120.49584077,122.86094508,119.49043205,122.8226438,121.66350082098006,122.56046819222641,119.16195298250548,116.44514825127685,118.78543509995404,115.42159780427252,0,0,0,0,120.8698269145003,114.21908254157725,98.37074791078118,45.95824860468267,2,10,122.8226438,120.51535428950521,121.1849010104948,117.46627003208327,122.93275999,123.87592912,,,125.54979592247396,122.09915311149265,1,5,0,3.3987405077472443,0.1758825914276251,1.110905723379818,3,6.908114937760491,82.03006732659205,0,0.020557973504307443,,122.09915311149265,0,0,0,0,8,10,1,1,1473,0,3,3,,-0.002797864695611438,1.0979543432516532,17,4.447767645039172,-0.7151243493687411,,,,,,0.8765460272828764,27.49260182549954,53.57142857142857,14.88561791229481,2,23.93041211345336,21.515303982961022,25.16655642477021,15.470856953083008,,,,1131740
2025-06-03,122.46835692,123.48334095,121.62572866,122.3247271,121.88390958065338,122.38236887779564,119.463169565124,116.67571997083462,118.8206519357754,115.67321497364007,0,0,0,0,120.87389607923453,114.36596887235945,97.88090159809951,61.82580782769939,2,11,120.85012765,120.52268084837984,121.17757445162017,119.21289364189917,122.93275999,123.87592912,,,125.51316312810083,122.09915311149265,0,2,3,2.9490455633239705,0.17807856114995319,0.9016255812060576,3,6.735572076122848,64.83106056741815,0,1.272043171407007,122.09915311149265,122.09915311149265,1,0,0,0,8,8,1,1,1473,0,4,4,,-0.14535380959079816,0.8872608713162364,18,4.386384741227571,2.1038477489014165,,,,,,0.7721775304083472,28.004241026212036,54.76190476190476,20.02140213338425,3,23.332706107773912,21.911880215905683,25.58892281080078,14.687227644261947,,,,998121
2025-06-04,122.21939857,122.55453481,120.85012765,120.9171549,121.56165802043559,122.16910202028915,119.60164435892172,116.84205075237051,118.84151266178759,115.91415004280852,0,0,0,0,120.87397971586839,114.44717467335117,98.68056998374752,75.14509626972153,2,12,120.85012765,120.530851984567,121.16940331543302,119.25374932283495,122.93275999,124.03934578652557,123.87592912,124.57862078606,125.85572344779204,122.09915311149265,0,0,6,1.7465632940229427,0.17651059424789248,0.5043633207978392,3,6.665605112209498,72.34089010450577,0,1.3045982299812682,122.09915311149265,122.09915311149265,1,0,1,0,15,8,1,1,1473,0,0,0,,-0.20956553562635002,0.4933481745376941,19,6.565791987033675,3.156214409590438,,,,,,0.5408231254886047,28.276411298832127,55.95238095238095,22.459952249450048,3,23.090333435075394,21.794356827647803,24.369255138635683,16.156152092672883,,,,691311
2025-06-05,120.89800426,121.27134603,119.90226662,120.80225105,121.30852236362372,121.93365565193503,119.71598785331012,116.99735272482657,118.86102249649618,116.14581456269134,0,0,0,0,120.87383258245038,114.52983374629075,99.13090408494395,82.07079834691197,2,13,119.66624121894444,119.35754703488163,119.97493540300724,118.12277029863044,122.09915311149265,120.85690048784296,,,122.40037140815696,117.56408490394,0,6.5,4,1.6331918678901183,0.1803881815616728,0.4414633995905597,3,6.5485785767663245,75.50764973453447,0,1.5762602719157703,120.07448120426362,120.07448120426362,1,1,0,0,15,8,1,1,1217,0,1,0,,0.2096536917921004,0.4308649469492845,20,6.855235679013459,2.8871782432221282,,,,,,0.583008280590142,28.31649420699892,56.34920634920635,24.825069755749826,3,22.68494162463272,21.11993614728159,23.404261558713724,18.25795044361873,,,,734957
2025-06-06,121.42011649,121.92213177,120.68640187,120.9374095,121.18481807574915,121.67170509484761,119.83231372442344,117.15186475522553,118.88168306369522,116.3709094863856,0,0,0,0,120.87395020128913,114.60426446925797,98.46483442440318,81.56232501057664,2,14,119.64957336574996,119.3518954635845,119.94725126791542,118.16118385492268,122.08759347356735,121.07275387,,,122.56114338082727,117.56408490394,0,0,2,1.7292205017011324,0.1853127691751723,0.4415848159320024,3,6.474542060138918,64.05053645145603,0,1.638025590802703,120.10832152958662,120.10832152958662,1,1,0,0,8,8,2,1,1217,0,2,1,,-0.045563890748234775,0.43193100773952015,21,4.618524363952801,2.3780174839461985,,,,,,0.5339666012268045,28.16095682349044,55.55555555555556,25.55896503304812,3,22.42847160780455,20.784165971352643,24.488763943117743,17.581227408185498,,,,664087
2025-06-09,120.91810122,121.53596617,118.70247614,120.91810122,121.0959124571661,121.43085462819349,119.9357220573355,117.29956030286374,118.90194593092214,116.59059019748886,0,0,0,0,120.87404736917289,114.69051067272451,99.01677891521301,65.01468364013759,2,15,120.91810122,117.70677554815705,118.3102039741429,116.28876243605663,,121.07275387,120.77103965700708,121.37446808299292,122.58132493496461,117.56408490394,1,6,0,1.695645326317177,0.039589337742696996,0.4066675076841006,6,6.466021068300793,86.95054188740211,0,0,,120.10832152958662,0,1,0,1,8,8,1,1,1217,0,3,0,,0.05451732357811469,0.3988763558940084,22,6.81580498478926,0.3582166229420757,,,,,,0.6360502347831585,28.235266097637222,55.95238095238095,26.056181304675807,3,22.398954026215524,19.373135077623466,22.435358249331898,21.978018845055132,,,,791747
2025-06-10,121.14014644,122.81996677,120.44987544,122.16348526,121.45177005811072,121.37170878669608,120.14788998139878,117.49030245804555,118.93439905857466,116.81232233160982,0,0,0,0,120.87784710861256,114.82512726182179,98.3418524979893,33.242602824264395,2,16,122.16348526,119.19977579134,119.8481759143999,117.99447688129487,,124.4746648822786,124.17334015476732,124.77598960978989,125.98128851983503,122.08759347356735,1,2,4.5,2.7150145180748217,0.04913062814592967,0.6617202747801759,6,5.415597958154655,94.73259109066535,0,0,,122.08759347356735,0,1,0,0,8,10,1,1,1217,0,4,1,,0.08959193012300898,0.6523904737715184,23,4.539168399635894,-5.166317769136588,,,,,,0.8595615020474672,29.15123482025283,58.73015873015873,55.38887303608011,3,18.760181633780263,18.65927186438708,24.66439073546662,20.434539479506505,,,,1063260
2025-06-11,121.56492859,121.85937986,118.83763409,119.03554396,120.64636135874048,121.10983499060865,120.04195226507508,117.55090016400455,118.93540547550425,117.01696881553522,0,0,0,0,120.87285657003505,114.89389571574434,98.71149069297743,28.592755839906346,2,17,117.88170277644998,117.5722061440288,118.19119940887117,116.33421961434402,120.10832152958662,121.03989403986878,120.7303974074476,121.34939067228997,122.58737720197475,118.90484057387684,0,0,1.5,0.0841956893284974,0.00042097844664248707,-0.10289011003990525,6,6.055256721819033,88.0211939014805,0,1.4388646078102973,120.10832152958662,120.10832152958662,1,1,0,0,8,10,1,1,1217,0,5,2,,-0.20332085597820754,-0.10701299354810011,0,5.8007312170378205,-1.1010827449576126,,,,,,0.7934987277812078,31.993972786352607,66.26984126984127,52.52638863424796,3,20.976024590127054,17.45652880592364,22.2979302767774,23.125022768512302,,,,980055
2025-06-12,118.07012998,118.40802487,116.48694759,117.9060096,119.73291077249365,120.58749018724113,119.83852915411555,117.56482602423966,118.92516273047436,117.1990607657397,0,0,0,0,120.86059511089921,114.96742521629196,99.30034246201893,26.584213532955047,2,18,117.80624458914997,117.49609953431244,118.1163896439875,116.25551931496229,120.10832152958662,121.03787845754509,120.72773340270756,121.34802351238262,122.58860373173277,118.61367949528973,0,7.5,0,-0.8569701374166752,0,-0.33662780418539084,6,5.610071100769031,94.46155874041304,0,1.4845162961844065,120.10832152958662,120.10832152958662,1,1,1,0,1,10,1,1,1217,0,6,3,,-0.4426520622498905,-0.34037818431590555,0,8.632050604975799,-1.0551638756359232,,,,,,1.2943476567844143,35.23892330013055,72.22222222222223,81.32748665604275,3,19.43385636121164,17.311036654114336,20.66193242226207,28.195585091135644,,,,1501446
2025-06-13,116.47719691,117.66465611,115.05321128,115.54074535,118.3355222983291,119.65677733837836,119.42921641086645,117.48545031152439,118.89148693564377,117.34681850412359,0,0,0,0,120.84262687497058,114.97867665449876,95.15044916925784,62.51825101928669,4,0,115.31813187562479,115.0046686254185,115.63159512583107,113.75081562459337,119.1683951,117.71526596129996,,,119.28258221233138,112.8182066303,0,0,1.5,-2.8183191850040017,0,-0.8342202697884105,6,5.223299917742223,31.68666925556412,0,2.4565962496984532,119.1683951,117.325741902459,1,1,1,0,14,8,1,1,1217,0,7,4,,-0.8343583562458081,-0.8343939142721091,0,3.5249370715434374,5.357059554019699,,,,,,1.0829883648593288,36.510932148496146,73.80952380952381,101.7842823144846,3,18.09404168139973,17.67974463668295,18.982984011033615,29.98826827247388,,,,1231227
2025-06-16,116.37100137,116.53512175,115.70969279,116.33238481,117.6678098022194,118.59303345417793,119.13428006792678,117.44023205656265,118.86602323290104,117.46814933475133,0,0,0,0,120.82596281950183,115.00723018058476,88.08520159812119,76.70352947359164,4,1,115.36517182824748,115.0652204494845,115.66512320701047,113.8654149344326,119.1683951,117.62960159984996,,,119.12935849366485,112.8182066303,0,2.5,0,-2.1315076873874594,0,-0.5596164302713873,4,5.169202406547859,41.07083245758616,0,2.535893175378818,119.1683951,116.61134093341482,1,1,0,0,8,8,1,1,1217,0,8,5,,-0.959149140770003,-0.5673806784175022,0,2.3750763399806534,2.8868444168615275,,,,,,1.2274595919884637,36.39645336358022,73.41269841269842,103.2567163591116,3,17.906642405496402,18.022116334782375,18.42110034782614,29.100635536735783,,,,1351825
2025-06-17,115.44420395,116.42409914,114.98080524,115.20285045,116.84615668481293,117.47622860672209,118.7598581995528,117.35249160140333,118.82957375247416,117.55892241394416,0,0,0,0,120.80742420217796,115.01085576325033,71.3645647415075,88.17404920668073,4,2,115.01085576325033,,,113.55379159845793,117.56408490394,115.4611466176334,115.16973378467492,115.75255945059189,116.9182107824258,112.8182066303,0,0,1.5,-3.052037626617043,0.007174866663328838,-0.7528163639585274,4,5.170616675326468,9.290792566869797,0,1.8138803020455652,117.56408490394,112.8182066303,1,1,0,1,8,19,1,1,1217,0,9,6,,-1.0573989333066307,-0.7610364157916394,0,0.6883920496142046,7.334711354352044,,,,,,1.0950232479633009,34.56857787764128,70.63492063492063,92.99610661912581,3,17.911541576256624,18.599548924490662,17.606501767456365,30.04700972257129,,,,1210248
2025-06-18,115.58901604,115.86415903,114.56567722,114.75876002,116.15035779654195,116.39369104563677,118.37880123007157,117.25077663742672,118.7890681431958,117.62004322577549,0,0,0,0,120.79119735533227,115.00710039924246,40.01033666013821,90.80101634552449,4,3,112.18754273,111.6137489299,112.18754273,110.48498405712564,117.56408490394,114.75876002,115.28906984430934,115.85345228069652,118.12168877554869,112.18754273,2,0,3,-3.3928274597940464,0,-0.7712981198232833,4,5.146250435902567,10.965543298608033,0,0.7645767950800594,117.56408490394,,1,1,0,0,10,8,1,1,1217,0,10,7,,-0.9154040764878492,-0.77943018523765,0,-2.7018215263439562,3.359160261599552,,,,,,0.8964617337621678,31.04162464976485,63.095238095238095,74.12571124205172,3,17.82713444691345,19.28321119052127,16.88315352973095,30.126024863386533,,,,987450
2025-06-20,115.12561733,115.66624916,114.41121099,115.6276326,115.9761160643613,115.52758530582682,118.11678517006476,117.18712393007665,118.75761107311426,117.66133992014238,0,0,0,0,120.76793341924571,115.02231258288829,42.306508216575,86.8419165220524,4,4,115.30612643603806,,,113.93992443326427,119.1683951,116.00305470540013,115.72981430484538,116.27629510595489,117.36925670817392,114.40407196095885,0,0,0,-2.635602421462707,0,-0.48818480310053314,4,4.804562618933755,32.13422339460043,0,1.1703853026089,119.1683951,114.40407196095885,1,1,0,0,10,8,1,1,1217,0,11,8,,-0.7569160494936019,-0.4910719180747097,0,0.15101696078451354,1.9231265770735113,,,,,,1.4873103410284607,29.67142554696693,59.523809523809526,78.27643102488095,3,16.643493128278898,19.974848693307003,16.19076866111988,29.395287908841702,,,,1665847
2025-06-23,115.58901604,117.22056567,114.97597817,117.09506186,116.34909799624087,115.0223134197277,118.01947818815383,117.18351365281875,118.74106829487432,117.69530848352373,0,0,0,0,120.75681049583261,115.05601425525093,53.772233818695845,91.13043316415201,4,5,115.5395821261743,,,114.17076118163433,119.76051194234427,117.27184754244996,116.99808335354197,117.54561173135795,118.64066848698992,114.37715703,0,1,0,-1.3862149452679096,0,-0.08817537986386768,4,4.748363037004704,26.92358502317305,0,2.11473277348398,119.76051194234427,114.37715703,1,1,0,1,8,19,1,1,1217,0,12,9,,-0.5442525082993379,-0.09177582186479238,0,1.2793539943228134,3.868465229638104,,,,,,0.9939468566956665,29.147608387008855,58.333333333333336,77.20190534429737,3,16.448812065748406,19.630203419474377,20.074783068702214,27.24340023401359,,,,1123135
2025-06-24,117.41364847,117.68879145,116.53029468,117.0081746,116.56879019749391,114.81784095776752,117.9231635607106,117.17663761153173,118.72382557154224,117.72348153590214,0,0,0,0,120.74934036993524,115.07672028735433,58.312812490452494,93.6486960395507,4,6,115.75589753248028,,,114.43313090674674,119.1683951,117.19662304154997,116.93206971640326,117.46117636669668,118.5193896672835,114.37715703,0,0,6,-1.4450772313670024,0,-0.08838224481706763,4,4.734757300505996,24.686614586912146,0,2.131491645388647,119.1683951,114.37715703,1,1,0,1,8,19,1,1,1217,0,13,0,,-0.5539872067481144,-0.08929395377145549,0,1.1412432079857608,4.116569774853391,,,,,,0.6623246587086045,27.98137784201541,53.96825396825397,70.60067712085012,3,16.401680411968094,19.0339176051237,20.87012659198505,26.178215605039046,,,,740525
2025-06-25,117.02748288,117.02748288,114.65256448,115.02907593,116.05555210832928,114.63351418246103,117.6475361673096,117.09241950637363,118.68706189351694,117.73613416039653,0,0,0,0,120.73887440884076,115.07625994601925,52.91451869245857,92.94383438293596,4,7,113.26106563731508,112.8182066303,113.4137756397341,111.75076147975508,117.56408490394,115.02907593,116.42622298420012,117.34889603494533,119.1623731810898,114.41121099,2,0,5,-3.0820427308233387,0.005788722061118495,-0.5281470973652727,4,4.851524715322046,25.629059819228612,0,0.1494847581642224,117.56408490394,114.41121099,1,0,0,0,8,8,1,1,1217,0,14,0,,-1.046309776488948,-0.527101987188862,0,0.30742287095710186,3.120357377161599,,,,,,0.6221561618350799,27.900031317278735,53.57142857142857,66.01060013728701,3,16.806174602227834,19.283005321875915,19.211799576696897,30.38056916779951,,,,681151
2025-06-26,115.22215873,115.8689861,113.24788714,114.94218868,115.68443096555285,114.48373072434501,117.38988402566106,117.00809672886878,118.64979947348195,117.73643339043431,0,0,0,0,120.72454931534357,115.0745285812077,63.10564828189007,88.02266656932257,4,8,114.41121099,,,113.05519880811751,117.56408490394,115.59650536737377,115.32530293099727,115.86770780375026,116.95251754925626,112.93758397824368,0,0.5,3,-3.124835279903354,0,-0.48390009385935284,4,4.788067808774296,44.20881784685865,0,1.9608388660925038,117.56408490394,114.41121099,1,1,0,0,8,8,1,1,1217,0,15,1,,-0.5887044011804955,-0.485805709170629,0,1.7863098836337614,1.9437837373869982,,,,,,0.8390690428527916,26.933566208644578,50.3968253968254,62.38389181019397,3,16.586353429764127,20.026801099134,17.553970104793866,32.38346335540446,,,,922301
2025-06-27,115.52143707,116.45306156,115.1304444,116.31307653,115.89397948703524,114.51905326128744,117.2873309308362,116.98084103479549,118.62654849891995,117.73653691814157,0,0,0,0,120.71275155760723,115.0916438442612,55.4067637408179,85.33110292684736,4,9,115.59516009375798,,,114.03036076343422,117.68879145,117.00973527184996,116.74441450164322,117.2750560420567,118.33633912288369,112.8182066303,0,0,0,-1.9502143476264124,0,-0.1021040959953525,4,4.966659485242705,33.527016133212335,0,3.1595933015600837,117.68879145,112.8182066303,1,1,0,0,8,8,1,1,1217,0,16,2,,-0.19350522940563078,-0.10967796291920613,0,0.3176678144415872,1.9003906693677874,,,,,,0.9168478530982479,25.737504661554116,47.22222222222222,49.593054333292805,3,17.2050131446685,20.348602448243597,18.626988268520783,30.736962549376468,,,,1000769
2025-06-30,116.08137718,117.31710707,115.42489567,117.11437014,116.30077637135683,114.80158739621216,117.2708584745661,116.98607747029371,118.61150194808492,117.74427732940207,0,0,0,0,120.70149743331005,115.12391190553336,76.64542908491632,47.08603755891911,1,0,116.95582352674997,116.69255949548656,117.21908755801337,115.63950337043293,119.62531839676214,120.70149743331005,120.43823340204665,120.96476146457346,122.01781758962709,114.989257495,0,4.5,0,-1.2622146954518758,0,0.10715920089089959,0,5.036531858632676,91.54343404008672,0,2.0279981714184356,117.68879145,119.62531839676214,1,1,1,0,19,10,0,1,192,0,17,3,,0.32059357946912365,0.09877337202976645,0,5.112401575996532,-3.1109449235935576,,,,,,1.1373468036848393,24.28806762251956,44.04761904761905,39.210103038685126,3,17.447058146182208,20.116821252598864,20.36201827965807,28.764444196312116,,,,1174040
2025-07-01,116.88267078,122.09590628,116.45798517,121.00498848,117.86884707423789,115.66477650414717,117.62648990365504,117.14368182361552,118.63531773447214,117.78389080084125,0,0,0,0,120.70285604716592,115.25577948325001,99.49390683258446,0.46885375717978095,2,0,121.00498848,118.85178447645887,119.44138055434092,116.28821985694366,121.9026441166022,123.44407184823585,123.2641313183341,123.87592912,125.05512127576408,119.62531839676214,1,3.5,0,1.9974412264243422,0.009987206132121711,1.0153575670270947,0,5.923223263449828,98.09472172631732,0,0.19031156885973194,,121.9026441166022,0,1,0,0,8,10,0,1,192,0,18,4,,0.8204395688111685,1.0001511750850653,1,6.60150787432331,-6.70391333371865,,,,,,1.5923556424256373,22.803640885709246,40.476190476190474,11.136180575099383,2,20.51864727373807,19.650968678698103,31.358665025244246,23.85273813796522,,,,1688018
2025-07-02,121.01464262,123.23509478,120.14577004,123.06132026,119.59967146949192,117.06676787648357,118.14409279473551,117.37574607602276,118.6793575605968,117.86539831001167,0,0,0,0,120.7093442013021,115.36216013641774,92.50006798565957,13.061586756415911,2,1,123.06132026,120.70366418723333,121.30631277276666,118.2401315757334,123.43003047455466,123.43003047455466,,,124.93665193838797,121.9026441166022,1,1.5,0,3.692270323561371,0.061244024744149986,1.3981694672427338,0,6.163654126732305,92.23825690676497,0,0.07647703475242462,,121.9026441166022,0,0,0,0,8,10,0,1,192,0,19,5,,1.342261385010745,1.3786057242979193,2,4.163291725282686,-4.531783555145968,,,,,,0.979303173497706,21.04224630823785,34.523809523809526,-1.448505053801107,1,21.35152421556386,19.607556647010664,31.863630899850307,21.669256046954505,,,,1040196
2025-07-03,122.89719989,123.52954604,122.1248687,123.00339542,120.73424611966128,118.68027030249266,118.60688352095119,117.59643820715912,118.72238281292917,117.98387635566532,0,0,0,0,120.71234464788377,115.41141780947522,95.35271724293528,6.810870232769479,2,2,123.00339542,120.71264558903809,121.2973313709619,119.54327402519048,123.82487722180527,123.82487722180527,,,125.28659167661478,121.91359686588974,1,1.5,3,3.6059018574588633,0.06783932360870816,1.2485332751956435,0,6.037533064637247,96.3594241320652,0,0.23741415634652477,,121.91359686588974,0,1,0,0,8,10,1,1,192,0,20,6,,1.3984785145713108,1.2311128498477741,3,4.896346719790782,-6.465462605057095,,,,,,0.4705485602858718,18.948507402706866,28.174603174603174,-9.400696173647125,1,20.914628040657483,19.666991126930903,31.395950078539297,20.739626287907345,,,,495193
2025-07-07,122.39518462,123.29784669,120.3919506,121.18841714,120.88563645977419,120.06507964965802,118.8527438656225,117.73730012609406,118.7469204679249,118.12437298137371,0,0,0,0,120.71346820208556,115.47799763484208,96.9097762052554,4.4991768844091204,2,3,121.00498848,120.70758172330324,121.30239523669675,119.51795469651617,123.87592912,123.88072264827792,,,125.36775643176175,121.91359686588974,0,3.5,0,2.0560505168928436,0.010280252584464218,0.7127958695315633,0,6.23786065359982,93.94882651890816,0,1.9306492373521997,121.91359686588974,121.91359686588974,1,1,1,0,19,10,0,1,192,0,21,7,,0.9419024799665523,0.6986368157951711,4,5.109847567712826,-4.627067648283205,,,,,,0.8446282331465547,16.414602071557415,21.03174603174603,-24.036657349942754,0,21.608583165139382,18.874365980761976,28.656995331717003,24.132784951352487,,,,895651
2025-07-08,120.92775536,122.47241773,120.09749934,122.29864322,121.35663871318279,121.23360565063813,119.1809247565156,117.91617632585508,118.78226099282116,118.29020835235492,0,0,0,0,120.71762913945139,115.56454508478569,97.0634842992832,2.9847871168310824,2,4,122.29864322,120.70762043458514,121.30235652541485,117.71855497668116,124.11014148872917,124.11014148872917,123.81277344331431,124.40750953414403,125.59698171580344,121.91359686588974,1,3.5,0,2.960359735357586,0.014801798676787931,0.9036343262213465,0,6.301632960480127,93.3197100464749,0,0.3955160190137543,,121.91359686588974,0,1,0,0,8,10,0,1,192,0,22,8,,0.8656860729481229,0.8884691922238079,5,4.29798296502725,-5.16643249023061,,,,,,0.9272561244387469,13.21593184610707,16.666666666666668,-39.45837644945674,0,21.829496916404516,18.0009843244657,26.613531184196294,23.296031197022693,,,,998788
2025-07-09,122.23106424,122.23106424,120.26171626,120.91810122,121.21045954878852,122.02492369531384,119.3463701339903,118.0338988707235,118.80351313438513,118.46885742091227,0,0,0,0,120.71820783845563,115.63843339815035,96.92262923011987,17.508029056879252,2,5,120.49584077,120.2015264514005,120.7901550885995,119.02426917700247,123.52954604,124.05008703520886,123.75577271660936,124.34440135380837,125.5216586282064,121.91359686588974,0,1.5,0,1.7799036659992904,0.008899518329996452,0.5034461508848169,0,6.413213675090046,75.9544697046828,0,2.061541065644287,121.91359686588974,121.91359686588974,1,1,0,0,8,10,0,1,192,0,23,9,,0.6506747883866529,0.48900787857651495,6,4.098171289396218,-0.5631134500217334,,,,,,1.008181186223267,10.55977501411727,13.492063492063492,-52.46775442191321,0,22.21602385010296,17.189987072190593,24.96897564611886,21.85647712751091,,,,1101574
2025-07-10,120.46435665,122.766869,120.08041151,121.66146999,121.36079636252568,122.61501690121472,119.56685583456266,118.17615656167553,118.83195051603303,118.66159757080037,0,0,0,0,120.72172460337228,115.74430545158653,97.72139561164099,10.304686755054657,2,6,121.66146999,120.70771038513973,121.30226657486025,117.70218675111795,123.52954604,124.16465537982404,123.86737728496378,124.4619334746843,125.65104585412533,121.91359686588974,1,3.5,0,2.381110014335079,0.024711053474576687,0.6296773728550148,0,6.35707245089998,92.82494417959536,0,0.471821776137307,121.91359686588974,121.91359686588974,0,1,0,0,8,10,0,1,192,0,24,10,,1.1024440272232103,0.6156003662578141,7,5.157771454095469,-4.149106576121337,,,,,,1.2855314440361978,7.9683582498198415,8.333333333333334,-63.815625698260234,0,22.021544944710342,16.677210938918545,24.563582758247563,20.092961941748797,,,,1428065
2025-07-11,120.46435665,120.73467257,118.95831084,120.2326573,120.98475000835045,122.87059458093852,119.63026549793764,118.25680364945296,118.84588789696802,118.85669466397837,0,0,0,0,120.72058312442778,115.79327114722545,96.66904156123951,16.92668213450964,2,7,116.65281856775,116.05165528125,117.25398185425,114.8509381021262,119.77641417392768,120.72058312442778,120.42040382964683,121.02076241920872,122.22147959833254,117.56408490394,0,3,1.5,1.166863597530795,0.005834317987653975,0.24454577283465542,0,5.896600443519346,76.32520287577294,0,1.7335198786875607,119.77641417392768,119.77641417392768,1,1,0,0,8,10,0,1,192,0,25,11,,0.8759579313291385,0.234630117086598,8,3.6700568610092192,-1.1301127580865433,,,,,,0.8097114885112359,8.1655335213816,8.73015873015873,-60.02465300300356,0,20.426423120217365,15.610421012773115,22.588594254823292,21.81501588474573,,,,896089
2025-07-14,120.52228149,120.90699896,118.900386,120.10715348,120.69221783223362,122.80604892498832,119.6756834009912,118.3293663879058,118.85843780326685,119.05138272401636,0,0,0,0,120.71881972209225,115.8506296395915,95.46950108381586,28.41622642489854,2,8,118.60770072028821,118.31104661656303,118.90435482401338,117.12443020166235,121.89687109906497,120.71881972209225,,,122.2020902407181,117.56408490394,0,4.5,3,1.0505906857029381,0.005252953428514691,0.19543915101758733,0,5.805153983019967,67.66084727470744,0,2.21751213785597,119.77641417392768,119.77641417392768,1,1,0,0,8,10,0,1,192,0,26,12,,0.6193013062440477,0.19170631638139432,9,3.293920242465519,-0.10585716730677042,,,,,,1.018310826718246,8.325915432748818,10.317460317460318,-58.597398704599904,0,20.109643288702834,14.706007700361095,21.743034963381348,20.497515461837057,,,,1106850
2025-07-15,120.16507832,120.47922403,117.96393444,118.002551,119.79566222148908,122.2787732428736,119.51633745803966,118.316550098184,118.84992151666718,119.22975991490348,0,0,0,0,120.71366670616284,115.8693830930074,77.13705955256013,58.40140128361238,1,0,116.53670275989998,115.94085782458895,116.53670275989998,114.74916795396689,119.77641417392768,118.64433617871764,,,120.1339485169952,114.989257495,0,0,6.5,-0.7129752429397697,0,-0.3057746333395461,0,5.711008435769952,27.312736819938497,0,1.8123906752890155,119.77641417392768,114.989257495,1,1,0,0,8,15,0,1,192,0,27,0,,0.1460243605932905,-0.29908267066316224,0,0.4745256365606829,2.706077928493901,,,,,,0.6891284063686083,8.449678522789442,12.698412698412698,-57.28929291066106,0,19.78351354641603,13.937939839835,20.104005055198137,21.758868585412227,,,,731839
2025-07-16,117.70327266,118.35975417,116.21653513,118.31148347,119.30093597099273,121.46194859282768,119.40158945917874,118.31635140688266,118.84456392416303,119.39196812694783,0,0,0,0,120.70879106842185,115.89198778663152,64.50143394571131,76.0342635844825,4,0,116.47577588374999,,,114.99688500534938,119.77641417392768,118.66561349905358,118.36983532337345,118.9613916747337,120.14450437745418,114.989257495,0,6,0,-0.44855266119129855,0,-0.19665792071490723,4,5.681706820496171,23.724908605211358,0,2.485887267104851,119.77641417392768,114.989257495,1,1,0,0,8,8,0,1,192,0,28,1,,-0.41431036448760705,-0.1871745447645297,0,0.5395560057012565,3.411990804917738,,,,,,0.7590590773045908,8.109748876950167,8.73015873015873,-58.79613428594189,0,19.682009773619978,14.039239399881472,18.803341429387757,25.625965139404222,,,,784575
2025-07-17,118.20528794,119.56652165,117.83843062,119.25758918,119.28648704066181,120.64784005819092,119.387875146876,118.35326269210294,118.84867362820121,119.5428681061419,0,0,0,0,120.70525109441378,115.92910617270586,62.435903716231486,76.00164724233599,4,1,118.71552977853275,,,117.2651270418929,121.89687109906497,120.70525109441378,120.41517054708581,120.99533164174176,122.15565383105364,116.73511686501999,0,3,0,0.3440640432202136,0.0017203202161010683,0.05095223761690179,4,5.609771474298535,40.432153001993115,0,2.737263333211425,119.77641417392768,119.77641417392768,1,1,0,0,8,8,0,1,192,0,29,2,,-0.5728438489608666,0.06342709103825814,0,1.0012286621380753,1.3546431885360513,,,,,,0.9263745672136082,7.736956661371042,7.936507936507937,-60.186132076711715,0,19.432818424671254,13.464776018089433,21.517577156145666,24.262920063882092,,,,945240
2025-07-18,119.81752928,120.19404074,117.52949815,118.65903251,119.0773355304412,119.88414494035928,119.31846156241161,118.3652536653538,118.8467866519007,119.67762818439395,0,0,0,0,120.69756741584975,115.97484842040889,78.01685999735147,79.03936333351623,4,2,118.42278085889137,,,116.95702552352937,121.071352845,120.34651283857546,120.2326573,120.93980800112547,122.11241226941507,115.97856069028,0,1.5,0,-0.1579799901958011,0,-0.08128123941975654,4,5.6232101454836,59.42726067176394,0,2.473499946833712,119.7325952851462,119.7325952851462,1,1,0,0,8,8,0,1,2240,0,30,0,,-0.650893815454436,-0.07039645288941425,0,4.016490552261886,1.848771234575765,,,,,,1.3989810832746539,7.644977116526516,7.936507936507937,-60.7534710425132,0,19.479371347228742,12.602295802611735,21.6825764408374,22.293872387688182,,,,1460565
2025-07-21,118.97761912,120.85052225,118.4514685,119.60513821,119.2532697569608,119.37023000266967,119.34576410027718,118.41387658867326,118.85433243854845,119.8031817236457,0,0,0,0,120.69317479431514,116.03909010118223,85.14693201069589,69.49154272807343,4,3,118.79350251932124,118.49987069141473,119.08713434722775,117.32534337978866,121.86465379967129,120.34543709452616,,,121.81359623405874,116.73511686501999,0,3.5,1.5,0.6317024849218214,0.003158512424609107,0.15855446448708932,4,5.627723188885389,53.13310108197736,0,2.091838137742909,119.7325952851462,119.7325952851462,1,1,0,0,8,8,0,0,2240,0,,1,,-0.22287904487637264,0.16492548602157342,1,2.768229244712474,0.9176015000266331,,,,,,1.5110078394047133,6.821329212284799,5.158730158730159,-65.00986167264124,0,19.495004988166066,11.940894873119463,22.097043622200655,20.667558622862742,,,,1570305
2025-07-22,118.11840068,128.86345829,118.11840068,128.69933792,122.40195914464054,120.02793771193289,120.2365806545365,118.81722801343118,118.95229269209524,119.97623254499292,0,0,0,0,128.69933792,116.4629853920017,99.90083365002398,1.2390688404896164,2,0,128.69933792,127.13922955971181,127.87642184028819,122.80179967538892,132.39056638136,132.39056638136,132.0219702410718,132.7591625216482,134.23354708280095,124.64663893,1,7.5,0,8.194079329882884,0.0438715726936506,2.2612512885269798,0,9.072134585478114,98.21674761536903,0,0.6258930944166209,132.39056638136,124.64663893,0,1,0,0,11,10,0,0,3265,0,,0,,1.0232094083538894,2.22369725568162,2,8.780179422204764,-5.397789240674933,,,,,,2.7041733673653985,17.638516867946315,28.174603174603174,-43.874275861628035,0,31.426796070301812,13.952086392518446,35.755517327225014,15.288217063002461,,,,3074079
2025-07-23,129.24962389,130.51914327,128.05251055,130.02195507,124.94195778642703,121.5976515306567,121.16852107505683,119.2566290744731,119.06243858640275,120.20111903883567,1,0,0,0,129.15150742667524,116.69478512852574,95.10742126140558,20.039146052749793,2,1,130.02195507,127.14353434901811,127.87211705098188,125.13817974214486,133.06477064136,133.06477064136,132.70047929037813,133.4290619923419,134.88622739626948,123.92152342834001,1,0,0,9.204847988766835,0.10288571278766545,2.3141389010577593,0,9.068862027387171,95.41707147509004,1,0.6230457723976368,,123.92152342834001,0,1,0,0,11,10,1,0,3265,0,,1,,1.4548917827506502,2.2713623325676315,3,6.548470183919252,-4.543295505466405,,,,,,1.3537413446400213,25.617842283770997,51.98412698412698,-18.454663363900327,1,31.415459596533346,16.153425427105926,37.65187938231969,14.363956451651395,,,,1596885
2025-07-24,129.86748884,129.89645125,128.32282646,128.60279652,126.16223736428468,123.50714677048657,121.87654730790857,119.62314544488592,119.15736752106541,120.46380194043125,0,0,0,0,129.03173331797822,116.8587707480922,96.36646911013432,11.082916930374942,2,2,127.5078257,127.15438436864181,127.86126703135818,125.74061904320907,132.39056638136,129.0296130654562,,,130.79681972224714,123.92152342834001,0,0,2.5,7.926852695251735,0.052574413587973656,1.7421290669585243,0,8.930858902045387,92.06755007507901,0,2.7629709647125056,129.0278235101065,123.92152342834001,1,1,0,0,10,10,1,0,3137,0,,2,,1.1035212008937199,1.7163474370641827,4,4.515145542126783,-4.665477546574728,,,,,,1.0772487067896446,30.57147488287823,65.07936507936508,-1.182800855182904,1,30.937402747142816,18.197525959222872,36.035744685444925,13.747411174583164,,,,1304296
2025-07-25,128.17801437,129.16273663,127.36706662,129.07584937,127.13344136618979,125.4845620182792,122.56219512334584,119.99383971645902,119.25605888274634,120.76304074923948,0,0,0,0,129.03707441224515,116.96402403750581,96.80026870649846,6.252567900677829,2,3,129.07584937,127.16359741007811,127.85205398992188,124.61324030062491,129.91381856905738,129.91381856905738,,,131.63496001866682,123.92152342834001,1,4.5,0,8.234206780980873,0.0919617599914983,1.663775871612184,0,8.908814630639684,92.63286218494264,0,0.18777562319048097,129.91381856905738,123.92152342834001,0,1,0,0,10,10,2,0,3137,0,,3,,1.4063258086927515,1.6398659852316622,5,4.306324810392001,-5.211503540601276,,,,,,0.6825884052075617,34.52284953325489,70.23809523809524,11.865479851085922,2,30.861039150961783,19.582334687950098,34.35734477110438,15.586155883559242,,,,823068
2025-07-28,128.7186462,129.12412007,127.21839287,128.46763856,127.57817376412653,127.16448432050258,123.12461830778909,120.32614555346063,119.34771639197275,121.0895381866442,0,0,0,0,128.95207708297278,117.10587976633694,97.73641870530435,6.633654056176271,2,4,127.5078257,127.17116972364396,127.84448167635604,125.8245458182198,130.51914327,128.95207708297278,,,130.635356964753,123.92152342834001,0,4.5,1.5,7.6414718636716685,0.07878012077782204,1.3569550037077802,0,8.944260155006972,89.77126776304874,0,1.7889583322384328,130.51914327,123.92152342834001,1,1,0,0,8,10,1,0,3137,0,,4,,1.3245820916757096,1.3448867950342178,6,5.304748351370656,-3.0059030721117352,,,,,,0.9814029625245788,37.420844615909374,75.39682539682539,20.775415394218246,3,30.98382604917191,20.787184360769963,32.620840025889926,15.192696089376872,,,,1192803
2025-07-29,128.23593921,128.96675759,127.50222458,128.84415001,128.00016584608434,128.58396049820993,123.66933561276156,120.66018494391315,119.44220826876905,121.44035464159525,0,0,0,0,128.93644310199653,117.26788201472112,98.52851478048494,22.98077942450653,2,5,128.84415001,127.18214039150868,127.83351100849131,124.89674211206943,130.51914327,128.93644310199653,,,130.56486964445315,123.92152342834001,1,6,0,7.871540452496221,0.1303428908544591,1.2993370081772766,0,8.94414504627293,83.0017453290211,0,0.42432738224953337,130.51914327,123.92152342834001,0,1,0,0,8,10,1,0,3137,0,,5,,1.727881508735824,1.294851473304375,7,6.206552416928194,-0.13806608441449658,,,,,,1.1055795439807092,37.98014412658469,75.39682539682539,22.58212675386957,3,30.9834273008204,21.90597334267413,31.31112106596952,14.582712958814533,,,,1353657
2025-07-30,128.86345829,129.14342835,126.50784818,127.46360802,127.82131323738956,129.58676107607053,124.03069488964141,120.92698584885774,119.52202319166688,121.80202629126036,0,0,0,0,128.67946174157913,117.46914209659937,99.23900274841534,49.82173765592009,2,6,120.91933257830267,120.59337854032859,121.24528661627676,119.28956238843224,130.51914327,128.67946174157913,128.35350770360506,129.0054157795532,130.30923193144955,123.92152342834001,0,3,3,6.644453144503674,0.0892533533042923,0.870499526493978,0,8.56537895739807,79.82763407189405,0,5.8902848704457815,121.9364069894258,123.92152342834001,1,1,0,0,8,10,1,0,3137,0,,6,,1.4482487006541913,0.8821670456087396,8,6.054208856795432,0.4304926346996073,,,,,,1.5944438105122938,38.06760495403509,75.7936507936508,28.29754571823941,3,29.671343080589587,22.358869222896608,29.050642150673923,16.253734346197263,,,,1975103
2025-07-31,125.93825393,127.42499146,123.89167283,124.42255398,126.68839348492638,129.85881306415973,124.0680148030089,121.0640669520398,119.5707846920483,122.15184633091937,0,0,0,0,127.98922434930947,117.61811920809754,97.6098350182924,48.43257010165516,2,7,120.88565677054325,120.33245375000001,121.00498848,118.99419820931055,128.80337205644,127.98922434930947,127.5078257,128.65835211965418,129.99660766034364,121.9364069894258,0,0,0,4.057654468394861,0.020288272341974306,0.1352496983413523,0,8.823986043880693,71.87703629972629,0,4.186036875551022,121.9364069894258,121.9364069894258,1,1,0,0,8,10,2,0,3137,0,,7,,0.8099339644783486,0.15148695456463873,9,4.506154484544178,0.3563763382840598,,,,,,1.689989380643209,37.74135068083957,74.60317460317461,23.47015774279148,3,30.567184306560108,21.4460796713861,26.281391760491935,21.686186283244293,,,,2190674
2025-08-01,124.67356161,125.55208834,121.64216171,123.86261387,125.74646694661759,129.50644531945107,124.048452809389,121.17381388999902,119.61348945998813,122.48317523674233,0,0,0,0,127.53868502656772,117.71763376760352,98.0809895259442,29.60957686325297,2,8,120.95805812918108,120.33245375000001,121.17381388999902,118.95014765400266,128.80337205644,129.012482552893,128.32154668,129.07584937,130.45815546599732,121.95557322704346,0,5,1.5,3.552378940866236,0.01776189470433118,0.009239862905566163,0,8.838105632304107,83.62587049162622,0,3.9072030472682258,121.95557322704346,121.95557322704346,1,1,0,0,8,10,3,0,3137,0,,8,,0.8177264943893402,0.024184989071842636,0,4.692560175309236,-1.6929443414080576,,,,,,1.222666605774113,37.26507783108131,73.41269841269842,21.71727524113195,3,30.61609599562274,20.15959224843597,23.626451744586628,25.30745664632643,,,,1655855
2025-08-04,123.5054107,127.00986345,123.45714,126.72023925,126.07105771441172,128.9927874067602,124.30290866087577,121.39132076686181,119.68420338824696,122.81073751610663,0,0,0,0,127.47674117589716,117.82396151064106,98.12878741665025,23.41239793021218,2,9,126.72023925,120.85204833598905,121.55727479930925,120.2477880943091,130.51914327,128.90043013976742,128.32154668,129.07584937,130.4863022966404,122.34577082144001,1,3.5,0,5.878834184097507,0.042522252674663,0.6397626245015269,0,8.957333309958834,84.23752406944816,0,0.5869343666904009,,122.34577082144001,0,1,0,0,8,10,2,0,3137,0,,9,,1.1050246540334037,0.6477462290302973,1,4.874742400186424,-1.6539338962324885,,,,,,0.9054013452674499,36.63694015886531,72.22222222222223,18.072793157578218,2,31.029112786355604,19.039780586221607,25.192292776385298,23.030822336953428,,,,1241856
2025-08-05,127.25121694,128.41936786,126.51364066,127.98493157,126.70901566627448,128.51835539263683,124.6535775093638,121.6498937395339,119.76679769851316,123.13823049066082,0,0,0,0,127.51345346743676,117.94594746340304,98.22238622150668,13.33151305372586,2,10,127.98493157,127.16338370631561,127.85226769368438,123.75810471052498,130.51914327,128.90043013976742,,,130.4536173447375,123.92152342834001,1,6,0,6.861779749821988,0.03430889874910994,0.8629604915354996,0,8.96424723449132,92.00610041733128,0,0.5995541772237983,130.51914327,123.92152342834001,0,1,0,0,8,10,2,0,3137,0,,10,,-0.1046616796934279,0.8586362819713236,2,4.982674428210094,-4.0843674348425125,,,,,,0.9221259216230533,35.8443328147594,69.84126984126983,15.429297397653755,2,31.05306332349553,18.50360766727215,27.601489730387907,21.89310058671612,,,,1277653
2025-08-06,128.3807513,129.21100733,127.71461566,128.83449587,127.41750906751632,128.27167832811907,125.05176021037677,121.93164284268943,119.85702355096576,123.46565206890085,0,0,0,0,127.58133474179631,118.0430902811307,98.12538257012466,9.893859686081436,2,11,128.83449587,127.17462606595379,127.84102533404621,125.04901858763034,130.51914327,129.07584937,,,130.74184754023102,123.92152342834001,1,4.5,3.5,7.490151226070482,0.03745075613035242,0.9668697941478214,0,8.856475854471068,88.75332720104684,0,0.44502906089173966,130.51914327,123.92152342834001,0,1,0,0,8,10,2,0,3137,0,,11,,-0.1691266989593573,0.9577661512171245,3,4.768534572400108,-3.1245170935675195,,,,,,0.6950307988012973,34.88067759440135,67.85714285714286,13.692900706535516,2,30.67973231190175,18.275818154673853,28.616038834074132,21.015230974687682,,,,958012
2025-08-07,129.54890222,129.99781972,127.18363797,129.33651115,128.0571764283442,128.2751671924654,125.45983172843613,122.22202983513299,119.95134681065764,123.79118031236052,0,0,0,0,127.64896914831309,118.12113337548082,98.84905960702906,13.701414784000981,2,12,129.07584937,128.74132308704637,129.4103756529536,127.40321795523188,132.39056638136,130.51914327,,,132.1917746847681,123.92152342834001,0,3.5,0,7.824142528517653,0.03912071264258826,0.9825835934955469,0,8.851444352455431,90.26109393742762,0,1.981737866509922,130.51914327,123.92152342834001,1,1,1,0,1,10,2,0,3137,0,,12,,0.10740137020221333,0.9696809401597009,4,6.828324127438159,-1.6266349963918083,,,,,,0.5558331822049236,33.73493825789849,65.87301587301587,10.020889861269524,2,30.66230267764281,18.32892463859871,28.566675446993354,19.436754759252107,,,,747224
2025-08-08,129.39443598,129.39443598,128.31317232,128.48694684,128.20043323222947,128.32300032113898,125.74812840572793,122.46771285493169,120.03627815423319,124.10897471682792,0,0,0,0,127.67522641256673,118.18091894487702,97.940268116843,11.68365307862544,2,13,127.5078257,127.18754001172164,127.82811138827836,125.90639725860818,130.51914327,129.14342835,,,130.7448567913918,123.92152342834001,0,0,3,7.04009555753524,0.0352004777876762,0.7038095878906617,0,8.774329111999354,84.36674932821477,0,1.88039471022685,130.51914327,123.92152342834001,1,1,0,0,8,10,3,0,3137,0,,13,,-0.08306760697963866,0.6943790346355013,5,4.209294371577634,-2.5398823725653497,,,,,,0.4713079571796285,32.39711773186334,63.492063492063494,6.586409084427548,2,30.395167648627176,18.378237802243223,27.705610812850367,18.8508867202233,,,,627259
2025-08-11,128.73795448,129.39443598,127.30914178,128.78622518,128.39569721481965,128.43303703744505,126.0374709556586,122.71549765199319,120.1233423037433,124.42171300750609,0,0,0,0,127.71685675205093,118.25637269757604,97.97369335586028,18.252388174766374,2,14,128.78622518,127.19179886267008,127.82385253732991,124.78092708136074,130.51914327,129.14342835,,,130.72356253664952,123.92152342834001,1,4.5,1.5,7.211656544114281,0.036058282720571405,0.7009438814831479,0,8.76317584775103,79.88213142812275,0,0.4326564583516847,130.51914327,123.92152342834001,0,1,0,0,8,10,2,0,3137,0,,14,,0.045334133433965945,0.6901033776091392,6,4.753944774672512,-1.0375670153343495,,,,,,0.5928537342077458,30.85317584993743,61.111111111111114,1.6360375039590505,2,30.356531607930503,17.90708856314794,26.073336760035,20.576932751563216,,,,779314
2025-08-12,129.26893217,130.18607545,128.71381913,130.09918819,128.96352753987978,128.71617498798875,126.42430116845303,123.00505414367973,120.22260445186525,124.73746603375265,0,0,0,0,127.81008743754975,118.34725193036493,98.15759417065865,15.596369853434837,2,15,130.09918819,127.20122706247938,127.81442433752062,125.97483251239686,130.51914327,130.51914327,,,132.05213645760315,123.92152342834001,1,2,0,8.215246860742518,0.04107623430371259,0.9116008893159696,0,8.493978204705558,85.50065121991953,0,0.10182319684029995,130.51914327,123.92152342834001,0,1,0,0,8,10,2,0,3137,0,,15,,0.17640629636994373,0.8982948184670123,7,5.003372614850664,-2.1016573910453906,,,,,,0.6415730071131082,29.067190891155764,56.34920634920635,-1.2126586556460033,1,29.424003617865402,17.77896467535072,27.260827830879528,19.694714938856336,,,,847052
2025-08-13,130.36950411,133.7387989,129.99299265,133.27540019,130.40081842325318,129.46613113734202,127.07678678955274,123.40781281216287,120.3524830164238,125.07513646626245,0,0,0,0,128.12466108287973,118.52391329197786,97.76137971200822,8.38809564711511,2,16,133.27540019,130.2009998364987,130.8372867035013,128.18510525397923,134.63585996502317,135.93265768,135.61451424649871,136.2508011135013,137.5233748475065,125.91127060768001,1,1.5,0,10.73755758891379,0.053687787944568945,1.4910939644736423,0,8.702772219108933,93.10484781711405,0,0.2672654123430192,134.63585996502317,125.91127060768001,0,1,0,0,8,10,2,0,3137,0,,16,,0.8384336216484465,1.4690332976006357,8,4.372864046838008,-5.463918286216136,,,,,,0.9812802466912989,27.896754119064703,51.98412698412698,-7.465126659330712,1,30.14728730039123,18.809113837259986,34.365624280729755,17.624316065336817,,,,1321923
2025-08-14,131.92382062,133.10162567,131.03563975,133.00508428,131.2689070421688,130.48090326771563,127.64138655054772,123.78417639913688,120.47837954640964,125.4304270690063,0,0,0,0,128.32216990463698,118.64840845934692,97.2194008910329,6.781678675978206,2,17,133.00508428,130.20372650639166,130.83456003360834,128.51230564113322,134.8621306654597,135.93265768,135.61724091639167,136.24807444360835,137.50974149804173,125.91127060768001,1,3.5,0,10.397471131959353,0.08516579197730692,1.2774621871731557,0,8.735724193707854,86.57806078218216,0,0.41334028108896265,134.8621306654597,125.91127060768001,0,1,0,0,8,10,2,0,3137,0,,17,,1.2654274905400813,1.2593148577709685,9,4.0541852324993455,-3.4375205584570483,,,,,,0.7184205672292887,25.94248037452658,46.82539682539682,-14.272144497947023,1,30.261436288821336,19.76568091617573,32.18679595170572,16.50690993852998,,,,968655
2025-08-15,133.74845304,134.09600208,132.47410659,133.0340467,131.85728692811253,131.54744875307966,128.15497323144794,124.14691641093543,120.60331155788815,125.8012479655138,0,0,0,0,133.0340467,118.81067799973883,95.06305310226873,3.6857353271505984,2,18,130.51914327,130.21177506548867,130.82651147451134,128.98230224744336,134.62157445586544,135.93265768,135.62528947548867,136.24002588451134,137.46949870255665,125.91127060768001,0,2,4.5,10.307125883641472,0.09507265994144151,1.1500986789436822,0,8.685143648945665,91.94649406020731,0,2.66939203577528,134.62157445586544,125.91127060768001,1,1,0,0,8,10,3,0,3137,0,,18,,1.3482962441858732,1.1352692383313794,10,2.9899278580169586,-6.396320250868441,,,,,,0.9596081866224191,22.572270062716214,38.095238095238095,-24.97472279279932,0,30.086220142016085,20.937731220722792,33.558871304279364,15.729210679657411,,,,1285449
2025-08-18,133.32367089,133.32367089,132.18448239,132.39687347,132.0371491087417,132.41182861003813,128.55896373035765,124.47044413874188,120.72066043263553,126.18083923707319,0,0,0,0,132.71984327699593,118.95815178217488,95.8398238963105,17.113098402940736,2,19,130.51914327,130.22355861134662,130.81472792865338,129.04121997673312,133.99502165221088,132.71984327699593,,,134.19776657026281,125.91127060768001,0,0,5.5,9.672091749266091,0.04836045874633046,0.898976509102051,0,8.743927116404485,72.65161485604612,0,2.3518665671258256,133.99502165221088,125.91127060768001,1,1,0,0,8,10,2,0,3137,0,,19,,0.7971435875913315,0.8889504684264161,11,4.029157098358079,-0.6555893242387397,,,,,,0.944837961760581,17.987514982881432,25,-40.61537522461996,0,30.289852046583583,21.850490868670075,32.404081274961385,16.06280751889564,,,,1250558
2025-08-19,133.00508428,134.96487466,132.78786613,133.95118998,132.67516273249447,133.1850194741684,129.07250908746644,124.84223809330102,120.85230749280831,126.57450415908933,0,0,0,0,132.98051055552318,119.0462575368389,96.34497266031175,9.987686527001411,2,20,133.95118998,130.22174321919687,130.81654332080313,129.1927891671499,134.69136887091102,135.93265768,135.63525762919687,136.23005773080314,137.41965793401567,126.66898542736,1,2,3.5,10.838752489662799,0.054193762448314,1.1266297526278115,0,5.106616316057371,89.14147378645562,0,0.15555202683055827,134.69136887091102,126.66898542736,0,1,0,0,8,10,2,0,3137,0,,20,,0.8266221761589402,1.1144503623938158,12,4.127734318525887,-4.2593509055566106,,,,,,0.5656724028646852,17.796563240651288,24.206349206349206,0.6033148146623598,2,17.689837828343148,23.167836072112415,34.83306832655816,14.824417010174706,,,,681022
2025-08-20,134.25046831,134.79110014,132.06863271,132.25206137,132.53412894499633,133.6694148947342,129.37532359056488,125.1328193982696,120.96573787964604,126.9665960575113,0,0,0,0,132.86030070656395,119.11831230483939,96.36903130619984,42.771902634563915,2,21,128.48694684,128.1864819050578,128.7874117749422,126.98462216528903,130.51914327,132.86030070656395,132.55983577162175,133.16076564150615,134.3626253812749,126.66898542736,0,0,7.5,9.330181990526283,0.046650909952631416,0.6621610475740801,0,5.232499260525912,53.52657414078959,0,1.352701226444917,130.51914327,126.66898542736,1,1,0,0,8,10,2,0,3137,0,,0,,0.4504505454366296,0.6566494844900163,13,3.9407774061894205,1.9446609939279438,,,,,,0.5500658318406879,16.56899959553386,23.015873015873016,-8.589414920215404,1,18.125909139594913,23.942810553803444,32.01505783391165,15.76237853753033,,,,635800
2025-08-21,131.43145949,132.07828685,130.4660455,131.61488814,132.22771534333089,133.85627097927357,129.58861545241584,125.38701817245511,121.07169957377891,127.35077105974814,0,0,0,0,132.68217666707315,119.18689252562046,97.52447500295014,37.65597390823875,2,22,131.61488814,130.22419354585725,130.81409299414275,128.106447706858,135.16110413226448,132.68217666707315,,,134.15692528778692,126.66898542736,1,4.5,2.5,8.70821885158741,0.043541094257937056,0.46533005226930085,0,5.1214954538521535,79.0548374525632,0,1.0107670515838427,135.16110413226448,126.66898542736,1,1,0,0,8,10,2,0,3137,0,,1,,0.2872605442047017,0.4660848207183417,14,5.31225085592661,-0.5320835594413037,,,,,,0.5726891726830006,17.46217839549988,24.206349206349206,-1.5737347799844055,1,17.74138067360991,23.734482794981936,30.284151419736144,19.761451816852443,,,,643014
2025-08-22,132.26171551,135.93994278,132.24240723,134.67525047,133.04356038555392,134.15644994869436,130.07305688266194,125.75126257628041,121.2070582891642,127.7439335721932,0,0,0,0,133.02785763079942,119.31060101519707,97.0949132552019,19.84446228901549,2,23,134.67525047,132.72154825401032,133.3465451459897,129.74241966208243,135.85617780371064,135.93994278,,,137.50243500994847,126.66898542736,1,3.5,6,11.11172267600513,0.05555861338002565,1.042118177037445,0,5.565125491730423,90.15209317353715,0,0.23940154846080391,135.85617780371064,126.66898542736,0,1,0,0,8,10,3,0,3137,0,,2,,0.852937537412873,1.03909333820625,15,4.049183673130958,-4.726857228255556,,,,,,0.8357324232803924,16.98923318900324,23.80952380952381,-11.873161085300053,1,19.278160204347646,24.67482550142313,37.57518720208515,17.31945799112178,,,,943386
2025-08-25,134.05738552,134.781446,133.48779127,134.43389697,133.5070059137026,134.4555046913584,130.48837498621796,126.09175804270079,121.33866862429689,128.14134936738856,0,0,0,0,133.2065328027742,119.41131214730304,97.35488314028134,18.457189304078724,2,24,134.43389697,132.7323190829203,133.3357743170797,131.07397033336224,136.43253241832707,135.93994278,,,137.44858086539858,126.66898542736,1,3.5,4,10.792296053824451,0.058405924713566704,0.8857193964004118,0,5.534892803087184,80.27403218173743,0,0.5948449667124495,136.43253241832707,126.66898542736,0,1,0,0,8,10,2,0,3137,0,,3,,0.7719639481168565,0.8863367373609815,16,4.509025223265423,-1.6675736705869324,,,,,,0.7141489790730574,16.09353651772447,22.61904761904762,-16.063346018745484,1,19.173431098788644,25.54800087168995,36.13676476696802,16.65644873438771,,,,791823
2025-08-26,134.57870907,135.79513068,133.86430272,133.95118998,133.6550672691351,134.67512007299047,130.8181668903877,126.39997105984978,121.46416634922926,128.5371453479275,0,0,0,0,133.29683613522957,119.5157088237659,97.01902562451464,52.39712512490801,2,25,133.0340467,132.7366315202117,133.33146187978832,131.54697080105845,136.86426683463733,134.09600208,,,135.58307797894156,130.4660455,0,0,5.5,10.28041767879798,0.06029097728287879,0.7017774062169081,0,5.565032169729753,46.70360038069314,0,2.5756722554400464,136.86426683463733,130.4660455,1,1,0,0,8,8,2,0,3137,0,,4,,0.5096890812411516,0.7023352243676594,17,4.056572328797057,2.898095947162038,,,,,,0.7932176038594304,16.675175547026143,23.80952380952381,-13.500795707643388,1,19.2778369274544,26.61869667662964,37.085252243131,15.690965274245242,,,,859909
2025-08-27,134.13461864,135.17726574,133.51694677,135.01314536,134.10775996609007,134.89314983532856,131.21768864939838,126.73774260103214,121.59898206077922,128.93482336118672,0,0,0,0,133.66318166766,119.76077572032243,99.65462453127631,17.422716053446834,2,26,135.01314536,132.74305118510728,133.32504221489273,131.18898265085826,135.93994278,135.93994278,,,137.39492035446358,126.66898542736,1,0,0,11.031476638937605,0.06849071652802136,0.8454480327372964,5,5.427783177224997,89.97059402749423,0,0.24235303005922207,135.93994278,126.66898542736,0,1,0,0,3,10,2,0,3137,0,,5,,0.20368607631503796,0.8451483689926995,18,7.1131114558894035,-1.6346130064900586,,,,,,1.7792315317139131,17.020251082276623,25,-9.478269275198006,1,18.802392470842644,27.403762808195754,35.196006513040146,15.957402483913281,,,,1924305
2025-08-28,135.15795746,135.15795746,133.62294922,134.49182181,134.23578058072673,135.00747867257795,131.52951085516997,127.04182413863872,121.72726902345804,129.32784451151127,0,0,0,0,133.72727336138266,119.8516981232009,97.56651584485115,37.42368091343821,2,27,133.0340467,132.7501311483139,133.3179622516861,131.61446894156953,135.93994278,135.93994278,,,137.35952053843047,126.66898542736,0,0,3.5,10.486190061556474,0.07020872808556015,0.6562026408861824,0,4.696206635022816,68.83301331626487,0,2.0470143764529145,135.93994278,126.66898542736,1,1,0,0,8,10,2,0,3137,0,,6,,0.17122033713158522,0.6572209229715144,19,4.104363018767914,-0.1040965390699289,,,,,,0.7484174690854254,17.42333026038145,25.793650793650794,7.100956131183016,2,16.268136989403175,28.132752787507144,33.49699275412725,15.187092182753558,,,,755745
2025-08-29,135.10003262,135.63101031,133.87395686,134.51113009,134.32756375048447,135.0744888510996,131.81347459182047,127.33473809751563,121.85447162113508,129.71442486560932,0,0,0,0,133.7779869134704,119.93217353568542,97.17594103233989,43.214451373073324,2,28,130.4660455,130.18672165334507,130.74536934665494,129.0694262667253,135.93994278,134.67525047,134.39592662334508,134.95457431665494,136.07186970327473,126.68008974403807,0,0,5,10.386700053336147,0.07415572248890295,0.5957762235468835,0,4.631339112236793,65.35850301088331,0,3.9193913055064264,135.93994278,126.68008974403807,1,1,0,1,8,10,3,0,3137,0,,7,,0.1710598232372285,0.59591885250955,20,4.099709821310042,0.3869381624553679,,,,,,0.7034693812872261,17.801120151619138,27.38095238095238,10.955830077949939,2,16.043429298950127,28.95165236082572,33.12777456944435,14.334122559004197,,,,675888
2025-09-02,133.79672374,134.36631799,131.32526395,131.32526395,133.326797150323,134.7814798566732,131.76697834021851,127.49122930741697,121.94870836072577,130.07487740962932,0,0,0,0,133.55935970104335,120.02599699324793,96.40717779233592,33.55508687088812,2,29,130.4660455,130.1782281232847,130.75386287671532,129.02695861642349,133.78388657414,134.46795654073026,133.81133022098027,134.67525047,135.82651997686122,127.46360309138484,0,0,3.5,7.688933909441871,0.038444669547209355,-0.1003678308457489,0,4.992156333125656,72.38341318646904,0,2.3055182504994205,133.78388657414,127.46360309138484,1,1,0,0,8,10,2,0,1089,0,,8,,-0.1842499425031693,-0.09498139567217133,0,3.6769852522134547,-1.1045400152256661,,,,,,1.0763422680121484,18.153797916830854,28.571428571428573,4.975679993719316,2,17.293336816600753,28.15639795013884,29.85372874855597,20.823936444764747,,,,1022327
2025-09-03,131.41215121,132.12655755,130.55293276,131.5569633,132.73685253354867,134.2633760243238,131.74697690781676,127.65066985614573,122.04431288748472,130.41224366741181,0,0,0,0,133.4424368354559,120.09168375118367,97.28295091826071,28.49948874049426,2,30,131.5569633,130.1847362859965,130.7473547140035,128.30245904797204,135.93994278,134.67525047,134.3939412559965,134.9565596840035,136.0817965400175,128.02907167570638,1,2.5,0.5,7.794423343007553,0.038972116715037766,-0.04264161840201198,0,4.918318909698229,79.17128596312158,0,1.346742588297076,135.93994278,128.02907167570638,1,1,0,0,8,10,2,0,1089,0,,9,,-0.36320602165384647,-0.03758508228473134,0,4.861502688058263,-1.1378853272895966,,,,,,0.7718273023727746,19.937345943076565,31.349206349206348,17.01998445509723,2,17.03755647884819,27.010235493943796,28.36265957684021,22.23519666546178,,,,711235
2025-09-04,137.81284591,138.51759811,132.49341487,136.36472493,133.94614333236578,134.16827396985627,132.18676243373898,127.9923975061008,122.1868045495993,130.7574735736918,0,0,0,0,136.36472493,120.53109848576007,99.90553563500583,17.403445317586005,2,31,134.67525047,134.3518862461932,134.99861469380681,133.05842935096592,136.90720512516754,138.51759811,138.1942338861932,138.8409623338068,140.13441922903408,128.86456851946,0,7,9,11.603479142173203,0.05801739571086602,0.9243297107228093,5,5.996780599623732,93.63210133024059,0,1.3804586227206954,135.93994278,128.86456851946,1,1,0,0,3,10,2,0,64,0,,10,,0.549641476330803,0.9196340188881037,1,8.845010268651736,-1.6363997005504034,,,,,,3.309896477135214,23.463871530942708,40.476190476190474,12.951210400048382,2,20.773457360783322,27.839021309919076,40.55816069798936,17.961734803910264,,,,3464936
2025-09-05,136.58840184,138.2513863,134.25925109,135.66452158,134.51893608157718,134.30966972579353,132.51797759052573,128.29326511684195,122.32091118671772,131.10498385329015,0,0,0,0,136.10445077433084,120.76906075345646,99.08243862199704,18.15243326786593,2,32,134.1813693945069,133.8454585508827,134.5172802381311,132.50181517638595,135.93994278,135.8776160384882,,,137.55717025660917,128.86456851946,0,3.5,5.5,10.908691133696536,0.05454345566848268,0.6919528150911306,5,6.047890329226451,84.9153786578589,0,1.0470477026103646,135.93994278,128.86456851946,1,1,0,0,3,10,3,0,64,0,,11,,0.5384027233803718,0.6854735165707413,2,5.802650695012865,-1.5680719452339076,,,,,,1.843518333621034,27.070558247417015,50,29.21195028728881,3,20.950506657649353,28.608608139038978,36.254466076960384,16.055784925276598,,,,2049951
2025-09-08,135.23661915,136.22857479,133.95291185,136.00489852,135.0142568943848,134.64147162090907,132.8500652980947,128.59568211304423,122.45707026466083,131.45665692115747,0,0,0,0,136.08337677517852,120.94018928982759,99.28282794854377,11.441938321406903,2,33,136.00489852,135.6077071489561,136.27217841104388,131.29502680164887,145.4434780155,136.08337677517852,,,137.74455493039798,130.55293276,1,3.5,0,11.063328745379001,0.055316643726895015,0.6904927343016062,6,5.973877253978235,95.67392425057454,0,2.0039992721509434,137.18323132558945,130.55293276,1,1,1,0,1,10,2,0,64,0,,12,,0.14427257186272024,0.6795007675691004,3,7.429169887266042,-4.5398399695691065,,,,,,1.282565996315542,29.920350200020813,57.93650793650794,44.583839839746645,3,20.694117844140695,29.15998872668576,34.0372642857411,15.897129490069744,,,,1480929
2025-09-09,135.49919564,135.89306038,133.78933642,135.12964354,135.05271910958987,134.94567691915972,133.06716798779996,128.8519158944935,122.58316552113186,131.80577224907546,0,0,0,0,135.9620816629062,121.04905034213009,98.91314321925316,6.110683558914582,2,34,134.1955034724528,133.86721715344777,134.52378979145783,132.55407187742762,136.96353588935975,135.8396509421083,,,137.4810825371335,130.3115823926403,0,3.5,4,10.235074257978162,0.05117537128989082,0.44679993431207754,6,6.045820518550485,94.47764815296877,0,1.6863525871539486,136.96353588935975,130.3115823926403,1,1,0,0,8,10,2,0,64,0,,13,,0.05362800902200508,0.43561603475867444,4,5.179243809273469,-6.022052404860679,,,,,,0.8737437252692206,32.33705532703021,63.095238095238095,54.402595483738324,3,20.94333662314371,29.58053206951938,31.986254336132436,15.384088262658766,,,,1019365
2025-09-10,134.47806484,135.88819786,134.21548834,135.65479653,135.25341158305991,135.19866809318182,133.3136088013428,129.11869552725844,122.7132315013196,132.15396131936802,0,0,0,0,135.90508764933318,121.24696271402416,99.78847104709828,2.3553951789895478,2,35,135.65479653,134.2323879823525,134.87193238764755,131.6573107188197,136.92587257222425,135.82445253848883,,,137.4233135517265,130.90480654377575,1,5,0,10.546185501227905,0.05273092750613953,0.5025469192745915,6,5.993769313748485,95.83442841756796,0,0.31796886899992616,136.92587257222425,130.90480654377575,0,1,0,0,3,10,2,0,64,0,,14,,0.19090130063764435,0.4912885871164926,5,7.768594737049037,-4.526167850659743,,,,,,1.5014739609015768,34.26907919215773,66.66666666666667,65.04857845537626,3,20.763025960519236,29.971036602150598,30.492341758505518,14.665577032509917,,,,1825144
2025-09-11,135.94654819,139.17040402,134.92541738,138.84461467,136.4504792787066,135.77160488118358,133.84037126502446,129.50010412109145,122.87374277662985,132.52036913665594,0,0,0,0,136.20689043124648,121.39284242242947,99.06842540281673,3.16018771418629,2,36,138.84461467,134.2173271875416,134.88699318245844,133.48728671066516,,139.17040402,138.8355710225416,139.50523701745843,140.84456900729214,130.5153775660127,1,1.5,0,12.997790685356861,0.0649889534267843,1.0762865268875166,6,5.9604159455597365,92.13137217267139,0,0,,130.5153775660127,0,1,0,1,8,10,2,0,64,0,,15,,0.4795007842248784,1.0603835654039004,6,5.425428824570197,-4.690916342400563,,,,,,0.9337695700041675,32.74471578445063,63.095238095238095,58.58935555306278,3,20.647486503906308,31.165757422107347,35.79298614481398,13.005496297074865,,,,1125909
2025-09-12,137.84293397,138.58203818,136.73914019,137.39558143,136.76551332913775,136.39447092075324,134.17896270930785,129.8097306822251,123.01823868362857,132.89383785207437,0,0,0,0,136.29303379854713,121.49316116747904,98.46752225778977,6.383272478200482,2,37,135.66452158,135.33480634593147,135.99423681406856,134.01594540965732,138.29993039119796,138.55073824224823,,,140.19931441259092,130.52671988780202,0,2,4,11.687163546005785,0.05843581773002893,0.6769335029577617,6,6.079890470774509,83.11285470406457,0,1.5985969338924266,138.29993039119796,130.52671988780202,1,1,0,0,8,10,3,0,64,0,,16,,0.3479640578843904,0.6652850321637243,7,4.66119670643414,-2.5489984658814757,,,,,,0.7139000562417981,31.456061566112016,60.317460317460316,49.35438146574612,3,21.061358399670617,32.275141040638616,33.752231104445634,12.26398140884046,,,,856805
2025-09-15,137.1621801,137.1621801,135.15881871,135.21716904,136.24939856609183,136.7777884590658,134.2778395027071,130.02178708841237,123.13962107523426,133.25947431967384,0,0,0,0,136.17517448022664,121.63767665218896,97.18657313956652,40.8516520526046,2,38,130.4175693192054,130.0914340775703,130.74370456084048,128.78689311103003,138.3704406314876,135.79490104388768,135.4687658022526,136.12103628552276,137.42557725206305,130.67452188151236,0,0,5.5,9.8080113121241,0.0490400565606205,0.1767360929715429,6,6.3293916155488565,49.92187320101091,0,4.877038907178874,138.3704406314876,130.67452188151236,1,1,0,0,8,10,2,0,64,0,,17,,0.03845824804578699,0.17020089741244304,8,3.765000407046701,1.9276722748502682,,,,,,1.2034606636467446,31.271708819164107,59.92063492063492,42.626105330649295,3,21.925655718262153,32.35138293118966,31.685392100546075,15.839418914546082,,,,1454538
2025-09-16,136.19939963,136.86556591,135.09074332,135.7909473,136.09658147739455,136.9975051732264,134.4219450072112,130.24802866533736,123.26550491826676,133.6207118502001,0,0,0,0,136.1274093147092,121.82821086429725,97.60980782984944,46.579382323194956,2,39,135.66452158,135.34583508249958,135.98320807750045,134.07108909249789,138.4484801318472,136.1274093147092,,,137.72084180221134,130.93588976415282,0,3.5,5.5,10.161352431922008,0.050806762159610046,0.2663770221039031,6,6.309528794247028,69.54611399771105,0,1.7471455952371882,138.4484801318472,130.93588976415282,1,1,1,0,19,10,2,0,64,0,,18,,0.5742063508656733,0.26116139171013786,9,4.506138946397892,-0.08271835527435978,,,,,,1.5196745622477823,30.41174447385306,57.53968253968254,39.140571594780695,3,21.856848886909297,32.38212467861272,30.109841528282622,15.242531947341009,,,,1884925
2025-09-17,136.26747501,138.20276102,135.22689409,135.40194509,135.8650360149297,136.97453955983377,134.51527834842918,130.45014303493198,123.38626551699048,133.9745064007013,0,0,0,0,136.05452014458606,121.99043046135306,97.02780241718466,55.46100676806667,2,40,130.6389392993547,130.31644588265786,130.96143271605152,129.02647221587057,138.51700784560228,135.76409568159644,135.44160226489961,136.08658909829327,137.37656276508056,131.0124375613977,0,0,7,9.738263430426091,0.04869131715213046,0.1587607424860586,6,6.2242822513579315,56.15883471661211,0,4.885723638602993,138.51700784560228,131.0124375613977,1,1,0,0,8,8,2,0,64,0,,19,,0.4798425083774672,0.15540935568964034,10,4.045904349077149,1.3967193044386863,,,,,,1.3118539646674094,28.736340014974903,53.17460317460318,33.27587803036076,3,21.561546200002265,32.80290404727214,31.33125708516864,13.986699369419092,,,,1693571
2025-09-18,134.64339078,135.76177214,133.78758591,134.11823779,135.28276993995314,136.64621015986276,134.47746496191212,130.59398988807192,123.49305131075177,134.3125814445006,0,0,0,0,135.95096632082354,122.07139562379912,78.73808781771874,77.29746439408069,4,0,130.38916297340364,130.07207813798874,130.70624780881855,128.8037387963291,137.14898726500002,135.73765640744432,135.42057157202942,136.05474124285922,137.32308058451886,131.27115087459768,0,0,6.5,8.603873956042706,0.19301936978021353,-0.11298479491153564,6,6.159642475108811,11.164443610436884,0,4.263732311733595,137.14898726500002,131.27115087459768,1,1,0,0,8,8,2,0,64,0,,20,,-0.3800618125136698,-0.11349526902832963,0,1.0055771198052383,6.140336016089436,,,,,,0.728808366170398,26.19521788098938,44.04761904761905,22.765372797087167,3,21.337627446695546,32.33925887325135,29.589560728070193,17.262030259673157,,,,952411
2025-09-19,134.682291,134.93514243,132.91233093,133.55418458,134.70657481996875,136.11406452986884,134.3895334969681,130.71007595442202,123.59316208955026,134.63032149019432,0,0,0,0,135.77110533723462,122.18652241576295,69.46419806139427,88.1401546360311,4,1,130.4713522311438,130.15885549557996,130.78384896670767,128.9088685533246,137.14898726500002,135.77110533723462,135.45860860167076,136.08360207279847,137.33358901505383,131.62866027533943,0,7,6.5,8.059525561157185,0.19029762780578593,-0.21670399202673077,6,6.154148712605767,11.939671311011622,0,2.6511925344889784,137.14898726500002,131.62866027533943,1,1,0,0,8,8,2,0,64,0,,21,,-0.3600382582506747,-0.21493110253097147,0,0.9912012735660887,5.92391588879766,,,,,,1.0727033807581743,26.527416319171216,44.84126984126984,24.433221132658467,3,21.318596495135566,31.425019802359177,27.879425614501564,18.76512209490418,,,,1444820
2025-09-22,137.11355482,137.57063242,133.65143513,134.16686307,134.5266709033125,135.54328700382854,134.36832678963782,130.8456362334643,123.69837304457961,134.93060101935083,0,0,0,0,135.65967904176804,122.30481611184901,42.47354863457166,93.31004523609933,4,2,133.78933642,133.46329973840503,134.115373101595,132.15915301202503,137.14898726500002,137.33364181248479,137.0076051308898,137.65967849407977,138.96382522045977,131.58734623311565,0,0,8,8.462916502262855,0.19231458251131428,-0.07883029073796499,6,5.714061326590079,6.572369078813203,0,3.5249380844252327,137.14898726500002,131.58734623311565,1,1,0,0,10,8,2,0,64,0,,22,,-0.31908750523850155,-0.07844044516021312,0,-1.8229570029062483,5.3814670444257615,,,,,,1.0477676594924072,26.097249044630562,42.46031746031746,31.843647625127,3,19.79408907043687,31.427261723570656,32.030271559106424,16.701125203273143,,,,1437099
2025-09-23,134.09878768,135.91737302,133.94318679,134.84761694,134.63365291554166,135.08657810165536,134.41397347062468,131.00257665332845,123.8093107947828,135.21863402469353,0,0,0,0,135.60232372032203,122.43887570329471,52.505814387527295,92.09394183318508,4,3,133.78933642,,,132.18746137018394,138.28507908022198,135.60232372032203,135.28194871035882,135.92269873028525,137.2041987701381,131.61544686977794,0,3.5,6.5,8.915570302716146,0.19457785151358073,0.05937730810120442,6,5.734825329442606,39.44839303923028,0,2.4888812963294895,138.28507908022198,131.61544686977794,1,1,0,0,8,8,2,0,64,0,,23,,-0.10327915020668917,0.058409228219484015,1,1.1232676091052225,2.8850791727790686,,,,,,1.1146979338773695,25.37319439965619,40.476190476190474,27.72159373044089,3,19.866017686255034,31.429343507552737,30.268003037600664,15.78224859727425,,,,1572405
2025-09-24,133.99181207,135.83957258,133.99181207,134.79899166,134.68876583036112,134.7476798750121,134.4506418696128,131.15145567319792,123.91866085314318,135.49449530939447,0,0,0,0,135.57072708203773,122.51498389727621,52.93881875624601,94.45671259486642,4,4,133.78933642,,,132.21939170811726,138.29700746055025,135.57072708203773,135.2567381396612,135.88471602441427,137.1406717939205,132.91233093,0,5,6.5,8.78021980866238,0.1939010990433119,0.04135602459635002,6,5.721694078353039,16.785491592277907,0,1.69330558707998,138.29700746055025,132.91233093,1,1,0,0,8,8,2,0,64,0,,24,,-0.18014982969871385,0.0409428158182943,2,0.620103916663556,4.37440613104509,,,,,,0.644988311726955,24.263720070964226,37.301587301587304,22.417112158373627,3,19.820529698146885,31.43127659267895,28.677637070691688,14.953004890009462,,,,911491
2025-09-25,134.21548834,134.84761694,132.23157706,132.51360366,133.9637117735741,134.25170690273634,134.26616204012586,131.2048732413078,124.00418267211688,135.74493884329007,0,0,0,0,135.45136029599948,122.57818388560347,54.482330996240634,96.47532790012256,4,5,131.34765351400412,,,129.77306021547014,138.34407268922297,132.51360366,132.5974122702932,133.2272495897068,137.36696621765438,129.58370539278,2,0,6.5,6.8622048099644575,0.18431102404982228,-0.41643071266145715,6,5.915293162784644,13.603846380792497,0,0.6036841947031515,138.34407268922297,131.39127925877693,1,0,0,0,8,8,2,0,64,0,,25,,-0.9131613700286454,-0.4120468978687942,0,0.7629479407461597,5.394000286784233,,,,,,0.6903069306818186,22.304352524173567,32.93650793650794,8.848569120366546,2,20.4911765992156,30.400562405085058,26.55061837393907,18.834558327416037,,,,941617
2025-09-26,132.61085422,134.51346404,132.23225781,133.90428657,133.94390337238272,133.84343995473682,134.2316977096377,131.31073258753102,124.10269116861323,135.97991539075045,0,0,0,0,135.4059853708986,122.63331551632686,65.35458159683118,94.98399026930886,4,6,133.2243431209722,,,131.66038120849421,138.3367635469975,135.4059853708986,135.09319298840302,135.7187777533942,136.9699472833766,131.3398348770024,0,5.5,5,7.89797167901037,0.18948985839505184,-0.10521745790284719,6,6.012588949597127,29.56182499654403,0,2.599903783752419,138.3367635469975,131.3398348770024,1,1,0,0,8,8,2,0,192,0,,0,,-0.5290080407548144,-0.10072725484174619,0,1.9935413171435545,3.373267933293399,,,,,,0.53473161379415,19.666784636173205,27.38095238095238,-5.576254264397925,1,20.82821909145882,29.44347065946215,24.82173778337461,17.608119761447043,,,,728680
2025-09-29,134.01126218,135.54295839,133.34995842,135.39222003,134.4266755915885,133.70632183053854,134.3422236449103,131.47079091860823,124.21502478912454,136.2095293792344,0,0,0,0,135.4053408662112,122.73648879752692,77.54485646571645,90.56576038524597,1,0,133.23325775499998,,,131.68310562332397,138.38541625997635,135.4053408662112,135.095310439876,135.7153712925464,136.9554929978872,131.3792911580236,0,3.5,0,8.998263503026783,0.1949913175151339,0.19566298667834903,6,6.117263835979951,42.187005482202714,0,2.5971965111802673,138.38541625997635,131.3792911580236,1,1,0,1,8,15,2,0,192,0,,1,,-0.024771075867438,0.19889318254521832,1,2.8908467867763497,2.436797036739913,,,,,,0.8780201494020801,16.0422839585582,20.634920634920636,-24.29608064790726,0,21.190823534441922,28.966237732119115,26.218932584519973,16.496057074883147,,,,1220384
2025-09-30,135.17826882,135.97572335,134.10365021,134.78926661,134.54753926439233,133.72114915347274,134.38479916539504,131.60092722023143,124.32024112565067,136.431574419751,0,0,0,0,135.3818530541484,122.81843520358561,62.07906170258983,88.89650298249015,4,0,133.0164223414014,,,131.49342066823797,138.15758698538514,135.3818530541484,135.0772527195157,135.68645338878108,136.90485472731183,131.9535206986148,0,2,6.5,8.42101446197186,0.1921050723098593,0.054782352265373854,6,5.591406710392647,38.92186770107741,0,2.2510364997909624,138.15758698538514,131.9535206986148,1,1,0,0,8,8,2,0,192,0,,2,,-0.1861000682631422,0.0593802080098486,2,0.2590972377933727,2.381603186691295,,,,,,0.7429981500093008,10.464081784676567,16.26984126984127,-45.97566633834595,0,19.369201016363245,28.69116648265458,26.04870766802781,15.590836192720701,,,,1033114
2025-10-01,134.82816683,135.66452158,133.82648613,134.37108923,134.48872258626156,133.82690951994633,134.38349345726218,131.70956102453607,124.42024956449991,136.6444525386327,0,0,0,0,135.35281873481364,122.87904604512005,54.61146914660091,91.71326964684637,4,1,132.9391866491466,,,131.4429156557627,137.87750756834433,135.35281873481364,135.05356453613686,135.65207293349042,136.84908972819753,132.51501270865563,0,2,8,7.997765396171731,0.18998882698085864,-0.03359484996857257,6,5.608320844315746,19.301991279163758,0,1.8965856042829332,137.87750756834433,132.51501270865563,1,1,0,0,8,8,2,0,192,0,,3,,-0.18872290856007526,-0.03027498357396044,0,0.2875074136976017,3.6195275338591957,,,,,,0.5745025423563875,6.972062019727773,6.349206349206349,-64.11294935117328,0,19.42779329500491,28.251827565486177,24.62020258497982,15.562787248118225,,,,801417
2025-10-02,134.63366572,136.88501602,134.18631318,136.53005151,135.16916556084104,134.18656508367104,134.58792755752293,131.8985998671033,124.54074510624618,136.8611110077251,0,0,0,0,135.3999733873543,122.98229603511139,71.81137383762717,79.50542084031395,1,0,132.89261745324265,132.47461545758,133.57526771079264,131.2667176182091,137.90110807057334,138.06166528559075,137.75969082574804,138.36363974543346,139.57153758480436,132.50794486442658,0,0,0,9.626814416057726,0.19813407208028863,0.39285144541803285,6,4.563773062396965,52.75323706752458,0,3.6782716154582884,137.90110807057334,132.50794486442658,1,1,0,0,8,8,2,0,192,0,,4,,0.29190064871329563,0.39053064728744424,1,2.7891915476446547,0.9622331124767934,,,,,,0.9095449443107247,6.069125381658762,4.365079365079365,-61.61058925434478,0,15.809373636571502,28.33582526699439,26.264346874045447,14.32097994171891,,,,1164160
2025-10-03,136.21884974,136.74157146,135.51378323,135.88819786,135.408842993894,134.6033863023667,134.7117628244255,132.05505469035413,124.65365508389547,137.07664276771808,0,0,0,0,135.4117388482907,123.04219435078757,67.97118380287091,84.75751661757093,1,1,132.39775229934108,132.1063850488621,132.68911954982005,130.94091604694628,137.92166930652996,137.73482709273176,137.4434598422528,138.02619434321073,139.19166334512656,132.50975125646994,0,0,2.5,9.012605982988104,0.045063029914940524,0.22535557366496325,6,4.558756120147865,25.46808620529219,0,3.5865910308537945,137.92166930652996,132.50975125646994,1,1,0,0,15,15,2,5,192,0,0,0,,0.2797074202528241,0.22204948134503097,2,0.7747389103269198,2.9310574370529916,,,,,,0.5915034445266841,7.732060112553794,9.523809523809524,-51.03810261264308,0,15.79199443882334,28.413823132680598,25.276177675098154,13.782167712920131,,,,717685
2025-10-06,135.54782092,135.68397169,134.28356373,134.64339078,135.15369225592934,134.89542421717925,134.7052512011469,132.15655806641868,124.7530554390806,137.28257764227297,0,0,0,0,135.38833078728445,123.11197957096662,73.84832710146544,66.29073379908758,1,2,132.43411300284444,132.14923060838183,132.71899539730705,131.0097010305314,137.8392187254603,135.38833078728445,,,136.81274275959748,132.45605106353955,0,0,2,7.92793034696377,0.03963965173481885,-0.04356705650992033,6,4.642613103358252,53.835187999233824,0,3.7946225022517646,137.8392187254603,132.45605106353955,1,1,0,0,8,15,2,5,192,0,1,1,,0.017244530243158585,-0.04698159773606586,0,1.8256316192250033,-0.11612930400271093,,,,,,0.7890039319849896,8.81610663897255,15.079365079365079,-45.1819328048961,0,16.08248354980302,27.61579214407332,24.00500721763885,16.944707490732068,,,,935812
2025-10-07,134.682291,134.682291,131.95927551,132.27047728,134.19262059728624,134.80900678634808,134.47336797056147,132.16102548655914,124.82785565640317,137.4637316982307,0,0,0,0,135.30719163137005,123.160043452164,76.76655354151097,78.81208982660162,4,0,132.14704306905668,,,130.70281161753388,136.88501602,133.54459266439463,132.95173980380017,133.79672374,134.95210890121825,132.03509451460647,0,0,3.5,5.962308320094134,0.02981154160047067,-0.5087309344851951,6,4.924314943361392,34.612306815521606,0,1.072455230210827,136.88501602,132.03509451460647,1,1,0,0,8,8,2,5,192,0,2,2,,-0.40929981464157983,-0.5115988772274277,0,2.2622776553068054,2.9600610447955624,,,,,,0.6978305367688811,9.313758019046146,15.079365079365079,-45.40052005901228,0,17.058327348745177,25.75809961286496,21.984468690584553,22.703087815263693,,,,820744
2025-10-08,132.16350167,132.16350167,129.89756378,130.00453939,132.7965935281908,134.20364903688485,134.04776524860324,132.07645740434114,124.87936494728473,137.60689349632491,0,0,0,0,135.15553253159968,123.20044219289498,44.83938455803661,86.09088905914899,4,1,127.01905517019154,126.88695502700006,127.5078257,125.72935046658311,132.39056638136,133.81482976334337,133.52542862323912,134.10423090344761,135.26183546386454,131.05952713430918,0,0,0,4.104100341060151,0.020520501705300755,-0.9110856238585591,4,5.149357368087924,11.374313147899755,0,1.904140825458947,132.39056638136,131.05952713430918,1,1,0,0,10,8,1,5,192,0,3,3,,-0.7198338876544252,-0.9129006790213109,0,-2.1049904256804397,3.3465532508670037,,,,,,0.8207857563735551,9.196112717594263,14.682539682539682,-48.44620625959114,0,17.837897175714872,24.9687720611149,20.375010790253782,27.40179047119793,,,,928561
2025-10-09,129.11955936,129.39186091,126.73692081,127.90392745,131.16570483546053,133.0993930033567,133.46263783921245,131.9128287786807,124.90946009656548,137.7017177737962,0,0,1,0,134.93281596329868,123.23099886440517,28.635957514776408,71.09778814700591,4,2,127.05604155741918,,,125.56651757747095,130.85599308,128.32154668,128.02364188401037,128.61945147598965,129.81107065994823,124.59391496,0,10.5,1.5,2.397310300692631,0.011986551503463155,-1.2429837275952997,4,4.587349151107875,11.749801623565403,0,2.5025657660977,130.85599308,124.59391496,1,1,0,0,10,8,1,5,192,0,4,4,,-0.7050832431411134,-1.2434109311806647,0,-2.1627908186655738,3.1887670437990883,,,,,,0.9132499988459304,12.740035362885987,18.253968253968253,-19.82883137997917,1,15.891043603553594,25.333615436760276,18.37959370440375,34.19104293122718,,,,1028729
2025-10-10,127.90392745,128.77675116,126.42085651,126.75637092,129.69592686364035,131.62155296945107,132.82394575166842,131.71061474500695,124.92783731868921,137.7451980865858,0,0,0,0,134.69175124749904,123.25350790231795,19.19030713770996,64.05885436258306,4,3,123.25350790231795,123.25350790231795,123.88728975691795,122.06286527971355,124.57376961277873,127.08082802108514,126.78316736543404,127.37848867673624,128.56913129934063,124.57376961277873,0,0,1.5,1.4636718609369797,0.01428316152831692,-1.3555616402629103,4,4.568067125246547,11.123916475208475,0,1.6845077511655104,124.57376961277873,124.57376961277873,0,1,0,0,10,8,1,5,192,0,5,5,,-1.0557184177890562,-1.3549640901516415,0,-2.527898253451511,3.062453885740177,,,,,,0.8969119727298241,16.604453542841146,21.825396825396826,4.930438409314818,2,15.82424870662424,25.767474176240157,17.080763690398854,32.72292622474109,,,,1017533
2025-10-13,126.64939531,128.23457933,126.64939531,128.07897844,129.15694405576022,130.17558880376535,132.3720441029381,131.56819763500667,124.9591919567122,137.74970001738387,0,0,0,0,134.51319491623858,123.28233493078648,37.55912767619536,90.3658535533306,4,4,127.35500362504946,,,125.90224058006221,130.85599308,128.32154668,128.03099407100257,128.61209928899746,129.77430972498726,124.59391496,0,5,0,2.496644251963893,0.02048738268833359,-0.9659696547788172,4,4.602468801551634,26.851132358100415,0,2.5658910672749933,130.85599308,127.70906608152171,1,1,0,1,10,19,1,5,192,0,6,6,,-1.064033291428113,-0.9649053284716007,0,0.7576511841265168,2.764247958480115,,,,,,0.8631265020835697,17.85252031064139,25.396825396825395,11.974223525287222,2,15.943419609076138,26.17034300575719,16.248723762339665,31.12892365697393,,,,957765
2025-10-14,127.69970128,130.30601611,127.26499131,129.98508928,129.43299246384015,129.1161837983303,132.1447150721821,131.50611495441817,125.00920088530214,137.72914123501081,0,0,0,0,134.42111436365215,123.31297613875684,63.3947045906682,66.54200029473887,4,5,127.24298836810985,126.94603750975507,127.53993922646463,125.75823407633597,132.795630265,133.09826219680014,132.795630265,133.74818764320014,134.93599107661925,127.36632550057548,0,7,0,3.9804177288224807,0.019902088644112404,-0.49755921599484054,4,4.881362150183147,67.90884143042733,0,3.119032823159884,132.795630265,127.36632550057548,1,1,0,0,8,8,1,5,192,0,7,0,,-0.7153144365485106,-0.49533300709122874,0,3.259309477070243,-0.5711467363589742,,,,,,0.6997409034048453,18.288455255909977,26.19047619047619,8.154693712552016,2,16.90953450852174,25.357998823854107,20.99129857470169,28.282618506800524,,,,736277
2025-10-15,130.04343961,131.59944846,129.17110215,129.87811367,129.58136619922678,128.42077835076879,131.9288482719743,131.44227176679394,125.05764777868221,137.6850459907353,0,0,0,0,134.34068588580135,123.33946806905867,70.5335076161777,78.8599507645294,4,6,127.1891111974577,126.5397206291077,127.5078257,125.35003364414712,132.795630265,133.12806974475757,132.795630265,133.77746031310755,134.96714729806814,127.30914178,0,2,2,3.854595042318963,0.01927297521159482,-0.4757938299196024,4,4.882627540535901,34.596139143610934,0,3.1640470812569874,132.795630265,127.30914178,1,1,0,0,8,8,1,5,192,0,8,0,,-0.6703755961059357,-0.468108442353146,0,2.1022283306373986,2.934070346248903,,,,,,0.6524448146064228,18.660608429344528,26.19047619047619,10.326941902492312,2,16.913917949286493,23.961310697266033,23.343930988422855,26.22085192580834,,,,652551
2025-10-16,130.01426445,130.47250905,128.78890748,130.09206489,129.75159909615118,128.0438078411333,131.75391652131006,131.3893224775079,125.10774148128239,137.6218394169591,0,0,0,0,134.24842032961314,123.37346256366185,79.13568577038458,73.94784892317847,4,7,127.12775813499046,126.47729781054046,127.5078257,125.31245983986277,132.795630265,133.14786976762568,132.795630265,133.79672374,134.9615617106777,127.30914178,0,2,0,3.984024769133343,0.019920123845666715,-0.3884809564867152,4,4.831020121805475,57.034183902596794,0,3.1222814152485383,132.795630265,127.30914178,1,1,0,0,8,8,1,5,192,0,9,1,,-0.9208636449079033,-0.378246237292239,0,3.0637832044305444,0.8890547155302708,,,,,,0.8236197442940466,18.971277281084916,26.984126984126984,13.361896338075791,2,16.735144606709333,22.8280353670442,22.138923454223086,26.039158952861403,,,,818228
2025-10-17,130.40326666,130.86034426,129.27029772,129.44048618,129.64789479076745,127.83923098715755,131.53358982213769,131.31289752466446,125.15085336883182,137.53868813532293,0,0,0,0,134.08630930296948,123.42214506009844,83.10443885944179,81.61419630438498,4,8,126.76402337421442,126.42085651,127.41122580511441,125.28243387508499,132.795630265,131.31289752466446,131.02829186593573,131.5975031833932,132.7359258183082,126.66898542736,0,0,0,3.4275697653664476,0.01713784882683224,-0.48103861044688767,4,4.836406145135171,43.5445542799315,0,4.071037824127208,132.795630265,126.66898542736,1,1,0,0,8,8,1,5,192,0,10,2,,-0.9189912322228743,-0.46872613558784115,0,2.9832610042587318,2.6462975344877564,,,,,,1.3321039547656235,19.222883952908003,26.984126984126984,14.7374402786244,2,16.753802338824904,21.575793284361964,22.251284510792576,24.740260392705878,,,,1314718
2025-10-20,129.84893851,129.84893851,127.69970128,128.18595405,129.16058121051162,127.64866789635752,131.2147673676484,131.1902722903639,125.18105337560961,137.43140537551258,0,0,0,0,133.84417048228374,123.47017164820066,96.18215587524078,87.22893609664088,4,9,127.16842198844154,126.88495568721127,127.4518882896718,125.7510904822902,131.29118365882,128.18595405,,,132.11666891984217,125.94135209726855,2,0,2,2.40044367207399,0.012002218360369951,-0.6851716540333355,4,4.8568425038383785,59.25553941602324,0,2.9088196039425553,131.29118365882,125.94135209726855,1,0,0,0,8,8,1,5,192,0,11,3,,-0.9212137465480031,-0.671323894588478,0,4.742077270060975,2.381805510069288,,,,,,1.6711067126264252,19.41413615298144,26.984126984126984,15.39139600624853,2,16.82459596201622,21.099340811923835,20.744955008133356,28.012473339095674,,,,1668643
2025-10-21,129.34323563,133.10683204,127.02419894,130.81171898,129.71096046700774,127.81344780170215,131.17638180691998,131.1754270625065,125.23707989903637,137.32102799788066,0,0,0,0,133.650842538141,123.59096253473416,98.6076269412595,33.18341791221177,4,10,130.81171898,126.89103607268358,127.52609193746837,125.73127206172173,131.59944846,131.1754270625065,130.8578991301141,131.49295499489887,132.76306672446844,127.30914178,1,5.5,4.5,4.451268813883064,0.022256344069415318,-0.08863221965203326,4,5.3145233180023705,66.06193270995578,0,0.1550512174757555,131.59944846,127.30914178,0,1,0,0,8,10,1,5,192,0,12,4,,-0.22425525047564202,-0.07767293497677229,0,5.780185443983484,-1.1132013252127924,,,,,,2.616137671285848,19.511305457364607,26.984126984126984,5.981823618046698,2,18.41004880957927,20.04410375587362,26.35766153404892,23.221286368847377,,,,2768774
2025-10-22,130.81171898,131.0256702,129.03203386,129.20708486,129.5430019313385,128.07244917974285,130.98882971673711,131.09823717221212,125.27658243596139,137.20073505516598,0,0,0,0,133.5171355380693,123.6355682996121,86.06125075747758,64.59088240005437,4,11,127.14025992312568,126.66898542736,127.62902483980004,125.41839466633111,131.59944846,131.09823717221212,130.7855894819549,131.41088486246935,132.66147562349823,126.66898542736,0,0,1.5,3.1374598090172263,0.01568729904508613,-0.39976275474489253,4,5.420765284439373,50.028518628561805,0,2.589743023896969,131.59944846,126.66898542736,1,1,0,0,8,8,1,5,192,0,13,5,,-0.14589367773398562,-0.43414119517285893,0,2.127325133646476,0.9738992495246233,,,,,,1.2473289186329433,19.54084647899305,26.984126984126984,4.061994781670297,2,18.778081777109097,19.064240775255563,24.85701098697502,21.8992026153947,,,,1347282
2025-10-23,129.34323563,130.00453939,126.36250618,129.59608707,129.560696977559,128.42513862544243,130.856187559905,131.03932932506655,125.3195625815737,137.07613725671632,0,0,0,0,133.38063879438656,123.69178009164054,90.49712569779166,53.9402722862449,4,12,129.59608707,126.66898542736,127.69675927250005,124.4307452133213,131.59944846,131.03932932506655,130.71649545902412,131.36216319110898,132.65349865527867,126.66898542736,1,3.5,0,3.4124955436567252,0.017062477718283627,-0.27928150340969443,4,5.2049687969671,74.01429239524873,0,0.3878468154841804,131.59944846,126.66898542736,0,1,0,0,8,8,1,5,192,0,14,6,,0.21594760435352303,-0.34061445783973465,0,4.007230114385479,-0.5400568820223581,,,,,,1.4499565003084034,19.524257817802386,26.58730158730159,8.284371593199346,2,18.030540816315344,18.3850373876164,22.35323369517656,27.07643275527332,,,,1614963
2025-10-24,130.23794072,130.30601611,127.25234874,127.33014918,128.81718104503932,128.54815931233074,130.52037438086643,130.893871280162,125.33956841837397,136.93511860923581,0,0,0,0,133.21651007263162,123.71905727570561,79.0601222521467,71.67719508529433,4,13,126.64939531,126.32235611858562,126.97643450141439,125.01419935292806,131.29118365882,127.86909715004472,,,129.62970344565758,124.99835538143077,0,0,3,1.5881503237522145,0.007940751618761073,-0.7081174355200264,4,5.305090146337372,31.70882258732816,0,2.838674061506234,131.29118365882,124.99835538143077,1,1,0,0,8,8,1,5,192,0,15,7,,0.03594210338406467,-0.8686360738409511,0,1.4220070587557148,2.665009800506093,,,,,,1.132654208916022,19.43583773796088,25.793650793650794,5.759618031041044,2,18.377371344378677,17.614730688444144,21.312738359911368,24.81910120265885,,,,1293541
2025-10-27,127.37877446,127.81640195,126.22149288,127.80667689,128.48034632669288,128.4780618715243,130.2619270007839,130.77280483348898,125.36411676137523,136.78243075759272,0,0,0,0,133.0856773037781,123.74686525517235,78.34287267821425,81.48419333200329,4,14,126.8401576188889,,,125.3777172751037,131.29118365882,127.92333381251919,127.60541430379511,128.24125332124328,129.51293135613957,124.86523018157699,0,5,0,1.9483726218676087,0.009741863109338044,-0.5925835506110005,4,5.156889210261123,34.26020217143576,0,1.9238225695651363,131.29118365882,124.86523018157699,1,1,0,1,8,19,1,5,192,0,16,8,,-0.11082436223797033,-0.7236130850036806,0,2.0986415357235124,2.952959105978119,,,,,,1.036578038827284,19.314361016616974,25.396825396825395,8.11897519517178,2,17.86398824235201,17.30632893729737,20.358097585394113,26.602497814966174,,,,1181819
2025-10-28,127.21344852,129.31406047,126.83417136,128.04007822,128.3335902911286,128.31921088168875,130.05032235499496,130.6656390839404,125.3907432435506,136.6197607053992,0,0,0,0,132.99227156011838,123.76952351645387,74.04311735567022,84.65018048759588,4,15,126.64939531,,,125.06263111279893,131.29118365882,128.32154668,128.0041938405598,128.63889951944023,129.90831087720107,124.86523018157699,0,5,1.5,2.1128632847350657,0.010564316423675328,-0.5217963358474533,4,5.174862020296656,33.87681735113203,0,2.178216841872102,131.29118365882,124.86523018157699,1,1,0,1,8,19,1,5,192,0,17,9,,-0.3884374577801459,-0.6281763588948888,0,1.5534755344844289,2.453514358937007,,,,,,0.8124045432814687,19.10120824877042,25,6.5544132483217625,2,17.92624788262467,16.30804060773922,23.151294011514054,24.7464281766705,,,,921710
2025-10-29,127.15509819,128.17622899,125.09338646,125.59908934,127.42208997408572,127.87144575995498,129.62639540118593,130.46695085868782,125.39281633903767,136.43185897394642,0,0,0,0,132.84485205389205,123.78007443831082,72.89643307529431,69.97309159984687,4,16,123.78007443831082,123.45786427909847,124.10228459752317,122.16902364224912,129.45960685564,128.0170107825979,127.5078257,128.32154668,129.61038731684937,124.86523018157699,0,0,1.5,0.16450144991130827,0.0008225072495565413,-1.0878143644851623,4,5.436971103780211,36.631639353525834,0,3.525358996260758,124.86523018157699,124.86523018157699,1,1,0,0,8,8,1,5,192,0,18,10,,-0.7877159822528137,-1.2113348560107409,0,1.6827760049990523,2.19515059486349,,,,,,0.8846097604351459,19.359429258751458,26.19047619047619,2.788588356910908,2,18.834220382062327,16.065991639036227,21.173553270765243,27.456204310670056,,,,1012988
2025-10-30,125.26843746,127.95255272,124.71897183,124.86971019,126.57129671272382,127.22079409262642,129.17337776202535,130.24745122462164,125.38761130272883,136.2156980721408,0,0,0,0,132.7343899951382,123.7844827437901,75.66783164260569,67.06048709626991,4,17,123.93515145519758,123.60708504941113,124.26321786098404,122.29481942626529,129.45960685564,128.04510289483676,127.5078257,128.32154668,129.63381230314585,124.86523018157699,0,0,5,-0.4130400980990303,0,-1.2200653862922763,4,5.045565179400798,20.017283848513006,0,3.3678885146431856,124.86523018157699,124.86523018157699,1,1,0,0,8,8,1,5,192,0,19,0,,-0.9829084692758394,-1.3244866605219323,0,2.1619316501109855,5.346188866056232,,,,,,0.635609869902058,19.67330000530829,28.96825396825397,12.558104494271035,2,17.478350487245116,15.98093503595351,19.31018930743212,26.058937257377636,,,,713531
2025-10-31,123.98473015,124.85026008,123.02194968,123.80967916,125.65075752848254,126.36583795798485,128.66254932373724,129.99498957502863,125.37191048538824,135.9675942595727,0,0,0,0,132.5559831709744,123.78463197560751,69.12393783253819,53.181948823012654,4,18,123.78463197560751,123.46350102282365,124.10576292839137,122.17897721168823,129.45960685564,127.74409981428556,127.5078257,128.32154668,129.60607049113543,124.82383602386808,0,9.5,0,-1.246077625633944,0.0141379473497667,-1.4044052854955338,4,5.061883410612072,27.805931975354977,0,3.534368039478381,124.82383602386808,124.82383602386808,1,1,1,0,8,8,1,5,192,0,20,1,,-1.1131035787981336,-1.5244795124369541,0,1.125656396395513,2.9466147464526173,,,,,,0.9223725049408643,19.671590453098105,28.96825396825397,12.185496209512179,2,17.534878498340284,16.502687086129196,18.3181428237028,29.438498137379856,,,,1050812
2025-11-03,122.82744857,123.47416475,119.64249296,120.21140869,123.83764124898836,125.06038652768832,127.85767878719084,129.61131973640005,125.32056220881721,135.66913241211964,0,0,0,0,132.18778564476236,123.75237802468483,37.38870325894281,16.103956860244782,4,19,120.19226910539999,119.85686905817212,120.52766915262785,118.51526886926067,123.15556087852279,121.63201034070009,,,123.30901057683941,116.73511686501999,0,0,1.5,-4.076867697340846,0.07730053116998267,-2.2294796327869024,4,5.6274037014843294,6.108600037058807,0,1.767019293893899,123.15556087852279,116.73511686501999,1,1,1,0,10,11,1,5,192,0,21,2,,-1.6184042493598614,-2.391316166788698,0,-3.31294029830058,4.249250615354152,,,,,,1.3774249155666358,23.14474246450243,37.301587301587304,18.728138241445226,2,19.493898251344042,17.945216958218516,16.28605157775515,35.16912730353814,,,,1616081
2025-11-04,119.65708054,120.08498298,118.25667258,119.31670361,122.33066203599225,123.46360527850132,127.04425257983932,129.20760930007063,125.26082232226182,135.32040072826157,0,0,0,0,131.8652037644263,123.71813593966769,22.781098200328397,15.146139228851771,4,20,114.989257495,114.66036159302055,115.31815339697945,113.34477798510277,123.15556087852279,121.66580145410009,121.33690555212064,121.99469735607954,123.31028096399733,114.989257495,0,0,2,-4.745393333734646,0.16399463758621557,-2.2957934284362613,4,5.486857639540342,8.061074287309637,0,4.965889410220194,123.15556087852279,121.14028034783095,1,1,0,0,10,16,1,5,192,0,22,3,,-2.3119571006897246,-2.4355451296209636,0,-2.7853395027461847,3.885861336431631,,,,,,1.1589099852591984,25.435253081912922,43.25396825396825,33.82022259811098,3,19.007032411162623,19.60880159198137,15.421825321145992,37.064963669627026,,,,1392857
2025-11-05,119.23890316,121.84521799,119.09302733,121.16446411,121.94192939399483,122.02334226838916,126.48427272556891,128.89219184163647,125.22006253905523,134.93836670016796,0,0,0,0,131.56345289293105,123.69551379767574,21.1169247835767,40.989103177452265,4,21,120.3297279194247,,,118.87236323161919,123.15556087852279,121.70147119255009,121.37149472410489,122.03144766099528,123.35135353477608,118.32053847454,0,4,0,-3.2387768755428668,0.08346789761790546,-1.6389070885968005,4,5.694181814961311,17.067216671593258,0,2.0491962556848686,123.15556087852279,120.27385872956016,1,1,0,0,10,8,1,5,192,0,23,4,,-1.6677431809432437,-1.7296784728158017,0,-1.4544739110355764,2.4964554666310645,,,,,,1.3046533520204804,25.734531675382517,44.04761904761905,30.465089393637484,3,19.725224422095508,20.25276795464796,19.03625235948032,34.304760167588526,,,,1612646
2025-11-06,120.60041091,121.84521799,120.07525792,121.59236655,121.82540844599654,120.89921091589133,126.01837689932425,128.60592418314093,125.1839660615522,134.53056170969174,0,0,0,0,131.37019920404956,123.68253601210948,16.211403791588992,54.735965336939586,4,22,119.90852729718547,,,118.29747761913632,123.15556087852279,121.75072433195008,121.42851439634025,122.07293426755992,123.36177400999924,119.58817364274972,0,3,0,-2.8690571361081783,0.08010399238710997,-1.4171494194789,4,5.570182345540535,16.52668608108732,0,1.3423240255502384,123.15556087852279,119.58817364274972,1,1,0,1,10,8,1,5,192,0,24,5,,-1.6408319390968797,-1.4529712893034383,0,-2.3064938302647624,1.8072742599851424,,,,,,0.9106785124510294,26.012373459046962,45.63492063492063,34.809328377421906,3,19.29567765979877,20.850736719981228,18.10259403959615,32.6222375713723,,,,1130289
2025-11-07,121.56319138,123.70270355,121.49025347,123.17755056,122.2761224839977,120.32778561023983,125.7478220098648,128.393046786155,125.16400172820342,134.1126497977718,0,0,0,0,131.2408504740577,123.67996998420358,34.99322940400309,77.2438799139384,4,23,121.80476938040009,,,119.89107562771676,124.75927580959875,123.80967916,123.49073020121945,124.12862811878055,125.40442395390278,120.33245375000001,0,5,0,-1.5870786654113553,0,-0.8786528328285774,4,5.7314472456385435,40.18051049253163,0,2.1804275036949745,123.15577968132357,123.15577968132357,1,1,0,0,10,8,1,5,192,0,25,6,,-0.9268743320613166,-0.8895339008533758,0,0.6417201482049153,0.8222562069826651,,,,,,0.7562516884930582,26.24743751050994,47.61904761904762,32.20016221699068,3,19.85431566069331,20.50091279289827,22.181209866167375,30.601788000725424,,,,935521
2025-11-10,123.1483754,123.76105388,121.4610783,121.71879227,122.09034574599846,120.0175361378078,125.36410489178245,128.13131131493324,125.12972103707702,133.67980340225483,0,0,0,0,131.03814074895135,123.66633605818397,36.94223112749337,66.46493211798715,4,24,120.4795392975,,,119.03758002381507,123.15577968132357,121.85669650410007,121.53999411755385,122.1733988906463,123.44020843683121,118.69987339242958,0,0,3.5,-2.7259141463812075,0.03562119559396704,-1.221271911145514,4,5.681289143419268,26.23670066193593,0,1.9935581452965756,123.15577968132357,118.69987339242958,1,1,0,1,10,8,1,5,192,0,26,7,,-1.2849695647517363,-1.2117132109927522,0,-0.16251532769258992,2.0831707347268655,,,,,,1.0281209925555463,26.38606796320402,48.41269841269841,34.07171380334869,3,19.680562897783275,20.148565409132104,20.90744730473597,28.617518448527207,,,,1288857
2025-11-11,122.26339536,123.99445521,121.56805391,123.79022905,122.65697351399898,120.10265226381213,125.21421195446983,127.96107279473978,125.11639275859864,133.24967943836558,0,0,0,0,130.94497747430208,123.66686064161613,62.51582900298132,84.11056725347794,4,25,121.90516267215007,,,120.01069216317822,124.75927580959875,123.80967916,123.49393407517135,124.12542424482865,125.38840458414322,121.07541543232,0,8,0,-1.059944008422111,0,-0.539265030798742,4,5.752024212413303,47.032902499021034,0,1.7319438110423193,123.15577968132357,123.15577968132357,1,1,0,1,8,19,1,5,192,0,27,0,,-0.9239795948582916,-0.5389930895064403,0,3.1079013463534304,2.395099387339,,,,,,0.6275524498403866,26.108073445716823,46.42857142857143,31.027814515952223,3,19.925596364532392,19.704937129642484,20.13292658612599,26.65397742109735,,,,788336
2025-11-12,123.74160377,125.35596295,123.46930222,123.605453,122.97313334266599,120.45919720968877,125.0609968159489,127.79026417533822,125.10135853214491,132.82372784387923,0,0,0,0,130.79331860767408,123.66643678573212,70.01431618851561,88.9764925265925,4,26,121.96614321935009,,,120.10592092191193,124.75927580959875,123.80967916,123.49964211042698,124.11971620957303,125.35986440786513,121.07541543232,0,0,1.5,-1.195754826084117,0,-0.5479033283858804,4,5.750433237571381,31.88591865441013,0,1.763830310890618,123.15577968132357,123.15577968132357,1,1,0,1,8,19,1,5,192,0,28,1,,-0.4947518537934319,-0.5476729548334746,0,2.0899960255217005,3.4519103581301414,,,,,,1.004468937016301,25.70664462197175,44.04761904761905,29.04886970503851,3,19.920085066012845,18.630490736948428,22.959972699450436,25.20579184572058,,,,1294039
2025-11-13,125.21981218,126.64939531,123.76105388,124.21813148,123.38813272177732,121.04485898540739,124.98072392681091,127.65018054022691,125.09257020326785,132.40840951206607,0,0,0,0,130.6803945060803,123.66963840054476,71.4921770474059,75.36322218259183,4,27,123.76966751444135,123.45459791206997,124.08473711681273,122.19431950258445,127.10215498492,128.099089019303,127.46894981456023,128.32154668,129.58182508948553,124.75927580959875,0,0,1,-0.6990333013758911,0,-0.33639380295738447,4,5.784589275703667,50.7782182979722,0,2.2524664212782533,124.75927580959875,124.75927580959875,1,1,0,0,8,8,1,5,192,0,29,2,,-0.22769898074018338,-0.3361562972356862,0,1.7641372791287138,0.45859783489651607,,,,,,0.8404453773058175,25.17795863505965,42.857142857142854,25.64851627973757,3,20.038405052873607,17.541443760696616,24.644815939988522,23.03152804590207,,,,1094333
2025-11-14,124.32510709,125.06421129,123.37205167,123.76105388,123.51243977451821,121.73165417905673,124.86456487473369,127.49766576923763,125.07932128462838,132.0031960006295,0,0,0,0,130.56891161248464,123.6701414524083,69.27141455002568,76.47790099184382,4,28,123.3182908149738,123.01061761616467,123.62596401378295,121.77992482092812,126.37508793,128.52194134488184,127.90313607548184,128.58088095220003,129.8115737474366,124.72012985157527,0,0,1.5,-1.0539451214550049,0,-0.44069510725232885,4,5.7795548842222475,40.96581305079199,0,2.9479807468974837,124.72012985157527,124.72012985157527,1,1,0,0,8,8,1,5,192,0,30,3,,-0.10171122844892543,-0.4376933738614466,0,1.3873024839386732,1.476106184814331,,,,,,0.8097975725311902,24.51389441463214,40.476190476190474,22.441120663209247,3,20.020965409211584,16.350773584687143,23.434610176866617,23.029415393045817,,,,1043443
2025-11-17,123.63462816,124.42235764,122.50652175,123.09975012,123.37487655634547,122.34821300243769,124.69648727904476,127.32519848887537,125.0596240591097,131.60490767164904,0,0,0,0,130.44199723679134,123.66679374271536,72.2245402747142,73.22283184734917,4,29,122.15600097525008,,,120.64198987854694,124.72012985157527,123.44012705499999,123.13732483565936,123.74292927434063,124.95413815170313,120.33245375000001,0,6.5,1.5,-1.5671516317555538,0,-0.5907971505088362,4,5.736292219446641,48.859748787937455,0,2.052609331442244,123.16180231016612,123.16180231016612,1,1,0,0,8,8,1,0,192,0,,4,,0.5126001993887755,-0.586548178146826,0,1.917480506278864,0.9476842958208576,,,,,,0.8877075935644498,23.70279660374744,38.888888888888886,19.28276555827779,2,19.871099142287243,15.516950230559248,22.11075962191038,24.28059782318253,,,,1119456
2025-11-18,122.36064592,123.62490311,121.6020916,122.73992308,123.16322539756365,122.80892549965024,124.51014783151669,127.14538376695869,125.03654245732751,131.21207081798684,0,0,0,0,130.3017262152889,123.6608927669233,75.21936412207046,71.45074609350034,4,30,122.21925429005009,121.9200199836088,122.51848859649138,120.7230827578436,124.72012985157527,123.44012705499999,,,124.93629858720648,120.33245375000001,0,7,1.5,-1.8367585444961476,0,-0.6416217154319367,4,5.23533429654892,50.631704575693014,0,1.6715166060117412,123.16180231016612,123.16180231016612,1,1,0,0,8,8,1,0,192,0,,5,,0.6361463810762736,-0.6363464117282004,0,2.1442561723963296,0.929389816824169,,,,,,1.032423124937829,22.717650803525938,35.714285714285715,25.264606459014328,3,18.13572999246119,15.139627893255872,20.776225526552032,25.513743476819027,,,,1222111
2025-11-19,122.45789647,122.95163753,120.90188762,121.9521936,122.7595481317091,122.9989029825684,124.26653314280081,126.94172925060737,125.00585241894615,130.8205642032644,0,0,0,0,130.16855549415087,123.65126588862657,62.630939043023965,83.83302583116331,4,31,120.55227226624118,,,119.20716876683231,123.16180231016612,122.27097135495006,121.97480958905814,122.56713312084199,123.75178018440967,119.19977579134,0,7,3.5,-2.442812684251036,0,-0.8056944130184146,4,5.159551596388314,18.04893289690605,0,2.073998684037318,123.16180231016612,119.19977579134,1,1,0,0,8,8,1,0,192,0,,6,,0.08321059110344041,-0.8022900606933807,0,0.442267411958559,4.134164392612069,,,,,,0.9290009860790276,21.5382808742722,32.93650793650794,20.50593959897034,3,17.873211018435338,15.086466319994821,19.492357115659566,26.048067916733114,,,,1087626
2025-11-20,122.0591692,123.74160377,121.29088983,121.59236655,122.37048760447273,122.9472275758199,124.01185061015312,126.73195032117178,124.9718873854243,130.42759891011525,0,0,0,0,130.05573855341507,123.64161651522885,50.97260141583996,90.98636582368688,4,32,120.54510899279998,,,119.20426091637286,123.16180231016612,122.31699551330006,122.02010678479327,122.61388424180684,123.80143915583398,119.19977579134,0,0,5,-2.7042248509871363,0,-0.8363572110031731,4,5.122246647824562,11.877689340539632,0,2.0999245997908127,123.16180231016612,119.19977579134,1,1,0,0,8,8,1,0,192,0,,7,,-0.08220961792696535,-0.835285126257707,0,-0.13882837715734775,5.107543192690422,,,,,,0.8005637941897563,20.348512035972906,30.555555555555557,14.678379520896486,2,17.743982885863012,14.601454993424337,20.431454521488828,24.12826607371986,,,,909000
2025-11-21,122.16614481,126.6299452,122.15641976,125.02531107,123.25542875964848,123.10348353385714,124.10837065394806,126.66502329171406,124.9724189643753,130.0531209190268,0,0,0,0,129.97292182169178,123.64981936126017,69.58725950238815,62.3492424327846,4,33,123.66886089465658,123.3482001230967,123.98952166621645,122.06555703685723,126.64939531,128.72627213577252,128.40561136421266,129.04693290733238,130.32957599357186,124.73209774249388,0,6,2,0.04232302300220706,0.00021161511501103532,0.18817438264507916,4,5.750487186935364,58.912261456887244,0,1.8589953494120772,124.73209774249388,124.73209774249388,1,1,0,0,8,8,1,0,192,0,,8,,0.2930317602938767,0.18079414626926785,1,2.782255591224941,-1.0815329350754737,,,,,,1.0248591215436282,19.040082153210086,24.603174603174605,-4.4185631651943424,1,19.920271952091753,14.308058397714204,25.607960917555495,20.74384728649368,,,,1156662
2025-11-24,124.78218469,125.12256163,122.95387429,123.03167473,123.18084408309899,123.21003435451863,124.00582818500062,126.52253903439194,124.95310807647107,129.68308357703094,0,0,0,0,129.85941123678882,123.64614087867406,68.59820214787518,79.68923599495297,4,34,122.43767874495006,,,120.8520801921721,124.73209774249388,123.67190754,123.35478782944442,123.9890272505556,125.25750609277797,120.90188762,0,0,1.5,-1.5377235316909033,0,-0.39327195268158505,4,5.92018967371587,20.994460137990444,0,1.7469869123851929,123.18034468588587,123.18034468588587,1,1,0,0,8,8,1,0,192,0,,9,,0.18803105001255882,-0.39250258623025336,0,1.4211561542100206,4.468254588267495,,,,,,1.0355618158706374,18.967298551628108,23.80952380952381,-7.513310146116342,1,20.508138610641,14.03561870169765,24.044342837701357,19.477231222554806,,,,1168027
2025-11-25,123.98473015,125.81790308,123.44985211,125.32678779,123.89615865206599,123.51149843881603,124.13163386166723,126.47564682872951,124.95682628257583,129.33072195217008,0,0,0,0,129.73090169764674,123.6637990560901,98.65172590732126,61.540603601142124,4,35,122.50190015935006,122.18255481785201,122.82124550084811,120.90517345185981,124.73209774249388,126.48909310421612,126.16974776271807,126.80843844571417,128.0858198117064,124.73209774249388,0,5.5,0,0.2960714659858105,0.0014803573299290527,0.26868203323287826,6,6.254674806133393,62.92634162730327,0,1.3967309325271249,123.18034468588587,124.73209774249388,1,0,0,0,8,8,1,0,192,0,,10,,0.23438371370249905,0.2760210695556421,1,5.823693870541695,0.44679217645218083,,,,,,1.7572436717284183,18.908368935067944,23.41269841269841,-12.731259154407471,1,21.666829098088108,14.078043028196735,24.115389841587817,17.95995266971204,,,,2084159
2025-11-26,125.00586096,126.66884542,124.86971019,126.28956826,124.69396185471066,124.01814266603203,124.3371514234132,126.4683496299558,124.97008739677906,129.00066071350744,0,0,0,0,129.68000200721033,123.67832654734406,73.68165208296347,76.91707794332879,4,36,122.55545536105006,122.24285669367687,122.86805402842326,120.9924620241841,124.73209774249388,126.53501148530252,126.22241281792932,126.84761015267571,128.09800482216846,124.73209774249388,0,3.5,0,1.0558373533272727,0.005279186766636364,0.49755161200068043,6,6.005891671776139,43.3399996980741,0,1.1535005942020056,123.18034468588587,124.73209774249388,1,1,0,1,8,19,1,0,192,0,,11,,0.4719294332036953,0.5103137752957774,2,1.1920337154413083,1.9549937319686892,,,,,,0.9269378841678528,19.7706918424877,30.158730158730158,-4.971527284059906,1,20.80501904054211,14.467451364239043,25.30665333303908,17.037033108919076,,,,1103583
2025-11-28,126.62022014,127.44684985,126.16314254,126.81472125,125.40088165314044,124.64810396288442,124.57311045451671,126.48193283074184,124.98844196248275,128.69370302523396,0,0,0,0,129.66794246160086,123.6832774661657,82.11195199653898,73.4757862559477,4,37,126.50003688255354,126.19830501901058,126.80176874609651,124.99137756483873,129.45960685564,126.8501644451748,,,128.3588237628896,124.81376925259215,0,5.5,3.5,1.4611585350151326,0.007305792675075664,0.5842390244727851,4,5.982118330957386,54.52151459282744,0,1.9617218667825915,126.64939531,124.81376925259215,1,1,0,0,8,8,1,0,192,0,,0,,0.45202434053821045,0.5981394554534234,3,3.451976405906981,0.9519213320844978,,,,,,0.26938989378727435,22.13768966645788,35.714285714285715,6.828387379294249,2,20.722665772214647,15.136515737883535,26.64754665943314,16.38985952223846,,,,315364
2025-12-01,125.66716472,128.10815361,125.66716472,126.37709376,125.7262856887603,125.30348343899136,124.74491838837226,126.47782149463431,125.00225939330382,128.40593217825153,0,0,0,0,129.62883712053792,123.6953729906216,80.0082834060888,82.38159851862963,4,38,125.02531107,,,123.5154404138184,126.64939531,126.55612046063136,126.25414632939504,126.85809459186768,128.06599111681297,124.81376925259215,0,3.5,4,1.0998476134502775,0.005499238067251388,0.4042263866401028,4,5.920499867419845,43.07844227663422,0,1.1539738194830136,126.64939531,124.81376925259215,0,1,0,1,8,19,1,0,192,0,,1,,0.4582101837808587,0.4117648712867359,4,2.120155226456875,2.952325164354085,,,,,,0.7746820338143734,24.075136899596803,42.06349206349206,17.386935909322453,2,20.509213153151943,16.011752425854393,26.67959796977125,15.206945252436824,,,,901090
2025-12-02,126.39654387,126.39654387,124.50988314,125.40458823,125.61905320250686,125.78879695763206,124.8077440875749,126.43573391562904,125.00626266531074,128.1303113015211,0,0,0,0,129.58212827578,123.70256371894511,70.92605211414804,89.29709550665575,4,39,125.02531107,,,123.53906239238493,126.64939531,127.05778499315232,126.64939531,127.68480793430233,128.87380687639438,124.81376925259215,0,3.5,3,0.3186444872411934,0.001593222436205967,0.09043203478394675,4,5.082060152113257,21.0990563056812,0,1.23567659688882,126.64939531,124.81376925259215,0,1,0,0,8,8,1,0,192,0,,2,,0.39990038774420283,0.09787394717854671,5,1.0838992970438603,4.133171331625428,,,,,,0.7538027586981927,23.139159402807266,39.682539682539684,31.436853462637977,3,17.604772781162755,16.08869035980262,25.167661331315497,17.82132375209374,,,,847849
2025-12-03,125.94919133,127.38840226,125.91029111,125.91029111,125.71613250500458,126.16573252380002,124.9127485659011,126.4151283154083,125.0152579732181,127.86963461335236,0,0,0,0,129.53056243761776,123.71446368336366,67.87177819833371,92.4201738758509,4,40,125.02531107,,,123.55665988587529,126.64939531,126.82349687109053,126.4151283154083,127.45304832664053,128.6279692739403,124.81376925259215,0,0,4.5,0.7159391191862731,0.003579695595931366,0.2154360459484091,6,4.983126463055172,23.31587730350569,0,1.1137480491940195,126.64939531,124.81376925259215,0,1,0,0,8,8,1,0,192,0,,3,,0.5797951037198782,0.22186453465803901,6,1.2547026887084751,3.9068796679165962,,,,,,0.9841772037832694,20.82333351059273,32.53968253968254,20.630665275100384,3,17.262056429105108,16.571435604936145,26.664962048253525,16.746655945298865,,,,1092169
2025-12-04,126.11451727,127.03839752,125.44348845,126.74664586,126.05963695666972,126.53285125668485,125.08740545105337,126.4281290034315,125.03248571338509,127.62807106523026,0,0,0,0,129.50322282157197,123.72596239165921,67.86043168155581,89.87282185535133,4,41,126.4281290034315,,,124.99318017754784,128.10815361,127.39596560421894,127.10897583904222,127.68295536939567,128.83091443010258,124.81376925259215,0,1.5,0,1.3709718213107633,0.006854859106553817,0.41902759680559165,6,4.823477846961241,34.05933033089372,0,1.7995041391365871,127.5689035241071,124.81376925259215,0,1,0,0,8,8,1,0,192,0,,4,,0.9209727987128177,0.42219651568788313,7,1.4357933299904362,2.393396920037835,,,,,,0.7224367721008229,20.75671572270883,32.53968253968254,24.22463407340261,3,16.709017400239613,16.721327121316783,25.341862667620806,17.367972046451435,,,,771318
2025-12-05,126.48197828,127.86413428,125.86451724,127.66808378,126.59578589777982,126.96290380164154,125.33318433952448,126.47675468094398,125.05871056976932,127.40959259749289,0,0,0,0,129.4833106026043,123.74259041322749,81.61046479401244,70.66865283189256,5,0,126.86283502257685,126.81472125,127.50117544147685,125.67734437077215,128.10815361,128.0748862794801,,,129.4966073785149,124.92570315562776,0,3,0,2.0865185626353764,0.03377870929295591,0.6260675910866118,0,4.848017184609313,67.05157642870086,0,1.0504668134897277,128.00014070356497,124.92570315562776,1,1,0,0,8,8,1,0,192,0,,5,,1.1867689318382322,0.623166177313397,8,3.7807431621151997,0.3281281498891976,,,,,,0.8172456890615023,21.389977122125917,34.523809523809526,27.366597303166802,3,16.794024159420708,17.2139221674854,26.34353013118402,16.277452351258923,,,,861561
2025-12-08,127.18776007,127.66318252,125.52868273,125.83501164,126.34219447851989,127.1850051589935,125.38097741576024,126.45158828718148,125.06643495852784,127.20045885235508,0,0,0,0,129.41062174437803,123.75899661636421,84.57223383119813,76.55465578697431,4,0,122.89334188855005,122.34577082144001,123.52251694675006,121.21322796751414,124.92570315562776,126.95568119302042,126.81472125,127.5078257,128.64036855392587,124.92570315562776,0,0,0,0.6145347324620148,0.0030726736623100746,0.05113556477233337,4,4.9946774401758764,49.78892368278877,0,1.2096568224520197,123.26080192675494,124.92570315562776,0,0,0,0,8,8,1,0,192,0,,6,,0.08848820807337286,0.04920641714540073,9,3.0386968183953913,1.8819902304467342,,,,,,1.4834091012581025,22.64077040150213,38.888888888888886,30.855846473916444,3,17.302070187605356,17.44216274112633,24.566259760354455,16.23833217746757,,,,1614184
2025-12-09,125.08021722,125.26646519,122.18357113,124.03134706,125.57191200567992,127.03552062961083,125.25244119140213,126.3566768665077,125.05613557645293,126.9877558827164,0,0,0,0,129.27735180450753,123.76169244892081,94.92379777570639,93.94531623271233,4,1,122.93332670350006,122.82744857,123.55348343880006,121.64539304456883,124.92570315562776,124.03134706,,,127.63057624086233,121.29922745543506,2,6.5,2.5,-0.8194628050268082,0,-0.4606581595121048,6,5.069352484850602,47.6027018204393,0,1.5469558065444546,123.26080192675494,123.26080192675494,1,0,0,0,8,8,1,0,192,0,,7,,0.13110644183256231,-0.45742529012280375,0,4.3446814035820065,3.4758409624709485,,,,,,1.8268392235738027,24.3059837768726,45.63492063492063,38.410835687919636,3,17.560752130473556,16.611487765126345,21.856022196024007,24.553685334719713,,,,2058160
2025-12-10,124.36463291,129.31980922,124.36463291,128.64833627,126.59738676045328,127.09446591202511,125.57585977031621,126.44654586272308,125.09187886693599,126.79873200519079,0,0,0,0,129.2661309724393,123.79689772574295,98.07313339896501,26.444183754225744,5,0,128.64833627,125.92312264286386,127.20961927933564,123.50234972411282,128.65807140844527,129.16503401967609,,,130.77315481526583,125.91127060768001,1,3.5,0,2.8430761735117214,0.014215380867558608,0.8505439389444511,6,6.011818382996198,82.24783711280003,0,0.0018917924402775427,128.65807140844527,125.91127060768001,0,1,0,0,8,10,1,0,192,0,,8,,0.5907482472625096,0.8446995425657843,1,4.989757731646746,-1.1140110459575525,,,,,,1.297784204474579,24.47693271202564,46.03174603174603,17.533188712042456,2,20.82554977045197,16.682302334064435,29.899729213813092,20.94890005695815,,,,1508869
2025-12-11,129.39332816,131.48126596,129.36882185,131.31462303,128.1697988503022,127.59618014201169,126.12240865219086,126.63745084967512,125.15379671930478,126.64773921588757,0,0,0,0,129.29253489916164,123.83633474012967,96.16467854258427,55.47284520366088,5,1,131.31462303,129.19120996261552,129.8391000025846,126.7772616901238,134.30007687118,134.30007687118,133.97613185119548,134.62402189116455,135.91980197110263,127.30914178,1,1.5,0,4.922604405292429,0.024613022026462147,1.4836775353949248,0,6.276400814335141,75.05854657137826,0,0.6579713665170541,,127.30914178,0,1,0,0,8,8,1,0,192,0,,9,,0.9193694717923956,1.4676291278861773,2,5.2580487129043325,0.5228740748778586,,,,,,0.9577721276617885,23.51374341340694,42.857142857142854,8.148495379547843,2,21.74209019819028,17.411669716161608,33.52252880938038,19.313184853896978,,,,1104476
2025-12-12,131.83415685,132.33408562,128.81497919,128.95221454,128.43060408020145,128.16393488182683,126.39191397483934,126.72822589635453,125.19159192150074,126.51596753250217,0,0,0,0,129.28912246819408,123.85733717854494,95.20572525973208,43.38283779943032,5,2,127.24694544159401,126.91471875848337,127.57917212470464,125.58581202604086,130.38521967410736,129.8145949549399,,,131.47572837049304,125.91127060768001,0,0,3,3.0038939203339545,0.015019469601669772,0.6771052539860236,0,6.616972487996411,72.1333010739923,0,1.8892367121928721,130.38521967410736,125.91127060768001,1,1,0,0,8,10,2,0,194,0,,0,,0.3351009626334785,0.6682626050823249,3,3.478207311397763,-0.7986193925217676,,,,,,0.7600905144485376,22.40497378631869,38.492063492063494,-2.2550141308323544,1,22.92186508299045,18.327681702889095,32.64405748820884,17.486625597546883,,,,867910
2025-12-15,129.40313069,130.0010847,128.52090345,129.30510544,128.72210453346764,128.7584572879848,126.66936078104511,126.82927999610533,125.23252240427188,126.40377061046114,0,0,0,0,129.28952035862196,123.91369192553886,99.47733216693447,83.75511386281374,5,3,127.18908537274568,126.66898542736,127.66808378,125.38213698830623,130.85669902886383,129.51148066650003,,,131.12004121531723,126.66898542736,0,3,4,3.25201709391522,0.0162600854695761,0.6957767380901242,0,6.591381857693912,72.17398895761251,0,2.0297279588624835,130.85669902886383,126.66898542736,1,1,0,0,8,8,1,0,130,0,,1,,0.48970619813294963,0.6833612400292878,4,6.748318581205872,2.4368254265227725,,,,,,1.8412419086899239,21.119895844399743,34.12698412698413,-7.503632665524651,1,22.83321653922717,19.022961700056303,31.303042595002577,17.58443372646613,,,,2209801
2025-12-16,129.51095846,129.67760138,126.78585655,126.90348685,128.11589863897842,128.98075452777317,126.69165850189796,126.83219006880708,125.24914891616967,126.29494405315363,0,0,0,0,129.26601817123046,123.92599989749677,96.85087770597437,70.39067430316453,5,4,126.45789446356463,126.133342639945,126.78244628718426,124.8351353454665,130.47080716792001,127.94571461983098,,,129.6197539744785,125.08360556285804,0,0,3,1.3208376648831222,0.006604188324415611,-0.0371563980337553,0,6.8816779702811415,57.46377356911231,0,2.472894873675712,130.47080716792001,125.08360556285804,1,1,0,0,8,8,1,0,130,0,,2,,0.1988906003595291,-0.049889812336525445,5,4.118229507327625,1.8771226536173686,,,,,,0.7430779728862185,19.615492130867594,28.96825396825397,-17.716218987934386,1,23.838831771708804,18.791337302916816,28.812784023697375,20.958729605887306,,,,883035
2025-12-17,126.06046971,127.69749136,125.16843995,125.53113337,127.25431021598561,128.75365872455586,126.58113229886006,126.78116823748131,125.25195473163068,126.18122668141143,0,0,0,0,129.21568624903614,123.93511183685696,89.16590863159274,83.06849506651064,4,0,123.27427705350006,122.62637632017075,123.92217778682937,121.33057485351215,128.7135383,127.94571461983098,127.5078257,128.32154668,129.61734814665863,125.08360556285804,0,0,1.5,0.22289363784182753,0.0011144681892091377,-0.4197411466210993,4,6.980659367981467,29.109296362652096,0,2.7984025775830186,123.317432898031,125.08360556285804,1,1,0,0,8,8,1,0,130,0,,3,,-0.18976373962658502,-0.43610787589850364,0,2.415424835374542,3.97188890581,,,,,,1.0304225087363108,17.832501370904247,21.03174603174603,-26.25625371408845,0,24.181713391351092,17.84996829904739,26.804401734101187,23.955660135983205,,,,1224630
2025-12-18,125.73698639,126.11928486,122.75701883,123.44319557,125.98393866732374,128.05083659459524,126.28228118182577,126.65026734856048,125.23395712803236,126.05023379666865,0,0,0,0,129.1506360662948,123.93276138383177,67.23092265224153,91.15090391908639,4,1,123.30448326875006,122.97365198157931,123.63531455592081,121.65032683289633,125.08360556285804,127.84116894253086,127.5103376553601,128.1720002297016,129.4953253783846,125.08360556285804,0,0,3,-1.4299329024647693,0,-0.9629831627638248,4,7.171900229084238,8.9752287492622,0,1.667051144560941,123.317432898031,125.08360556285804,0,1,1,0,8,8,1,0,130,0,,4,,-0.7913754553881898,-0.9918592687219715,0,0.18837245302298555,6.304200158226451,,,,,,0.8733843995433765,15.67495493825958,15.476190476190476,-36.906962143455615,0,24.844191167177538,17.106360915124295,24.372121593460918,28.28989375353769,,,,1035728
2025-12-19,123.51181324,123.92351929,122.76682135,122.9824769,124.98345141154915,127.03603400790345,125.96801410736617,126.50643242900908,125.21155433969373,125.90019969577345,0,0,0,0,129.02763398816495,123.92463302541537,75.11661394847782,90.67700619677896,4,2,121.89918912009844,,,119.99402027336143,125.00120836039302,123.32141685205006,123.00388871092723,123.6389449931729,124.90905755766424,120.33245375000001,0,0,5,-1.7802489965473516,0.00949877898642204,-1.0146879778908646,4,7.176417215616657,27.256230711494506,0,1.8826445375710954,123.3141000025282,123.3141000025282,1,1,0,0,8,8,1,0,130,0,,5,,-1.0759902318913763,-1.0525069830522613,0,1.9131218729620878,3.722339992247142,,,,,,1.515560984083547,14.830819014178124,15.476190476190476,-40.34225510533815,0,24.859838467520046,16.41586834433856,23.579413933730333,27.369759846220788,,,,1870102
2025-12-22,122.51195571,123.47544588,121.84538402,122.71780873,124.22823718436611,125.91755281664112,125.6584707380932,126.35785895061657,125.18674095054256,125.73158955381332,0,0,0,0,128.9617231972606,123.91919333765975,39.05352311849379,90.22395739876121,4,3,121.80929587433474,,,119.95288577415036,125.00120836039302,123.32615910330006,123.016757419936,123.63556078666412,124.87316752012036,121.69883742164672,0,5,3.5,-1.9721994532295994,0,-1.0070673419392466,4,6.579968529875569,7.377422406481429,0,1.0519152087085035,123.3141000025282,123.3141000025282,1,1,0,0,10,8,1,0,130,0,,6,,-0.7738528689363854,-1.0481745775454356,0,-3.0226452924785745,3.7812238834274834,,,,,,0.8077185852959167,13.693425492392,15.079365079365079,-39.92446272147968,0,22.793679611897552,16.117981561465335,22.470248318945426,28.741339423170597,,,,989938
2025-12-23,123.46280062,123.59013542,121.1690098,121.41407292,123.2901824295774,124.67922187272593,125.25424237446528,126.16398498863161,125.14920196516402,125.53902556495261,0,0,0,0,128.910285266384,123.91179767787197,35.67115885374212,69.97389239086169,4,4,121.26114705756457,,,119.71655327676714,123.3141000025282,121.73462341800004,121.42570466184056,122.04354217415953,123.27921719879747,118.32053847454,0,0,7,-2.9845408412621945,0,-1.2990530789932222,4,6.470778826684971,6.7408145361031515,0,2.210344872486441,123.3141000025282,121.34377885677895,1,1,0,0,10,8,1,0,194,0,,0,,-0.6896800822347556,-1.3338289064327904,0,-0.5473752381395904,6.6385345907849205,,,,,,0.5420430194420565,13.761029292538476,15.476190476190476,-38.609136711572134,0,22.41543538471859,16.08850770557974,20.897848826244182,28.685008985159726,,,,650295
2025-12-24,121.19841738,123.47260314,120.97295931,123.01188448,123.19741644638493,123.59470315275323,125.0406844797543,126.04037320397939,125.12793512451563,125.33597508695803,0,0,0,0,128.88031244539934,123.90981101925188,55.43290014784918,94.86803533163922,4,5,121.67095388947247,,,119.81592561426248,125.00120836039302,123.33892583490005,123.02975445569838,123.64809721410172,124.88478273090838,121.05020590085982,0,5,0,-1.6911096969752828,0.03676127487104627,-0.7509004072837148,4,6.323632322436539,30.911468718125388,0,1.4805509746407313,123.3141000025282,123.3141000025282,1,1,0,0,8,8,1,0,194,0,,0,,-1.2940901989683702,-0.7709612787610104,0,1.918693693701632,3.2680084189453353,,,,,,0.4351877020099104,13.923128151949374,15.873015873015873,-36.44062955740972,0,21.90570494168972,16.13434036370001,19.389289450370804,27.18049042627094,,,,487354
2025-12-26,122.83543903,123.65885112,122.49235066,123.413788,123.26954029758996,122.74688984706276,124.88574195787294,125.93736986264686,125.11087893422194,125.12664471560973,0,0,0,0,128.84745099554874,123.90851119218749,76.12026707111565,79.80296433285574,4,6,123.37510792015006,,,121.88759346046376,124.93895658155408,125.68240199996438,125.25656832400014,126.29947093996438,127.48948250771342,123.31509192290106,0,7,0,-1.3564695162234504,0.09036233045688882,-0.5853773359436182,4,6.276067908135991,72.45620199998812,0,1.3100191534975552,124.93895658155408,124.93895658155408,1,1,0,0,8,8,1,0,194,0,,0,,-1.7228986436551106,-0.6007230301568373,0,4.9892846910972635,0.6300503810053206,,,,,,0.5303344778350922,14.077008374410452,16.26984126984127,-35.25114216964917,0,21.74093697728811,16.07446591956509,19.26945817036052,26.228937413662003,,,,580023
2025-12-29,123.62944354,123.98233444,121.61012342,121.96301432,122.8340316383933,122.02181721530692,124.60738694474219,125.78151278254306,125.07955689825954,124.9028495468117,0,0,0,0,128.8027883021599,123.9029890504493,69.5432285367598,89.59429112424752,4,7,120.47838554629044,,,119.10706576414579,123.31509192290106,122.00130391560006,121.70387077469404,122.29873705650608,123.4884696201302,120.2967983277699,0,0,7,-2.4916482401633027,0.07008308303841976,-0.9611689296925228,4,6.336883730917327,11.141823226704318,0,1.1461436897300428,123.31509192290106,120.2967983277699,1,1,0,1,8,19,1,0,194,0,,0,,-1.560664664307358,-0.971068821674714,0,1.1476888487854522,6.601527561812837,,,,,,0.567903096278669,14.149249944278699,16.666666666666668,-35.54344997443995,0,21.95160916721087,16.37567804362101,17.89726440361556,27.009489471549173,,,,630047
2025-12-30,121.57091332,122.24552308,121.17881233,121.58071585,122.41625970892886,121.42538196733157,124.31913255476674,125.61677564793352,125.04474255947089,124.66643019462693,0,0,0,0,128.74931167010817,123.8954341523469,73.30873504814852,93.00274440779901,4,8,119.6389558253616,,,118.05692731261762,123.31509192290106,122.00130391560006,121.71559179591947,122.28701603528066,123.42986451400304,119.79471878111804,0,1,5,-2.770229790207618,0.08759128205181832,-0.9934386370545311,4,6.336170679289786,24.14189633877488,0,1.5446213040936554,123.31509192290106,120.97295931,1,1,0,0,8,8,1,0,194,0,,0,,-1.7007302564145466,-1.0046555473004772,0,2.0566773763781754,4.5257575900967355,,,,,,0.6582612546133508,14.153856309371655,17.063492063492063,-35.51520970704842,0,21.94913908391623,16.826831396335848,17.300659745218766,27.45698649622332,,,,724480
2025-12-31,121.26703505,121.93360674,120.51224064,120.53184569,121.78812170261924,120.8651175073398,123.9584385676461,125.41736662997535,124.9998381130085,124.4165123043034,0,0,0,0,128.6937629064266,123.88540644882389,66.27814480477032,76.64706825451951,4,9,119.16894951654845,,,117.77897511713853,123.31509192290106,122.00130391560006,121.72330903571807,122.27929879548205,123.39127831500998,119.16894951654845,0,0,3.5,-3.5743985675958414,0.05520503784019373,-1.2154499753789525,4,6.345871404748335,22.180560031187433,0,2.0377025650645164,123.31509192290106,120.97295931,1,1,0,0,8,8,0,0,194,0,,0,,-1.4416403027215499,-1.221927380073153,0,0.9389448763844621,3.7739768209994495,,,,,,0.6100748805220858,14.336228628256245,17.46031746031746,-34.78416966112462,0,21.982743382645197,17.509317243854618,16.510865803178486,28.34442380640739,,,,665896
2026-01-02,120.68868608,122.35070417,119.89468157,121.55130827,121.70918389174616,120.50476906571211,123.72918806310838,125.26575649821162,124.96552438322732,124.16387530341947,0,0,0,0,128.62952947538295,123.87610215124477,68.31948173980096,88.0919560296534,4,10,120.98138803894737,,,119.58105365913816,123.29754183680254,123.46265085020006,123.18258397423823,123.7427177261619,124.86298523000927,119.19977579134,0,1.5,1.5,-2.7321264245305423,0,-0.8193770205636662,4,6.404508535790532,38.78888867535911,0,3.044183675216818,123.29754183680254,123.29754183680254,1,1,0,0,8,8,0,0,194,0,,1,,-0.955437213166424,-0.8291573072269859,0,1.5927191678380472,1.8371106503874572,,,,,,0.8265047885182073,14.862664868717355,18.650793650793652,-33.00841497145433,0,22.185868362995514,18.382082127305427,15.218092316396225,28.093889306339786,,,,893937
2026-01-05,120.56125326,121.31604768,120.13974469,120.94355173,121.45397317116411,120.2815427178632,123.4638893647171,125.09625827200723,124.925504754837,123.90900326130759,0,0,0,0,128.5426946686299,123.86132361550541,76.44024816779256,81.96731299954253,4,11,118.31657947587107,118.04391413051364,118.58924482122849,116.95325274908394,123.29754183680254,123.47087398070005,123.19820863534262,123.74353932605747,124.83420070748717,118.32053847454,0,1.5,0,-3.187462025990189,0,-0.9327652913173099,4,6.34979623286783,51.009079320850084,0,3.7777705116201776,123.29754183680254,123.29754183680254,1,1,0,0,8,8,0,0,194,0,,2,,-0.6522542516463757,-0.9376581764253002,0,2.7074366796609697,1.3454309435203804,,,,,,1.0327691773336218,15.171183888526214,19.047619047619047,-31.028596975859507,0,21.99633938607308,19.192506661938317,14.514675588951974,26.795322359433115,,,,1135854
2026-01-06,120.36520276,122.42373298,119.5908033,122.04143451,121.64979361744274,120.28381826860952,123.32841747379166,124.97646126173244,124.89680753847045,123.6617551819164,0,0,0,0,128.47706511538055,123.85308273888435,74.77873439084004,86.66612657618367,4,12,120.98138803894737,,,119.58897171764504,123.29754183680254,122.18116046240004,121.90267719813957,122.45964372666052,123.57357678370238,119.19977579134,0,1.5,0,-2.2861857598649564,0,-0.5403169638884965,4,6.380671906454689,31.979991947658316,0,2.1411589518510783,123.29754183680254,119.19977579134,1,1,0,1,8,19,0,0,194,0,,3,,-0.3200427874100347,-0.5459054351037482,0,1.7741040067131735,2.9653749007740524,,,,,,0.9253300904910401,15.521321372799434,19.444444444444443,-29.77824902970442,0,22.10329585681378,19.14453705417474,16.747737283798156,24.36156287485805,,,,1025265
2026-01-07,122.04143451,122.87464913,119.75862253,120.13974469,121.14644397496183,120.23265989760564,123.0247343515258,124.78678610205665,124.8494735797792,123.4122528009519,0,1,0,0,128.41683628562134,123.84100174966163,52.251984764440884,87.49135094603126,4,13,117.25658349423934,116.73511686501999,117.60781299566463,115.58946379062397,123.29754183680254,123.53503942130006,123.24862615270105,123.82145268989906,124.96710576429508,117.60781299566463,0,0,2,-3.772325789399239,0,-1.0545667920803414,4,6.406794536930829,12.6746426921597,0,4.138932846671895,123.29754183680254,123.29754183680254,1,1,0,0,8,8,0,0,194,0,,0,,-0.6653923363263443,-1.053312122361428,0,-0.7072218904323782,4.293249003421,,,,,,0.6944176387049029,14.501862792463324,17.857142857142858,-34.65800769232539,0,22.193787303237826,18.79107364476962,16.52656649406985,21.99512478839026,,,,739028
2026-01-08,119.15949221,124.80574653,119.00657282,124.22739756,122.17342850330789,120.56377560730432,123.13927370471382,124.7648492964858,124.84328376863712,123.18689318017515,0,0,0,0,128.36679301236526,123.84309414196893,81.571787363125,87.47996125344577,4,14,123.57844941030005,,,121.98978183689395,127.10215498492,124.93272193341866,124.7648492964858,125.5681889627811,126.83912302150597,121.07541543232,0,5,0,-0.4933274662804433,0.15,0.21618465114497246,4,7.192881409876967,45.80638671731404,0,2.023344680824065,123.98233444,124.80610762815981,1,1,0,0,8,8,0,0,1219,0,,0,,0.4854228090637572,0.20788485656508565,1,2.423467564384279,2.4121057232661363,,,,,,1.2087680637953158,11.683447642421607,13.492063492063492,-53.11029574217328,0,24.916872109449127,17.609863708093997,19.259913599893217,18.410765807198548,,,,1236778
2026-01-09,124.9527844,125.96244446,123.46280062,125.80560406,123.38415368887192,121.30809914217187,123.39320992902678,124.80566320878049,124.85285909491934,122.99422657146489,0,0,0,0,128.3297714211706,123.8560567252203,81.45886891260766,88.66656524585173,4,15,123.64306012815007,123.32570361594608,123.96041664035405,122.05627756713012,128.7135383,128.42247553682753,128.10511902462355,128.73983204903152,130.00925809784746,124.84530356666335,0,3,0,0.7630942310710968,0.1538154711553555,0.634414557609694,4,6.254954271065605,53.427532266999656,0,2.254355485142779,123.98233444,124.84530356666335,1,1,0,0,8,8,0,0,1219,0,,1,,0.4697777899324681,0.6224192450726499,2,4.679438394451486,2.447766074699777,,,,,,1.4834875767352194,9.620672727641209,11.11111111111111,-55.59921185368899,0,21.667797193011157,17.106635893380684,21.159727993348557,17.11601989251159,,,,1518584
2026-01-12,125.40370054,127.09953734,124.82535158,126.65842372,124.47557703258128,122.37704665465454,123.70418267102423,124.87832048373028,124.87082491208432,122.83743028134366,1,0,0,0,128.30990013202816,123.87138042449237,86.03511095967826,65.48903037649373,4,16,123.70920597775006,123.39421255784636,124.02419939765376,122.13423887823154,128.92006554336615,128.5791672904252,128.30990013202816,129.2124594090252,130.47243308864,124.84530356666335,0,1.5,0,1.431558419810432,0.15715779209905215,0.79946246872051,4,5.896024761193303,59.191923727039004,0,3.308551376856762,123.98233444,124.84530356666335,1,1,0,0,8,8,0,0,1219,0,,2,,0.560050127723143,0.786374976732991,3,3.462771095548103,-0.5933321523231663,,,,,,1.2253250628684125,10.508177889247456,12.301587301587302,-48.55093407187789,0,20.42442889814191,17.166876669968968,23.01884097588846,16.01268027129579,,,,1264093
2026-01-13,126.55059595,129.39332816,126.40355808,129.36392059,126.10502488505419,123.89533978576665,124.2432053299743,125.05422637025066,124.91553233176506,122.7297597762661,0,0,0,0,128.31844873612724,123.89195852640702,87.29303884571056,53.72700331177849,4,17,128.35073266610007,128.0315444004752,128.66992093172493,126.75479133797575,132.13189524,132.13189524,131.81270697437515,132.45108350562487,133.72783656812433,126.66898542736,0,3,0,3.56111700058275,0.2233492315664119,1.474046586190194,4,6.05574112438353,58.33652653202716,0,2.36923657985839,129.02586416163803,126.66898542736,1,1,0,0,8,8,0,0,1219,0,,3,,1.4443491725079851,1.452454393787381,4,3.167563981077193,-0.6122817527867673,,,,,,0.8426443162367937,11.173828400363602,13.88888888888889,-46.7347373152007,0,20.977702609833106,18.114262053104692,27.510089817799848,14.673506656883944,,,,869366
2026-01-14,129.48155088,131.51557479,129.3100067,131.15778264,127.78927747003613,125.7301284380515,124.9017365023577,125.29358151808397,124.97764427513059,122.6779355885732,0,0,0,0,128.34180640291922,123.91969238999319,88.23565620812205,58.05221998530996,4,18,128.34616161110006,128.0300799350734,128.66224328712673,126.76575323096674,134.30007687118,134.30007687118,133.98399519515334,134.61615854720668,135.88048525131333,127.30914178,0,0,0,4.944995083492063,0.28642830888995163,1.8079822144457207,4,6.203550453023773,55.09672792058873,0,3.767327062374657,129.5517846716491,127.30914178,1,1,0,0,10,8,0,0,1219,0,,4,,1.8936266677799303,1.7793588890493197,5,3.2521088270538625,0.49413287827247293,,,,,,0.9207144042839155,11.520460048359784,14.682539682539682,-46.39085503957808,0,21.4897291439082,19.647979463349685,31.791004322745977,13.75931544728298,,,,889113
2026-01-15,130.68726144,133.7064391,130.33437055,133.4711785,129.6832444800241,127.87037479786709,125.71787383546649,125.61427159580617,125.0621570534875,122.69116217936323,0,0,0,0,133.4711785,123.99195971520803,99.65038221065815,7.88053923165187,5,0,133.4711785,130.14243333163597,130.78965766836404,128.2933838061753,136.88501602,134.82816683,134.50455466163595,135.15177899836402,136.4462276718202,130.4660455,1,5,0,6.723873667808304,0.382022780596127,2.2391015700585224,1,6.064070355211111,94.16452854185613,0,0.6593226888797863,,130.4660455,0,1,0,0,16,10,1,0,1219,0,,5,,2.5872272980566837,2.2001247730016495,6,7.2867768451101576,-3.028253185887519,,,,,,1.7576939593065326,14.745257303614459,20.634920634920636,-29.80640250820663,0,21.006555911795786,21.62294628668536,34.87794968314362,12.479196410597115,,,,1775828
2026-01-16,132.68697651,134.41222089,132.32428309,134.23577544,131.20075480001606,130.10291256564847,126.52910255970778,125.95236978577456,125.15343683842792,122.76742057602155,0,0,0,0,133.73979370471704,124.0337640909675,96.25379923507005,27.33663900286256,5,1,134.23577544,130.80939942885337,131.44767805938662,129.53284216778692,,134.82816683,134.50902751473336,135.1473061452666,136.42386340633306,131.12853874412,1,3.5,0,7.2569629975861565,0.3703334173474826,2.1781551308812035,1,5.903480943463876,84.68529053088689,0,0,,131.12853874412,0,1,0,0,16,10,2,0,1219,0,,6,,2.4723888188764147,2.1422660176892503,7,5.389005274720254,-1.4604391846155778,,,,,,0.9644842594319233,18.120115183760948,29.761904761904763,-11.394197090835188,1,20.450257871188164,23.616473138207535,34.81514654294324,11.750232806300343,,,,961758
2026-01-20,131.72632908,132.76049545,128.37563003,129.36392059,130.5884767300107,131.65200726735367,126.79908522925942,126.08615609182262,125.19533219914008,122.86995637515501,0,0,0,0,132.4880398224109,124.05845724775024,91.39127883766199,95.05245055147212,5,2,128.28626698220006,127.93760060543464,128.6349333589655,126.54293509837294,132.795630265,133.0013966922891,132.4880398224109,133.39248782328653,134.78715333034825,125.91127060768001,0,0,6,3.3296675823577884,0.24015489486826885,0.5946954836594291,0,6.888729290420229,31.14062026469874,0,3.9703764407198103,132.795630265,125.91127060768001,1,1,0,0,8,8,1,0,1227,0,,0,,1.5880524556518394,0.5933459556499854,8,2.899832371084833,4.190715276289863,,,,,,1.0966267340557698,20.46707581592807,40.87301587301587,-14.231847168944947,1,23.86325826119147,23.294071813808316,29.590600888215352,20.098553898936977,,,,1096880
2026-01-21,129.95207208,133.60841385,129.48164891,133.5495987,131.5755173866738,133.00239460538137,127.44199127409185,126.37884011567272,125.27845922899938,123.01939472172037,0,0,0,0,132.68382624977545,124.09309040256942,95.27563672053759,57.38302655004401,5,3,133.5495987,127.90997261878216,128.63329041241795,127.27042275568826,134.67106185081073,134.71033809560805,134.34867919879017,135.07199699242594,136.5186325796975,130.4660455,1,4,0,6.602204019672371,0.32992304389545607,1.651026940440054,1,7.4525002053332905,68.56095303094766,0,0.1786003706149797,134.67106185081073,130.4660455,0,1,0,0,16,8,1,0,1259,0,,0,,2.175296190376754,1.6309112460268083,9,4.265644754780501,0.4408054000800067,,,,,,0.9126883007924681,22.083548629959946,45.63492063492063,-14.458621973299465,1,25.816217998109497,23.254405622376993,28.58320763559302,17.992480594624627,,,,867129
2026-01-22,134.25538049,135.27484308,133.34374568,134.13775019,132.42959498778254,134.15340707440433,128.07968259941643,126.68311109897967,125.36661137786506,123.21286151728395,0,0,0,0,132.89568818471577,124.12687485031128,96.28087282681608,73.07442157092134,5,4,131.12853874412,130.7754706845748,131.4816068036652,129.36319844639405,135.9016822539756,135.5988721828634,134.89273606377301,135.9016822539756,137.31395449215634,131.12853874412,0,2,8,6.996391396189228,0.39456186877486665,1.6120715832825336,1,7.423237567942528,51.79948128443966,0,2.703809297280655,135.9016822539756,131.12853874412,1,1,0,0,16,8,1,0,1259,0,,1,,2.6766392943513644,1.5922733971981202,10,4.522363720706908,3.0060538765977514,,,,,,0.8525332003236795,22.830911235735524,49.20634920634921,-11.215068713947893,1,25.714849248660965,23.696936373501448,31.401512017665784,17.11382481777253,,,,801964
2026-01-23,134.58866634,135.37286833,133.90739086,134.91214966,133.25711321185503,135.13895886501209,128.73039374804344,127.00581849352949,125.46159185828431,123.44798031342644,0,0,0,0,133.15828594802954,124.16401968547162,95.20208099637955,75.54669786644415,3,0,134.91214966,134.01043047119975,134.6922975366051,131.1799225983786,137.07761825209062,137.07761825209062,,,138.782285915604,131.12853874412,1,3.5,7.5,7.532630235068771,0.30136644100658977,1.627226014901851,3,7.251002516359967,57.02154433805491,0,0.5802081589188859,137.07761825209062,131.12853874412,0,1,0,0,15,8,2,1,1259,0,0,2,,1.9096263186499673,1.6035117557668823,11,3.7981443817707303,1.5890299150364355,,,,,,0.867967223946787,23.797068922201504,53.17460317460318,-5.259692593140389,1,25.118209528290482,24.13543522442457,30.453074023369496,16.45701673762845,,,,824022
2026-01-26,135.56891882,137.3333733,134.48573983,136.43154101,134.31525581123668,136.12637313517834,129.46383634442026,127.37545467064598,125.57074558118696,123.72694348201327,0,0,0,1,133.57760860856612,124.21150325124839,96.46158773897625,54.29735069185533,2,0,136.43154101,134.0093575675535,134.69337044025136,131.7496883392087,138.4389915558475,138.76278134471474,138.4389915558475,139.17040402,140.53842976539565,132.47461545758,1,3.5,10,8.649144654310472,0.3002941388376965,1.8295572018508297,3,7.232208808101872,76.12580570966594,0,0.4287726861572153,138.4389915558475,132.47461545758,0,1,0,0,10,8,1,1,1259,0,1,3,,1.8563873245291536,1.80399235043697,12,4.571229539429293,-0.5013529808972466,,,,,,0.9569853313558842,26.005268523252102,61.904761904761905,3.800575872674788,2,25.053106213159186,25.07105141601332,33.3073254487915,15.233576111702757,,,,929699
2026-01-27,136.66680161,136.97067988,134.50044361,136.62759151,135.08603437749113,136.96051198668223,130.14609874114214,127.73828356630692,125.68076394863783,124.0418731454134,0,0,0,0,134.06383696807606,124.2822465150715,98.14444384361491,54.288456841370504,2,1,134.35136400390243,134.01173091773916,134.6909970900657,132.65319857308606,139.65768403280913,139.4199521101469,139.08031902398363,139.75958519631018,141.11811754096328,132.47461545758,0,3.5,0,8.710026274057205,0.281152288181574,1.6598270065393046,3,7.239581360285711,86.43837144012002,1,3.1247368086840295,139.65768403280913,132.47461545758,1,1,0,0,14,8,1,1,1259,0,2,4,,1.7008172544903037,1.6376979366388535,13,8.039520915578382,0.6688031822111749,,,,,,1.3609920528916624,27.461320969006948,68.25396825396825,9.500814099098456,2,25.07864548308691,25.939837879631444,31.144356720492176,14.24431178904078,,,,1376378
2026-01-28,136.79423443,138.09797024,135.45618979,137.2549531,135.8090072849941,137.6532339281961,130.8231324896048,128.11148629311842,125.79593000984542,124.38931905542911,0,0,0,0,134.47541122227517,124.35053865184658,98.74999755963412,51.39323296424621,2,2,137.2549531,134.01240309844724,134.69032490935763,132.65655947662648,140.75463062884117,139.17040402,138.8314431145448,139.5093649254552,140.86520854727596,132.47461545758,1,2,9.5,9.109216084540837,0.22882564550597678,1.6195226688064532,3,7.01927050000956,80.14209152771453,0,0.7610652361408142,140.75463062884117,132.47461545758,1,1,0,0,10,8,1,1,1259,0,3,5,,1.2662365206661808,1.5981456379072931,14,6.2774198159537855,0.35986970923447065,,,,,,1.224854620198337,28.74456436498599,73.80952380952381,18.215147669836814,2,24.315466276171907,27.0410982034404,31.94650578204531,13.253090640757279,,,,1278409
2026-01-29,138.19599549,138.76454193,135.00037238,136.13746526,135.91849327666273,138.05534834982728,131.32925942011863,128.42623056632945,125.89883085810567,124.7555840688782,0,0,0,0,134.62582663641652,124.39821677760347,98.23813838882916,73.42631853782514,2,3,134.35136400390243,134.00300593499762,134.69972207280725,132.60957365937836,139.17040402,139.17040402,138.8220459510952,139.51876208890482,140.91219436452408,132.47461545758,0,2,7,8.132430088595333,0.19066215044297666,1.1424650257096554,3,7.104901952932413,40.16122435229442,0,2.7667164600193708,139.17040402,132.47461545758,1,1,0,0,8,8,1,1,1257,0,4,6,,0.7123328184037919,1.1268998762924838,15,4.574337201268008,4.500857083783339,,,,,,0.9332758650055734,29.138913508933527,74.60317460317461,18.39262293642543,2,24.612102330548556,28.231892974865623,30.5728449039127,11.974467829142228,,,,986299
2026-01-30,134.78471683,136.24529304,133.56930178,136.24529304,136.0274265311085,138.21688716977314,131.79745309820257,128.7328604672577,126.00178073056233,125.1355474035698,0,0,0,0,134.88194368945744,124.49686347484156,99.87838036209752,47.89468319266085,2,4,136.24529304,134.54611868008442,135.24085493769337,130.7903567495642,139.17040402,139.17040402,138.82303589119553,139.51777214880448,140.90724466402236,132.47461545758,1,4.5,0,8.12965677948793,0.1950927283418841,1.0279172089810373,3,6.9662178369987355,88.84025771200055,0,0.5362319235750985,139.17040402,132.47461545758,0,1,0,0,14,10,3,1,1257,0,5,0,,0.2981230053119348,1.013467138586996,16,8.507746768030211,0.32765000879083495,,,,,,1.8184358401556957,29.199021952416903,75.7936507936508,20.99867947543737,3,24.131686460548753,28.465585234527786,28.469974290882735,14.829186527108185,,,,2047353
2026-02-02,136.46094858,138.49007123,134.72590168,138.47046618,136.841773080739,138.46611954669652,132.43297815361186,129.11472735795348,126.12584725244729,125.53850398876092,0,0,0,0,135.10683678915788,124.54588141496848,98.3318935928551,35.49991960404187,2,5,138.47046618,134.53732203258832,135.24965158518947,132.7718297591907,142.50062898245474,139.17040402,138.81423924369943,139.52656879630058,140.9512279015029,132.47461545758,1,3.5,0,9.787540933496622,0.05782659355637201,1.4566598786082579,0,7.0360859555540785,84.33660596665173,0,0.7072152888607006,142.50062898245474,132.47461545758,1,1,0,0,8,10,2,1,1257,0,6,1,,0.5503930061094948,1.435785918719366,17,4.503695070267955,-2.440101655128153,,,,,,0.7697455427132323,30.242532032021728,78.57142857142857,24.078458676878427,3,24.37371672288295,29.296590226334718,31.410828408610087,13.429864998871837,,,,865554
2026-02-03,138.17639044,142.33266098,137.56863389,140.01926511,137.90093709049265,138.9556457562463,133.15548167326787,129.54235628940629,126.26409021620402,125.96949690412566,0,0,0,0,140.01926511,124.62570809452613,98.49719638940067,25.10963391660128,2,6,140.01926511,138.79714362870303,139.543664411297,134.58255075962427,143.09731166219004,142.33266098,,,144.19896293648486,133.42209530288,1,5,0,10.893972205591282,0.1610844696759105,1.663121244040595,0,6.942415697038378,85.19524038298712,0,0.5661593296652281,143.09731166219004,133.42209530288,0,1,0,0,10,10,2,1,1257,0,7,2,,1.7462502025169662,1.6379006672306526,18,5.294536157809959,-1.902379691592526,,,,,,1.1306899539116428,32.061997631355005,82.53968253968254,33.31816885523522,3,24.04923342906834,30.87211094244875,37.022980498785,11.899426296679525,,,,1279548
2026-02-04,141.42102616,145.37144368,140.93580118,145.02835531,140.27674316366176,140.07292862813205,134.28623154343285,130.14965036864527,126.45079932161492,126.45484038693137,0,0,0,0,142.5825363354407,124.73542606447099,99.28719959744424,7.71147441828401,2,7,145.02835531,134.61474175443357,135.40351424130648,133.9416680456614,,145.37144368,144.97705743656354,145.76582992343646,147.34337489718234,135.30006301148,1,0,0,14.69152910701254,0.19271204499708294,2.6866786564333913,0,7.479210037877133,90.78593912816022,0,0,,135.30006301148,0,1,0,1,11,10,2,1,1257,0,8,3,,1.8118129734739397,2.6273647450723603,19,6.142093992593078,-2.869613884524457,,,,,,1.1686845011392109,39.92685799920255,93.65079365079364,54.10572839239636,3,25.908743572164678,32.81439188844692,39.4164976621257,10.457587067273325,,,,1340994
2026-02-05,143.96968263,144.58724169,141.96506629,143.32271599,141.29206743910785,141.3238292499888,135.14684910977257,130.66624117732584,126.61867908945955,126.97761413502033,0,0,0,0,142.84444680062387,124.84178155314991,98.65326506137797,15.403477350864385,2,8,139.17040402,138.77683742770185,139.56397061229816,137.20257105850925,144.94855523062014,145.37144368,144.97787708770184,145.76501027229816,147.33927664149076,135.30006301148,0,2,0,13.192395482769648,0.13656787322302344,1.9348454624347011,0,7.355842155985336,84.13601611017324,0,2.9363016697529174,144.94855523062014,135.30006301148,1,1,0,0,10,10,2,1,1257,0,9,4,,1.3870693886956238,1.903944863319352,20,5.064241009452216,-1.9369988262100089,,,,,,1.2138517985381487,44.77199454965556,94.84126984126983,75.70471577049177,3,25.481384693247183,34.61793848115951,36.67725972569179,9.730840123296089,,,,1435065
2026-02-06,143.21488821,145.64591438,142.6561443,145.57729671,142.7204771960719,142.74140462136626,136.140225071699,131.25098845311697,126.80732205085796,127.54348921989127,0,0,0,0,143.33329259297324,124.91457025668268,97.84069023030611,19.15423712623485,2,9,145.57729671,138.77825495143745,139.56255308856257,138.08436367668025,146.03513486186927,145.64591438,145.25376531143743,146.03806344856255,147.60665972281282,135.30006301148,1,3.5,0,14.80196439414916,0.17823173849626262,2.22849674169201,0,6.931948837715521,76.3773063538178,0,0.061102661645757124,146.03513486186927,135.30006301148,0,1,0,1,11,10,3,1,1257,0,10,5,,1.6204419988708012,2.187984343022826,21,4.207739318258413,-1.178244500993959,,,,,,0.7586405548007986,48.71054329639673,95.23809523809524,102.85092939185448,3,24.012975164782613,36.45079260824286,36.59098366185259,9.068442267248479,,,,883495
2026-02-09,144.94993511,146.32718986,142.85219479,143.13646801,142.85914080071458,143.84856033950217,136.80653392296577,131.7170856906418,126.96980111512804,128.13047536548888,0,0,0,0,143.29473825710005,125.00126433567024,95.47425945372133,34.86570292267321,2,10,139.17040402,138.77523885749548,139.56556918250453,137.19457820747738,146.32718986,143.29473825710005,142.89957309459552,143.68990341960458,145.27056406962268,135.30006301148,0,0,4,12.732686633267276,0.0947745442774475,1.3798415353924598,0,7.337610886239816,57.90279973620523,0,3.6221744825079467,146.32718986,135.30006301148,1,1,0,1,8,10,2,1,1257,0,11,6,,0.9133692700736622,1.362094226526917,22,3.031162790767027,0.4707836990386255,,,,,,1.047310764580051,50.95281772637881,95.63492063492063,100.4577749241341,3,25.418229722275715,38.25286842571355,35.257320247337745,8.356425514476983,,,,1203156
2026-02-10,144.97934269,145.19352786,143.40113619,143.78343466,143.16723875380973,144.67800798271645,137.47100065982616,132.1902758463029,127.13710095139542,128.7375379122074,0,0,0,0,143.35340914093308,125.06329969790558,96.21372648344261,29.760024783141077,2,11,139.17040402,138.78509833472793,139.55570970527208,137.2438755936397,146.80510110709102,146.32718986,145.94188417472793,146.71249554527208,148.2537182863603,135.30006301148,0,0,4,13.09321479256357,0.1010216295183734,1.3562439555120405,0,7.340066250044892,75.46948279731099,0,3.9629298912110333,146.80510110709102,135.30006301148,1,1,0,0,8,10,2,1,1257,0,12,7,,0.9863857957535414,1.3442684431447336,23,4.17351244314939,-1.0495106906561251,,,,,,0.7432574159311689,49.04196009765187,94.84126984126983,92.87556746366577,3,25.426735351998627,39.92622454193634,33.57668762906768,7.958094580836764,,,,838024
2026-02-11,145.91058255,146.84182241,144.45490761,146.31248607,144.21565452587316,145.56111193101773,138.31304688936652,132.7440880119381,127.32790080332184,129.37498482223828,0,0,0,0,146.31248607,125.14716631842435,96.51491578053879,20.22348074811647,2,12,146.31248607,135.85170541791277,136.6218871860966,135.1724468908232,147.75795915113417,146.84182241,146.45673152590808,147.2269132940919,148.76727683045956,136.20875706662,1,2,0,14.90999627489569,0.15217271795872717,1.7651259491769864,0,7.270746043797234,81.86857017773436,0,0.1297547574012197,147.75795915113417,136.20875706662,0,1,0,0,10,10,2,1,1129,0,13,8,,1.3009818926739896,1.7509431149626833,24,4.112944119393253,-2.3908341799004815,,,,,,0.8863362276388375,46.3197243099869,93.65079365079364,83.90619847033948,3,25.186603113574435,41.72670011951542,35.01741721294737,7.393781157304516,,,,1005373
2026-02-12,147.03787291,148.57686931,143.60698921,144.69506947,144.37545950724876,146.22949093587187,138.92085856371256,133.21275395146992,127.50070845174649,130.02743811354236,0,0,0,0,144.69506947,125.2907241763992,99.34754122604814,72.00360937081429,2,13,136.24529304,135.84333471816467,136.64725136183534,134.23550143082326,148.33183784216502,148.57686931,148.17491098816467,148.97882763183534,150.58666091917675,137.28101605082,0,0,6.5,13.485698414578476,0.14015412771419644,1.1771944124518103,0,7.420370137076826,71.47230892434806,0,6.013829865234598,148.33183784216502,137.28101605082,1,1,0,0,3,8,2,1,3177,0,14,0,,1.226249529574877,1.1836004715984882,25,6.260842058067235,1.6995208695255888,,,,,,1.5915837358313865,42.72262212189773,92.06349206349206,66.20409040863014,3,25.70491617676779,43.62939474177054,35.00569613811024,6.577549459325167,,,,1884553
2026-02-13,144.89111997,146.34189364,143.45014881,144.25395585,144.33495828816584,146.64825394951774,139.42877259097804,133.64574226121618,127.66740743083359,130.68756897119695,0,0,0,0,144.52315968986534,125.37924114276693,98.12489795451653,38.155836987565856,2,14,137.28101605082,136.88194988741932,137.68008221422068,135.2856852338166,148.57686931,145.611605545,145.21253938159933,146.01067170840068,147.6069363620034,137.28101605082,0,2,5.5,12.991999095894949,0.13070198461160754,0.9304144036403537,0,7.338026616032999,77.66619291748258,0,5.661143086109476,148.57686931,137.28101605082,1,1,0,0,8,10,3,1,3177,0,15,1,,1.1348248019459513,0.9425874909891622,26,4.984755639597907,-0.6771744663310658,,,,,,1.041536793597605,41.653810923489715,91.66666666666667,63.864484334969454,3,25.41966985252374,45.288648393978626,32.74086536138178,6.502898513722189,,,,1203449
2026-02-17,134.66708654,134.66708654,123.0608971,123.2569476,137.3089547254439,144.520765724984,137.88859878231347,133.23833854901162,127.62352225838748,131.2242354828169,0,0,0,0,132.38341850150658,125.34595898955565,16.971837386924033,1.4866052483063452,4,0,121.00498848,120.44520330371722,121.56477365628277,118.20606259858612,123.98233444,126.91592384994999,126.35613867366722,127.47570902623276,129.71484973136387,124.09229074331537,0,0,8,-3.4214497305182348,0.21876908230122816,-3.9896981676833905,4,17.68244000706189,9.81070593934163,0,1.0637459104476177,123.98233444,126.86047478323187,0,1,0,0,10,7,1,1,3177,0,16,0,,-2.7501526584098253,-3.853666417010686,0,-1.6768326837300052,4.185991826688509,,,,,,3.128986254987925,40.78721039120579,91.26984126984127,-33.412733510047445,0,61.253768988039525,43.903845151756656,21.673496629586808,36.825577598300626,,,,4107562
2026-02-18,120.70829113,121.8600878,117.00293674,118.52232809,131.0467458469626,140.18141584614418,136.0441920497122,132.6612400996386,127.53296311243338,131.61694356815445,0,0,0,0,128.63379871123323,118.52232809,3.793848982350468,0.5217353931588123,4,1,111.45682857,110.88118866648742,112.03246847351258,108.57862905243711,123.87592912,120.68868608,120.11304617648742,121.26432598351258,123.56688559756289,99.5929148,0,0,1.5,-7.0653380918387185,0.25,-4.634598557059729,4,17.72650379022902,8.614704588199437,0,4.314885217031738,123.87592912,99.5929148,1,1,0,0,10,7,1,1,3177,0,17,1,,-3.6404457895312037,-4.4215217614404025,0,-3.870816305513414,2.5366903293340917,,,,,,1.9178364963131163,44.245893849529295,92.46031746031746,-27.945806384442974,0,61.406410410477875,43.4172462254884,19.571080405663956,42.649662478870844,,,,2668319
2026-02-19,117.8949665,118.69877354,115.8070287,117.01273926,126.3687436513084,134.529482851368,134.23167273640627,132.04757340004494,127.42828426813055,131.8672911347654,0,0,0,0,126.74332493013993,117.89132964610612,15.639271172727044,0.704978410740699,4,2,111.45682857,110.89648665209546,112.01717048790454,108.65511898047731,123.87592912,124.64351995152096,124.08317803361642,125.2038618694255,127.44522954104364,120.43808252261975,0,0,2,-8.173652394325966,0.25,-4.423013365570272,4,17.324992513347297,3.348216238804099,0,4.43268659836931,123.87592912,124.09229074331537,1,1,0,0,10,7,1,1,3177,0,18,2,,-4.339519719628728,-4.227199278478783,0,-6.356785389923177,3.510164929829734,,,,,,1.3273295535082974,47.80086674836077,94.04761904761905,-20.352510214933854,0,60.01553454773587,43.10518141612468,18.66929410073208,42.59005063931046,,,,1916371
2026-02-20,116.25794485,117.63029833,114.07688307,115.7286085,122.82203193420561,128.47165148956796,132.4694761424628,131.40761399220003,127.31186958387055,131.98007405305975,0,0,0,0,124.95922869461576,115.7286085,6.0707277086511615,0.919163923152186,4,3,111.45682857,110.90478415283864,112.00887298716135,108.69660648419323,123.87592912,124.80968702364423,,,127.569909109451,117.09504643562266,0,0,2,-9.098335545406249,0.25,-4.1839738144812015,4,17.290593836386183,14.052795110864992,0,4.4993120712495385,123.87592912,124.00907002447642,1,1,0,0,10,15,1,1,3177,0,19,3,,-4.156320367728349,-4.013819440790645,0,-3.2120847901814553,1.5153049910329672,,,,,,1.5003963853922337,51.893806930657945,96.03174603174604,-13.360687075881813,1,59.89637403531628,43.01665312575359,17.59633834092571,42.9406051686639,,,,2276890
2026-02-23,114.96401157,115.81683123,113.44952147,113.86612878,119.83673088280374,122.74677200827011,130.6977287746092,130.71971261132944,127.17808111816039,131.9578876313953,0,0,0,0,123.88542901455499,114.98697744982645,8.009996376956373,1.1032088439129157,4,4,113.6883246786723,113.1545753113082,114.22207404603641,111.01957784185173,119.1683951,119.1683951,118.63464573263589,119.7021444673641,121.83714193682057,113.6883246786723,0,0,2,-10.467175020349883,0.25,-4.103420622254269,4,17.254561658233566,11.814206537955933,0,2.053424605781044,119.1683951,113.6883246786723,1,1,1,0,10,15,1,1,3113,0,20,4,,-4.474500170736321,-3.9412566681393595,0,-3.4403130693433406,2.0097227567646794,,,,,,0.9709316577084185,55.65255952040849,96.82539682539682,-6.8912301088009,1,59.77155490878086,43.00807315095652,16.89951611161444,42.28959145431454,,,,1506548
2026-02-24,115.85604133,118.62035334,115.51295296,116.47360039,118.71568738520249,117.99931628433032,129.3430498808369,130.16104154382631,127.07156887210904,131.83354395851657,0,0,0,0,122.90267954495924,115.56089594212948,8.207222257418383,4.067381521767163,4,5,115.56089594212948,115.02282309600565,116.0989687882533,112.87053171151037,123.87592912,120.68868608,120.15061323387617,121.22675892612382,123.3790503106191,111.2016139447623,0,5,2,-8.340157106878365,0.25,-3.0914195675865668,4,17.42855133907725,25.581297288889257,0,3.0906719184104867,123.87592912,111.2016139447623,1,1,0,0,10,15,1,1,3112,0,21,5,,-3.720928589120492,-3.008958222156251,0,-2.7448288055034675,-0.42602521981354363,,,,,,1.4648341793143593,59.06709074155147,97.61904761904762,-2.165131007129531,1,60.374272843208765,42.19764465558381,20.21837296693198,38.95337605793635,,,,2379067
2026-02-25,115.83643628,116.88530644,113.58185556,114.61112067,117.34749848013499,114.07025002198615,127.94000900361434,129.5512407252449,126.94758431288408,131.6100772842529,0,0,0,0,122.03442692859527,115.31961747805437,6.998122749410174,3.6492342585531232,4,6,111.45682857,110.92769440145645,111.98596273854355,108.81115772728225,119.1683951,120.68868608,120.15955191145645,121.21782024854355,123.33435692271775,108.60130581519623,0,0,2,-9.717761633398823,0.25,-3.1582015575167355,4,17.417919772969462,18.115093060567713,0,2.9147868304276052,119.1683951,108.60130581519623,1,1,0,0,10,15,1,1,3112,0,22,6,,-3.902923703189086,-3.071580088246976,0,-3.2794308280695756,0.5584002330013265,,,,,,1.2640631954500134,61.411554170877835,98.80952380952381,1.7801717830078094,2,60.33744401788334,41.71409149127715,19.09135658775613,40.04054927499623,,,,2098640
2026-02-26,114.92480147,115.66979336,113.16034699,114.55230552,116.41576749342333,111.0217865789368,126.6649896242225,128.9630471877843,126.8242482054922,131.30365777027757,0,0,0,0,121.56667138335295,115.21276925673548,5.517280549352943,5.966220753603997,4,7,111.45682857,110.94308392804885,111.97057321195115,108.88810536024424,119.1683951,121.56667138335295,121.0529267414018,122.0804160253041,124.13539459310871,106.2558882569415,0,0,3.5,-9.676337813261132,0.25,-2.841185865052854,4,17.384267378328943,16.021324370081338,0,5.960464353754657,119.1683951,106.2558882569415,1,1,0,0,10,15,1,1,3112,0,23,7,,-4.0167330224636055,-2.772972078825297,0,-3.784807795795637,0.5929363827439365,,,,,,0.8035829171918792,63.39232658931346,100,5.266376846347501,2,60.22086870325587,41.32405892563241,18.258731715546695,39.02683077717024,,,,1336468
2026-02-27,113.61126313,117.20878976,112.78785105,116.90491149,116.57881549228222,109.1768784118182,125.73545837334417,128.49017912120453,126.72554833767636,130.94372455500167,0,0,0,0,121.26707988338242,115.43728362789504,15.491127050125774,20.46565412156605,4,8,115.65092186743867,115.13440060428759,116.16744313058975,113.06831555168331,123.87592912,121.26707988338242,120.75055862023135,121.7836011465335,123.84968619913778,104.55212475451172,0,5.5,0,-7.749531942452532,0.25,-2.07258251152025,4,17.63052628790613,26.056928877243454,0,6.472126636917148,123.87592912,104.55212475451172,1,1,0,0,10,15,0,1,3112,0,24,8,,-3.46043224252441,-2.0368367170437316,0,-0.9919536625151215,1.3581237553508074,,,,,,0.8701948308843032,64.62144291396321,100,5.808547211070493,2,61.07393458966425,40.49595016373649,19.523700144449634,36.04439189745125,,,,1468221
2026-03-02,115.19927216,116.28735242,113.83672121,116.20893222,116.45552106818815,108.35381089713073,124.82817016826378,128.0085615956671,126.62090539123182,130.54021922008084,0,0,0,0,121.02805175782001,115.50896206453336,24.297896333317425,22.09144670604851,4,9,115.6700361172089,115.16301467392576,116.17705756049203,113.13492890079321,123.87592912,121.02805175782001,120.52103031453687,121.53507320110315,123.56315897423569,102.89978011370047,0,4.5,0,-8.222949550914224,0.25,-2.0136633947197784,4,17.609591673033787,32.08947387665766,0,3.2369017569178737,123.87592912,102.89978011370047,1,1,0,0,10,15,0,1,3112,0,25,9,,-3.4068949194953397,-1.9792880648204896,0,-0.49793999588510207,0.891408760409167,,,,,,0.6903131609905458,64.70898592932205,100,6.07784421967079,2,61.001414956472686,39.72699202769028,18.468827405999768,34.096900074420255,,,,1133165
2026-03-03,113.70928838,115.04733303,111.59194301,114.12099443,115.67734552212544,108.32566449630085,123.808439145572,127.4639511185821,126.49652816773697,130.09602907305037,0,0,0,0,120.71899171725177,115.39193966081508,52.2136525318511,16.945956443034778,4,10,114.07688307,113.5648543261478,114.58891181385219,111.516739350739,123.87592912,115.7286085,,,118.288752219261,101.11811401726654,0,5,2,-9.783299128436761,0.03847206841294551,-2.2429542322319236,4,17.448233472115444,47.45103158387462,0,3.8275374840395995,123.87592912,101.11811401726654,1,1,1,0,8,11,0,1,3112,0,26,10,,-1.307776547303564,-2.201339678226821,0,2.299202831815508,1.5349138190477438,,,,,,0.6789286261309644,65.71430302525197,100,8.722096715037695,2,60.442453752055734,39.388995572167026,16.981913517607733,35.26614247304114,,,,1123224
2026-03-04,114.24842725,114.73855349,112.92998766,113.35639749,114.90369617808362,108.7253987302043,122.81300660694609,126.9107137213828,126.36578059880426,129.62257005735708,0,0,0,0,120.3615450994962,115.21339566247838,43.974098273685954,17.58325829262266,4,11,111.45682857,110.96522539865511,111.94843174134489,108.99881271327551,123.87592912,115.7286085,115.23700532865512,116.2202116713449,118.1866243567245,99.5929148,0,0,3.5,-10.295020572149545,0,-2.177468899203813,4,17.315463695848983,34.805022723203464,0,5.052490005719286,123.87592912,99.5929148,1,1,0,0,10,11,0,1,3112,0,27,11,,-0.7745847862875971,-2.138024244624243,0,-0.3425392193188026,0.682059217109199,,,,,,0.77419553713009,66.79626589115628,100,11.359541882687239,2,59.982525755649604,39.075141720609714,16.42410101059373,34.10773972147824,,,,1280886
2026-03-05,113.07212427,114.81697369,113.07212427,114.79736864,114.86825366538908,109.45352263876839,122.04961251485598,126.43568058093642,126.25067202209975,129.14463222314504,0,0,0,0,120.101036529541,115.17948572595643,46.11008933642263,35.044200852770174,4,12,114.07688307,113.60481539821545,114.54895074178454,111.71654471107726,123.87592912,115.7286085,,,118.08894685892274,99.5929148,0,4.5,0,-9.071875181856367,0,-1.6711371748648163,4,16.830553681496255,37.739032049620384,0,4.151542940001334,123.87592912,99.5929148,1,1,0,0,10,8,0,1,3112,0,28,12,,-0.34563284842311326,-1.6462066416412813,0,0.346419225171112,0.9831859749396139,,,,,,0.7843467766948271,69.58086069942584,100,19.34404956452978,2,58.302748191733855,38.75452579649033,16.030400587386783,32.98212798969069,,,,1295913
2026-03-06,113.74136875,114.54264296,111.9607594,114.27555156,114.67068629692605,110.27316832697488,121.30922575725064,125.95881277619381,126.13151659461617,128.66353542937438,0,1,0,0,119.8784277088766,115.1210059316558,27.481900965350704,39.65516655924169,4,13,112.78785105,112.32417562941434,113.25152647058566,110.46947394707173,123.84223431448306,116.90491149,116.44123606941434,117.36858691058566,119.22328859292827,111.59194301,0,6,0,-9.399684832713918,0,-1.6160246674116203,4,16.845582434454826,17.387703041444006,0,2.2916757042197196,123.84223431448306,111.59194301,1,1,0,0,10,8,0,1,3080,0,29,13,,-0.23115337782528556,-1.5923987372743964,0,-2.668838528616523,1.5223850387237503,,,,,,0.6724315536609528,71.93385076659465,100,23.2697897669451,3,58.35480931913114,38.66308392604855,15.154788413279839,33.32063213830429,,,,1099730
2026-03-09,112.69278769,113.32134279,109.57266548,110.63519465,113.32552241461737,110.69739241694933,120.29265136608392,125.3578865751666,125.97732433646078,128.15959295507966,0,0,0,0,119.3959788887532,114.73844950040478,33.38816101343056,18.735360851137383,4,14,99.5929148,,,97.23018579013805,115.204552475,111.45682857,110.98428276802761,111.92937437197239,113.81955757986195,99.5929148,0,0,2.5,-12.178485110133753,0,-2.1990657124012327,4,16.72127881200648,30.12702126018586,0,6.607460106443671,115.204552475,99.5929148,1,1,0,0,10,11,0,1,3080,0,30,14,,-0.4995705049526128,-2.1640031675395472,0,-0.1399374037208556,1.7030736145870362,,,,,,0.9487077584299066,75.77351408665919,100,30.8149312239326,3,57.92420893984036,38.992142664259404,13.808145642344138,34.87199828927654,,,,1584835
2026-03-10,110.42745689,110.59562556,107.71697376,107.78621968,111.47908816974491,110.48150090689478,119.10156263407592,124.66880159888557,125.79631831997858,127.61925955990071,0,0,0,0,118.74169365879028,107.78621968,33.4152026854344,10.399790805197574,4,15,99.59291480000002,,,97.26867442968177,113.60268554388,111.45682857,110.99198049593635,111.92167664406365,113.78106894031825,99.5929148,0,0,0,-14.316872608439663,0.03637310101211619,-2.5610030119057705,4,16.76471799727075,32.95063397077753,0,6.027677224263027,113.60268554388,99.5929148,1,1,0,0,10,15,0,0,3080,0,,15,,-1.2909848080969295,-2.513462912549843,0,-0.4776668996207256,0.9367574093761151,,,,,,1.0660565584991744,80.79764319040329,100,39.12712714124071,3,58.07468669167458,39.589384781684046,13.034175044784263,36.48168277530455,,,,1813396
2026-03-11,107.92471152,113.54352327,106.9750532,108.02363426,110.32727019982994,109.87320276516016,118.04652183654488,124.01604993853711,125.6194756925161,127.04864532294876,0,0,0,0,117.72283476925533,108.02363426000001,30.299846050045367,17.732188427180123,4,16,99.59291480000002,,,97.14145632800808,113.60268554388,111.45682857,110.9665368756016,111.9471202643984,113.90828704199194,99.5929148,0,0,4.5,-14.007255909574218,0,-2.254144757419559,4,16.739247430709604,27.461194499874814,0,5.714871740207899,113.60268554388,99.5929148,1,1,0,0,10,15,0,0,3080,0,,16,,-0.9890918037396833,-2.2177492124065172,0,-0.6707465264924721,1.6117716704292104,,,,,,1.8489225450567928,82.78714343812487,100,42.769798186247854,3,57.98645406091164,38.98992996025079,16.843408564067488,32.1178657836145,,,,3380079
2026-03-12,107.27182142,108.14728769,105.61981163,105.85722621,108.83725553655329,108.85444503601168,116.8856365387787,123.30393920408467,125.42283639418261,126.43806505723784,0,0,0,0,116.66431924507499,105.85722621,24.52312691979902,14.695412105425447,4,17,99.5929148,99.11507719038008,100.07075240961993,97.20372675190035,110.18467539228,111.45682857,110.97899096038007,111.93466617961992,113.84601661809965,99.5929148,0,0,2,-15.599719115497626,0.037372344457916123,-2.473028753911944,4,16.4090005717381,18.495814704196484,0,4.433205080154581,110.18467539228,99.5929148,1,1,0,0,10,15,0,0,3080,0,,17,,-1.298978755663329,-2.4292095571028947,0,-1.0589462190629746,2.908036538092789,,,,,,1.7841740166873863,84.03108076333147,100,47.8315723340416,3,56.84244538335428,38.686338200332386,16.047947948192665,33.13335983729312,,,,3482710
2026-03-13,106.84645363,106.84645363,103.88866365,104.60090739,107.4251394877022,107.55746817993331,115.71566233413311,122.57048697608136,125.21565302100666,125.78586184806915,0,0,0,0,116.15459594176525,105.4415097483933,18.51636872416477,14.13159494694702,4,18,99.5929148,99.12279960910293,100.06302999089708,97.24233884551461,120.95955821212,116.25345714896135,,,118.60403310344674,99.5929148,0,0,3.5,-16.463393460519065,0.09827387122090006,-2.4774124845539527,4,16.406538187655443,11.497651026920877,0,9.089960854635628,120.95955821212,99.5929148,1,1,0,0,10,15,0,0,3080,0,,18,,-1.7861909697672005,-2.433892571531572,0,-2.670706772252576,3.1927663221326363,,,,,,0.8860370381240128,83.46729130726142,99.60317460317461,46.861764967076255,3,56.83391543467646,38.71276534383792,15.146450435306711,34.55993418172948,,,,1722360
2026-03-16,104.59101512,105.35272023,102.30837284,102.88954395,105.91327430846813,106.03395126905453,114.49412724992996,121.79868528878404,124.99350268199167,125.08770422335093,0,0,0,0,115.41281846624284,104.63285435685104,10.89156285424028,12.789497537600758,4,19,99.59291480000002,99.12919759247059,100.05663200752944,97.27432876235287,119.98293849154001,104.60090739,104.13719018247058,105.06462459752943,106.91949342764715,99.5929148,0,0,3.5,-17.684086178646048,0.1154718808023982,-2.5750391716516665,4,16.348058727134305,6.223931176927273,0,2.1599339031136404,119.98293849154001,103.27881937054676,1,1,0,0,10,15,0,0,3080,0,,19,,-1.9237750464191856,-2.525089350693284,0,-4.077545830958403,4.083376896765347,,,,,,1.2045423738859051,76.94992587221579,98.41269841269842,35.87870326984468,3,56.6313366410328,39.00308810747108,14.258612205343267,35.576883942690806,,,,2414434
2026-03-17,103.54243405,104.09145527,101.47494874,101.71236332,104.51297064564542,104.34419965654283,113.27681639946044,121.01098638804741,124.76184955401166,124.34317711416304,0,0,0,0,114.52778685699764,101.71236332,58.68301469290638,8.321219056966958,4,20,99.5929148,99.13895858470481,100.0468710152952,97.32313372352407,119.98293849154001,104.60090739,104.14695117470481,105.0548636052952,106.87068846647594,102.13615606659594,0,0,3.5,-18.474787217732874,0.10048232404909843,-2.554290815503,4,7.028679224027153,48.395914690108654,0,8.983255655297633,119.98293849154001,102.13615606659594,1,0,0,0,8,15,0,0,2056,0,,20,,-1.8038585923927875,-2.5006368523139506,0,0.9078355268722449,0.23199510796940542,,,,,,1.5305714579472516,75.44235494164681,97.61904761904762,209.84956451678025,3,24.348059052237637,39.409659592556004,13.524830142562191,35.385220965844695,,,,2981786
2026-03-18,100.27798357,101.3364569,99.39757116,99.63498574,102.88697567709696,102.50036656430822,111.97759443189278,120.17271185282986,124.5118310085986,123.54844152948957,0,0,0,0,113.8938470346101,100.86548529517354,42.93136248522484,8.339119074390656,4,21,99.5929148,99.15071624151162,100.03511335848839,97.38192200755807,118.69877354,104.60090739,104.15870883151162,105.04310594848839,106.81190018244193,100.26900451277247,0,0,2,-19.979503206310284,0.12332938260498022,-2.714862397126857,4,6.428230668286114,39.033988222640644,0,8.64130304056693,118.69877354,100.26900451277247,1,1,1,0,10,15,0,0,2056,0,,21,,-1.9866350608398418,-2.6528310955307135,0,0.49736544449184716,1.1052173280232933,,,,,,1.0703247106904716,75.46312060191806,97.61904761904762,238.88526440373377,3,22.26804424048797,40.11324717779544,12.892697121854678,37.92586062697274,,,,2052182
2026-03-19,98.72489652,99.43714026,97.082779,98.02254505,101.26549880139797,100.55835040922338,110.64854210980775,119.30407786056203,124.24825602393594,122.70331684434869,0,0,1,0,113.18826623279931,99.98919984176209,26.39590723706464,7.525245928406733,4,22,97.082779,96.64937849265364,97.51617950734637,94.9157764632682,116.75352149842,99.59291479999999,,,101.75991733673179,87.3745011,0,16,3.5,-21.107508316964747,0.17157446777184726,-2.760392322106638,4,6.461280765796511,21.545896721450912,0,9.077397079602289,116.75352149842,98.26755924556244,1,1,0,0,10,15,0,0,2056,0,,22,,-2.372595742174778,-2.6984387800590217,0,-2.51043599296992,0.9110974052641068,,,,,,1.1599629896699104,78.9725282354622,98.41269841269842,252.83105693758498,3,22.3825331366542,41.09320119924808,12.214818101068095,40.700524852188856,,,,2242993
2026-03-20,97.93351458,98.8831729,95.04497051,95.34173874,99.29091211426531,98.48457820991993,109.1907513126832,118.36437828720666,123.96062898628483,121.80090401319977,0,0,0,0,111.88255439785333,95.34173874,36.80445428529942,6.688654913597047,4,23,95.04497051,94.60825751755338,95.48168350244661,92.8614055477669,115.4941558516,99.59291479999999,99.15620180755337,100.0296277924466,101.77647976223308,95.90348144450434,0,0,3,-23.08708053542651,0.20713467509780092,-3.0164654773960677,4,6.72999986519369,18.595588101658482,0,9.365045554077307,115.4941558516,95.90348144450434,1,1,1,0,10,4,0,0,2056,0,,23,,-2.6570774007824074,-2.9455916062134504,0,-0.2808199216796954,3.7620567784384145,,,,,,1.9726693788914182,82.44485854161128,98.80952380952381,253.63716363856105,3,23.31340340289433,42.2627322127202,11.256299069612378,41.67296797642321,,,,3982760
2026-03-23,97.45868542,101.61344058,96.41010435,99.97132307,99.51771576617688,97.05877125082814,108.31271052766576,117.64308200417895,123.72192942492876,120.87962972742694,0,0,0,0,111.30441803086524,97.24362474591567,19.37449116022454,37.88704884791481,4,24,99.5929148,99.131398254871,100.054431345129,97.28533207435498,115.4941558516,104.60090739,104.139390844871,105.062423935129,106.90849011564502,95.04497051,0,3.5,2,-19.19676363383907,0.06479110645847283,-1.7652554507926954,4,8.772575545413408,12.318412820292039,0,4.141102623884876,115.4941558516,95.04497051,1,1,1,0,10,15,0,0,2056,0,,24,,-1.5183288516677826,-1.746333659843528,0,-2.9787379552326936,2.6837237912369067,,,,,,1.3334879238150958,85.95678505154032,100,182.8540645291355,3,30.389093115784554,42.201572609753136,15.172553507408661,36.616648128489295,,,,2776977
2026-03-24,98.70511197,102.2960075,98.42812829,101.90031653,100.31191602078458,96.47653507192034,107.70200633741187,117.02571865225036,123.5047989483623,119.95924220095759,0,0,0,0,110.96291193136545,98.36969579797233,15.420952545168504,74.7436848855158,4,25,99.59291479999999,99.12982908657663,100.05600051342334,97.27748623288319,115.4941558516,104.60090739,104.13782167657665,105.06399310342336,106.9163359571168,95.04497051,0,3,0,-17.492828296813958,0,-1.2011916995494396,4,8.655742774476582,12.773778618618316,0,4.1270704765896475,115.4941558516,95.04497051,1,1,0,0,10,8,0,0,2056,0,,25,,-0.8362707226945846,-1.1958217721346736,0,-2.285148328681651,3.1961160162715174,,,,,,1.0408635118700391,89.14467837890815,100,197.30379818268992,3,29.984372525281273,41.87484467361443,15.35708984254996,33.885960113700904,,,,2155979
2026-03-25,102.85492099,104.54155375,102.37019956,103.98758639,101.53713947718973,96.77484911933203,107.34825205670599,116.51441934784839,123.3105978283786,119.05897139450099,0,0,0,0,110.69971631298584,99.53287157680174,34.51394115001261,90.35217227848099,4,26,103.88866365,,,101.6207104617844,115.4941558516,104.60090739,104.14731675235689,105.05449802764312,106.8688605782156,95.04497051,0,3,5.5,-15.670195245725763,0,-0.6633846285344787,4,8.995736384650888,39.845890611444986,0,4.213463015750563,115.4941558516,95.04497051,1,1,0,0,10,8,0,0,2056,0,,26,,-0.5541426456828669,-0.6637118418276923,0,0.6327043283700564,2.9341239495446896,,,,,,1.1177203353046257,92.07738560423472,100,195.47833046546637,3,31.162144939422603,40.72115894333997,18.978844090912723,32.12420679040557,,,,2327993
2026-03-26,103.33469629,105.33293568,103.26545037,104.14586278,102.40671391145982,97.6913526374606,107.0432626017816,116.02937791381513,123.11990394730022,118.18323094625237,0,0,0,0,110.51177958133817,100.1759826714762,38.98510213278619,90.87555301391505,4,27,103.88866365,,,101.69040866674622,115.4941558516,104.60090739,104.16125639334925,105.04055838665076,106.79916237325378,95.04497051,0,3,6.5,-15.411026616315256,0,-0.560960947773647,4,9.008351186839022,38.38106628068422,0,4.347055711369597,115.4941558516,95.04497051,1,1,0,0,10,8,0,0,2056,0,,27,,-0.20720876868294769,-0.561624767885519,0,0.08898739178415216,2.9711301792292506,,,,,,0.8644553626382163,94.81179291342711,100,203.82704351541835,3,31.205843896057157,39.36444809817118,19.789140048575167,30.7754030529662,,,,1821454
2026-03-27,103.94801729,104.56133829,103.05771262,103.88866365,102.90069715763988,98.85181783146406,106.74282460637383,115.55327147209688,122.92854832245146,117.33243235773051,0,0,0,0,110.18058636147279,100.93249457324994,48.9041737484015,95.76646998887392,4,28,100.93249457324994,100.51082199002067,101.3541671564792,98.82413165710358,115.4941558516,103.88866365,104.7562074514219,105.59955261788043,107.93471895583417,95.04497051,2,2.5,2,-15.4885784728445,0,-0.5536689839392809,4,8.621017085113492,20.233967017965746,0,2.1857568598352857,115.4941558516,95.04497051,1,1,0,0,10,8,0,0,2056,0,,28,,-0.05624024092239963,-0.553189907064478,0,0.3815465729914953,3.9785019474106447,,,,,,1.5192079962275842,97.3362726781332,100,225.93093528183874,3,29.864079208671818,38.15443331393463,19.15909258682712,30.235442157414752,,,,3343500
2026-03-30,103.63146452,104.49209237,102.2960075,103.22588128,103.00909186509325,100.00800498967358,106.40787762290965,115.06984440574014,122.73250188421811,116.50454759037369,0,0,0,0,109.99000400287268,101.16868193147081,39.851311512639676,93.62071039268349,4,29,101.16868193147081,100.7575209178472,101.57984294509443,99.11287686335277,115.4941558516,103.22588128,104.77448969637638,105.5968117236236,107.78138047898888,95.04497051,2,2.5,2,-15.893606261379754,0,-0.6279847069179508,4,8.62115967223658,19.161752770153395,0,1.7958318973726946,115.4941558516,95.04497051,1,1,0,0,10,8,0,0,8,0,,29,,0.10553212569308189,-0.6256820974481042,0,-0.3411784418223389,3.470013782125984,,,,,,0.8416369066978514,99.58262083919226,100,233.44732689077117,3,29.86457314495521,37.21907782458045,18.24541261460198,30.447622566248942,,,,1883881
2026-03-31,104.77896833,104.90756789,102.72137529,104.61079967,103.54299446672884,101.221657470787,106.23672734168017,114.6596857886523,122.55218643930051,115.70896022535896,0,0,0,0,109.7955928994531,101.59382634154765,44.38469653072899,95.7491118336512,4,30,101.59382634154765,101.19251439496858,101.99513828812673,99.58726660865231,105.33293568,104.61079967,104.95140828342093,105.75403217657907,108.11806346263253,95.04497051,2,2.5,0,-14.639793291804537,0,-0.28104415546614747,4,8.725333367153828,34.05032458732222,0,2.727433613660397,105.33293568,95.04497051,1,1,0,0,10,8,0,0,8,0,,30,,0.5122606803159762,-0.28293770913441724,0,0.04228867429873917,4.928171263263124,,,,,,1.1153835735803799,101.99713490964851,100,237.45457519329847,3,30.225441409772912,36.175773787529245,18.282335395802075,28.96666813244604,,,,2577740
2026-04-01,104.61079967,104.80369901,103.43361904,104.04694004,103.7109763244859,102.35536731147617,106.02817617009158,114.24349968086202,122.36805463433235,114.94224658460082,0,0,0,0,109.57311750635326,101.89051398192136,56.07537244403146,94.70931074996132,4,31,101.89051398192136,101.50563431750865,102.27539364633407,99.96611565985783,105.33293568,104.04694004,104.80077104558728,105.5705303744127,107.88273632530164,95.04497051,2,3.5,3.5,-14.972138479344649,0,-0.36134891182112266,4,8.722564343497464,29.303219173716233,0,2.3468320162086234,105.33293568,95.04497051,1,1,0,0,8,8,0,0,0,0,,,,0.7640073842807168,-0.3609005778262004,0,1.4307213492389317,3.412526716631258,,,,,,1.2011173155146357,104.98552419644882,100,247.45184024363246,3,30.215849230452545,35.206991467410276,17.701257170796715,28.046003472361853,,,,2871397
2026-04-02,104.2151087,105.02627518,101.8162322,102.35536115,103.25910459965726,103.17309109030907,105.67838426341619,113.77729816984782,122.16892335588129,114.19389105579391,0,0,0,0,109.3893853313059,101.92559554179665,52.48460545050109,95.13212409900763,4,32,101.92559554179665,,,99.9953487525591,105.33293568,102.35536115,103.50261429215249,104.27471300784751,108.11467004278009,95.55058601096049,2,0,5,-16.21816879581059,0,-0.6616813161594864,4,8.612499812755367,20.535281288781054,0,1.18152633687872,105.33293568,95.55058601096049,1,1,0,0,8,8,0,0,0,0,,,,0.7579352344594237,-0.6584741794346941,0,0.380995090046246,3.9105432027038303,,,,,,0.7999396048326701,107.37135035318835,100,259.8889949341804,3,29.83457451173947,34.7560213683248,16.387079445035567,29.704511963078467,,,,1938022
2026-04-06,101.17818052,104.03704776,101.17818052,104.01726321,103.51182413643818,103.85423985735888,105.52018225832893,113.39455170083419,121.98830982209142,113.47378902546393,0,0,0,0,109.27805553128727,102.04907978626588,44.35972415058295,95.98530344730158,4,33,103.88866365,,,101.96866362963655,110.11539544330851,105.17026272666666,104.78626272259397,105.55426273073935,107.09026274703011,96.55004023269136,0,4,0,-14.731777691075909,0.06326317509013848,-0.254649409649719,4,8.885139385338487,34.37156720390692,0,4.489699167994562,105.33293568,96.55004023269136,1,1,0,0,10,8,0,0,0,0,,,,1.5061054007211079,-0.256006346136467,0,-0.3135809991738485,4.382656565962076,,,,,,0.658073863568134,109.17545755820417,100,254.7073212725321,3,30.779025695475127,34.50654823521309,15.297782474987757,29.213531496479785,,,,1611150
2026-04-07,103.43361904,104.16564733,102.38503797,102.72137529,103.24834118762546,104.15734927376147,105.25362921372617,112.97599576315442,121.79659903072734,112.77189289747538,0,0,0,0,109.16952620027241,102.07983975998137,27.653053699308007,97.55359043374139,4,34,102.07983975998137,101.70737002977101,102.45230949019172,100.2174911089296,105.33293568,102.72137529,104.79779299645631,105.54273245687702,107.14540517168284,97.03889627182055,2,0,2,-15.661540545902241,0,-0.4849113427247236,4,8.446504360294893,5.304161098550182,0,1.2844576483777979,105.33293568,97.03889627182055,1,1,0,0,10,8,0,0,0,0,,,,0.47116353638420694,-0.49363008191437574,0,-2.354972692049288,6.121759014086852,,,,,,0.5375002266924291,109.86200258848902,100,275.4740071309276,3,29.25954939676562,34.20755205897918,14.953089611957612,27.966596812880763,,,,1308526
2026-04-08,105.47142752,106.55957768,104.69983013,106.25291718,104.24986651841697,104.55085805190087,105.34879949622844,112.71234562263855,121.64193552972507,112.10712195433926,0,0,0,0,109.10128520125535,102.33903087616433,35.753069500477196,98.26025226967552,4,35,103.88866365,103.50852923632253,104.26879806367747,101.98799158161265,108.54019677037657,108.73414667875751,108.35401226508004,109.11428109243498,110.63481874714486,97.1805267196233,0,2.5,0,-12.651079812820418,0,0.28495678444708095,4,8.88696945453918,31.989098466064352,0,6.0787024502006926,105.33293568,97.1805267196233,1,1,0,0,10,8,0,0,0,0,,,,0.7121983356160895,0.2691477002829937,1,-0.22950220731129756,5.902980341622108,,,,,,0.7766885101382159,111.06402190883031,100,260.76889469668305,3,30.78536524114906,32.758274151219055,19.22789450814851,25.44536788171774,,,,1893950
2026-04-09,105.99571805,107.95933448,104.69983013,107.39052872,105.29675391894465,105.12381814496798,105.54324989849239,112.5036469205743,121.50013048684224,111.48035194595501,0,0,0,0,109.05609054792042,102.67844929883505,63.29699530915139,90.70383141300405,4,36,103.88866365,103.50657897703164,104.27074832296836,101.97824028515817,108.39908559699099,108.62564264664066,108.2435579736723,109.00772731960902,110.53606601148249,101.17818052,0,4,0,-11.612828488583574,0,0.4919630999960108,4,8.955886509376642,50.765665739413855,0,3.898330738462909,105.33293568,101.17818052,1,1,0,0,8,8,0,0,0,0,,,,0.5444295041956858,0.4777824269284171,2,3.1591523230311243,1.9481476561927091,,,,,,0.9231577608636575,112.1244469671216,100,261.41078591956915,3,31.02410092212205,30.814968120304886,21.03429744890798,23.507238971389516,,,,2196482
2026-04-10,108.06320336,108.35007931,105.83249553,106.35183992,105.64844925262976,105.66730953822771,105.62025847196931,112.26239958721844,121.34940122747068,110.88079028287869,0,0,0,0,108.99840346207183,102.87140018040583,67.72415550520516,90.91757600154483,4,37,105.33293568,104.95566434277939,105.71020701722063,103.44657899389688,108.48147275324959,108.63673991512242,108.2594685779018,109.01401125234304,110.52309660122555,101.17818052,0,0,3.5,-12.358990778502148,0,0.2354236870602154,4,8.769098872932885,41.4640894609082,0,3.9539496692592424,108.48147275324959,101.17818052,1,1,0,0,8,8,0,0,0,0,,,,0.3510555123476041,0.2216865972438359,3,1.3693063971320063,2.9263675296044265,,,,,,0.7893915488215452,108.81580931655976,98.41269841269842,258.2171766526712,3,30.377049569029467,28.847618834791888,20.705784289516792,22.10664026742294,,,,1812279
2026-04-13,106.30237855,108.67652436,105.43680456,108.60727844,106.63472564841985,106.40910462904503,105.9047365641627,112.1190615030138,121.22261393605307,110.31916088653429,0,0,0,0,108.98787966279458,103.23703247455936,77.46848347847362,80.16136320660608,4,38,102.29099596443895,101.91174651023408,102.67024541864382,100.39474869341461,105.33293568,109.09761499765784,108.71836554345298,109.47686445186271,110.99386226868218,101.17818052,0,4,0,-10.406750924136862,0,0.6729301617507492,4,8.90473427077691,52.494181858563636,0,4.176372247792259,105.33293568,101.17818052,1,1,0,0,8,8,0,0,0,0,,,,0.7425343127702441,0.6618319625925133,4,2.659876620550227,0.9121725299980395,,,,,,1.0094284898933565,98.46234121991002,96.42857142857143,219.1968310324217,3,30.846904369770805,27.179799736988336,19.126515152203808,21.352090184769665,,,,2349069
2026-04-14,108.31051022,109.39866038,107.55869738,108.71609346,107.32851491894657,107.19269436462814,106.17248483995674,111.98561177583679,121.0981709462416,109.79292928126833,0,0,0,0,108.98295336233939,103.46661630126857,66.87307863046887,83.76783750413286,4,39,102.085796675,101.71720822645263,102.45438512354737,100.24285443226312,105.33293568,109.56165442454893,108.98295336233939,109.94753847954647,111.42189227373598,101.17818052,0,1.5,4.5,-10.224826179858903,0,0.6302627006686632,4,8.694608854852579,30.329918223959652,0,4.506667740478809,105.33293568,101.17818052,1,1,0,0,8,8,0,0,0,0,,,,0.8634793254868498,0.6212940696076015,5,0.7765853725245822,2.399290452948934,,,,,,0.7047128833623224,81.41786392319987,92.46031746031746,170.32053101887809,3,30.119008577085836,25.305018878020018,20.02331293058617,20.400412815832286,,,,1611671
2026-04-15,108.32040249,109.28984536,107.07397594,109.25027626,107.96910203263104,107.99282817895455,106.46560783234182,111.87834371639221,120.980281446876,109.30208234150147,0,0,0,0,108.98924300344889,103.77178012582641,63.3342899226842,90.33975835509298,4,40,102.085796675,101.72375142438457,102.44784192561542,100.2755704219229,105.33293568,111.36889840256049,111.00685315194507,111.73094365317591,113.1791246556376,101.17818052,0,1.5,0,-9.695799221649848,0,0.6777443072171677,4,8.565496523425598,19.640461081887615,0,5.629527173875558,105.33293568,101.17818052,1,1,0,0,8,8,0,0,0,0,,,,0.7136685763541325,0.6690337678037646,6,0.9692687042212236,4.414896705678498,,,,,,0.9543157079928748,48.54362592656415,80.15873015873017,63.60216491532476,3,29.671750341255432,23.778788320504706,18.929106604202634,20.48099402870916,,,,2142461
2026-04-16,109.48769085,110.62530238,108.99307714,109.98230456,108.64016954175403,108.83795813822556,106.80053133021403,111.80398923967094,120.87084884103645,108.84763660460713,0,0,0,0,109.00407281904651,103.9759745066169,73.48582498848934,89.01171937059276,5,0,102.085796675,101.73503835978568,102.43655499021432,100.33200509892839,105.33293568,111.62282824838789,111.27206993317357,111.97358656360221,113.3766198244595,101.17818052,0,0,6,-9.008412189904066,0,0.7604813031173135,0,8.180637550946717,34.51435492913615,0,5.955466927138122,105.33293568,101.17818052,1,1,0,0,8,8,0,0,0,0,,,,0.9136199886183837,0.7497066371809809,7,1.925319502447266,2.8670808222488118,,,,,,0.6242273827349707,48.325895842195855,80.15873015873017,70.53052894448746,3,28.33855975309108,22.41201289004083,21.542045790366043,19.63004191337375,,,,1380439
2026-04-17,110.72422512,114.58221206,110.72422512,112.56418812,109.94817573450268,109.89471724507537,107.34945102447936,111.83380096046815,120.78819550052862,108.44115214565173,0,0,0,1,109.08080034240298,104.37320389950277,84.86135491939561,47.30031557433253,5,1,111.70708784258017,111.34031309005972,112.07386259510061,109.87321407997797,116.75352149842,113.46521040220014,,,115.29908416480234,101.17818052,0,1.5,10,-6.808618463459558,0.07443762482444141,1.2055403013979327,0,8.053643220723323,88.42196647072696,0,2.7517890046472675,112.51020407648545,101.17818052,1,1,0,0,8,10,0,0,0,0,,,,1.5955009985955313,1.18857317501665,8,4.07208745458718,-3.5191652413205317,,,,,,0.9250570858341832,47.93848222291618,80.15873015873017,71.83090222276424,3,27.89863848865089,22.56313556621339,28.76230904374057,17.43191446199486,,,,2036137
2026-04-20,112.52461903,112.52461903,110.51648736,111.37711522,110.42448889633512,110.87104359832472,107.73303809071942,111.81589171574392,120.69455291067261,108.07036292171576,0,0,0,0,109.13238754889333,104.70240565745029,89.66261502610615,67.22013290483753,5,2,106.24168811027027,105.5239689134466,106.35183992,104.08853051979925,112.40368375596894,112.32827644371498,111.6105572468913,112.82629838680012,114.26173678044746,101.17818052,0,0,3.5,-7.719849376772254,0.014353619178006038,0.8441948064479684,0,7.438124460282871,46.47857573179846,0,2.8618414522787754,112.40368375596894,101.17818052,1,1,0,0,8,8,0,0,0,0,,,,1.1148289534240483,0.8310212255851123,9,3.5325636188511336,2.801186481432068,,,,,,1.0287498792652474,47.046965405259215,79.36507936507937,82.5902368689891,3,25.76641895646153,22.5998200736585,27.29693784850964,17.060659824533616,,,,2171192
2026-04-21,113.51384645,115.51208583,109.67811712,113.7611533,111.53671036422341,111.95228115949138,108.3071443011271,111.89217648375396,120.62556385982015,107.74517475546789,0,0,0,0,109.26573883238338,105.23177154248731,93.72235115635294,75.40380119589999,5,3,113.7611533,111.57547702472729,112.34610857731357,107.59610087930986,118.69877354,115.19927216,114.81395638370687,115.58458793629315,117.12585104146568,101.17818052,1,1.5,6,-5.690676453788291,0.08733921783369814,1.231861417853409,0,6.352171610925884,59.30389903790082,0,0.8009048266044201,,101.17818052,0,1,0,0,8,8,0,0,0,0,,,,1.698713742669585,1.2154007662639883,10,4.798233159033341,2.4204646981009694,,,,,,1.3555086532726208,45.98127858791723,78.96825396825396,108.96242416337752,3,22.004567937040544,23.473839673223335,30.52937934046384,14.754310403023142,,,,2866917
2026-04-22,113.64244601,114.61188888,110.29391119,110.53627191,111.20323087948228,112.61608830216453,108.5194421686388,111.83900375537145,120.52517289514532,107.43928887114936,0,0,0,0,109.29667510318274,105.48735992136307,93.24997845293618,83.51391342467294,5,4,106.12131192036348,105.33293568,106.35183992,103.74754930769694,113.71678919304222,111.65047588717039,111.25412929409462,112.04682248024615,113.63220885254921,101.17818052,0,0,3.5,-8.287813031254045,0,0.4665619634784911,0,7.105635747400396,38.18544406673849,0,3.199762786787868,113.71678919304222,101.17818052,1,1,0,0,8,8,0,0,0,0,,,,0.6193246013752548,0.46041815065898156,11,3.154025042324088,3.439768153666988,,,,,,1.1652194928112283,44.69720644100992,78.57142857142857,81.5878627058985,3,24.614644269150276,24.28542930139068,27.5597296795566,13.31913111566747,,,,2483537
2026-04-23,110.6945483,111.11991609,107.99395744,108.60727844,110.33791339965485,112.69420686344722,108.52780752781607,111.71226942927845,120.40658688066625,107.13729881170345,0,0,0,0,109.28576792244306,105.58354925511973,91.78311451096184,85.62984124445431,5,5,106.14696240936527,105.35506947490313,106.35183992,103.77128360597885,113.54352327,109.28576792244306,108.88982145521199,109.68171438967413,111.26550025859841,101.17818052,0,0,5,-9.799553949951614,0,0.03716365830491833,0,7.204852120134017,39.15525760218925,0,3.1134515533376246,113.54352327,101.17818052,1,1,0,0,8,8,0,0,0,0,,,,0.14975529559349385,0.03824854811177412,12,2.727157656038637,2.8747631806934284,,,,,,0.7819248116571784,43.8411894938761,78.17460317460318,75.65747453128809,3,24.95833986618492,23.88234211237848,25.617038862530173,17.56664619002063,,,,1639676
2026-04-24,108.18191065,108.70620118,107.14322186,107.56858965,109.41480548310324,112.26679509764244,108.43645344421454,111.54977218303223,120.27884561468947,106.82975680812473,0,0,0,0,109.26755425658924,105.6241695862092,91.7143297628348,84.61627238215101,5,6,105.48676856698913,105.10514881777456,105.86838831620369,103.5786698209163,113.54352327,109.85735361940587,109.26755425658924,110.05957054380013,111.5860495406584,101.17818052,0,2,2,-10.56732453635819,0,-0.1712782208661931,0,7.3005624869215975,44.228647364112426,0,4.222399244060599,113.54352327,101.17818052,1,1,0,0,8,8,0,0,0,0,,,,0.15278459729071656,-0.16744406384518964,0,2.9435112488912574,2.421945847802705,,,,,,0.5389572175800947,44.76045133429578,79.36507936507937,76.98950370741717,3,25.289890302359204,23.12112732440516,24.680268171281657,18.914689006243623,,,,1111035
2026-04-27,107.12343731,108.4687866,104.4526222,105.41207388,108.08056161540216,111.25976586694676,108.14841729524173,111.30907813193294,120.13091753772738,106.50308433605672,0,0,0,0,109.20602782844905,105.61773509552549,86.53402996720669,90.80196229965546,4,0,100.97172124174838,100.58150143533486,101.36194104816191,99.02062220968077,113.54352327,105.41207388,108.86706646553328,109.64750607836034,111.5905450513082,101.17818052,2,0,2,-12.252336000934068,0,-0.5817563888702116,4,7.614329364128691,25.755215478263054,0,0.6852655361833677,113.54352327,101.17818052,1,0,0,0,8,8,0,0,0,0,,,,-0.5078039462091756,-0.5736997203700679,0,2.404214092130065,4.449151872863733,,,,,,0.8582679942247746,44.51893166858211,78.96825396825396,68.78057116873642,3,26.37681064846903,21.613359673651715,22.41231530437794,23.332882616119747,,,,1698695
2026-04-28,106.44087039,106.83656136,103.79963318,104.27446234,106.81186185693477,109.8745121695251,107.77946920426632,111.03321084597478,119.97314186411816,106.15159106185823,0,0,0,0,109.16115839640584,105.59468975732494,46.06279735926526,95.1558267493013,4,1,101.07221671960376,100.68275432632691,101.4616791128806,99.12490475321954,110.18061883346,104.27446234,104.21144499672316,104.99036978327685,109.95226050621476,101.07221671960376,2,0,6.5,-13.08516162884066,0,-0.7496824372707602,4,7.6708397396183,2.5405400860267378,0,0.5639942679630502,110.18061883346,101.07221671960376,1,0,0,1,10,5,0,0,0,0,,,,-0.6892003083627721,-0.7394978372201249,0,-3.328495010499376,6.903966558066211,,,,,,0.5054009844002357,43.040397400842636,77.77777777777777,61.97304251490902,3,26.57256833147462,20.451109328371576,20.85190900773199,23.20538573943768,,,,977389
2026-04-29,102.93900533,103.70565658,101.74204015,102.16740794,105.26371055128985,108.12362931198399,107.2449871790981,110.68553230064244,119.79597038228614,105.76431907043782,0,0,0,0,109.0898507346685,105.52938797098207,24.991422138073332,90.39907943087904,4,2,100.38003184502568,99.6115227184044,100.65145151572419,98.07450446516184,105.28834531478,102.16740794,108.05252996860013,109.0750768338504,109.62045221801965,100.65145151572419,2,0,2,-14.715488664627754,0.00877849432814598,-1.0974765078709623,4,7.81746721888506,2.5802796744200123,0,0.20340096848030795,105.28834531478,100.65145151572419,1,0,0,0,10,8,0,0,64,0,,0,,-1.0702279546251678,-1.0827637427086472,0,-3.8254360895174346,6.4590716361646425,,,,,,0.5948241485050781,41.21918080166028,76.98412698412699,52.20981722906741,3,27.080500819226184,20.070880838728968,19.624908125535942,26.620938383002,,,,1106569
2026-04-30,102.79062121,106.08474852,102.77083666,106.07485625,105.5340924508599,106.67385700352554,107.13354613823162,110.50472147512704,119.65944188345742,105.36928797360277,0,0,0,0,109.0293249994902,105.54950035103603,58.12137896251904,95.5751473298382,5,0,105.46685677094294,104.6832886430089,105.54950035103603,103.1161523871408,110.18061883346,108.1037628504181,107.80358053180012,108.88733097835214,110.45446723422023,101.17818052,0,1.5,0,-11.352706831683337,0.15,-0.20102443169487946,0,8.700275986928679,32.62389672352964,0,2.9461732313683506,110.18061883346,101.17818052,1,1,0,0,8,8,0,0,64,0,,1,,-0.5905769511632012,-0.19594049412305592,0,2.8762888050246964,3.898511835733665,,,,,,1.2163368630389375,40.1422685873887,76.19047619047619,33.19203672177208,3,30.138640098463853,18.77993014721629,23.294744573526632,24.24437225994684,,,,2223377
2026-05-01,106.52990086,106.86623818,103.12695854,103.85898683,104.97572391057327,105.33729813343072,106.82168334697147,110.2441044302201,119.50222342521405,104.95513979403049,0,0,0,0,108.94881014511968,105.50177007076387,49.06687616192134,97.2337510734576,4,0,101.1724641660297,100.77527825270317,101.56965007935622,99.18653459939709,108.45252915500001,103.85898683,104.20372147667348,104.99809330332653,110.04372548661217,101.1724641660297,2,0,3.5,-13.090330997066157,0.1821651349752157,-0.6219833517646888,4,8.8111966235047,9.230398931730704,0,0.4343793348645571,108.45252915500001,101.1724641660297,1,0,0,0,10,8,0,0,64,0,,2,,-1.2573210798017256,-0.6126028667435418,0,-0.09993277060457473,5.80906083795582,,,,,,0.9633612120526289,38.086669978791775,75.7936507936508,24.78071994292583,3,30.522880454778957,17.57836056969771,23.093404034412345,22.20645274258955,,,,1751995
2026-05-04,102.95878987,104.7492915,102.36525342,102.40482252,104.11875678038217,104.06024236308699,106.40102993487895,109.93668161021148,119.33210003312237,104.51698368256744,0,0,0,0,108.87616906086039,105.4399983374454,40.29782234246295,98.03691662068013,4,1,100.98388916598347,100.87931661646395,101.74204015,99.31891043553686,106.832661925,102.40482252,104.21080584476823,104.99100893523178,107.87010386185416,101.74204015,2,0,5,-14.185016025381236,0.1872991433957499,-0.850883097660581,4,8.774080476264205,8.127669804248576,0,0.12127140919979518,106.832661925,101.74204015,1,0,0,0,10,8,0,0,64,0,,3,,-1.2983931471659993,-0.8389390237061479,0,-0.5940176841742044,5.746872058975866,,,,,,0.7011293494276638,34.87258208791055,71.03174603174604,14.733929727784597,2,30.394306349175466,16.467766923478482,21.833302766096732,22.738124819017045,,,,1262884
2026-05-05,101.82117834,103.95296343,101.28996322,103.16652763,103.80134706358811,103.01329245246231,106.09298209631905,109.67118537569338,119.17124856642464,104.06466921830818,0,0,0,0,108.8228972047575,105.40216475613906,65.32717239547836,96.49134876056117,4,2,101.05727898901573,100.96282917370755,101.74204015,99.41877342677526,106.832661925,104.60090739,104.21489345326692,104.98692132673308,106.53097707366537,101.74204015,0,3,2,-13.430018673928545,0.21098619816763406,-0.6095503234649842,4,8.719471889494953,37.34875105071933,0,1.4812248822906635,106.832661925,101.74204015,1,1,0,0,8,8,0,0,64,0,,4,,-1.4878895853410725,-0.6002967843863445,0,3.423308559882484,3.7307768554273557,,,,,,0.5988051660769639,31.142461535161235,66.26984126984127,3.1031969505801618,2,30.205136655547708,15.829269810442101,20.48846582410565,23.824720228663857,,,,1071479
2026-05-06,104.70972241,105.669273,103.13685081,104.35360054,103.98543155572541,102.34803016089998,105.92732671000294,109.46265263703874,119.02380928257962,103.61156900249614,0,0,0,0,108.77133753572188,105.38078234487459,80.78834226804909,93.89139353909422,5,0,100.45138334281738,99.68927849263453,101.17818052,98.16506879226883,106.86623818,104.35360054,104.21985496490858,104.98195981509143,108.7176924007314,101.17818052,2,0,3.5,-12.325440456833672,0.15,-0.3029246363270978,0,8.077467232029495,44.7853057923779,0,0.7276244683510914,106.86623818,101.17818052,1,0,0,1,8,5,0,0,64,0,,5,,-0.8847546684707605,-0.29922328809364324,0,4.076743969507813,3.3830004863453067,,,,,,0.7608131467265671,31.256089935194098,66.66666666666667,11.70402441462713,2,27.98116728469566,14.836643789198527,23.29426440285316,22.411007503516274,,,,1340309
2026-05-07,104.30413916,105.52078997,103.91843939,104.11618595,104.02901635381694,102.0533346012459,105.75483711381219,109.25298727676271,118.87547472205644,103.16102250982492,0,0,0,0,108.71817282722476,105.35547529705192,88.44300481791613,90.99823698376463,5,1,100.11502931950635,99.5929148,100.43728290894418,98.12035041466042,106.86623818,104.11618595,104.23276629366511,104.9690484863349,108.46591874067914,100.43728290894418,2,0,3.5,-12.415755904710563,0.15,-0.31527349839541513,0,7.986019343340094,47.81575150925179,0,0.8457767909190156,106.86623818,100.43728290894418,1,0,0,0,8,8,0,0,64,0,,6,,-0.6471427672684122,-0.3122465988919956,0,4.021720743400396,2.919891754255313,,,,,,0.780809518659691,31.710947090394015,67.46031746031746,14.627344686843974,2,27.664382505785767,13.91491962661521,22.38900255274354,21.540070788598218,,,,1342184
2026-05-08,105.22412067,105.53078117,103.37426539,103.59189542,103.88330937587796,102.0005573904632,105.54884266678245,109.03098367453673,118.72339930611558,102.71528468322829,0,0,0,0,108.67683744342892,105.33070743399101,82.44008202732115,94.23418625036412,4,0,101.69316696837836,,,99.88766742378778,106.832661925,103.59189542,103.85898683,104.61079967,108.41958044134492,101.28996322,2,0,7,-12.745174055453564,0.15,-0.385837388294207,4,7.94938134850645,36.83792091152331,0,0.4768190529875772,106.832661925,101.28996322,1,0,0,0,8,8,1,0,64,0,,0,,-0.5736601013000511,-0.3818962477722389,0,2.0090640375572058,4.688507055207912,,,,,,0.5699724685222005,32.13647501528426,68.25396825396825,16.700921036868024,2,27.53746476870713,13.011149215954699,21.195173936761094,21.737035901431664,,,,955341
2026-05-11,103.03792807,103.23577355,99.89218487,100.32744494,102.69802123058531,101.75300772478226,105.05156669280316,108.68966843004509,118.54035498406468,102.25895864690953,0,0,0,0,108.57423568280208,105.22459009561896,57.98995556024103,96.31473065359722,4,1,99.27952134720714,,,97.43782040624802,104.05076675106,100.32744494,100.92162303180818,101.65830340819183,106.18249505553459,99.17145463934752,2,0,3.5,-15.364312049270499,0.15,-1.0104932378870795,4,8.148338194784063,8.738822872495312,0,0.19743474058154079,104.05076675106,99.17145463934752,1,0,0,0,8,8,0,0,64,0,,1,,-0.7485352175058569,-0.9972519940863509,0,-0.4718255649705396,5.308053891022332,,,,,,0.9030063229684614,32.14675195597634,68.25396825396825,13.887859411847367,2,28.226671501240126,13.424577184354295,19.29436876649116,28.228204147875417,,,,1474037
2026-05-12,100.78248955,101.22718684,99.46681708,99.65477029,101.6836042503902,101.28462095992036,104.53758608301239,108.33535869906292,118.35243871845209,101.79324523809571,0,0,0,0,108.47368715055497,105.11709925407828,74.84664933056519,94.01193637435145,4,2,99.5929148,99.23516703810759,99.95066256189241,97.80417599053797,103.15956039962,99.65477029,103.3458109724676,104.06130649625243,105.3787344802785,98.20159984284128,2,0,3.5,-15.798295861846887,0.15,-1.0448880833744516,4,8.135428639172403,34.05496945408002,0,0.25387483199611416,103.15956039962,98.20159984284128,1,0,1,0,14,8,0,0,64,0,,2,,-0.6806766119512733,-1.0300858523895484,0,3.643608246811227,4.302235353596811,,,,,,0.8441311072050599,32.15236126211236,68.25396825396825,14.088484166527286,2,28.181951488795065,13.94090381686149,18.446673952554203,28.049624165712014,,,,1367631
2026-05-13,99.41735571,99.91196942,97.49825452,97.80491502,100.39070784026013,100.50880629482597,103.89637931510644,107.9224001234134,118.14798574632819,101.31200811064919,0,0,0,0,108.34108646954643,104.96287746108759,50.1589977384143,73.44618107827881,4,3,96.98232075979509,,,95.21359387868748,103.15956039962,99.5929148,99.23916942377848,99.94666017622153,101.36164168110761,96.98232075979509,0,0,1.5,-17.218296696150333,0.15,-1.3190943205340575,4,8.19547546079518,5.0112482380087116,0,1.4759735197613502,103.15956039962,96.98232075979509,1,1,0,0,8,8,0,0,64,0,,3,,-0.649207467998222,-1.300316434746941,0,-0.9915060361372814,6.663085311142645,,,,,,0.9606524140116224,32.9333973841754,69.44444444444444,16.003677492786426,2,28.389959780562414,14.999401534776599,17.32285785569124,31.309446183724347,,,,1526845
2026-05-14,98.35888237,98.98704178,95.70775288,96.14301295,98.97480954350675,99.40324101977012,103.15796347081059,107.46046337151483,117.92903079313089,100.81028837986777,0,0,0,0,108.1433028654088,104.72291237786862,28.456675465933465,58.421604227725034,4,4,95.43771708781641,95.07995987328928,95.79547430234354,93.64893101518078,103.15956039962,99.5929148,99.23515758547288,99.95067201452713,101.38170087263563,95.61759139017519,0,0,1.5,-18.47383777905167,0.20678501078689196,-1.52867309535302,4,8.168004939478864,2.199762799103077,0,2.2223582074112946,103.15956039962,95.61759139017519,1,1,0,0,10,8,0,0,64,0,,4,,-1.4542800862951357,-1.510011984043607,0,-3.060066879775346,7.349111040340776,,,,,,1.248588428393544,35.32215180736337,72.22222222222223,24.83619932555527,3,28.294799103301887,16.44520605625739,15.905130244624962,33.21560332753124,,,,2024707
2026-05-15,96.14301295,96.66235735,91.8299814,91.8695505,96.60638986233783,97.77656786964936,102.08287652120958,106.8490550236123,117.66973248175645,100.26756817389,0,0,0,0,107.91961508908672,104.42919482047414,23.754344152763693,21.404430375492268,4,5,91.8299814,91.45463205838551,92.20533074161447,89.95323469192762,100.87654529226,103.77499408947531,,,106.02709013916215,93.66647178001499,0,0,0,-21.925928985821837,0.2481882385626252,-2.266365692253986,4,8.402166710757315,4.4052584456195945,0,4.820343551608958,100.87654529226,93.66647178001499,1,1,1,0,10,15,0,0,64,0,,5,,-1.7855059085010017,-2.2407757540280526,0,-1.4888454103093371,6.808740554621771,,,,,,1.0830916504318178,42.51287787312791,78.17460317460318,46.06245227585933,3,29.10595927339109,18.597402031255143,14.076843700349814,38.6216829854499,,,,1740318
2026-05-18,92.30481056,93.23963047,91.11773766,92.16631872,95.12636614822523,95.95565970113378,101.13844244490392,106.27326144307848,117.4159671706942,99.69243608970065,0,0,1,0,107.66731042976595,104.10610667423259,28.078012500367873,32.60616508804226,4,6,91.11773766,90.75025351412584,91.48522180587416,89.28031693062923,100.87654529226,103.89079826379833,,,106.08073625349662,92.11880679992584,0,15,3.5,-21.504441907792117,0.2157377693559672,-1.9725295157183294,4,8.507321062420235,6.567073184340742,0,5.375490776108376,100.87654529226,92.11880679992584,1,1,0,0,10,15,0,0,64,0,,6,,-1.5259021548477376,-1.9558073803896798,0,-0.5404970915310976,6.533982911079108,,,,,,1.2869765024038162,50.10993285440627,84.92063492063492,70.03580216552332,3,29.47022463282537,20.72356885092082,13.351118674166962,38.36106198905168,,,,2060819
2026-05-19,91.11773766,92.27513374,90.01969522,91.47385953,93.90886394215015,94.09332859806064,100.21800597681784,105.69289274060482,117.15783674640869,99.08898484056687,0,0,0,0,107.49551533440842,103.88714655655043,15.674203270898099,34.806335765241016,4,7,90.74554087694095,90.02279463246037,91.12161582887991,88.57730214349922,99.75778843302001,99.75778843302001,,,101.56465404422144,91.12161582887991,0,9,2,-21.922543066412498,0.24052752531702687,-1.92029558968382,4,7.8815771704699875,4.330261999507506,0,4.779643018607061,99.75778843302001,91.12161582887991,1,1,0,0,10,15,0,0,64,0,,7,,-1.724220202536215,-1.9015168000246603,0,-4.076012051932284,4.459011886198969,,,,,,0.9035893069158311,58.04435171623676,86.11111111111111,112.59654865695023,3,27.302584206057933,22.891999262340555,12.607115516252424,38.93632878021686,,,,1379715
2026-05-20,91.1375222,94.52067998,89.80206519,93.94692808,93.9215519881001,92.65086372522599,99.62076046283518,105.23226667548306,116.92688243132005,98.47957455371024,0,0,0,0,107.34325091922604,103.70591631878808,18.131403512274066,74.46140798813092,4,8,90.30725111063187,89.80206519,90.56899790074502,88.29130020775035,99.75778843302001,103.6886488030728,,,105.95479627644725,90.56899790074502,0,5.5,0,-19.65326866969014,0.21179105800329065,-1.1997757467843913,4,8.484491571966139,22.109230506268457,0,5.789407378148985,99.75778843302001,90.56899790074502,1,1,0,0,10,15,0,0,64,0,,8,,-1.4943284640263252,-1.1842262225630305,0,-1.3598722408423427,1.5245792323684801,,,,,,1.0010375781531542,66.06554336359824,88.4920634920635,124.78046516753949,3,29.391140958070565,23.784531139997277,16.509265945367595,34.593081224714645,,,,1478192
2026-05-21,93.0170543,96.96407171,92.46308695,96.56838074,94.8038282387334,91.96515825666538,99.33005763208897,104.89250644271903,116.72431027518752,97.88529800767971,0,0,0,0,107.21659415999969,103.57079320727112,52.12483478508213,90.82382642209876,4,9,90.24676209140807,89.85586142802869,90.63766275478746,88.29225877451117,99.75778843302001,99.75778843302001,99.36688776964063,100.1486890963994,101.71229174991691,90.42716537549724,0,3.5,0,-17.26797912762834,0.15651927414208888,-0.5125837113720392,4,9.128040029569961,38.18534332036974,0,4.7739100654670015,99.75778843302001,90.42716537549724,1,1,0,0,8,8,0,0,68,0,,0,,-1.052154193136711,-0.4994322598067903,0,2.873530222947256,3.3694029626180404,,,,,,1.0621952656033007,69.13728067748352,88.88888888888889,118.64730807969717,3,31.620458209475377,23.563899496589872,20.392953087425795,31.036666833984874,,,,1564509
2026-05-22,96.54859619,97.68620773,96.1232284,96.8156876,95.47444802582227,91.89982728011557,99.09059381950907,104.5757684488869,116.52621452717571,97.31170734014533,0,0,0,0,107.1421814892585,103.49329707246615,54.99537638906035,90.02042391400418,4,10,90.19998550747822,89.82305114746522,90.57691986749121,88.31531370741324,100.87654529226,99.5929148,99.215980439987,99.969849160013,101.47758660006498,90.35886102354509,0,1.5,5,-16.915101041559115,0,-0.393559576827167,4,9.156605478843925,29.12703536469531,0,4.899555336975142,100.87654529226,90.35886102354509,1,1,0,0,8,8,0,0,68,0,,1,,-0.9316940309885667,-0.3819780815538089,0,0.8630288180357084,2.637470679431026,,,,,,0.6545277281568597,69.34618944744942,88.88888888888889,118.6238188227294,3,31.71941182844245,23.071205959237215,21.348496444149188,29.887601935126924,,,,959082
2026-05-26,95.48023058,96.41999663,94.54046453,96.00452111,95.65113905388151,92.20943233767359,98.79668213288916,104.23964110226389,116.32201857277595,96.75881294127807,0,0,0,0,107.01550961212571,103.35765372538933,53.349502863777424,83.60817835895705,4,11,94.54046453,94.17013956114864,94.91078949885134,92.68883968574323,99.75778843302001,99.5929148,99.22258983114865,99.96323976885135,101.44453964425676,90.1169903559433,0,3.5,0,-17.466596360743573,0,-0.5134255181091224,4,9.028618487083813,35.336333223831005,0,5.1176265394409945,99.75778843302001,90.1169903559433,1,1,0,0,8,8,0,0,68,0,,0,,-0.5695685262880035,-0.500823486940039,0,0.5308954170264548,1.4458771545476565,,,,,,1.0581127851063814,68.6564991575048,88.0952380952381,119.51779403963836,3,31.27605188356962,23.04850747918639,20.177406482024637,32.0641513261888,,,,1542176
2026-05-27,96.94428716,100.01089216,96.94428716,97.33997813,96.21408541258768,92.85762210571559,98.65794841832829,103.96906608374374,116.13314254846972,96.23966188019756,0,0,0,0,106.88986074773314,103.23414869203158,65.47659389686238,87.32331493221281,4,12,91.84976595,91.47012159454874,92.22941030545127,89.95154417274372,100.87654529226,99.5929148,99.21327044454874,99.97255915545126,101.49113657725628,90.0205018241218,0,0,8,-16.182429930048727,0,-0.15917871632363345,4,9.186140124557552,43.7685377359594,0,5.042831712590673,100.87654529226,90.0205018241218,1,1,0,0,8,8,0,0,68,0,,1,,-0.2480482653662538,-0.14918636634643856,0,2.0969579636602527,2.91111856824182,,,,,,1.191108064888285,67.29059260912294,87.6984126984127,111.46118625464463,3,31.821722842361545,21.699557120763654,26.721392315903582,29.04297586450079,,,,1784055
2026-05-28,96.69698031,98.29952873,96.03419793,98.19071371,96.87296151172512,93.78270647795975,98.61344987467797,103.74246402987144,115.95461091823618,95.76336443274035,0,0,0,0,106.80430294701814,103.15619990139635,77.05876550561095,84.89283071616177,4,13,95.04497051,94.6722174406524,95.4177235793476,93.18120516326202,103.15956039962,99.5929148,99.2201617306524,99.9656678693476,101.45668014673798,95.04497051,0,1.5,0,-15.319698861101916,0,0.057152670173280344,4,9.080938806113942,50.09409518787746,0,2.440191463995166,103.15956039962,95.04497051,1,1,0,0,8,8,0,0,68,0,,2,,0.1880618779782379,0.06563004141920789,0,2.8394371702033743,1.883988780052826,,,,,,0.9032714973649179,65.70482735994716,86.11111111111111,108.86992288607328,3,31.457294785226413,20.718686071459583,25.271447537973287,29.6469992334581,,,,1364583
2026-05-29,97.87416093,98.39845147,96.83547214,97.63674635,97.12755645781675,94.81089318454417,98.52043049137531,103.50302412085688,115.77234360909951,95.32789482952296,0,0,0,0,106.64668459463839,103.00852619047753,96.51780710538175,90.74004335903395,4,14,96.8156876,96.45560457730224,97.17577062269777,95.01527248651117,100.87654529226,97.63674635,,,101.27911565158213,90.1617909721015,2,2.5,4.5,-15.664878755787825,0,-0.04930276206250835,4,8.076429917967625,53.98081635866469,0,2.2555118882505285,100.87654529226,90.1617909721015,1,1,0,0,8,8,0,0,68,0,,3,,0.3721922869112738,-0.041420046112517026,0,4.869420377932028,2.8630658477704047,,,,,,1.5958818649761173,63.85681332340742,84.92063492063492,128.24285443151882,3,27.97757392337853,19.772209588300477,24.537329236607608,28.498017012753433,,,,2427180
2026-06-01,96.45956572,97.54771589,95.40603852,96.21225887,96.82245726187783,95.696834555442,98.30060462267289,103.21711175807818,115.57771590025274,94.92593288641595,0,0,0,0,106.51045417452207,102.87144185138526,86.06663076519797,88.5232459857215,4,15,89.91730423269186,89.56302439170464,90.27158407367908,88.1459050277558,99.75778843302001,97.26374943161764,96.90946959063042,97.61802927260486,99.0351486365537,90.13260759369253,0,1,3.5,-16.755355372281063,0,-0.3352011792121107,4,7.959513610024515,47.320196594552165,0,4.02571132359886,99.75778843302001,90.13260759369253,1,1,0,0,8,8,0,0,68,0,,4,,0.8758785816127286,-0.3248552469802267,0,2.789224413606873,2.639278041380511,,,,,,1.2232478299035707,61.73153528759292,84.12698412698413,123.88754050808694,3,27.57256395219686,19.33709336865767,23.157880651182218,30.498368024848723,,,,1867505
2026-06-02,97.09267127,98.35888237,96.43978118,98.27974418,97.30821956791856,96.57557811964243,98.2986179138469,103.02348950011432,115.4055967786582,94.57140348484677,0,0,0,0,106.43413842099022,102.80599734750034,87.67697073627677,77.95121122855585,4,16,96.8156876,96.46754718069045,97.16382801930956,95.07498550345223,100.01089216,99.5929148,99.24477438069044,99.94105521930956,101.33361689654778,95.04497051,0,1.5,0,-14.839707151729108,0.021566063817259867,0.16368675702406663,4,8.25807168264145,54.5305271326768,0,1.8355837948014397,100.01089216,95.04497051,1,1,0,0,8,8,0,0,68,0,,5,,1.172528510538079,0.1719776338434739,0,2.92724056855643,0.7871802303360385,,,,,,0.8746908175419454,59.663595020784236,83.33333333333333,108.56438385294052,3,28.6067994537616,18.613016638378554,23.963318102414974,28.819332018660347,,,,1338686
2026-06-03,97.61201567,98.68532742,96.95417943,97.22127084,97.27923665861238,97.23854805899741,98.19601343062338,102.79595151344317,115.22465821210439,94.25696326952131,0,0,0,0,106.35003448757205,102.72801040754159,86.96001796903434,84.01588069586978,4,17,96.8156876,96.47695767501614,97.15441752498387,95.12203797508064,100.01089216,97.68620773,,,99.37985735491937,90.30324825164382,0,0,3.5,-15.624596029578955,0.013640416697105612,-0.06344256131812195,4,8.239431227530568,47.28164276173871,0,1.8865794394470037,100.01089216,90.30324825164382,1,1,0,0,8,8,0,0,68,0,,6,,1.109123333576845,-0.054911840625150025,0,2.8875021377193004,2.761609082810198,,,,,,0.8618408923326232,57.39545344345063,82.14285714285714,101.08961153237513,3,28.54222702310509,17.809660081368172,23.730316814928344,27.504269143410202,,,,1330167
2026-06-04,98.67543515,99.17004885,96.1232284,97.56750043,97.37532458240825,97.71038641314719,98.13615504961163,102.59091421605325,115.04896509984464,93.98214420587631,0,0,0,0,106.26240949725504,102.64966560224643,91.63079062136654,88.24823638234861,5,0,96.8156876,96.47394891563998,97.15742628436003,95.10699417819988,100.01089216,97.68620773,,,99.39490115180013,95.40603852,0,1.5,5,-15.194803929503795,0,0.03767357323276248,0,8.131572769076827,47.08843830257963,0,1.869969486178406,100.01089216,95.40603852,1,1,0,0,8,8,0,0,68,0,,7,,0.7200915229552476,0.04366950813744559,0,4.096099104106571,3.596015206302077,,,,,,0.947479820311837,54.78033306497333,81.34920634920636,94.47308005183328,3,28.16859436296922,17.354905137298807,21.841289523189154,27.48583748786008,,,,1468411
2026-06-05,97.66,98.98,96.95,98.15,97.6335497216055,98.06670828987576,98.13747361631529,102.41676071738449,114.88081619337852,93.74556123472281,0,0,0,0,106.18684839723011,102.58620077068544,94.18962774600679,61.53831834367979,5,1,98.15,97.30129257166568,97.97220012833431,94.26636977332554,100.01089216,100.23869561585789,,,102.21836040559724,95.40603852,1,1.5,2,-14.563629287953164,0,0.1802726542095828,0,8.184469960858983,78.55824156651124,0,0.47916306429447664,100.01089216,95.40603852,0,1,0,0,8,8,0,0,68,0,,8,,0.36644566939075607,0.18388313496380015,1,4.273982976666736,-0.5854541758221778,,,,,,0.8916462245854564,51.879064418160645,80.55555555555556,82.98308840018883,3,28.351835610458036,16.9326326892344,20.661176499649788,26.000742262696196,,,,1383732
2026-06-08,96.88,98.66,96.07,97.07,97.44569981440367,98.18894333899263,98.0358094623805,102.20708382650666,114.7035941417031,93.53473847684313,0,0,0,0,106.10325198239228,102.50996754078471,94.45177088585898,75.59695927276204,5,2,97.07,94.54046453,95.32978583203575,93.20199335332971,99.75778843302001,97.63674635,97.30212855583243,97.97136414416757,99.30983532083785,95.40603852,1,0,3.5,-15.373183616128747,0,-0.05425046310495242,0,8.222629154436703,46.9363970853396,0,0.6948768910037324,99.75778843302001,95.40603852,0,1,0,0,8,8,0,0,68,0,,9,,0.14780679527700422,-0.04923997497024239,0,3.5977104483099005,3.129373832698799,,,,,,0.8740925043044235,48.807752663728245,78.96825396825396,71.35133185314263,3,28.48402293456297,16.864925110229244,19.233309497708067,26.551959574221108,,,,1374824
2026-06-09,97.52,100.23,97.22,99.41,98.10046654293578,98.41757520741255,98.1666847516776,102.09739426468288,114.55141907561651,93.35987558544574,0,0,0,0,106.05471755470757,102.47621262785187,94.10377629157466,79.66574944805487,5,3,99.41,97.2978155411301,97.97567715886989,94.5085535290409,100.01089216,99.90089811789474,,,101.59555216224419,96.41010435,1,1.5,4.5,-13.218010914052067,0,0.4792662989287333,0,8.061001722688474,50.9656332741194,0,0.12259486328378079,100.01089216,96.41010435,0,1,0,0,8,8,0,0,68,0,,10,,0.6670287146883027,0.4812066725211779,1,3.3620498271301154,2.434810250511671,,,,,,0.7047747822218187,47.63408495619189,76.58730158730158,70.58395915394175,3,27.92412908719336,16.058948603596317,21.76813844332897,24.341642441355113,,,,1095160
2026-06-10,99.55,100.03,97.47,98.43,98.21031102862385,98.59011567627185,98.19176239437496,101.95357488175414,114.39100694551087,93.211063641616,0,0,0,0,106.00215183482408,102.43446850944605,93.96537455132798,85.63250187242724,5,4,97.63674635,97.29916774176367,97.97432495823632,95.94885330881837,100.01089216,100.27648579442418,,,101.9643788356058,95.40603852,0,1.5,3.5,-13.953026004145364,0,0.23710378556608946,0,8.093154052273801,43.146577422922974,0,1.4065736110494065,100.01089216,95.40603852,1,1,0,0,8,8,0,0,68,0,,11,,0.2800913451826585,0.23912355705348143,2,3.3783506978728868,3.4354702062436275,,,,,,0.6817172287487966,50.966529868032474,80.15873015873017,81.79278158372905,3,28.035508024040332,15.31054184743717,20.294237437774388,22.693491803000544,,,,1048451
2026-06-11,99.02,102.425,98.81,102.26,99.5602073524159,99.11825424685802,98.57921359491068,101.96559155305789,114.27030040873962,93.1083338181767,0,0,0,0,105.95539405608471,102.43122637137867,96.87458903144557,80.77816091068564,5,5,102.02521115533698,101.67607566197468,102.37434664869927,100.27953368852548,105.28834531478,104.60090739,,,106.3465848568115,98.42812829,0,1.5,0,-10.510430414359039,0,1.0621860248927264,0,8.726497587972572,85.52580225286984,0,1.8692652116333828,105.28834531478,98.42812829,1,1,1,0,19,8,0,0,68,0,,12,,0.7551994066112939,1.0535854475426731,3,7.929431329053976,1.7813433285099747,,,,,,1.2352173024681892,52.79425451235027,80.95238095238095,74.64496349819453,3,30.229474388991502,14.851136375625732,24.345686467081585,20.374997226585382,,,,1924254
2026-06-12,103.22,103.83,101.43,103.75,100.9568049016106,100.03093105473637,99.07166944301443,102.03556835489876,114.16562080268251,93.05540861720782,0,0,0,0,105.93391171251169,102.4502411533742,97.61020713326468,77.08667584454818,5,6,102.11450299488999,101.768877179625,102.46012881015498,100.38637391856501,106.832661925,104.60090739,,,106.32903646632498,99.62329307448,0,3,0,-9.123255082792646,0.01029159167265653,1.2916331442068214,0,8.55934827365467,71.62469141140411,0,2.730212109007276,102.98019829576496,99.62329307448,1,1,0,0,8,8,1,0,68,0,,13,,1.0823327333812522,1.2749318049484384,4,5.196917123855759,1.6030218873253128,,,,,,0.9886051979572479,53.60669624290006,80.95238095238095,80.7955437534141,3,29.650452179293694,14.94285845114695,26.465814570692736,19.111760905270444,,,,1514874
2026-06-15,104.5,105.78,104.48,104.64,102.18453660107373,101.20404903670219,99.60198663891782,102.13770292921646,114.0708385061384,93.05220931599008,0,0,0,0,105.91554040563572,102.49595063023767,98.4530044148829,80.46896647912627,5,7,104.64,101.84446795414307,102.52259446820663,100.48821492601596,,105.91554040563572,105.57647714860394,106.2546036626675,107.61085669079462,101.17818052,1,0,9.5,-8.267527993695694,0.058039298415272805,1.361172721850906,0,6.817082033248297,73.52141654684561,0,0,,101.17818052,0,1,0,0,8,8,0,0,68,0,,14,,1.4643143873221824,1.342211005575138,5,6.348398096735785,2.4462696983829355,,,,,,1.4383046751093693,51.78883221399896,79.36507936507937,119.30421310715371,3,23.61506488190199,15.66519837872471,30.18600103536589,18.090120667869083,,,,2239891
2026-06-16,106.48,108.06,105.66,107.27,103.87969106738248,102.72998116904634,100.33227362568755,102.33896948101189,114.00316847125146,93.10940574449643,0,0,0,0,105.93253854395786,102.58351785864794,98.90656809098022,55.714820068906974,5,8,107.27,106.18452069275621,106.87528102724379,102.89695866204963,110.18061883346,110.44670824407667,110.18061883346,111.13746857856427,112.51898924753945,104.08072326746,1,1.5,9,-5.906123980185152,0.06390940708120893,1.7849267716830848,0,7.045338498304966,89.3304887429872,0,0.6655822821067144,110.18061883346,104.08072326746,0,1,0,0,10,8,0,0,68,0,,15,,1.5112752566496714,1.756497835491036,6,6.476991938969284,-0.8192779756378227,,,,,,1.2897774280024525,48.49292779085583,76.19047619047619,98.69453341794423,3,24.405768471170433,16.968226266794233,33.41132573064221,16.490738860522214,,,,2004987
2026-06-17,106.64,109.57,105.47,106.12,104.62646071158832,104.20639741731516,100.88348566133635,102.48724518763888,113.92472898397533,93.21343687727303,0,0,0,0,105.93631093737721,102.68657558683853,99.27209945698145,70.81548611814756,5,9,102.41459846743197,102.05728116927702,102.77191576558693,100.6280119766572,106.25160947335,106.31178058397703,105.95446328582207,106.66909788213198,108.09836707475179,102.65707551,0,0,4.5,-6.850776871343831,0.06224739718096195,1.3641405047304491,0,7.125289128033739,78.80169937009889,0,2.1476771629757936,106.25160947335,102.65707551,1,1,0,1,8,14,0,0,68,0,,16,,1.4979791774476956,1.3444873714565941,7,6.303940554915121,1.4319193135801074,,,,,,1.9889992488121346,42.37776080605036,69.44444444444444,71.6899565013055,3,24.682725576745153,18.544977170944364,33.761493808964204,14.801263326020708,,,,3281028
2026-06-18,107.12,111.31,107.12,108.7,105.98430714105888,105.78649276206147,101.62791559835193,102.73088263126088,113.87274163090095,93.37356887403675,0,0,0,1,105.99699570748923,102.87592503119532,99.69181146980526,6.995080210708339,5,10,108.7,106.15176694028469,106.90803477971531,104.0949286422775,113.54352327,109.9533873943001,109.57525347458478,110.3315213140154,111.84405699287666,104.08072326746,1,2,10,-4.542563529090661,0.10386486294626163,1.7630383567948937,0,7.0545404890017664,96.04716859212633,0,1.0517802860704013,,104.08072326746,1,1,0,0,10,10,1,0,68,0,,17,,1.830918903570093,1.7352037408210819,8,7.455502818863958,-3.1999270903989836,,,,,,2.0813529662250283,34.81273791632768,62.698412698412696,42.45537068328425,3,24.4376451020057,20.391998057219833,33.73263609846985,12.987408671793363,,,,3660479
2026-06-22,106.68,107.89,105.02,105.11,105.69287142737258,106.91222104603419,101.95954268422318,102.8241813516036,113.78555017188701,93.5612649658804,0,0,0,0,105.98590817221735,102.91575529136473,98.63211877391907,62.92425892034209,5,11,102.59316509537393,102.20918359849543,102.97714659225244,100.67325761098141,108.29269719116128,105.98590817221735,105.60192667533885,106.36988966909585,107.90581565660987,101.17818052,0,0,3.5,-7.624474424723991,0.01860674855017294,0.8511568501424449,0,7.813768614246449,54.86864472328685,0,2.968649344887954,108.29269719116128,101.17818052,1,1,0,0,8,8,0,0,68,0,,18,,1.1488539884013835,0.8401163641489983,9,4.85570351783168,3.289635198090484,,,,,,1.1815325795052292,32.593643140490606,60.317460317460316,20.415317947366912,3,27.067688476923813,21.04909082645345,30.84614794149979,16.759129105460612,,,,2110201
2026-06-23,105.5,107.6799,104.81,106.47,105.95191428491505,107.74091557787793,102.3891100476305,102.96715463193287,113.71275862788814,93.77987285648442,0,0,0,0,105.99059164573751,102.96459827345328,89.86164674551375,66.86128916313612,3,0,102.9563849303887,102.57420657614436,103.33856328463303,101.04549315916705,109.03541412542845,106.52990086,106.14772250575567,106.91207921424433,108.44079263122164,102.65707551,0,0,3.5,-6.369345634810626,0.06715417817078931,1.0514802932972807,0,7.858085195905083,49.769557053523954,0,3.1812524846205177,109.03541412542845,102.65707551,1,1,0,1,8,8,0,0,68,0,,19,,1.5372334253663145,1.0393285165600445,10,2.0412605015610543,1.0808120013387974,,,,,,0.9059078037196645,30.96662522115038,55.55555555555556,13.759198084554471,2,27.221205619024875,21.558114376479157,28.77799051965871,16.126079857295622,,,,1649198
2026-06-24,107.54,110.97,107.455,110.73,107.5446095232767,108.73864323229263,103.18348051928473,103.27157994048453,113.68307943756089,94.050154961175,0,0,0,0,106.02525043926839,103.0450128179442,93.89383272879058,50.35632533554798,2,0,110.73,108.68122882380177,109.47134576739839,104.40906445122715,111.31,111.45682857,,,113.43212092899152,105.69085794552,1,3.5,0,-2.597642016886807,0.09769044239788144,1.8100529593413945,0,8.439180979673829,79.60699250043419,0,0.09175856888979032,,105.69085794552,0,1,0,0,10,8,0,0,132,0,,0,,1.7815235391830515,1.7827497013859142,11,4.699656259900769,-0.4532334504905965,,,,,,0.6952650182704114,30.10949953659918,53.57142857142857,2.9941632042848223,2,29.234180462127924,22.829310394791776,33.287021119460356,14.486011620156296,,,,1255768
2026-06-25,110.82,114.585,110.185,112.99,109.35973968218447,109.99736581447014,104.11743475554333,103.65269445262238,113.67618312474934,94.37858740679975,0,0,0,0,106.08148812800339,103.15834440726078,95.43424248698923,39.14671823238862,2,1,112.99,111.05070284618729,111.8629542938127,106.93599420949832,115.40170956161326,118.61682003834989,118.21069431453718,119.02294576216259,120.64744865741343,115.40170956161326,1,2.5,8.5,-0.6036296310163092,0.15901252188422832,2.0674283643935363,0,8.516067489360587,78.67606381402958,0,0.3983659159026694,,115.40170956161326,0,1,0,0,16,10,0,0,132,0,,1,,2.2721001750738266,2.031861097926497,12,4.183231442867146,-0.8234443217975316,,,,,,0.7822977473048629,31.224382550746814,55.95238095238095,5.843487580833416,2,29.500523144516126,24.68343198029688,38.014557588419244,13.084737875892213,,,,1397858
2026-06-26,112.67,116.62,112.67,116.02,111.57982645478964,111.6637011434143,105.25101239787253,104.13768682702936,113.69950468569711,94.77416329423284,0,0,0,0,116.02000000000001,103.44956004547721,99.38180280548487,3.849863653180155,2,2,116.02,111.04444396931677,111.86921317068322,109.4218463890683,,118.52127182064989,118.10888721996666,118.93365642133311,120.58319482406604,115.42595624547157,1,1.5,0,2.0409018673542176,0.1404629772618926,2.429725840053461,0,8.725563409666995,95.15409506458353,0,0,,115.42595624547157,0,1,0,0,11,10,1,0,132,0,,2,,2.042067743400972,2.380893214321801,13,6.333222418641355,-3.85049754291101,,,,,,1.5272138565616953,34.58605315325471,62.301587301587304,14.42394124438773,2,30.226238300414327,26.720309021628736,39.16948019840014,11.96570805423024,,,,2841715
2026-06-29,114.92,117.2,114.38,117.18,113.44655096985976,113.53364934207488,106.387106455218,104.64915008871448,113.73413647986928,95.23378802280027,0,0,0,0,116.44662368378842,103.62805969898814,97.43984233657734,12.770055509944255,2,3,117.18,111.04872144079414,111.86493569920586,110.6502859327063,,118.42889783799988,118.02079070879402,118.83700496720574,120.46943348402917,115.42595624547157,1,1.5,0,3.029753095053076,0.1330235237543549,2.3720778971452323,0,8.600964696987955,91.14995585213728,0,0,,115.42595624547157,0,1,0,0,11,10,0,0,132,0,,3,,1.942998066232716,2.3266187879015368,14,4.429332707530459,-3.782956488127287,,,,,,0.9072914272052797,38.793930012813,67.06349206349206,30.204498709689652,3,29.79461569857878,28.697825239725155,38.02180504494298,11.227471906473802,,,,1653098
2026-06-30,117.15,118.335,116.065,117.98,114.95770064657317,115.39829842199524,107.49119155472106,105.17192851660803,113.77638387807953,95.751232712508,0,0,0,0,116.80212345022423,103.77955786059421,97.43470987567274,21.160272064398264,2,4,117.98,111.05760409288027,111.85605304711973,110.50231607241587,,118.32457476464988,117.92535028753015,118.72379924176961,120.3206971502485,115.42595624547157,1,1.5,0,3.6946297453300905,0.13045754568555717,2.250122440930977,0,8.2360627849126,79.34051673453862,0,0,,115.42595624547157,0,1,0,1,11,10,0,0,132,0,,4,,1.8958751756712537,2.215138227315048,15,4.406746024886748,-0.7183946981300012,,,,,,0.7551469020617667,43.12416428417228,70.63492063492063,51.15078957177188,3,28.530558395591683,30.7018196007407,38.629914913180286,10.65747480029033,,,,1356598
2026-07-01,117.93,119.65,116.94,117.4,115.77180043104879,117.00893808715887,108.43488759712858,105.65146073164301,113.81243975988968,96.31333392805158,0,0,0,0,116.91536811171069,103.92294393047568,97.36480395470284,24.27909579096706,2,5,107.94009829098988,,,105.96557393293402,111.31,118.22459685749989,117.82969198588872,118.61950172911106,120.19912121555575,115.42595624547157,0,0,0,3.1521688206306826,0.07005019549551376,1.8913373815570194,0,8.281901153345222,79.86673455409742,0,1.7066903709043977,111.31,115.42595624547157,1,1,0,0,10,10,0,0,132,0,,5,,1.3987592555833273,1.8754231735363953,16,4.336809260443406,-0.8593686636122001,,,,,,0.7605027665330237,45.98200298813427,73.41269841269842,60.27552920233995,3,28.689347161714412,32.74918584778632,39.23613981226367,10.004474935525609,,,,1367308
2026-07-02,119.41,135.44,116.76,132.57,121.37120028736585,119.92963231694849,110.73346973073538,106.70708972255898,113.99908215033854,97.00350431614955,0,0,0,0,132.57,105.00293374203396,99.95615046343457,0.12293570607021205,2,6,132.57,,,117.08948852764618,,139.17040402,138.6369209249325,139.70388711506752,141.83781949533758,120.93007348512944,1,3.5,0,16.290409974679175,0.3403409387622848,4.369649658430874,1,13.730341820737511,99.65048383705756,0,0,,120.93007348512944,0,1,0,0,11,10,1,0,132,0,,6,,3.6033415710634733,4.206388406756374,17,9.868963631077413,-8.493378463729602,,,,,,2.56236992561502,75.01133227319497,89.68253968253968,57.70842942450266,3,47.56329927761026,35.92291639024947,53.396263630911896,6.876721659737208,,,,5088382
2026-07-06,129.2,130.3,125.69,128.66,123.80080019157724,123.12596198483811,112.4407583278082,107.56798816481157,114.14496192993715,97.7809434933887,0,0,0,0,130.9721993466293,105.60359358670856,99.76415653524049,1.954606277684561,2,7,118.17570627579988,,,115.39167762012927,128.57739793478794,130.9721993466293,130.4153936154952,131.52900507776343,133.75622800229993,120.93007348512944,0,2,0,12.716319515680647,0.27795900653551164,3.087981058997647,5,14.426275767542789,97.5566389305637,0,3.736201363373726,120.93007348512944,120.93007348512944,1,1,0,0,11,10,0,0,132,0,,7,,2.6083526049902006,3.0259724785315845,18,7.623194593063613,-4.780322389343578,,,,,,1.683854581671876,92.24624018421378,95.23809523809524,84.58815171796118,3,49.97408518676762,38.86995189396525,47.505418743612765,6.118059950546185,,,,3516228
2026-07-07,129.51,131.58,128.4201,128.67,125.42386679438482,126.2445301299498,113.98640039182646,108.3955180407013,114.28948967192783,98.63244357183655,0,0,0,0,130.51606588664717,105.95235617871528,97.44744502637239,25.612274995173568,2,8,118.14204655034987,,,115.4158101200843,120.93007348512944,130.81699118290715,130.27174389685402,131.36223846896027,133.54322761317272,120.93007348512944,0,0,0,12.582530877819076,0.33069043216687316,2.70838807833803,1,14.471825141120542,69.43739275804413,0,1.022665130517669,120.93007348512944,120.93007348512944,1,1,0,0,11,10,0,0,132,0,,8,,3.1187347547138957,2.661934008557535,19,3.69116880308776,0.1263881989508937,,,,,,1.0003499711243238,103.91879131885078,97.22222222222223,107.29086192218007,3,50.13187284534683,41.671011012269396,47.14332267445368,5.801485740415227,,,,2126062
2026-07-08,127.31,127.31,124.115,124.73,125.19257786292322,128.49386569243592,115.00960035450966,109.0360859606738,114.39337534683402,99.52034505906195,0,0,0,0,129.68937861489374,106.18822269821167,96.81658122807681,20.72327890338545,2,9,118.09510536139989,117.5481346672077,118.64207605559207,115.36025189043899,120.93007348512944,129.68937861489374,129.14240792070157,130.2363493090859,132.4242320858546,120.93007348512944,0,0,1,9.036034317394643,0.23552925695985888,1.7604573040780294,0,14.959570874308803,81.771067629945,0,1.0366069531079767,120.93007348512944,120.93007348512944,1,1,0,0,16,10,0,0,132,0,,9,,2.3450149052053075,1.7430333810218588,20,3.8633710494933933,-1.787480388574692,,,,,,0.8335057849378057,111.90407441570105,99.60317460317461,115.9415133968744,3,51.821473627460826,42.67671927641957,43.63801221334984,12.397625114827772,,,,1788714
2026-07-09,125.14,126.85,123.92,124.27,124.88505190861548,129.650929004329,115.89154317788969,109.63349435437287,114.49165021900482,100.43188999437764,0,0,0,0,128.96367857402777,106.43070983020797,97.04457928537133,24.388257918570794,2,10,118.04868443849989,117.51462236532144,118.58274651167834,115.37837407260764,120.93007348512944,128.96367857402777,128.4296165008493,129.49774064720623,131.63398893992004,120.93007348512944,0,0,1.5,8.540666295132178,0.15052642520328985,1.496812774210083,0,14.994009955444424,79.32909789759371,0,1.079046497153814,120.93007348512944,120.93007348512944,1,1,0,0,8,10,0,0,132,0,,10,,1.6492514164876984,1.484852885083584,21,4.325546708814274,-0.81576322619638,,,,,,0.8846513212846655,116.81067859097625,100,124.8920633277119,3,51.9407741040466,43.54294762156251,41.500430035465996,12.116340235901212,,,,1935650
2026-07-10,124.91,127.76,124.61,125.62,125.13003460574366,130.19532554112553,116.81806287523352,110.26041614439747,114.60238006757194,101.36374180870305,0,0,0,0,128.46802444965616,106.75943252849088,97.23526978010942,22.877973927636603,2,11,125.62,117.47887462662705,118.53302561967273,117.18679205563444,,128.46802444965616,127.94094895313332,128.995099946179,131.1034019322704,120.9767394206008,1,2,2.5,9.613779335064285,0.14098451470138135,1.549200400035725,0,14.83024710362721,82.15465941270112,0,0,,120.9767394206008,0,1,0,0,10,10,1,0,128,0,,11,,1.4944360553195906,1.533495376486406,22,4.404821553918582,-1.297203625882333,,,,,,1.1124413598435978,114.85229677462254,99.60317460317461,123.5633836595241,3,51.373482944567016,44.44302550706534,40.58844864714397,11.400021949867863,,,,2515673
2026-07-13,126.73,127.74,123.46,123.52,124.5933564038291,130.0708173160173,117.45634260140176,110.78039982500933,114.69111260421302,102.29236533984555,0,0,0,0,128.0833957379495,106.92110988465642,97.84911460460549,25.104499621106413,2,12,117.94931203844988,117.42167050596437,118.47695357093538,115.31110437602237,120.9767394206008,128.0833957379495,127.555754205464,128.611037270435,130.721603400377,120.9767394206008,0,0,3,7.697969960632034,0.07404540535871573,1.0591515413745656,0,14.83658605423647,83.33074137870265,0,1.1475318737287268,120.9767394206008,120.9767394206008,1,1,0,0,8,10,0,0,128,0,,12,,0.8411050749016075,1.0510466153248124,23,5.106428760908491,-0.8638560266964227,,,,,,0.6395063416835555,112.68400480406633,99.2063492063492,119.24902490764022,3,51.395441713610836,44.846197747848784,37.648841967595494,12.520369727571627,,,,1430387
2026-07-14,123.3,123.71,121.585,122.16,123.78223760255274,129.395770995671,117.90430997269682,111.22665865540111,114.76542989173329,103.2026058739328,0,0,0,0,127.58325142901666,107.09353384228733,95.4914158694418,27.253744859967625,2,13,120.89449780710663,120.38557174122724,121.40342387298602,118.34986747770967,134.44767607770387,127.58325142901666,127.07432536313726,128.09217749489605,130.12788175841362,120.9767394206008,0,4,0,6.443203423925262,0.07221601711962632,0.7420336347941469,0,14.964509088234669,70.66287183506239,0,5.326187507090318,120.9767394206008,120.9767394206008,1,1,0,0,8,10,0,0,128,0,,13,,0.5335303240750322,0.7353121243837022,24,3.0365511825414107,-0.7278552236169857,,,,,,0.7556246669493412,109.52748138316528,97.22222222222223,111.2856508936505,3,51.838580102297314,44.53698585911564,36.24525980870984,15.34308913888194,,,,1696990
2026-07-15,122.6,122.6,120.6701,121,122.8548250683685,128.21801385281384,118.19913759434475,111.6099269434246,114.82746541519863,104.08290523062955,0,0,0,0,126.8576642781912,107.32059970829614,96.24442015318698,37.325297870326324,2,14,120.81706510620005,120.32725965216918,121.30687056023092,118.36803783604572,134.37256464200104,126.8576642781912,126.36785882416032,127.34746973222207,129.30669154834553,120.9767394206008,0,0,3,5.375486224033966,0.07132187556461428,0.4896859495814721,0,15.068380572011161,71.35588149766293,0,5.535054550432489,120.9767394206008,120.9767394206008,1,1,1,0,19,10,0,0,128,0,,14,,0.298009184633511,0.48435748569615866,25,4.193618646109263,0.3010397363167524,,,,,,1.1024006003825721,105.04108696486438,95.63492063492063,101.2342983551319,3,52.19840147701422,43.92445709235231,34.970159403152756,16.47107656884799,,,,2489544
2026-07-16,121.26,125.94,121.26,125.66,123.78988337891234,127.20971038961038,118.90969591869286,112.1609102005452,114.93525182897775,104.95933720588937,0,0,0,0,126.77285622867402,107.52533535827904,96.9800714431583,22.261617321257763,2,15,125.66,120.37264385527197,121.3704968413293,117.67717611154141,134.87401888667466,126.77285622867402,126.27392973564535,127.27178272170268,129.2674886938173,120.9767394206008,1,3.5,0,9.331121653590262,0.09554449715684021,1.151982278879147,0,15.281180659073293,89.00376416855094,0,1.1542305098320058,,120.9767394206008,1,1,0,0,8,10,0,0,128,0,,15,,0.9082100174820924,1.1383523822995651,26,4.568017060085431,-2.96889926275395,,,,,,0.7670510303755189,102.19971360656955,94.44444444444444,93.06437597418561,3,52.935562602307606,43.87279765909691,37.85577293686471,15.014966024741481,,,,1721348
2026-07-17,125.09,127.78,123.775,124.82,124.13325558594155,126.25715064935063,119.4725820216745,112.65734509464147,115.03360753217201,105.8225160052055,0,0,0,0,126.64914457327264,107.70779836923418,97.7283397241831,21.377107964076764,2,16,123.92,123.42095218504481,124.41904781495519,121.42476092522406,134.9064553015489,125.9157297517819,,,128.64533583309338,121.01498081940079,0,3.5,1.5,8.50742029027558,0.09587043478471124,0.9030250533479496,0,15.234233219964466,85.04949269909265,0,4.402966999278592,134.9064553015489,121.01498081940079,1,1,0,0,8,10,1,0,128,0,,16,,-0.8629372555435341,0.8932980562625361,27,5.118506151574968,-1.367715118966353,,,,,,0.7603618473727958,99.0263099635273,93.25396825396825,87.64602684227243,3,52.77293190266413,44.07983412419615,38.43522695655129,13.939078942399737,,,,1644104
2026-07-20,124.83,124.995,121.48,122.4,123.55550372396104,125.26494155844155,119.75138373389598,113.03940999289082,115.10690496966284,106.65445051567937,0,0,0,0,126.3143682773395,107.91412725247754,98.02296443999498,24.903951707203284,2,17,120.87840674160005,120.38362127057023,121.37319221262986,118.40447938645097,134.75595751491764,125.81781198003097,125.32302650900115,126.31259745106078,128.29173933518004,121.01498081940079,0,2,1.5,6.335931829857916,0.08945743692706735,0.44453546148142775,0,15.377907649401397,81.74274413049376,0,5.609522342858515,121.01498081940079,121.01498081940079,1,1,0,0,8,10,0,0,128,0,,17,,-0.725457405466244,0.4405094739314898,28,4.9839668713578575,-0.7909226304800862,,,,,,1.0619138918253777,96.7768658619449,92.06349206349206,81.67019477092894,3,53.2706347257306,43.455873737010336,35.997304891215684,17.196337247949803,,,,2219637
2026-07-21,114.99,120.7,109.5,119.12,122.0770024826407,123.98837922077924,119.69125194971541,113.27786450297354,115.14683626349704,107.4332630224097,0,0,0,0,125.39061469838758,108.20084527557204,96.31345903513773,16.5705705944879,2,18,119.12,117.02164252655076,118.17088697274899,109.92604443041418,121.01498081940079,120.81667014305889,,,123.68978125855445,116.79905817765025,1,5.5,0,3.450519237377007,0.025784507571317162,-0.09507710321231783,0,15.217167323492541,81.4248152480248,0,0.2061115920191631,121.01498081940079,120.6701,0,1,0,0,8,10,0,0,128,0,,18,,-1.068255291075457,-0.08933129609277365,0,3.9105592800690374,-1.7151638019334186,,,,,,1.8931694469344935,94.2858123777555,91.26984126984127,78.86357559143252,3,52.713813903131964,40.77034827530821,28.781924096704014,32.364179115253364,,,,4150255
2026-07-22,120.87,125,119.71,120.37,121.50800165509379,122.73581298701299,119.75589462117108,113.55598746364124,115.1988080419697,108.17409743491626,0,0,0,0,125.07112212129007,108.36344636214777,97.0220317404744,43.82292625935946,2,19,117.51546449209985,116.92938671350782,118.10154227069188,114.58507559913969,121.01498081940079,120.83621282880006,,,123.76660172176022,116.79905817765025,0,0,1.5,4.488928354316232,0.02244464177158116,0.10280070301170344,0,15.208073065379018,63.39088205534151,0,1.194215667315699,121.01498081940079,116.79905817765025,1,1,0,0,8,10,0,0,128,0,,19,,-0.5241963539584138,0.1145292764792248,1,4.13902478889237,1.3787382522441582,,,,,,0.989681973908012,88.42579747979133,89.68253968253968,67.8472274521273,3,52.68231046891243,38.23581237199606,32.75449358193854,29.465042745277543,,,,2196699
2026-07-23,121.13,121.46,118.365,120.05,121.02200110339587,121.61827142857142,119.78390465725002,113.81065462192983,115.24707860871627,108.87960340178005,0,0,0,0,124.85904832543342,108.47066508631288,97.36056877939026,30.593882653974813,2,20,117.43627350279985,116.86442449410724,118.00812251149246,114.57702845933683,121.01498081940079,120.83621282880006,,,123.69545787226308,116.79905817765025,0,2,3,4.167499470932777,0.020837497354663885,0.04445742587076311,0,14.821452220185671,84.53627428629892,0,1.2516266574572892,121.01498081940079,116.79905817765025,1,1,0,0,8,10,0,0,128,0,,20,,-0.5057902517987428,0.060577306423380495,2,4.558126112873615,-1.639983799869057,,,,,,0.6817420994376662,81.61292041316577,87.3015873015873,58.956223958000564,3,51.34301657463224,35.62473166486658,31.17167132942474,30.141196703207402,,,,1522280
2026-07-24,120.02,124.365,120.02,124.21,122.0846674022639,121.1592831168831,120.20543754703573,114.2184720877365,115.33626190614197,109.57988157585365,0,0,0,0,124.83772479529887,108.58595234912396,98.35714270907127,16.10186477160653,2,21,124.21,120.17696021196714,121.3165547995391,115.46162164971209,127.78,124.82472661207967,124.25492931829369,125.39452390586565,127.67371308100961,121.04677205502864,1,7,0,7.693797204108513,0.03846898602054257,0.6741352052780776,0,15.043164784413142,96.74279383108221,0,0.40807562922590324,,121.04677205502864,0,1,0,0,8,10,1,0,128,0,,0,,-0.18893571956771957,0.6890190466003904,3,6.273604812692165,-5.043735539221617,,,,,,0.5504457558627458,78.87841591964269,85.71428571428571,51.366003487655036,3,52.11105142646895,33.71836063467858,33.601405830822216,28.089033637253976,,,,1224329
2026-07-27,125,128.79,124.25,127.7,123.95644493484261,121.61388917748916,120.919205399699,114.74715945684487,115.45928417573259,110.29627892479216,0,0,0,0,124.95175536205568,108.76115163888932,98.10037942424901,10.150329684857976,2,22,127.7,124.25000965577014,125.38999034422984,119.69007724616122,127.78,127.78,,,130.6299517211492,121.04677205502864,1,3.5,0,10.6017596693538,0.053008798346769005,1.13805726208222,0,15.062578087277279,91.7947797656138,0,0.009987611923180914,127.78,121.04677205502864,0,1,0,0,8,10,0,0,128,0,,1,,0.43428723869063474,1.14564468432269,4,4.646583693711656,-3.7299703783122418,,,,,,0.7160334918099621,80.25587346031573,86.11111111111111,53.81082135434596,3,52.178301080275766,32.650487145353594,38.122246218365305,26.07384013189532,,,,1546258
2026-07-28,129.99,132,128.86,129.71,125.8742966232284,122.83491774891777,121.756423933061,115.33393751736075,115.60108234313823,111.03920410209857,0,0,0,0,125.11320654387016,108.92907875007961,97.9892710652455,5.598066625247274,2,23,127.78,127.21233039464371,128.3476696053563,124.94165197321857,131.99989929665205,131.99989929665205,131.43222969129576,132.56756890200833,134.83824732343348,121.04677205502864,0,0,4.5,12.20483179818536,0.06102415899092681,1.3241057191799557,0,15.093548118418472,95.40515786554185,0,1.486744844830475,131.99989929665205,121.04677205502864,1,1,0,0,8,10,0,0,128,0,,2,,0.8230031815827973,1.327204142283171,5,4.668588141543476,-5.62649537139447,,,,,,0.6355279141956476,82.56208757730435,87.6984126984127,57.90602419535266,3,52.285584415172835,32.11025103433574,40.59278447215236,24.31040377753693,,,,1363196
2026-07-29,128.77,131.15,127.155,129.98,127.2428644154856,124.47163116883118,122.53962165372185,115.9082929088368,115.7441561506692,111.80807835154883,1,0,0,0,125.28897191354817,109.1137822885082,97.9489618123816,2.8673932737539736,2,24,129.98,127.21720858074059,128.3427914192594,122.65266864592473,132.4934777265299,132.4934777265299,131.9306863072705,133.05626914578932,135.30743482282696,121.04677205502864,1,3.5,3,12.29940614090216,0.061497030704510805,1.2289496496240904,0,15.095256202266967,98.00603711873842,0,0.3430277143304005,132.4934777265299,121.04677205502864,0,1,0,0,8,10,1,0,128,0,,3,,0.9948039244832355,1.2290615502996878,6,4.688301814178272,-8.351497146764387,,,,,,0.6993626819508708,85.28754972001053,88.88888888888889,63.10021217783911,3,52.2915013911912,31.227969720871645,38.02001936744622,25.4745615555214,,,,1505321
2026-07-30,129.44,129.97,123.62,124.83,126.4385762769904,125.5977207792208,122.75775292479597,116.25816377515693,115.8345625571302,112.56811568686092,0,0,0,0,125.27660622787462,109.21879540702713,98.63744770694908,2.604616199669749,2,25,124.82,124.24062225354483,125.39937774645516,121.92311126772417,127.78,127.78,,,130.6768887322758,121.04677205502864,0,0,1.5,7.7657628641133805,0.0388288143205669,0.34528491302841374,0,15.739186841141423,95.76145632321561,0,1.0217858791126577,127.78,121.04677205502864,1,1,1,0,1,10,1,0,128,0,,4,,-0.1192237182553122,0.3490424301914979,7,6.217111146626202,-4.534048873008851,,,,,,0.5388428053452485,87.80212299244126,89.28571428571429,61.03938487024884,3,54.52214255735289,29.66571012748302,34.293618120338266,28.42541501238026,,,,1154070
2026-07-31,123.33,125.77,123.33,124.37,125.74905085132694,126.22098181818183,122.91130026529159,116.57627499966058,115.9194922829299,113.31560339606688,0,0,0,0,125.25151002968498,109.32502258497128,98.55960367374225,35.32469878002845,2,26,124.37,123.65022066400591,124.76977933599407,118.85176531204735,130.8191487776478,124.83253949818,,,127.63143617815041,121.07983899975473,1,4.5,1.5,7.28997992541632,0.0364498996270816,0.24688167768305566,6,9.624822677670114,69.40857261078412,0,1.1686978068778946,130.8191487776478,121.07983899975473,1,1,1,0,1,10,1,0,128,0,,5,,-0.07517217888400309,0.2474705175731557,8,5.123092458277624,1.4477740435421276,,,,,,0.6259248710717343,86.12601329702855,88.88888888888889,158.3158081272083,3,33.34136378313153,28.15555659712523,32.95896548464151,27.781698148762768,,,,1219497
2026-08-03,127.98,129.8,127.28,128.52,126.6727005675513,126.91876839826838,123.44546214478763,117.04465637222292,116.0448704691694,114.07445719624563,0,0,0,0,125.33302409950818,109.44857074528849,96.92277130998701,22.24459521963538,2,27,128.52,123.79422275943406,124.93077724056593,121.52111379717033,130.79413100853074,130.79413100853074,130.22585376796482,131.36240824909666,133.6355172113604,121.07983899975473,1,2,0,10.750263652666133,0.05375131826333066,0.8365647099614131,6,9.832535628532046,83.73803230867173,0,0.32492755884661895,130.79413100853074,121.07983899975473,0,1,0,0,8,10,1,0,128,0,,6,,0.6672362069942073,0.8308074048315945,9,3.568443331466341,-2.6182851411613086,,,,,,0.6161259005364328,83.27713711078457,86.9047619047619,144.49480451784027,3,34.060902551697374,27.421745285131017,36.478890038847176,25.41152358903382,,,,1126796
2026-08-04,127.69,132.86,127.34,132.55,128.63180037836753,128.11053333333334,124.31256098814119,117.6527090635083,116.20910061375477,114.86774580142027,0,0,0,0,125.53364139047376,109.61779617824176,97.4816201199787,11.668606538260626,2,28,132.55,,,119.2172955632077,,139.17040402,138.59343229661735,139.74737574338266,142.05526263691328,121.07983899975473,1,3.5,0,14.0616348461018,0.13555543985148819,1.3378132542408043,0,10.306574937233245,95.20349762887595,0,0,,121.07983899975473,0,1,0,0,8,10,1,0,128,0,,7,,1.5219781249678335,1.3273045022960888,10,4.7769001960842905,-5.567476477354796,103.32027013759999,121.5404594148,96.85504168439999,,128.005687868,0.7228699660469684,79.18668537460863,83.73015873015873,121.79266340024991,3,35.70302288660798,27.19316501221461,38.09812832621232,23.240836464487867,103.32027013759999,121.5404594148,96.85504168439999,1291863