time,open,high,low,close,Sprint Line EMA,Hull Baseline HMA,MA 20 Fast,MA 50 Mid,MA 200 Slow,Weinstein MA 150,Golden Cross,Death Cross,Zone 0 Long,Zone 0 Short,AVWAP Resistance,AVWAP Support,Buy Score,Sell Score,Stage 1 Base 2 Up 3 Top 4 Down,Stage Age Bars,Long Entry,Long Entry Zone Bot,Long Entry Zone Top,Long Stop Loss,Long Target,Short Entry,Short Entry Zone Bot,Short Entry Zone Top,Short Stop Loss,Short Target,Entry At Market 0No 1L 2S 3Both,Long Rev Zone,Short Rev Zone,Ext Pct vs MA200,Exhaustion Gradient,Ext Z Self Relative,Regime 0 Hlt 1 Ext 2 Clmx 3 Dist 4 Dn 5 Ign 6 Sqz,Exp Move Pct 21b,Dir Prob Pct Above 50 Bull,Long Ignition Fresh Breakout,RR To Target,Long Target T1 Waypoint,Short Target T1 Waypoint,Long RR Valid,Short RR Valid,Long In Zone,Short In Zone,Action Long Code,Action Short Code,MTF Long Aligned 0 To 3,Bear Warning Mask,Reversal Pattern Mask,Weak Level Mask,Bear Warning Age,Reversal Pattern Age,Weak Level Age,Z Velocity,Z Elasticity,Trend Bars Up,Buy Sigma Evidence,Sell Sigma Evidence,VP POC,VP VAH,VP VAL,VP HVN Above,VP HVN Below,RVOL Vs Avg,Energy IV30 Ann Pct,Energy IV Rank Pct,Energy IV HV Spread,Energy State 3 Exp 2 Warm 1 Sqz 0 Dorm,HV20 Ann Pct,ADX 14,DMI DI Plus,DMI DI Minus,POC,VAH,VAL,Volume
2025-05-23,498,502.18,496.61,501.57,506.07957685174483,521.2581645021644,488.0478970926785,460.2905082626458,453.07695107264806,450.65201976149405,0,0,0,0,510.1304116774966,447.08043952696426,98.64254868602711,18.39801451279808,2,13,501.57,496.8690732903529,500.19092670964704,483.32258632282344,523.48,510.1304116774966,,,518.435045225732,459.55612,1,6,0,10.703049186798376,0.10240413482288077,0.7838463124787427,0,10.32166997494436,94.36319216740714,0,1.2007181065558101,523.48,459.55612,1,1,0,0,8,10,2,1,172,0,14,12,,0.32958117332114456,0.7808187113270258,26,5.4012991581645196,-1.7561921605134625,,,,,,0.5816600980716423,61.16948586330756,93.25396825396825,71.07802911302639,3,35.75531363112362,42.94076537741717,26.966915335294637,13.423089831980775,,,,443607
2025-05-27,507.03,517.8,505.81,516.5,509.55305123449654,518.6624177489177,490.7576211790901,462.49480205626753,453.70802618635304,453.33857907487345,0,0,0,0,510.7916563218504,448.60288224903076,98.03882204618307,13.922277060132297,2,14,516.5,496.8428001981848,500.2171998018151,490.09400099092426,523.48,518.2549999999999,516.5678001981847,519.942199801815,526.6909990090755,459.55612,1,2,0,13.839731763496774,0.1225319921508172,1.4352037760457395,0,10.432317377162873,93.87219566039101,0,0.2643338734353884,523.48,459.55612,0,1,0,0,8,10,1,1,172,0,15,13,,0.2213860638366382,1.4215649937506967,27,4.409686914290394,-2.5737225380343682,,,,,,0.8499700738267946,62.910887210315515,94.04761904761905,74.08221180724719,3,36.138607475859565,43.137242206055596,32.91679370613652,12.27020353281159,,,,636636
2025-05-28,514.9,516.65,507.745,514.33,511.14536748966435,516.9431761904762,493.0026096382244,464.5275549168061,454.3112299058918,456.0136493081064,0,0,0,0,511.04807755180076,449.67013856445385,98.21903642702073,16.75349992082423,2,15,498.53,496.8838055411716,500.1761944588283,490.29902770585824,523.48,518.255,516.6088055411717,519.9011944588283,526.4859722941417,459.55612,0,2,4,13.210936939978524,0.1238324624776704,1.1833907271950124,0,10.51111757635073,92.62935755512925,0,3.031233626889719,523.48,459.55612,1,1,0,0,8,10,1,1,172,0,16,14,,0.16238474166065897,1.171576031145841,28,5.0514152340616185,-1.443272481206407,,,,,,0.6500884682236875,64.72952923682126,94.44444444444444,77.77182520286898,3,36.411579373139396,43.31968497550557,31.326957836172287,11.677569575738522,,,,479144
2025-05-29,518.07,520,510.64,515.55,512.6135783264428,515.9733753246752,495.1499801488697,466.528435116147,454.92057090185307,458.67516798968035,0,0,0,0,511.2820299094838,450.46947077608485,97.75871852524016,18.256094845821877,2,16,498.30411764705883,496.6919370781468,499.91629821597087,490.24321480249864,523.48,518.255,516.642819431088,519.867180568912,526.3159028445601,496.61,0,2,4,13.327475822417226,0.12885960133430835,1.1222994409382718,0,10.359565794219224,90.52163678428509,0,3.123208756936061,523.48,496.61,1,1,0,0,8,10,1,1,172,0,17,15,,0.18959609712561462,1.1088711577478663,29,4.338584789549072,-1.4285934525625894,,,,,,0.5289725300628039,66.72211521508382,96.03174603174604,85.92493134135833,3,35.886588599880646,43.65791932818847,31.558341848980078,11.072233430082512,,,,362425
2025-05-30,514.27,515.92,506.28,513.36,512.8623855509619,515.2959904761905,496.88426775373927,468.36496707237654,455.5020577585511,461.3091785136129,0,0,0,0,511.59180782402404,452.94085780520544,99.80855070169955,11.03420739994022,2,17,496.61000000000007,495.0269037574389,498.19309624256124,488.6945187871942,523.48,523.48,521.8969037574388,525.0630962425612,531.3954812128059,496.61,0,3,3.5,12.702015557549428,0.1301767444544138,0.9054700683162425,0,6.530163699555796,97.82978804717577,0,3.394613577823804,523.48,496.61,1,1,0,0,3,10,3,1,172,0,18,16,,0.025069286394979535,0.892424573512165,30,7.901848165694544,-2.343002309234447,,,,,,1.8064575363970676,70.39190365084886,96.42857142857143,211.17737924665136,3,22.621150618745165,43.36400119789059,29.842544986312554,12.929261521626367,,,,1221827
2025-06-02,508.72,514.85,504.56,514.8,513.5082570339746,514.7655056277056,498.59052796766883,470.1859487558128,456.0920870345854,463.9243144137299,0,0,0,0,511.77687393685545,453.9232089408011,97.85585278532199,17.641363583863498,2,18,514.8,495.0481070604789,498.1718929395211,489.8097129676625,523.48,523.48,521.918107060479,525.0418929395211,531.2894646976055,496.61,1,3.5,0,12.8719428892356,0.13547082555728912,0.8823968490586431,0,6.52372507646474,89.24674131915411,0,0.3473349461239936,523.48,496.61,0,1,0,0,8,10,2,1,172,0,19,17,,-0.13442890260311638,0.8689886042145482,31,4.162217933233315,-1.355882016361098,,,,,,0.7720015811500328,83.5667537352666,98.41269841269842,269.7832695189613,3,22.598846574096175,42.85343130353107,28.087121326187575,13.151964611328205,,,,501729
2025-06-03,513.55,526.36,510.99,525.83,517.6155046893164,515.6773679653679,501.1847633993194,472.36806841244754,456.7859966163308,466.58572116613493,0,0,0,0,512.6961984442229,455.2826347682283,97.61351088061056,11.16742800792558,2,19,525.83,521.8924386990161,525.0675613009839,500.4290191842581,532.9210848573291,530.6,,,538.5378065049194,496.61,1,5,0,15.115175135647055,0.15113143123379083,1.3110393164934293,0,6.735846655374989,95.01377590708967,0,0.2791657892570216,532.9210848573291,496.61,0,1,0,0,8,10,2,1,172,0,20,18,,0.10380349033482532,1.291950608532108,32,4.375987854093697,-3.574561510745899,,,,,,0.9820751353801532,92.56751477053501,100,296.71241274722723,3,23.33365727820474,43.04737177938479,32.13252723525343,12.015081087350055,,,,608809
2025-06-04,526.32,530.73,524.71,524.86,520.0303364595443,517.5725515151514,503.4395478374795,474.426575533528,457.46334988383,469.28061189490967,0,0,0,0,513.3204905627526,456.3537116769034,98.37675173921383,18.27550384834379,2,20,523.48,521.9520859348007,525.0079140651993,515.8404296740035,531.4297446596007,530.73,,,538.3695703259965,496.61,0,0,7.5,14.732688451060607,0.15366344225530304,1.1275222974323962,0,6.723973025089459,92.75805888407366,0,1.040601018168355,531.4297446596007,496.61,1,1,1,0,2,10,2,1,168,0,21,19,,0.2174940634157568,1.1107728600393005,33,5.889796267347606,-0.9976774644966504,,,,,,0.8383259156753862,99.28560091286835,100,326.2551931708236,3,23.292525816355088,43.44736953626739,33.55581564192647,11.592406394345756,,,,503484
2025-06-05,524.86,526.45,520.945,522.21,520.7568909730295,519.8284008658009,505.22720994819576,476.30043531652694,458.10759515861776,471.98775941705173,0,0,0,0,513.7130744558622,457.25388238374745,97.57347675596003,18.88167742550958,2,21,514.8,513.3320708680292,516.2679291319707,507.460354340146,523.48,523.48,,,530.8196456598539,504.56,0,0,4,13.992871002103142,0.15440879945496017,0.8864051858494766,0,6.387767786331238,88.73646072434552,0,1.1826183990703434,523.48,504.56,1,1,0,0,8,10,2,1,168,0,22,20,,0.6892166180517806,0.8725950671545724,34,4.093225929349894,-1.4514891284719282,,,,,,0.7683903616300184,101.81632919144938,100,360.12697262078143,3,22.127876705754957,43.28936741805522,32.4322407880875,13.494282722735768,,,,453250
2025-06-06,525.58,526.21,522.28,524.91,522.1412606486863,522.2017883116883,507.10176138170095,478.20669275509454,458.77229570430313,474.7220614300226,0,0,0,0,513.9952630238232,457.79096953081205,96.06512587263927,19.05623661613142,2,22,523.48,522.0812086631701,524.87879133683,516.48604331585,530.7951953192897,530.73,,,537.72395668415,504.56,0,3.5,2.5,14.416237622666998,0.16097007700222388,0.9186180148330934,6,6.38047231991014,85.89082507687641,0,1.0459308871425685,530.7951953192897,504.56,1,1,0,0,8,10,3,1,168,0,23,21,,0.6351690613411503,0.9053356068103074,35,3.366438306100707,-1.473443752404081,,,,,,0.4739497671547438,103.2541942691492,100,367.15849444427016,3,22.10260446874245,43.142651165429626,31.60417281013931,13.149743365091961,,,,265344
2025-06-09,523.4,525.615,513.535,518.6,520.9608404324575,523.541167965368,508.19683172630084,479.79074401960065,459.3675962445588,477.4399010870699,0,0,0,0,514.1344471115099,458.3821723490808,94.14415653361073,46.6352694258083,2,23,513.6800000000001,512.2732651872293,515.0867348127708,506.6463259361464,529.1084652191857,520,,,527.0336740638537,500.4145347808139,0,5.5,6,12.894336526929727,0.15780501596798197,0.5310659531551821,6,6.56638075008633,61.50433897248361,0,2.1935143822590835,529.1084652191857,500.4145347808139,1,1,0,0,8,10,2,1,232,0,24,0,,0.5301768758028843,0.522628521382186,36,2.8574199970855467,1.8495158614569038,,,,,,0.604525680431733,105.60190323488814,100,364.2533655910671,3,22.74661016198351,41.81181595010809,29.18101831739513,17.69199390699536,,,,328158
2025-06-10,519.41,525.93,517.44,525.93,522.6172269549717,524.7426593073594,509.8857048952246,481.6001266070673,460.0299087197373,480.1757948843072,0,0,0,0,514.5563458381963,459.1786106971756,94.04262614264667,26.985835584978645,2,24,525.93,512.2979426738558,515.0620573261443,506.38354139084606,530.5019279764692,530.73,529.3479426738558,532.1120573261443,537.6402866307212,500.66107202353004,1,2,0,14.32517539210929,0.16940365473832425,0.8126315590303053,6,5.729407084998146,90.4613725756865,0,0.23390057850828197,530.5019279764692,500.66107202353004,0,1,0,0,8,10,2,1,232,0,25,1,,0.25722884862676443,0.8038387813421006,37,3.214851971048625,-2.94150295372477,,,,,,0.7622477434345297,105.17321819893677,99.60317460317461,429.9133482563061,3,19.84724833692377,40.600695542311215,27.78398841866601,16.721617137180544,,,,402723
2025-06-11,526.31,528.3845,520.88,524.18,523.1381513033144,525.6535324675324,511.2470663337746,483.26992556365286,460.66821808571007,482.90769057326634,0,0,0,0,514.8658356986168,459.8828898742922,95.11536158565247,26.716035470451907,2,25,513.6800000000001,512.329656590009,515.0303434099911,506.92828295004466,530.73,530.73,529.379656590009,532.0803434099911,537.4817170499555,501.27356786804967,0,0,0.5,13.786881625611327,0.17115663035027884,0.6471718003111755,6,5.746094983179296,85.40146315484121,0,2.525283549924915,530.73,501.27356786804967,1,1,0,0,8,10,2,1,232,0,26,2,,0.2713857648999037,0.6416561211834395,38,3.8642361153539726,-0.9238704173062737,,,,,,0.7206947064931718,105.37395694627864,99.60317460317461,429.38284684295917,3,19.905056911966344,39.67442013229662,28.028271906102635,15.891885240851297,,,,374127
2025-06-12,524.18,528.2,520.65,526.92,524.3987675355429,526.5931030303029,512.7397266829389,484.98169318860766,461.32743979630004,485.64138096957464,0,0,0,0,515.246481646443,460.61134939209995,94.6004465002791,16.995120065629308,2,26,526.92,512.3586989764369,515.0013010235632,507.0734948821843,530.73,530.73,529.4086989764369,532.0513010235632,537.3365051178158,513.535,1,0,0,14.21822214448428,0.17775777738908807,0.7041066325611863,6,5.757276193334009,90.3873344889667,0,0.19197334630871263,530.73,513.535,0,1,0,0,8,10,2,1,232,0,27,3,,0.322206017689785,0.701198570717523,39,3.249070167653742,-2.9537496248404733,,,,,,0.7431476739156327,107.31686678767028,100,438.0966610581198,3,19.94378976012248,38.780438099118676,26.59831325497751,15.236526486765044,,,,379343
2025-06-13,520.96,526.0918,519.0117,522.7,523.8325116903619,527.0829536796537,513.6883241417066,486.46084247532895,461.9381120371329,488.34617809296543,0,0,0,0,515.4933241360849,461.33464234262436,94.40200166461403,18.26099764251308,2,27,522.7,513.5024677995484,516.0975322004515,508.3123389977424,530.73,530.73,529.4324677995485,532.0275322004516,537.2176610022575,513.535,1,0,0.5,13.153685824906086,0.17687954023564156,0.4395589108058323,6,5.825217295052057,84.80675841411767,0,0.5581171254132239,530.73,513.535,0,1,0,0,8,10,3,1,232,0,28,4,,0.25523857483453277,0.4383767571154515,40,3.2776179414255893,-1.448175389260416,,,,,,0.8106779006168178,108.51349766881933,100,437.75073028619784,3,20.17914464031821,37.69864013158337,25.150871604911607,15.534722895752823,,,,411465
2025-06-16,525.91,530.12,522.42,528.77,525.4783411269079,527.6865203463203,515.1246742234489,488.1200251233553,462.6031059472112,491.054974923214,0,0,0,0,515.8791258636934,462.03717213638447,94.4108644366475,12.684964640261574,2,28,528.77,523.6363986710093,526.1836013289907,512.2311893680745,534.3773870691095,530.73,,,537.0980066449534,513.535,1,1.5,0,14.303166840461998,0.18707138975786552,0.6696668561479139,6,5.819107128836057,90.4656020311573,0,0.3390441546192822,530.73,513.535,0,1,0,0,8,10,2,1,232,0,29,5,,0.4084417851069529,0.665660511753995,41,3.3313498179414474,-2.9867673707452544,,,,,,0.7438254178691934,105.93976959400442,99.2063492063492,425.5475895081136,3,20.157978403660604,37.06696349463417,26.61717403213929,14.69614635317854,,,,371840
2025-06-17,526.88,526.88,513.9185,520.59,523.8488940846053,527.3835112554113,515.6451814402633,489.393357471459,463.18008996763695,493.70941870749203,0,0,0,0,516.0325260347915,462.7353120523586,94.73847994966582,18.917098597955388,2,29,514.8,513.4847675159372,516.1152324840627,508.22383757968606,530.73,530.73,529.4147675159372,532.0452324840628,537.3061624203139,513.535,0,1.5,0.5,12.394727510065124,0.1819736375503256,0.23109425371311412,6,6.011010273280892,83.45297085022987,0,2.4223854250910817,530.73,513.535,1,1,0,0,8,10,2,1,232,0,30,6,,-0.22882917965749344,0.22884832055982268,42,3.504588961875264,-1.0142253100218197,,,,,,0.8613157428475325,101.55564112315636,96.82539682539682,387.71482724630715,3,20.82275039628197,35.242764240731596,23.93361153240477,18.985788448591915,,,,430708
2025-06-18,518.62,524.7,515,519.85,522.5159293897368,526.4012238095238,516.0456403507144,490.58773560983315,463.74396966945153,496.29976738075436,0,0,0,0,516.1957854008456,463.65460730985683,93.57385559782884,16.162880542008708,2,30,519.85,513.4921055505131,516.1078944494868,504.5368444041051,530.73,530.73,529.4221055505132,532.0378944494869,537.2694722474344,513.535,1,2.5,0.5,12.098492702889457,0.18493690795889173,0.17288463844128227,6,5.945295093809338,85.18482124204304,0,0.7105001925871289,530.73,513.535,1,1,0,0,8,10,2,0,232,0,,7,,-0.21921543629896673,0.17065965317764487,43,2.8923920100339746,-2.0470651061048932,,,,,,1.183628942294336,94.98688062164142,96.03174603174604,361.21092587558473,3,20.595106336935494,33.54886493353635,22.348757560520724,17.728573164080366,,,,590939
2025-06-20,519.85,525.18,517.14,523.92,522.9839529264912,525.5334238095239,516.7955793649321,491.89488323297695,464.3427361404023,498.8468602759231,0,0,0,0,516.7424929855407,465.3341062066231,99.89191378014779,9.828513339366049,2,31,523.92,521.9471891441957,524.5197074075285,506.84992694666903,530.12,529.0017368421053,,,535.4330325004371,505.4438238111731,1,3.5,0,12.830450273606397,0.1930411402569209,0.3378648365059624,6,4.917383523169702,97.89083560866852,0,0.3632087560861506,530.12,505.4438238111731,0,1,1,0,3,10,2,0,224,0,,8,,0.0016520866440262933,0.3329491073342699,44,8.665219703502975,-2.5152341054094602,,,,,,2.0292849436119074,88.17602618199231,94.44444444444444,417.63760353829,3,17.034316204863945,32.031116125413476,21.434672624318416,16.73914711724539,,,,1052500
2025-06-23,523.52,527.355,517.515,524.65,523.5393019509941,524.8813190476191,517.5436194254148,493.17939761599746,464.9428084176122,501.3550489595528,0,0,0,0,516.9495655161539,465.9555689844246,95.49374118630263,13.255081115392255,2,32,524.65,521.9702593777384,524.5347406222617,507.2570750219069,530.12,529.0017368421053,,,535.4129399534135,513.9185,1,3,0.5,12.841835705685057,0.1975425118617586,0.33481651659241046,6,4.882010203400256,86.2354912491487,0,0.3144956933287339,530.12,513.9185,0,1,0,0,8,10,2,0,64,0,,9,,-0.06361840649621643,0.3286187743814434,45,3.2901328921562585,-2.034955408535087,,,,,,0.7827000694954374,84.2085747317746,93.25396825396825,397.9285300920009,3,16.91177943071782,30.877687769822415,21.480510503608063,15.592206664686175,,,,399879
2025-06-24,526,530.74,520.36,530.5,525.8595346339961,525.2280021645022,518.7775604325182,494.6429506506642,465.59511878161607,503.8585926190071,0,0,0,0,530.5,466.61010291744026,97.07109239114142,22.864047607240998,2,33,530.5,528.8366694221857,531.4033305778144,510.09335537748507,557.277,531.0791987589362,,,537.495851648008,513.9185,1,1.5,0,13.940197953154893,0.20747876754355227,0.5623905396677875,6,4.87975602180632,87.92990785360573,0,1.31217064320592,531.7493643948861,513.9185,1,1,1,0,19,10,2,0,72,0,,0,,0.3381920390119587,0.552693696954841,46,5.280407513422245,-0.5361572001389717,,,,,,0.769294712019877,78.50972073893934,91.66666666666667,364.4454374365446,3,16.903970716617454,30.191676745244894,22.284308386533446,14.466180787890469,,,,391007
2025-06-25,531.69,533.32,527.29,530.4,527.3730230893307,526.1255922077922,519.884459438945,496.0451878800499,466.2399434703562,506.34995206644555,0,0,0,0,530.4428971868286,467.4597345092183,97.34420740916093,11.997334116603641,2,34,530.12,528.8744966063152,531.3655033936848,523.8924830315761,559.9860000000001,532.3471090445098,,,538.3020135747391,513.9185,0,1.5,6,13.761166847285173,0.21102805645864808,0.4970127528348171,6,4.007387119907857,96.69305685423339,0,4.795811902469852,532.76652527538,513.9185,1,1,1,0,19,10,2,0,72,0,,0,,0.08622144686902394,0.4875118683315318,47,4.510440100864699,-5.521377160298675,,,,,,1.0358862682691306,72.17746360315658,90.07936507936508,419.9357685421848,3,13.881996194555038,29.835671549036917,23.170536547773597,13.840852230310581,,,,520491
2025-06-26,528.8,532.94,524.65,527.78,527.5086820595537,526.9659614718614,520.6364156828549,497.2896903161264,466.85228234129795,508.80816625823337,0,0,0,0,529.4446506581514,468.29181750850216,91.2459264091597,7.681029071897047,2,35,523.2525,522.0219432772927,524.4830567227074,517.0997163864636,530.12,532.9955283000276,,,539.148311913564,513.9185,0,0,4,13.050748590784458,0.21192040962058895,0.32511375483703486,6,4.0188179577703815,87.86212703066354,0,1.1161614695649376,530.12,513.9185,1,1,0,0,8,10,2,0,72,0,,0,,0.055243160749629455,0.31618571712845156,48,1.8883044579603578,-4.036797204331409,,,,,,1.0805969446997716,64.87741942171317,86.9047619047619,366.0200581495771,3,13.92159377845699,29.038314500408152,21.77683121711374,14.923835736420205,,,,546601
2025-06-27,527.78,535.2,526.5,531.32,528.7791213730359,528.0228060606062,521.6538999035354,498.6242122645136,467.49375216874773,511.2489118904409,0,0,0,0,530.0071706458031,469.2701587229811,94.72065411419129,4.657897751076578,2,36,531.32,528.8996616146289,531.3403383853711,516.7372929170316,561.96,534.0789887398123,,,540.1806806666676,514.5960992852653,1,1.5,3,13.652855794362239,0.2193753900829223,0.44607682525899456,6,4.053940275464164,96.43231158357794,0,2.1011187995255893,533.6119007147341,514.5960992852653,1,1,1,0,19,10,2,0,72,0,,1,,0.07762967617859828,0.437156082167799,49,4.8888135342989925,-5.022916648285901,,,,,,1.2039033859656272,54.80765876099708,76.19047619047619,290.2772906008311,3,14.043261055907402,28.564596263243097,22.044186573285227,13.973884268748144,,,,624765
2025-06-30,530.39,537.47,528.6601,536.34,531.2994142486906,529.6575207792208,523.0525761031987,500.10326276394443,468.17878946060097,513.6975564927772,0,0,0,0,531.1752896687174,470.0460746210636,87.19696007311164,4.002914675893163,2,37,523.8816666666665,522.6698354873935,525.0934978459396,517.8225107703009,530.12,537.47,536.258168820727,538.6818311792731,543.5291558963656,515.6625566316704,0,1.5,0,14.558799346277324,0.2283495522869422,0.6200748186734889,6,4.079526192708581,85.51958210418432,0,1.0295713528472377,530.12,515.6625566316704,1,1,0,1,8,10,2,0,104,0,,0,,0.380357866867419,0.6095808009216487,50,1.3813295109101253,-4.043699845101592,,,,,,0.9785537351024329,39.36011867861449,67.85714285714286,178.5197844182222,3,14.13189327315857,28.386920973497332,22.285799381984045,13.066841060054205,,,,471088
2025-07-01,533.88,546.388,529.51,542.65,535.0829428324604,532.2904783549784,524.9189974267036,501.7717622633976,468.91979653064476,516.1821882582155,0,0,0,0,533.4500794237041,471.1548204716938,88.4205764485925,4.327253801440705,2,38,523.8816666666665,522.6056984287701,525.157634904563,517.5018254771842,537.7314577394651,548.4,547.1240317621035,549.6759682378964,554.7798411894823,515.5595422605344,0,0,0,15.72341454015299,0.238617072700765,0.831854215276208,6,4.188798274900307,87.67081091080641,0,2.1708676848619604,530.12,515.5595422605344,1,1,0,0,8,10,2,0,104,0,,1,,0.3781014786987472,0.8188207827151066,51,2.437734639605987,-3.5871038665628996,,,,,,1.2943102368350288,36.09651808322098,65.87301587301587,148.76268877679274,3,14.510422869568393,29.102545341556997,25.894125583634544,11.523600231656372,,,,631495
2025-07-02,541.48,546,538.7,542.71,537.6252952216403,535.5139584415584,526.6133786241604,503.3771833511075,469.65402741093686,518.69049075082,0,0,0,0,534.4373475222417,471.80664319004507,85.36682284035268,2.418960590868723,2,39,523.8816666666665,522.6316604457627,525.1316728875704,517.6316355621473,540.5864362448357,548.4,547.1499937790961,549.6500062209038,554.6500311045193,514.3925637551637,0,1.5,6,15.555274377566619,0.24222081633227754,0.7433070505888955,6,3.7095044632423266,93.50298722721591,0,2.6727498309712776,530.12,514.3925637551637,1,1,0,0,8,10,2,0,104,0,,2,,0.6537472566059439,0.7296844361704073,52,1.610271870438048,-6.589449664623589,,,,,,0.7978603394435011,31.74212326756042,59.523809523809526,147.01848447377256,3,12.850100402478452,29.767053683326683,24.543938611994577,10.922729781371567,,,,380155
2025-07-03,539.02,548.54,537,547.01,540.7535301477602,539.190338961039,528.555913993288,505.0882742000837,470.4237385809773,521.2352566676499,0,0,0,0,535.5289925035131,472.41266092433864,90.63425593577607,1.455295609286424,2,40,547.01,529.9331673003695,532.4606788534767,526.7899075751426,,548.4,547.1362442234464,549.6637557765536,554.7187788827679,513.9185,1,3,0,16.280271410206353,0.25029024593992066,0.8500016040317052,6,3.7424219324490506,96.68213552035976,0,0,,513.9185,0,1,0,0,8,10,2,0,104,0,,3,,0.8163360817615399,0.8352955001480061,53,3.7636648855370463,-6.640359141425696,,,,,,0.7240372433035893,26.23825688445201,35.714285714285715,102.39119143617776,3,12.96412986072371,30.613813180999085,24.337375676134954,10.032184878745964,,,,339027
2025-07-07,546.46,549.52,540.68,545.56,542.3556867651735,542.5467246753245,530.1753507558319,506.6754007020412,471.17136307270886,523.7962474586875,0,0,0,0,536.5625880453857,473.1843091115785,88.54721906010849,9.762635493664272,2,41,531.1969230769231,529.9445069986948,532.4493391551514,524.9348426857815,546.6579407093625,547.160697266472,546.6579407093625,549.52,554.5296643129133,513.9185,0,0,0,15.788021674783279,0.25227344170724975,0.6906427335702804,0,3.7017753681483603,75.18435813207117,0,2.4689906016394723,546.6579407093625,513.9185,1,1,0,0,8,10,2,0,104,0,,4,,0.6218058154689832,0.6782338470290598,54,2.032065565697145,-1.5754850435498544,,,,,,0.9584232485456786,18.501335540501703,17.46031746031746,44.27875806007235,3,12.823326031679889,31.488633611018997,23.502258407505398,9.399946092809222,,,,448552
2025-07-08,544.33,548.01,536.55,538.835,541.1821245101156,544.5798558441558,531.0000792552765,507.9365614588239,471.8446330918859,526.3178430031609,0,0,0,0,536.7907980010995,473.9261815172606,78.04206818158968,20.95920555295109,2,42,531.1969230769231,529.9316438614254,532.4622022924208,524.8705269994344,547.6418687863578,547.8362614052404,546.5709821897427,549.1015406207381,554.1626574827291,513.9185,0,0,3.5,14.197547711657155,0.24876551633606356,0.3155689647500326,0,3.960292493085539,56.730658899310114,0,2.5994176633915003,547.6418687863578,513.9185,1,1,0,0,8,10,2,0,104,0,,5,,0.3706682845421004,0.30685605212177436,55,0.5367611262715322,-0.5554962387595999,,,,,,1.0144807731930032,11.3009592035816,7.142857142857143,-17.624621796490498,1,13.718855621715539,31.40400828544247,21.60166237664052,11.554161584460289,,,,485979
2025-07-09,541.505,543.565,533.9,540.64,541.0014163400771,545.6715034632034,531.9181669452502,509.2190492447524,472.529164105897,528.8005539822982,0,0,0,0,537.1083130870652,474.5943237975539,71.06396169662928,17.21436407849287,2,43,531.1969230769231,529.9357263053895,532.4581198484567,524.8909392192551,548.3830108407437,548.3873670354247,547.1261702638911,549.6485638069584,554.6933508930928,514.7424891592559,0,0,2,14.414102042353283,0.25429273243398864,0.35383885494206757,0,3.7035160325122516,66.52905169322175,0,2.72536183912404,548.3830108407437,514.7424891592559,1,1,0,0,8,10,2,0,104,0,,6,,0.22996973132247306,0.34529242072811894,56,0.3321232652143413,-2.0400895244627817,,,,,,0.8981716801646451,9.812664365539487,4.761904761904762,-23.513974785352435,0,12.829355869914258,30.792476747820448,20.1236156657803,12.639645794400002,,,,435063
2025-07-10,540.42,548.53,538.19,541.09,541.030944226718,546.0931647186146,532.7916748552263,510.46889045084055,473.2113614779776,531.2376945709067,0,0,0,0,537.3161134969116,475.03591129035124,77.49564519686723,17.81310983501531,2,44,531.32,530.056567283576,532.5834327164241,525.0028364178797,549.421365274036,549.0814319130442,547.8179991966201,550.3448646294682,555.3985954951645,515.2201347259637,0,0,2,14.344253762212631,0.2583879354777298,0.3296086131117397,0,3.484308701510391,73.04222776600943,0,2.8654260790822144,549.421365274036,515.2201347259637,1,1,0,0,8,10,2,0,104,0,,7,,0.245599107300391,0.32120889119326645,57,1.7637745263026758,-1.5449189060656487,,,,,,0.606579104431474,8.70965178524163,3.1746031746031744,-27.840495295704148,0,12.069999400540677,30.795423748966567,22.161868066974318,11.716042866276856,,,,290413
2025-07-11,538.92,538.92,527.88,533.37,538.4772961511453,545.2754190476189,532.8467534404429,511.36697317825855,473.8099548961072,533.5735148361649,0,0,0,0,537.0836416728354,475.4969008943892,81.1757352193228,37.49429262452206,1,0,528.6601,527.3689660490348,529.9512339509653,522.204430245174,549.4701363012995,537.0836416728354,,,543.5393114276615,516.0903636987003,0,4.5,2,12.570450343735946,0.2539633628297909,-0.05179476348524185,0,3.8022937150926066,62.86908521020897,0,3.2235286332208024,549.4701363012995,516.0903636987003,1,1,0,0,8,15,2,0,104,0,,8,,0.07856769175310939,-0.05649857218487014,58,2.297783585501597,0.3853521494853135,,,,,,0.7295406440422495,8.50010826097419,3.1746031746031744,-35.466061273295324,0,13.17153179968043,29.040741653273507,20.1373583815023,17.775438736040407,,,,348343
2025-07-14,530.705,535.625,529.51,531.42,536.1248641007635,543.442842857143,532.7108721604006,512.1533663869543,474.3831891757479,535.79523854108,0,0,0,0,536.7896536790047,475.9046232944634,83.76397852707387,66.230288087338,1,1,528.6601,527.4065916883895,529.9136083116106,522.3925584419474,549.4931654155431,536.7896536790047,,,543.0571952370574,516.5173345844568,0,4.5,2,12.023362573904633,0.21011681286952316,-0.14285533639923034,0,3.7991464297495483,35.50746415990681,0,3.3239612729454002,549.4931654155431,516.5173345844568,1,1,0,0,8,15,2,0,104,0,,9,,-0.10240404090616816,-0.14361374111544423,0,2.4598103976436363,3.916484467316188,,,,,,0.6819748589773905,8.396283185039504,3.1746031746031744,-36.201506750103654,0,13.160629283440242,27.411393992987097,19.260249073268948,17.001205965388905,,,,323735
2025-07-15,531.74,532.77,525.57,526.66,532.969909400509,540.4094731601732,532.1345986213148,512.7222539796228,474.903356447631,537.8735935475894,0,0,0,0,536.1946573555892,476.34562552349576,61.270717134936675,82.91828713547434,4,0,517.6697697917812,515.0364697917812,518.9598999999998,510.1234389200849,549.2814135378754,533.7723387382213,532.77,536.1946573555892,541.1076882272856,517.1250864621242,0,0,5.5,10.898352864784679,0.2044917643239234,-0.3480445942289967,4,3.82265422689375,7.259564638365681,0,2.2694559135750882,549.2814135378754,517.1250864621242,1,1,0,0,8,8,2,0,104,0,,0,,-0.4186166731991376,-0.3472368890082255,0,-0.1689019355967316,7.197808353121858,,,,,,0.8217954547686056,8.277761381305588,3.1746031746031744,-37.48888235612441,0,13.242062681495803,25.59221581519714,18.25218793843765,18.975484195654754,,,,389193
2025-07-16,517,521.27,506.91,520.57,528.836606267006,536.1172584415583,531.0332082764277,513.0300087255199,475.35775091083866,539.7728820486008,0,0,0,0,535.155986684633,476.8066160455025,51.933713363632506,90.71619290069162,4,1,517.6128927207299,514.979164101728,519.9332999999998,509.71170686372426,549.52,535.155986684633,533.8391223751321,536.472850994134,541.7403082321377,515.8869197432592,0,8,0,9.511204772096313,0.19755602386048157,-0.591567226195057,4,3.812482263350121,13.338570547298225,0,2.9265075835605687,549.52,515.8869197432592,1,1,0,0,8,8,2,0,104,0,,1,,-0.8056188797476892,-0.5864385848614062,0,0.042233846423291865,5.4122374993146405,,,,,,0.9858829588900271,9.358341955974302,5.555555555555555,-29.140112999469427,0,13.206825966155195,25.87681749405103,15.808065365925398,29.086314036290215,,,,471832
2025-07-17,518.6,521.52,516.0575,518.71,525.4610708446706,531.231548051948,529.8595693929584,513.2527534813819,475.7891165734174,541.4892663747157,0,0,0,0,534.3459076206238,477.1442937659534,37.27633947744782,94.60855440563182,4,2,514.4361865498121,,,508.07831207712917,530.73,520.8060999999998,519.5345251054632,522.0776748945364,527.1639744726826,505.78499999999997,0,4.5,0,9.020988906954045,0.19510494453477023,-0.6231957421549225,4,3.498379918882347,9.392604294508928,0,2.3625977619626264,530.73,515.5041232848494,1,1,0,0,10,8,2,0,104,0,,2,,-0.8604649750867638,-0.6172197509991838,0,-1.1999373030374718,5.400282042874065,,,,,,0.773444929808578,10.220970648094758,7.936507936507937,-15.659815516234243,1,12.118743527365824,26.10360957736691,15.377275357542814,27.970684069510067,,,,367726
2025-07-18,523.05,523.05,513.25,514.61,521.8440472297805,525.9518506493507,528.4072294507719,513.3059788350532,476.1753940204481,543.0081152443001,0,0,0,0,533.5115007495805,477.4129371008347,40.18554625571906,96.99063046858512,4,3,513.8016050640775,,,507.4603644823006,530.73,514.61,520.3558518836444,522.8923481163552,533.1959849308431,514.3314124123448,2,0,1,8.071522901475554,0.2047708129719915,-0.7534473757908667,4,3.5821267788774724,9.559376012916118,0,0.014989121571541105,530.73,514.3314124123448,1,0,0,0,10,8,2,0,106,0,,0,,-1.11530558771691,-0.749960778338651,0,0.06935159953808157,6.573624386478225,,,,,,0.7127684549841918,10.925032439866374,9.523809523809524,-11.957744526858383,1,12.408851160337653,26.550806896801593,14.316353936542297,28.017411182071932,,,,329563
2025-07-21,515.14,521.12,513.02,520.87,521.5193648198536,521.6610761904764,527.6893980745078,513.6026071160315,476.62011646800585,544.3833058890646,0,0,0,0,532.7684164043862,477.86840200868716,45.32056147477589,95.30498083697856,4,4,513.872410777894,,,507.622508809101,549.52,522.3092999999998,521.0593196062412,523.5592803937584,528.5592019687928,513.8462068159483,0,1.5,0,9.28409901367739,0.19642049506838694,-0.40657732262902885,4,3.709996427317808,25.565889533575884,0,1.3541161487507116,549.52,513.8462068159483,1,1,0,0,10,8,2,0,106,0,,1,,-0.8722747011423386,-0.41234466847795526,0,0.46429809609567974,3.4012852980321706,,,,,,1.1214775865395414,11.4870911771468,10.714285714285714,-10.618846766299596,1,12.851804616026916,26.985879815654577,13.488037609506444,26.560666686081785,,,,486818
2025-07-22,523.05,533.465,520.16,532,525.0129098799024,519.747681818182,528.0999315912213,514.3240735036381,477.1711600852396,545.6941284795022,0,0,0,0,532.7189263218459,478.5247612427397,60.63307559638001,95.40384187279412,4,5,527.88,,,521.4825463861209,549.52,533.203768422599,531.9242776998232,534.4832591453747,539.601222036478,516.10646,0,1.5,0,11.490392651761695,0.2074519632588085,0.12201949507253841,4,4.284131007517421,42.04293130888833,0,2.672517763240508,549.52,516.10646,1,1,0,1,8,19,2,0,106,0,,2,,-0.3088351252217466,0.11088545400320192,1,1.972931732902779,3.894237306447794,,,,,,1.2881058305850717,11.918198147542437,12.301587301587302,-19.692291194354365,1,14.840665142602832,25.573912572952484,20.850353451445415,24.09463480569782,,,,570113
2025-07-23,533.32,542,533.32,540.68,530.2352732532682,520.5837692640695,529.2980333444383,515.3576392485935,477.8030888406103,547.0012895937415,0,0,0,0,533.1357174755707,479.16457529864243,71.9885294313459,81.48216512776366,1,0,526.393324117647,525.1159398750694,527.6707083602246,520.0064029047593,549.52,550.2918186195208,549.0144343769432,551.5692028620983,556.6787398324085,529.3083799999999,0,2,0,13.159586580312933,0.21579793290156465,0.48412896213030016,0,4.441270873076165,56.781335725856316,0,3.2853761491812037,549.52,529.3083799999999,1,1,0,0,8,8,2,0,106,0,,0,,-0.08906912980498069,0.4721799019913343,2,2.146939871583826,0.9781948621446065,,,,,,1.0928172297903898,12.331793553490293,13.095238095238095,-19.845416647970193,1,15.385013604687407,24.188047566484563,25.358704831796917,22.41048480026236,,,,489035
2025-07-24,537.81,551.1,537.525,549.97,536.8135155021788,524.2774597402598,531.2667920735394,516.7149867290408,478.5211675586142,548.3614534055463,0,0,0,0,534.1920233699259,480.0845049744507,85.70826396730546,56.64811143744671,2,0,549.97,547.0926521318922,549.7073478681077,529.0524341102764,578.6550000000001,551.1,,,557.6367393405387,529.3083799999999,1,6,0,14.931174895755065,0.22465587447877533,0.8350450060683271,5,4.719363585277955,90.2184984791336,1,1.3713354675790659,,529.3083799999999,1,1,0,0,3,8,2,0,42,0,,1,,0.191055510444196,0.8212840448495521,3,6.4373965600252205,-0.5764402115404172,,,,,,1.3812740078309345,13.242463794437812,14.682539682539682,-18.998188015193502,1,16.348355018183668,23.74169106514185,29.2225495263947,20.33278927619963,,,,625362
2025-07-25,552.28,568.474,548.78,565.19,546.2723436681192,531.1851090909091,534.4975737808213,518.6159676416274,479.38354400081704,549.856533674141,0,0,0,0,565.19,481.93777438313793,99.93815064230007,10.409672546790379,2,1,565.19,547.0101948367571,549.7898051632428,542.9531173881138,,568.474,567.0841948367572,569.8638051632429,575.4230258162145,541.021952,1,6,0,17.89933281461092,0.2394966640730546,1.406024274564171,5,5.297781395764233,97.79009155529397,1,0,,541.021952,0,1,0,0,3,10,3,0,42,0,,2,,0.9330005975799753,1.3852439533393297,4,9.41014008808758,-2.4300159135067236,,,,,,2.2369809124295834,18.19837291957445,21.03174603174603,-0.8374004226552363,1,18.352053089713625,24.528819735847897,36.68692513737766,17.760268150602688,,,,1071485
2025-07-28,563.13,570.36,560.435,566.5,553.0148957787461,539.7678233766235,537.5454238969336,520.4937728321519,480.2503744087691,551.4747373199511,0,0,0,0,565.6668099098694,482.97860455653154,91.89738983851254,22.10998044867324,2,2,566.5,547.020850562703,549.779149437297,544.4336090032484,,570.36,568.980850562703,571.739149437297,577.2557471864849,541.021952,1,3.5,0,17.959304185324548,0.24412990700107984,1.3014196577003596,0,5.287506984518302,81.92356355406982,0,0,,541.021952,0,1,0,0,8,10,2,0,42,0,,3,,1.0346670885956568,1.282246592221234,5,2.6402251220411515,-2.390257045291148,,,,,,1.2817077815202846,21.70094713680856,27.38095238095238,18.4778356585724,2,18.316461485122005,25.368786002851756,35.55062868924841,16.619097260442285,,,,613179
2025-07-29,568.9,575.35,567.04,573.07,559.6999305191641,549.4495441558443,540.9287168591304,522.5555856622635,481.17395277286096,553.2342716459173,0,0,0,0,573.07,484.5559940031954,99.6912161841645,0.5166196210823717,2,3,573.07,547.0403433796528,549.7596566203472,544.3051416627545,,575.35,573.9903433796528,576.7096566203472,582.148283101736,545.2713200000001,1,3,0,19.098300458195997,0.14607856424268717,1.4340526259301758,5,5.317866975399592,98.74862437803822,1,0,,545.2713200000001,0,1,0,0,3,10,2,0,42,0,,4,,1.4046964956136576,1.4128857659674863,6,7.262921923579901,-6.573918688930662,,,,,,1.7782744853983417,27.102417978853687,42.46031746031746,47.122788029171694,3,18.42163157856945,26.4332606581129,36.76139221521205,15.653261156298905,,,,887791
2025-07-30,573.8,579.47,567.99,572.09,563.8299536794427,558.8776004329005,543.8964581106418,524.4981117147238,482.0785900587031,555.1046192949686,0,0,0,0,572.6362632895148,485.75621321236855,92.34909853654045,9.124942224423059,2,4,548.4,547.0349617096775,549.7650382903224,541.574808548388,575.2189014854147,574.0307096765662,572.6656713862437,575.3957479668886,580.8559011281782,545.2713200000001,0,2,0,18.67152198780206,0.16542513428569033,1.2257635764536097,0,5.264237619818147,82.84346252928111,0,3.929399149540415,549.52,545.2713200000001,1,1,0,0,8,10,2,0,42,0,,5,,1.5765401947734403,1.208347488488667,7,2.3346156185135616,-3.0219622063961586,,,,,,1.4016557111775418,31.34838560313944,62.301587301587304,71.90522326059036,3,18.23585404128097,27.646369554529887,36.69584733334161,14.477866092368718,,,,704912
2025-07-31,562.57,562.57,533.42,534.31,553.9899691196284,563.0919060606062,542.9834621001045,524.8828916474797,482.5983055805071,556.8307800639312,0,0,0,0,557.5559326023434,486.71280989136665,93.16827369238077,95.12455053628922,1,0,533.88,,,525.8159829377889,549.52,535.625,534.0121965875578,537.2378034124422,543.6890170622111,516.10646,0,0,4.5,10.715266469344515,0.05357633234672258,-0.5288139871077479,0,8.835152433781351,41.68491151976888,0,2.420448747742141,549.52,516.10646,1,1,0,1,8,15,2,0,42,0,,0,,0.38794587751358967,-0.5293894677676299,0,3.4837731431852745,3.9612997244089123,,,,,,1.9292311757009268,34.6364188303998,65.87301587301587,13.169217426491509,2,30.60586581585024,25.873384857087462,28.840025305014752,30.516603006800207,,,,1033234
2025-08-01,530.38,539.11,527.81,535.54,547.8399794130856,563.3437233766233,542.2745609477136,525.3008174652256,483.12508860955677,558.4159285894308,0,0,0,0,552.6117787531073,487.4107428964796,88.27626832906344,63.415748450027905,1,1,533.88,532.2815039741608,535.4784960258391,525.887519870804,549.52,552.6117787531073,549.4147867014289,552.6117787531073,559.0057628564641,516.10646,0,5.5,1.5,10.849138789561584,0.05424569394780792,-0.437253049570533,0,8.79508037410013,51.807308460868825,0,1.956839397431607,549.52,516.10646,1,1,0,0,8,15,2,0,1066,0,,0,,0.5681697249319838,-0.43709367931370746,0,2.190625141308841,1.4440438870509777,,,,,,1.3662246554670534,37.03201287568522,69.84126984126983,21.547738582196256,3,30.467052129186627,24.59729630404111,27.01971890070721,31.724001256517425,,,,760497
2025-08-04,662.24,688.12,643.73,682.78,592.8199862753904,576.4414519480521,555.6560313336456,531.4764716822756,485.1117046432925,560.7459140061904,0,0,0,0,682.78,498.92466971643125,99.99634616520606,1.6661158317203588,2,0,682.78,,,609.0559581289835,722.5260000000001,688.12,685.2733608331494,690.9666391668507,702.3531958342534,614.96318,1,6.5,0,40.74696476393101,0.4537348238196551,5.7674241719422366,1,25.89551513467255,99.6478226547181,0,0.539118569618545,,614.96318,0,1,0,0,11,10,2,0,1066,0,,0,,4.932595876519543,5.379985345314867,1,13.182815575207707,-4.997164801595486,,,,,,4.7543713589845,89.46355021987998,95.23809523809524,-0.26882158264418504,1,89.70469580284333,26.928827055763975,60.826286984712155,16.541786659367016,,,,3331906
2025-08-05,676.48,678.955,636.56,641.94,609.1933241835936,593.429154978355,563.8735521590127,535.808374753559,486.6721851941055,563.4779237490058,0,0,0,0,668.0970396564245,503.50440163817353,99.56101186928477,1.8189539727964976,2,1,614.96318,611.9071936307814,618.0191663692185,599.6832481539075,634.1544879530562,668.0970396564245,665.041053287206,671.153026025643,683.376971502517,614.96318,0,0,7,31.903983734753027,0.40951991867376514,3.2154599676558315,1,26.81863703833065,97.09366836314216,0,1.2559812534742427,634.1544879530562,614.96318,1,1,0,0,11,10,2,0,1066,0,,1,,3.1540140052683188,3.1300913534786377,2,6.792071392302978,-4.878068782814267,,,,,,2.4289141255416697,116.87951701693,100,25.808818166320886,3,92.9024838802744,28.752912328599077,52.61234157219562,16.402828194939506,,,,1870328
2025-08-06,647.01,647.25,623.4,624.19,614.1922161223957,609.9627515151515,569.6179757629162,539.2743208416547,488.0405216598358,566.4326123721597,0,0,0,0,662.1409113182142,505.1681895368334,97.03233318159563,10.50709371455705,2,2,596.34,593.2893519428686,599.3906480571314,581.0867597143427,643.8917061423608,643.8917061423608,640.8410580852294,646.9423541994922,659.1449464280181,596.34,0,0,5,27.897166792035442,0.29988799960614626,2.1277370299800626,0,27.06713838630135,91.44130852308335,0,3.1174822694607354,643.8917061423608,596.34,1,1,0,0,11,10,2,0,1066,0,,2,,2.2832173251677523,2.091564129475114,3,4.297398771761022,-3.8561345905277387,,,,,,1.0346701183804075,135.61020129570608,100,44.63033569621836,3,93.76331780114361,29.83029939764822,48.939807072390366,19.10949122613198,,,,816454
2025-08-07,629.74,650.5,628.81,650.06,626.1481440815971,626.3681183982684,577.2791209283528,543.6188572792369,489.65265577267326,569.7108822848427,0,0,0,0,660.7253780196911,507.0965204766692,96.84923522713974,16.481245011023386,2,3,650.06,611.8955246612351,618.0308353387649,600.9775145797611,658.0088687442299,660.7253780196911,657.6577226809262,663.793033358456,676.0636547135157,614.96318,1,2,0,32.759414727201566,0.5224648960865019,2.811618381606884,3,27.259975604548746,80.8512260425608,0,0.1619491897399361,658.0088687442299,614.96318,0,1,0,0,11,10,2,0,1066,0,,3,,2.6693425796039523,2.748413923900147,4,4.04950873052991,-1.2124297959636263,,,,,,0.9807222939758089,148.9133636972272,100,57.69487813147657,3,94.43132552033309,30.890224198414245,46.138090982096195,17.646150746893337,,,,798814
2025-08-08,651.6,658.77,645.775,658.06,636.7854293877314,640.4017034632034,584.9725379827953,548.1067452290707,491.32835074010933,573.295818239775,0,0,0,0,660.5209641022668,508.507485469548,96.83021410186585,33.07664001636694,2,4,658.06,611.998616114004,617.9277438859959,610.6269778240638,671.9322892869942,660.5209641022668,657.5564002162708,663.4855279882628,675.3437835322468,614.96318,1,2,0,33.93487247555234,0.48942870455710075,2.7343111508319082,3,27.14797318040012,71.86749995030787,0,0.292460582324691,671.9322892869942,614.96318,0,1,0,1,11,10,3,0,1066,0,,4,,2.3580347374347124,2.6733904810837816,5,4.110820992698078,0.4225082836314173,,,,,,0.6860555106487324,158.19253894339838,100,68.21238244168497,3,94.04333774194048,32.02878428006103,46.8230734125222,16.955517577858462,,,,566279
2025-08-11,662,665.52,646.68,652.11,641.8936195918209,652.4249329004327,591.3665819844339,552.1853042396954,492.9281681456804,577.0882446476184,0,0,0,0,659.9956623808829,509.6639009518514,96.29349960458242,39.276621102130875,2,5,614.96318,612.0421563915751,617.8842036084249,600.3580619578756,682.6855645827377,659.9956623808829,657.074638772458,662.9166859893078,674.6007804230072,614.96318,0,2,6,32.293109248176485,0.4523501655703148,2.174611471391326,3,27.18304615240215,70.70597136355266,0,4.63689402491727,682.6855645827377,614.96318,1,1,0,0,11,10,2,0,1066,0,,5,,2.1270769546354593,2.13836920730285,6,3.7153203692609837,0.19809070516087374,,,,,,0.5898986531257664,164.28224611611125,100,74.4624176526138,3,94.16483408090039,33.21206054898985,46.18989669686168,15.979092645841744,,,,491869
2025-08-12,652.79,654.355,647.38,652.27,645.352413061214,662.3716497835497,597.1669075097259,556.1101942695112,494.5136590099025,581.0356716858371,0,0,0,0,659.5289222474945,510.83648543608643,96.10005828826729,44.55780674503332,2,6,614.96318,612.1885241493197,617.7378358506802,601.0899007465988,688.12,659.5289222474945,656.7542663968143,662.3035780981747,673.4022015008957,614.96318,0,2,5,31.901311139908973,0.42294945128260997,1.9081380266735073,3,27.13001163568343,69.40646104597195,0,5.273217576303379,688.12,614.96318,1,1,0,0,10,10,2,0,1066,0,,6,,1.9075431646645211,1.881080835324584,7,3.765337605058825,0.4314128976755146,,,,,,0.6030812228854912,167.59910599377065,100,78.33274504418868,3,93.98111712587703,34.310817084423746,45.15317053925541,15.62044401258157,,,,506395
2025-08-13,651.15,665.025,648.92,663.92,651.5416087074759,670.9343155844156,603.524344889752,560.3380297883539,496.19929424363477,585.164761864672,0,0,0,0,659.8069013523553,512.2317659979612,96.10415958757201,40.53450266338763,2,7,663.92,616.1775192100827,621.6180407899174,613.0966316140323,688.12,688.12,685.3997392100827,690.8402607899174,701.7213039495867,618.89778,1,3.5,0,33.801077047484476,0.47111370822955734,2.063825661985473,3,27.034565334546958,74.4422419982339,0,0.4761589160367745,688.12,618.89778,0,1,0,0,11,10,2,0,1066,0,,7,,2.2168665839370796,2.032366089443494,8,3.835492190850978,-0.2976593476503423,,,,,,0.6708699438443921,169.50122423186156,100,80.99343604607719,3,93.65048143995125,35.541680288169985,46.26850539757904,14.794737824268866,,,,566491
2025-08-14,664.11,664.11,648.17,653.95,652.3444058049839,676.680325974026,608.3267882335851,564.0090874437126,497.7689530073797,589.3643941365556,0,0,0,0,659.4942229346905,513.3732317094862,96.6831211014539,43.307187438420776,2,8,618.89778,616.2295021236482,621.5660578763518,605.5563906182409,665.52,659.4942229346905,656.8259450583387,662.1625008110423,672.8356123164496,618.89778,0,2,6.5,31.37621300987506,0.5568810650493753,1.478720623890529,3,27.129637306182055,73.97845039401788,0,3.494555077130411,665.52,618.89778,1,1,0,0,15,10,2,1,1066,0,0,8,,3.096958885811081,1.4609582435911825,9,4.320282219744239,0.23049654227798777,,,,,,0.5928530518618962,169.24400830525138,99.60317460317461,80.08547746324311,3,93.97982041044672,36.637833545785846,43.800621582175395,14.256575971609745,,,,504672
2025-08-15,655.54,661.095,650.78,650.84,651.8429372033227,678.9295086580088,612.3756655446723,567.4142212694494,499.29204800233117,593.5740428339484,0,0,0,0,659.1276600715021,514.2844721013739,96.97687249800288,41.94697714366123,2,9,621.8776849227257,619.3079001089704,624.447469736481,609.0287608539494,665.52,658.4155133793697,655.8457285656144,660.985298193125,671.264437448146,618.89778,0,0,5.5,30.3525667200214,0.5401720907646785,1.1952120007056082,3,27.10753609481321,75.87276282981306,0,3.3965735063628943,665.52,618.89778,1,1,0,0,15,10,3,1,1066,0,1,9,,2.907274057316572,1.1832756840529972,10,4.3245653075112545,-0.06809987744358581,,,,,,0.4886305157332856,166.23679255870246,98.80952380952381,77.02984254506109,3,93.90325956844741,37.65569014214343,42.23085628092131,13.745636229968433,,,,418115
2025-08-18,650.45,652.075,637.08,637.86,647.1819581355485,676.0231645021646,614.8027450166082,570.1768008275102,500.67083359434776,597.6753197397467,0,0,0,0,658.2258759652428,515.1349198976624,96.87382668629243,56.78493712517463,2,10,623.4,620.8798873157987,625.9201126842013,610.7994365789933,665.52,658.1148502802802,655.5947375960789,660.6349629644815,670.7154137012868,614.96318,0,0,2.5,27.40107016435579,0.3074741468374369,0.6266877020100468,3,27.29374224933719,65.1974281444685,0,3.3427076704983603,665.52,614.96318,1,1,0,0,15,8,2,1,1066,0,2,10,,-1.1637503681252632,0.6224237496659967,11,4.0934729961028875,1.3344429746718345,,,,,,0.5122988275040619,161.31194271162406,98.01587301587301,70.6132722608226,3,94.54829660908251,37.69665891446151,39.987292736612176,17.869191157931603,,,,437094
2025-08-19,638,642.82,635.535,636.71,643.691305423699,670.3197190476191,616.8891502531218,572.7859458930981,502.02445714067267,601.6100999460783,0,0,0,0,657.4081011290072,515.9095672618777,96.75348377954356,68.49875409200774,2,11,623.4,620.994850721813,625.805149278187,611.3742536090652,665.52,657.8466681614647,655.4415188832777,660.2518174396516,669.8724145523994,614.96318,0,0,5.5,26.828482346545723,0.2841424117327286,0.5034107592588877,3,27.292753445494245,60.06629336805544,0,3.5024853036773655,665.52,614.96318,1,1,0,0,15,8,2,1,1066,0,3,11,,-0.32377424866364013,0.5037776514071677,12,4.035921940743812,1.9661778864738637,,,,,,0.4819564818911611,154.3471825659418,97.22222222222223,63.252834824949424,3,94.54487129209312,37.635116668136156,38.90587995343655,17.959484567438547,,,,407282
2025-08-20,637.82,640.7,634.16,639.85,642.410870282466,663.9337787878787,619.0758978480626,575.415908799251,503.39585557708386,605.352128984458,0,0,0,0,656.5877055922524,516.9196830014599,97.49236629733662,64.19687381345037,2,12,639.85,619.7121944196914,624.2956859363243,610.5452113864256,665.52,657.5830047634626,655.2912590051461,659.874750521779,669.0417335550447,618.89778,1,2,0,27.106727818902606,0.285533639094513,0.5333528875516741,3,27.284735459932328,73.04602683146759,0,0.8759660524597427,665.52,618.89778,1,1,0,0,8,8,2,1,1066,0,4,12,,0.16043146113083148,0.5342938670603686,13,4.916067504639869,0.9747889936256273,,,,,,0.6201995620694031,144.74618170241556,96.42857142857143,53.14285728146726,3,94.51709617535793,37.48439292874334,37.914572134105356,18.037579161515264,,,,525228
2025-08-21,637.05,638.5346,632.57,633.05,639.2905801883106,656.9119761904761,620.4067647196757,577.6760692384961,504.6859465663666,608.8877054156872,0,0,0,0,656.0073989841277,517.4294623124526,97.07253680102887,65.8318837912971,2,13,623.4,621.2069503672776,625.5930496327223,612.4347518363879,665.52,657.4013730932853,655.208323460563,659.5944227260077,668.3666212568974,614.96318,0,0,2.5,25.434441816135127,0.27717220908067564,0.24052314328618593,3,27.333245447831768,64.1137378776002,0,3.8412263335520644,665.52,614.96318,1,1,0,0,8,8,2,1,1066,0,5,13,,-0.5792581410529218,0.24345646716312494,14,4.0439631309973185,1.4125050543537716,,,,,,0.34242000924550775,133.37499199303147,95.63492063492063,40.86158864177127,3,94.68513970279069,37.23037750449309,36.79081863945348,18.15029900513204,,,,284143
2025-08-22,635.76,648.55,634.69,645.55,641.3770534588738,651.5556367965368,622.8013585558971,580.337792013457,506.0875789388406,612.3028699108953,0,0,0,0,655.6972464288289,518.1229392564567,97.18840567585582,58.01123441514192,2,14,645.55,616.722983912472,621.072576087528,610.7532625995526,665.52,652.2971739286487,650.84,655.6972464288289,664.3964307789407,618.89778,1,2,0,27.556973706721433,0.2877848685336072,0.599821715487446,3,27.283856712132252,72.62236460357774,0,0.5739043798900323,665.52,618.89778,0,1,0,0,8,8,3,1,1066,0,6,14,,-0.473023249290899,0.5979777524230216,15,4.34156742444128,0.4501645846401133,,,,,,0.44374520570671355,123.97794754997548,95.23809523809524,31.174089768120854,3,94.51405210368439,37.34379366250285,38.56143747701532,16.995307163955534,,,,352266
2025-08-25,639.33,644.13,636,641.35,641.3680356392492,647.1628536796536,624.5678958362878,582.7304276207724,507.4334736757675,615.5650738027782,0,0,0,0,655.2347399681007,518.8675264971167,97.29580245515575,58.590308996816134,2,15,641.35,616.7930586330098,621.0025013669903,608.3741731650488,665.52,652.1584219904302,650.84,655.2347399681007,663.6536254360617,618.89778,1,3.5,2.5,26.39095236547216,0.28639920627180526,0.38441847830218717,3,27.312875595598264,69.66838274489093,0,0.7329611512388842,665.52,618.89778,0,1,0,0,8,8,2,1,1066,0,7,15,,-0.4348093263296577,0.3829009351824393,16,4.3927717918368145,0.93462938179016,,,,,,0.5053051491279141,113.0582317501091,94.44444444444444,19.493460706034497,2,94.61457646476849,37.44910866636905,36.99921114455058,16.30678209546753,,,,395639
2025-08-26,641.35,645.53,639.745,641.72,641.4853570928328,643.703561038961,626.2014295661652,585.0437441846636,508.76965801730216,618.6861841703085,0,0,0,0,654.7911104946793,519.6441275886688,97.09897707977834,58.671757114957884,2,16,641.72,630.5639640877948,634.5760359122053,622.539820438974,665.52,652.0253331484039,650.0192972361987,654.0313690606091,662.05551270943,632.57,1,2,2.5,26.131735626847565,0.2895475670231267,0.33783574879946565,3,27.31235886177092,68.03039966445554,0,1.240864295575277,665.52,632.57,1,1,0,0,8,8,2,1,1066,0,8,16,,-0.4284825682207483,0.3344884335147978,17,4.150658602349846,0.9116964020721805,,,,,,0.5485075577625965,101.97090596006468,91.26984126984127,7.777087844209868,2,94.6127864462826,37.59871412954373,36.66966802839109,15.886912037628573,,,,416541
2025-08-27,642.61,647,637.6724,640.86,641.2769047285552,641.0692333333332,627.597483893197,587.2326169617356,510.08398977832405,621.6739065221212,0,0,0,0,654.2412052868686,520.5958932310544,97.3003500453921,40.98343670503135,2,17,618.89778,616.9517502243808,620.8438097756192,609.1676311219043,648.55,651.8603615860605,649.9143318104414,653.8063913616797,661.5905104641563,618.89778,0,2,4,25.638132708009426,0.2915239968733805,0.25606885304196814,3,27.311334323943292,81.65309131129315,0,3.0474579959153796,648.55,618.89778,1,1,0,0,8,10,2,1,1066,0,9,17,,-0.6959192296620351,0.2517372473081027,18,4.445691679858845,-1.1489621888362198,,,,,,0.6950876213875801,88.3785909990726,87.6984126984127,-6.585663851689821,1,94.60923734313914,37.55272126484483,35.10035569333556,16.15794573044103,,,,521480
2025-08-28,638.28,647.44,637.05,647.03,643.1946031523702,639.8480688311687,629.4481997128926,589.5776123750009,511.4466366462014,624.5754686990016,0,0,0,0,654.0762662827188,521.1818688188642,98.48907080908764,32.42319393289464,2,18,647.03,644.7802044940679,648.579795505932,621.8516359525435,688.12,651.8108798848157,,,661.3098574144759,618.89778,1,5,0,26.50977709871808,0.30032666327136814,0.4054629914240365,3,26.179983616226583,91.1914500793304,0,1.631956703880882,648.55,618.89778,1,1,1,0,14,10,2,1,1066,0,10,18,,-0.34418666366241446,0.3988487868103024,19,7.205999403961345,-1.1069438599764727,,,,,,0.43309112359475027,71.00643552880874,82.53968253968254,-21.704334754923,0,90.69012352925044,37.45167258577061,33.386389757288484,15.661458759825479,,,,309243
2025-08-29,647.95,652,642.29,647.09,644.4930687682468,639.9759614718614,631.1283711688076,591.8330001250008,512.7963218537019,627.398709995144,0,0,0,0,653.9221662626096,521.7546879119558,98.54945495784628,16.572041268649027,2,19,645.55,643.6992077444916,647.4007922555083,636.2960387224582,671.1248472653073,652.629149878783,,,661.8831111563247,622.9941527346929,0,3.5,3.5,26.18850261266332,0.15316473528553884,0.34431652621881464,0,26.187345636464947,96.3585715982004,0,2.7636648239899593,648.55,622.9941527346929,1,1,1,0,1,10,3,1,1066,0,11,19,,-0.27372832106771894,0.3387622112018186,20,5.242335404855427,-6.126941127364606,,,,,,0.4411512927599037,45.82785557211292,65.47619047619048,-49.481850665116944,0,90.71562631544884,37.562839586882724,34.02230543776264,14.92783101924329,,,,304950
2025-09-02,637.05,641.21,630.5389,639.45,642.8120458454979,640.404380952381,631.9209072479688,593.7003334534321,514.0565574571476,630.1099358518558,0,0,0,0,653.4753161609103,522.5230571034496,98.66652547512592,9.304675888382567,2,20,639.45,630.7036295127423,634.4363704872578,615.6079361019381,648.55,652.4484176429095,650.5820471556517,654.3147881301672,661.7802700791982,627.0953562233827,1,4.5,0,24.392927339187846,0.14863130336260588,0.045470143187810556,6,9.181884959330212,94.60672095632356,0,0.38167836639090713,648.55,627.0953562233827,0,1,0,0,8,10,2,1,1064,0,12,20,,-0.1555711233612681,0.04204483811827562,21,5.422710116069851,-4.72394150273551,,,,,,0.8057139005375737,45.57751334343569,65.07936507936508,43.29404972062454,3,31.80698251762484,36.56503075998951,31.328447304253523,19.367492605123203,,,,440474
2025-09-03,640.99,642.01,626.243,633.95,639.8580305636652,640.1648653679654,632.1141541767337,595.2787517493759,515.2495270346884,632.6873305121353,0,0,0,0,652.9770545721027,523.1366219921332,98.78402150238537,28.316125520938918,2,21,632.57,630.6961649046893,634.4438350953108,623.2008245234463,648.55,652.3155478858941,650.4417127905834,654.1893829812049,661.6847233624479,626.0999269104875,0,6.5,1.5,23.037473444846132,0.1462984783353418,-0.15566567713183008,6,6.879049219875359,78.96955099210689,0,1.7055929884107321,648.55,626.0999269104875,1,1,1,0,1,10,2,1,1064,0,13,21,,-0.2581028459235226,-0.15981168709484742,22,5.560259903571318,0.2973347185802694,,,,,,0.7917237292683144,76.98838607686042,83.73015873015873,223.07709979400013,3,23.82972551318234,35.26921056372475,28.974815373701624,19.95939722174668,,,,373575
2025-09-04,637.71,642.47,629.555,640.44,640.0520203757768,639.9287839826841,632.9070918741876,597.0497810925377,516.495203382602,635.1830734810366,0,0,0,0,652.6108016228095,523.8934069294527,98.84569538222075,14.84354124884161,2,22,640.44,629.173939210574,632.884543673294,614.71258214912,652,652.2178804327493,650.3625782013893,654.0731826641094,661.4943915895493,629.2896753279886,1,3.5,0,23.99727931753589,0.15554195214323502,0.043935970155051615,6,6.315902906113043,95.41338143657153,0,0.4493260873284449,652,629.2896753279886,0,1,0,0,8,10,2,1,1064,0,14,22,,-0.1847036358343219,0.036152922439483086,23,5.567460584909003,-5.2611423374229,,,,,,0.9723669957847212,102.26307476196874,91.26984126984127,367.4043808117777,3,21.878929458119426,34.09392120446286,27.39531847959313,18.718861877569598,,,,440535
2025-09-05,640,649.158,630.8667,642.99,641.0313469171846,640.0437363636363,633.8673688385506,598.8513583045951,517.7538580753125,637.6148493230019,0,0,0,0,652.380160126466,524.5359330261005,98.4513966445586,8.420870934848478,2,23,642.99,634.1139041780228,637.8860958219772,615.777933424183,652,652.1013760337243,,,661.53185514361,629.0598767112032,1,5,0,24.188355136596726,0.16094177568298365,0.09756559309035243,6,4.798357758067704,93.13626655636003,0,0.3311031146751286,652,629.0598767112032,0,1,0,0,8,10,2,1,1064,0,15,23,,0.026473824420787596,0.08799332061036409,24,4.7884895481791325,-4.750318337986197,,,,,,0.8581131588510195,119.28178029984684,94.84126984126983,617.6139362445874,3,16.621998859731107,33.407982896403915,28.18921093429515,17.098014074097698,,,,370390
2025-09-08,644.42,654.05,640.2601,652.83,644.9642312781231,641.4659683982684,635.6733337110696,600.9681677828463,519.0978992884934,640.0419747534058,0,0,0,0,652.3931821923428,525.390896394627,97.58091007412249,4.930036793912419,2,24,652.83,644.8305012010212,648.5794987989786,625.2641096081697,659.8683395560382,659.8683395560382,,,669.240833550932,629.5136604439621,1,1.5,0,25.76240452808764,0.17325646708488265,0.3734909981507228,6,4.88923969770623,92.42070574525584,0,0.2553278510504466,,629.5136604439621,0,1,0,0,8,10,2,1,1064,0,16,24,,-0.04103783634134764,0.36341470450365126,25,4.067949809149356,-5.195445790262606,,,,,,1.0803087145844303,132.1287264271387,95.23809523809524,680.126977678959,3,16.936823133619775,33.05255701377813,28.667784575419414,15.974952422665227,,,,460588
2025-09-09,652.83,655.77,647.785,655.6,648.5094875187488,644.0719987012988,637.5711114528725,603.1105925756758,520.4561291463193,642.4757509314123,0,0,0,0,652.447048938244,525.9010008661168,96.37963074949727,3.1758556227421915,2,25,655.6,650.1880993295197,653.8119006704803,633.2897946361577,678.955,660.4546878877486,,,669.5141912401501,629.2763121122516,1,1.5,0,25.966428923673373,0.17872103350725577,0.39808436981882706,6,4.821321593977372,91.15170582034486,0,1.0468303459837696,660.4546878877486,629.2763121122516,1,1,0,0,8,10,2,1,1064,0,17,25,,0.11648603461978436,0.3894695527169479,26,3.536848823092594,-5.2120213963453725,,,,,,0.6544608723633005,141.2377983551085,96.03174603174604,745.6569356619306,3,16.701547920795548,32.82159059079133,28.38733588119765,15.34637021272992,,,,271828
2025-09-10,652.91,653.675,631.74,637.95,644.9896583458325,645.2418792207793,637.6071960764085,604.476843847218,521.6252223886445,644.7959525276087,0,0,0,0,652.1066540395072,526.5258470084831,84.93611737209271,47.99276052404371,4,0,636,634.1044850916969,637.8955149083031,626.5224254584845,652,646.7049999999999,,,656.1825745415155,628.6713974354276,0,4.5,1.5,22.300451093732978,0.16483558880199822,-0.22264508497694507,6,5.551676030324528,30.88429428007039,0,1.6881956380204293,652,628.6713974354276,1,1,0,0,8,10,2,1,1064,0,18,26,,-0.2919232119103448,-0.22243697365169188,27,1.7996813155205906,3.230417444902593,,,,,,0.9502442231296557,147.38433663850174,96.42857142857143,666.3666428640582,3,19.231569903368754,31.095967392349515,25.19690126650333,21.179385753124055,,,,389108
2025-09-11,637.14,648.295,637.14,645.16,645.0464388972216,645.957100865801,638.3265107357981,606.0722617355624,522.8544241559216,647.050362228121,0,0,0,0,651.9681633087083,527.0962332623075,88.29931694004868,59.117300927396215,1,0,633.5705407241328,631.7108215235656,635.4302599247,624.2719447212969,652,648.8476536257035,,,659.4388768022687,630.6384347015344,0,2,4,23.391898431676143,0.3247372699361585,0.00193422484459098,6,5.355742058654446,56.665389891511424,0,1.981961499375451,652,630.6384347015344,1,1,0,0,8,15,2,1,1064,0,19,27,,-0.10764410517723913,0.003412157444739489,28,3.196469469661606,1.1451211046014387,,,,,,0.8469558116893313,151.04656274614348,96.82539682539682,714.1427715019859,3,18.552834715646068,29.493602993796397,23.847468313984585,20.04511290159029,,,,337099
2025-09-12,639.24,644.86,625.547,641.14,643.7442925981477,645.7412995670995,638.5944620942936,607.4474671576972,524.0313950598428,649.2115745687023,0,0,0,0,651.7683294547622,527.6110173124553,82.6852922414445,79.13519586312361,4,0,628.4610169170081,626.5590187307672,630.363015103249,618.9510259858034,654.1570327981208,642.99,,,652.4999909312047,630.9849672018795,0,5,0,22.347631467153555,0.32396037955799,-0.14831955914954997,6,5.1880814282187036,16.439504882855886,0,2.702002143534911,654.1570327981208,630.9849672018795,1,1,0,0,8,8,2,1,1064,0,20,28,,-0.33606213766985316,-0.14339667512946694,29,2.0564529730062695,6.17043575739675,,,,,,0.8179561914026596,152.36379728681644,96.82539682539682,747.78236998971,3,17.972041254958597,27.700717919742218,21.65184321041088,23.641683857314398,,,,317919
2025-09-15,641.73,651.33,641.73,643.99,643.8261950654318,645.3722787878787,639.108322847218,608.880507661317,525.2250130194464,651.2980803758421,0,0,0,0,651.5679817298205,528.3587482509315,86.48671905756188,86.84770364652148,4,1,642.99,,,633.7043834210241,653.2054928031199,651.1338700555455,649.2767467397503,652.9909933713407,660.4194866345214,631.2515071968802,0,0,5.5,22.612210773776763,0.32972772053555044,-0.06478385926257282,6,5.199118491140071,45.257830762274146,0,2.1412000688981734,653.2054928031199,631.2515071968802,0,1,0,0,8,8,2,1,1056,0,21,29,,-0.2712168274709049,-0.06033879026048072,30,3.412878616815978,3.6273287936943133,,,,,,1.1661816986274431,153.88101506372982,96.82539682539682,754.4068155170627,3,18.010274762450884,25.910506524525978,23.70170957621312,22.483456485014887,,,,455442
2025-09-16,640.37,648.32,635.5,645.65,644.4341300436212,645.4244264069264,639.7313397189115,610.3224485373438,526.4232715963673,653.3185881247524,0,0,0,0,651.4356299198254,529.0242457273446,88.0523416981527,84.87461559871213,1,0,642.99,641.1510640639045,644.8289359360955,633.7953203195225,653.4997325826193,651.2283015244723,,,660.4229812049498,631.7362674173808,0,5,0,22.648453219417945,0.3343533772082008,-0.028074039599047976,6,4.777102632979388,46.86807527313053,0,1.1430232425534066,653.4997325826193,631.7362674173808,0,1,0,0,8,15,2,1,32,0,22,30,,-0.05672700112534677,-0.021095543607893716,31,2.873971763233838,2.1048858124579812,,,,,,1.0400726335285193,153.31373792047353,96.42857142857143,826.4583018142898,3,16.548368946582716,24.349943180986468,22.22640029349335,24.108824261230502,,,,404496
2025-09-17,644.59,651.05,637,640.86,643.2427533624141,645.0958316017316,639.8388311742533,611.519999575095,527.5619455108313,655.2447594891457,0,0,0,0,651.1819225896992,529.717316877528,90.65863854619829,89.39693833082251,1,1,632.2483028760017,630.4152730781988,634.0813326738047,623.0831538869868,653.4026971239983,651.1495828069422,649.158,654.8156424025482,662.1477615937602,632.2483028760017,0,2,4,21.47578221917878,0.33293446665144943,-0.1968023816984854,6,4.839829741765747,39.9515980413137,0,2.3081342456463725,653.4026971239983,632.2483028760017,1,1,0,0,8,15,2,1,0,0,23,,,-0.03447006526086323,-0.18743091048589927,32,3.504155744571186,3.6497456853669763,,,,,,1.1376361652428302,150.7118492670434,95.23809523809524,798.9316916822788,3,16.765662025442467,22.67870150311083,22.035065413264928,22.45889696367512,,,,444560
2025-09-18,642.53,659.17,635.94,655.51,647.3318355749427,646.0021917748917,641.3313234433721,613.2450976309736,528.8350604808727,657.1687046292078,0,0,0,0,651.2899080287079,530.5433695148658,93.475572602544,91.65784626173408,1,2,655.51,641.0804901877544,644.8995098122456,624.95784300407,,655.77,,,665.3175490612281,631.7833855819563,1,3.5,0,23.9535819361033,0.3497679096805165,0.26242224643590534,6,5.315000714307023,46.39118424617032,0,0,,631.7833855819563,0,1,0,0,8,8,2,1,0,0,24,,,0.1545164738287358,0.2703182159680091,33,4.342712672446493,3.6496273518923865,,,,,,1.2214217086571377,147.43381409564773,94.44444444444444,700.7614375915815,3,18.411702558889274,21.62074981856657,23.438405331246773,20.01941441614795,,,,474184
2025-09-19,659.58,661.39,648.845,656.16,650.2745570499618,647.6568887445889,642.7435783535271,614.9280349787786,530.1019753019585,659.085250429436,0,0,0,1,651.5290696925673,532.2279398675314,99.84504227233785,87.77909999121157,1,3,655.77,653.8848748172005,657.6551251827995,646.3443740860025,678.955,656.751670999823,,,666.1772969138204,632.776329000177,0,5.5,10.5,23.779957549910247,0.3533442321939957,0.23759542182109825,6,5.166519133399025,81.60263971862186,0,2.4597835954394633,656.751670999823,632.776329000177,1,1,1,0,1,15,2,1,2048,0,25,0,,0.11494172329429546,0.24535469058353368,34,8.624296441192289,2.628901106263129,,,,,,2.3198786930358755,143.63589146542887,93.25396825396825,702.5540839166429,3,17.89734727464767,20.803404472824656,23.097224906041387,18.829916137816046,,,,981522
2025-09-22,653.17,657.11,640.275,644.1,648.2163713666412,648.3723030303031,642.872761367477,616.0720336070617,531.2362840054217,660.9103108644425,0,0,0,0,651.3879757789543,532.8162693950466,74.41341836069347,93.90841292660298,4,0,641.6025000000001,,,632.0985705798595,656.6768181434361,655.4251678984085,651.6235961303523,655.77,663.3731435361125,632.7061818565642,0,0,4,21.24548329861943,0.345116305381986,-0.18317584774346393,6,5.192694596564116,14.898299458688214,0,2.858461962825981,656.6768181434361,632.7061818565642,1,1,0,0,15,8,2,1,2048,0,0,1,,-0.3792615328687796,-0.17524861180423368,35,0.555620625511974,5.07766677088907,,,,,,0.9108274497452838,138.07801243824096,92.46031746031746,667.6108826343781,3,17.988021738874842,19.333485476513772,21.270716382455362,21.366453254033893,,,,386943
2025-09-23,640.34,649.47,640.34,648.38,648.2709142444274,648.8999701298702,643.3972602848602,617.3390126812945,532.4018931197955,662.6695165122009,0,0,0,0,651.3370101615411,533.3651822868123,62.22521930892259,91.10981224897867,4,1,641.6025000000001,,,632.3698333955838,657.0280541926126,655.5550151763636,651.8619485345971,655.77,663.156133283533,633.0579458073875,0,3.5,0,21.783939610092308,0.3522530313837948,-0.04969300863658764,6,5.1882116655778745,39.76362146217886,0,2.9597052764851353,657.0280541926126,633.0579458073875,1,1,0,0,8,8,2,1,2048,0,1,2,,-0.34066020548671905,-0.04399436848142017,36,0.44197441407554905,2.5163159233197256,,,,,,0.8309340086424198,130.5520784275764,90.87301587301587,626.3994077526809,3,17.972492410404854,17.968560694225097,20.33169015434385,20.423200584659508,,,,351154
2025-09-24,645.12,645.12,621.3587,627.17,641.2372761629516,646.9556974025975,641.8518069243974,617.7245415957536,533.3448593574095,664.2324140994359,0,0,0,0,650.8072474214704,533.9508731672225,76.40976024502329,94.0326948593144,4,2,625.547,,,615.7675015458992,658.570494177478,627.17,639.6466003091799,643.5583996908202,658.4643950531225,,2,0,4,17.591833688175768,0.23795916844087883,-0.7310563256817743,6,6.189927622488587,34.505662071502314,0,0,658.570494177478,,1,0,0,0,8,8,2,1,2048,0,2,3,,-0.42515422943181036,-0.7218466978614355,0,3.460100729728711,4.434588895204916,,,,,,1.0929268917361363,120.39760727943303,90.07936507936508,461.48952953848277,3,21.442538274648513,18.092192446855954,17.823761825713305,26.568840438315807,,,,464493
2025-09-25,620.93,621.125,613.28,618.17,633.5481841086344,642.4865493506493,639.5963967411215,617.7420105527829,534.1888906075845,665.5605483705868,0,0,0,0,650.2322260214099,534.3789020255017,84.60102404190658,95.36291796648396,4,3,617.7420105527829,,,608.0409584168322,661.39,618.17,618.7443895728098,622.62481042719,636.6466834175212,600.5699999999999,2,9,4,15.721238473697124,0.22860619236848562,-0.9637772767126949,6,6.331188544855668,38.064999260829616,0,0.9525519056796803,661.39,600.5699999999999,1,0,0,0,8,8,2,1,2048,0,3,4,,-0.7887836754040742,-0.9536866653492354,0,3.8469492598453705,4.320724928006611,,,,,,0.9093085420433529,107.02879768105757,87.6984126984127,388.0055673149226,3,21.931880463976167,18.678001686530184,16.68447058344797,28.58826796388781,,,,380024
2025-09-26,619.31,636,615.33,632.22,633.105456072423,638.3138896103897,638.8938827657765,618.3097748448306,535.1643245318871,666.7609821284404,0,0,0,0,649.9492641601338,534.8272915610356,57.17306543282683,94.62186037635537,4,4,614.96318,612.9770024604662,616.9493575395337,605.0322923023314,661.1823840835099,659.5022306085601,657.5160530690264,661.4884081480939,669.4331183062287,623.6986159164902,0,4.5,0,18.135677402078013,0.24067838701039007,-0.4430545444945076,6,6.695072378259466,16.6137459136855,0,3.6052783781328306,661.1823840835099,623.6986159164902,1,1,0,0,8,8,2,1,2048,0,4,5,,-0.3749373501595638,-0.4385826124958523,0,-0.7059537567885923,3.4607933445888106,,,,,,0.8202811282061424,89.80849627205444,82.53968253968254,287.2322550728418,3,23.19241103899278,17.95876094315801,21.82100604584417,25.93187554746206,,,,344253
2025-09-29,636.34,636.34,619,630.56,632.2569707149486,634.4996255411255,638.1001796452264,618.7901758313078,536.1135352330624,667.8285711987559,0,0,0,0,649.7166087289686,535.1652727831768,62.60155008297568,95.1569720274475,4,5,618.7901758313078,616.791046687455,620.7893049751606,608.7945301120441,660.9124842928062,630.56,657.4215692362656,661.4198275239711,664.7269266615908,622.3155157071939,2,3.5,2.5,17.6168775007479,0.2380843875037395,-0.4709974304409526,6,6.69525332531584,25.089194835308383,0,0.24130014310225345,660.9124842928062,622.3155157071939,1,0,0,0,8,8,2,1,2048,0,5,6,,-0.4744824548328915,-0.46577393384318616,0,1.4468698910271267,3.9542416529830677,,,,,,0.6371027279403949,65.84551768329598,72.61904761904762,183.90208340315374,3,23.193037857983022,17.264246218309733,20.282942379588885,23.923596077303763,,,,266141
2025-09-30,631.27,639.53,629.675,638.89,634.4679804766324,632.4056073593073,638.1754006313953,619.5784042300801,537.1361866237783,668.8227554739286,0,0,0,0,649.540160643899,535.6684391122241,62.52520349378092,91.33330640752303,4,6,635.7883720930233,633.8440468165886,637.732697369458,626.0667457108499,660.8985818056465,659.4946571389523,657.5503318625176,661.438982415387,669.2162835211258,622.2734181943536,0,3.5,0,18.94376433950675,0.24471882169753376,-0.18142875015032625,6,6.745733665856428,42.28091876692474,0,3.828704939006031,660.8985818056465,622.2734181943536,1,1,0,0,8,8,2,1,2048,0,6,7,,-0.32163161291340414,-0.17773480218576768,1,1.118192150042952,2.4157225119997436,,,,,,0.8874216150431498,17.240979738672493,12.301587301587302,-26.219409286805174,0,23.367906887182375,16.3600089024505,20.829916935184006,22.84092597226537,,,,367469
2025-10-01,630.72,638.24,600.565,620.11,629.6819869844217,629.612364069264,636.4548862855481,619.5992511230181,537.9617967071238,669.6317039422295,0,0,0,0,648.7034522089356,536.3975646223606,79.70265409407243,93.62117488574927,4,7,619.2298193075904,,,606.3440249103115,661.39,620.11,627.2487676004534,631.5440323995465,654.4721183927438,613.28,2,4.5,4,15.27026710738704,0.2263513355369352,-0.777118710486546,6,7.335707635112148,33.87539545486662,0,0.1987653939706558,661.39,619.6421206478095,1,0,0,0,8,8,2,1,2048,0,7,8,,-0.6443790363583977,-0.7707526018215818,0,2.2637503364624925,3.401696875043255,,,,,,1.5401307316173618,16.026484438443863,11.11111111111111,-36.93249809731917,0,25.411636666970345,17.209672962141127,17.51103554618866,31.303823103205858,,,,659787
2025-10-02,616.52,634.87,614.55,633.84,631.0679913229478,627.6393212121211,636.2058494964483,620.1577118632919,538.9158086801872,670.352733531145,0,0,0,0,648.441851547032,536.9248999711588,75.69055810769925,84.6222995684364,4,8,631.2596,,,620.3813067163912,661.39,637.05,634.8743413432782,639.2256586567217,647.9282932836087,619.0903571790831,0,5,0,17.61391849912208,0.23806959249561038,-0.2829308305895607,6,7.613050315294821,48.96974438845107,0,1.6509614470477847,661.39,619.0903571790831,1,1,0,0,8,8,2,1,2048,0,8,9,,-0.6558592131788669,-0.2856874696919345,0,2.3107707323766897,1.4136283715892117,,,,,,0.9733389362496591,18.869627326178577,14.682539682539682,-28.44928139782543,0,26.372379893337776,17.998646731853857,16.05078710438252,28.693391596259342,,,,415770
2025-10-03,637.01,642.25,627.97,631.19,631.1086608819652,626.3015965367965,635.7281495444056,620.590350613751,539.8339598375983,670.9771343891227,0,0,0,0,648.1981022392093,537.338469468361,59.745689805544714,80.71988801072361,4,9,619.1106431392167,,,606.2241163374813,661.39,632.9855421686748,632.22,637.05,645.6410178678235,618.1537750698984,0,0,1.5,16.922988725993633,0.08461494362996817,-0.357864463592647,6,7.606133258782552,32.47099081684891,0,1.171964409032371,661.39,618.1537750698984,1,1,0,0,8,8,2,1,2048,0,9,10,,-0.7321696137922699,-0.36384472963474385,0,0.10766724492921886,1.4173779637784247,,,,,,0.7955255871321623,21.17022422198529,18.253968253968253,-19.65277074750912,1,26.348418506701627,18.108841787315335,18.16593128327726,26.990027694654582,,,,338549
2025-10-06,633.56,634.145,626.19,627.78,629.9991072546435,625.3471082251083,634.9711829211288,620.8722976485058,540.7090448143387,671.4896922296401,0,0,0,0,647.9891554508021,537.6279059319382,57.52328911443793,75.34097684366941,4,10,619.2358832146541,,,608.9090321180732,660.3208187624043,633.5511144578313,632.22,637.05,645.3114808772647,617.1221812375957,0,0,3,16.103106841047676,0.08051553420523838,-0.4512917198502721,6,7.424002381152882,40.14965921624482,0,1.3969746038769462,660.3208187624043,617.1221812375957,1,1,0,0,8,8,2,1,2048,0,10,11,,-0.5471303562179418,-0.4598272107800367,0,0.7237804636545313,0.9473228212303253,,,,,,0.5970801413848602,23.076906109448895,22.61904761904762,-10.26768803187651,1,25.71749863933823,18.310828796771876,17.541216306518788,26.831349508952034,,,,247743
2025-10-07,639.11,639.11,622.15,627.28,629.0927381697624,624.9560173160174,634.2386893095928,621.1235800936624,541.5704473534995,671.9020154656464,0,0,0,0,647.7191642179691,537.9967320103453,56.0929695879382,72.55578506679305,4,11,619.1602246861172,,,608.8138629535778,657.9867760486288,634.1003313253012,632.22,637.05,645.3270893860315,616.6242239513713,0,2,3,15.826113309051228,0.07913056654525615,-0.4450089641226138,6,7.39690924577261,39.70220664249204,0,1.5566477231801295,657.9867760486288,616.6242239513713,1,1,0,0,8,8,2,1,2048,0,11,12,,-0.6571669244822057,-0.4557413568938058,0,0.6893992896558068,0.9351965849228596,,,,,,0.7662948358391497,24.641180664565795,25,-3.834210903913214,1,25.623645265308287,18.070678012963537,18.39987292118266,24.86784145139833,,,,319792
2025-10-08,634.3,638.629,626.11,629.91,629.3651587798415,625.1940844155845,633.8264331848696,621.4681455801855,542.4494478773453,672.2453989608933,0,0,0,0,647.3484992957199,538.6091124200262,73.5092247243083,42.78281398962531,1,0,619.0719470964319,617.0387031318174,621.1051910610464,608.9057272733595,642.25,634.6139457831326,,,645.1829758584579,615.97685738825,0,3,3,16.123263184227746,0.08061631592113873,-0.33999316483085446,6,6.929428386157495,80.09570455282208,0,2.27990868847485,642.25,615.97685738825,1,1,0,0,8,15,2,1,2048,0,12,13,,-0.11446598495661206,-0.35165676149428277,0,3.0727596891465234,-2.5334516763292476,,,,,,1.2298510222889827,25.930732968196345,28.174603174603174,8.02561788054098,2,24.004244064469578,17.84768085657008,17.388347158178075,23.500741667277325,,,,521378
2025-10-09,624.59,631.7886,619.945,628.75,629.1601058532277,625.7155878787878,633.3429633577392,621.7537084986096,543.3081598387647,672.5204139957638,0,0,0,0,647.0670414813223,539.0503311627485,81.72803175011776,27.919251856400784,1,1,621.7537084986096,619.7599498171819,623.7474671800373,611.784915091471,642.25,635.1259337349397,,,645.0250347257108,615.2289010264158,0,3.5,0,15.726220674946518,0.0786311033747326,-0.36718226581175467,6,6.816334953859461,79.11992259198223,0,2.0560453672069356,642.25,615.2289010264158,1,1,0,0,8,15,2,1,2048,0,13,14,,0.07113564243098744,-0.3782915390168234,0,2.9217755744517047,-2.528058358761234,,,,,,0.9028796085071309,26.984447343395967,30.952380952380953,14.280460416794261,2,23.612476922984488,18.044949229267974,16.466091306521673,25.0151399812487,,,,384922
2025-10-10,628.75,628.75,615.0002,616.15,624.8234039021518,624.8660943722944,631.7055382760498,621.5339552241544,544.0329542682298,672.6617929639857,0,0,0,0,646.57567464818,539.4509692298888,66.10412406917769,57.695120435329514,4,0,612.4058676907248,610.4317542722562,614.3799811091934,602.5353005983818,642.25,632.0072796639232,631.705,635.9555065008605,643.8519601747348,612.4058676907248,0,0,0,13.256006858770844,0.06628003429385422,-0.7602209504423839,6,7.062128618392924,27.38109662644279,0,3.0235478904172157,642.25,612.4058676907248,1,1,0,0,8,8,1,1,2048,0,14,15,,-0.5654145900846869,-0.7680487838188954,0,0.4656123282456637,2.4110138002352652,,,,,,0.9531387118076488,27.865178837695787,32.142857142857146,13.903111740704519,2,24.463931153285483,18.53641441746364,15.44209880306462,25.695946628776063,,,,410774
2025-10-13,622.66,634.285,621.83,633.32,627.6556026014346,624.9366766233765,631.8592965354736,621.9961530585012,544.9213825839688,672.7812228794094,0,0,0,0,646.3851200656703,539.8964757125756,80.29293507123737,33.37206669501727,1,0,631.4475000000001,629.4524750399936,633.4425249600066,621.4723751999674,642.25,642.4046547082896,,,654.3652199056966,614.96318,0,3.5,0,16.22226989824713,0.08111134949123566,-0.157748441381702,6,7.634302968916818,85.35790500874758,0,1.0829438444684356,642.25,614.96318,1,1,1,0,19,15,2,1,2048,0,15,16,,-0.12602393817665608,-0.16722892262641106,1,3.7871268799626483,-3.0768867620460414,,,,,,0.8827270227009529,27.636596370473992,31.746031746031747,4.501985439556704,2,26.4460012450757,18.44396239970126,16.66593570310486,23.61041958805475,,,,376965
2025-10-14,625.66,642.585,625.615,636.91,630.7404017342897,626.0404740259739,632.3403159130476,622.5810098013051,545.836692209999,672.8927390704642,0,0,0,0,646.2548972914557,540.3407644837487,63.673296252367564,46.84789349418733,4,0,631.4475000000001,629.4434589657083,633.451541034292,621.427294828541,642.25,641.9934453915358,,,654.0176915972867,618.89778,0,5,2.5,16.68508348554964,0.08342541742774821,-0.05066315183758959,6,7.654900839650535,45.494785909235155,0,1.0780717375697078,642.25,618.89778,0,1,0,0,8,10,2,1,2048,0,16,17,,-0.2412942966230699,-0.05928064471194476,2,0.2826794689710881,0.37862916949414605,,,,,,0.8596321316570543,27.025575096746696,30.158730158730158,1.9165589728493353,2,26.51735436235277,17.601495927566503,19.103773719942538,21.825326308520186,,,,365423
2025-10-15,640.2,642.91,631.78,639.15,633.5436011561931,628.2709051948052,632.9888572546621,623.2307741228225,546.7651828347751,673.007672801804,0,0,0,0,646.1529460905241,540.81778626889,78.67213117432944,25.561626309808727,1,0,632.014841772152,631.19,635.9353822644082,623.3489190154877,642.25,641.914175820623,,,653.6757972973916,618.89778,0,5,2.5,16.896616694984807,0.08448308347492405,0.0022198136487534964,6,7.631413149303692,88.30151501456545,0,1.1810811745323966,642.25,618.89778,1,1,0,0,8,10,2,1,2048,0,17,18,,0.2609649977323165,-0.006000146379848961,3,3.5928542377798363,-4.144810187880747,,,,,,0.9167859769290071,26.006184658367214,26.58730158730159,-1.625836399164136,1,26.435990616286414,16.79029282474029,18.283346564468754,20.718901413180806,,,,387084
2025-10-16,643.44,651.5,628.17,637.34,634.8090674374621,630.8861428571427,633.4032518018371,623.784077098398,547.6664247966182,673.1113287211065,0,0,0,0,645.9848024067412,541.4453042931215,83.81367539010935,14.98262227402498,1,1,632.014841772152,631.19,636.0719508006756,623.0757819429529,642.25,642.0065102744157,,,654.0990204637884,618.89778,0,3.5,3,16.373758029202364,0.08186879014601182,-0.07981887690553575,6,7.248974226498872,85.10438225468728,0,1.1449926976006242,642.25,618.89778,1,1,0,0,8,15,2,1,2048,0,18,0,,-0.11998737823167747,-0.08935534769813083,4,2.781566851696407,-4.103611255718723,,,,,,1.2352917078876329,24.515508127377096,23.015873015873016,-2.3721510491714177,1,25.111183326106694,15.884852832719023,20.18674942741957,18.591366200249855,,,,524682
2025-10-17,633.88,637.48,627.43,635.4,635.006044958308,633.0592489177488,633.5934182969003,624.2396034866962,548.5393956941643,673.1941791910579,0,0,0,0,645.8792491478818,541.7666787790156,89.18439343441666,13.820987297775073,1,2,622.9367197094532,618.9899398972527,624.2396034866962,611.0963802728517,642.25,640.5179998824664,637.05,644.4647796946668,652.3583393190679,618.89778,0,2,0,15.834888977466328,0.07917444488733165,-0.15771168077921208,6,7.246177995797399,82.83258078165262,0,1.6311424511061292,642.25,618.89778,1,1,0,0,8,15,2,1,2048,0,19,1,,-0.10624745417408349,-0.16973822027614657,5,3.806007429574552,-2.575226276879246,,,,,,0.7111341025333281,22.602147168357934,19.047619047619047,-9.956974839126975,1,25.101496898817423,14.977422420329228,19.268836409904345,18.080808788883015,,,,276999
2025-10-20,638.2,644.92,634.905,643.41,637.8073633055387,635.5970748917747,634.5283308400526,624.9913837421199,549.4833818066602,673.2983376500345,0,0,0,0,645.8504875573097,542.1759084414433,88.79390986434555,11.33257000903762,1,3,639.40764,637.05,642.25,629.3625874916276,661.39,647.0284585463495,,,656.637724181815,623.95928,0,3.5,0,17.093623083652883,0.08546811541826442,0.09107935202875497,6,7.147282024975078,80.037853051708,0,2.1883768135286368,642.25,623.95928,1,1,0,0,8,15,2,1,2048,0,20,2,,0.16424939908452954,0.07691637408992229,6,2.7082680581221505,-3.110418824082206,,,,,,0.8469022846648235,20.0108044123478,14.285714285714286,-19.177365089282038,1,24.758911206561205,14.746655940782707,21.8287847240881,17.239548111010265,,,,327360
2025-10-21,641.64,643,630.49,637.13,637.5815755370259,637.5358727272726,634.7761088552857,625.4674079090955,550.3554874603252,673.3817205446967,0,0,0,0,645.7256752921669,542.6501034125129,92.2394163153826,10.198075284365956,1,4,637.05,635.1500649534136,638.9499350465863,627.5503247670678,651.5,641.5446453808121,,,652.9442556603308,618.89778,0,3.5,1.5,15.766993246511477,0.0788349662325574,-0.14604938177140667,6,7.174468222195194,85.89803166288168,0,1.5211046320727615,645.2173049026017,618.89778,1,1,1,0,19,15,2,1,2048,0,21,3,,0.022358523652615897,-0.16133030436744356,7,4.131927354615529,-3.0745284368076184,,,,,,1.048035125146754,16.366149432789552,9.523809523809524,-34.14842405053158,0,24.853086956260864,14.105229895050437,20.50342034263798,18.26761445200925,,,,408089
2025-10-22,642.41,642.41,628.6,633.78,636.3143836913506,638.5792939393937,634.6812413452584,625.7933919126604,551.1855821124612,673.4221963083119,0,0,0,0,645.5338022518616,543.1662303637927,88.20146854819352,38.67402228416596,1,5,616.0615256691418,614.1739966973115,617.9490546409721,606.6238808099904,645.4601503625793,638.9737951807228,637.0862662088925,640.8613241525532,648.4114400398743,617.6688496374211,0,3,3,14.98486545511391,0.07492432727556955,-0.2669451693317434,6,6.344528200992964,49.051188030141915,0,3.115038246531436,645.4601503625793,617.6688496374211,1,1,0,0,8,15,2,1,2048,0,22,4,,-0.12413077768423302,-0.28069467595956366,0,2.227260656449565,0.9533010474342483,,,,,,1.1952025092907568,13.31226933141188,7.5396825396825395,-39.42936307846689,0,21.978090388346757,13.327725790414108,19.164026355854812,17.968301375577315,,,,465451
2025-10-23,631.25,641.47,630.7,638.6,637.0762557942337,639.4415744588744,635.0544564552338,626.2956118376541,552.0553773153223,673.4464654792016,0,0,0,0,645.4086372880876,543.780856488319,93.44029384983935,38.925829583208284,1,6,638.6,635.2011338118718,638.8988661881281,615.9090704949753,651.5,638.9258,,,648.1701309406405,619.8215033001741,1,3.5,1.5,15.676800958909107,0.07838400479454555,-0.11234568067542655,6,6.177762241842153,82.13219746261377,0,0.5685091039194031,645.350496699826,619.8215033001741,0,1,1,0,5,15,2,1,2048,0,23,5,,0.016609210457565648,-0.12503247409978274,1,5.751432722375476,-0.5864685859639135,,,,,,1.341619252358291,13.15164337910394,6.746031746031746,-38.544860194009146,0,21.400396159902435,12.605757693251803,18.167293074234777,17.033758515812075,,,,532713
2025-10-24,641.76,650.37,639.075,640.85,638.3341705294891,640.308487012987,635.6064129833068,626.866372157746,552.9389058992494,673.462589556205,0,0,0,0,645.3524640246233,544.2110158420481,86.78150864714831,56.309675047616224,1,7,636.9504216867471,635.1285280834852,638.7723152900089,627.840953670438,646.2771966405697,648.4643379562668,,,658.7875744130472,623.95928,0,0,2.5,15.898880176966385,0.07949440088483194,-0.05677003251177902,6,5.783584429874484,42.71273449213236,0,1.0238550634487735,646.2771966405697,623.95928,0,1,0,0,8,15,2,1,2048,0,24,6,,0.3812147664425834,-0.06884686173395926,2,1.8586430728421859,1.3734661347431607,,,,,,0.9244656051921392,13.004376743360051,6.349206349206349,-35.09146011044593,0,20.034924164813766,12.73870229296597,21.48101057567746,16.05122829985902,,,,368181
2025-10-27,644.46,649.07,639.11,647.4,641.3561136863261,641.7444653679654,636.7296117468013,627.6716124652854,553.8788172833365,673.5046236837638,0,0,0,0,645.3830184878682,544.7701294709817,89.72278277110469,56.95499903738215,1,8,636.4509411764706,633.0425,637.05,625.9197523307419,648.4590581782284,650.0776239865908,,,658.9810585731634,633.0425,0,2,0,16.884773311130754,0.08442386655565377,0.13422475461726274,6,5.847637288463083,61.57951629691652,0,1.1402432505640718,648.4590581782284,633.0425,1,1,0,0,8,15,2,1,2048,0,25,7,,0.10662525080788827,0.12095833763814967,3,3.381592909728155,0.4085165762030034,,,,,,1.1104992457454266,12.149286769618731,5.9523809523809526,-40.02369127151433,0,20.256809775704724,12.86215084984341,20.408236038636478,15.249620342558467,,,,452626
2025-10-28,640.525,646,633.18,634.36,639.0240757908841,642.065074025974,636.5039344375822,627.9339021725291,554.679625071562,673.4824574588961,0,0,0,0,645.2405453764841,545.1940698779426,65.60624889070618,72.39538461326629,4,0,620.3485190523629,618.5680597719994,622.1289783327264,611.4462226505455,648.0528059626256,636.8877108433735,635.10725156301,638.668170123737,645.790007245191,619.2131940373745,0,0,1.5,14.365116605492418,0.0718255830274621,-0.3306871870269105,6,6.088659228705782,22.79666442720984,0,1.985388489467801,648.0528059626256,619.2131940373745,1,1,0,0,8,8,2,1,2048,0,26,8,,-0.295451652221397,-0.3444257542653384,0,-0.018342646839745402,2.455958880902599,,,,,,0.9709073930569849,11.208761073124018,4.365079365079365,-46.85709135814191,0,21.091734268183092,12.303054942456685,18.952927770757967,17.135923354357903,,,,397172
2025-10-29,635.41,635.41,622.08,627.66,635.2360505272561,640.7298051948052,635.6616549673363,627.9231609108613,555.405797956422,673.3458352503776,0,0,0,0,644.9646272894448,545.6726759048448,69.03797653529472,85.15315194173161,4,1,621.2954305605535,,,612.4339231874372,644.3425,627.9231609108613,626.150859436238,629.6954623854846,636.7846682839776,607.9649999999999,0,5.5,4.5,13.009263192684047,0.06504631596342024,-0.5464661630482507,6,5.372025754971693,18.998247395677247,0,2.2522309208261406,644.3425,620.6717662145326,1,1,0,1,8,19,1,1,2048,0,27,9,,-0.5110994260630664,-0.5597345808782453,0,1.7305087155687762,4.949778601645674,,,,,,1.2231308033551695,11.517567186483967,5.555555555555555,-38.10835224149852,0,18.609243094359055,12.133326356939353,17.68015511770893,21.577173063066486,,,,489964
2025-10-30,627.66,632.94,626.87,628.54,633.0040336848374,638.4561346320345,634.9834021133042,627.9473506790628,556.1335014593432,673.1027231779143,0,0,0,0,644.7706177432129,546.0373556926132,54.573804731452654,91.07896423199696,4,2,621.0753108958604,,,612.5757861922525,644.3425,636.7037349397592,635.0038299990376,638.4036398804808,645.2032596433671,620.1948402743641,0,3,0,13.019625386828123,0.06509812693414062,-0.4937689651007108,6,4.887063214273987,13.552550571839717,0,1.942331511594688,644.3425,620.1948402743641,1,1,0,0,8,8,2,1,2048,0,28,10,,-0.4486323124468644,-0.5058201517877294,0,-0.09453219636010513,4.456988498752081,,,,,,0.9365450145469307,11.723112022193902,5.9523809523809526,-30.75246231739935,0,16.929283573846824,11.975721241816114,17.116475795992304,20.889248879382748,,,,373168
2025-10-31,634.51,641.295,628.9,629.51,631.8393557898916,635.8729008658008,634.4621257215609,628.0086310445897,556.863615872683,672.7621393004503,0,0,0,0,644.314019423414,546.9856379830603,98.79694983885105,93.8824789645867,4,3,628.3145115387674,626.6221444509545,630.0068786265804,619.8526760997029,644.3425,629.51,,,654.8339367025033,620.0279410002288,2,0,3.5,13.045633087999468,0.06522816543999735,-0.44345336075208286,6,4.874149821442844,60.71517014287189,0,1.8941503384996634,644.3425,620.0279410002288,1,0,1,0,14,8,2,1,2048,0,29,0,,-0.3889576457506759,-0.46918955551584285,0,6.317608799149246,3.4611824285530695,,,,,,2.2647330181398377,15.406795346599136,10.317460317460318,-8.752113019011006,1,16.88455026888355,11.279640707176073,20.37258374166701,19.483555194825925,,,,974387
2025-11-03,693,735,691.73,722.94,662.206237193261,643.5345333333333,642.8885899385551,631.7314298271548,558.5161172072832,672.8938258799487,0,0,0,1,722.94,550.3121093970534,99.82964961538514,93.06833918237389,4,4,722.94,681.1324712756024,686.1591887243977,677.7268089192244,771.75,735,732.4866412756023,737.5133587243977,747.5667936219885,683.64583,1,3.5,18,29.439415932144698,0.22701542711931977,2.608661297908143,4,14.631234197202852,62.81311902559666,0,1.0795522022057318,771.75,683.64583,1,1,0,0,14,8,2,1,2048,0,30,1,,1.6385467796687703,2.60224034603694,1,8.937817475486721,3.282979483338653,,,,,,3.3022607432206574,34.59989551849181,49.20634920634921,-31.73419712141178,0,50.68408201398914,14.627021726105665,46.02620438636714,12.182140808177108,,,,1652764
2025-11-04,717.44,726.5,706.59,722.12,682.177491462174,657.8973956709955,650.4344385158356,635.2760796378547,560.144016538554,673.4390992412259,0,0,0,0,722.7007439517018,551.639918471355,79.682501549074,95.17631654155004,3,0,683.64583,681.1342290416308,686.1574309583693,671.0878252081536,697.6493167208082,722.7007439517018,720.1891429933326,725.2123449100711,735.2587487435483,683.64583,0,1.5,0,28.916846146529796,0.2412106890193633,2.238175977763574,0,14.633178747173783,16.963375241328052,0,3.1099617016438064,697.6493167208082,683.64583,0,1,0,1,15,19,2,1,2048,0,0,2,,1.7730116662937143,2.2492437268298957,2,1.3008136889716653,4.828135821793991,,,,,,1.3131005260721447,45.26929204452345,56.74603174603175,-10.69528227768934,1,50.69081813268416,17.735304100826,42.76852935685291,11.319904687560138,,,,680909
2025-11-05,724.36,728.9499,701.609,720.21,694.854994308116,675.3139852813853,657.0797300857561,638.6068216128407,561.7367128914042,674.3338182799928,0,0,0,0,722.1975499607454,552.7628123216291,84.72807907279932,50.009938907872616,2,0,683.64583,681.0695139315143,686.2221460684858,670.7642496575712,711.23399437321,722.1975499607454,719.6212338922596,724.7738660292312,735.0791303031742,683.64583,0,2,0,28.211310293908483,0.24155678506749642,1.9076571738143706,0,14.663060844559814,80.00475245970976,0,2.1416754497381905,711.23399437321,683.64583,1,1,0,1,10,8,2,1,2048,0,1,3,,1.8040018687836321,1.9048999627696357,3,2.4564326645105687,-3.5304960134053625,,,,,,1.1317953928449103,52.89388752147934,60.714285714285715,4.133442951448969,2,50.79433275450281,20.236883802952725,38.716057958294314,11.973536008248937,,,,590823
2025-11-06,712.475,720,694,713.74,701.1499962054107,692.0018008658009,662.4759462680651,641.5532207652783,563.2491834098977,675.4933796546044,0,0,0,0,719.8935254743382,554.7259485380948,99.81479719738671,23.440077206670303,2,1,713.74,681.0195186506918,686.2721413493083,671.7190184110685,720.9807378244262,719.8935254743382,717.2672141250299,722.5198368236464,733.0250822208793,683.64583,1,2,0,26.718337287066156,0.34668395147381303,1.465468506867301,3,14.724393214284062,91.20848686118569,0,0.17231243894439305,720.9807378244262,683.64583,0,1,0,0,8,10,2,1,2048,0,2,4,,1.5047381203078583,1.4569260608004808,4,7.946160353094745,-1.138168640259058,,,,,,1.9640314984017808,58.720331941962776,64.68253968253968,15.122568924293716,2,51.00679431552481,21.98091507563896,35.26625794779472,13.49343530045518,,,,1095000
2025-11-07,710.15,716.71,700.2,708.45,703.5833308036072,704.9595844155845,666.8544275758684,644.1766238725223,564.6939676545753,676.8429277618396,0,0,0,0,718.8344476831342,555.424585572313,94.72456849439118,45.200831441145866,2,2,683.64583,681.0597016042138,686.2319583957863,670.715188021069,727.719451767374,730.6829861654245,727.719451767374,735,745.3445135831448,683.64583,0,2,5,25.45733451740371,0.3156458290277932,1.1112043944481913,3,14.536005597112148,65.21478833222825,0,3.40846354258256,727.719451767374,683.64583,1,1,0,0,8,10,3,1,2048,0,3,5,,1.3068732515261974,1.0976441842928162,5,4.278651583939916,0.6364428323872793,,,,,,0.7353312592558576,63.28987885092214,70.63492063492063,25.689373010485617,3,50.35420046660762,23.600372685990468,33.25606221167457,12.724302205961827,,,,409936
2025-11-10,708.06,713.034,699.845,709.59,705.5855538690714,714.9030056277057,670.9244820924523,646.741854308894,566.1357192202014,678.3499190783889,0,0,0,0,718.1543778820158,556.0234054165406,96.57682687403147,50.36659926344876,2,3,709.59,681.1266661324843,686.1649938675158,671.0500106624213,734.2679438312854,718.1543778820158,715.6352140145,720.6735417495315,730.7501972195945,683.64583,1,2,5,25.33920328810791,0.295847351227398,0.9944003635577228,3,14.381643973520818,69.85466043276965,0,0.6403204633796542,734.2679438312854,683.64583,0,1,0,0,8,8,2,1,2048,0,4,6,,1.1532106782948677,0.979086392458146,6,5.076904335419316,0.7362726229519501,,,,,,0.632349009722541,66.88143446930738,74.2063492063492,34.24756677935517,3,49.819476117009614,25.074579531814194,31.701499483520852,12.2553228258932,,,,351727
2025-11-11,710.94,718.52,709.09,712.47,707.8803692460476,722.6880709956711,674.8811980836473,649.3194286497217,567.5917817155228,679.996402536993,0,0,0,0,717.8272323001637,556.5262170925231,96.8026048045256,60.599868272639654,2,4,712.47,681.222409980164,686.0692500198361,673.6952796826231,735,717.8272323001637,715.4038122803277,720.2506523199997,729.944332399344,683.64583,1,2,6.5,25.525073292391376,0.3466231192168805,0.9418875865320129,3,14.38257268435257,57.08172922600861,0,0.5810486785098261,735,683.64583,0,1,0,0,8,8,2,1,2048,0,5,7,,1.5519820220393892,0.9268549483801117,7,4.207862937260077,1.6230582739572426,,,,,,0.528399144258593,68.6941781046265,74.60317460317461,37.87728764136445,3,49.822693265701886,26.62459052384169,32.62129928322443,11.829538436689422,,,,291967
2025-11-12,712.47,719.25,707.53,713.56,709.7735794973651,728.543068831169,678.5648935042523,651.8386667418895,569.0442017979553,681.7536662889181,0,0,0,0,717.4663783051556,557.332146135438,97.72399895846415,56.561283547704136,2,5,713.56,681.2908685530094,686.0007914469907,675.8806168481499,735,717.4663783051556,715.111416858165,719.8213397521462,729.2411855401086,683.64583,1,2,0,25.396234202093908,0.36985286291063746,0.8381665853810166,3,14.38696540727497,71.9465891509172,0,0.569011438260431,735,683.64583,0,1,0,0,8,8,2,1,2048,0,6,8,,1.7429735352013431,0.823881334724761,8,5.277360319569424,0.5746582770868669,,,,,,0.841914849525504,69.987494649175,74.60317460317461,40.43023574372457,3,49.83791010427222,27.919907090003438,31.171769837606107,11.895348618999972,,,,468633
2025-11-13,709.83,715.89,698.18,701.48,707.0090529982434,730.9407212121215,680.7472845990853,653.7853856931879,570.361970934294,683.51633572018,0,0,0,0,716.2081558604134,558.0756612977007,97.71920870806125,60.63472838577918,2,6,652.2514665864,649.9065916713373,654.5963415014628,640.5270920110864,735,716.2081558604134,713.8632809453507,718.5530307754761,727.932530435727,667.7825,0,0,6.5,22.9885644112852,0.3167885887240862,0.33853359385936926,3,14.5430857035568,62.32144673270643,0,7.057820686472437,735,667.7825,1,1,0,0,15,8,2,1,2048,0,0,9,,1.4147661333412818,0.32663870060610894,9,4.56723817437148,1.2483148232374277,,,,,,0.854468338552336,70.85123047506507,75,40.63719976975268,3,50.378726674777894,28.280762419141336,29.069723338703792,14.653390100782778,,,,473431
2025-11-14,695.92,699.66,688.66,689.93,701.3160353321623,728.8060056277056,681.621828922982,655.202821548357,571.5517025667887,685.1831378538042,0,0,0,0,714.3092110785082,558.7453147819583,96.56708277970017,62.95718830613623,2,7,653.281254021492,650.9894058860766,655.5731021569075,641.822013344415,735,710.2077633235525,708.45,714.3092110785082,723.4766036201697,667.7825,0,0,2.5,20.711739095795657,0.2666849415822014,-0.09187790581411326,3,14.682169899782268,54.666555739706666,0,7.131253132851791,735,667.7825,1,1,0,0,8,8,3,1,2048,0,1,10,,1.1050099688257848,-0.10480307575361827,10,3.60724777344336,1.2818057339837177,,,,,,0.8312637565205419,71.32171326470306,75.39682539682539,40.2299885967546,3,50.86052846356267,27.837333492704786,27.617862254865635,17.630336986307768,,,,468535
2025-11-17,689.93,697.925,666.97,669,690.5440235547749,720.5940987012987,680.4197499779361,655.74388736999,572.5213373671191,686.595419846696,0,0,0,0,711.0891265057264,559.3349776124679,50.67791391545964,81.06610247196697,4,0,653.8515776942598,651.447049068517,656.2561063200027,641.8289345655455,719.25,709.241737951718,706.8372093259752,711.6462665774609,721.2643810804324,638.15485,0,0,4,16.851540079984062,0.2919062276329105,-0.774978629366418,4,15.05467930959019,2.7564428489398267,0,5.912750398615544,719.25,638.15485,1,1,0,0,8,8,2,1,2048,0,2,11,,-1.4611882178639215,-0.7869702282441104,0,-3.54643970059625,6.205704258720974,,,,,,0.8670979263073567,71.42937096256273,75.39682539682539,36.96660588117118,3,52.150938911732304,25.965600750462,24.44338007693518,23.657850851225835,,,,496046
2025-11-18,670.18,681.63,665.25,670.21,683.7660157031833,709.3883787878788,679.4473928371804,656.3111859045002,573.4933638609787,687.7420110548063,0,0,0,0,707.9795014711242,560.0176996820712,27.91399035745291,89.6907325215517,4,1,654.277281394831,651.8982548137841,656.6563079758779,642.3821484895964,719.25,708.3088504413373,705.9298238602904,710.6878770223842,720.2039833465719,638.15485,0,5,2.5,16.864473459272077,0.2855068130396352,-0.7012315113920765,4,15.004032395679333,3.8437125525306826,0,5.897706314022356,719.25,638.15485,1,1,0,0,10,8,2,1,2048,0,3,12,,-1.4094755659461988,-0.7155497906843076,0,-3.4443817423452554,5.242173243405731,,,,,,0.9900957857921318,70.28135404795817,73.41269841269842,35.22017817785063,3,51.97549285545197,24.12522213432588,22.940730058338673,22.849013145667012,,,,574656
2025-11-19,673.75,701.74,670.21,697.1,688.2106771354555,700.5543432900433,681.1285935193537,657.9107472415786,574.7232806384814,688.7831807902334,0,0,0,0,706.695946583431,561.4860670987937,98.57910747340125,30.72489347554787,2,0,697.1,689.239386031885,694.220613968115,657.2501765101598,719.25,707.9237839750293,,,720.3768538156044,667.7825,1,3.5,0,21.29315506856897,0.25646577534284487,0.16525583166828559,3,15.416284460489024,78.32462539709371,0,0.5558368409247072,719.25,667.7825,0,1,0,0,8,10,2,1,2048,0,4,13,,-0.810203752192687,0.1504179416448076,1,5.212765511177162,-0.6440165867125706,,,,,,1.6629163262533677,68.59356713411462,72.22222222222223,28.443771750114387,3,53.40357589900309,23.490905903760535,27.55691390807527,20.26635469239197,,,,1010481
2025-11-20,697.82,710.72,688.48,689.35,688.590451423637,693.8498597402598,681.9115846127486,659.1436591144579,575.8638450102378,689.6948039848304,0,0,0,0,705.2689331798085,562.5183285614822,75.29629949911406,78.48662101385261,4,0,656.7156580996634,654.2043737006994,659.2269424986274,644.1592361048437,719.25,707.4956799539426,704.9843955549786,710.0069643529066,720.0521019487624,667.7825,0,0,4,19.707115835296907,0.24853557917648453,-0.13507793241232788,4,15.493939901751332,40.02759113792435,0,3.162778375107701,719.25,667.7825,1,1,0,0,8,8,2,1,2048,0,5,14,,-0.8392690168637295,-0.1498915166807579,2,3.0158778710321545,4.351191325700253,,,,,,1.2395357964434823,65.45054174124938,69.04761904761905,21.944089536083332,3,53.672582238504084,23.311103148070558,28.570674588530693,18.663860365240563,,,,767780
2025-11-21,690.1,735.59,688.14,725.91,701.0303009490913,693.3336883116884,686.1019098877249,661.7619469923224,577.3568415773001,690.7220726218671,0,0,0,0,707.2170489569988,564.1724197355563,98.32492872393806,23.704590450671752,2,0,725.91,716.4944323438192,722.0055676561808,681.820917501107,755.5157600991704,735.59,,,749.367838280904,683.64583,1,3.5,0,25.729868899944552,0.2786493444997228,0.9727149873421178,3,16.21381965827626,79.50901388127322,0,0.6714986663628988,755.5157600991704,683.64583,0,1,0,0,8,10,3,1,2056,0,6,0,,0.03693922085061708,0.9572337028651758,3,4.989895834893845,-1.11859207201688,,,,,,1.4971892518109886,61.58082539991827,65.87301587301587,9.64013067523528,2,56.16631886578707,24.091190123342486,32.2363747270842,15.794344751667898,,,,972621
2025-11-24,733.05,759.325,726.81,752.14,718.0668672993942,699.562570995671,692.3912518031797,665.3061843651725,579.0959774820036,692.0263717171177,0,0,0,0,752.14,566.7086529908371,99.92968416003862,9.838110751242185,2,1,752.14,695.8215903906893,701.5357696093107,692.3424824387358,763.8697667944966,759.325,756.4679103906893,762.1820896093108,773.6104480465538,698.67868,1,3.5,0,29.881751772895715,0.2994087588644786,1.6339049295071453,3,16.473644154911316,95.58504642426799,0,0.1961580893802018,763.8697667944966,698.67868,0,1,0,0,14,10,2,1,2088,0,7,0,,0.5605887421555613,1.6110909539406508,4,9.23896662172691,-2.5137908374761953,,,,,,1.8970230780474338,60.02260233651751,61.904761904761905,5.180327104852417,2,57.06637732423292,25.506466455718062,36.28745503381486,14.145038920616328,,,,1314075
2025-11-25,751.75,769.24,750.36,766.68,734.2712448662628,711.0705445887445,699.4663706790673,669.2816281155579,580.9624851687498,693.6788847390169,0,0,0,0,757.0053302040848,568.0564150541633,94.26929664532207,26.77326718940799,2,2,766.68,,,698.4746439573975,772.4087483651606,769.24,766.4184167913543,772.0615832086457,783.3479160432286,704.80615,1,1.5,0,31.967212956496756,0.3098360647824838,1.849750475369676,3,16.24331947831215,70.90626857790066,0,0.08399264658309745,772.4087483651606,704.80615,0,1,0,1,10,10,2,1,2088,0,8,1,,0.7961533724201626,1.821723429392506,5,3.5339731745954372,-1.1650902956619538,,,,,,0.9361836378520277,59.14775451801116,60.317460317460316,5.116974515371921,2,56.26850924001966,27.069306230662164,37.25699951819317,13.299963924869086,,,,660840
2025-11-26,767.81,769.98,753.61,755.96,741.5008299108418,724.203522077922,704.8467163286799,672.6807799541634,582.7037539730409,695.5848948339606,0,0,0,0,756.8197745903091,568.8696917430801,94.94608531466179,40.80599214930139,2,3,689.2950000000001,,,675.4639886741451,775.291423877316,756.8197745903091,754.053572325138,759.5859768554801,770.6507859161641,704.80615,0,0,6.5,29.733161121006773,0.29866580560503386,1.276370126208485,3,16.29190362678457,58.71737336517509,0,6.21765262505125,775.291423877316,704.80615,1,1,0,1,8,10,2,1,2088,0,9,2,,0.5417763002704516,1.2581381201426742,6,3.672026281017004,0.6988750860297525,,,,,,0.6065517418773854,56.09053458636427,57.142857142857146,-0.6135624655090427,1,56.43680966721307,28.539167009921524,35.52726506014133,12.597219858858814,,,,426224
2025-11-28,756.02,757.235,748,752.88,745.2938866072279,736.619787012987,709.4213147735676,675.8258474069413,584.3970499534087,697.7023785982192,0,0,0,0,756.5043005826499,569.2594034279972,95.05756681239562,35.42771989368654,2,4,725.91,723.2589282537698,728.5610717462301,712.6546412688489,769.98,756.5043005826499,753.8532288364197,759.15537232888,769.759659313801,704.80615,0,2,8,28.830219122431185,0.2941510956121559,1.0017516890578424,3,16.328981531869612,67.55648716454196,0,3.3246931217660847,769.98,704.80615,1,1,0,0,8,10,3,1,2088,0,10,3,,0.7436462651632181,0.9865306456258189,7,3.53414837419362,-0.6865924242955528,,,,,,0.30094659117743616,50.531598301933926,53.17460317460318,-10.666712969013869,1,56.56525129810408,29.49333621082277,34.42227296288539,14.094810527464778,,,,209005
2025-12-01,741.57,746.77,727.15,728.97,739.8525910714853,744.8727515151517,711.2830943189421,677.9099318223554,585.8355867697927,699.8673513866173,0,0,0,0,750.0137378879572,570.5517344995233,96.26582207838598,46.87187611158663,2,5,725.91,723.2185583785005,728.6014416214995,712.4527918925025,768.261559949711,748.3631497371215,745.671708115622,751.054591358621,761.8203578446189,704.80615,0,0,4.5,24.432522786713665,0.12216261393356834,0.14165046905480566,0,16.83317676170028,62.662906751230366,0,3.1471282610332585,768.261559949711,704.80615,1,1,0,0,8,10,2,1,2088,0,11,0,,0.48989550162607115,0.1310480308062571,8,4.430640086816526,0.8876806214427775,,,,,,1.1735019957355797,33.001730502619104,42.46031746031746,-43.404746890194026,0,58.311834808105246,29.012581263078907,31.484106863866895,19.808492102458022,,,,805052
2025-12-02,732.4,738.33,722.29,732.73,737.4783940476569,750.0693134199136,713.3256567647571,680.0597384175571,587.2972227223321,702.0968728262326,0,0,0,0,746.8630274910847,571.7833832998795,97.32103707546514,47.29604350937557,2,6,732.73,723.2675899228933,728.5524100771066,701.1507193831467,769.1796000441485,746.8630274910847,744.2206174139781,749.5054375681914,760.075077876618,704.80615,1,3.5,4.5,24.763062321925368,0.13163563452698968,0.1921327013389042,0,9.68287203790031,70.53549092412787,0,1.1542251543468014,769.1796000441485,704.80615,1,1,0,0,8,10,2,1,2088,0,12,0,,1.0625625833389027,0.18402541024698835,9,5.032083228795397,0.31832688311636587,,,,,,1.1869235711720676,34.12465019814934,43.25396825396825,1.735703522606967,2,33.54245266566266,28.27905867027528,29.777719988140884,20.377074049587215,,,,761358
2025-12-03,738.69,739.145,724.74,725.93,733.6289293651046,751.9318129870129,714.5260704062089,681.8585722051039,588.6766533420104,704.3347202455963,0,0,0,0,744.6044239103247,572.5561838898948,97.98142772113728,52.186115739419165,2,7,725.91,723.3277174284009,728.492282571599,712.9985871420047,769.4759190750802,738.4729871441157,,,753.9666825737099,704.80615,0,0,6.5,23.315575006887173,0.11657787503443587,-0.07572155501335254,0,9.733330150091964,68.71362093686717,0,3.374217798953151,769.4759190750802,704.80615,1,1,1,0,19,8,2,1,2088,0,13,0,,0.8767906989342521,-0.08007315188814051,10,5.2737980298140545,0.819947033932125,,,,,,0.7984286190614344,35.47533485358581,44.84126984126984,5.214216570658304,2,33.717244693602574,27.6320484640131,28.576374007005604,19.362150570533533,,,,505139
2025-12-04,725.56,732.03,714.17,717.47,728.2426195767364,750.0972463203462,714.8064446532366,683.2550987852959,589.9581791794033,706.5111125136666,0,0,0,0,741.8620504004281,573.3092805419845,96.28667081715116,46.73445028571754,2,8,683.3503990815652,680.7931009793662,685.9076971837643,670.5639085705697,769.3171241912961,737.2625467734476,735.59,741.8620504004281,752.0912428092246,683.64583,0,0,0,21.613705059222692,0.10806852529611347,-0.3663183745418639,0,9.803766696398469,61.353740186634305,0,6.723246307171221,769.3171241912961,683.64583,1,1,0,0,8,10,2,1,2088,0,14,1,,0.07301418164670885,-0.36582529817785897,11,3.3755689850158586,-0.029716502206056705,,,,,,0.8362279551196995,36.6523757482044,46.03174603174603,7.924125797684292,2,33.96124404742766,26.385138787081004,26.794449926503304,21.84521208139803,,,,526358
2025-12-05,720.72,722.705,710.51,714.1,723.5284130511576,745.5028896103895,714.7391642100712,684.4647027545,591.1934211776181,708.5803612676623,0,0,0,0,739.9433447470792,573.8447241825385,87.43341161378791,51.02424625074282,2,9,684.2649776924268,681.7814598118133,686.7484955730403,671.8473882893594,735,739.9433447470792,737.4598268664657,742.4268626276927,752.3609341501466,683.64583,0,5,3.5,20.789571470122272,0.10394785735061136,-0.4745868450993851,0,9.772360265677362,39.731066361383064,0,4.0857384360800895,735,683.64583,1,1,0,0,8,8,3,1,2152,0,15,0,,0.17186725354359048,-0.474247348562289,0,1.2930682720322864,0.724489994013106,,,,,,0.6509221937844687,37.680784315665896,46.82539682539682,11.308887395065806,2,33.85244898004096,25.01076546802824,25.619711063263292,22.20327861190306,,,,386665
2025-12-08,717.47,721.5,705,706.65,717.9022753674384,737.9865766233765,713.9687676186359,685.3347144111863,592.3422428574428,710.4745647371101,0,0,0,0,737.6614202548151,574.3803023855272,46.83362190141262,74.21624348249577,4,0,684.9227913840678,682.4693462092124,687.3762365589231,672.6555655097909,735,737.6614202548151,735.2079750799597,740.1148654296704,749.9286461290919,683.64583,0,0,3.5,19.297586576155652,0.09648793288077827,-0.6934631034154666,4,9.801506849813181,4.828401637239978,0,4.4032441244992775,735,683.64583,1,1,0,0,10,8,2,1,2152,0,16,0,,-0.7551850535016826,-0.6904907046439024,0,-3.174417125753108,4.655431877287987,,,,,,0.6929281447965628,38.57820034660268,48.01587301587302,13.620970205141994,2,33.9534157092216,23.407747937663874,24.08133047415977,22.875241511243182,,,,411678
2025-12-09,710.41,718,698.39,699.06,711.6215169116256,728.3032432900432,712.5488849882896,685.8729609048652,593.404111087717,712.1430471762698,0,0,0,0,735.1987663957269,574.8782133355347,26.154566376090465,83.4275239352735,4,1,687.3349176423287,685.8729609048652,692.2414943956315,676.0598073982595,735,735.1987663957269,732.7454780190756,737.6520547723783,747.4652082789839,667.7825,0,0,1.5,17.805048353745722,0.13893216015627813,-0.894522111077991,4,9.856617759243987,7.142352500460454,0,5.495991994854368,735,667.7825,1,1,0,0,10,8,2,1,2152,0,17,1,,-1.3992553471003961,-0.886979416538948,0,-3.358097823916886,3.1966476545558975,,,,,,0.6856068327849454,39.3619812971874,48.41269841269841,15.281179877625902,2,34.14432549959257,21.935353689072816,22.362664624723262,23.64831655435291,,,,409302
2025-12-10,702.19,707.455,693.72,701.83,708.3576779410837,718.5203073593073,711.5280387989287,686.49872714389,594.4829756540083,713.600149849407,0,0,0,0,732.6548065946733,575.5306925791076,39.66084057407805,78.31904888497502,4,2,684.9002571087949,680.0988822664423,686.49872714389,670.496132581737,735,732.6548065946733,730.2541191734971,735.0554940158496,744.6582437005549,679.945,0,4.5,1.5,18.057207479809843,0.1643315295201821,-0.7675473320706181,4,9.856132570891386,32.65129177205231,0,4.391226123794677,735,679.945,1,1,0,0,10,13,2,1,2152,0,18,2,,-1.592363936969063,-0.7582167452130661,0,0.609139239817174,1.1604434643140866,,,,,,0.8696217013797075,39.9089849046495,48.41269841269841,16.888967412195825,2,34.14264475783668,20.83377180309613,21.220316232315145,24.177147122957173,,,,529485
2025-12-11,700.94,716.45,696.875,707.5,708.0717852940558,710.4973,711.1444160561736,687.3223064715806,595.6075231599386,714.8939134550589,0,0,0,0,731.2286800498085,576.0632410170057,66.15131563572876,85.75173136918015,4,3,686.4673119433061,683.64583,691.2752850112049,674.0298838642024,735,731.2286800498085,728.824693515859,733.632666583758,743.2486127195557,683.64583,0,5.5,2.5,18.78627661491355,0.2787825009179896,-0.5645482237179642,4,9.893396917157334,40.09630515847527,0,3.958661945716987,735,683.64583,1,1,0,0,8,8,2,1,2280,0,19,0,,-1.2788089427473748,-0.5577369894821756,0,3.8172316552119367,3.3071578728218043,,,,,,0.6884545180307081,40.39093584461954,48.41269841269841,17.854958605120046,2,34.2717322399236,19.43979985465171,23.018342667169627,22.419398482431404,,,,417415
2025-12-12,710.46,715.19,697.26,704.2,706.7811901960372,704.3523021645021,710.4830430984427,687.9841768060285,596.6880453175512,716.0278456902998,0,0,0,0,729.6370448756501,576.6313998443088,51.12653967274425,89.44933091480362,4,4,685.1831691969883,682.7908067011781,687.5755316927984,673.2213567179374,735,714.1,711.7076375041898,716.4923624958102,726.0618124790509,683.64583,0,2.5,4,18.018117762897713,0.2747060319836426,-0.6471242961688307,4,9.75080050509256,15.947631134214639,0,2.545949458189165,735,683.64583,1,1,0,0,8,8,2,1,2280,0,20,1,,-1.276923545353232,-0.642466361218187,0,-0.3212667193859069,3.2993086453088454,,,,,,0.7606268229805594,40.82645822957916,48.41269841269841,20.86785406283313,3,33.77776377857717,18.145397331096174,21.47802842032472,20.919163674586812,,,,460689
2025-12-15,711.29,711.29,695.56,700.55,704.7041267973581,699.8111965367965,709.5370389938291,688.4769541861842,597.7214976029487,717.0124104262184,0,0,0,0,727.6564895325125,577.3094233647109,64.70509612599488,90.13248376762817,4,5,685.2503290360535,680.5264772581203,688.4769541861842,671.0787737022539,735,700.55,711.7380741110334,716.4619258889667,730.1854071117327,693.72,2,4,4,17.20341376534488,0.2360170688267244,-0.7327611423866123,4,9.610039596688491,31.46581028904013,0,0.23046756112541822,735,693.72,1,0,0,0,8,8,2,1,2280,0,21,2,,-0.8942362468394056,-0.7303177592389573,0,2.1496979834495047,2.875105433165921,,,,,,0.9358077934541389,41.22112168108379,48.80952380952381,23.823765029401738,3,33.29015368842637,16.869923272392505,20.200887423445238,20.31788965046362,,,,571614
2025-12-16,697.51,703.71,687.6801,693.18,700.8627511982387,695.7059627705626,707.9792257563216,688.6613873553534,598.6713334476955,717.8324121493239,0,0,0,0,724.9620718729194,578.093445238294,73.16495084469514,94.2419855142672,4,6,686.6978038594613,,,674.0814359838383,735,693.18,691.3836589959596,696.0563410040404,722.4007280323234,673.92426,2,7.5,4,15.786402533763791,0.2425172352764512,-0.9227915384973613,4,9.111713418730753,19.41468732609656,0,0.658975367714986,735,673.92426,1,0,0,1,15,5,2,1,232,0,0,3,,-1.108681780861058,-0.9200892135515218,0,2.4281754385269245,5.271565540875972,,,,,,1.1449389360913678,41.58668782485336,48.80952380952381,31.753953987550826,3,31.563901170497548,16.208059784184513,18.963382294282184,22.084603147171485,,,,711702
2025-12-17,692,705.66,688.5034,695.6,699.1085007988258,692.4591047619045,706.8002518747672,688.9334898120062,599.6357977914995,718.5345402352885,0,0,0,0,723.5108989871796,578.6200320303446,77.70657280830557,92.45218276464658,4,7,687.446358728407,684.7932000000001,692.0916455930534,675.5026262707071,735,714.1,711.7773565676767,716.4226434323233,725.7132171616163,673.92426,0,4.5,2.5,16.003748035381374,0.23001874017690688,-0.8003582750623328,4,9.113315982787972,33.921646007909445,0,3.459484089627459,735,673.92426,1,1,0,0,8,8,2,1,232,0,1,4,,-0.9271087463624189,-0.8016810843714703,0,2.4843389701361787,2.850788129455146,,,,,,0.7679529976693629,41.931064722279295,48.80952380952381,32.821640062399744,3,31.56945261523652,15.446083667650662,18.462309269438023,20.628070377679286,,,,473480
2025-12-18,699.26,711.68,693.37,697.1,698.4390005325506,690.4251999999999,705.8764183628847,689.2537451134962,600.6055908483005,719.145319745705,0,0,0,0,722.2413177874002,579.1600507223611,79.71389472662825,91.7136242452514,4,8,688.2054302183786,686.137,692.8458751641218,676.8561101085136,735,697.1,711.7797775271284,716.4202224728716,730.2417797829726,673.92426,2,0,2.5,16.06618563363854,0.2303309281681927,-0.7187686840085775,4,8.220632055355933,32.945423448662886,0,0.69929074876984,735,673.92426,1,0,0,0,8,8,2,1,232,0,2,5,,-0.7337775171381973,-0.7277109301700265,0,2.4367635334234574,2.90079232587936,,,,,,0.8196586739273254,42.26038345383573,49.20634920634921,48.401264031956785,3,28.477104780411683,14.398863860136096,19.478048986683415,19.174623051924677,,,,483773
2025-12-19,694.8,705.95,689.9806,700.34,699.0726670217005,689.8745164502164,705.3491404235623,689.6885002070845,601.5979730289145,719.7021435432697,0,0,0,0,719.1041965573268,581.0510360574759,97.99424826131113,93.77543390019092,4,9,690.529327367048,688.2322511422387,692.8264035918573,679.0439462430014,735,704.2,,,715.6853811240467,679.945,0,7,7,16.41329116751192,0.2320664558375596,-0.5933824015787502,4,8.146217816967544,52.292084718774234,0,3.8719370435034968,735,679.945,1,1,0,0,8,8,2,1,232,0,3,6,,-0.6021810340415725,-0.6088569734642753,0,5.625186484311433,3.4365322478834313,,,,,,2.645709385065637,43.01599022274483,49.20634920634921,52.4345045306256,3,28.21932629702122,13.566734700281676,18.269009114417706,19.30185301200342,,,,1682541
2025-12-22,701.81,705.885,695.5601,702.12,700.0884446811336,690.7646796536798,705.0416032403659,690.1760100028852,602.5981922027561,720.2287564611989,0,0,0,0,718.6074055951523,581.4471564953942,89.5636755064915,94.87636963718978,4,10,691.2184258134783,,,680.0924960197208,735,704.2,701.9748140412486,706.4251859587515,715.3259297937576,683.64583,0,4,6,16.51545077383137,0.23257725386915684,-0.5249641921374557,4,6.159273222571627,28.660972919298292,0,1.8474114416515865,735,683.64583,1,1,0,1,8,19,2,1,232,0,4,0,,-0.4172491896087673,-0.5436020597633832,0,3.410619628921,4.458565084128597,,,,,,0.5850037833672663,46.24093376741577,51.19047619047619,116.72374802566804,3,21.33634831838509,12.79404333755972,17.512147442027402,18.502201938461198,,,,353937
2025-12-23,695.96,700,676.06,682.31,694.1622964540891,690.3424740259741,702.8766886460454,689.8675390223799,603.3913445191465,720.6128395998486,0,0,0,0,716.9298672732353,581.9909029166841,87.83685377277493,81.91788631992718,4,11,666.7595838504561,664.4606611744725,669.0585065264397,655.2649704705383,710.7777164,690.3776941088539,688.0787714328703,692.6766167848375,701.8723074887718,669.7392562621089,0,5.5,4,13.07918255667806,0.2153959127833903,-1.119612960407868,4,5.3764174128127475,36.39452787296493,0,3.829457424505264,710.7777164,669.7392562621089,1,1,0,0,8,8,1,1,232,0,5,1,,-0.6813393770622566,-1.134368821548248,0,2.87261209419116,2.750964362599617,,,,,,1.031133629190888,45.89454678548507,50.79365079365079,146.42086826991067,3,18.624456243379385,13.39365568643815,15.739707902400793,24.20301901813853,,,,586333
2025-12-24,683.97,689.06,680.085,688.18,692.1681976360594,689.4485588744589,701.4770040130887,689.8013610215022,604.2350127328864,720.9088557727312,0,0,0,0,716.4412315550181,582.20463385409,86.32594694624672,92.95146356652162,4,12,668.2864714176569,666.0716235756722,670.5013192596416,657.2122322077333,710.7777164,690.8218602074027,688.607012365418,693.0367080493874,701.8960994173262,671.5168275457185,0,4,0,13.892771106963814,0.21946385553481906,-0.8811769802237536,4,4.968470200408668,31.202177123029667,0,1.7432378239026167,710.7777164,671.5168275457185,1,1,0,0,8,8,1,1,232,0,6,0,,-0.6195759290367184,-0.8930606977032026,0,2.73355657405604,3.36618302812755,,,,,,0.40133556525224995,42.27327947930262,48.01587301587302,145.6137231626766,3,17.211285645999467,13.950438581825264,15.170240056855304,23.327345773029986,,,,219352
2025-12-26,687.15,689.1,682.74,688.48,690.9387984240396,688.2414316017315,700.2391941070803,689.7495429422277,605.0732713126587,721.1304413318913,0,0,0,0,716.0004675178708,582.4058200248782,89.53328767898965,93.21441554634185,4,13,687.6801,,,677.112949305071,710.7777164,691.2807846498443,689.1673545108586,693.3942147888301,701.8479353447734,673.190585231166,0,6.5,0,13.784566703202247,0.21892283351601122,-0.8330114038042186,4,4.913416557249819,39.004070776748364,0,1.7119278356993086,710.7777164,673.190585231166,1,1,0,0,8,8,1,1,232,0,7,1,,-0.731418119078777,-0.8419376884615033,0,3.836684517332179,3.3699217337892144,,,,,,0.38593936524204325,37.4687974869115,42.06349206349206,120.13826899492854,3,17.020574231813683,14.463548372450946,14.779529894939953,22.700563762271386,,,,206701
2025-12-29,687.71,690.05,680.46,687.89,689.922532282693,687.0238658008659,699.0630803825965,689.6766196895912,605.897318364274,721.2795490253908,0,0,0,0,715.3942678020926,582.6842850339965,93.70165340918004,92.03844621340701,4,14,687.6801,685.6320041566561,689.728195843344,677.4396207832802,710.7777164,691.730158577344,,,701.9706377940638,676.3407853973696,0,7,0,13.532438443048328,0.21766219221524163,-0.8159816445201803,4,4.928037869784199,55.84627891054921,0,2.2555210465432274,710.7777164,676.3407853973696,1,1,1,0,14,8,1,1,232,0,8,0,,-0.6789054323279663,-0.8232944123251424,0,5.543369691914364,2.8826103534825753,,,,,,0.5356156804086444,32.33995304586055,36.904761904761905,89.441326243553,3,17.07122394417946,15.091718922134595,14.161640233493243,22.745473044163006,,,,289007
2025-12-30,683.9,687.83,680.88,682.32,687.3883548551287,685.6111601731602,697.4685012985396,689.3881247998033,606.6577430571668,721.3305508712347,0,0,0,0,714.3605966698766,583.0762260407289,86.24097161365312,93.20285162086616,4,15,665.9414787234041,662.0126935857653,667.2198999999997,654.1551233104877,710.7777164,682.32,687.4237322309839,691.3525173686228,703.5451405505553,676.06,2,0,4,12.471984048459325,0.2123599202422966,-0.9526772011321268,4,4.003212130818835,26.490874248900504,0,0.2949332648747217,710.7777164,676.06,1,0,0,0,8,8,1,1,232,0,9,1,,-0.7231607898437393,-0.958292944782304,0,2.1889764814050263,3.5781301728382595,,,,,,0.829948614467996,27.13586742839726,26.984126984126984,95.67911782474764,3,13.867533608108577,15.67502014684084,13.710423424375636,22.020758985647046,,,,432357
2025-12-31,680.82,684.29,675.88,676.53,683.7689032367524,683.4524385281385,695.4743583177263,688.8838846115758,607.3529893949064,721.261923384961,0,0,0,0,713.5778063878338,583.3241050894827,79.93503200098155,88.18553877836204,4,16,667.4046,665.505431900382,669.303768099618,657.9087595019099,696.03,697.4293235294117,695.5301554297937,699.3284916290297,706.9251640275018,676.06,0,0,4.5,11.389918517403395,0.20694959258701698,-1.0816121829690122,6,3.9323358208906716,19.314921402047574,0,2.2503877917610238,696.03,676.06,1,1,0,0,15,8,1,1,232,0,0,0,,-0.6948648783670066,-1.0864476334363118,0,1.8090384087109346,4.523532142257507,,,,,,0.5875536981482399,25.602221334590325,21.03174603174603,87.94744463139617,3,13.622010868411422,16.568050562849493,13.16834086623671,23.50075575461783,,,,292303
2026-01-02,676.53,678.89,661.89,669.99,679.1759354911683,680.1716653679655,693.047276573181,688.1429479601414,607.9762432317731,721.0495766421488,0,0,1,0,712.2526542858554,583.6710462847432,79.80898642978362,78.27350981217177,4,17,665.8356101658093,663.920311216164,667.7509091154545,656.2591154175828,688.12,676.06,,,685.6364947482264,651.91917,0,10.5,4,10.200029599608222,0.2010001479980411,-1.2218687550837326,6,3.938083590007439,18.4007149616195,0,2.326988153814612,688.12,671.9216155683458,1,1,0,0,15,8,1,1,236,0,1,0,,-0.8856778280578113,-1.226682114797236,0,2.262126181356475,5.17074030688647,,,,,,0.8959379232246524,27.335379157559686,26.984126984126984,100.37777454830206,3,13.641921724692255,18.227821141772385,12.124761729564778,28.160076656848428,,,,442935
2026-01-05,670.21,684.96,667.655,682.23,680.1939569941122,677.7018917748917,692.0170597566876,687.911067647979,608.7150865827007,720.7852365730935,0,0,0,0,711.2200374655154,584.131155823214,73.39700707588781,93.83226882131524,4,18,669.5476318800504,667.6146310696655,671.4806326904353,659.8826278281258,710.7777164,688.2117890340473,686.2787882236624,690.1447898444322,697.8767930859719,671.6738292296219,0,5,0,12.077064465414974,0.21038532232707488,-0.7697219881262638,6,4.421700317017098,25.945127995713058,0,1.7111177311024746,710.7777164,671.6738292296219,1,1,0,0,8,8,1,1,236,0,2,1,,-0.65299331129699,-0.77649187115545,0,1.3833439514868022,2.8991698967816775,,,,,,1.050492377500753,29.854306484652156,31.746031746031747,94.90683051323653,3,15.317219209834048,19.066769170484662,13.959349120357341,25.909180925525614,,,,518955
2026-01-06,677.86,707.53,675.9,706.83,689.0726379960748,678.8125264069264,693.4278159703364,688.6529865637445,609.6913543778977,720.6237582706981,0,0,0,0,711.0799017079271,584.6778522431305,78.77461938310962,48.41097717334429,1,0,687.9414026071568,683.7867225307276,688.48,675.4773623778693,714.8678291215219,713.7591674394941,711.6818274012796,715.8365074777087,724.145867630567,683.64583,0,5,0,15.932429568600057,0.0796621478430003,0.016703223117993254,6,5.811277346429973,82.46735337103942,0,2.1603289157471335,714.8678291215219,683.64583,1,1,0,0,8,10,2,1,236,0,3,2,,-0.19618149110867225,0.009981040644176563,1,2.2261316678816607,-4.639532134972476,,,,,,0.9959265656819013,33.47286854189888,37.301587301587304,66.2764355506669,3,20.13085524178151,17.805895738533124,21.76236435139945,22.38687347603154,,,,497519
2026-01-07,706.08,724.99,704.715,714.55,697.5650919973832,683.3846502164502,695.43945254459,689.6685557181075,610.7347239860778,720.605728196191,0,0,0,0,711.1966587365862,585.3059695978192,86.76088123388269,36.01749936515018,1,1,689.4629004784309,687.3529150858031,691.5728858710587,678.9129735152919,716.4757425330109,716.4757425330109,714.3657571403832,718.5857279256387,727.0256694961499,692.265,0,5,4.5,16.9984236914436,0.08499211845721802,0.2045977188431379,6,5.817659048158925,74.9132648143268,0,2.5604766885080563,716.4757425330109,692.265,1,1,0,1,8,10,2,1,236,0,4,3,,-0.06973541862238539,0.2003007993874923,2,3.856586117895291,-1.5645388953391186,,,,,,1.0722472917589567,36.692664668069334,41.26984126984127,82.07082649591355,3,20.1529621050481,17.553857629642554,27.283594444703542,20.46618541737575,,,,542668
2026-01-08,707.29,713.99,694.52,712.39,702.5067279982554,689.8896619047619,697.0537903974862,690.55959274877,611.7462192697984,720.7078661012355,0,0,0,0,711.2355347831459,585.9181488816645,91.45853729648661,20.182771639017496,1,2,712.39,687.7382048897521,692.0144277617751,678.1802170238153,718.452898239569,718.452898239569,716.3147868035575,720.5910096755805,729.1434554196267,692.265,1,5,0,16.451884386034045,0.08225942193017023,0.072102251497959,6,5.709158722483298,88.1983022439379,0,0.1772270301682333,718.452898239569,692.265,0,1,0,0,8,10,2,1,236,0,5,4,,0.3224049418473057,0.07181605676343172,3,4.292680926881236,-4.121320103168146,,,,,,1.0591344441883312,38.94358653501633,43.25396825396825,96.91246348307271,3,19.777105951632187,16.596035328039367,25.001497047894762,23.011665741002638,,,,543118
2026-01-09,707.33,717.33,706.725,713.35,706.1211519988369,696.8452000000001,698.6058103596304,691.4533342096025,612.7572021626362,720.9273921369904,0,0,0,0,711.2984685001255,586.493572763485,90.24770916946275,16.22081164669872,1,3,713.35,700.1561233094179,704.3162766905822,690.0843864753429,720.2210766469127,720.2210766469127,,,730.6214600998235,692.265,1,3.5,3,16.416420318249443,0.08208210159124722,0.050855007674514494,6,5.700655961118724,74.6031165635715,0,0.2953318484221633,720.2210766469127,692.265,0,1,0,0,8,10,2,1,204,0,6,5,,0.20926133586234638,0.04799550725470599,4,2.7926851468994,-2.6241902981601406,,,,,,0.9990892595926634,40.395345030735825,44.84126984126984,104.55771657307898,3,19.74765152225604,15.914327659264044,25.297069614139076,21.964148065468578,,,,511425
2026-01-12,708.86,725.53,702.01,724.76,712.3341013325579,704.431054978355,701.0966855634751,692.7594779660888,613.8716578625105,721.3257389352136,0,0,0,0,711.6813257783976,587.1049263466512,92.86702666839417,8.908579637586001,2,0,724.76,702.1703065988668,706.4533061670907,690.4960034542081,,746.77,742.487000431776,746.77,755.335999136448,704.80615,1,5,0,18.063766378073336,0.09031883189036669,0.3485396350951687,0,5.856259702299848,88.80641709606809,0,0,,704.80615,0,1,0,0,8,10,2,1,204,0,7,6,,0.4462842047388129,0.3423849290801158,5,3.6291677509124836,-5.05514617777281,,,,,,0.9744935154203832,39.8593265138773,43.65079365079365,96.48029683064391,3,20.286678693403047,15.77426226637292,26.235217713599376,19.810297232529535,,,,503005
2026-01-13,717.91,726.41,707.88,714.04,712.9027342217053,710.7778398268398,702.3293821764776,693.5940082419285,614.8683577842766,721.8111153938506,0,0,0,0,711.7253000786926,587.4787255449447,91.38519631776998,37.4199447164408,1,0,693.2698598902386,691.115877947849,695.4238418326283,682.4999501782901,725.150407442836,725.150407442836,722.9964255004463,727.3043893852257,735.9203171547846,692.265,0,2,3.5,16.12892271332611,0.08064461356663055,-0.055127969372488,0,6.049940313773003,50.427980009795625,0,2.960149936747176,725.150407442836,692.265,1,1,0,0,8,15,2,1,204,0,8,0,,0.2264956972661757,-0.06145213882376949,6,2.915377703712582,0.8803128702518441,,,,,,0.658898306954372,38.88268686687375,42.06349206349206,85.53017521759129,3,20.957608012428068,15.696493965172381,24.584874821750077,18.288676804075884,,,,335996
2026-01-14,710.21,712.195,701.49,710.48,712.0951561478036,715.5096450216449,703.1056314930036,694.2562039971469,615.8197174083136,722.34419270123,0,0,0,0,711.7002746389356,587.8758759048264,92.0649183881842,61.74201877005275,1,1,710.48,705.3954203392095,709.6197796607903,684.5925627136764,726.2417766752164,711.7002746389356,,,722.2611729428878,692.265,1,3.5,0,15.371427694791192,0.07685713847395598,-0.20354007412123346,0,6.047943338393943,42.2998101565124,0,0.6088581307174591,726.2417766752164,692.265,0,1,0,0,8,15,2,1,204,0,9,1,,0.27382927304427057,-0.20776127076938603,7,3.3974792962094242,2.4274980329271623,,,,,,0.7394357919806159,37.41900013791859,40.07936507936508,78.60509427466745,3,20.950690286792078,15.11325539782637,23.280618806960828,20.019611751574317,,,,369596
2026-01-15,711,715.11,707.42,712.12,712.103437431869,718.8663073593073,703.9641427793841,694.9567450168666,616.7779291753951,722.9214138962622,0,0,0,0,711.7074617129647,588.2226825476963,89.1006259431812,64.07076544899975,1,2,707.2912,705.2612296006946,709.3211703993054,697.141348003473,727.8378106815965,728.056223327341,726.0262529280355,730.0861937266463,738.2060753238679,692.265,0,3.5,0,15.458087313868871,0.07729043656934437,-0.17849096832480166,0,5.931398811045338,46.65715957552408,0,2.0243261368369674,727.8378106815965,692.265,1,1,0,0,8,15,2,1,204,0,10,2,,0.4410906493440536,-0.18161007118155675,8,2.4355464228270556,0.9081988294925127,,,,,,0.6671468126510347,35.411339424353564,37.301587301587304,72.3433797011248,3,20.546968201368312,14.768076838097294,23.775313042636764,19.342478310093533,,,,320411
2026-01-16,715.05,719.945,710.96,715.37,713.192291621246,721.1459874458873,705.0504148956333,695.7572648201268,617.7589448054907,723.54778995153,0,0,0,0,711.8087339099628,588.8093730622176,88.50573211442946,38.11322896984528,1,3,710.2531,708.2879042720735,712.2182957279265,700.4271213603678,726.41,727.2074543152102,,,737.0334329548424,698.67868,0,3.5,0,15.800832349783839,0.07900416174891921,-0.10826800322839206,0,5.936398624502639,73.47091091631675,0,1.6443044090114836,726.41,698.67868,1,1,0,0,8,15,2,1,204,0,11,3,,0.6625512242594651,-0.1118754924219169,9,2.645351699243175,-2.637024582493112,,,,,,1.1012279740332416,32.77786480917271,33.73015873015873,59.39216912528794,3,20.564288063241136,14.770774252712895,25.001466864641767,18.552879716815152,,,,532116
2026-01-20,693.79,699.4759,682.845,686.02,704.1348610808307,719.259483982684,703.2379944293824,695.3754112977689,618.4381592850381,724.027242344186,0,0,0,0,711.0786371037914,589.2797262808095,84.70119643491785,63.70965718937763,1,4,667.5407515604454,665.425525170228,669.6559779506629,656.9646196093582,703.18038,695.3754112977689,693.2601849075514,697.4906376879864,705.9515432488561,667.7825,0,0,1.5,10.9278251511989,0.0546391257559945,-1.0337595446082615,0,7.341492850777747,46.00901623736493,0,3.3698169240306246,703.18038,667.7825,1,1,0,0,8,15,1,1,196,0,12,4,,-0.25832263470198824,-1.0277853072107621,0,2.2818068001839755,0.8401959921468348,,,,,,1.1511962420963922,29.38249821420051,26.984126984126984,15.53503897804126,2,25.43167724190147,14.626499385553895,21.568987647973987,27.873342652934557,,,,560688
2026-01-21,689.15,709.235,681,696.46,701.5765740538872,715.4675277056277,702.5924711503936,695.4179441880525,619.21449600857,724.4177873120565,0,0,0,0,710.6790511510151,589.7920371213762,84.94808888998026,71.43401788342578,4,0,695.4179441880525,693.2017071828506,697.6341811932544,684.336759162043,715.935,707.2416370165753,,,719.5439991718226,673.92426,0,3.5,3,12.474757049350627,0.06237378524675313,-0.6564066924071373,4,7.495702157246728,33.02855881419354,0,1.851521815021613,715.935,673.92426,1,1,1,0,14,8,2,1,196,0,13,5,,-0.5569809927245801,-0.6544577155961548,0,2.58202150814439,2.935294185371246,,,,,,1.2920703240170028,26.361611720836457,18.253968253968253,1.5240687530719081,2,25.965873949509938,13.829405145798818,23.047159371107828,24.70273414288555,,,,556558
2026-01-22,697.44,703.54,688.7,691.05,698.0677160359247,710.1017774891776,701.4931881836894,695.2466522591093,619.9292771428131,724.6735378853824,0,0,0,0,710.2511462898921,590.1851121280905,57.928100667505085,82.45738403202559,4,1,667.2119619020119,665.0215275400387,669.4023962639851,656.259790092146,710.7777164,695.2466522591093,693.0562178971361,697.4370866210825,706.1988240689752,667.7825,0,0,1.5,11.472392977627145,0.05736196488813572,-0.8013195926884205,4,7.52595682814365,13.925456196736121,0,2.5076443956411434,710.7777164,667.7825,1,1,0,0,8,8,1,1,196,0,14,6,,-0.823296733223401,-0.794870994151288,0,-0.632558178987995,3.370661631648706,,,,,,1.0413567534048958,25.933139742391827,17.063492063492063,-0.5275637829082667,1,26.070679203829428,13.089246208883388,21.653030119993957,23.208458701103385,,,,453761
2026-01-23,689.82,698.29,687.46,693.85,696.6618106906164,704.6082865800865,700.7652654995285,695.1918815822814,620.6648067234817,724.8079328048427,0,0,0,0,710.033992967053,590.4322130520385,59.0800083227916,86.75502609431828,4,2,667.8054053997745,665.6747342065137,669.9360765930353,657.1520494334704,715.935,695.1918815822814,693.0612103890206,697.3225527755422,705.8452375485855,673.92426,0,2,1.5,11.791419858790833,0.058957099293954165,-0.6797164506012092,4,6.942326194508787,23.75398575363438,0,1.9963307008185682,715.935,673.92426,1,1,0,1,8,19,1,1,196,0,15,7,,-0.7190781072056127,-0.6734010643930022,0,0.9935169279772436,2.9134436536822084,,,,,,0.6643692663114712,23.332136530153573,13.88888888888889,-2.9805361414135403,1,24.04892338321103,12.48461542425802,20.67034884708078,22.674808921870586,,,,279293
2026-01-26,691.04,704.715,690.4549,697.82,697.0478737937443,700.3411354978355,700.4847640233829,695.2949450496429,621.4325200894172,724.8520506200975,0,0,0,0,709.8182897862641,590.7786619162449,59.535345834248396,81.91158615441417,4,3,695.2949450496429,,,684.7659314737891,715.935,706.3091117843912,705.171,709.8182897862641,718.2415006469472,681,0,5,0,12.292160040094394,0.06146080020047198,-0.5339027969911029,4,6.914713086876009,33.07254948128795,0,2.1210431604195907,715.935,681,1,1,0,0,8,8,2,1,196,0,16,8,,-0.6529603546007093,-0.5302985205157368,0,0.9801025723242764,1.4362174762781157,,,,,,0.8852655409118306,19.92204692902499,11.507936507936508,-16.82952703336667,1,23.95326877246135,11.731103500573385,22.14475588461597,21.30383086723941,,,,379232
2026-01-27,697.14,705.82,692.64,694.75,696.2819158624962,696.728374025974,699.938596021156,695.2735746555393,622.1620472527065,724.7958739707989,0,0,0,0,709.5318536368223,591.14540616098,55.08477421710304,89.86126852020922,4,4,676.4948468085105,,,665.6319927722229,715.935,695.2735746555393,693.200507848595,697.3466414624836,705.6389086902607,681,0,0,1.5,11.667049294925903,0.05833524647462951,-0.6163020163106651,4,6.933529366570659,12.803992716173049,0,1.3770491725328102,715.935,681,1,1,0,1,8,19,1,1,196,0,17,9,,-0.9401684335388045,-0.6160164113322633,0,0.4738259527736881,4.886092384007615,,,,,,0.9481705128716368,15.086646415647436,8.333333333333334,-37.187261286881395,0,24.01845027734247,11.111822977850819,21.36361555240166,20.094509308467263,,,,416107
2026-01-28,686.91,694.7,679.315,687.74,693.4346105749975,693.2617402597402,698.776824971522,694.978140355322,622.8145641954657,724.606660551787,0,0,0,0,709.115483322486,591.4932910094783,62.58923357129318,82.93890995713957,4,5,677.9881999999997,675.9253968935515,680.0510031064479,667.6741844677584,710.7777164,705.6454244871393,704.52,709.7710307000358,718.0222431258288,681,0,5,0,10.424521123458826,0.05212260561729413,-0.8098873538645694,4,7.013494083085598,38.20753062720758,0,1.9912568170061462,710.7777164,681,1,1,0,0,8,8,1,1,196,0,18,10,,-0.8693268203249438,-0.8120069504612417,0,1.5756845604816574,1.358116196079959,,,,,,0.9566241524557204,12.535353765802851,6.349206349206349,-48.40453427823091,0,24.2954561809759,11.054521847674344,19.936347356463838,24.519578689041815,,,,426388
2026-01-29,684.06,687.91,671.635,676.71,687.8597403833317,688.9018878787878,696.6752225932819,694.261742694329,623.3508371885456,724.2317790641488,0,0,0,0,708.3307747062422,591.8900538731591,62.43300686098338,82.67343107500025,4,6,668.2414582863851,,,657.9375956493038,696.03,678.3331555555553,676.2723830281391,680.3939280829716,688.6370181926366,651.91917,0,5.5,1.5,8.560053123874258,0.0455622933184847,-1.1089939137456188,4,7.155700412791386,10.755469033507865,0,2.563503269200954,696.03,668.2414582863851,1,1,0,1,8,19,1,1,196,0,19,11,,-1.0220962215929073,-1.1085015073067097,0,1.1084171067684565,6.207068912521545,,,,,,1.2257869380028081,10.136707694078403,2.380952380952381,-59.10651244278596,0,24.788073357392534,11.478758040271906,18.530563633760405,26.118077084700108,,,,553803
2026-01-30,672.79,682.99,668.99,670.46,682.0598269222211,683.5767155844156,694.178534727255,693.3283410200415,623.8195850772167,723.6585602696673,0,0,0,0,707.1095368735308,592.3902392003832,81.91167645900201,77.42999901513576,4,7,666.9541395696848,664.9155650799412,668.9927140594284,656.7612671209666,688.12,677.8468799999997,,,688.0397524487179,666.9541395696848,0,0,2.5,7.476587147710362,0.05967796557112487,-1.2357678027790941,4,7.165098838576783,26.014123993177986,0,2.0765353963569892,688.12,666.9541395696848,1,1,0,0,8,8,1,1,196,0,20,12,,-1.1783602386605845,-1.231537119622591,0,2.453833238048184,4.103214941991543,,,,,,1.6034130445394148,9.879938722541185,2.380952380952381,-60.19465041902203,0,24.82063045933548,12.032167508784205,17.394318445824535,25.67504569326738,,,,762074
2026-02-02,657.01,658.75,622.37,639.6,667.9065512814807,674.9129848484847,688.980579038945,691.2213472545498,623.9766041311748,722.725160875614,0,0,1,0,704.326062610071,639.6,10.35706315174125,26.337276457470203,4,8,630.72,628.3976629738095,633.0423370261906,619.1083148690474,661.39,677.751904444444,675.4295674182534,680.0742414706345,689.3635895753966,658.0311072876809,0,14.5,2,2.503843215496719,0.11950200673105765,-2.1089146543441815,4,8.518999991218905,6.819186234777504,0,1.6983578984754237,661.39,658.0311072876809,1,1,0,0,10,11,1,1,196,0,21,13,,-1.8558623252285924,-2.0859571347228103,0,-2.437554258683196,4.355900936700057,,,,,,2.0166121919245223,22.464538163574595,15.079365079365079,-23.87658663382231,0,29.51068162893992,14.496106956220636,14.178297085252568,38.851762470525856,,,,1016270
2026-02-03,635.59,650.72,629.27,632.56,656.1243675209871,664.202919047619,683.6071905590455,688.9209022641752,624.0620110552427,721.4306427505339,0,0,0,0,702.5260181663637,636.8950160293795,33.10098912794183,24.70375705235474,4,9,630.72,628.3720263328231,633.067973667177,618.9801316641154,654.67399,654.67399,652.3260163328231,657.0219636671769,666.4138583358846,608.6336005929188,0,0,0,1.361721879270905,0.06097161253387651,-2.154457281528665,4,8.279462914851798,7.4688858268506735,0,2.04039681831705,654.67399,646.7583379268906,1,1,1,0,10,11,1,1,196,0,22,14,,-1.4333040251001758,-2.1301978584227546,0,-1.0292805064993722,5.521266426916594,,,,,,1.2441175907982656,29.996174356618795,30.952380952380953,4.585886292135225,2,28.680900855811252,16.78405072884018,13.021811766161555,35.682729359722344,,,,634137
2026-02-04,638.13,647.21,629.14,642.94,651.7295783473247,654.0995701298701,679.7341247915174,687.1177296263644,624.2498517412602,719.8842512296195,0,0,0,0,701.1109305631013,638.5361327284758,25.871998742751774,41.375004865569935,4,10,638.8160362840428,636.4744357359499,641.1576368321356,627.1080335435785,678.955,678.1471428571427,675.8055423090499,680.4887434052356,689.855145597607,638.9559880618262,0,4.5,0,2.994017252323932,0.06560143816308339,-1.6570437389396049,4,7.512883907814895,23.106232757682278,0,3.34738175793785,678.955,638.9559880618262,1,1,0,0,10,8,1,1,196,0,23,15,,-1.4050508152117098,-1.639850038057992,0,-1.5245007818253233,0.7889623503613366,,,,,,1.1928807693337145,35.0369841175883,36.507936507936506,34.62614663085946,3,26.025393279404017,18.91274033749695,12.12459220803943,33.273712739335615,,,,615030
2026-02-05,643.83,651.35,636.36,643.59,649.0163855648832,645.5353476190478,676.2918271923253,685.4107598370952,624.4422910274168,718.1307226741502,0,0,0,0,699.5760158712537,639.7420963735484,24.38175739698964,43.25203293408094,4,11,635.0042753822737,630.72,639.6206406858747,621.487269392798,678.955,681.0855173941703,678.7773347423698,683.3937000459708,692.6264306531729,632.6353648866364,0,3.5,0,3.0663696626118724,0.04972494120185242,-1.5119437820184511,4,7.360986090961344,27.44294036805955,0,4.198121190256779,678.955,632.6353648866364,1,1,0,0,10,10,1,1,196,0,24,16,,-1.2751447431103444,-1.4923742556530786,0,-1.1792625986102787,0.42110969541234433,,,,,,1.3551007757027522,38.444335340568834,41.26984126984127,50.766806806959266,3,25.499203806705733,20.51144986959411,13.022996764156336,31.344346385844847,,,,710006
2026-02-06,642.39,650.38,639.025,644.61,647.5475903765888,639.1515112554114,673.2745103168658,683.810730039562,624.642964748537,716.2010772752053,0,0,0,0,698.437777110337,640.5162097271319,27.934359990387108,50.754115619936826,4,12,640.5162097271319,638.2715133361743,642.7609061180896,629.2927277723438,678.955,683.810730039562,681.5660336486044,686.0554264305197,695.0342119943501,627.4074248002785,0,5,0,3.196551690852896,0.05315532476947969,-1.3664167456846037,4,7.389819887783671,27.593929042586673,0,5.0254729741175455,678.955,627.4074248002785,1,1,0,0,10,8,1,1,196,0,25,17,,-1.2973805305217216,-1.3473806640895347,0,-0.5966006406323836,1.00136941215535,,,,,,1.0718446838683031,40.8498219953739,45.63492063492063,59.57530821803865,3,25.59908700884851,21.995965863684326,12.43480025836523,29.92864803665967,,,,562640
2026-02-09,647.72,647.72,629.73,639.79,644.9617269177259,634.148445887446,670.0855093343071,682.0844269007557,624.7936815172083,714.0959660955751,0,0,0,0,697.3400854052337,640.423429362153,19.31061579283827,51.071963351529554,4,13,617.285325,617.285325,621.7752968689213,608.3053812621574,661.39,682.0844269007557,679.8394409662951,684.3294128352163,693.3093565730588,622.37,0,3,1.5,2.4002032873276864,0.06961778942538509,-1.4163587098414114,4,7.362842882600401,15.251768808647363,0,5.3198041006971915,661.39,622.37,1,1,0,0,10,8,1,1,196,0,26,18,,-1.4609341839099732,-1.395445133255688,0,-2.3908432763395413,1.665849916275814,,,,,,0.9866101494048982,42.417941231919045,48.41269841269841,66.30811073391283,3,25.50563592162157,23.734695430419368,11.545111035443762,31.484033305836228,,,,518234
2026-02-10,643.54,650.66,638.5,646.53,645.4844846118173,631.1391480519483,667.8421274929444,680.6901356497457,625.0099632931565,711.885113085056,0,0,0,0,696.4545701738075,641.0829227209146,41.8353605033778,65.51751966144651,4,14,641.0829227209146,638.8897214960582,643.2761239457709,630.1169165966329,673.88843,679.2517153777371,677.0585141528808,681.4449166025935,690.2177215020188,628.9,0,3.5,0,3.4431509848987263,0.048729276919319456,-1.0985467748747582,4,7.217311641973888,43.321501359171634,0,4.591618389328188,673.88843,628.9,1,1,0,0,10,8,1,1,196,0,27,19,,-1.2521081759586066,-1.0820906506911256,0,1.2280377419021034,0.661103485159573,,,,,,0.9360315244271427,44.38085017236519,49.6031746031746,77.51274342139737,3,25.00150091591426,25.052035797586225,12.170466696530406,29.925459275115895,,,,491110
2026-02-11,640.92,649.74,636.77,648.73,646.5663230745448,630.1900718614719,666.0219248745688,679.4367969968145,625.2459835588962,709.6074079356994,0,0,0,0,695.786348865858,641.7014184588533,46.88398915062341,68.80799473967525,4,15,641.7014184588533,639.5490708929152,643.8537660247913,630.9396806291631,669.8908,678.6250185842124,676.4726710182744,680.7773661501504,689.3867564139025,628.9,0,5,0,3.7559643817994504,0.026282777966333368,-0.953549735006681,4,7.204023159537544,37.44342559232176,0,4.62053799963684,669.8908,628.9,1,1,0,0,10,8,1,1,196,0,28,20,,-1.060023648458689,-0.9396131444592212,0,0.543124325769111,0.775497686293518,,,,,,0.7580518895602842,45.826053608159825,50.79365079365079,83.63131128709284,3,24.955468262443794,26.348378863472373,11.51565446651936,29.033023390710433,,,,400161
2026-02-12,651.49,651.57,616.135,617.2,636.7775487163632,627.6215874458875,661.3722177436574,676.996138291057,625.1659240209967,707.0981318113164,0,0,0,0,694.0939334569064,638.9377134223647,14.229174885373967,35.593054752046825,4,16,589.04842,586.7334276173433,591.3634123826566,577.4734580867164,610.0444397853533,620.285575,617.9705826173433,622.6005673826567,631.8605369132836,589.04842,0,0,5,-1.274209568199232,0.06225726758725597,-1.881467763457849,4,8.492997313349896,11.020327248727845,0,2.6986831778817235,610.0444397853533,611.2281962043911,1,1,0,0,10,8,1,1,70,0,29,0,,-1.4980581406980478,-1.8509563062516365,0,-1.9551793183756616,3.383323997871347,,,,,,1.1630343913575691,46.41022513245465,52.38095238095238,57.74734751920631,3,29.42060571053598,28.30362755686013,9.941840216639479,33.023760126351746,,,,629030
2026-02-13,616.77,636.05,606.04,629.35,634.3016991442421,625.5900982683984,658.322482720452,675.127662279643,625.2075566178028,704.4743580305833,0,0,0,0,692.9102267804025,638.0856096609768,30.79816627253897,58.31431937139472,4,17,621.247475,,,609.1595639376652,649.01002,630.72,628.302417787533,633.137582212467,642.8079110623348,610.8015205780846,0,3.5,0,0.6625709075889472,0.01643512979362717,-1.3413111498276657,4,8.857237593910643,24.67042892274578,0,1.6478016192541505,649.01002,610.8015205780846,1,1,0,1,10,8,1,1,70,0,30,1,,-1.1049782020454595,-1.3263356383461904,0,-0.624348781141336,1.5676962927239633,,,,,,0.9853882967613542,48.05495109014451,53.57142857142857,56.62072205708712,3,30.682371054724694,30.413123010959453,8.839962247096485,33.09192503608577,,,,543964
2026-02-17,628.36,632.6999,623.28,626.17,631.591132762828,623.8778978354978,655.2603415089803,673.2077539549512,625.2171331688694,701.7495689161774,0,0,0,0,691.9363514050103,637.2854801558018,31.749171813302684,57.15511827218635,4,18,622.215075,,,610.5700549064035,649.01002,630.72,628.3909959812808,633.0490040187193,642.3650200935965,610.8015205780846,0,3.5,1.5,0.15240574523302405,0.0007620287261651203,-1.3391486069000087,4,8.786686581307114,26.318445647765152,0,1.7104718808401598,649.01002,610.8015205780846,1,1,0,0,10,8,1,0,70,0,,2,,-0.525643046948146,-1.3260104700541495,0,-0.5223694664147731,1.4111573091013234,,,,,,0.8047809740118471,49.047040029429375,53.96825396825397,61.137656964958545,3,30.437975178015208,32.3719402183374,8.520728759833677,31.896891580713397,,,,440580
2026-02-18,625.89,639.19,623.415,634.9,632.694088508552,623.4632272727273,653.3212613652679,671.7054890939727,625.3134801025125,699.0037461749977,0,0,0,0,691.2860143713624,637.1652504920834,47.61768335768338,73.58999035748059,4,19,623.0326749999999,620.7291801969034,625.3361698030965,611.5152009845174,651.57,657.548658633615,655.2451638305184,659.8521534367115,669.0661326490975,610.8015205780846,0,5,0,1.5330742423649517,0.00766537121182476,-0.9617125742794482,4,8.182550549999059,41.76342849869274,0,4.058801260822452,651.57,610.8015205780846,1,1,0,0,10,8,1,0,66,0,,3,,-0.17153437571142965,-0.9558580422056335,0,1.1775094242722877,0.8761503446092336,,,,,,0.6486922881474013,49.40449580135871,54.36507936507937,74.2958920681246,3,28.34518657619806,33.48990406293357,10.515351324835935,29.94654195788409,,,,348238
2026-02-19,634.71,639.285,625.78,630.73,632.0393923390346,623.739012987013,651.1697126638138,670.0986071687189,625.3673758228855,696.2290973676764,0,0,0,0,690.6820542285354,636.8909050188748,40.604854359190426,69.4894949076638,4,20,623.826825,621.567285182839,626.086364817161,612.5291259141949,651.57,657.5500901548727,654.16818,658.75,667.7881592686441,610.8015205780846,0,3.5,0,0.8575158194106548,0.004287579097053274,-1.0303120051851906,4,7.937497884209775,30.54890129206647,0,4.566151005359568,651.57,610.8015205780846,1,1,0,0,10,8,1,0,66,0,,4,,-0.500151598470137,-1.021710910855163,0,-0.4687046012219134,0.8253235151517228,,,,,,0.586734941980794,47.58852313198354,53.57142857142857,73.07246591677522,3,27.496299240843587,34.51766111896733,9.991738781841896,28.348444550150795,,,,307676
2026-02-20,626.75,638.14,625.22,635.66,633.2462615593564,624.6682277056277,649.692597172022,668.7480735542593,625.469789993802,693.4598352247575,0,0,0,0,690.1491490893304,636.8415126773876,50.26572928056602,73.8054583877801,4,21,624.629775,622.4162737412076,626.8432762587923,613.562268706038,651.57,652.1473733333333,649.933872074541,654.3608745921257,663.2148796272953,611.7763629083557,0,5,0,1.6292089832666317,0.008146044916333159,-0.8042977241858418,4,8.030971636151971,36.539526497005134,0,3.647706118495959,651.57,611.7763629083557,1,1,0,0,8,8,1,0,66,0,,5,,-0.40414404174980556,-0.7980310302787524,0,0.9765438432290297,1.4170816813858385,,,,,,0.5838126923071713,45.37527360867061,50.3968253968254,63.10247140326947,3,27.820101815919536,35.49500433450158,9.471016946482736,27.09694511831361,,,,301705
2026-02-23,628.94,631.8,618.5629,623.13,629.8741743729042,624.6494558441558,647.1628260127818,666.959129493308,625.4465085013263,690.6179879180037,0,0,0,0,689.0578171991842,635.9615026298059,36.37667611824581,72.33941871739937,4,22,605.2350913048363,603.0270446002434,607.4431380094292,594.1948577818716,651.57,625.376875,623.1688282954071,627.584921704593,636.4171085229647,611.7763629083557,0,1,3.5,-0.3703767580183738,0,-1.1504087421343594,4,8.129213796225388,16.29017868777339,0,1.2319043852971117,611.7763629083557,611.7763629083557,1,1,0,0,10,8,1,0,66,0,,6,,-0.7043768964401238,-1.1376926820990616,0,-1.2099634138604967,2.7463082668478345,,,,,,0.9755034932715906,42.697753441379795,48.80952380952381,51.62326924295729,3,28.16042264130448,36.67369071738087,8.816240893662552,27.915504811159394,,,,515653
2026-02-24,623.13,652.64,617,649.23,636.3261162486028,626.7550316017316,647.3596997258502,666.2638695131782,625.6831601580295,687.8826457361778,0,0,0,0,688.0872685829605,637.1506431091436,64.7645016908991,71.73126463255873,4,23,626.189975,623.8214316314494,628.5585183685506,614.3472581572471,651.57,651.57,649.2014566314494,653.9385433685507,663.412716842753,628.9,0,5,0,3.7633807878133148,0.018816903939066574,-0.24433206930422188,4,9.314107993669769,57.49942011879896,0,1.9142566947273478,651.57,628.9,1,1,0,1,8,19,1,0,66,0,,7,,-0.012118536719806294,-0.2406415459082142,1,3.920436310312951,0.44850656981648807,,,,,,1.4402041998778559,39.44134866407708,43.65079365079365,22.24183616876234,3,32.265016544438915,35.61723341566687,15.487720617570135,24.16505103362407,,,,790942
2026-02-25,650.3,663.13,650.3,657.38,643.3440774990686,631.218316017316,648.3140140376739,665.9154824734456,625.9985515992431,685.3076858856685,0,0,0,0,687.6172092015823,638.2446690711099,65.05089373885636,65.92560899995246,4,24,651.57,649.2465311577745,653.8934688422256,639.9526557888723,677.64,677.631512660219,675.3080438179934,679.9549815024445,689.2488568713467,638.15485,0,3.5,2,5.013022525465349,0.025065112627326747,0.005445409172340946,4,9.45052792096192,48.816309260166776,0,3.3980797971369467,677.64,638.15485,1,1,0,0,8,8,1,0,66,0,,8,,0.015437728015163805,0.007591121075302171,2,1.2851976994365102,0.3672875664101646,,,,,,0.9114237756401948,35.419212320582055,37.698412698412696,8.191266873116323,2,32.73758903490862,33.79193010086038,18.691522854154016,22.874284664703257,,,,504574
2026-02-26,657.57,666.14,650,660.71,649.1327183327124,637.4500073593074,649.494584129324,665.7113459058595,626.3439391455194,682.9122914443523,0,0,0,0,687.2831437712541,639.2000193476559,71.19574342520241,54.01530505550216,4,25,651.57,649.2683860750764,653.8716139249237,640.0619303753815,672.2439127751467,676.809730140845,674.5081162159213,679.1113440657687,688.3177997654635,638.15485,0,3.5,2,5.486771517477136,0.02743385758738568,0.08072094034749336,4,9.447833719466773,54.9446022481405,0,1.7964709503425424,672.2439127751467,638.15485,1,1,0,0,8,8,1,0,66,0,,9,,0.0366793344486038,0.07774707679067351,3,2.0768584988820313,-0.6046193080051009,,,,,,0.7493221195619252,30.39559306626265,30.952380952380953,-7.127367182455516,1,32.728256047157785,31.86826168387909,18.688880380498777,21.442094942423658,,,,414383
2026-02-27,650.04,661.28,644.54,656.73,651.6651455551416,644.1925597402599,650.1836713551027,665.3591362624925,626.646288009743,680.6654971612255,0,0,0,0,686.5688117389515,640.5285156183239,78.94960989060165,70.48987072346559,4,26,651.57,649.2833227839994,653.8566772160007,640.1366139199971,667.7143777343854,657.01,,,668.4433860800029,638.15485,0,3.5,2.5,4.800748455050178,0.024003742275250893,-0.08070267569258918,6,9.341980500547411,44.94221063411081,0,1.4120381854874937,667.7143777343854,638.15485,1,1,0,0,8,8,1,0,2,0,,10,,0.6895515820746136,-0.0869434269617971,4,2.9399884779326193,2.3504239645686713,,,,,,1.4135158273986468,24.500992001536808,16.666666666666668,-24.28985306343096,0,32.36156974053169,30.43980098576064,17.467317434349123,22.17248775148567,,,,799020
2026-03-02,639.475,647.04,627.385,636.7,646.6767637034278,647.9074264069264,648.8995121784262,664.2352485659242,626.7463249449694,678.4436444992599,0,0,0,0,685.8181582206876,640.3478128996043,57.495589201443536,84.20214426441852,4,27,629.2458750000001,,,617.3191147114259,651.57,639.285,636.8996479422851,641.6703520577148,651.2117602885742,617.1698290793271,0,5.5,1.5,1.5881505257975987,0.007940752628987994,-0.7287173102827956,6,9.773054091979416,11.592038091972682,0,1.8542479588408551,651.57,617.1698290793271,1,1,0,0,8,8,1,0,2,0,,11,,-0.06971679537065434,-0.7353600556583116,0,-0.3247472148157855,4.952061017495257,,,,,,0.9439831868770019,19.42874267283953,13.095238095238095,-42.61164572195689,0,33.85485246485453,30.08256101764477,15.548693677663403,26.158303805528703,,,,522289
2026-03-03,627.91,644.2,624.95,635.54,642.9645091356185,648.9595696969698,647.6271776852427,663.1099447005938,626.8338241992483,676.2498699919269,0,0,0,0,685.1016698528111,640.1393248999829,47.19905960406691,91.60398694007547,4,28,629.876475,,,617.9422511606097,662.3278044579961,637.4221527777777,635.0353080098996,639.8089975456558,649.356376617168,616.8901955420038,0,5.5,1.5,1.3889128928027175,0.006944564464013588,-0.725919796442953,6,8.579828843529796,9.032132009714225,0,1.7204266915126623,662.3278044579961,616.8901955420038,1,1,0,1,10,19,1,0,2,0,,12,,-0.02400627108191466,-0.7315221873777208,0,-0.27520074798281513,5.954700543572453,,,,,,0.9508255110734275,24.855531466550964,18.650793650793652,-16.371596422425892,1,29.721398954477056,29.87329662024144,14.429043266453702,25.185533663554907,,,,501607
2026-03-04,633.5,651.06,630.24,648.7,644.8763394237457,649.5137437229438,647.7293512390291,662.5448488299822,627.051398087813,674.1584433630351,0,0,0,0,684.530395475521,640.535447177511,54.08209064287324,80.84914244209105,4,29,630.560025,628.1577762869704,632.9622737130296,618.5487814348519,663.2223731443747,674.4365168935268,669.8908,678.6646999999997,688.2736948521182,628.9,0,5,0,3.452444564864095,0.017262222824320477,-0.2738941056459676,6,8.742188586039715,46.24914779956492,0,3.2908817845515674,663.2223731443747,628.9,1,1,0,0,8,8,1,0,2,0,,13,,0.07108678092891715,-0.2814473785909916,1,1.034461816820286,0.9557230434238537,,,,,,1.0712141777471273,31.778423960377538,34.12698412698413,4.935288499979046,2,30.283829600739015,29.08670524515804,15.862177105879955,23.236605234124593,,,,561212
2026-03-05,634.08,639.38,614.2501,618.92,636.224226282497,646.8136545454546,644.9856035019787,660.8340704444928,626.9704886541034,671.9812458201884,0,0,0,0,683.4281298378825,639.4986665789083,50.71720692288304,73.23873327438129,4,30,614.6080387897913,,,601.9167992292965,654.16818,631.064125,628.525877087901,633.602372912099,643.7553645604947,614.6080387897913,0,0,6,-1.2840299184392492,0.15,-1.2197587434276538,6,9.818619238323809,9.873234303440668,0,1.296649246259061,654.16818,614.6080387897913,1,1,0,0,8,8,1,0,2,0,,14,,-0.518051776461194,-1.2216147659851309,0,0.2986583609441853,6.221687202899367,,,,,,1.166782126378356,36.750322272332134,40.476190476190474,8.048840380323536,2,34.01269476190013,29.171555247629872,13.939976543848013,26.04538775499968,,,,611048
2026-03-06,607.59,615.475,594.94,608.41,626.9528175216647,641.1463645021645,641.5022126922664,658.7782245447088,626.7858071749581,669.6614779407342,0,0,0,0,682.2896774472963,608.41,39.82160360163689,58.92266224058448,4,31,599.8778000000001,597.3067483673368,602.4488516326634,587.0225418366836,613.3381035536187,631.4977749999999,628.9267233673366,634.0688266326632,644.3530331633165,613.3381035536187,0,7,6,-2.9317522771904123,0.15,-1.4654733071157953,6,9.928582494202908,6.705946591999989,0,1.4126259632965807,613.3381035536187,613.3381035536187,0,1,0,0,10,8,1,0,6,0,,0,,-0.8692570170260572,-1.4669470114589689,0,-0.7586409726711585,6.5322076474459365,,,,,,1.085703133361454,38.2694983395802,42.46031746031746,11.269182589807357,2,34.39361865419673,30.020565208067367,12.779109717456382,30.582308371165247,,,,560469
2026-03-09,601.52,611.62,594.32,610.45,621.4518783477764,633.9093376623375,638.5448591025267,656.8830000527595,626.6232618299337,667.2277453056996,0,0,0,0,681.3723687403549,609.3486562018674,20.854313727944444,73.56327057401197,4,32,602.4854012016597,599.9435318284724,605.027270574847,589.776054335723,645.1615400000001,631.9642249999999,629.4223556268126,634.5060943731872,644.6735718659367,613.3381035536187,0,6,0,-2.581018422888209,0.15,-1.288366397148,4,9.938337036761872,1.7255941012669638,0,1.4655451332674343,613.3381035536187,613.3381035536187,1,1,0,0,10,8,1,0,6,0,,0,,-0.5454746539733814,-1.2910398162937635,0,-4.828158299774135,7.179635557587951,,,,,,0.9330037492774357,39.260111671899075,44.04761904761905,14.03736841657291,2,34.42740938083016,30.831325358400807,12.002548940811826,28.941664271407554,,,,477678
2026-03-10,607.96,610.43,598.1,598.85,613.9179188985177,624.6146432900432,634.7643963308575,654.6071961291218,626.3469109659542,664.6196377689004,0,0,0,0,680.363112104129,606.109633046833,10.930157943998505,54.41356230597126,4,33,514.8,,,502.447124338773,613.3381035536187,599.8778000000001,597.4072248677547,602.3483751322455,612.230675661227,515.6024445175829,0,0,6,-4.390044955047089,0.19717545773388184,-1.5677973023649063,4,10.065011510499357,1.1579739518227967,0,6.822326864904824,515.6024445175829,599.7111250958382,1,1,0,1,10,8,1,0,6,0,,1,,-1.3774036618710548,-1.565589360782407,0,-5.6787666687633775,7.843271358363885,,,,,,0.9095934539136227,39.839624889680465,45.23809523809524,14.264241677601222,2,34.86622262990091,31.584174069424716,11.4668456000465,27.649926465216794,,,,463189
2026-03-11,598.43,603.3,585.09,600.52,609.4519459323451,615.3331636363635,631.5030252517282,652.4861296142543,626.0899267772382,661.8642198967449,0,0,0,0,679.5096445264335,604.9124206548394,7.2098945159433105,65.88723963869043,4,34,597.6865004108671,595.2298056452106,600.1431951765236,585.4030265825849,613.3381035536187,632.9325749999999,630.72,637.8459645313128,647.6727435939385,613.3381035536187,0,2.5,0,-4.0840661514645324,0.21365885408009153,-1.3931254264493222,4,9.98335499348685,4.571920047698121,0,1.3293247849579408,613.3381035536187,613.3381035536187,0,1,0,0,10,8,1,0,6,0,,2,,-1.5092708326407323,-1.4010306698205786,0,-3.9864725697175034,4.893755540174654,,,,,,0.8101041441993256,39.28314277081108,43.65079365079365,13.589735455359556,2,34.58335615743136,32.76320338623837,10.707945364831735,30.54832871448307,,,,409209
2026-03-12,592.87,596.235,570.35,571.21,596.7046306215634,603.8440735930735,625.7608323706113,649.2988304136953,625.5438578540817,658.7964938991222,0,0,0,0,677.2909635285188,571.21,0.6194999600716412,21.51835958797952,4,35,514.8,,,502.0470421594522,613.3381035536187,599.8778000000001,597.3272084318905,602.4283915681096,612.6307578405479,583.6400501458583,0,0,6.5,-8.685859060381969,0.30071139792497625,-2.232976024122544,4,10.963395063333168,0.9828315334717743,0,1.2732536292493848,515.6024445175829,583.6400501458583,1,1,0,0,10,6,1,0,22,0,,0,,-2.20569118339981,-2.241099843519493,0,-6.330398080162918,7.618231926664417,,,,,,1.5246285989849697,38.824381070555376,42.06349206349206,2.227762170010285,2,37.97831454628571,34.312897734274166,9.577049764486972,32.48190298796259,,,,800669
2026-03-13,576.24,578.29,567.62,573.82,589.0764204143757,592.1194437229436,620.8140864305531,646.338876279825,625.0291926018023,655.4752292463202,0,0,0,0,676.0966848083606,572.1575606665203,6.1499587155813895,31.492829838724525,4,36,572.1575606665203,569.6938863532757,574.621234979765,559.8391891002974,611.7883740024964,605.8527052106845,603.3890308974399,608.3163795239291,618.1710767769074,575.7314907000574,0,6.5,6,-8.193088132193356,0.2817747818470131,-1.9578288520691727,4,10.003165685060333,6.518627739871597,0,2.445226980587243,611.7883740024964,575.7314907000574,1,1,1,0,10,6,1,0,22,0,,1,,-2.0541982547761046,-1.9735024828641563,0,-2.7481626066302276,4.810624865842275,,,,,,0.883535621605673,38.90218306922306,42.46031746031746,12.26538964871983,2,34.65198240610806,35.82959694794455,9.20671469060637,32.215235721898466,,,,456367
2026-03-16,577.51,592.59,576.54,586.37,588.1742802762504,582.9461696969696,617.5336972466908,643.9871556414005,624.6445240186997,652.0253714984523,0,0,0,0,674.952577580976,576.2634057753752,9.075655315115803,63.031583519179684,4,37,570.8151635883305,568.359876726032,573.270450450629,558.5387292768378,611.7883740024964,605.8368011078119,603.3815142455134,608.2920879701104,618.1132354193046,570.8151635883305,0,0,4.5,-6.127408877685751,0.19616819424519924,-1.3962655793559875,4,10.057299273014838,12.816444834949962,0,2.852753220590728,611.7883740024964,570.8151635883305,1,1,0,0,10,8,1,0,22,0,,2,,-1.369345553961594,-1.409247645579669,0,-2.2164028649295275,2.9406717404969647,,,,,,0.9918750602106362,37.582292767163125,39.285714285714285,7.872631890870382,2,34.83950665557446,35.918713441702735,13.778445422540049,30.016336511117025,,,,510676
2026-03-17,591.85,599.9738,586.615,586.98,587.7761868508336,576.456974891775,614.6238213184346,641.7515809103652,624.2697526354291,648.4958243880205,0,0,0,0,674.0250207500279,578.3475180235911,35.32278205587304,71.10898935573151,4,38,566.5641968165472,564.16282508727,568.9655685458245,554.5573381701611,611.7883740024964,605.9141620499879,603.5127903207107,608.3155337792651,617.9210206963741,566.5641968165472,0,0,4.5,-5.973339646523948,0.19096010450171788,-1.2798234697701514,4,10.066036032402533,28.0839317346319,0,3.277290621330361,611.7883740024964,566.5641968165472,1,1,0,0,10,8,1,0,22,0,,3,,-1.327680836013743,-1.2843987547938163,0,1.0684433064251024,3.028431096120653,,,,,,0.8300250005421371,36.0843597340649,36.111111111111114,3.4832119562025254,2,34.86977167788044,35.39502002350031,15.826905510713841,28.498096236597387,,,,426773
2026-03-18,581.91,586.945,574.85,577.12,584.2241245672224,571.6716077922077,611.052028811917,639.2170091099587,623.8006008679124,644.8705270260047,0,0,0,0,672.7437570564391,578.1042660690412,23.466354204010262,54.19880838497662,4,39,567.62,565.2818512513854,569.9581487486146,555.9292562569271,611.7883740024964,605.8160413793105,603.4778926306959,608.1541901279251,617.5067851223833,567.62,0,0,4.5,-7.483256797599151,0.24989463689932603,-1.5117802575379051,4,9.986927000284739,13.419690070619836,0,3.267203714215605,611.7883740024964,567.62,1,1,0,0,10,8,1,0,22,0,,4,,-1.7991570951946083,-1.508177464203205,0,-2.26653229610916,2.7006635138019845,,,,,,1.035259892999131,34.40886440989729,33.333333333333336,-0.5401404806646969,1,34.59572995194921,35.39877684336631,15.093799718155292,31.67069964293374,,,,542346
2026-03-19,577.62,586.005,575.51,579.85,582.7660830448149,568.7657969696969,608.0804070203059,636.8888911056465,623.3632814562914,641.2033860393897,0,0,0,0,671.6635429024548,578.3659555399697,48.88192079048754,69.46319352013516,4,40,578.3659555399697,576.1011120591133,580.6307990208261,567.0417381356879,611.7883740024964,608.41,606.1451565191436,610.6748434808563,619.7342174042818,567.62,0,1.5,4.5,-6.980404966207876,0.1652896213297578,-1.3039877057260638,4,10.02908200590532,29.45816313707278,0,3.602014915801304,611.7883740024964,567.62,1,1,1,0,10,8,1,0,22,0,,5,,-1.1223169706380625,-1.3030832981742,0,1.8553178391040852,3.5769849953289867,,,,,,0.9060861256829325,35.17606501365043,34.523809523809526,1.2500974301764176,2,34.741759175005605,35.402265318956175,14.469310694879521,30.36035998984517,,,,482600
2026-03-20,576.78,581.36,569.8902,577.26,580.9307220298766,566.9369324675324,605.1451301612291,634.5505032191505,622.9045423373233,637.5125717796785,0,0,0,0,669.9541839592412,578.153542625216,46.46126430027497,71.0617265692539,4,41,573.82,571.6145221249192,576.0254778750809,562.7926106245955,599.9738,609.1637,606.9582221249191,611.3691778750808,620.1910893754045,551.7919766619754,0,2,2,-7.3276945719566235,0,-1.2923281125513413,4,9.949597310206391,19.284697506158615,0,5.202656892300007,599.9738,551.7919766619754,1,1,0,0,10,8,1,0,22,0,,6,,-0.9499916512413762,-1.289895173933163,0,0.12064776646491282,3.6229103445164217,,,,,,1.3769721861956614,35.937058120107054,35.714285714285715,4.2668840388307245,2,34.46641611225621,35.638500627762724,13.797444238102958,31.22570833697179,,,,765323
2026-03-23,592.6,594.77,577.91,578.51,580.1238146865844,566.2344848484848,602.6084510982549,632.3528364262427,622.4628055976484,633.8445832420242,0,0,0,0,669.0630598291559,578.187234168307,32.36702781871459,81.20634161333072,4,42,574.9845957782152,572.7803127513544,577.188878805076,563.963180643911,599.9738,609.0790000000002,606.8747169731394,611.283283026861,620.1004151343044,547.9809087457943,0,0,2,-7.061113564118548,0,-1.1536994818020339,4,9.841725329371537,13.87756794980588,0,5.5435795231083995,599.9738,547.9809087457943,1,1,0,0,10,8,1,0,22,0,,7,,-0.9636280869372452,-1.1518706633390354,0,-1.5572984486991035,3.1968121098267686,,,,,,0.755141599942921,36.67720063975295,36.904761904761905,7.58068811007699,2,34.092736609218086,34.71915315392906,18.25065264611117,29.01101771973421,,,,415944
2026-03-24,573.4,576.51,565.33,570.21,576.8192097910563,565.7802926406927,599.5228843269925,629.9158624487429,621.9428771837414,630.172103992874,0,0,0,0,668.2327752055195,577.581622452483,19.17131376300385,66.55796670645356,4,43,567.62,,,556.7974359467174,599.9738,573.82,571.6554871893435,575.9845128106566,584.6425640532826,544.290775212269,0,4,3.5,-8.31794672494623,0,-1.3446821205406936,4,8.685030534590949,9.050214251223622,0,2.728486950259687,599.9738,544.290775212269,1,1,0,0,10,8,1,0,22,0,,8,,-0.8974183557080446,-1.3402641168536902,0,-3.234493151953625,3.1032740306304056,,,,,,0.6829885161047418,37.75395565997171,39.682539682539684,25.487506212230493,3,30.085828302397218,34.439371793113516,17.258415168716883,32.62299344826973,,,,361537
2026-03-25,581.1,581.63,562.35,575.72,576.4528065273709,566.0864545454544,597.2559429625171,627.7905345095766,621.482948057535,626.550098608467,0,0,0,0,667.3389754001483,577.4307702793374,17.624080417951163,88.21871829946141,4,44,567.62,565.4379523901047,569.8020476098953,556.7097619505233,599.9738,609.1637000000001,606.9816523901047,611.3457476098954,620.0739380494767,543.3974432417954,0,4.5,2,-7.363508234709994,0,-1.0586999753874604,4,8.62397070686018,13.036957270579165,0,6.027939670973473,599.9738,543.3974432417954,1,1,0,0,10,8,1,0,22,0,,9,,-0.8009068128035195,-1.0585471772769681,0,-1.7633618227216572,3.272258807537395,,,,,,0.7996828873929361,39.27466654355393,43.25396825396825,31.46635159147743,3,29.87431085453503,33.7721378591779,17.99190772280685,30.049348732512485,,,,419924
2026-03-26,575.26,586.21,570.9801,573.29,575.3985376849139,566.8433982683982,594.9734722041821,625.6532586464559,621.0034162360671,622.9817424320694,0,0,0,0,666.4124016073365,577.111823726261,15.658096839883333,90.78352388743752,4,45,567.62,,,556.809158418343,594.77,573.29,571.5345758697151,575.858912502378,603.507346530651,544.1337944723339,2,0,3.5,-7.683277577643702,0,-1.0630848136570328,4,8.541347287068781,6.001438712600823,0,0.9648830514648726,594.77,544.1337944723339,1,1,0,1,10,19,1,0,22,0,,10,,-0.1634772077277631,-1.0624570386896404,0,-2.014801318171093,5.828927123081591,,,,,,0.8221626044451745,40.88087098808335,47.61904761904762,38.16662100491772,3,29.58809493258744,32.792313231398914,18.751665230973966,28.159510660485754,,,,432472
2026-03-27,576.535,576.87,557.35,558.32,569.7056917899426,566.0555662337662,591.4826653275934,623.012738699536,620.3797006516286,619.3888227840785,0,0,0,0,665.3262363557174,575.7301657369951,10.686770599897258,58.291355525660556,4,46,514.8,,,503.8899328170329,594.77,576.3367441860464,574.154730749453,578.5187576226398,587.2468113690135,543.6605621414657,0,0,3,-10.003502788121992,0,-1.486991665623803,4,8.755621871209014,7.90057038562194,0,2.9950486552085804,517.2027068467985,543.6605621414657,1,1,0,0,10,8,1,0,22,0,,11,,-0.5949929084503691,-1.479720305032296,0,-3.29752713297931,3.562043800664828,,,,,,0.8765165013344769,43.29121141947435,50.79365079365079,42.73225211316268,3,30.330363865590588,32.53589276323544,17.253898391403467,31.487598192703498,,,,445573
2026-03-30,560.95,567.71,555.73,557.09,565.5004611932951,564.007290909091,588.2071733916321,620.4275332603386,619.7499523864383,615.7848429405999,0,0,0,0,664.2131720093483,574.4131397606145,16.054346946669177,64.02179764562048,4,47,514.8,,,504.13440190153057,594.77,576.3367441860464,574.2036245663526,578.4698638057403,587.0023422845159,541.4911917022088,0,0,3.5,-10.110521532943553,0,-1.41032047975976,4,8.432527620852197,11.98315598492487,0,3.267097837564133,517.2027068467985,541.4911917022088,1,1,0,0,10,8,1,0,20,0,,12,,-0.9150713365440145,-1.4028270676069334,0,-1.2929038501628924,4.062789123093101,,,,,,0.9118709832559074,44.20013203051265,51.19047619047619,51.31262696922255,3,29.211132551087815,32.3707843838433,16.3887097258526,30.586748629288884,,,,460739
2026-03-31,560.04,566.57,548.51,561.89,564.2969741288634,561.7621658008659,585.7007759257624,618.1319437207175,619.1742314671702,612.2043645816016,0,1,0,0,662.3670093970048,561.89,22.71816694411045,82.24395812219632,4,48,514.8,,,504.0899803371354,594.77,576.3367441860464,574.1947402534735,578.4787481186194,587.0467638489109,541.3889978689328,0,1,3,-9.251714389249022,0,-1.13719273788569,4,8.558483474043861,15.262361592144977,0,3.2630889034022945,517.2027068467985,541.3889978689328,1,1,0,0,10,8,1,0,20,0,,13,,-0.8103467702625655,-1.1344992287355193,0,-1.1923919986252942,3.2329071262373628,,,,,,1.5790031953710755,43.654813688751474,50.3968253968254,47.2464047577038,3,29.647456425565117,32.540394144268525,15.154968086489944,31.293710615645647,,,,823210
2026-04-01,561.67,568.75,557.5,564.66,564.4179827525757,560.1332619047619,583.6968925042612,616.0350047512776,618.6318013033177,608.6682716816662,0,0,0,0,661.3274929099176,562.9244240261277,35.618667603864694,93.79227330021465,4,49,562.9244240261277,,,552.4771736248964,594.77,576.3777777777777,574.2883276975315,578.467227858024,586.825028179009,547.0565502818714,0,4.5,2,-8.724381965106117,0,-0.9606081164840866,4,8.182233048422292,22.797585833311178,0,2.806597561062639,594.77,547.0565502818714,1,1,0,0,10,8,1,0,20,0,,14,,-0.5101571687390244,-0.9568691002445232,0,0.5387693147814532,3.3525446012087694,,,,,,0.9475175179302361,40.148757038076745,44.44444444444444,41.64773568770489,3,28.34408671847317,32.49929754356991,15.357971812703225,29.789323649042966,,,,490643
2026-04-02,552.05,575.425,548.56,569.55,566.1286551683837,559.8133164502166,582.3495694086173,614.2120633884824,618.1434251709464,605.2156914062197,0,0,0,0,659.8890923551595,565.2997799854209,40.80333103226642,93.77017761133564,4,50,565.2997799854209,,,554.3994313985631,594.77,573.29,571.1099302826284,575.4700697173715,584.1903485868577,548.870135727384,0,3,0,-7.861189360302273,0,-0.728623237633487,4,7.142778608369135,20.601131291666277,0,2.2402828751787283,594.77,548.870135727384,1,1,0,0,10,8,1,0,1045,0,,0,,-0.45664038935390555,-0.7297370514423143,0,0.2255653677114493,3.4302971947653536,,,,,,1.401355487433949,35.12203449474388,30.555555555555557,41.945573157401725,3,24.74331091382292,32.866990366150205,13.668183484160497,30.17311633982972,,,,734284
2026-04-06,566.17,580.9,565.87,577.44,569.8991034455892,561.2642432900433,581.8819913697014,612.7700216869733,617.7384159652654,601.9011743941275,0,0,0,0,658.86616706858,568.009750256949,36.64693657418399,94.75620456568379,4,51,557.835,555.6764531195836,559.9935468804165,547.0422655979179,594.77,594.77,592.6114531195835,596.9285468804164,605.5627344020821,550.5110196932562,0,1.5,0,-6.523540534919764,0,-0.41898501906204394,4,7.219540273837493,34.12639166991591,0,4.100812514964257,594.77,550.5110196932562,1,1,0,0,10,8,1,0,1045,0,,1,,-0.2061361626867493,-0.42880678388623056,0,-0.5350915595870134,3.970552399705013,,,,,,1.1202668055104963,32.66273369416434,26.19047619047619,30.602762610333755,3,25.009221123152525,32.695144387207755,15.083103621507878,28.297259721466997,,,,588573
2026-04-07,577.44,579.93,569.72,574.8,571.5327356303927,563.4508515151515,581.2075160011584,611.2810012286607,617.311168045213,598.7056919019402,0,0,0,0,657.778984241809,569.3050689923244,33.112159772375335,95.2439097104465,4,52,558.32,556.2244743253276,560.4155256746725,547.842371626638,594.77,574.8,594.0801382287583,598.2711895781032,606.6532922767927,553.3799803750132,2,0,2,-6.88650558191415,0,-0.4906627513669757,6,7.194204368944997,33.799699995880204,0,0.672458577871795,594.77,553.3799803750132,1,0,0,0,10,8,1,0,1045,0,,2,,-0.3084379608593429,-0.5133344828447031,0,-0.7166726610120651,3.9670840375861927,,,,,,1.1670563733042223,32.20310107113911,25.396825396825395,29.2183827333321,3,24.921454974093454,32.53557312104691,14.426950124368284,27.0662567136224,,,,621551
2026-04-08,601.17,605.82,588.43,591.84,578.3018237535952,567.7821025974026,582.2201335248576,610.5186090236151,617.0577235870517,595.7321249007218,0,0,0,0,657.1651886203405,572.0481524052891,35.06862689661337,93.04665837558088,4,53,556.8854592472211,554.6626496921682,559.108268802274,545.7714114719564,594.77,591.84,593.2334304271478,597.6790495372536,623.6024764404235,554.3147148954231,2,0,6.5,-4.08676897202698,0,0.10010532734499052,6,7.660380024498217,36.69154768783752,0,1.1814344884273331,594.77,554.3147148954231,1,1,0,0,10,8,1,0,1045,0,,3,,0.3144450522553157,0.07520042491685891,1,-0.2681872396156142,2.8805127820602587,,,,,,0.8488423445984055,31.77148179637534,25,19.728221765944,2,26.53633481543326,30.313260273984977,23.028821323309067,23.693774154058534,,,,451584
2026-04-09,584.16,588.58,580.39,584.75,580.4512158357301,572.4389943722942,582.4610731891569,609.5080753364145,616.7362537006134,592.9264623076625,0,0,0,0,656.502384374774,573.4171124467499,58.27708859750677,81.44413933635423,4,54,573.4171124467499,571.250842859915,575.5833820335848,562.5857645125756,592.6897940063343,593.8550899493434,591.6888203625085,596.0213595361784,604.6864378835178,556.3782059936655,0,0,2,-5.186374809115839,0,-0.1785530304873221,6,7.734733633731836,50.99000940764355,0,3.4600387858867885,592.6897940063343,556.3782059936655,1,1,0,0,8,8,1,0,1045,0,,4,,-0.0082058686122809,-0.20694442533706253,2,2.4158322872167686,0.9396897241011712,,,,,,0.8392833732250078,36.5153027177319,33.333333333333336,36.28213233925895,3,26.793903273270764,28.737503301664134,21.94202872571922,25.889394751482985,,,,448132
2026-04-10,579.67,582.235,559.39,563,574.6341438904867,574.604048051948,580.6076376473325,607.6842292447905,616.2015646090649,590.1513768357896,0,0,0,0,655.5598136395981,572.3017307736496,52.73304123233754,84.18961021730559,4,55,551.4688019001712,549.2308372838246,553.7067665165179,540.278978818438,592.9212565416801,572.6645430007446,570.426578384398,574.9025076170913,583.8543660824779,555.3257434583197,0,0,3.5,-8.633792522551845,0,-0.9364476874870274,6,6.991635821161217,25.869843354601798,0,1.549515074168553,592.9212565416801,555.3257434583197,1,1,0,0,8,8,1,0,1045,0,,5,,-0.49803367724912384,-0.9728635064928701,0,0.28992142152696454,2.3469746055704626,,,,,,0.9609631603612622,41.580413472599936,46.82539682539682,71.67987238953735,3,24.219736940539548,28.343115178189464,19.722019444821953,31.64815484855281,,,,498588
2026-04-13,559.33,576.105,558.31,574,574.4227625936578,576.1210437229436,579.978338823777,606.3632790783281,615.781648543303,587.4774453077846,0,0,0,0,654.8099108061424,572.4541029982747,50.9282402194497,91.60510627272348,4,56,570.3244274662065,,,559.1394578188826,592.9298390404122,575.425,573.1880060705352,577.6619939294648,586.6099696473239,555.3351609595877,0,1.5,0,-6.785140259074297,0,-0.5150933576708571,6,7.259895030046063,10.017006379591322,0,1.7961460490166745,592.9298390404122,555.3351609595877,1,1,0,1,8,19,1,0,1045,0,,6,,0.16143649765412021,-0.5305955440306248,0,0.3932453007058898,5.974860599513516,,,,,,0.8843956938369272,48.02037083881992,55.55555555555556,90.9433532829085,3,25.14901409931312,28.025995560969157,18.321250364726513,29.8313875312353,,,,458977
2026-04-14,573.15,585.74,571.07,584.05,577.6318417291052,577.9549995670995,580.3661160786554,605.4882485262368,615.4659107468523,584.966011667903,0,0,0,0,654.1706177918461,573.401462245353,58.213538123380715,92.61086236437572,4,57,570.5770565987607,568.3688658071148,572.7852473904065,559.5361026405315,592.5369268579387,592.5369268579387,590.3287360662929,594.7451176495846,603.577880816168,555.4960731420612,0,3,0,-5.104411178310413,0,-0.14766066131461714,6,7.137672046752312,25.30968053380193,0,3.354859902143658,592.5369268579387,555.4960731420612,1,1,0,0,8,8,1,0,1045,0,,7,,0.45062085478820857,-0.1599991319514735,1,1.29471908013458,3.400679914427292,,,,,,0.8816643892612885,53.05431292985976,58.333333333333336,114.57221381908724,3,24.72562126547828,27.030627085560283,21.1303019930105,28.06189411697705,,,,455110
2026-04-15,583.04,585.38,577.37,580.76,578.6745611527368,579.7109835497835,580.4036288330692,604.5185132899138,615.12057830161,582.5881954866791,0,0,0,0,653.6572930976081,573.8419769665056,59.70648108392482,94.79962455395568,4,58,570.6945271910681,569.55,573.8419769665056,561.062077059601,591.5409652028068,580.76,599.9969632561716,605.4104,613.8983229403989,555.8700347971931,2,0,2,-5.585990700633341,0,-0.2825330645224535,6,7.156727459621977,18.198702327208544,0,0.751093084812195,591.5409652028068,555.8700347971931,1,1,0,0,8,8,1,0,1045,0,,8,,0.2325256800832152,-0.2882053200201119,2,1.0476035836028466,4.4494871283428274,,,,,,0.6920111523514487,57.04363933715004,60.317460317460316,130.09232021669797,3,24.791631151977207,26.106356358394894,20.418140051893474,27.11611430784903,,,,354719
2026-04-16,580.76,584.84,569.31,569.95,575.7663741018246,580.2121229437229,579.4080451346816,603.1628853177604,614.6711198110467,580.2649431881623,0,0,0,0,653.1038118791436,573.6321515880904,62.20629672743908,96.80540086126396,4,59,569.55,,,559.0046430156084,591.1817616748904,569.95,572.8414841586773,577.059626952434,601.7125711750265,558.31,2,0,5.5,-7.275617540774346,0,-0.6654549828870682,6,7.203452743818315,13.611258629661627,0,0.3664690725400763,591.1817616748904,558.31,1,0,0,0,8,8,1,0,1109,0,,0,,-0.12238228431450443,-0.664734163992979,0,1.2481945007814268,5.713662836472293,,,,,,0.6721397349314536,60.16136979274792,63.492063492063494,141.09398839651567,3,24.95349228442951,25.685945803796205,19.07575122230153,28.745499068334436,,,,337654
2026-04-17,583.11,594.52,577.37,589.25,580.260916067883,581.4474580086579,580.3453741694739,602.6172819719658,614.4181733452651,578.1061498362991,0,0,0,0,652.4925876529365,574.7729749772296,80.45088888874942,89.93984275407813,5,0,559.4803117621082,558.31,563,549.5988062401663,592.7726958194694,592.7726958194694,590.5948973795109,594.9504942594278,603.6616880192615,558.31,0,2,4.5,-4.096261217052604,0,0.04452755174462074,6,7.952788636786883,64.59649279854789,0,3.1649114249643135,592.7726958194694,558.31,1,1,0,0,8,8,1,0,1365,0,,0,,0.2419487432560653,0.041099255736258285,1,5.518273078145176,2.371201492406343,,,,,,0.9813823277170847,62.541067936900916,66.26984126984127,127.0153530910697,3,27.54926796154262,24.57005217904629,21.122825063786056,25.849894157240723,,,,493541
2026-04-20,582.67,590.245,579.97,583.06,581.1939440452553,582.3247909090908,580.6039099628573,601.8503297377711,614.1061517199391,576.0581373771499,0,0,0,0,651.6437296506303,575.4881305816031,89.36126566422416,91.43647302608844,5,1,575.4881305816031,573.3741481016417,577.6021130615644,564.9182181817961,593.4382639007606,603.3323469819306,601.2183645019693,605.446329461892,613.9022593817376,558.31,0,0,2,-5.055502478356164,0,-0.20570912670190555,6,8.018148518539284,51.05606097907435,0,4.2594815622836055,593.4382639007606,558.31,1,1,0,0,8,8,1,0,1365,0,,1,,-0.1176662214191399,-0.20680279942223256,2,5.137418580438418,3.685277960410367,,,,,,1.2851818353733284,64.24735338374946,67.46031746031746,131.3079302850471,3,27.775681233486328,23.53386524177851,20.206152091649887,24.72807928470511,,,,638151
2026-04-21,584.47,592.51,567.31,569.01,577.1326293635035,581.5521290043289,579.4997280616328,600.5624736696232,613.6574337923776,574.0245071048312,0,0,0,0,650.7383858711369,575.0183189354586,67.55976785865218,95.11383217453007,4,0,561.1591356184798,,,549.558065074429,592.9740232654354,569.01,571.1020162686073,575.4779837313927,604.0177397022836,558.31,2,0,5,-7.275628279520428,0,-0.7064519041366517,6,8.39031237567821,9.916137339016295,0,0.3056466967303822,592.9740232654354,558.31,1,0,0,0,8,8,1,0,1365,0,,2,,-0.3995673848909734,-0.6994960181985367,0,0.21322933886358797,5.691164178615702,,,,,,1.145761678107229,65.31243463335392,68.65079365079364,124.71244232994772,3,29.064894652097173,23.301422547842513,18.128264511687263,27.351386536564473,,,,578219
2026-04-22,570.86,584.52,570.86,578.35,577.538419575669,580.6927645021644,579.3902301510011,599.6913962708144,613.3061160431997,572.0611879287283,0,0,0,0,650.2415917128625,575.1640509988744,79.05490407687023,86.514181699212,5,0,575.1640509988744,572.9938696768668,577.3342323208819,564.3131443888367,593.4184003003191,597.7586263729642,595.5884450509566,599.9288076949717,608.6095329830018,554.6595996996808,0,1.5,2,-5.699619672590625,0,-0.33831862838543014,6,8.427713069009567,45.84971823375132,0,3.971928634370001,593.4184003003191,554.6595996996808,1,1,0,0,8,8,1,0,1361,0,,3,,-0.5793463016995636,-0.33241556221064966,0,2.763189535822669,1.9309234687392465,,,,,,0.7224378173364355,65.46375922184205,69.04761904761905,124.23354176518689,3,29.1944544542736,23.085582903473373,16.97147595655526,25.606058356247424,,,,364699
2026-04-23,577.85,577.85,554.49,560.93,572.0022797171126,577.9537212121211,577.6321129937629,598.1713415150962,612.7849606596853,570.0598633223404,0,0,0,0,649.1957683932466,574.1646012099995,87.22521749082205,92.70891352714793,4,0,556.2004346852787,,,545.0594142616723,593.44466,560.93,560.7717959152787,565.2282040847213,595.6756326777703,518.8813101363032,2,5.5,3.5,-8.4621790658605,0,-0.9441305907235367,6,8.92334624281292,29.519514090174948,0,1.2101863348886073,593.44466,553.1208543814097,1,1,0,1,8,19,1,0,1361,0,,4,,-0.8368429297014274,-0.929627442618737,0,4.48133914293523,5.822873839515457,,,,,,1.221884988055571,64.45815964467315,66.66666666666667,108.52567416788142,3,30.911378132161648,23.713988733869993,15.348855063038755,29.717471022359877,,,,629641
2026-04-24,556.92,567.94,552,565.93,569.978186478075,574.965574025974,576.517626041976,596.9069751811709,612.3187421456586,568.0588444140578,0,0,0,0,648.2795918977017,573.6496153257098,90.60379097918111,94.20674868220628,4,1,555.3533909253136,553.1420228466438,557.5647590039835,544.2965505319648,593.3642661123143,573.29,571.0786319213302,575.5013680786698,584.3468403933488,552.4987338876855,0,4,0,-7.57591413633778,0,-0.7017059832354053,6,8.974023488583857,40.353853106692185,0,1.8803985019826612,593.3642661123143,552.4987338876855,1,1,0,0,8,8,1,0,1361,0,,5,,-0.15112090776051776,-0.6880705843145392,0,4.104550318864925,3.958290333141224,,,,,,1.142532516116846,62.58474762184781,64.68253968253968,101.32174231884387,3,31.08692926108748,24.410814029316903,14.361018166694684,28.81024139239939,,,,598219
2026-04-27,563.47,579.615,562.4869,574.95,571.63545765205,572.9684705627706,576.3683283236926,596.0459173309289,611.9469138656023,566.1288484084213,0,0,0,0,647.3926365278136,573.7342215041326,95.19887306939172,82.71976155727427,5,0,573.7342215041326,571.5278788239393,575.9405641843259,562.7025081031659,593.0722735233823,593.68161818279,591.4752755025967,595.8879608629833,604.7133315837567,554.4537264766174,0,5.5,2,-6.0457717862970695,0,-0.3411811997369637,6,8.685784347656146,84.28296204530488,0,1.7529509076581873,593.0722735233823,554.4537264766174,1,1,1,0,19,8,1,0,1345,0,,6,,-0.19825351205760036,-0.3288570671087769,0,7.9936920986483475,1.4589550527499828,,,,,,1.24517461726627,58.51139683603319,59.12698412698413,94.4647101620749,3,30.08843958745388,24.05477655941118,18.09021418048255,26.813301016076863,,,,665664
2026-04-28,575.16,579.15,563.895,568.3,570.5236384347,570.9720233766234,575.5999161023885,594.9578421414807,611.5126162151982,564.2371925224846,0,0,0,0,646.6252611017417,573.4621730083855,96.51266255244647,85.48742278126107,5,1,557.4193169536527,555.2343648220445,559.6042690852609,546.4945562956121,592.2668132670855,573.29,571.1050478683918,575.4749521316081,584.2147606580405,556.3801867329142,0,2.5,3.5,-7.066512622855075,0,-0.5646494049879821,6,8.77819768010077,53.79545367274267,0,3.189772060386992,592.2668132670855,556.3801867329142,1,1,0,0,8,8,1,0,1345,0,,7,,-0.6201232079122891,-0.5525675777625555,0,4.825778896153687,2.939081116826366,,,,,,1.0012418358000603,53.48682633471603,57.93650793650794,75.89392895793485,3,30.408568761635564,23.72417033735587,16.962507972369913,25.14181577471107,,,,539186
2026-04-29,561.98,563.69,544.01,553.66,564.9024256231334,567.8018645021646,573.5104002831134,593.3383189202461,610.936968292659,562.2955033041083,0,0,0,0,645.6035992840619,572.3883742469069,89.3005395973473,88.27432437169196,4,0,544.01,541.7642408777924,546.2557591222076,532.7812043889624,593.2966027558158,573.29,571.0442408777924,575.5357591222075,584.5187956110376,554.5273972441838,0,9.5,3.5,-9.375266396585364,0,-1.0509235071393492,6,9.139472657682274,25.803758506844904,0,4.389304468893195,593.2966027558158,554.5273972441838,1,1,0,0,8,8,1,0,1349,0,,0,,-0.9074402502844521,-1.0354901295967671,0,2.4697990661157334,4.265334491732675,,,,,,1.1690336941369701,46.516161383615376,54.76190476190476,46.9237848965183,3,31.660061994984506,24.40751013260987,15.324423157248871,30.619621861715363,,,,617522
2026-04-30,554.33,562.705,548.07,560.8,563.5349504154223,564.6656792207792,572.299885970436,592.0623064135698,610.4380929862643,560.3616941952434,0,0,0,0,644.5350297999574,571.7019042949171,94.55561174149378,92.5486436171806,5,0,548.07,545.8539826008074,550.2860173991927,536.9899130040366,593.44466,561.67,,,572.7500869959634,519.3494563041012,0,6,0,-8.131552332102137,0,-0.7176931314717273,6,9.224402376167223,70.95548413543452,0,4.095153766981261,593.44466,553.8978285916091,1,1,0,0,8,8,1,0,1349,0,,0,,-0.4433629116956799,-0.7057975996659022,0,8.106816438530696,3.936483301115756,,,,,,1.329004574517259,36.78927181303147,35.317460317460316,15.131014012473415,2,31.954267169961415,25.042039942488586,14.420803491772,28.8141057793287,,,,717070
2026-05-01,564.7,572.28,555.5732,567.46,564.8433002769482,562.394364935065,571.8389444494421,591.0975100836258,610.0104502699832,558.4928307346732,0,0,0,0,643.7168029949555,571.4982029983281,97.15321582992311,68.19934490982631,5,1,565.1374418604651,562.9305435612147,567.3443401597154,554.1029503642131,593.44466,573.29,,,584.3244914962519,553.6847719787485,0,5.5,3.5,-6.975364151737205,0,-0.4335090323038582,6,9.262288737656753,88.82041370757359,0,2.5653396125367487,593.44466,553.6847719787485,1,1,0,0,8,8,1,0,1349,0,,1,,-0.7538671554811015,-0.41913027901597577,0,7.739672933220808,-0.07966678117094073,,,,,,1.1448245760735307,20.689656613040714,13.492063492063492,-35.517132140268586,0,32.08550937598899,24.79656168875465,17.319888959319133,26.8665133524144,,,,610616
2026-05-04,564.51,570.6301,554.03,563.12,564.2688668512988,560.8428406926407,571.0085687875905,590.0003528254445,609.5438786255057,556.6720425282938,0,0,0,0,642.7314828168647,571.0540142378613,98.33247331836995,56.101271198907334,5,2,552.2551665320788,550.0576886470606,554.452644417097,541.2677771069878,593.2514715521071,573.29,571.0925221149818,575.4874778850182,584.277389425091,552.5455284478925,0,4,2,-7.6161668180787085,0,-0.5679603572091166,6,9.170467778779967,85.36234252659776,0,3.73121434345527,593.2514715521071,552.5455284478925,1,1,0,0,8,8,1,0,1349,0,,2,,-0.7065312704330702,-0.5527921820036,0,6.83955191281876,-0.07137638619431885,,,,,,1.3194383177854172,15.518789145394846,9.920634920634921,-51.1487455889477,0,31.767432244040418,24.65254767253353,16.151699530681697,25.68144207182629,,,,711885
2026-05-05,569.21,584.72,550,562.965,563.8342445675326,560.1293432900433,570.2425146173439,588.9401429107212,609.0804071963962,554.904005750239,0,0,0,0,641.7378530377326,570.6344766490121,98.8319405799459,55.0620573662613,5,3,551.7781220489346,549.4276068699892,554.1286372278801,540.0255461542073,593.0878597574496,567.5655555555555,565.93,572.2665859134465,581.6686466292284,551.5256402425499,0,4,5,-7.571316800135781,0,-0.5382833336944197,6,9.164148664739333,80.86109327146812,0,3.514951792572395,593.0878597574496,551.5256402425499,1,0,0,0,8,8,1,0,1349,0,,3,,-0.33758038313384,-0.5225742966810997,0,6.418057129119163,0.4650164145692386,,,,,,1.3472707582975594,12.537838634935378,7.5396825396825395,-60.505199251141065,0,31.745542190886017,23.392338152280807,19.37364894435416,22.294419893208467,,,,734511
2026-05-06,561.85,580.65,550.45,579.23,568.9661630450217,561.5457194805194,571.0984656061682,588.5593529926537,608.7833882193177,553.3026730654536,0,0,0,0,641.0405140440126,571.0201231201337,99.13666823890219,53.95291787333234,5,4,551.7679516483943,549.3156875536592,554.2202157431293,539.5066311747189,590.7430040171681,589.4268058623273,586.9745417675923,591.8790699570624,601.6881263360027,552.6094959828314,0,5.5,0,-4.8544997763097415,0,0.08258279170598254,6,9.139031468467666,82.29034217522342,0,3.1786994273946214,590.7430040171681,552.6094959828314,1,1,0,0,8,8,1,0,1349,0,,4,,-0.14222348132249615,0.1067624208983319,1,6.6591770221057445,0.4018320387079717,,,,,,1.1967538997637923,8.100393484633251,0,-74.41323856345662,0,31.658533670713602,22.22214359776042,17.243386520395006,19.842999146457004,,,,665236
2026-05-07,581.12,585.12,566.02,572.2,570.0441086966812,563.6140443722944,571.2033736436761,587.9178097380398,608.4193744061902,551.827764455586,0,0,0,0,640.1753819491574,571.0775739333112,99.31870836857087,65.89152504737949,5,5,567.244274195739,562.3489980198024,571.0775739333112,552.5584456679292,589.1550019244302,573.29,,,585.5281904398414,552.9424980755695,0,4,3.5,-5.9530277847479445,0,-0.19596974115842836,6,9.141051637399277,74.7707082162974,0,1.4919640173654467,589.1550019244302,552.9424980755695,1,1,0,0,8,8,1,0,3397,0,,0,,0.15382546379270923,-0.17546340837288868,2,6.809747287185841,1.9243928002507789,,,,,,1.328164800365414,7.2698814560169485,0,-77.04165679124081,0,31.665531741172448,20.790602961950487,17.672558707563898,18.460466308107208,,,,758922
2026-05-08,572.2,572.2,555.185,560.11,566.7327391311208,564.5702186147187,570.1468618680879,586.8273073953716,607.9386841135913,550.4022140899028,0,0,0,0,639.5483950317199,570.7521288602451,98.73684979782831,59.90420169843313,5,6,544.01,541.5852735611722,546.4347264388277,531.8863678058615,588.80714,567.844475308642,562.9950224309866,572.6939281862974,582.3928339416082,552.4996958692798,0,3.5,3.5,-7.867353297862299,0,-0.6359418770917092,6,8.572892551464701,72.86306452861307,0,3.695026315765203,588.80714,552.4996958692798,1,0,0,0,8,8,1,0,3397,0,,1,,-0.31577936515534377,-0.6216700289569147,0,5.048751653378085,0.45932908342848394,,,,,,0.8357505906009883,5.980633663690476,0,-79.8614036340261,0,29.697370933931293,20.19765311834528,16.565296146215715,21.293610527739048,,,,476636
2026-05-11,559.9,559.9,524.62,532,555.1551594207472,561.5304363636363,566.5138274044605,584.6772169092786,607.1830753164411,548.8646989599996,0,0,0,0,638.2195618224309,568.9982461909456,64.29294544683933,40.38911781598996,4,0,514.8,512.2315933068028,517.3684066931971,501.9579665340142,572.92008,544.01,541.4415933068028,546.5784066931972,556.8520334659858,520.228982428621,0,0,5,-12.382274535115869,0.04117067237912567,-1.6375219219783526,6,9.715104983536909,3.2499838888517374,0,4.5257692369312545,520.228982428621,543.866747864643,1,1,0,0,8,8,1,0,3413,0,,0,,-1.3293653790330053,-1.6365774634476902,0,-0.6993290140850785,8.316886965209962,,,,,,1.30065583154057,13.455793938304467,10.714285714285714,-60.01738393149137,0,33.65411086470305,21.162949415320004,14.52156676712817,29.291863214847417,,,,761446
2026-05-12,534.24,543.3799,532.975,533.92,548.0767729471647,556.0966792207794,563.4096533659405,582.6867378147971,606.4540894923969,547.2429697827945,0,0,0,0,637.0909217862405,567.646761249525,51.70337347067425,57.953628399241026,4,1,496.61,494.1234446777455,499.0965553222545,484.17722338872755,520.228982428621,561.67,559.1834446777455,564.1565553222545,574.1027766112725,538.1260541910661,0,0,3.5,-11.960359530778012,0.012478011977698988,-1.4277062496941282,6,9.495232028672733,10.614415119512117,0,1.893699737803304,520.228982428621,538.1260541910661,1,1,0,0,8,8,1,0,3413,0,,1,,-1.099824095821592,-1.4272159492370702,0,-0.1500415191984592,5.0087888642873795,,,,,,1.1304299928846353,17.60639472235628,13.492063492063492,-46.47283656831236,0,32.89244860663295,22.059295976796538,13.928182847563999,28.09493172084988,,,,674172
2026-05-13,531.805,533.39,523.375,528.68,541.6111819647765,549.2272774891775,560.102067331089,580.5688265279423,605.680217955159,545.5227963288677,0,0,1,0,636.0553382092418,528.68,42.522746316811684,55.11139809827791,4,2,514.8,512.3969039864779,517.203096013522,502.7845199323898,572.92008,577.6709845369514,,,589.6864646045616,531.9493194845403,0,10.5,2,-12.713015164193415,0,-1.5070632286803083,4,9.509960991719081,11.29947153598792,0,3.805229986245988,520.228982428621,531.9493194845403,1,1,0,0,10,8,1,0,3413,0,,2,,-0.8495920097822655,-1.5084535930644267,0,-0.4836691256963537,4.510348013802659,,,,,,0.9871431872413156,20.988874550947198,16.666666666666668,-36.288211999352605,0,32.94347123131111,23.27594009508766,13.382485430784026,30.56101736497029,,,,600867
2026-05-14,528.68,544.81,528.02,532.86,538.694121309851,542.5930497835498,557.5075847281281,578.6978921542975,604.9556386720232,543.7549928072857,0,0,0,0,634.7816357096916,531.0491013584493,59.605837464054645,77.40261954627704,4,3,528.872001316647,526.4906443040909,531.2533583292031,516.9652162538662,567.68891,568.6604671234087,563.8977530982963,573.29,582.8154280502247,527.5424850978845,0,4,3.5,-11.917508336691412,0,-1.2229796209171886,4,9.46789568915221,24.349546165457816,0,2.904846028054224,567.68891,527.5424850978845,1,1,0,0,8,8,1,0,3413,0,,3,,-0.9189956878009119,-1.2167493813870305,0,2.0277719155774356,4.170258368340192,,,,,,1.24554626995033,23.530930704882753,19.444444444444443,-28.2544420492924,0,32.797752748747946,23.46988924478474,16.821806195539935,28.637146261929317,,,,786082
2026-05-15,534.72,540.95,527.12,528.79,535.3927475399006,536.501029004329,554.7725766587826,576.7407199129525,604.1977716205603,541.9339063904454,0,0,0,0,633.6957187421018,530.3212496615695,60.52534340954375,72.92646202141275,4,4,524.0614703466806,521.7267281207356,526.3962125726256,512.3877592169556,558.5572,573.6684013733627,,,585.3421125030877,524.0614703466806,0,0,2,-12.480643782962646,0.026189225123863374,-1.2803954108491122,4,8.650883682880165,22.424965917329825,0,4.249456790169064,558.5572,524.0614703466806,1,1,0,0,8,8,1,0,3413,0,,4,,-1.209513800990907,-1.2731155462022172,0,1.0614004179700718,3.5710100047953968,,,,,,1.0310615299258954,25.46902981016516,21.428571428571427,-15.01127655896403,1,29.96754013823402,23.69190885773987,15.9321179667197,27.46673664377158,,,,659261
2026-05-18,532.16,551.08,531.7,545.79,538.8584983599337,532.9224870129871,553.91709316747,575.5269661908759,603.6165997636393,540.175726843982,0,0,0,0,632.8234193058031,534.0283215322582,79.57513579050993,78.61099186717314,5,0,523.5937866338628,521.2267938526281,525.9607794150975,511.7588227276895,567.68891,571.8017093821406,567.68891,573.29,582.7579711249386,523.6302510728399,0,2.5,3,-9.580021455056533,0,-0.5052768251125678,0,9.383092550279347,73.65834757093104,0,3.725835052453051,567.68891,523.6302510728399,1,1,0,0,8,8,1,0,2388,0,,5,,-0.5916500076481416,-0.48905186744159185,0,5.447090776247787,0.9435116876573921,,,,,,1.0081124470809704,26.88511343314568,24.206349206349206,-17.286718666341145,1,32.503986058409716,23.105153170648414,18.413691601513456,25.15732061475467,,,,644929
2026-05-19,547.99,561.28,543.72,546.49,541.4023322399559,531.4321199134199,553.2097509610443,574.3882616343709,603.0481758853941,538.4902842465732,0,0,0,0,631.8779075551737,536.6576994819412,89.40682357202468,70.66598636502565,5,1,522.7866724382062,520.4319648556311,525.1413800207813,511.01313452533094,567.68891,570.7658963068418,567.68891,573.29,582.7088303303001,523.375,0,0,3,-9.378716020881004,0,-0.4383111045684555,0,9.123984729680965,78.37710274037687,0,3.8138270666024443,567.68891,523.375,1,1,0,0,8,8,1,0,2388,0,,6,,-0.560804988330274,-0.4214452810595678,0,6.243341565922846,0.943687114541007,,,,,,1.1126436710526673,26.855141443834512,24.206349206349206,-15.032611292711556,1,31.606410238580036,21.844020260217256,21.055267614090145,23.48224702545335,,,,719671
2026-05-20,546.14,554.28,535.95,553.58,545.4615548266372,532.2027562770562,553.2450127742782,573.5722513741995,602.5559552298181,536.9284659135527,0,0,0,0,631.1472066835037,539.2571391005188,94.52970939040682,40.405659713835576,5,2,550,547.6498251018946,552.3501748981054,538.2491255094731,572.92008,570.786753790649,567.4879,573.29,582.6906995924215,523.375,0,9,0,-8.128034384978962,0,-0.12255618083517318,0,9.05862198468693,94.16009859410303,0,1.9504999409598995,572.92008,523.375,1,1,0,0,8,10,1,0,2388,0,,0,,-0.8028258586517426,-0.10612944842611223,1,7.295272964270231,-2.658239667125403,,,,,,0.9385863829890467,26.27227183645715,23.80952380952381,-16.276983173364062,1,31.379987048076362,21.122100926661776,19.589027744037587,24.79890591806397,,,,619024
2026-05-21,548.06,556.72,539.435,553.07,547.9977032177582,534.6592099567099,553.2283448910135,572.7682415163878,602.0635576653423,535.4855302440171,0,0,0,0,630.6434691052877,540.5909756941269,96.43892074073436,46.34975864773088,5,3,550,547.6633643803307,552.3366356196693,538.3168219016535,572.92008,563.1326297101449,,,575.8854424786771,523.375,0,5,0,-8.13760558026921,0,-0.13685203460182652,0,8.552661540366262,75.59227939349022,0,1.961801815145129,572.92008,523.375,1,1,0,0,8,10,1,0,2388,0,,0,,-0.6196202218849419,-0.12444069480182739,0,5.198809118076824,0.37242500911732057,,,,,,0.6630934493093373,25.537004571336052,21.825396825396826,-13.805799551573383,1,29.62728865570932,20.27619686253942,19.22756350368387,23.16098515075639,,,,430734
2026-05-22,551.46,562.295,549.7467,559.37,551.7884688118388,538.8016956709956,553.8132644252028,572.242820280451,601.6387461462841,534.1980055023788,0,0,0,0,630.1494228748979,542.3672819051462,96.82733717157475,54.26205383662763,5,4,559.37,523.375,528.79,520.758125,577.91041,562.8481801453885,560.5664086771242,565.1299516136528,574.2570374867101,523.375,1,1.5,0,-7.025602392969348,0,0.12302368533249403,0,8.584949203824303,67.53383410526584,0,0.48017378073455186,577.91041,523.375,0,1,0,0,8,8,1,0,2388,0,,1,,-0.08943420552478241,0.1305795899755504,1,4.487274038663014,0.9126067332105925,,,,,,0.7247657323749296,24.62756764869126,20.634920634920636,-17.188020139224243,1,29.739136402843343,19.089947796395805,20.464958789402303,22.02374612863261,,,,466004
2026-05-26,554.72,559.83,550.27,557.21,553.5956458745592,543.7903467532467,554.1367630513739,571.6532979165117,601.1966690702017,533.0573870814751,0,0,0,0,629.6910898075471,543.5463235985213,96.94021440421008,52.81461634134017,5,5,557.21,541.3421786637044,545.7504685333382,532.5255989244368,577.91041,569.3054854534433,565.9698999999999,573.29,582.1065797392675,523.4687979050798,1,1.5,3,-7.3165190915363025,0,0.01501115276132225,0,8.413606884531713,71.16411385234616,0,0.8386028867636858,577.91041,523.4687979050798,0,1,0,0,8,8,1,0,2388,0,,2,,0.709858568793576,0.025081208901163717,2,4.409335409225407,0.322934385728211,,,,,,0.6737756390439761,23.516450315149502,19.444444444444443,-19.313862020356858,1,29.145589197840437,17.988430806405294,19.672438123742136,21.170860270331584,,,,425115
2026-05-27,555.55,560.73,548.53,550.99,552.7270972497062,548.0731333333333,553.8370713321955,570.842972508021,600.697100223732,532.0289038749021,0,0,0,0,629.1082846366373,544.1878489523285,95.2104086185131,53.0144136553957,5,6,544.1878489523285,542.0322143699985,546.3434835346585,533.4096760406786,572.92008,568.6439134215867,564.3326442569268,572.9551825862467,581.5777209155666,523.447997223467,0,0,2,-8.274902643148838,0,-0.2451000564409799,0,8.408577149424561,62.658278763070335,0,2.6657793749639502,572.92008,523.447997223467,1,1,0,0,8,8,1,0,2388,0,,3,,0.4545967210892343,-0.23364537928895107,0,3.3006293943946634,0.42166130739222013,,,,,,0.802148241573398,22.17729898115698,17.857142857142858,-23.863043002786505,0,29.128165684332036,17.091137946807848,18.67835007240831,20.821756510928967,,,,504729
2026-05-28,550.99,570.26,547.9,568.03,557.8280648331374,553.2209658008658,555.1887788243673,570.7326598606477,600.3720544503616,531.2166334146625,0,0,0,0,628.4646912142296,546.816975944114,97.34408653480148,39.43995961124338,5,7,568.03,562.0055122487387,566.4081193302087,532.8091433482404,582.3273040236538,571.4056441078457,,,582.4121618115206,548.51,1,1.5,0,-5.387001978293385,0.01822869429656268,0.4547278736948236,0,8.570315600723776,89.49856356255181,0,0.40593288701112734,582.3273040236538,548.51,0,1,0,0,8,10,1,0,2388,0,,4,,1.1458295543725014,0.46588106898429404,1,6.749427594791381,-1.1539609150089367,,,,,,1.1437080222961926,21.503086440787573,17.46031746031746,-27.570854310499076,0,29.688444114707522,16.214420414421447,20.84975865273637,18.933368615460974,,,,725840
2026-05-29,567.41,573.495,562.89,563.53,559.7287098887583,557.9092593073592,555.9831808410943,570.4502026112106,600.0054668438903,530.5696958623423,0,0,0,0,627.1557122949727,549.777805259815,99.83516322817944,73.6613597414589,5,8,559.37,557.2312449264604,561.5087550735396,548.6762246323019,581.3775,568.279432712074,,,581.1119631533118,523.375,0,0,5.5,-6.079189084018885,0,0.22261096158469826,0,8.52777200885954,85.24834648299509,0,2.057972908845317,581.3775,523.375,1,1,0,0,8,8,2,0,2388,0,,5,,0.8641391404887052,0.2320853773478817,2,8.291760019512642,1.6212550643278494,,,,,,2.116282957651,20.7131649441023,16.666666666666668,-29.883495103864266,0,29.54106878941686,15.63352897850406,21.277194849625864,18.09514578061833,,,,1417151
2026-06-01,555.96,571.88,552.25,566.79,562.0824732591722,562.2425593073592,557.012401713371,570.3066652539081,599.6749646862396,530.0894238160353,0,0,0,0,626.6411616086161,550.9728553923007,97.168534814543,45.11403149443956,5,9,566.79,559.37,564.7,534.9599623108486,582.5372106051984,571.0004640320691,,,581.8067375877887,548.51,1,1.5,3.5,-5.4837981611331115,0.011347317798939605,0.3243964002803846,0,8.462885061820488,74.42078112931267,0,0.4947279911819138,582.5372106051984,548.51,0,1,0,0,8,10,1,0,2324,0,,6,,1.0907785423915168,0.3321747965966275,3,3.9022585371588487,-0.6536047684903786,,,,,,0.9029744140466405,19.791447976454428,15.476190476190476,-32.48993851748937,0,29.316293811377527,14.775909099553223,19.5517118105022,21.02330715915098,,,,604388
2026-06-02,560.16,560.16,548.93,550.82,558.3283155061148,564.1121199134199,556.4226491692405,569.5424823027745,599.1888456346352,529.6568639372247,0,0,0,0,625.9322271389775,550.9618239339884,95.61211935222795,68.44869036999293,5,10,547.9,545.733656339652,550.0663436603479,537.0682816982603,572.92008,570.3279701393385,568.1616264789906,572.4943137996864,581.1596884410782,547.9,0,0,2,-8.072387526407459,0,-0.3573594684693605,0,8.90635882104785,39.70421489424184,0,2.3098902042145575,572.92008,547.9,1,1,0,0,8,8,1,0,2068,0,,7,,0.06696523484587923,-0.345933915709257,0,3.431940104690147,3.467690966888564,,,,,,1.0030422037860618,18.724173344880835,14.682539682539682,-39.31074001042604,0,30.85253197698824,14.221338327608896,18.11251275108217,20.844120009713233,,,,669227
2026-06-03,549.44,562.16,547.57,560.73,559.1288770040766,564.9451341991341,556.8328730578842,569.1968947614893,598.8061705536935,529.3188835855132,0,0,0,0,625.1302927311852,551.8183590837768,96.95186463553972,55.78607189882475,5,11,551.8183590837768,549.6764863991681,553.9602317683856,541.108995660733,573.495,564.8029209565586,,,575.5122843796025,523.375,0,3,0,-6.358680392101819,0,0.0699205117451019,0,9.105424886564258,78.90774094738302,0,2.0240830439632296,573.495,523.375,1,1,0,0,8,8,1,0,2068,0,,8,,0.3413814900073932,0.08082958079559383,1,5.153182956907438,-0.11908807629442153,,,,,,1.3203297635686082,17.48841735667898,13.492063492063492,-44.55534698068876,0,31.542117056062747,13.536082834879496,17.844633179170714,19.57638880084831,,,,891269
2026-06-04,565.89,577.49,555.525,564.74,560.9992513360511,565.5657835497834,557.5859327666572,569.0221145747641,598.4672036825125,529.0806787969244,0,0,0,0,624.6087336906055,552.5739853306782,96.59386311723401,56.93124536702078,5,12,561.6848644578313,559.37,564.7,550.6300086000244,573.495,570.014646069005,,,580.9396353189745,524.4743891220303,0,1.5,3.5,-5.635597652633409,0,0.2172752536358784,0,8.636858994234835,66.963946738692,0,1.0683210793588511,573.495,524.4743891220303,1,1,0,0,8,8,1,0,2068,0,,9,,0.24664778030314574,0.22794869718616748,2,4.071710772231123,0.6845483260387708,,,,,,0.9375672720854233,16.03774824444595,12.698412698412698,-46.3960319816091,0,29.918957191645934,13.399580949573092,22.507283371181497,17.819295783849956,,,,631300
2026-06-05,567.07,569.06,560.38,562.16,561.3861675573673,565.8003997835497,558.0215582174517,568.7530120424204,598.1059379742288,528.9143260947411,0,0,0,0,624.2189669114883,552.9650103508025,94.91362855004607,72.42269228475483,5,13,549.2506694268807,547.9,552.9650103508025,539.4742937000227,573.495,564.9529457950765,,,575.4850786700481,525.185055043059,0,0,5,-6.0099617295185075,0,0.08665589129496655,6,8.568679620133896,43.01246336237887,0,2.479889403852856,573.495,525.185055043059,1,1,0,0,8,8,2,0,2068,0,,10,,0.18739696991694277,0.09622795262553725,3,3.247475103596536,2.895765876123098,,,,,,0.6973406191584269,14.311734547235371,11.11111111111111,-51.784381259853355,0,29.682776911703783,13.27282919893143,21.679191624726357,17.163685263339843,,,,459092
2026-06-08,560.23,566.78,555,561.17,561.3141117049115,565.7786004329004,558.3214098157896,568.4556390211491,597.738416203341,528.8050941869024,0,0,0,0,623.9029087102282,553.226566641463,93.15767868118401,80.10819956368132,5,14,549.3204177710568,547.57,553.226566641463,539.3254155785926,573.495,564.6246472633136,,,574.930377790073,547.57,0,0,3.5,-6.117795880614948,0,0.03259530961647497,0,8.296323221565329,40.41053034966531,0,2.4186670261232974,573.495,547.57,1,1,0,0,8,8,1,0,2068,0,,11,,-0.02681955530160019,0.04017289799402424,4,2.9016043129522338,2.880717560937951,,,,,,0.5674759633495058,12.496128853863414,8.333333333333334,-56.51903159430515,0,28.739306671529313,12.680998828834907,20.572920507460896,18.618370850323917,,,,370587
2026-06-09,563.55,581.47,559.08,578.89,567.1727411366077,567.2631489177489,560.2803231666668,568.8648296477706,597.550869773457,528.8557725196845,0,0,0,0,623.6291361612874,554.1878152273001,93.80592061683015,87.9531322409604,5,15,578.89,562.9256122273578,567.1532764230112,545.0686864347722,580.405040310645,580.405040310645,,,590.9742007997786,554.86899,1,1.5,0,-3.122892245229542,0,0.737095612693989,0,6.884456215934031,33.666806999638524,0,0.04479543077837754,,554.86899,0,1,0,0,8,8,1,0,2068,0,,12,,0.5556253325750395,0.7398646912197973,5,3.530089370084868,4.418929776870513,,,,,,0.7095142952905084,12.186321288244242,7.936507936507937,-48.90100499212399,0,23.84845589696223,13.141527481859832,24.83216333201552,16.857582082213508,,,,452380
2026-06-10,574.47,575.43,555.86,556.94,563.7618274244052,567.32827012987,559.9621971507937,568.3971892694267,597.1467815170047,528.9185428044558,0,0,0,0,623.1027053374185,554.316372983684,94.95451907628052,88.10538110104095,5,16,549.6110327956491,547.57,553.9479709773273,538.8961236366436,573.495,564.9053540322988,,,575.7476994864944,547.57,0,0,3.5,-6.733148827305483,0,-0.2264280008765613,6,8.109196036083967,49.3489865505889,0,2.229040568605967,573.495,547.57,1,1,0,0,8,8,1,0,2068,0,,13,,0.09639762566690481,-0.218436115433523,0,4.023659854205283,2.939408639048903,,,,,,0.934223295319333,11.746384928627625,7.142857142857143,-58.184643271843186,0,28.09107908606714,13.280350275610923,22.477454377796658,16.584882638097245,,,,591805
2026-06-11,553.31,567.1,549.975,557.91,561.8112182829368,566.3926212121212,559.7667498030991,567.9859269451355,596.7563657805171,528.9983486446632,0,0,0,0,622.5746853686225,554.4820099287513,95.56642829502232,85.78263543748798,5,17,549.655202647667,547.57,553.9881631020825,538.904079091169,573.495,564.762533869235,,,575.5949350052738,547.57,0,1.5,3.5,-6.509585487154153,0,-0.17198524481032673,6,8.011526363971809,54.081010178089755,0,2.217423809432848,573.495,547.57,1,1,0,0,8,8,1,0,2068,0,,14,,-0.3690412369305505,-0.16365095365887775,0,4.050691489040034,2.408103734229305,,,,,,0.9655176112036791,10.828904817193546,4.761904761904762,-60.98077427947206,0,27.75274141715344,12.894493417521192,20.891082681662578,17.839731900207155,,,,612175
2026-06-12,558.44,561.74,552.23,560.88,561.5008121886245,565.2030632034631,559.8727736313754,567.7072631433655,596.3993870165318,529.1136654964804,0,0,0,0,622.1558969993016,554.7215346298793,95.6314512877496,59.954237398455646,5,18,547.57,545.4733576461642,549.6666423538359,537.0867882308212,577.4388371408099,563.8763852736563,561.7797429198205,565.9730276274921,574.3595970428352,537.3491628591894,0,1.5,0,-5.955637747083608,0,-0.040839964755745146,6,7.9981777972371955,75.18015656165069,0,2.8492066933747986,577.4388371408099,537.3491628591894,1,1,0,0,8,8,2,0,2068,0,,15,,-0.15306064722553647,-0.03457619365149992,1,3.885662446528624,-0.6269218870207408,,,,,,0.832422130533014,9.568273270515835,3.1746031746031744,-65.46560173793301,0,27.706500625568292,12.536197763580729,20.045026724881673,17.11725084589622,,,,516570
2026-06-15,565.17,572.1,565.07,570,564.3338747924164,564.8609173160172,560.8372713807682,567.7971743926453,596.1367065487057,529.3162724770834,0,0,0,0,621.7770117467593,555.3142244826549,96.30487876926036,47.839245768793006,5,19,570,561.850809931415,565.9449314456814,548.6935139429344,575.3591326270475,576.0544952076042,,,585.6782430285328,548.51,1,1.5,3,-4.384347794991926,0,0.32500938237849386,6,8.031650058316853,77.58054159135119,0,0.2515258786781662,575.3591326270475,548.51,0,1,0,0,8,10,1,0,2068,0,,16,,0.017908675520730527,0.329043577068424,2,4.374893051071199,-0.5331366820558217,,,,,,0.9048263531168893,8.26272095106404,1.1904761904761905,-70.3019670260926,0,27.822451939236647,12.949397322846828,23.58274187731111,16.27957090378847,,,,556869
2026-06-16,573.28,574.08,567.36,573,567.2225831949443,565.9521558441559,561.9956264873617,568.0012067694042,595.9064905631463,529.6245005234261,0,0,0,0,621.4617423648743,555.9079958293389,97.73399160466224,31.43591209037194,5,20,563.8386596229875,561.8778174913638,565.7995017546112,554.034448964869,576.4644696396019,576.5006840546957,,,588.2657368444379,554.86899,0,0,0,-3.843974000266241,0,0.40744612125431157,6,7.483139576841903,90.93938502093027,0,1.2877946483289178,576.4644696396019,554.86899,1,1,0,0,8,10,1,0,2068,0,,17,,0.5804719990900242,0.40882553751934264,3,6.116429345849245,-2.0593975566761435,,,,,,0.8200387071174872,6.074029014083167,0.3968253968253968,-76.56837581114249,0,25.922355894439285,13.466098907269192,23.762711811926025,15.781430722855863,,,,498691
2026-06-17,567.36,573,543.89,546.09,560.1783887966295,564.8149277056276,560.4808049171368,567.1419437588394,595.4108040898813,529.8709277457526,0,0,0,0,620.8614159500959,555.5149358960399,88.07231106386406,98.53267304574477,4,0,545.071504841433,,,534.6680413731801,564.5975000000001,546.09,547.8943073063494,552.0556926936506,579.3810830984092,527.12,2,0,3.5,-8.283491624790187,0,-0.7249544237069919,6,9.028695675891615,38.46600302476054,0,0.5698222537225438,564.5975000000001,545.071504841433,1,0,0,0,8,8,1,0,2068,0,,18,,-0.5036598456136798,-0.7156357977618282,0,3.105727593367712,5.429261136256748,,,,,,1.0270994655713637,7.481808813907231,1.1904761904761905,-76.07835900223718,0,31.276319273443402,12.997797058878389,20.79438140001538,23.881422741215655,,,,619465
2026-06-18,549.29,563.85,546.18,562.09,560.8155925310864,563.6824601731602,560.6340615916952,566.9438283173163,595.0792538004297,530.1638075382889,0,0,0,0,619.9384886834596,556.00306131222,99.45508647221486,57.860138651589764,2,0,560.6241722499614,556.442885818896,561.8471,548.0803129567653,576.5967238212628,564.5205540724868,,,574.9737701501501,545.8442761787365,0,2.5,0,-5.5436739879177805,0,-0.012484153177698566,6,9.40251241622014,81.75022945278478,0,1.273336315241125,576.5967238212628,545.8442761787365,1,1,0,0,8,8,2,0,2068,0,,19,,-0.15305951761186615,-0.010249012722455642,1,6.502445748718995,0.8627127703522305,,,,,,1.9564980877032763,10.577429506090933,6.349206349206349,-67.52526610791284,0,32.57125844738098,12.5629453425155,19.217165957245804,22.07006091139339,,,,1240833
2026-06-22,555.92,562.74,540.99,545.73,555.787061687391,560.8043549783549,559.2146271543909,566.1119134813431,594.5882164491816,530.3975168518172,0,0,0,0,619.353670442633,555.6312491914722,97.48441011477684,64.61342188057559,2,1,544.4037434364074,542.2682354505556,546.5392514222591,533.7262035071485,564.5975000000001,562.5829335164306,560.4474255305788,564.7184415022823,573.2604734456894,544.4037434364074,0,0,5,-8.21715181995326,0,-0.6797876730104343,6,9.878651154457291,72.28994289054724,0,1.891236810855404,564.5975000000001,544.4037434364074,1,1,1,0,19,8,1,0,2068,0,,20,,-0.5518675399672992,-0.6714170192865594,0,5.429501593102816,1.4330769914976824,,,,,,0.9745211156437511,12.669330300533879,12.698412698412698,-62.97753030703428,0,34.220651419537944,12.522570731499574,17.4696168865393,22.23302052867772,,,,627647
2026-06-23,548.75,552.25,538.44,541.31,550.9613744582606,556.575499134199,557.5094245682584,565.1392894232512,594.0580849422246,530.5550025828709,0,0,0,0,618.7197323183474,555.112145351436,97.41238968379336,61.54416386375573,2,2,523.375,521.2687247274233,525.4812752725767,512.8436236371167,558.5572,561.8871080692813,558.5572,564.7,573.1251010903067,541.4226188744802,0,0,3.5,-8.879280709958635,0,-0.799577607010802,6,9.821574492992607,68.71431896485059,0,3.3407029421145613,558.5572,541.4226188744802,1,1,0,0,8,8,1,0,20,0,,21,,-0.6483139092755286,-0.7887296157900917,0,4.360035335359614,0.896399705929781,,,,,,0.9982551182293042,14.970094022762822,15.476190476190476,-55.999988494703004,0,34.02293206437146,12.661753351497731,16.446927126257368,22.012429646472356,,,,652228
2026-06-24,542.57,560.92,539.3,549.16,550.3609163055071,552.8884025974024,556.7142412760433,564.5126506223394,593.6113378283716,530.6949670566295,0,0,0,0,618.1667668561138,554.9066576621706,96.93744343643199,50.729357741323874,2,3,540.4582314314302,538.3093686783234,542.6070941845371,529.7139176658959,567.68891,562.2155876915558,560.88,566.5133131977695,575.108764210197,540.4582314314302,0,1.5,3.5,-7.488289895369829,0,-0.40789698923741735,6,9.946709591933883,73.14294337407601,0,2.5344269687953833,567.68891,540.4582314314302,1,1,0,0,8,8,1,0,20,0,,22,,-0.9035772850300563,-0.40013438748380814,0,3.9676443267540495,-0.10536897219478758,,,,,,0.9685970650028991,16.653835245948713,18.253968253968253,-51.66694989222683,0,34.456412762724355,12.028045487884532,18.571877682707395,20.035018537350922,,,,643423
2026-06-25,549.99,570.84,545.6645,554.94,551.8872775370047,550.5117038961038,556.5452659164201,564.1372525587183,593.2265483972435,530.8565411045869,0,0,0,0,617.6792696035844,554.9077460599918,97.15006448233287,37.42443271026638,2,4,551.2344245259553,549.975,554.9077460599918,541.0943847741745,572.92008,561.7671411313729,,,572.8679101636549,540.9342773124216,0,1.5,3.5,-6.453950602966871,0,-0.13848357833218627,6,9.942300839447443,81.22464625230252,0,2.138616416196611,572.92008,540.9342773124216,1,1,0,0,8,10,1,0,4,0,,23,,-0.12440353951209757,-0.1326871601305585,0,4.371575837220639,-1.088184897139247,,,,,,0.9379835764021538,17.889046787111333,19.841269841269842,-48.05907533442457,0,34.44114039611534,11.662676626162323,20.68098064807838,18.006557041799407,,,,628911
2026-06-26,554.09,561.15,547.19,551.5,551.7581850246698,549.0667735930735,556.0647644005707,563.6416740270039,592.8113588609525,531.019734352182,0,0,0,0,616.6294740246703,554.6900525770756,99.26618582702322,21.241842900079615,2,5,542.0786327881831,538.44,543.89,529.6951430045906,572.92008,561.698068237765,559.5118539889127,563.8842824866174,572.6291394820269,540.1839858286199,0,1,4.5,-6.968719179121252,0,-0.2689578832979734,6,9.438419783840471,89.31945793041136,0,2.4905295478727068,572.92008,540.1839858286199,1,1,0,0,8,10,2,0,4,0,,24,,-0.25180304204642007,-0.26255317572734543,0,6.103072587204773,-1.307211861883184,,,,,,1.8783882894829238,18.765392617877648,21.428571428571427,-42.605834835138765,0,32.69564521754991,11.323405540277413,19.501893777774708,16.979947358794238,,,,1314756
2026-06-29,551.92,556.235,534.66,535.93,546.4821233497798,546.5556142857143,554.1471677909925,562.5549417122194,592.2453751906943,531.1009750548898,0,0,0,0,615.8586259623347,553.9886814107603,95.36987591244181,51.79966413985919,2,6,506.91,504.68730998320854,509.1326900167915,495.79654991604264,522.6185447203134,538.44,536.2173099832086,540.6626900167915,549.5534500839575,522.6185447203134,0,0,5,-9.508791043334297,0,-0.8821433314061292,6,9.806379836315289,50.23700882622913,0,1.4134714784015734,522.6185447203134,536.4480133942984,1,1,0,0,8,8,1,0,4,0,,25,,-0.7841026660323137,-0.8697873233766358,0,2.9158310413327015,1.853133512500316,,,,,,1.1947357104887386,18.730594278952484,21.428571428571427,-44.86184591286316,0,33.970296229634094,11.023009140207913,17.811722685712848,20.541661306098195,,,,799335
2026-06-30,535.93,535.93,518.55,526.44,539.80141556652,542.2216367965368,551.5083899061361,561.1386694882108,591.5905953380505,531.0517577159915,0,0,0,0,615.0502291199366,553.0389073140681,67.57180116621942,63.157918897352225,4,0,506.91,504.6908949844079,509.12910501559213,495.81447492203955,522.6185447203134,560.4917244207259,556.0535143895416,561.67,570.5464200623683,530.9275606855745,0,9,2,-11.012784153680084,0.03666702200001401,-1.1900358348888345,6,9.880681640291463,14.907172016577206,0,1.4157549651720323,522.6185447203134,530.9275606855745,1,1,0,0,8,8,1,0,4,0,,0,,-1.293336176000112,-1.1728979751336375,0,-0.1132028549446984,4.10169266404412,,,,,,1.127672332571418,19.4914137061428,23.015873015873016,-43.05366087174147,0,34.227685228795615,11.764240166956993,16.566176548134802,25.587075036638282,,,,763434
2026-07-01,533.61,539.0897,528.705,537.58,539.0609437110134,538.2209160173161,550.1818765817422,560.2148000965162,591.0531764789655,530.9517109913518,0,0,0,0,614.4465162853627,552.5893571205332,81.10155006378622,43.309945611820226,2,0,529.1094021554992,526.9358608910209,531.2829434199775,518.2416958331074,558.5572,559.8763325926998,555.96,561.67,570.3641650579134,529.1094021554992,0,1.5,0,-9.04710076976779,0.006006632615640467,-0.6198530020487132,6,9.808546637591258,82.07808146727685,0,2.7096608033865133,558.5572,529.1094021554992,1,1,0,0,8,10,1,0,4,0,,1,,-1.0480530609251237,-0.6079657792787123,0,3.385869720199679,-2.135479751755687,,,,,,0.9801030086731156,20.226540991511467,24.603174603174605,-40.47130875909291,0,33.977802249433864,12.179745293637996,17.003304026368063,24.257493558983267,,,,663236
2026-07-02,543.71,559.91,538.87,557.8,545.3072958073423,537.438816017316,550.9074121453858,560.1201020535156,590.7222991010653,530.930509115717,0,0,0,0,613.90993618171,552.7688973579819,89.79291136628521,46.67631836519073,2,1,553.5708392907561,551.5,555.96,542.6293467319375,570.84,560.4225211650247,,,571.5108377501028,535.95,0,1.5,0,-5.5732277503600365,0.15,0.2659243875685137,6,10.367257668199676,77.82711503868624,0,1.578318553561997,570.84,535.95,1,1,0,0,8,10,2,0,4,0,,2,,0.30362713564523997,0.27406570627489385,1,5.125335275633007,0.4422768602098859,,,,,,1.2096535313819285,20.922996591521546,25.793650793650794,-41.74014912631027,0,35.913234032959764,11.586634060195289,23.857148662994806,22.076667578224985,,,,813893
2026-07-06,561.4,567.08,547.93,564.98,551.8648638715615,539.9464744588744,552.24765860773,560.3106862867111,590.4661568214527,531.0328711108729,0,0,0,0,613.5528522235562,553.0869358051802,94.6409797746733,48.711278492211896,2,2,564.98,551.1374152746287,555.5978971490863,530.0880725021696,570.84,575.5968366578994,571.1363547834418,577.38195,586.3029137489151,543.97974,1,3,0,-4.3162773220818655,0.15,0.5308962964800444,6,10.424910615525796,84.94696661935977,0,0.16794715626886422,570.84,543.97974,0,1,0,0,8,10,1,0,4,0,,3,,0.04151506337156793,0.537011152495105,2,6.588703406032097,0.4798023485101921,,,,,,0.9387820707886438,21.566951530165785,27.38095238095238,-40.279174897688996,0,36.11294970090963,11.471118780073155,24.8985784361885,20.384152717314915,,,,631659
2026-07-07,571.97,577.15,563.35,570.25,557.993242581041,545.1931103896104,553.9621673117557,560.7004632950753,590.2650010321845,531.2896387502124,0,0,0,0,613.2496088490627,553.5082979123298,96.34866238827964,40.186709638327464,2,3,560.8896411887191,558.6954888898638,563.0837934875744,549.9188796944426,581.4977911657375,573.7472095297859,,,585.3957591954212,551.835,0,0,9,-3.3908500414533598,0.15,0.690011492267733,3,10.452590552982624,81.38029402988043,0,1.8784612160030694,570.84,551.835,1,1,0,0,8,10,1,0,4,0,,4,,0.6859919225211636,0.6928973699991539,3,4.787962723022592,-0.5857896674377671,,,,,,0.8970983582367696,22.166774904506482,28.174603174603174,-38.78075777812428,0,36.208835816960736,11.926470711033936,27.59812252633459,19.239465168385347,,,,610399
2026-07-08,562.82,562.82,549.415,555.67,557.2188283873606,549.8890181818182,554.1248180439694,560.5031902246802,589.9207721661926,531.594338005142,0,0,0,0,612.8699373781479,553.557456998579,95.77769219619151,60.506945045035806,2,4,553.429070059177,551.2056161388114,555.6525239795426,542.3118004573488,570.84,560.7202711131118,,,570.5638156814625,535.95,0,1.5,6,-5.80599527635272,0.15,0.02751396567396645,6,10.78535727366057,51.71846861820051,0,1.5661156528901579,570.84,535.95,1,1,0,0,8,8,1,0,4,0,,5,,0.38683100388510044,0.03281432623505545,4,3.5451147062668777,2.358426230881619,,,,,,0.8375109553784874,22.933492781097897,29.761904761904763,-38.61743336513827,0,37.361573551525304,11.378397055439128,25.289106819600814,23.225564606020708,,,,578564
2026-07-09,552.47,562.02,547.3804,558.6,557.6792189249071,553.6610670995672,554.5510258493057,560.4285553139084,589.6091226919021,531.9645288295454,0,0,0,0,612.262691608252,553.7468586207992,97.30733891252538,67.79491816555407,2,5,553.3273281968933,551.5,555.96,542.7186140100705,570.84,560.6595217671348,,,571.6362542545468,535.95,0,1.5,0,-5.25926779258906,0.15,0.14271863176444521,6,10.288279787216238,70.48714860184927,0,1.6507817530666846,570.84,535.95,1,1,0,0,8,8,1,0,4,0,,6,,0.23552414660249016,0.14585674231399676,5,5.483275537008261,1.9107174078781233,,,,,,1.3831740939304678,23.47399805606864,30.555555555555557,-34.13515487074917,0,35.63964662788488,10.7368234336241,23.783395889764208,22.670197606832627,,,,992897
2026-07-10,561.93,573.02,559.72,563.57,559.6428126166047,557.0399246753248,555.4099757684195,560.5517492231669,589.3500269437241,532.4206568469909,0,0,0,0,611.9288797663618,553.9693208924061,96.79203801667815,71.76975218986001,2,6,557.5314529027322,553.9693208924061,561.67,545.3001767589001,577.15,576.9008606349587,573.29,581.2354327017117,589.9045768352178,543.97974,0,1.5,4.5,-4.374315053044987,0.15,0.3278864155756489,6,9.569648964323715,57.96069215130833,0,1.603965675091132,577.15,543.97974,1,1,0,0,8,8,2,0,4,0,,7,,0.20860300587421748,0.3281893618772047,6,3.896835094616324,1.9583028417973067,,,,,,0.8520612503791511,23.98183088464765,31.349206349206348,-27.65713471554758,0,33.15023643361512,10.796192782440812,26.90218881627554,21.32344969403756,,,,612526
2026-07-13,560.36,571.545,557.645,564.21,561.1652084110698,560.2137787878788,556.2480733142843,560.6952100379447,589.0998774218959,532.9525648658068,0,0,0,0,611.6512137406066,554.1635646023918,97.29535594593226,60.971792620580146,2,7,557.6525256157581,554.1635646023918,561.67,545.6172164784219,577.15,576.7183520855324,573.29,580.9915261475173,589.5378742714872,543.97974,0,3,4.5,-4.225069190444001,0.15,0.3186356810740546,6,9.569077247216356,74.33147955062499,0,1.6200227315936893,577.15,543.97974,1,1,0,0,8,8,1,0,4,0,,8,,0.3286523693161811,0.3170633954664239,7,4.6184680728283505,0.4492711334233962,,,,,,0.73198743753446,23.913262938438105,30.952380952380953,-27.859664845292148,0,33.148255947460115,10.702045500582715,25.339531296520562,20.951962909533528,,,,522942
2026-07-14,559.595,559.595,536.14,540.68,554.3368056073798,560.8580670995673,554.7653996653048,559.9102998403782,588.6180875968024,533.4069889666433,0,0,0,0,611.0404380664454,553.7925208769466,91.29459127789565,76.77353075840394,2,8,517.3059712808162,515.0713726091803,519.540569952452,506.1329779226369,558.5572,558.2725470854356,555.96,561.67,570.6083946865434,528.3707976397468,0,0,6,-8.144175078364153,0.15,-0.6719860927398196,6,10.473067349750396,29.426371308066596,0,3.6920480838723098,523.3726028927287,528.3707976397468,1,1,0,0,8,8,1,0,4,0,,9,,0.09686090018207219,-0.6677929278171887,0,1.9037796200700328,3.464274083165037,,,,,,1.0722251073076545,23.855568511476537,30.555555555555557,-34.245534561081605,0,36.27976952171682,10.612781172289665,22.497535500227816,27.194608325020557,,,,780143
2026-07-15,541.71,568.4899,538,557.02,555.2312037382532,561.192071861472,554.9801235067043,559.7969547485986,588.3036787649934,533.890489795724,0,0,0,0,610.4782659667687,553.8975174940748,94.453640375107,81.1409640472948,2,9,554.5468138620204,552.1995981312157,556.8940295928251,542.8107352079968,576.8382799748705,559.3238078073572,,,571.0598864613808,535.95,0,1.5,6,-5.317607197470904,0.15,0.05587386792030499,6,10.80227320347237,55.432072672212556,0,1.8993964483364942,576.8382799748705,535.95,1,1,0,0,8,8,1,0,4,0,,10,,0.888585782469943,0.05182022653847053,1,4.507786759950429,2.8067269740584893,,,,,,1.275463044881214,23.929515433565054,30.952380952380953,-36.05182947647974,0,37.420172051307915,9.970788975447897,23.2717901905841,24.040564101295704,,,,953299
2026-07-16,560.91,581.37,558.14,576.07,562.1774691588355,562.9761948051948,556.9886831727325,560.4351133859085,588.1819506180781,534.5145576170858,0,0,0,0,610.248616208428,554.3536582352825,94.8366210698919,87.97409048574094,2,10,576.07,569.1529818213957,573.9469181786045,538.9642545711648,587.0200160678384,577.5386895493327,,,589.5235304423547,554.86899,1,1.5,0,-2.0592183431250226,0.16234804041086284,0.8177541098808674,6,11.337425940496324,34.79906159665149,0,0.29510298044919325,577.15,554.86899,0,1,0,0,8,8,1,0,4,0,,11,,1.0987843232869028,0.8057877610532075,2,3.5488826208399225,4.312767656917204,,,,,,0.8171234533449913,24.205758152447608,31.349206349206348,-38.36695799115929,0,39.273995511977986,9.87082990736745,25.958748163226876,21.860027763872413,,,,615502
2026-07-17,570.76,579.395,561.15,567.44,563.9316461058903,564.610135930736,557.9840466800913,560.7098148217552,587.975563049739,535.2024852150754,0,0,0,0,610.0014406699923,554.5837935897714,94.08995006099171,83.53605582193836,2,11,559.4081496149043,554.6308337117819,563.57,545.076201905537,577.15,575.2665624848742,,,586.7046318062448,543.97974,0,1.5,6,-3.4925878455261157,0.15,0.3813017023636104,6,10.289676849437614,47.917112505040905,0,1.2379231870556981,577.15,543.97974,0,1,0,0,8,8,2,0,4,0,,12,,0.2146024612114924,0.3718494404810291,3,3.0808758092693758,2.214458695438477,,,,,,0.7149883093445943,24.19295840052678,30.952380952380953,-32.127066527842544,0,35.64448619338239,9.778010772721316,24.1884124699422,20.36921676007374,,,,535569
2026-07-20,569.95,569.95,561.02,563.81,563.8910974039269,565.8439294372295,558.5388993772254,560.8313907110982,587.73510968606,535.9089194186008,0,0,0,0,609.7991970691312,554.7057359485563,91.77479063033144,86.96494387587622,2,12,561.6186099565939,557.0230666179802,563.57,547.8319799407528,577.15,574.7858629502923,,,586.3410866772274,543.97974,0,1.5,6,-4.070730043478212,0.15,0.19072399362776735,6,9.915680553742817,32.49813610202987,0,1.1265544970424426,577.15,543.97974,0,1,0,0,8,8,1,0,4,0,,13,,-0.10238042103677181,0.18304655123908112,4,2.4114332565801053,3.429027512986719,,,,,,0.5766161217319236,23.460691825070214,27.77777777777778,-31.698905248281868,0,34.348925021410516,9.682724298265974,23.349080179313543,19.712924452106602,,,,407906
2026-07-21,553.01,562.0199,545.5701,552.46,560.0807316026179,565.1661987012986,557.9599565793944,560.5031008792904,587.3841135697808,536.5504698191394,0,0,0,0,609.536298178058,554.6749386375471,90.39961511347863,92.85684430340984,2,13,547.3804,545.0838986285008,549.6769013714992,535.897893142504,572.92008,552.46,561.9907362175799,566.5837389605782,580.3919109719938,531.7,2,2.5,8,-5.945702779997262,0.15,-0.2930936667263005,6,9.665827772176089,16.770522265239933,0,0.7432359361597303,572.92008,531.7,1,1,0,0,8,8,1,0,68,0,,0,,-0.5741225632332934,-0.2947968023811017,0,2.350986553035536,5.9245752392565745,,,,,,0.6152385746461422,22.497935779443498,25.793650793650794,-32.80870720734798,0,33.48340959723855,9.399115477518539,21.693281630205814,24.321752798555853,,,,429121
2026-07-22,554.62,556.97,543.01,545,555.0538210684119,562.4457125541124,556.7256750004045,559.8951361389261,586.9623810964496,537.084838374847,0,0,0,0,609.2078758340522,554.5291526977472,91.85437877558206,95.36866920026026,2,14,528.0775378177423,523.5633209849581,530.0369285751349,514.5348873193896,564.5975000000001,545,561.67,567.93255,576.9609836655685,530.0369285751349,2,0,9.5,-7.1490750426055545,0.15,-0.5744318208478217,6,9.73289207557559,24.87824635047989,0,0.468166799289873,564.5975000000001,530.0369285751349,1,0,0,0,8,8,1,0,68,0,,0,,-0.37797339614574516,-0.5689338060533314,0,3.0735680548215187,5.210085719606527,,,,,,0.69500235949705,20.63979053134982,21.03174603174603,-38.7828996419464,0,33.71572715896285,9.289079154583172,20.495327387708425,23.9913614080981,,,,478726
2026-07-23,542.17,547.61,534.36,539.365,549.824214045608,558.1640636363636,555.0722773813184,559.090032760929,586.4887753143953,537.4895577356534,0,0,0,0,608.8684869469851,554.3130234359606,87.69483599837447,96.10201567127264,2,15,518.55,516.3358100419216,520.7641899580783,507.479050209608,558.5572,539.365,552.0665100419217,556.4948899580784,565.351649790392,528.7524776260802,2,7.5,6.5,-8.0348980744148,0.15,-0.7538355525312225,6,9.671659283826287,20.314668232563555,0,0.40838363003774064,523.8110844559851,528.7524776260802,1,0,0,0,8,8,1,0,68,0,,0,,-0.621537209969226,-0.7426277293004278,0,1.7254001452656107,4.66129814780451,,,,,,0.6759124772828836,18.260991053861577,16.666666666666668,-45.49545330733916,0,33.503610546164694,9.69036348388188,19.400267580975317,26.197563513694355,,,,459356
2026-07-24,539.47,547.685,535.85,544.32,547.9894760304053,553.7792316017316,554.04825096405,558.5108157899122,586.069185510272,537.8131990350729,0,0,0,0,608.5712092246423,554.179227213621,89.89879899922744,88.00637340465715,2,16,518.55,516.3882968246414,520.7117031753585,507.7414841232074,564.5975000000001,566.3721561412315,562.0487497905144,570.6955624919485,579.3423751933826,527.8670486133636,0,2.5,4.5,-7.1235933474171995,0.15,-0.48199761461443985,6,9.656192581936892,48.961769524010606,0,4.260298132037786,524.0151532673683,527.8670486133636,1,1,0,0,8,8,1,0,68,0,,1,,-0.6115017520477624,-0.4698567539739586,0,2.8351891385019776,1.9409658211088439,,,,,,0.6527688716933574,15.116028719201665,11.904761904761905,-54.810122229570126,0,33.45003231916879,10.057126268119905,18.48290987733428,24.916958844295067,,,,437376
2026-07-27,550.77,563.86,547.995,556.2,550.7263173536036,551.170717099567,554.2531794436643,558.4201955628567,585.7719796842991,538.1354698641237,0,0,0,0,608.2900228206266,554.2104495482504,93.97868080048286,59.532849795761685,2,17,554.8131044222501,552.6313443308458,556.9948645136545,543.9043039652285,577.91041,563.4212483025508,,,574.3300487595725,535.95,0,1.5,4.5,-5.048377305489563,0,0.04670510126618031,6,9.893882404277011,82.03141620709998,0,2.11730938417548,577.91041,535.95,1,1,1,0,19,8,1,0,68,0,,2,,-0.28270654377366733,0.060913873070046406,1,4.789515002796721,-0.6231296151757683,,,,,,0.8138203425320255,10.545717334530789,3.5714285714285716,-69.23061901737869,0,34.273414016639,9.446152622690027,23.6243352156369,22.924476057544634,,,,512647
2026-07-28,564.94,578.5498,564.94,569.54,556.9975449024024,551.5570969696969,555.7090671156963,558.8562663250976,585.6104674486345,538.5409794651342,0,0,0,0,608.1097353278216,554.4139154499593,96.22818374538308,43.59854322525283,2,18,569.54,550.9889926955452,555.96,542.0871052131863,580.8011174059176,573.29,571.0645281294102,575.5154718705897,584.4173593529487,548.51,1,1.5,6.5,-2.7442247606416146,0,0.5831053970813103,6,9.65769364991296,85.05532014676179,0,0.4101978131401511,580.8011174059176,548.51,0,1,0,0,8,10,1,0,68,0,,3,,0.820997577351396,0.6015140171836462,2,5.11946519899368,-0.8415709005708357,,,,,,0.7289352892294184,5.664548428113771,0,-83.06827344933109,0,33.45523217116912,9.73784382825924,27.39954113469587,20.86890294772359,,,,446309
2026-07-29,567.59,575.2025,562.2077,569.77,561.2550299349349,553.7465051948051,557.0482035808681,559.2842558809762,585.4528508571058,539.0284383158609,0,0,0,0,607.928658497293,554.6190217696204,96.78412044556906,26.645864778536943,2,19,569.77,561.1137846236248,565.4788538118629,544.7474232470477,579.8479574399693,573.29,,,584.2026729705951,551.835,1,3,7.5,-2.678755570862115,0,0.5368836562331464,6,9.41164536244491,88.70153393031065,0,0.40275458197086844,579.8479574399693,551.835,0,1,0,0,8,10,1,0,68,0,,4,,0.33025955241583793,0.5543947382665312,3,4.359874603043424,-2.535719619755347,,,,,,0.7626695528629638,5.529391163450046,0,-83.04018397563527,0,32.60289590114917,9.81510336122741,25.942963186873577,20.877259794377068,,,,455210
2026-07-30,561.93,564.59,554.21,558.8,560.4366866232899,555.5695753246753,557.2150413350711,559.2652654542712,585.1876483610151,539.5264344558543,0,0,0,0,607.6684717174277,554.681041329026,96.08672567196231,46.561876305219954,2,20,556.3415685480062,554.17600071061,558.5071363854024,545.513729361025,577.91041,563.1295510796458,,,573.957390266627,538.6674440661936,0,1.5,6,-4.509262701446504,0.15,0.03977452953680309,6,9.51004935108975,60.69465190877981,0,1.9919802168771477,577.91041,538.6674440661936,1,1,0,0,8,10,1,0,68,0,,5,,-0.5320921533113878,0.04899167056815771,4,3.5994583318960913,1.3528854570099105,,,,,,0.8707101581155025,5.344765131122561,0,-83.77610108376916,0,32.94377731714975,9.332839436350506,24.278633512255837,22.835340081509038,,,,513162
2026-07-31,553.08,563.05,549.33,559.07,559.9811244155267,556.9766354978356,557.3917040650643,559.2576079854763,584.9277712628956,540.0276004596735,0,0,0,0,607.3540818094973,554.7596512712821,96.74643451319135,63.78100837404146,2,21,556.5524650050077,554.4190805845683,558.685849425447,545.8855429028108,577.91041,561.1457570647726,,,571.8126791669695,538.7356746848957,0,1.5,6,-4.420677651715356,0.15,0.049799626109102386,6,8.77000479940762,58.757625103799604,0,2.002259395012703,577.91041,538.7356746848957,1,1,0,0,8,8,2,0,68,0,,6,,-0.27912182215173303,0.05164414371836639,5,4.394324615458382,2.373359068165268,,,,,,1.087383259114676,8.39189879450112,3.5714285714285716,-72.37706740853447,0,30.38018779039379,8.771071637298093,22.884542237960893,23.56648524325948,,,,630912
2026-08-03,569.685,581.55,560.5787,567.84,562.6007496103512,558.966761904762,558.3867798683915,559.5941723782028,584.7577436881404,540.5856582811246,0,0,0,1,606.8702749090255,555.1936666081683,99.60023097964228,79.2514110795884,2,22,559.4298301515165,555.1936666081683,562.4385999999998,546.4668101893935,578.5498,570.7267441860465,,,581.635314709515,548.51,0,2.5,10,-2.8931200776304467,0.15,0.40678841783252656,6,8.816379432084599,79.18982052634236,0,1.4749626170715369,578.5498,548.51,1,1,0,0,8,8,1,0,76,0,,0,,0.10537528734721403,0.4547155129624189,6,6.917377108571123,2.22686263665439,,,,,,1.9848304072232967,12.750456424769254,10.317460317460318,-58.2511193748014,0,30.540834230351532,9.142704184758644,28.350245818467624,21.39840545580212,,,,1208908
2026-08-04,602.33,624.15,584.255,588.09,571.0971664069008,563.7171627705627,561.2156579761637,560.7116558143516,584.7909004673629,541.3277042180931,0,0,0,0,588.09,556.5417376044056,99.73591588914628,56.806834533258694,2,23,560.0448059574932,556.5417376044056,564.5975000000001,546.4271566441147,578.5498,609.90695,607.3783047599273,612.4355952400728,622.5501762003637,583.6062920774447,0,0,13.5,0.5641502851703892,0.16958508864399047,1.186254851282648,6,9.446202802490124,88.74724053297075,1,1.3588978256568005,578.5498,583.6062920774447,1,1,0,0,8,8,1,0,108,0,,0,,1.1341146977451082,1.335010394060294,7,7.472017968756436,0.8052991584434523,558.3992999999999,583.4896,539.2126,,576.1101,2.371804881779426,12.622500914001794,9.920634920634921,-61.42574718687948,0,32.72260638502482,11.171397311382243,37.75533023648036,17.1437831439043,558.3992999999999,583.4896,539.2126,1556843