time,open,high,low,close,Sprint Line EMA,Hull Baseline HMA,MA 20 Fast,MA 50 Mid,MA 200 Slow,Weinstein MA 150,Golden Cross,Death Cross,Zone 0 Long,Zone 0 Short,AVWAP Resistance,AVWAP Support,Buy Score,Sell Score,Stage 1 Base 2 Up 3 Top 4 Down,Stage Age Bars,Long Entry,Long Entry Zone Bot,Long Entry Zone Top,Long Stop Loss,Long Target,Short Entry,Short Entry Zone Bot,Short Entry Zone Top,Short Stop Loss,Short Target,Entry At Market 0No 1L 2S 3Both,Long Rev Zone,Short Rev Zone,Ext Pct vs MA200,Exhaustion Gradient,Ext Z Self Relative,Regime 0 Hlt 1 Ext 2 Clmx 3 Dist 4 Dn 5 Ign 6 Sqz,Exp Move Pct 21b,Dir Prob Pct Above 50 Bull,Long Ignition Fresh Breakout,RR To Target,Long Target T1 Waypoint,Short Target T1 Waypoint,Long RR Valid,Short RR Valid,Long In Zone,Short In Zone,Action Long Code,Action Short Code,MTF Long Aligned 0 To 3,Bear Warning Mask,Reversal Pattern Mask,Weak Level Mask,Bear Warning Age,Reversal Pattern Age,Weak Level Age,Z Velocity,Z Elasticity,Trend Bars Up,Buy Sigma Evidence,Sell Sigma Evidence,VP POC,VP VAH,VP VAL,VP HVN Above,VP HVN Below,RVOL Vs Avg,Energy IV30 Ann Pct,Energy IV Rank Pct,Energy IV HV Spread,Energy State 3 Exp 2 Warm 1 Sqz 0 Dorm,HV20 Ann Pct,ADX 14,DMI DI Plus,DMI DI Minus,POC,VAH,VAL,Volume
2025-05-23,24.45705695,24.48466232,24.01389397,24.28163828,24.779159812101803,24.84537691639913,25.69662098651933,26.487171277494696,28.15756973840129,26.590613715279517,0,0,1,0,29.381851924666616,24.479452375643206,15.628087859159058,38.51880655797548,4,19,24.01389397,23.944603932535227,24.083184007464776,23.667443782676127,25.9236863697,25.61112721,25.541837172535224,25.680417247464774,25.957577397323874,24.359720845600215,0,10.5,2,-13.76514910345865,0.05466298194161809,-1.8278917015558858,4,6.437152602784678,6.426531675832578,0,3.612081650369907,25.9236863697,24.359720845600215,1,1,0,0,10,8,0,5,212,0,21,2,,-1.4373038555329447,-1.8023499951366417,0,-4.042347192449771,4.566566776787084,,,,,,0.9157599343325159,20.594507491132198,33.333333333333336,-7.643602866512099,1,22.2989507281946,29.074493714872972,12.981623106094588,38.7987889266474,,,,10300135
2025-05-27,24.44782439,24.77558035,24.35549877,24.77096407,24.77642789806787,24.666831157371867,25.60846318494606,26.41986903406353,28.123872169561476,26.515658874371592,0,0,0,0,29.365242004485278,24.53492780675687,30.203370944650977,84.8883189356779,4,20,24.53492780675687,24.466176860628863,24.603678752884875,24.19117307611684,25.9236863697,25.61112721,25.542376263871994,25.679878156128005,25.95488194064003,24.249092205961524,0,4,0,-11.921929097623812,0.0007988674210574198,-0.9444858814322661,4,6.6423981808950625,40.40093921870756,0,3.9622291204619446,25.9236863697,24.249092205961524,1,1,0,0,10,8,0,5,212,0,22,3,,-1.0063909393684594,-0.9356693475007971,0,0.16050929659323465,1.2889088555498107,,,,,,1.0327542008170756,20.874566845417508,34.92063492063492,-9.280229374967705,1,23.009942266826666,29.784901283410747,15.926989482890768,36.30994601984791,,,,11200908
2025-05-28,24.76634778,24.81712688,24.42474299,24.50321977,24.685358522045245,24.52812330434632,25.50320190733215,26.344706317825747,28.087845777526038,26.43673859151665,0,0,0,0,29.35105688753665,24.53068265874579,32.833886011059604,67.15871034857966,4,21,24.08232220004332,24.014978608192312,24.149665791894325,23.745604240788293,25.9236863697,25.61112721,25.543783618148993,25.678470801851006,25.947845169255025,24.117293241777094,0,0,2,-12.76219627492475,0,-1.1892353624237213,4,6.652824434381857,36.62428322951643,0,4.436454686075995,25.9236863697,24.117293241777094,1,1,0,0,10,8,0,5,212,0,23,4,,-0.7747952241576657,-1.1829967751994985,0,-0.35825011469918877,1.2125530553519912,,,,,,0.8524636329914774,20.653002132301058,33.333333333333336,-10.383804215285563,1,23.046059868370108,30.33532319420133,15.649250535752708,34.42098727626238,,,,9098193
2025-05-29,24.51245233,24.95561531,24.50321977,24.94638275,24.772366598030164,24.471812270787446,25.450171511395755,26.28987009947964,28.05658743894369,26.357301862437325,0,0,0,0,29.333401862304985,24.59548452221697,42.64357765397578,78.51927086405925,4,22,24.59548452221697,24.528911941033893,24.66205710340005,24.26262161630159,25.9236863697,25.61112721,25.544554628816922,25.677699791183077,25.94399011591538,24.1132951890961,0,4,0,-11.085470375583162,0,-0.4343577498330373,4,6.913941940019895,41.32703657499959,0,4.499846616386491,25.9236863697,24.1132951890961,1,1,0,0,10,8,0,5,84,0,24,5,,0.0753934127117686,-0.4407093594553575,0,0.5709461771823152,1.4773914502691854,,,,,,1.1542813710820097,20.391010354034066,30.952380952380953,-14.862205822080282,1,23.950597441391576,30.47332612984318,16.557119990439013,32.332517383509064,,,,12549834
2025-05-30,24.8995263,25.19940769,24.84329854,25.049467,24.864733398686777,24.47853362655498,25.41200917697711,26.241226840676518,28.02666584253629,26.278470124348786,0,0,0,0,29.309564565079434,24.676621555527046,75.47448290155248,83.0786005685191,4,23,24.676621555527046,24.611624612732047,24.741618498322044,24.35163684155205,25.9236863697,25.94951993644186,25.88452299364686,26.014516879236858,26.274504650416855,24.086797402313472,0,4,3,-10.622736429881614,0,-0.22005819536991433,4,6.7111804366112064,47.99611367952582,0,5.731723536608271,25.9236863697,24.086797402313472,1,1,0,0,8,8,0,5,84,0,25,6,,-0.12439610225311266,-0.23136591248746477,0,1.938774046055137,1.9416107933427695,,,,,,1.5554074312410093,20.078831272871504,28.96825396825397,-13.632789716356866,1,23.24821098994578,29.966733112180027,19.096126233181614,30.750862596090197,,,,17519467
2025-06-02,24.97449665,25.05883829,24.67461526,24.95575406,24.895073619124517,24.509832991088743,25.368556308693577,26.190816143395086,27.99610950639165,26.19990268939519,0,0,0,0,29.295115033795575,24.703591186605042,64.14156572999053,78.94757749327923,4,24,24.703591186605042,24.639806319813257,24.767376053396827,24.384666852646117,25.9236863697,25.94951993644186,25.885735069650075,26.013304803233645,26.268444270400785,24.07658819452814,0,5.5,2,-10.859921253335298,0,-0.300145135493799,4,6.667027102492088,48.80690920482555,0,5.872652358207755,25.9236863697,24.07658819452814,1,1,0,0,8,8,0,5,20,0,26,7,,-0.4539092901820799,-0.30816144496217485,0,1.5208229429618205,1.438336331151446,,,,,,0.9233863657050067,20.34116560520431,30.158730158730158,-11.924931028061591,1,23.095259353910023,29.757241044875055,18.069072905944907,31.458198197718254,,,,10484186
2025-06-03,24.83392725,25.22752157,24.57153104,25.10569476,24.96528066608301,24.577297272123378,25.343521875484665,26.1482623636541,27.96734916065641,26.12249841440352,0,0,0,0,29.277475683979286,24.74766318693256,72.65045486587351,73.75597111038513,4,25,24.74766318693256,24.682577323750902,24.812749050114217,24.42223387102427,25.9236863697,26.036036631096266,25.97095076791461,26.101122494277924,26.361465947004554,24.095916430225696,0,5.5,0,-10.232125984546645,0,-0.03789894749504117,4,6.725514888847001,54.48330760604967,0,5.96172534565796,25.9236863697,24.095916430225696,1,1,0,0,8,8,0,5,20,0,27,8,,-0.42943598878190425,-0.043908892575228654,0,2.387196458887294,0.8597744059149046,,,,,,1.1486149588721675,20.356466129251505,30.555555555555557,-12.625193805141372,1,23.297866989087908,29.119590150849735,18.75706344241502,28.627283895251615,,,,13357081
2025-06-04,25.17129381,25.28374933,25.00261053,25.02135312,24.983971484055342,24.65810877447879,25.31283913686708,26.10406984429512,27.938035767217045,26.04587645823407,0,0,0,0,29.25844709736369,24.776310048496175,65.82488050086715,75.0470393649053,4,26,24.776310048496175,24.713363007684634,24.839257089307715,24.461574844438477,25.9236863697,26.010666788832722,25.947719748021182,26.073613829644263,26.32540199289042,24.10518388296326,0,0,0,-10.439827164368971,0,-0.1243141663523323,4,6.712129373031305,44.706452210308356,0,6.0542414108850275,25.9236863697,24.10518388296326,1,1,0,0,8,8,0,5,20,0,28,9,,-0.5310884879271613,-0.12487012459179628,0,0.9252489244676392,1.3817418940510322,,,,,,1.1850589956659008,20.79436821040718,34.12698412698413,-10.567620074902953,1,23.251498202131305,28.378791007836256,18.80662859043616,27.48570063820371,,,,14246932
2025-06-05,24.98386794,25.05883829,24.74958561,24.94638277,24.97144191270356,24.74709009094069,25.277938530498787,26.058670351185505,27.90826807570245,25.969851942650664,0,0,0,0,29.242668529602096,24.78977524985794,62.199605449898435,78.81593791519272,4,27,24.78977524985794,24.728563241604366,24.850987258111513,24.483715208590077,25.9236863697,25.997058288009278,25.935846279755705,26.05827029626285,26.30311832927714,24.105834454207926,0,2,0,-10.612931256315154,0,-0.18651680978369917,4,6.701612565658925,40.49262678407332,0,6.179257592617785,25.9236863697,24.105834454207926,1,1,0,0,8,8,0,5,20,0,29,10,,0.6015070104122745,-0.18903400746183344,0,0.9018611006030146,1.8953130554138657,,,,,,0.9617276568156037,21.515961269755064,37.301587301587304,-7.3189780126803425,1,23.21506691272655,28.13812866025994,17.958288934061628,29.93655982290827,,,,11703166
2025-06-06,25.0400957,25.21815028,24.90215027,25.049467,24.99745027513571,24.844628503100004,25.25617933711795,26.01909374917823,27.879822293854662,25.895465199746816,0,0,0,0,29.234090513859922,24.800804271412098,55.83130501093753,80.13818993056668,4,28,24.800804271412098,,,24.5024985183598,25.9236863697,25.124437345,25.06477619438954,25.18409849561046,25.422743098052297,24.168628102039875,0,0.5,1.5,-10.151984700700678,0,0.003629808544142501,4,6.630403572350098,37.70763942392492,0,3.2041260793001167,25.9236863697,24.168628102039875,1,1,0,0,8,8,0,5,20,0,30,11,,0.8365026072278071,0.00006642573274874448,0,0.41135914260557627,1.793614406791522,,,,,,0.542471306310571,22.165362733534362,38.888888888888886,-3.4962351744458164,1,22.96839172399311,27.471266748455715,19.493204304974373,28.52083339082814,,,,6556189
2025-06-09,25.02603876,25.07289523,24.60264373,24.81518466,24.936695070090472,24.90854657372078,25.214179844059096,25.971881628033984,27.84932838705014,25.821711976720625,0,0,0,0,29.216740626630266,24.801892045170266,37.82561233499666,85.55091296691535,4,29,24.801892045170266,,,24.503900475371704,25.28374933,25.124437345,25.06483903104029,25.18403565895971,25.422428914798562,24.175259337225935,0,3,1.5,-10.89485421293322,0,-0.2915313922474383,4,6.545040377142033,19.348727548080657,0,3.1852512083335007,25.28374933,24.175259337225935,1,1,0,0,10,8,0,0,20,0,,12,,0.7817374459579052,-0.29579892129920604,0,-1.4234501784753197,2.8989372553994914,,,,,,1.0200682349266506,22.747624150585725,39.682539682539684,0.33052639852412546,2,22.672684941599535,27.381855702353153,18.119916929162574,30.998535511714362,,,,12632834
2025-06-10,24.83392725,25.12443734,24.70272914,24.91826889,24.930553010060315,24.94860629490606,25.185997848434422,25.930563481444416,27.82016361593521,25.74922451187112,0,0,0,0,29.202377507851022,24.808952911252046,27.73155853883177,91.41334244427054,4,30,24.808952911252046,,,24.51342019465338,25.28374933,25.124437345,25.06533080168027,25.183543888319733,25.419970061598665,24.223443977959224,0,2,1.5,-10.430904598537387,0,-0.09219834227075435,4,6.5567735121697455,11.596700698629256,0,3.0487093862583454,25.28374933,24.223443977959224,1,1,0,0,10,8,0,0,20,0,,13,,0.3553640281957951,-0.09993998432914647,0,-1.6148034567752294,4.587153120402858,,,,,,0.8909428548845314,23.29425741520399,41.26984126984127,2.557650987017105,2,22.71332971359966,27.14873909906456,17.74421726452524,29.023842277521396,,,,10787161
2025-06-11,24.86204113,24.969811,24.65118703,24.7589569,24.873354306706876,24.9512000762329,25.14532728191686,25.88461812530934,27.78970384761745,25.677014347941192,0,0,0,0,29.18840976361166,24.80624529281189,22.620479510716734,94.78237731428106,4,31,24.301466272775254,24.24373676853193,24.359195777018577,24.012818751558637,25.28374933,24.7589569,25.066707840756678,25.182166849243323,25.43164703394659,24.207713851174514,2,1.5,0,-10.90600664273466,0,-0.2768403889515256,4,6.300009021132564,9.969081559041406,0,0.8194605822318421,25.28374933,24.207713851174514,1,1,0,0,10,8,0,0,20,0,,14,,0.4696075167774508,-0.2868512310014187,0,-1.6265952459536885,5.116119071873143,,,,,,0.857801982592849,24.915637700300138,44.04761904761905,14.166901071464238,2,21.823871425487738,27.02773691146551,16.869798557173944,28.390735573250314,,,,10180021
2025-06-12,24.74021432,24.80581337,24.52467457,24.79644208,24.847716897804585,24.928372838629866,25.112100119829538,25.841944554905055,27.759920148437175,25.605291345529565,0,0,0,0,29.178346409700875,24.80587218062155,14.33477754371544,96.04089305500014,4,32,24.29532087186697,24.239204735783883,24.351437007950057,24.014740191451537,25.28374933,25.124437345,25.068321208916913,25.180553481083088,25.405018025415433,24.190362929277548,0,2,0,-10.675383980180554,0,-0.16921427581591225,4,6.131647082608343,7.321240681142122,0,3.329076023122636,25.28374933,24.190362929277548,1,1,0,0,10,8,0,0,20,0,,15,,0.032812175681453205,-0.18504749032925397,0,-3.217156136272533,4.59909626598209,,,,,,0.6389913425807051,27.71678999175445,51.58730158730159,30.489377056617368,3,21.24064856231826,27.152248722198983,16.115184482676817,29.133695523897728,,,,7437375
2025-06-13,24.7589569,25.11506605,24.40284776,24.44033293,24.711922241869722,24.857813413832034,25.048122292226726,25.786979393144073,27.72688942984576,25.532121607925067,0,0,0,0,29.159787697871927,24.78345930893251,32.11179542188366,97.08190548338177,4,33,24.09664850621234,24.01389397,24.13398144463647,23.78002623990568,25.28374933,24.44033293,24.99100006747642,25.10793393252358,25.37580385037728,24.13398144463647,2,0,0,-11.85331844800465,0,-0.6289418104912327,4,6.138173081811419,17.53627084104977,0,0.32748370760683676,25.28374933,24.13398144463647,1,0,0,0,10,8,0,0,20,0,,16,,-0.4538800701777295,-0.6503228210225008,0,0.4340700328948728,5.095336622336311,,,,,,1.0803067693731623,29.961373602066566,56.74603174603175,40.90680471117683,3,21.263255286698023,26.303639823551432,19.085077344898856,25.965001041422127,,,,12764155
2025-06-16,24.47781811,24.56215975,23.9249118,24.16856543,24.530803304579816,24.73184770354458,24.964354972014657,25.72351217890313,27.69148322089207,25.456024994564622,0,0,0,0,29.139254277133418,24.746113262118396,34.969297848842146,97.51227336555823,4,34,24.01942096186515,23.9249118,24.06177573384878,23.684990052412417,25.28374933,24.16856543,24.989486563103103,25.109447436896897,25.234994674081378,24.06177573384878,2,7,0,-12.722026345754479,0,-0.9276589123174972,4,6.092017181000901,14.953498218089251,0,0.10013762914314103,25.28374933,24.06177573384878,1,0,0,0,10,8,0,0,20,0,,0,,-0.6529570949848429,-0.9575848172468018,0,-0.22254157451186662,4.970612017188447,,,,,,1.1177174144829782,31.37036451817801,59.92063492063492,48.650995729554595,3,21.103366556152167,26.414703341810654,17.27467658240076,30.61643614902931,,,,13461246
2025-06-17,24.19667931,24.46376117,24.07485249,24.13108025,24.397562286386545,24.57541584353289,24.88499547467993,25.66106386796575,27.656056325659314,25.37731784483938,0,0,0,0,29.117926529529456,24.709586028343974,46.00924105151246,98.03367755299365,4,35,24.003846875286406,23.944678356382145,24.063015394190668,23.708004280765103,25.28374933,24.13108025,24.99029848109574,25.10863551890426,25.23417869649878,24.03251872947423,2,0,3,-12.745765463273367,0,-0.8719242907178576,6,6.03723164367964,17.47939204790746,0,0.08934970476896519,25.28374933,24.03251872947423,1,0,0,0,10,8,0,0,20,0,,1,,-0.8488591210598726,-0.8966436579044829,0,0.8184775150011694,5.450083793565505,,,,,,1.1414552196017314,32.487321514960854,64.28571428571429,55.34076650470059,3,20.913583887831397,26.51783375162278,16.260884627371322,28.81966174856498,,,,13994258
2025-06-18,24.08422379,24.33724871,23.97645391,24.0654812,24.286868590924364,24.406357054947183,24.806946496138984,25.59849199863376,27.62032920998111,25.296211817454868,0,0,0,0,29.098940888871194,24.677397335349227,53.14903907807623,97.96454974712574,4,36,23.9974637008312,23.93930012256296,24.055627279099443,23.70664580948999,25.28374933,24.0654812,25.54997677728538,25.781956672799996,25.910866456163994,24.035777248213964,2,0,0,-12.870404197414494,0,-0.8644779801249771,6,6.023389485655395,20.87039014697688,0,0.016096341772981276,25.28374933,24.035777248213964,1,0,0,0,8,8,0,0,20,0,,0,,-0.8399899193459337,-0.8832504763208519,0,0.9966861793874795,4.939713047936298,,,,,,0.9994861574785608,33.33404804298043,66.66666666666667,59.75574596850605,3,20.865633245862618,26.790117966094297,15.360277668079824,28.73398495789321,,,,12394898
2025-06-20,24.16387978,24.47313246,24.00925344,24.17793672,24.25055796728291,24.25991287559264,24.747040803173366,25.542783948491262,27.58607654838926,25.214027944135513,0,0,0,0,29.06199148413427,24.631739317569927,97.24893585248633,91.65128691474963,4,37,23.981558248652515,23.92340743472486,24.03970906258017,23.69080417901425,25.28374933,24.44033293,,,24.731086999638265,23.979271492027397,0,6,2.5,-12.35456525472543,0,-0.6005846721704406,6,3.999975470077507,64.85356078674158,0,4.47866846014426,25.28374933,23.979271492027397,1,1,0,0,8,8,0,0,20,0,,0,,-0.6449083733663236,-0.6137329297586112,0,5.193714987317131,3.01451148046964,,,,,,1.9812363645521425,32.35167786738698,63.095238095238095,133.4795558772515,3,13.85632148640689,26.59168300084848,16.35262719300342,26.68741417147572,,,,24954349
2025-06-23,24.19667931,24.44033293,24.00925344,24.29039224,24.263836058188605,24.15620841489048,24.70355046382352,25.49367054815827,27.55328366969882,25.13203617195494,0,0,0,0,29.040489964651602,24.61391030716472,81.66315254033475,85.896809991302,4,38,23.97322277203032,,,23.683992230134074,25.28374933,24.44033293,24.382486821620752,24.49817903837925,24.729563471896245,23.956043671202522,0,4,2.5,-11.842114605335125,0,-0.3553021435520756,6,4.011782680038035,61.143959138371066,0,1.6744056683031971,25.28374933,23.956043671202522,1,1,0,0,8,8,0,0,20,0,,0,,-0.6342270865803209,-0.36660791829508016,0,3.1127231956092505,1.4300053622429414,,,,,,1.200309608502011,31.7947438128098,60.317460317460316,128.7848739972985,3,13.897222861501426,26.40742196169165,15.264567489045998,24.911705618954635,,,,15043855
2025-06-24,24.31382047,24.45907552,24.16856543,24.39347647,24.307049528792405,24.103524253746322,24.6740196072689,25.450525682348143,27.521842802040126,25.05132310979898,0,0,0,0,29.022350705463612,24.604332711795454,79.87879217988221,88.4677639131269,4,39,23.959956360873978,,,23.678415942952466,25.28374933,24.44033293,24.3840248464157,24.496641013584302,24.721873347921512,23.972040692209838,0,2,0,-11.366849068000013,0,-0.14727834353268382,6,3.961859354309931,41.84425197136377,0,1.6633215267894965,25.28374933,23.972040692209838,1,1,0,1,8,19,0,0,20,0,,1,,-0.27928622691234767,-0.1548888953332567,0,2.134903865936514,2.911162094955623,,,,,,1.0323758054041914,31.370091857191447,58.333333333333336,128.57362362636673,3,13.724283388213653,26.168161808683593,14.858597505938182,23.7641442633957,,,,13082722
2025-06-25,24.36536259,24.39816211,24.06979199,24.11233767,24.242145575861603,24.060258172206055,24.620526089433767,25.39804772107959,27.487917377840724,24.970548972844064,0,0,0,0,28.99677816140915,24.5772399428145,76.75743650082075,85.7216893804426,4,40,23.906989041811965,,,23.630899273384845,25.28374933,24.11233767,24.385114976314576,24.495550883685425,24.839905739483395,23.9249118,2,0,1.5,-12.280230842668113,0,-0.5202250870238981,4,3.543635756061617,46.92954163544123,0,0.2576059586192101,25.28374933,23.9249118,1,0,0,0,8,8,0,0,20,0,,2,,-0.6899860873030513,-0.5233579212315626,0,1.8095183421246137,1.9318667075162392,,,,,,1.3508600570198976,30.47214146258751,55.95238095238095,148.23515010134903,3,12.275514346032944,26.175958953199892,14.069659061554137,24.09948891615552,,,,17547353
2025-06-26,24.21542189,24.55278845,24.07935071,24.16856543,24.2176188605744,24.032124564583107,24.57748221710674,25.349832729272546,27.45488900025027,24.89074904650664,0,0,0,0,28.973856721698343,24.557618437278848,73.75310590369725,81.46674874764562,4,41,23.884397706734863,,,23.60689302265968,25.28374933,24.44033293,24.384831993184964,24.495833866815037,24.717837614075183,23.9249118,0,0,3,-11.969902956884331,0,-0.36170976320388104,4,3.4141170568253254,49.15862157576761,0,1.8573420903423743,25.28374933,23.9249118,1,1,0,0,8,8,0,0,20,0,,3,,-0.46414095647898673,-0.3683295697598117,0,1.6176183780760214,1.4470798642132807,,,,,,1.204865723302632,30.55825221215412,56.74603174603175,158.38034910638262,3,11.826848410817965,25.588838100376275,15.485582138778714,22.26399744546268,,,,16070985
2025-06-27,24.22479319,24.29039224,23.84057016,23.99988215,24.1450399570496,23.99973514634805,24.5224726869061,25.2968934908697,27.420510822635837,24.811422254059817,0,0,0,0,28.924224805069237,23.99988215,62.62342769471799,96.94802179250476,4,42,23.90529746511628,,,23.627533201332184,25.28374933,23.99988215,24.122383867243183,24.23348957275682,24.734815062054558,23.78172597150364,2,5,8,-12.47470805617553,0,-0.5473097879896541,4,2.8480933469972904,24.28736806854417,0,0.2968382214459416,25.28374933,23.9249118,1,0,0,0,8,8,0,0,20,0,,0,,-0.6847657548149613,-0.5568898361601524,0,1.1281271376319069,4.431180005434171,,,,,,2.3666205867556456,29.387038679609574,53.96825396825397,197.85917498536742,3,9.866084763396406,25.622429462231455,14.366031048819295,24.49212292031663,,,,34119274
2025-06-30,24.01393909,24.24353577,23.89679792,24.19667931,24.162253074699734,23.99293083468918,24.491444746248376,25.253747836717945,27.388432897136973,24.734296465148763,0,0,0,0,28.89861454965204,24.069373216016583,81.75485609490909,83.10940368647212,4,43,24.14898645227109,,,23.875583124739425,25.28374933,24.56215975,24.507479084493667,24.61684041550633,24.835563077531663,23.9249118,0,4,0,-11.6536553921295,0,-0.17890789402256385,4,2.9646172118809755,70.47664464095544,0,2.3307980767944256,25.28374933,23.9249118,1,1,0,0,8,8,0,0,20,0,,0,,-0.08989891134286473,-0.19104610566158894,0,4.459020796795333,1.4319416939240952,,,,,,1.2869080656183096,27.293592856878906,49.6031746031746,165.76724846498905,3,10.269735271942073,25.65362144109698,13.552664629058135,23.10544414561877,,,,18624283
2025-07-01,24.22947883,25.17597946,24.2060506,24.93701148,24.42050587646649,24.089757721613854,24.53387967327234,25.24132680312116,27.364040644230137,24.664108224274603,0,0,0,0,28.871784704355193,24.336344339827246,87.8198486447703,95.13570401922054,4,44,24.93701148,23.84057016,23.984063411265833,23.721367309199998,25.28374933,24.97449665,24.91497799497626,25.034015305023736,25.272089925118685,24.01389397,1,0.5,0,-8.869410756199454,0.0030384189659921346,0.952500505642692,4,4.336814358625681,46.38603891333083,0,3.2279045271331825,25.28374933,24.01389397,0,1,0,1,8,19,0,0,20,0,,1,,1.024307351727937,0.937051047015506,1,3.0739731372249715,3.7845097887379495,,,,,,1.550413144934298,26.82794001973152,48.41269841269841,78.57714339775855,3,15.023165624267824,24.742624024127853,25.549539880062675,19.71107547057946,,,,23442279
2025-07-02,24.98386794,25.41494744,24.8386129,25.35871968,24.73324381097766,24.294612570873163,24.612435864389262,25.245930445351703,27.344087201799987,24.603222060790976,0,0,0,0,28.854603693442144,24.52296119865213,85.0279193702975,85.56458345611875,4,45,25.28565080392129,,,24.983584970775365,25.9236863697,25.9236863697,25.863273203070815,25.984099536329186,26.225752202845925,24.83700886,0,1.5,0,-7.2606831127619245,0.0651258861974705,1.499198915569698,4,4.618600140994159,52.25571229853117,0,3.5974856817885725,25.350012565213802,24.83700886,1,1,0,0,13,8,0,0,20,0,,2,,1.521007089579764,1.4783239605920155,2,2.781087944158341,1.842394123833973,,,,,,1.1116676706586455,25.282391353420113,45.23809523809524,58.02185735992934,3,15.999300208093326,24.385660976885625,26.905044370131066,18.03213481550164,,,,17011567
2025-07-03,25.38683356,25.44306132,24.90421195,24.98386794,24.816785187318438,24.515823368684853,24.647810347780762,25.23565348435752,27.320602433025858,24.548752610321266,0,0,0,0,28.84441868955809,24.56427698601636,88.28541897578158,89.89602883394207,4,46,24.97449665,,,24.66995117234664,25.34382596807295,25.5142388631,25.45332976756933,25.575147958630673,25.81878434075336,24.01389397,0,0,4,-8.553012323773478,0.02159217932324392,0.8214398621598158,4,4.85725000810339,49.135740873979714,0,4.92650524532735,25.34382596807295,24.01389397,0,1,0,0,8,8,0,0,84,0,,0,,1.1727374345859514,0.8070030553103716,3,3.6157383862809347,3.54346942358885,,,,,,0.6097883567032494,23.567552969915493,41.666666666666664,40.06622089269909,3,16.82600759819882,24.110713740082982,25.191956010038112,16.60779258167878,,,,9176852
2025-07-07,24.92764018,24.99323924,24.34662,24.44033293,24.691301101545626,24.659417950564507,24.628050593706405,25.204464443010167,27.2919430349858,24.496918610203064,0,0,0,0,28.82765416486506,24.550000965219645,57.61300943541891,90.30234602166614,4,47,23.7234185308366,23.661086698915263,23.785750362757938,23.411759371229913,25.2968796051634,24.44033293,24.490456618078664,24.61512028192134,25.437642240741408,23.84057016,2,0,3.5,-10.44854190605005,0,-0.03295022206902093,4,5.325313475371834,21.61408756953307,0,0.6013808991256018,25.2968796051634,23.84057016,1,0,0,0,8,8,0,0,84,0,,1,,0.44268305916373607,-0.04241426380850129,0,-0.8901844957172491,2.858093905895382,,,,,,0.8807794078025841,21.94856986470256,38.492063492063494,18.97903079619668,2,18.447427011150417,22.419325293529155,22.858591444017616,23.056612463888893,,,,13326554
2025-07-08,24.42159035,24.96512536,24.30913483,24.7683282,24.716976801030416,24.759313908023373,24.641410365734366,25.187361060931337,27.266832439612806,24.449498591155383,0,0,0,0,28.813067603344255,24.571481117451665,76.59666330419539,67.19908877953262,5,0,24.571481117451665,24.507744500935424,24.635217733967906,24.252798034870455,25.25326652953548,24.97449665,,,25.29317973258121,24.01389397,0,4,3.5,-9.16316277347647,0,0.47353993478694745,6,5.495456735484552,75.87326493290567,0,2.1393837619544094,25.25326652953548,24.01389397,1,1,0,0,8,8,0,0,84,0,,2,,0.6724464931210491,0.46284564613822754,1,3.848531968831643,-0.06636492313327735,,,,,,0.8180312903364065,19.90823162187417,26.58730158730159,4.577503192416696,2,19.03682055331169,20.93720468785343,20.758007664346614,21.462944220262422,,,,12625389
2025-07-09,24.79644208,24.8995263,24.41221905,24.78707078,24.740341460686945,24.82626307525367,24.655282786140617,25.1716634028556,27.242158194243522,24.40611925991421,0,0,0,0,28.797272619697868,24.592467323729423,87.45242932565088,79.4264791587599,5,1,24.592467323729423,24.52893236508934,24.656002282369506,24.274792530529012,25.249587008133023,24.97449665,,,25.29217144320041,24.01389397,0,4,0,-9.012088531085254,0,0.47674712705601896,6,5.417112745502082,60.911114575592336,0,2.0685295102688404,25.249587008133023,24.01389397,1,1,0,0,8,8,0,0,84,0,,3,,0.5729298327196354,0.4662095661310631,2,5.1664154577413015,3.4449615739787505,,,,,,0.8931623746139213,17.289926974046484,13.88888888888889,-7.862873991101478,1,18.765429011077075,19.560949839725975,19.33647197881519,19.993133551578776,,,,13838809
2025-07-10,24.49656069,25.06820958,24.22479319,24.80581337,24.762165430457962,24.88261010510303,24.669619032222464,25.157316342743616,27.217915957186374,24.366448452166715,0,0,0,0,28.779431023774478,24.61385284336373,93.23043422919275,83.6845802743457,5,2,24.61385284336373,24.54732559257294,24.680380094154522,24.281216589409777,25.232853943659695,25.16775775489803,,,25.566921259642776,24.01389397,0,5.5,3.5,-8.862186917545776,0,0.47941647687756533,6,5.400055632764791,69.88018324967503,0,1.860894875222024,25.232853943659695,24.01389397,1,1,0,0,8,8,0,0,84,0,,4,,0.9023229396059036,0.4690027566975691,3,5.888240045467409,2.899351233750065,,,,,,1.0057978676455919,16.241531332314366,11.11111111111111,-13.17633442636908,1,18.70634143929424,18.755474628807395,17.147694179673323,20.245453553209693,,,,15838009
2025-07-11,24.6277588,25.83665563,24.30913483,25.43369002,24.986006960305307,24.998110279930735,24.742387697725086,25.168154526165434,27.200162465274072,24.33387763557467,0,0,0,1,28.73063513201006,24.818149549098496,99.85431679676195,97.07516871355521,5,3,25.43369002,24.742735666221332,24.89356343197566,24.227067893965398,,25.44306132,,,25.820130734385817,24.01389397,1,5,10,-6.494345199332149,0.06458801244343948,1.3722796473195134,6,5.909364419460511,73.27138465717388,0,0,,24.01389397,0,1,0,0,8,8,1,0,84,0,,5,,1.5167040995475158,1.352665372221616,4,8.456710863158438,4.9196650858867885,,,,,,2.936260737342511,15.04286042326072,8.73015873015873,-26.514943923999578,0,20.47063882989073,18.595307161385396,23.14449944948265,16.584069223623953,,,,52440899
2025-07-14,25.54614554,26.08968055,25.43369002,26.05219538,25.34140310020354,25.202474656602593,24.86713128651317,25.20282279494326,27.188739907211644,24.311395180077763,0,0,0,0,28.703155873745082,25.00382675076597,99.55437321276979,29.718716036447358,5,4,26.05219538,25.126938559682323,25.278707030204195,24.838047615825012,,26.35428275900002,26.278398523739085,26.430166994260958,26.733703935304703,25.16796424,1,0,0,-4.180203021877386,0.1698122536266689,2.1469984572328635,0,6.329029083717824,91.38997125952,0,0,,25.16796424,0,1,0,0,16,10,0,0,84,0,,6,,2.3584980290133513,2.1084195718025898,5,6.961969915418683,-0.8976380206652123,,,,,,1.9260465062380179,17.883903464942193,19.444444444444443,-18.42922237307573,1,21.924399871160734,18.89445681648933,24.33521349106929,15.304042350858825,,,,37271849
2025-07-15,26.0240815,26.18339349,25.37746226,25.41494744,25.365917880135694,25.37554094291255,24.919304253511918,25.211141408474894,27.17109023092098,24.293890271087374,0,0,0,0,28.684826025592724,25.035057951796624,95.6536349796823,77.45629976915967,5,5,25.061162456166844,24.983502708870976,25.138822203462713,24.672863719687495,25.762804535706735,25.44306132,,,25.83136005647935,24.22479319,0,0,3.5,-6.463276872572724,0.05336791954716627,1.0197157688377163,0,6.691600985705162,39.889084550970296,0,1.8069646218825794,25.44306132,24.22479319,1,1,0,0,8,8,0,0,84,0,,7,,1.4269433563773302,1.007350656323063,6,3.2528742393631953,4.138035913257942,,,,,,1.0321063407016275,20.18219592243604,29.365079365079364,-12.934167222851038,1,23.18038578243864,19.33265659114447,23.157777061900997,13.885996908897415,,,,20365030
2025-07-16,25.51803166,25.8835121,25.38683356,25.84602693,25.525954230090463,25.54603762904501,25.007563556034594,25.23603887990725,27.15790552145908,24.2832411884203,0,0,0,0,28.669407684706,25.091229745182574,96.7680757492567,77.82608014988193,5,6,25.84602693,24.97449665,25.159503841603897,24.668307640758197,,25.941140528468196,25.864593276157745,26.017687780778648,26.32387679002045,25.16796424,1,0,0,-4.8305587867315,0.007918587947928907,1.5513589071269351,0,6.698784322056007,68.7748664601686,0,0,,25.16796424,0,1,0,0,10,8,0,0,84,0,,8,,1.0633487035834313,1.5338909712034277,7,4.8613861361022925,1.9528225014297695,,,,,,0.9947402958714238,21.937700082069565,39.285714285714285,-5.462420949412339,1,23.20526958949368,19.739556381895667,21.816172162221527,13.081536211304815,,,,19950497
2025-07-17,25.95848245,26.38019065,25.89110285,26.36144806,25.804452173393642,25.749039315393503,25.13650493736463,25.280172573244222,27.14998057159382,24.28156380686333,0,0,0,0,28.658424163102175,25.16423714200972,98.03755711069104,58.06643599215999,5,7,26.36144806,26.224509534640315,26.37620735535972,25.284311567122366,27.0065920403,27.50614542049998,27.35444759978057,27.50614542049998,27.809541061938795,25.59351225,1,1.5,0,-2.904357553827626,0.018658709073448604,2.13470260827152,0,6.870482445453025,88.12236233386758,0,0.5989435736008326,27.0065920403,25.59351225,0,1,1,0,11,8,0,0,84,0,,9,,1.1492696725875888,2.1207982706004036,8,6.36999632812314,-0.38539551138857153,,,,,,0.8680473898393465,25.425454418463566,47.22222222222222,6.829418962299481,2,23.80004933606941,20.92956220026289,26.291051321586366,12.258979658132313,,,,17564503
2025-07-18,26.42236147,26.44110405,25.94911115,26.07093797,25.89328077226243,25.93573616866061,25.22549855952038,25.311182980960137,27.139243829289402,24.285922445993567,0,0,0,0,28.645596073265335,25.215701183803212,98.0453584282208,60.074451275475425,5,8,25.350751127801317,25.215701183803212,25.44770010402,24.916405484610024,26.368064378245172,26.316849353889225,26.24202542909093,26.39167327868752,26.690968977880708,25.44770010402,0,0,5,-3.936387712234113,0.03194118973239124,1.5141557049482868,0,7.011015991228775,75.90536872891185,0,2.3421744096919945,26.368064378245172,25.44770010402,1,1,0,0,10,8,1,0,84,0,,10,,1.25552951785913,1.5248182407327555,9,4.975736136113304,0.9073999708471445,,,,,,0.895543607828538,28.253151019798235,53.57142857142857,16.330959501040667,2,24.286871818972223,22.12377965974139,25.474411432601684,11.539274438594742,,,,18389287
2025-07-21,26.20213607,26.25836383,25.71482882,25.75231399,25.84629184484162,26.07534774898658,25.275671457661296,25.3284822362166,27.12544353238105,24.29378484513929,0,0,0,0,28.631703866639857,25.24379028791929,97.455484051928,77.45169507629195,5,9,25.36206396606887,25.24379028791929,25.43369002,24.94646088831133,26.445859592204386,25.83665563,,,26.20831737950995,24.83700886,0,0,6.5,-5.0621459543762715,0.06440022442605384,0.9355004958349912,0,7.196397492872643,47.93175831975042,0,2.607766121423648,26.445859592204386,24.83700886,1,1,0,0,8,8,0,0,84,0,,11,,1.5152017954084307,0.950206131028657,10,4.324519825745558,4.12866228190289,,,,,,0.8867531814490957,30.62152433401651,59.92063492063492,22.83469148800384,3,24.92905217823341,22.49311622565103,23.81124467317834,13.600028001964283,,,,17895824
2025-07-22,25.79917046,26.99775887,25.77105658,26.97058212,26.221055269894414,26.28558196311559,25.437091520741173,25.39287831009046,27.12390262280512,24.312336228168984,0,0,0,0,28.623589919390053,25.331501285018497,96.04032940573731,44.18369497929246,5,10,26.20258521259576,26.12244227268677,26.282728152504752,25.801870513050808,26.77372001429953,27.424672808799972,27.34452986889098,27.504815748708964,27.825387508344924,26.08569517,0,1.5,0,-0.5652597450199186,0.17523272036588183,2.556066710395114,0,8.386487831184745,75.61103164800767,0,1.425290368315277,26.77372001429953,26.08569517,1,1,0,0,16,10,0,0,84,0,,12,,2.4018617629270547,2.5232291081463836,11,4.00147648358446,-0.06161360296116758,,,,,,0.8992813527355668,35.518645224711655,71.82539682539682,22.260353765046517,3,29.051646041340195,23.893449086640732,28.744830402008045,11.712988368451592,,,,18294836
2025-07-23,27.08303764,27.31731998,26.94246824,27.12052282,26.520877786596277,26.537535877377923,25.597418311146775,25.46062907518495,27.12386899292646,24.34135477228252,0,0,0,1,28.618464907808637,25.392964584484798,97.0486593697823,54.62856275890934,5,11,27.12052282,26.1482576254631,26.30378829493694,25.876277464209284,,27.405604963349973,27.327839628613052,27.483370298086893,27.79443163703457,26.46472160184,1,0,10,-0.012336635777632173,0.18764905366336343,2.4981408662762603,0,8.38587054400657,77.27124522818127,0,0,,26.46472160184,0,1,0,0,16,8,0,0,84,0,,0,,2.5011924293069074,2.4538278940853764,12,4.554700258293499,0.16674258401318942,,,,,,0.6303056753910138,39.750476160980455,76.58730158730158,36.83700452757604,3,29.049507695829274,25.551771114920612,31.176718845097092,11.208880850006222,,,,12814381
2025-07-24,27.16737928,27.29857739,26.90966872,26.97058212,26.670779231064184,26.782327039933335,25.728195816751843,25.519842920079657,27.12234375040978,24.378521670284453,0,0,0,0,28.615221747575312,25.423699972667215,88.87941412670672,71.77189723696672,3,0,26.188135855691502,26.11245278888222,26.263818922500786,25.80972052164509,27.28589645936173,27.38668744614997,27.311004379340687,27.462370512959254,27.765102780196383,26.08569517,0,0,8,-0.5595446758080671,0.16254312906244178,2.0337853931638867,0,8.279034011818712,40.640281132299,0,2.9009411218404497,27.28589645936173,26.08569517,1,1,0,0,15,8,0,1,84,0,0,0,,2.3003450324995343,2.0055358293725343,13,2.0083820052172348,2.676148698461695,,,,,,0.3738489156543284,42.49363706328349,80.15873015873017,48.16772562058537,3,28.6794150921216,26.992053309113036,29.746306377758042,11.081554889983357,,,,7411034
2025-07-25,26.94246824,26.998696,26.57886206,26.87686919,26.73947588404279,26.980642673103468,25.837593280870713,25.57305963654712,27.119901217470378,24.422017464115214,0,0,0,0,28.61129661968824,25.455540990341568,93.87767015010584,58.78983273918976,2,0,26.12922726616177,26.05520161537458,26.203252916948962,25.759099012225814,27.430886774799728,27.365411297599973,27.29138564681278,27.439436948387165,27.73553955153593,26.08569517,0,2,4.5,-0.8961390586254,0.06517129952929038,1.7049106610700042,0,8.323359347335751,82.11032086353826,0,3.51677964272132,27.430886774799728,26.08569517,1,1,0,0,10,8,1,1,212,0,1,0,,1.521370396234323,1.6887863361128312,14,5.529208482545875,0.2158881550791042,,,,,,0.43822862877315544,44.05586596262717,83.33333333333333,52.796875705280286,3,28.8329625584777,27.35802730771084,28.240010336861356,14.510416185130131,,,,8521860
2025-07-28,26.76441367,26.77378496,26.28647771,26.47390358,26.650951782695195,27.067655334236804,25.89819426174017,25.60838685001586,27.11347338028162,24.468127893764933,0,0,0,0,28.60561056446396,25.481235620405066,95.05221702761192,73.32963688426182,2,1,26.127672203177642,26.053662746375252,26.201681659980032,25.757624919165686,27.22963767354,27.34212032099997,27.26811086419758,27.41612977780236,27.712167605011928,25.85783271,0,1,4,-2.3588634009051255,0,1.0118004411780994,0,8.486965845165786,52.169032214373615,0,2.977904494839511,27.22963767354,25.85783271,1,1,0,0,8,8,0,1,212,0,2,0,,0.5013671770415146,1.010750495172011,15,3.87836602157702,3.080165712780965,,,,,,0.5518142508898636,44.96043380423059,85.31746031746032,52.92814318641703,3,29.399712091857754,26.92791257653469,26.228604558182145,17.004258792520424,,,,10067045
2025-07-29,26.47390358,26.82064143,26.4457897,26.76441367,26.688772411796798,27.11085091090043,25.980691348241105,25.653721235113277,27.110000149333544,24.51753023251876,0,0,0,0,28.59882060438307,25.524755407974546,95.46572835284894,41.571313140519294,2,2,26.116119039468373,26.04404908199115,26.188188996945595,25.755769252082267,27.31731998,27.31996688374997,27.31996688374997,27.46410679870441,27.752386628613294,26.08569517,0,0,0,-1.2747564641457225,0.05814695833191291,1.3060442914077977,0,8.502470201674123,86.069293761834,0,3.3334304128354337,27.31731998,26.08569517,1,1,0,0,8,10,0,1,212,0,3,1,,1.4296201110997477,1.302648394914438,16,3.7560690521509796,-2.5175712711825424,,,,,,0.7776220726312878,44.96824249938127,85.31746031746032,52.67578889538588,3,29.453420758279957,26.60654069697637,25.591055519737296,16.214590069331937,,,,14007056
2025-07-30,26.97526777,27.35480515,26.38956194,26.69881462,26.6921198145312,27.116018104267965,26.049084040789573,25.69470528942256,27.105908751031716,24.569066742954483,0,0,0,0,28.589966176665275,25.57322261778056,96.67799186923867,52.96567750121477,2,3,26.10789241271156,26.032352066393425,26.183432759029696,25.73019068112089,27.31731998,27.297440449649972,27.297440449649972,27.44852114228624,27.750682527558773,26.08569517,0,0,3.5,-1.5018649061755622,0.008888888888888889,1.1042859436055315,0,8.106299864114513,71.59999613926102,0,3.20207048613467,27.31731998,26.08569517,1,1,0,0,8,8,0,1,212,0,4,2,,0.922003862649051,1.106885908720828,17,4.676373471805861,1.2280340593764216,,,,,,1.0030252289480397,43.90302852711901,82.14285714285714,56.343990249988096,3,28.08104645207004,27.115106223708345,28.985029357939858,14.364700794192277,,,,17783369
2025-07-31,26.29116336,26.29116336,25.69608623,25.73357141,26.372603679687465,26.99228376701991,26.019035218809613,25.696229451013835,27.092253653111,24.61646579633925,0,0,0,0,28.57683244382168,25.579525986822244,99.61858501358304,67.52240720205384,2,4,25.66366104240223,25.584563503053246,25.74275858175121,25.26817334565732,26.465139205,26.090367839738168,,,26.485855536483076,24.83700886,0,0,5,-5.015021121932336,0,-0.24346328385385715,0,8.906739653153254,83.50047077777346,0,2.0265565002259205,26.465139205,24.83700886,1,1,1,0,1,8,0,1,212,0,5,3,,-0.5055494542117811,-0.22847638233916628,0,6.980288049491055,1.4158788028775493,,,,,,0.9924864589875763,42.52897132725882,78.57142857142857,37.840073923446624,3,30.85385121809967,25.97138638615203,25.704257281485226,20.566771742654232,,,,17627063
2025-08-01,25.95848245,26.07093797,25.35871968,25.68671494,26.143974099791645,26.785410236268394,25.98738566844679,25.695856332934863,27.07826819327905,24.659326913481816,0,0,0,0,28.56411742639664,25.583428087586704,95.10808296748377,67.84758420098912,2,5,25.583428087586704,25.503621280601937,25.66323489457147,25.184394052662864,26.465139205,25.695856332934863,,,26.094890367858703,24.83700886,0,4.5,5,-5.139003880700314,0,-0.26242388403727895,0,8.76043003723294,53.3950347732805,0,2.20961381798317,26.465139205,24.83700886,1,1,0,0,8,8,1,1,212,0,6,4,,-0.27064960028761625,-0.24335312944919998,0,2.8288072649728164,1.9370921653371567,,,,,,0.933428531021877,40.67554234779867,74.2063492063492,34.03471761160957,3,30.34701984127992,24.26324135513082,23.656114525156198,22.70235577720165,,,,16940505
2025-08-04,25.50866037,25.53677425,24.94169712,25.11506605,25.801004749861097,26.465921346554545,25.904307609547097,25.673080243408005,27.058733843594684,24.69436800263824,0,0,0,0,28.55135635133991,25.569464991743168,88.87358978606684,74.27840221726044,2,6,24.419270154530267,24.257753623344268,24.47162638198689,23.93472056097227,25.77169808856,25.159078802399996,25.078320536807,25.239837067992994,25.562870130364992,24.47162638198689,0,4,3.5,-7.18314391511999,0,-0.9671553461655529,0,8.774872156496032,40.894949272493655,0,2.791103226604727,25.77169808856,24.47162638198689,1,1,0,1,8,14,0,1,212,0,7,5,,-0.5183703276823249,-0.9652689926918583,0,1.6403495283664533,2.3483007633334116,,,,,,0.7858043139838851,38.33423697289097,72.61904761904762,26.11170647707382,3,30.397048809945215,23.096025440949827,21.707593623236587,25.44296383579487,,,,14299548
2025-08-05,25.11506605,25.57894507,25.11506605,25.33997709,25.64732886324073,26.11453882196277,25.850561845780707,25.66001737464691,27.041631786344986,24.72369699455803,0,0,0,0,28.54254772929554,25.564489208212056,79.52825922574408,60.440152798607215,2,7,25.176552553799993,25.097420958785065,25.25568414881492,24.780894578725356,26.17473819684,26.040330051587773,26.00586642460002,26.17473819684,26.49126457689971,24.573384871336017,0,1.5,2,-6.292721939969084,0.053159028830916444,-0.5568728028036685,0,8.722555642923341,50.29066477052145,0,2.5228497993796446,26.17473819684,24.573384871336017,1,1,0,0,8,8,0,1,212,0,8,6,,-1.4252722306473316,-0.5429767995720518,0,0.7013653426533253,0.258488378465765,,,,,,0.5873857201696095,35.39908967999626,67.06349206349206,17.154162108411118,2,30.21581909077968,21.930957523865306,21.04723168624041,24.11126969392435,,,,10630262
2025-08-06,25.35403403,25.67312657,25.16192252,25.54614554,25.613601088827153,25.81010444807013,25.821569816658734,25.655551812503894,27.02675132618235,24.748963903269324,0,0,0,0,28.53556293366325,25.564156555813067,88.57222469602547,36.03275320018922,2,8,25.201842698999993,25.123799038896845,25.27988635910314,24.811624398484255,26.17473819684,26.021809354402055,25.982596830700015,26.17473819684,26.48691283725259,24.83700886,0,3.5,0,-5.4782972926087545,0.044258129087564546,-0.20305691168644913,0,8.749974926087102,88.73099322728899,0,2.493208279965767,26.17473819684,24.83700886,1,1,0,0,8,10,0,1,212,0,9,0,,-1.3540650327005164,-0.18303512868239022,0,4.509791178984258,-2.264529006252883,,,,,,0.507051656600311,31.704313114560577,60.317460317460316,4.597406654222909,2,30.310802273873183,20.660589127241792,20.89378277087853,22.701141112659034,,,,9055131
2025-08-07,25.63048718,26.01471021,25.4618039,25.91162598,25.712942719218102,25.608198513854113,25.830146594119807,25.66559393671943,27.015655551593472,24.772569314759316,0,0,0,0,28.528897959762805,25.570906458167535,93.88985877173229,21.293998480743944,2,9,25.673955609639687,25.596549833204623,25.751361386074752,25.286926727464362,26.59876853424,25.96261273880002,,,26.349641620975344,25.16796424,0,3.5,0,-4.08662884187666,0,0.3444135783733138,0,8.840470598159458,94.23357280663566,0,2.389519147517704,26.59876853424,25.16796424,1,1,0,0,8,10,0,1,212,0,10,0,,-0.8627671187258413,0.3614879404319215,1,5.999689722843511,-3.1028068209454287,,,,,,0.5632988445232651,26.94972319770844,49.20634920634921,-11.998859280057616,1,30.624288477662002,19.543613139079277,23.50133775894382,21.253343551609458,,,,9892151
2025-08-08,25.8835121,26.14122267,25.79917046,26.01471021,25.813531882812068,25.514702216132466,25.84772408134649,25.679284770965726,27.00569589645324,24.795776516506447,0,0,0,0,28.522929666455962,25.578838395073785,96.21593576612608,11.791262128388695,2,10,25.668383335964243,25.59345250597097,25.743314165957518,25.29372918599787,26.859388072039998,27.074134970549977,26.92427331056343,27.074134970549977,27.373858290523078,25.16796424,0,1.5,5,-3.6695432335938776,0,0.4817886192313756,0,8.514075905350118,95.25463116742921,0,3.178944464335032,26.859388072039998,25.16796424,1,1,0,0,8,10,1,1,212,0,11,1,,-0.6708346195949081,0.49712433808995105,2,5.177901468336678,-4.565481535007896,,,,,,0.6016471287942807,21.29817612534292,37.301587301587304,-27.787185268762677,0,29.493624095128784,18.736560258822692,24.050959118547205,20.387097840592453,,,,9266811
2025-08-11,26.07093797,26.26773513,25.38214791,25.70545753,25.777507098541378,25.466611254476625,25.834174885980158,25.680311153672953,26.99275820126465,24.81737805755525,0,0,0,0,28.51292034590995,25.58214834810258,97.90166135621152,9.667897812905167,2,11,25.669279121459972,25.591793464859073,25.74676477806087,25.28185083845548,26.465139205,25.916166501100015,,,26.303594784104508,24.94169712,0,4,5,-4.769059396102534,0,0.03637183672590113,0,8.252450074613126,95.23650950399724,0,2.0542126593550702,26.465139205,24.94169712,1,1,1,0,19,10,0,1,212,0,12,2,,-0.585453914024795,0.05211875125376149,0,6.8750407475473185,-2.9012050992417233,,,,,,0.9777329143139705,19.74092164606283,25.793650793650794,-30.945196133525254,0,28.58732563231101,17.640327919491,21.596677467493574,23.11199175009214,,,,13917731
2025-08-12,25.73357141,26.00533891,25.49928908,25.63048718,25.728500459027586,25.436507090424676,25.81477605683919,25.678357272352446,26.979203265729677,24.837679541219394,0,0,0,0,28.50303739385714,25.58334188255599,98.71944467623797,7.383898641601523,2,12,25.58334188255599,25.50687261365873,25.659811151453255,25.20099553806968,26.465139205,25.758118070452827,,,26.14046441493914,24.95339257312414,0,4,5,-4.9990953122136235,0,-0.04467346754167629,0,7.861923474346896,95.65300899544312,0,2.3062789409657283,26.465139205,24.95339257312414,1,1,1,0,1,10,0,1,196,0,13,3,,-0.9261617256861633,-0.03233039755125478,0,6.721403338161419,-3.458138582810779,,,,,,0.9703505979739404,20.782613638267268,34.92063492063492,-23.690127373604575,0,27.234501805574507,16.622397890111575,20.320605215739786,21.746384869151957,,,,13478530
2025-08-13,25.63985847,26.26773513,25.58363071,26.25836383,25.90512158268506,25.489933603967536,25.857022511425935,25.701102627554313,26.972030734030874,24.861185883165614,0,0,0,0,28.495905288505195,25.59848864526965,98.81736142352912,4.468271736669326,2,13,25.745482722129555,25.59351225,25.884794311100016,25.28505123623874,27.0065920403,27.340487636637043,27.263372383196728,27.417602890077358,27.726063903838618,25.59351225,0,4,0,-2.645951693694434,0,0.8574406386139034,0,8.055782634383444,96.17809005614565,0,2.7389728044565085,27.0065920403,27.312402459955383,1,1,0,0,8,10,0,1,192,0,14,4,,-0.24797144269286062,0.862385973507056,1,5.577253509615046,-5.092749493554303,,,,,,0.9268416831881875,21.7449396143997,39.285714285714285,-22.07804437087638,0,27.90604963496636,15.730084602937472,21.749149505478353,20.023916904422602,,,,12530308
2025-08-14,26.10842314,26.12716573,25.78511352,25.91162598,25.907289715123373,25.572906466490917,25.86222284176632,25.70935844529728,26.96147944294599,24.88588915410454,0,0,0,0,28.486090030666936,25.606698745630798,98.79793462025503,3.3902140273882866,2,14,25.744320289755077,25.606698745630798,25.871365338200018,25.3033688646382,26.59876853424,26.95417214094997,26.878339670701823,27.03000461119812,27.33333449219072,25.16796424,0,4,2,-3.8939015389256237,0,0.3222747462894474,0,7.914106762264774,95.11818520565083,0,1.9377378001634629,26.59876853424,25.16796424,1,1,0,0,8,10,0,1,192,0,15,5,,0.3602557542757494,0.3250891981894815,2,5.417075782228653,-4.551462088252829,,,,,,1.1226319363185342,23.759572947679217,44.84126984126984,-13.334528777271682,1,27.415270017534027,14.901507979132944,20.537268552633215,18.908167367103406,,,,15035299
2025-08-15,26.00533891,26.05875529,25.72888576,25.93036857,25.914982666748916,25.67469291071949,25.86871291112191,25.718025509011113,26.951219633264934,24.912268350060668,0,0,0,0,28.480848098352432,25.611226727384054,98.9824632954581,3.3576014833444994,2,15,25.76862387110341,25.621901613321132,25.861816816100017,25.328457097756576,26.59876853424,26.07796644,,,26.444772084455696,25.16796424,0,4,5,-3.787773158899773,0,0.34041298382776564,0,7.841515269425284,95.00336233854962,0,1.8859775735104538,26.59876853424,25.16796424,1,1,0,0,8,10,1,1,192,0,16,6,,0.4229519019736113,0.3429628507530712,3,5.932689619317497,-4.053184805771114,,,,,,0.6316772652098057,25.51824138815616,48.80952380952381,-6.057929950459629,1,27.16380570994349,14.000066795113916,19.71274919650173,18.8333841518353,,,,8136158
2025-08-18,25.87414081,25.8835121,25.45571256,25.55551684,25.795160724499276,25.737409176128143,25.838884713872204,25.711652620030286,26.937332043282197,24.938375634556767,0,0,0,0,28.475033865231424,25.61048014314036,98.39949119631191,19.39792314888732,2,16,25.354221455399987,25.281862407054643,25.42658050374533,24.99242621367327,26.17473819684,26.14835363315745,26.075994584812104,26.220712681502793,26.510148874884166,24.94169712,0,0,4,-5.129740395455397,0,-0.18796022729719367,0,7.881150609159875,79.86325626578939,0,2.267903628372733,26.17473819684,24.94169712,1,1,0,0,8,10,0,1,192,0,17,0,,0.627662662309643,-0.18173210009497767,0,4.629564162562907,-0.35977414869750934,,,,,,0.6380966714610804,27.060813280994573,51.98412698412698,-0.8801594648254115,1,27.30110655433462,13.45805136968756,18.55819237513334,21.101086158597173,,,,7899924
2025-08-19,25.66309928,26.01461649,25.60705895,25.93036857,25.84023000633285,25.792320493092642,25.84759746207485,25.72022971610753,26.927312506234614,24.966573649509364,0,0,0,0,28.469742677261785,25.61491209565834,98.86836771497309,10.825962526043734,2,17,25.757344358655157,25.61491209565834,25.833893345400014,25.329753500018494,26.26773513,26.07796644,,,26.434414684549807,25.16796424,0,6,0,-3.7023521601117366,0,0.37692495676577464,0,6.412837142174567,96.16738412408247,0,1.193642850486045,26.26773513,25.16796424,1,1,0,0,8,10,0,1,192,0,18,0,,0.7754569959692793,0.38392047519474115,1,6.2398257356368365,-4.586219997144461,,,,,,0.6971443408131628,27.987293140379755,53.57142857142857,25.985354611765082,3,22.214719501822298,12.634907888867447,19.133107959219306,19.88778873917659,,,,8281939
2025-08-20,26.06156667,26.26773513,25.57425942,25.69608623,25.792182080888566,25.81422092145498,25.833167820924867,25.719282912730762,26.915061498510887,24.995220973544157,0,0,0,0,28.463820544583214,25.61605312664773,96.53088094425814,34.41329300490583,2,18,25.447311716101545,25.389457518199993,25.592090273184333,25.099900404034422,26.26773513,25.983164307023937,,,26.345110699730903,24.967294394749796,0,0,3.5,-4.528970771916423,0,0.038359070857179454,0,6.399272631775027,64.25243331229002,0,2.3615333911174976,26.26773513,24.967294394749796,1,1,0,0,8,10,0,1,192,0,19,1,,0.3213593031816594,0.0508591046441373,0,3.275138464698504,0.870398649182951,,,,,,0.7305850324565594,27.996159714342333,53.96825396825397,26.292402882574617,3,22.167730659438696,12.18004556150488,20.6185684613209,18.18670583143334,,,,8522426
2025-08-21,25.59759394,25.82728434,25.41494744,25.77105658,25.785140247259044,25.818202300810828,25.827252464646307,25.721313252623673,26.903678364993365,25.024427650710475,0,0,0,0,28.459712740071446,25.61759668730201,96.90597297751924,23.816605789167323,2,19,25.46040690994944,25.406513271999987,25.602207300454886,25.122912490989098,26.26773513,25.900295881417115,,,26.254796857680727,25.16796424,0,6,0,-4.209914234133554,0,0.1649542680860539,0,6.4154994861507255,86.94120085864508,0,2.3921231721032434,26.26773513,25.16796424,1,1,0,0,8,10,0,1,192,0,20,0,,0.029336120172907383,0.18030868326200225,0,4.3298188139952085,-2.0688699248304303,,,,,,0.5257390826856496,27.570932194166666,53.17460317460318,24.059593165534142,3,22.22394213189016,11.36515492104909,19.54792404405812,19.248579304494264,,,,6098349
2025-08-22,25.90225469,26.33333418,25.8835121,26.29584901,25.95537650150603,25.871155787523378,25.871880707060946,25.74384406663843,26.89763031170985,25.057101871440498,0,0,0,0,28.453936433005282,25.629243866139085,97.38749171041499,18.26234623761086,2,20,25.853989722011466,25.783133490705367,25.924845953317565,25.499708565480972,26.26773513,26.80596075089997,26.80596075089997,26.947673213512168,27.231098138736563,25.59351225,0,4,0,-2.2373023003735173,0,0.9099448413602895,6,6.792228443733341,88.51712286992093,0,1.1678448045060517,26.26773513,25.59351225,1,1,0,0,8,10,1,1,192,0,21,1,,0.45344414409397205,0.9240008214647174,1,4.662724672019266,-2.1293590530629407,,,,,,0.9138640315687143,27.25426686056306,52.77777777777778,15.832811269986625,2,23.528969522321262,11.673814145035497,24.539624372279526,17.884770810162227,,,,10699957
2025-08-25,26.23962125,26.24899254,25.91162598,25.94911115,25.95328805100402,25.916410614374023,25.879235987340856,25.75189375618202,26.8881923101008,25.090641825779738,0,0,0,0,28.44783958339949,25.634186989998668,98.00092211543196,29.611318501164014,2,21,25.792979289248674,25.723753654553725,25.862204923943622,25.446851115773928,26.26773513,25.97253939,,,26.318667563474747,25.16796424,0,0,3.5,-3.4925410725659813,0,0.36602880403322713,6,6.754886736046683,82.78624095606366,0,1.3716186000847561,26.26773513,25.16796424,1,1,0,0,8,10,0,1,192,0,22,2,,0.41983121115543515,0.38326510122716634,2,5.246732385925895,-0.047476234599213574,,,,,,0.8363343637286593,26.760477965570246,51.19047619047619,14.362903189900777,2,23.399614052411906,11.960426281594302,23.32353264441439,16.998468660339142,,,,9780208
2025-08-26,25.86476951,25.99596762,25.6023733,25.95848245,25.955019517336012,25.955150973029436,25.88678326949887,25.759995273586647,26.878941465721685,25.12498817610074,0,0,0,0,28.437063213825798,25.642898392572814,98.84898639249027,21.47804800725027,2,22,25.790126898630536,25.722331717128082,25.85792208013299,25.451150991118272,26.26773513,25.97253939,,,26.311515297512265,25.41494744,0,5.5,0,-3.4244615506735285,0,0.3733642404649855,6,6.640701247966346,94.77138159450546,0,1.4089739736213631,26.26773513,25.41494744,1,1,0,0,8,10,0,1,1216,0,23,0,,0.5127814565862612,0.3919345173268818,3,7.288434410892246,-2.0544162327890736,,,,,,1.4721036456848375,26.118604814318893,50.3968253968254,13.539089904266174,2,23.004063918727518,11.431025787143598,22.114532639898172,20.1901682174134,,,,17469861
2025-08-27,25.87414081,26.17402219,25.79917046,26.13653702,26.01552535155734,25.99686255901255,25.91056934097517,25.77476161658325,26.871554356809032,25.16118684207351,0,0,0,0,28.431861856884765,25.649743483944754,98.85721565571521,11.301024246766145,2,23,25.787593436776064,25.72129387779164,25.853892995760486,25.45609564185396,26.33333418,26.31495578564873,,,26.646453580570835,25.59351225,0,7,0,-2.7352989226050695,0,0.6166110881351182,6,6.69173011704427,96.88511397901594,0,1.646287702614062,26.33333418,25.59351225,1,1,0,0,8,10,0,1,1216,0,24,1,,0.059038946200525244,0.6352272952857838,4,5.516692277886231,-5.529296467722592,,,,,,0.799700182346398,25.104217747939632,47.61904761904762,8.297305936255258,2,23.180833106519007,11.323504877728118,23.39602497445675,19.170941511327378,,,,9144852
2025-08-28,26.15527961,26.19276478,25.65860106,25.90225469,25.97776846437156,26.01135601483377,25.909777469453726,25.779761344952533,26.861909584004962,25.19749803278965,0,0,0,0,28.424718570885766,25.65405426768805,98.15556115238056,49.04232842377221,2,24,25.67822561669521,25.61189242156682,25.7445588118236,25.34655964105326,26.33333418,25.95145398,,,26.28311995564195,25.24728909943018,0,4,5,-3.5725490438564855,0,0.2599031304214123,6,5.622177583910597,57.80826499859267,0,1.9752058137311357,26.33333418,25.24728909943018,1,1,0,0,8,10,0,1,1216,0,25,2,,0.1746798949918977,0.2731583789200744,0,4.419759131611345,2.9492826978779796,,,,,,1.0294229513623336,25.35217078883683,48.80952380952381,30.172716985713315,3,19.475794449015975,10.8648012577386,21.71386411143736,19.684652008201194,,,,11454082
2025-08-29,25.9177542,26.70100263,25.85471017,26.59640468,26.183980536247706,26.08801256218182,25.9751705371248,25.811786573777923,26.859267744164118,25.23793670965517,0,0,0,0,28.414141832790083,25.686076334339123,99.90528585625022,11.08535697741128,2,25,26.59640468,26.226697717559354,26.36500030244065,25.489984000949626,27.195992622609484,26.711063311649976,,,27.056819773853217,25.85783271,1,7.5,0,-0.9786680212874852,0,1.2448921760652965,6,6.189035636190375,96.92468109988323,0,0.5419167898453452,,25.85783271,0,1,0,0,8,10,1,1,1216,0,26,3,,0.8623572423096987,1.2459644704745927,1,8.841486043270173,-2.3360690615676125,,,,,,2.059497057331105,25.63694124723133,50.79365079365079,19.57836244903743,2,21.439448343472193,11.465064582250955,25.903371791395987,17.533704118604792,,,,23601304
2025-09-02,26.43475331,26.53935126,24.57100812,24.74216839,25.70337648749847,26.004857118451945,25.857741761208153,25.769840762649377,26.838202078948555,25.27093112449876,0,0,0,0,28.37549012428776,25.63056187138698,97.82204062528184,62.018840305903325,4,0,24.01389397,23.84930234546737,24.01389397,23.5201190964021,25.5142388631,25.680385039302216,25.515793414769583,25.69078481440002,26.019968063465285,25.085494711535862,0,0,5,-7.809888616170194,0,-1.4672614413317986,6,9.398967488609712,53.63694384716075,0,3.0385201299687608,25.5142388631,25.085494711535862,1,1,0,0,8,8,0,1,1216,0,27,4,,-0.6485137735622858,-1.4459866400914365,0,5.513015392190351,4.576460957288548,,,,,,3.3605601015707953,24.270941792354414,46.03174603174603,-25.455456706902975,0,32.55897845792014,11.751009805504022,20.21129686399496,27.60815149900922,,,,43401011
2025-09-03,24.96087318,25.67404099,24.82774853,25.60747866,25.67141054499898,25.9018302878987,25.83390718014071,25.76347362136901,26.825956074779914,25.30228954762131,0,0,0,0,28.36274260792029,25.629980194454667,98.89534691354356,59.474052777678864,2,0,25.41494744,25.330209608966992,25.499685271033005,24.99125828483496,26.33333418,25.71322328200825,,,26.2216502682063,25.12576418459836,0,6,0,-4.542158390863273,0,-0.06846359819714097,6,9.99865665412703,85.62201277782154,0,2.1675955799299693,26.33333418,25.12576418459836,1,0,0,0,8,8,0,1,1220,0,28,0,,-0.13356718154279815,-0.05691642928618638,0,6.296103390485007,0.38313728224611665,,,,,,1.430313313205341,22.52303576398966,42.06349206349206,-34.97286079955741,0,34.6363626647693,12.016530369953298,18.22677742575273,24.89734507859971,,,,19076252
2025-09-04,25.62649647,25.90700914,25.41216577,25.63600537,25.65960881999932,25.800319665782688,25.81505938869874,25.758474866413362,26.814115769259715,25.33228495861031,0,0,0,0,28.35405560784717,25.630083751743303,98.1834224245352,65.81117264194597,2,1,25.467633883692237,25.41494744,25.630083751743303,25.08253394723454,26.465139205,25.716281003957036,,,26.214901243105224,25.136807280554198,0,4,3.5,-4.393620171545342,0,0.007643811017509113,6,9.967353044240324,70.11436395392337,0,2.5902505476454207,26.465139205,25.136807280554198,1,0,0,0,8,8,0,1,1220,0,29,1,,0.13800789036650016,0.023485028431108123,0,4.4292439311760585,1.369105792252036,,,,,,0.9772982781179025,20.325764947902137,30.158730158730158,-41.13238583970131,0,34.52792377920112,11.786696026619746,19.760733450094353,23.57366168740149,,,,13238772
2025-09-05,25.62174202,26.1589951,25.59796976,25.94979921,25.756338949999545,25.73999786593463,25.82789175263219,25.765977781848132,26.80551560449096,25.36274542735155,0,0,0,0,28.34554932108205,25.636092808608854,98.40472609260173,45.311654862644914,2,2,25.679951001102758,25.59777442831792,25.762127573887597,25.269068137178564,26.57986818285653,25.95848245,,,26.369365313924195,25.16796424,0,5.5,3.5,-3.1923146232919177,0,0.4832457620671833,6,9.939255235594363,87.20570780494154,0,2.190203731445474,26.57986818285653,25.16796424,1,1,0,0,8,10,0,1,1220,0,30,2,,0.3870687388328937,0.5032244484076261,1,5.2581742487916925,-1.0382091847579678,,,,,,1.0699762219625784,17.517323709385508,16.26984126984127,-49.12278978973846,0,34.43059011488881,11.083376487501033,21.294052336233843,22.136705665770485,,,,14754336
2025-09-08,25.80716565,25.81667455,25.2271225,25.57895195,25.697209949999696,25.693524490758005,25.804183200000555,25.758643435501146,26.79331099101344,25.391371197129043,0,0,0,0,28.333669565923483,25.634813063634095,96.91391780540098,50.00109808967318,2,3,25.109996483266606,25.027237195055683,25.19275577147753,24.696200042212,26.465139205,25.726600287075676,,,26.223156016341203,25.109996483266606,0,0,6,-4.532321673199471,0.15,-0.05765468929258127,6,10.032451359156395,71.43402046310608,0,3.274901829217423,26.465139205,25.109996483266606,1,0,0,0,8,8,0,0,1220,0,,3,,-0.5161772691273644,-0.040494468542715656,0,3.609734605085981,0.35089995142778807,,,,,,1.2642419089794217,13.737025012199378,7.936507936507937,-60.472895383542436,0,34.75343095704463,11.066534618282546,19.633824823926297,24.411703264559648,,,,17984188
2025-09-09,25.474354,25.67404099,25.35073825,25.36024715,25.584889016666462,25.620846938403893,25.761903576190978,25.743020051756,26.77905164931181,25.416902530444037,0,0,0,0,28.327845989975188,25.63203127722211,66.79606810383868,74.92309118527689,4,0,25.065186478967277,,,24.666513768523714,26.17473819684,25.72460119159984,25.619631618500016,25.88407027577727,26.20300844413212,25.065186478967277,0,0,8,-5.298187993704671,0.15,-0.33080749359928335,6,9.998824916678835,4.7553910812959685,0,1.3783543396179458,26.17473819684,25.065186478967277,1,1,0,0,8,8,0,0,1220,0,,0,,-0.39090226253000776,-0.31561758491700437,0,-0.28806172825159093,8.444658513568248,,,,,,0.5895772381821053,9.160552484799409,2.380952380952381,-73.55265500147713,0,34.63694554334677,11.050895739722524,18.923020976294055,23.527925765100647,,,,8218903
2025-09-10,25.30319373,25.41730058,25.03894129,25.34122935,25.50366912777764,25.531136480846758,25.72183936417279,25.727263553647923,26.764744959766418,25.43934535636867,0,0,0,0,28.318241821569757,25.62725782681742,56.709678707918584,87.22209449709962,4,1,25.026076668568592,,,24.638989540567426,26.17473819684,25.723003364538293,25.607053798400017,25.87783821573876,26.18750791813969,25.026076668568592,0,2.5,0,-5.3186219854001635,0.15,-0.29228713660245487,6,9.996057988050534,9.06500935932283,0,1.5003656919319472,26.17473819684,25.026076668568592,1,1,0,0,15,8,0,1,1220,0,0,1,,-0.41712315473370704,-0.27948495779083105,0,0.25963422071429276,6.935504741843022,,,,,,0.970943153958423,8.957490417467746,1.9841269841269842,-74.13175518804147,0,34.62736062141651,11.554519597604472,18.09729086014875,26.097217052331175,,,,13538166
2025-09-11,25.38877387,25.61698756,25.19859579,25.21761359,25.40831728185176,25.423455009675326,25.67381786187062,25.70727728056369,26.749350617778692,25.4583560313844,0,0,0,0,28.31033485275876,25.621980671372018,40.25147303447426,93.54580013386997,4,2,24.963062095076246,24.887438844786743,25.03868534536575,24.584945843628734,25.9236863697,25.21761359,25.587238655400014,25.864724088395626,26.221973562316016,24.963062095076246,2,0,7.5,-5.726258740504298,0.15,-0.4092099161791734,6,9.655618982892088,3.627666784042823,0,0.25344647530781866,25.9236863697,24.963062095076246,1,0,0,0,10,8,0,1,1220,0,1,2,,-0.7155825861703697,-0.3987980876295585,0,-1.1120628759517355,8.673720885572056,,,,,,0.7768608784639244,8.735204158053588,1.5873015873015872,-73.88426116951024,0,33.44804531379124,11.5739160792368,19.560954056765727,24.808065521457593,,,,10763383
2025-09-12,25.26515811,25.26515811,24.76594065,24.84676633,25.22113363123451,25.283172781107787,25.595051049311515,25.673531753090604,26.73041943083562,25.471980994916148,0,0,0,0,28.296316500405137,25.60638645072167,50.94481344629986,96.59636050944917,4,3,24.821138202990575,24.74645931468604,24.89581709129511,24.447743761467887,25.5142388631,24.84676633,25.58506451990961,25.734422296518684,26.033137849736836,24.821138202990575,2,0,6,-7.0468520170793845,0.15,-0.8756321768222911,6,9.675453091296651,10.677798430559207,0,0.021602109105848418,25.5142388631,24.821138202990575,1,0,1,0,8,8,0,1,1220,0,2,3,,-0.8579880355888887,-0.8635563390790676,0,1.072290245354064,7.343595029749009,,,,,,1.2286043589954665,8.497753408106858,1.1904761904761905,-74.64625081955694,0,33.51675268075031,12.286670670403744,18.39343512276023,28.500170197410426,,,,17152324
2025-09-15,24.94185538,25.07498003,24.36181223,24.37132113,24.93786279748967,25.082893225404327,25.478505342710417,25.622464669832148,26.706945815901932,25.477917344931967,0,0,0,0,28.275006283205688,25.57376183159308,0.9934250179624357,64.69393559022357,4,4,23.84057016,23.76485790836007,23.916282411639926,23.46200890180036,25.22229069754,24.57100812,24.49529586836007,24.646720371639926,24.949569378199637,23.84057016,0,0,9.5,-8.745382950195859,0.27143860201655123,-1.45395436573999,4,9.820096331879988,0.5158734706028554,0,1.929510598823069,25.22229069754,23.84057016,1,1,0,0,10,8,0,1,1236,0,3,0,,-1.97150881613241,-1.4332766738901688,0,-5.695710605782997,10.661181123641848,,,,,,1.5726360737072704,8.913138061223199,2.7777777777777777,-73.79861416295115,0,34.0178115640738,13.508177135628593,16.84650610428967,30.869035526052894,,,,23134647
2025-09-16,24.37132113,24.7706951,24.35230332,24.65658825,24.844104614993114,24.898919503074893,25.400227524357042,25.584587163172063,26.68654424808201,25.47881861489399,0,0,0,0,28.259556648209458,25.555018409369527,23.094915937631267,98.40179483263202,4,5,24.5148827867213,24.440842912162797,24.588922661279806,24.144683413928778,25.35631056906,25.516173310112205,25.4421334355537,25.59021318467071,25.886372682904728,24.45101602816279,0,4,4.5,-7.606664914015264,0.15,-0.8604216792469147,4,9.847598396692211,9.881144532241784,0,2.8772530701892265,25.35631056906,24.45101602816279,1,1,0,0,10,8,0,1,1236,0,4,1,,0.14186506195702578,-0.8472802597963928,0,-1.3900752751931742,5.417733461779989,,,,,,1.199751936367053,9.36463472563015,4.761904761904762,-72.54825916986431,0,34.113081511209444,14.655165987356384,15.996524962638437,29.426224691257577,,,,18271404
2025-09-17,24.64707935,24.96077809,24.40935675,24.46641017,24.718206466662075,24.713109800720343,25.3112925382278,25.540737085008452,26.664453361732935,25.474219238413262,0,0,0,0,28.247857647769745,25.539133805042027,32.99860147602438,96.4538979498029,4,6,24.292106696903097,24.218431979991628,24.365781413814567,23.923733112345754,25.22229069754,24.46641017,25.798459228460676,25.945808662283614,26.07553770559503,24.292106696903097,2,0,4.5,-8.243346157950578,0.15,-1.0225766978381363,4,9.709709601582775,21.406757340537645,0,0.10832172667559732,25.22229069754,24.292106696903097,1,0,0,0,10,8,0,1,1236,0,5,2,,-0.9362715176217835,-1.00841672361764,0,0.05888142907263605,4.022303060810609,,,,,,0.855403835478889,9.81121352236314,7.142857142857143,-70.83070966772328,0,33.63542071336145,15.243191689442298,17.231135573213145,27.459780535177956,,,,13239242
2025-09-18,24.46641017,24.93234647,24.39984784,24.79922181,24.745211581108048,24.581756626368396,25.2625238974442,25.511658054615964,26.645893843805244,25.46729011229028,0,0,0,0,28.23106775553127,25.522395239898543,56.610061397010625,95.45822344748943,4,7,24.211306632423682,24.138139943238034,24.28447332160933,23.845473186495436,25.5142388631,25.479257881387827,25.40609119220218,25.552424570573475,25.845091327316073,24.213119057397364,0,2.5,4.5,-6.930418790340438,0.15,-0.3997822299347886,4,9.820422642450744,40.18151339840072,0,3.4609706632422084,25.5142388631,24.213119057397364,1,1,0,0,8,8,0,1,1236,0,6,3,,-0.6218415365030914,-0.3928172251837427,0,2.306929884239403,3.43454150835802,,,,,,1.304303358419749,10.240036683391388,7.5396825396825395,-69.89901478317503,0,34.01894193704899,15.80446843896064,16.111437404234092,25.791451503204307,,,,21000716
2025-09-19,24.94660983,25.25564921,24.88480195,25.12252455,24.8709825707387,24.537293479967097,25.24919062625904,25.496397917180044,26.630735940384294,25.459997844969163,0,0,0,0,28.207458025056415,25.508663473862985,82.25250157848292,90.86498622679238,4,8,24.828199896582277,24.756184154838458,24.900215638326095,24.46812118786319,25.77169808856,25.79574407048271,25.77169808856,25.939775553970343,26.22783852094561,24.2060506,0,3.5,6.5,-5.663423623592615,0.15,0.14948654433379105,4,9.921427990018564,48.174957100823484,0,3.679041628004415,25.77169808856,24.2060506,1,1,0,0,8,8,0,1,1236,0,7,0,,-0.6017845020831307,0.1498258783269916,0,2.4847323086943707,2.8830133858470437,,,,,,1.8921815646642088,10.64346390241443,8.333333333333334,-69.03164163792141,0,34.36883472469623,15.516168334619973,19.20805359319531,24.33195845314533,,,,33012526
2025-09-22,25.08448894,25.21761359,24.97038209,25.08448894,24.942151360492467,24.55297256534459,25.233504751377225,25.480244623957297,26.615350398091913,25.452371071329424,0,0,0,0,28.19705824858772,25.502350842149408,43.14827031879491,95.01686577940204,4,9,24.80635349,24.73727430570217,24.87543267429783,24.460957568510846,25.77169808856,25.08448894,25.77169808856,25.930841540722817,26.189755888765283,24.2060506,2,0,5.5,-5.7517990001802195,0.15,0.1128773506831552,4,9.662561612891144,12.474250878492967,0,0.7947748197675869,25.77169808856,24.2060506,1,1,0,0,10,8,0,1,1236,0,8,1,,-0.2724811018872326,0.11342634531581271,0,-1.6869424543216565,4.397384690352712,,,,,,0.823382364510483,11.157937591754632,9.523809523809524,-66.66495630099763,0,33.472095289584274,15.248461094875069,18.59426058182875,23.55443115299801,,,,14522775
2025-09-23,25.15105126,25.37926496,25.13203346,25.25564921,25.046650643661646,24.631919012912988,25.23561374743654,25.471436960664853,26.601821033036273,25.445736528926137,0,0,0,0,28.18749714882831,25.49880708229212,42.00417662746447,82.67043836948213,4,10,24.80635349,,,24.472469062010074,25.9236863697,25.43123318904342,25.364456303445436,25.498010074641407,25.765117617033347,24.2060506,0,0,6.5,-5.060449889368431,0,0.38739693726886304,4,9.632399481621501,46.16658380822899,0,3.669481072895045,25.9236863697,24.2060506,1,1,0,0,10,8,0,1,1236,0,9,2,,0.12393714605577791,0.38401571214566127,1,-0.05300332387061957,0.9703666952058922,,,,,,0.7963012122999351,11.474918264905737,9.920634920634921,-65.61060843763389,0,33.36761060193711,14.595282832993679,20.022790985614385,22.626062242314024,,,,14221968
2025-09-24,25.17957798,25.53140743,25.13203346,25.42680948,25.17337025577443,24.761537332409084,25.253822864823533,25.469686863383878,26.59012937579213,25.441463983610937,0,0,0,0,28.179250151942846,25.497866226598365,69.49428670665075,57.03873296269123,1,0,25.38423122480001,25.318658277726882,25.44980417187314,25.056366489434364,26.17473819684,25.469686863383878,,,25.797551598749525,24.83700886,0,4.5,8.5,-4.375006527238741,0,0.6337408291732706,0,9.665460923436237,85.53352178550647,0,2.411076540935044,26.17473819684,24.83700886,1,1,1,0,8,8,0,1,1236,0,10,3,,0.3186498118643406,0.6272438767074672,2,4.627666968648401,-1.0415445487901605,,,,,,0.7430823077615327,11.321131569828443,9.920634920634921,-66.18754961016452,0,33.48213879592632,13.618477929722625,21.005565812810385,21.395663134673946,,,,13109470
2025-09-25,25.56944304,25.56944304,24.50444579,24.5424814,24.963073970516287,24.821198253903027,25.186076058649864,25.433325864819803,26.56975476906783,25.434243672965586,0,0,0,0,28.167725370478756,25.48476227544402,1.9862165182489402,99.16347905701535,4,0,23.84057016,23.770172090842806,23.91096822915719,23.48857981421404,25.22229069754,24.5424814,24.77636826084281,24.917164399157194,25.668850506515064,24.124344208083855,2,0,8.5,-7.630004065479586,0,-0.6933062973438787,4,10.209477144374196,3.09724326167089,0,0.3712257283137345,25.22229069754,24.124344208083855,1,0,0,0,10,8,0,1,1238,0,11,0,,-0.4740153550799528,-0.6897213668900595,0,-4.758502046123539,6.187031352351504,,,,,,0.7801501954599774,11.001968261080878,9.523809523809524,-68.89170107672484,0,35.36666626553864,13.97353762657244,18.168273376439753,26.465359378553018,,,,13950894
2025-09-26,24.56149921,24.86578414,24.55199031,24.7706951,24.898947680344193,24.854348294033336,25.146515967349877,25.407340344630793,26.551853677833325,25.425902076710578,0,0,0,0,28.15597083677533,25.474189742062382,34.22296332513433,82.93154457701024,4,1,24.313815762105264,24.2060506,24.35230332,23.933025530987575,25.35631056906,25.12252455,25.054268282746897,25.190780817253106,25.463805886265533,24.2060506,0,2.5,2,-6.708226850919696,0,-0.25757818336744853,4,10.26221873676515,28.40936618502889,0,2.6853913549112005,25.35631056906,24.2060506,1,1,0,0,10,8,0,1,1238,0,12,1,,0.14911597226141335,-0.2568018474654868,0,-0.5220363962772612,2.4467748942600185,,,,,,0.8457540073559588,10.090900121833013,7.5396825396825395,-71.6144040039124,0,35.54936850092508,14.303235916504411,17.399917380921174,25.34611061282083,,,,15286089
2025-09-29,24.78495846,24.78847675,24.10678342,24.43788346,24.745259606896127,24.83022741767792,25.07902715712608,25.369322427586447,26.530819148302644,25.4147113161608,0,0,0,0,28.139855852766345,25.45523997480336,20.44631283071447,91.18054455515701,4,2,24.26612133986857,24.196653972687113,24.335588707050025,23.918784503961287,25.22229069754,24.43788346,25.197834342831417,25.33676907719433,25.549361334903292,24.165575696381904,2,5,3.5,-7.888696073059415,0,-0.6906320650892762,4,9.85784305707428,4.529049796127666,0,0.2449961171217981,25.22229069754,24.165575696381904,1,0,0,0,10,8,0,1,1238,0,13,2,,0.30057374747599913,-0.6832088327148488,0,-3.078101310831124,6.701025961413715,,,,,,1.077006264994578,9.176925825563563,4.365079365079365,-73.12647115070403,0,34.14857005578551,15.353406903613308,15.87538248798388,28.847550975489604,,,,19230346
2025-09-30,24.44739236,24.84676633,24.24390182,24.7611862,24.750568471264085,24.79949473096839,25.04875658978074,25.345473948073252,26.513210860259832,25.403030168015658,0,0,0,0,28.122009978869034,25.440032092754176,41.60403370200204,92.3776508199075,4,3,24.2691621391759,24.199274007953836,24.339050270397966,23.919721483065572,25.35631056906,25.267764225742017,25.197876094519952,25.33765235696408,25.617204881852345,24.1678427202728,0,4,0,-6.608119512548022,0,-0.11381121780418872,4,6.922077645559798,33.95829318309193,0,3.1476632333300647,25.35631056906,24.1678427202728,1,1,0,0,10,8,0,1,1238,0,14,3,,0.3382881253214029,-0.1082732900675145,0,1.1360127311123098,3.391368293256614,,,,,,1.397096014886811,10.234499334504488,8.333333333333334,-57.31851585349161,0,23.978780352092638,16.165274742857296,15.397354932265719,26.625739440571984,,,,23559653
2025-10-01,24.74692284,25.07022558,24.6518338,24.9893999,24.83017894750939,24.80343166528138,25.043103571706386,25.331510259913518,26.498048562147794,25.392252068827702,0,0,0,0,28.11300264531512,25.434705104408184,58.68068937973332,87.47052656063116,4,4,24.259699958897304,24.2060506,24.35230332,23.931523549032327,25.56944304,25.255056678196297,25.186424915454378,25.323688440938216,25.59821549190589,24.2060506,0,7.5,0,-5.693433079079209,0,0.26785409080017947,4,6.006521701089241,50.929559146588,0,3.0569113666538223,25.56944304,24.2060506,1,1,0,0,8,8,0,1,1238,0,15,0,,0.7863605518154576,0.2724510315781558,0,1.9592289621439418,1.8933269300898825,,,,,,0.7770535523112179,10.777938764277216,10.317460317460318,-48.200920961158594,0,20.80720152610321,16.302095873625074,17.46634155158304,25.17649499335032,,,,12862259
2025-10-02,24.91332866,25.02268106,24.58051702,24.78971291,24.816690268339592,24.800027807679218,25.01897112773435,25.31026330501495,26.481050197449807,25.380777951139525,0,0,0,0,28.105434215895663,25.428708639057117,50.577730147068046,90.98501760257608,4,5,24.259196545847207,24.12384177146936,24.35230332,23.85313222271366,25.35631056906,24.78971291,25.18554111482779,25.32089588920564,25.591605437961338,24.2060506,2,2.5,4,-6.386972098307071,0,-0.01674785568847488,6,6.038455150913152,25.39488541460865,0,0.7278560276448132,25.35631056906,24.2060506,1,0,0,0,8,8,0,1,1238,0,16,0,,0.2122891707090114,-0.014713795557912069,0,0.03558220778949828,3.611676279132541,,,,,,0.6225575356489411,11.277372480844692,11.904761904761905,-46.08725348748553,0,20.91782224121514,16.563107566914873,16.447459851889164,24.648720225458277,,,,10210690
2025-10-03,24.78971291,24.95136428,24.69624038,24.78020401,24.804528182226395,24.790377711618177,24.99623140223584,25.289476665994755,26.464126354788615,25.368401928743022,0,0,0,0,28.098966318783276,25.423589913964246,56.904709411112634,93.1895494181347,4,6,24.7706951,,,24.445089199658565,25.35631056906,24.78020401,25.228207081005092,25.35844944114167,25.618934161414817,24.238654914354743,2,4,4,-6.3630377296921985,0,0.006204295490304456,6,5.863899854775623,30.93490143074231,0,0.6456773906741505,25.35631056906,24.238654914354743,1,0,0,0,8,8,0,1,1238,0,17,0,,-0.1368550232264608,0.00436098586193774,0,1.1628922795635503,3.860899160274003,,,,,,0.542710852649077,11.724219129757858,13.492063492063492,-42.282599991103794,0,20.313144957934277,16.80547556782683,15.872139555324456,23.786525749365833,,,,8737848
2025-10-06,24.63757045,24.68511497,24.00047387,24.02900058,24.546018981484263,24.691602015167962,24.904114181070522,25.240046231249863,26.439896247576787,25.35033850699223,0,0,0,0,28.08760043435,25.40791976396467,31.184374503156242,90.81238725642454,4,7,23.84057016,,,23.503412442718666,25.07022558,24.02900058,24.162047286543736,24.296910373456267,25.107905275300265,21.456513144,2,0,5,-9.118400635924369,0,-1.074708716834554,6,6.420693295980801,3.533181458687743,0,2.384350950742753,25.07022558,,1,1,0,0,10,8,0,1,1110,0,18,0,,-0.8802090169696732,-1.0682581255393364,0,-3.3610559022638107,7.2546498174085245,,,,,,0.7947019499403825,11.73663920974919,13.88888888888889,-47.23193045701217,0,22.24193401691124,18.206861155877586,14.233442504313537,30.543322734522494,,,,12580274
2025-10-07,24.04801839,24.22631034,23.74373346,24.17163415,24.421224037656174,24.553313735365364,24.834354178111425,25.198147718259673,26.417326475461596,25.32783390621018,0,0,0,0,28.07217927252012,25.388561308501526,31.911985492439122,97.95286348845795,4,8,24.04536599005824,,,23.710747356154148,25.07022558,24.22947883,24.162555103219184,24.29640255678082,24.564097463904094,21.369360114000003,0,5.5,0,-8.50083117815713,0,-0.7250912368484314,6,6.454489488947804,9.380633337723431,0,8.547398220565796,25.07022558,24.04536599005824,1,1,0,1,10,19,0,1,1110,0,19,1,,-0.896732232224133,-0.7208925853954438,0,-0.5260415907496396,6.876733299331958,,,,,,1.0919989892300555,12.143644730946038,14.682539682539682,-45.6879078790024,0,22.359007463553745,19.8513681269636,13.317056764346091,32.002144928714515,,,,17810225
2025-10-08,24.0575273,24.12313873,23.72471565,23.84833141,24.23025982843745,24.375032075490473,24.740447247815098,25.145213745386744,26.391764335506753,25.299409877446923,0,0,0,0,28.061230713566214,25.372808050210146,23.54464497922995,89.8542893152752,4,9,23.72471565,,,23.394046628339055,25.07022558,24.22947883,24.163345025667812,24.29561263433219,24.560147851660947,21.352244085000002,0,8.5,2,-9.637222025679005,0.048397485097118775,-1.1060104150123726,6,6.544663377856108,12.389235301335262,0,8.701252783062936,25.07022558,23.90899901955542,1,1,0,0,10,8,0,1,1110,0,20,2,,-1.3871798807769502,-1.0938794631644517,0,-1.8543492776162669,4.6113821325708795,,,,,,0.724607110186978,13.176137455978267,15.476190476190476,-41.88206430274389,0,22.671378977764252,21.403568663507862,12.513539791980733,30.327972807196335,,,,11753498
2025-10-09,23.8198047,23.87685812,23.62962661,23.81029579,24.090271815624966,24.191260772627704,24.65186139468985,25.092864021646086,26.366078081322605,25.265505969201545,0,0,0,0,28.05084942192638,25.357859007575883,13.593855307643251,96.90411572694192,4,10,23.739292905935276,,,23.375157068551868,24.80289224964,23.81029579,24.16586144463797,24.293096215362034,24.547565756810165,23.781771687908027,2,6,2,-9.693448845291435,0,-1.0208383105141803,4,6.543133338615211,6.581978867599375,0,0.038688816005059655,24.80289224964,23.781771687908027,1,0,0,0,10,8,0,1,86,0,21,3,,-0.5414697390836053,-1.0092881069756694,0,-3.926978437249456,4.82705353712663,,,,,,0.6836463442922168,13.622157044793124,16.666666666666668,-39.900689549304175,0,22.666078766358638,22.975344268969504,12.079339449376338,30.61019483606505,,,,11100621
2025-10-10,23.85784031,24.04801839,23.75324237,23.91489374,24.031812457083312,24.03503812358441,24.5816739990051,25.04666910864036,26.3416881873791,25.22754176654688,0,0,0,0,28.041994434623355,25.345831198056203,21.999167414489648,95.67098157985328,4,11,23.668893675879314,,,23.360367600091305,24.80289224964,24.22947883,24.1677736148424,24.291184045157603,24.53800490578801,23.684202380657567,0,2.5,2,-9.212752159680605,0,-0.7299516728191695,4,6.45552545333612,23.665559400774573,0,1.7673593648437627,24.80289224964,23.684202380657567,1,1,0,0,10,8,0,1,86,0,22,4,,-0.6603651866558297,-0.7208684055267846,0,-0.6641470054640255,3.411695893653166,,,,,,0.6146355988064679,14.025224256175417,17.46031746031746,-37.28266538269867,0,22.362596149464537,23.84956515554589,14.040757273719219,29.304570155454623,,,,9752663
2025-10-13,23.84833141,23.93391154,23.58208209,23.87685812,23.980161011388876,23.90251899030909,24.51454867719509,25.000794167909365,26.31716251506687,25.186045282484876,0,0,0,0,28.031452280099277,25.331460965320584,36.32334760472292,86.45810891448158,4,12,23.602245021984324,23.541805987820123,23.662684056148525,23.300049851163315,24.80289224964,24.22947883,24.1690397958358,24.289917864164202,24.53167400082101,23.61064624364446,0,3.5,0,-9.272672894236853,0,-0.6806323736945321,4,6.190921949055123,45.45921130532077,0,2.0477911168278697,24.80289224964,23.61064624364446,1,1,0,0,10,8,0,1,86,0,23,5,,-0.35599814542029223,-0.6703253267050409,0,0.4745367466160295,1.449614304103902,,,,,,0.7560391602840966,14.23578840421932,17.857142857142858,-33.620256119066454,0,21.445982722913623,24.929580954571655,13.310985296305816,30.309983723653087,,,,11558778
2025-10-14,23.82455915,24.21917867,23.81029579,24.19065195,24.050324657592583,23.82945685180736,24.48370136984318,24.969023884854096,26.296003205961725,25.143257684231028,0,0,0,0,28.022022331156798,25.32071102243019,42.8659792967546,88.67346152268333,4,13,24.10678342,,,23.80791991852335,24.80289224964,24.22947883,24.16970612970467,24.28925153029533,24.52834233147665,23.58208209,0,3.5,0,-8.00635457590912,0,-0.10778684357978499,4,6.2229463687912405,34.359257835220596,0,2.1661953928843443,24.80289224964,23.58208209,1,1,0,1,10,19,0,1,86,0,24,6,,-0.3550906424245497,-0.09905628884750761,0,0.40845778179962533,2.8868454156056433,,,,,,0.7524935550095656,14.347779922182902,18.253968253968253,-33.44234298812661,0,21.556918567045358,24.997019906956762,16.759178989477906,28.458739436000677,,,,11240017
2025-10-15,24.11458072,24.23344202,23.75799682,23.95292935,24.017859555061722,23.777059084738102,24.433151653667636,24.929177040350012,26.272689038240713,25.098004387696943,0,0,0,0,28.01077575568594,25.306314693269808,43.33281013772843,88.05852635120382,4,14,23.541585210286044,23.481836942154665,23.601333478417423,23.242843869629155,24.80289224964,24.22947883,24.169730561868622,24.28922709813138,24.528220170656894,23.5140296521359,0,0.5,1.5,-8.829547995122349,0,-0.417275140065995,4,6.250958944739963,35.853873592388105,0,2.3948783797077557,24.80289224964,23.5140296521359,1,1,0,0,10,8,0,1,86,0,25,7,,-0.8294664643372046,-0.4046241701715045,0,0.10760330047595357,2.407683620049794,,,,,,0.8510234299631643,14.374298988365414,18.650793650793652,-33.61814192262166,0,21.6539569766335,25.156354685358878,15.568458402252885,27.218315845597996,,,,12688318
2025-10-16,24.00522832,24.19065195,23.81029579,23.89587593,23.977198346707816,23.741152062935935,24.38198253712786,24.888655428179423,26.249039156566678,25.05021535366489,0,0,0,0,27.998444607770917,25.290353277488602,44.843747026699326,90.30370342409898,4,15,23.58208209,23.52320551816372,23.64095866183628,23.287699230818603,24.80289224964,23.89587593,24.170602258163722,24.28835540183628,24.661664524690234,23.58208209,2,0,3,-8.9647594814075,0,-0.42432440532417587,4,6.0605900216818425,31.55181488826532,0,0.40976562223015317,24.80289224964,23.58208209,1,0,0,0,10,8,0,1,86,0,26,8,,-0.6819144150966084,-0.4105799855629746,0,0.24523757605345686,3.179163537050072,,,,,,0.9483855827519028,14.31721216708191,17.857142857142858,-31.8049375626974,0,20.994499682795826,25.304308408160843,14.670460075548375,25.6483465234251,,,,13798409
2025-10-17,23.99096497,24.2952499,23.91945801,24.26672319,24.073706627805212,23.76349057806667,24.371005456449016,24.864265928642975,26.229314619585914,25.00269270467396,0,0,0,0,27.985548810382717,25.27712180842044,67.18540622856904,86.65044403661977,4,16,24.22947883,,,23.938294122813705,24.80289224964,24.778353020791425,24.720116079354167,24.836589962228683,25.06953772797772,23.58208209,0,3.5,0,-7.482435046626838,0,0.21617573881901916,4,6.127936719906544,56.88427595042443,0,4.10828900442929,24.80289224964,23.58208209,1,1,0,0,8,8,0,1,86,0,27,9,,-0.27490949110359414,0.2317755242849522,0,3.300995623163973,1.9339036641503577,,,,,,1.165731777554496,14.178035238156259,17.063492063492063,-33.21004413493393,0,21.227795488890212,25.07231503035912,15.375828984433557,24.07790218827263,,,,15967141
2025-10-20,24.32377661,24.60904373,24.27623209,24.44739236,24.19826853853681,23.848843900342857,24.378280399644346,24.847917945558937,26.21158404983879,24.95701493301646,0,0,0,0,27.97784868108419,25.270407503830945,62.923626278347584,84.78389320408718,4,17,23.89800201727273,23.84086842397385,23.955135610571613,23.612334050778312,25.07022558,25.138272349891615,25.07022558,25.22229069754,25.450825070735537,23.84057016,0,0.5,2,-6.730580214016646,0,0.5105695796070384,4,6.1958374794023445,48.476975013827015,0,4.151946546450464,25.07022558,23.84057016,1,1,0,0,8,8,0,1,86,0,28,10,,0.731218035935294,0.5268219708608789,1,0.9066715292025327,1.9263739485743598,,,,,,0.7478798999854247,13.954056492639658,16.26984126984127,-34.98555845682158,0,21.463010619528692,23.84491190690852,19.457103273086958,22.78982454377373,,,,10077559
2025-10-21,24.5424814,24.59002592,24.28574099,24.32377661,24.24010456235787,23.960093549580954,24.373089562535363,24.827363383380156,26.192799896208555,24.912647804340732,0,0,0,0,27.967937755674928,25.26093049913993,56.3129149079448,85.17614708244236,4,18,24.22947883,24.173709377918897,24.285248282081106,23.95063156959447,24.80289224964,25.145822778832102,25.090053326750997,25.201592230913207,25.424670039237633,23.84057016,0,0,1.5,-7.13563763177185,0,0.31650559998746325,4,6.146388440546024,45.84141103568457,0,4.680887367994433,24.80289224964,23.84057016,1,1,0,0,8,8,0,1,86,0,29,11,,0.44111626561618555,0.32952857333191854,0,0.42411733419803666,2.193194516223649,,,,,,0.9402850617861644,13.639502167529796,15.476190476190476,-35.9398586323626,0,21.2917141241595,22.705180435132966,18.50924320451718,21.679609711094407,,,,12593632
2025-10-22,24.28574099,24.67560606,24.1763886,24.38083004,24.28701305490525,24.083443794326406,24.373826750865327,24.80985227187505,26.17477034540051,24.870156226768383,0,0,0,0,27.96110571018803,25.254774881602167,58.32573975472019,82.49907572039959,4,19,24.22947883,24.173235611460402,24.2857220485396,23.948262737302006,25.03606737386195,25.089374344327133,25.07022558,25.211278494527132,25.43625136868553,23.84057016,0,2,0,-6.853700268341596,0,0.41621453153826976,4,6.096913735506409,50.03665909995072,0,3.60013519672281,25.03606737386195,23.84057016,1,1,0,0,8,8,0,1,86,0,30,12,,0.8651865491944086,0.4261741400466999,1,0.9994561732062319,1.6536086990583905,,,,,,0.672204050198785,13.223415738454888,14.285714285714286,-37.3901045069556,0,21.12032871852331,21.94168544147106,17.042377887397134,21.69745302199145,,,,8860295
2025-10-23,24.36181223,24.39033894,24.00522832,24.16212524,24.245383783270167,24.17120274602251,24.353664702211486,24.78445121180152,26.15474402594379,24.828056027740633,0,0,0,0,27.951835465710623,25.245047065756065,49.32140893111205,82.32703429975948,4,20,23.604992041846153,23.54932770838081,23.660656375311493,23.326670374519445,24.80289224964,24.22947883,24.17381449653466,24.285143163465342,24.50780049732671,23.58208209,0,1.5,1.5,-7.618574985735818,0,0.08600273170811336,4,5.066174611047019,39.89436550769586,0,2.3260738059608386,24.80289224964,23.58208209,1,1,0,0,10,8,0,0,86,0,,13,,0.6673429104664798,0.0940256331634152,0,-0.08302768060842469,1.855845152326553,,,,,,0.8718400188262755,12.684518383890541,13.492063492063492,-27.72248623733833,0,17.549743652697863,21.674084918922095,15.989639037737522,23.102576353749782,,,,11379601
2025-10-24,24.3047588,24.34279442,23.97194716,24.00998278,24.166916782180113,24.20779844293506,24.320933090572296,24.75407990075048,26.13340311802395,24.785469116539872,0,0,0,0,27.944563635502323,25.236774762050697,36.43377690313658,90.53476280483292,4,21,23.572939892677233,23.517940446780845,23.627939338573622,23.29794266319529,24.80289224964,24.00998278,24.220771127964372,24.33077001975715,24.78278998717111,23.58208209,2,0,5,-8.125311228828998,0,-0.1139154760895735,6,4.980245780584327,11.979457870276683,0,0.5536965572129542,24.80289224964,23.58208209,1,0,0,0,10,8,0,0,86,0,,0,,0.3822988628135722,-0.1070460506451159,0,-1.1303003338099038,5.637843773257449,,,,,,0.6776322699445533,13.69947313809985,15.476190476190476,-20.59232764301448,0,17.25207745230515,21.510283990241287,15.027013458890659,22.252014028215648,,,,8618827
2025-10-27,24.01949168,24.37132113,24.01949168,24.33328551,24.22237302478674,24.243565094498695,24.322109511470174,24.737578159936735,26.115491500033663,24.7443242162224,0,0,0,0,27.93511098157951,25.228247117979862,45.45078098699605,93.05666656549116,4,22,24.259794006744187,,,23.988308260171667,24.67560606,24.737578159936735,24.68328101062223,24.79187530925124,25.009063906509255,23.84057016,0,2,0,-6.8243249032145,0,0.43502014672296585,4,5.02605579621192,41.21612511920502,0,3.304070328779219,24.67560606,23.84057016,1,1,0,0,10,8,0,0,86,0,,1,,0.7778104713204372,0.43410508409426074,1,0.6789191085788873,3.9179807143334227,,,,,,0.9911647995505594,12.357152548349033,12.698412698412698,-29.025804333651607,0,17.41076800143018,21.245611060431738,14.603226864264084,20.929840887543893,,,,12261283
2025-10-28,24.23819647,24.40935675,24.06228175,24.26672319,24.237156413191162,24.26986318322424,24.31683462371111,24.719113259154902,26.097095795456212,24.7040430182017,0,0,0,0,27.922320559192016,25.216267171709024,70.95736806798836,96.02943945359459,4,23,24.259794006744187,,,23.992205679569704,24.67560606,24.280986545,24.227468879565105,24.334504210434897,24.548574872174484,23.58208209,0,3.5,1.5,-7.013702290102716,0,0.33216192162559066,6,4.82932291608204,46.99310453927107,0,2.6118645098606077,24.67560606,23.58208209,1,1,0,1,8,19,0,0,86,0,,2,,0.3553459631777621,0.3305692616322129,0,4.848214117319104,5.949809319082773,,,,,,1.3644305528352614,9.747079484180272,4.365079365079365,-41.73635660949287,0,16.729265313621564,20.843302677982315,14.39220626119449,19.717920542609054,,,,16389648
2025-10-29,23.78176908,23.98145606,22.92121326,23.18270812,23.885673648794107,24.177640397758005,24.208822575738623,24.65886207722726,26.068096913113365,24.65803464235857,0,0,0,0,27.877433233885295,23.18270812,82.66610576870004,72.5482916464914,4,24,22.92121326,22.859504803435453,22.982921716564544,22.612670977177267,24.36509279934,24.291370033190127,24.22947883,24.36509279934,24.611926625598187,23.432508383340853,0,0,3.5,-11.068659145815475,0,-1.3296539273100754,6,6.451668663819061,34.769679620575445,0,4.679681261610301,24.36509279934,23.432508383340853,1,1,0,0,8,3,0,0,86,0,,3,,-0.5748861713515695,-1.314373105405562,0,2.5228611780399604,5.163103548902422,,,,,,3.3007937636233873,10.803920992822118,7.936507936507937,-51.65865593431662,0,22.349235838669244,22.732518056138755,11.590313075951796,32.38928393927109,,,,44944188
2025-10-30,23.1256547,23.55830983,22.91645881,23.3728862,23.714744499196073,24.025753561029866,24.12920958757304,24.608431650669328,26.04127889606746,24.607965518717467,0,0,0,0,27.848290906183642,23.3728862,80.17268767695717,96.88437007093107,4,25,22.91645881,22.853427287654352,22.97949033234565,22.60130119827175,24.36509279934,24.291370033190127,24.22947883,24.36509279934,24.617218888722604,23.35562351714325,0,7,4,-10.246780531467751,0,-0.867279387364663,6,6.541202070418993,38.85431549571425,0,2.8717195109301534,24.36509279934,23.35562351714325,1,1,0,0,8,8,0,0,86,0,,4,,-0.308847143131641,-0.8647719244931142,0,2.302830009029333,4.40278246679191,,,,,,2.109236021522075,11.747047217295448,11.11111111111111,-48.15814585701719,0,22.659388657080854,24.493120677409614,10.536524262792026,29.511805057965194,,,,30901856
2025-10-31,23.16369031,23.75324237,23.02162729,23.51551976,23.64833625279738,23.852512853951517,24.070762937327988,24.56557236083916,26.016146964365298,24.555280911848772,0,0,0,0,27.820813619674038,23.443718389357336,82.09235565847445,93.82055908905801,4,26,23.443718389357336,23.378656841107805,23.508779937606867,23.118410648109673,24.36509279934,24.36509279934,24.234969702840935,24.36509279934,24.625338992338133,23.336301702228315,0,5.5,2,-9.611827638391048,0,-0.5221737631699384,6,6.599404440501437,47.64928265198478,0,3.9531456166933117,24.36509279934,23.336301702228315,1,1,0,0,8,8,0,0,86,0,,5,,-0.5551551955467252,-0.5303167853551278,0,2.4701562961680796,3.4468749495434787,,,,,,1.9370051883684034,11.856344310704122,11.11111111111111,-48.1372626794957,0,22.861007581288295,25.400327054797522,12.153753074204479,26.548775352229338,,,,30484740
2025-11-03,23.46797524,23.47748415,22.72152628,23.1351636,23.477278701864922,23.646603915999567,23.981658238534845,24.50947789962978,25.987480463227335,24.49808091838099,0,0,0,0,27.80128090516932,23.367544222555555,66.47085039454822,93.24512821508003,4,27,22.72152628,22.65402275769686,22.789029802303137,22.384008668484313,24.2416862457,23.1351636,24.626314536642806,24.76132158124908,24.885128189155324,,2,7.5,2,-10.975734516716258,0.020379729573910488,-1.021020305011296,6,6.089363944764858,27.198369804342192,0,0,24.2416862457,,1,0,0,0,8,8,0,0,86,0,,6,,-1.163037836591284,-1.0327085714690472,0,0.5814347009227436,4.209815719364086,,,,,,1.248665063715109,12.519198594697622,12.698412698412698,-40.65092229459306,0,21.09417547622155,26.703971783999048,10.877364560210513,27.730002928484158,,,,20122473
2025-11-04,23.15418141,23.19697148,22.85940538,22.98302114,23.312526181243282,23.43466320517793,23.88654994343629,24.449616850232534,25.957585345583283,24.43599091328004,0,0,0,0,27.782176187705,23.294185965844544,41.92807126265391,84.31100344267536,4,28,22.72152628,22.655830454825658,22.78722210517434,22.39304715412829,24.2416862457,24.68772223213767,,,25.01620135800938,23.031887568250816,0,6,3.5,-11.459325534258166,0.02533553969163002,-1.1254150829446896,4,6.04890365988741,17.693222867049286,0,5.0409129027381665,24.2416862457,23.031887568250816,1,1,0,0,10,8,0,0,86,0,,7,,-1.2026843175330402,-1.135852744656999,0,-1.638084209490941,3.6482355200966587,,,,,,1.18724086940996,12.531258729045222,12.698412698412698,-40.19638923598121,0,20.954016938028648,27.914499032543322,10.37833448987115,26.45781008845266,,,,19216064
2025-11-05,22.94498552,23.14467251,22.79759751,22.95449442,23.193182260828856,23.226582450482255,23.79778275072807,24.390984598066552,25.927703843836184,24.369614558355167,0,0,0,0,27.76271676982217,23.23882058338487,23.221152804314144,91.02985945933426,4,29,22.85029562259679,22.722091322273013,22.89469884418189,22.465682721625456,24.2416862457,24.682761128004532,,,25.00327187881398,22.89469884418189,0,6,2,-11.467307100327776,0.03663957746105931,-1.0286409297771586,4,5.938880200972595,11.634643815171096,0,5.578790350423216,24.2416862457,22.89469884418189,1,1,0,0,10,8,0,0,86,0,,8,,-1.2931166196884745,-1.035819033714565,0,-3.6289887909571052,3.170635983921085,,,,,,1.1830806523021018,12.411745921599787,12.301587301587302,-39.669393838123455,0,20.572884496298798,29.135035600894117,9.876615688321161,26.03966367392019,,,,19613691
2025-11-06,22.93547662,23.22074374,22.53610265,22.55512045,22.98049499055257,22.99774676310087,23.67943396018254,24.318989925593353,25.894145800116423,24.297537343666438,0,0,0,0,27.73151863377479,22.55512045,35.965486679543936,55.57206938366103,4,30,22.53610265,22.470466357974676,22.601738942025325,22.207921189873375,24.2416862457,24.301012325618156,,,24.629193785744782,22.677447291113385,0,0,2,-12.894904415427405,0.06297864753631444,-1.5231340422377029,4,6.140402471692777,24.203482859619744,0,4.947156472149083,24.2416862457,22.677447291113385,1,1,1,0,10,3,0,0,86,0,,9,,-1.5038291802905155,-1.5213438835586743,0,-0.3291499111700258,3.8231370869581114,,,,,,1.6768101659720047,12.601947668294214,13.492063492063492,-40.755203652005264,0,21.270978119786808,30.655176798136353,8.95678254395419,27.17166784067464,,,,29327098
2025-11-07,22.72628073,23.10663689,22.58840162,23.08761908,23.01620302036838,22.836539554163203,23.623070638260394,24.270700872824985,25.866220161110288,24.22414583949485,0,0,0,0,27.713653648796388,22.76383652270447,42.105550350315006,85.73272588874045,4,31,22.57662705639075,22.51075481701009,22.642499295771408,22.247265859487452,24.2416862457,23.51551976,23.44964752061934,23.58139199938066,23.844880956903296,22.597342963825646,0,4,0,-10.742199918671917,0,-0.5021619297351048,4,6.6414653251592455,49.71758900897917,0,2.787750362845386,24.2416862457,22.597342963825646,1,1,0,0,10,8,0,0,84,0,,10,,-0.7610033906656472,-0.5121664110364874,0,0.6869854814141307,1.4225105824504283,,,,,,1.0533422807290789,12.77090487824449,14.285714285714286,-44.49052273661634,0,23.006710759765532,32.06673648128985,8.287221708553533,25.140460258113468,,,,18904776
2025-11-10,23.10663689,23.23025264,22.90219545,23.18270812,23.071704720245588,22.747623479752384,23.581131350807023,24.22803449036126,25.839518548760932,24.15084621199444,0,0,0,0,27.692534482272368,22.89913640632326,60.37964204753595,86.37652779325563,4,32,22.91183950235287,22.8477433408744,22.97593566383134,22.591358694960523,24.06534361902,23.51551976,23.45142359852153,23.57961592147847,23.836000567392347,22.538975872124222,0,4,0,-10.281965678839367,0,-0.2672747502795898,4,6.66734896723636,54.26997314912617,0,3.047121279497558,24.06534361902,22.538975872124222,1,1,0,0,8,8,0,0,84,0,,11,,-0.998290824652916,-0.278903375668223,0,2.178904346093211,2.357009940713564,,,,,,1.2425815101351958,12.935013864739634,14.682539682539682,-43.99547876166967,0,23.096374326090512,32.82720990943993,9.630473020187404,23.991585360428655,,,,23012757
2025-11-11,23.25877936,23.4822386,23.16369031,23.45846634,23.200625260163726,22.753381100748054,23.5694489688254,24.19785534720984,25.815826486982218,24.079946062569682,0,0,0,0,27.679469247097146,22.99792349681588,66.57028699541873,86.87611519406502,4,33,22.93818272648424,,,22.626372499530632,24.06534361902,23.51551976,23.45315771460928,23.57788180539072,23.827329986953607,22.53610265,0,2.5,0,-9.131453328333025,0,0.23008460164050112,4,6.640239882429338,50.11065412366583,0,3.1410679488255604,24.06534361902,22.53610265,1,1,0,1,8,19,0,0,84,0,,12,,-0.6327295937007426,0.215816366502005,0,1.7500358581834483,2.3994585588413573,,,,,,0.8162532421700064,13.086236663718765,15.079365079365079,-43.10941777518246,0,23.0024657016256,32.50309595324113,12.799013325671492,22.897387524705458,,,,15282074
2025-11-12,23.4822386,23.57257319,23.16369031,23.53453757,23.311929363442484,22.8419942074381,23.56612407369917,24.171842885358473,25.79312709477344,24.012240191783395,0,0,0,0,27.66863025703658,23.067943281552537,81.19868228207403,78.23551044137439,4,34,23.51551976,23.453961406422902,23.577078113577098,23.207727992114506,24.06534361902,24.143816762637822,24.082258409060724,24.20537511621492,24.451608530523316,22.53610265,0,5.5,0,-8.75655563776563,0,0.36327291786459637,4,6.596340080159864,63.93412198360026,0,1.786350111951488,24.06534361902,22.53610265,1,1,1,0,14,8,0,0,84,0,,13,,0.6622181798283839,0.3481636771500939,0,4.618571571598924,0.9241082668405669,,,,,,0.6929956919556131,13.224197845161056,16.26984126984127,-42.12704247401713,0,22.85039232567969,31.858008219718286,13.35019788549756,21.539449833482966,,,,12984688
2025-11-13,23.51551976,23.97194716,23.49650196,23.73422456,23.452694428961657,22.988049327946754,23.58213364382306,24.15468138240324,25.772640502387635,23.949382529493384,0,0,0,0,27.654426518206495,23.169958594088715,88.9763698857503,65.07242052570791,4,35,23.506902319375,23.445495944624838,23.568308694125164,23.199870445624185,24.2416862457,24.275196900195407,24.22947883,24.398009649695734,24.643635148696386,22.53610265,0,7.5,7,-7.909224288441807,0,0.6794885523300769,4,6.658857417297022,65.95763154779382,0,2.393184516475774,24.2416862457,22.53610265,1,1,0,0,8,8,0,0,84,0,,0,,0.663901177915173,0.6647863418996822,1,4.626355347763296,-0.07811949355222247,,,,,,0.9495579631615956,13.350382727598017,16.666666666666668,-42.123351060638626,0,23.066958734230628,29.921283787239915,18.23424605071456,20.050419338505282,,,,17990959
2025-11-14,23.80554134,23.92440264,23.39190401,23.62962661,23.511671822641105,23.149473059960172,23.58665678345896,24.13409099917174,25.751316981070346,23.89100781395264,0,0,0,0,27.638447907046302,23.236427571136748,91.28214300966259,71.24234277491422,4,36,23.127301344303135,23.08761908,23.236427571136748,22.84052045128511,24.2416862457,24.185971201263786,24.124196544085063,24.24774585844251,24.4948444871574,22.53610265,0,7,2,-8.239152865967943,0,0.4821066394962141,4,6.458141415708952,74.03659559742611,0,3.885840823177916,24.2416862457,22.53610265,1,1,0,0,8,8,0,0,84,0,,0,,0.3719689840909203,0.46614931009415395,2,4.014289279661097,1.4623175628064469,,,,,,1.0377138379328033,13.463956769246108,17.063492063492063,-39.8169026914349,0,22.371658108945404,28.40203760264155,16.83085746807412,20.019051610998428,,,,19863378
2025-11-17,23.67717113,23.71520675,23.25877936,23.28730607,23.436883238427402,23.27107136157879,23.558147191700964,24.10088374704736,25.726799459567157,23.834704987569136,0,0,0,0,27.62629267487701,23.241138356236416,57.21729467073309,84.04098626910861,4,37,23.128557553663047,,,22.841869375121888,23.9200475659,23.47748415,23.41604672378047,23.538921576219526,23.784671281097637,22.53610265,0,0,7,-9.482304215108929,0,-0.07758471819866317,4,6.518947327821278,16.346105198840597,0,3.064521279378672,23.9200475659,22.53610265,1,1,0,0,8,8,0,0,84,0,,0,,0.41251489678548575,-0.1004291725679146,0,-1.1596309185256803,4.383156166180924,,,,,,0.7247903748974521,13.567160473849373,17.857142857142858,-39.921252943044685,0,22.582295967303637,27.338678044050635,15.714439277253087,20.62582773902612,,,,14016298
2025-11-18,23.32534168,23.85774522,23.17319922,23.74373346,23.53916664561827,23.403014609542854,23.57582207439611,24.08687785343766,25.707067459571466,23.78319349487121,0,0,0,0,27.614204058598315,23.288285025674682,77.05692713382376,79.87171867876168,4,38,23.152785740152,23.08761908,23.279107853131126,22.83497485404175,23.97194716,24.124349822754034,24.08687785343766,24.22947883,24.48212305595825,22.53610265,0,6,0,-7.63733165075762,0.015897269671534126,0.6936590420756858,4,6.86423910628465,62.91547286393497,0,4.439256560726173,23.97194716,22.53610265,1,1,0,0,8,8,0,0,84,0,,0,,1.127178157372273,0.6804864476026898,1,4.68817694671144,1.33524674862841,,,,,,0.8039403074827791,13.660030121880288,19.047619047619047,-42.55283108665843,0,23.77842177477239,25.88232005791254,16.208724194716925,18.6298917229762,,,,15670618
2025-11-19,23.69143449,23.76788608,23.54404648,23.68668004,23.588337777078845,23.526086585394374,23.586379975882195,24.071183821538142,25.686964102162793,23.735823358615793,0,0,0,0,27.606568803439156,23.310368702160464,86.33824206588963,83.45618607787739,4,39,23.54404648,23.483398359688263,23.604694600311735,23.240805878441318,23.97194716,24.107915369593126,24.104881638399974,24.2292116102166,24.471804091463543,22.577379384060098,0,6,2,-7.787156373198553,0.011129675381525428,0.5671262514464588,4,6.854833091362824,69.09615717739314,0,1.4110929664449843,23.97194716,22.577379384060098,1,1,0,0,8,8,0,0,84,0,,0,,1.0890374030522034,0.5526732963217555,2,4.210970011934292,2.3594106984160366,,,,,,0.5017249832468813,13.6680330108043,19.444444444444443,-42.44030136909081,0,23.745838383289684,24.52998764221288,15.67458999543183,18.01597157857253,,,,9803416
2025-11-20,23.71520675,23.98136098,23.63913552,23.75324237,23.64330597471923,23.6429946512013,23.602271632464845,24.05871552932096,25.667723089902466,23.69257986221569,0,0,0,0,27.59516122531744,23.344937376916008,89.97559532871284,89.05821377924812,4,40,23.344937376916008,23.285565680733683,23.404309073098332,23.048078896004377,23.97194716,24.08946424686332,24.075594213999974,24.20823045871332,24.445717243442626,22.60069833589433,0,0.5,0.5,-7.458708796245403,0.08267522828311272,0.6521011319168141,4,6.819380594202525,52.195273970204894,0,2.1121504804528075,23.97194716,22.60069833589433,1,1,0,0,8,8,0,0,84,0,,1,,1.6614018262649017,0.6391003354257976,3,3.679861320132982,3.653484859528236,,,,,,0.7593303132980553,13.675545459490646,19.841269841269842,-42.109259460717794,0,23.623027330616026,22.978814538379318,18.078219414631516,17.088773495912964,,,,14973316
2025-11-21,23.8388225,24.28098654,23.64864442,24.04801839,23.77821011314615,23.771721337399136,23.64472370461105,24.058296033661314,25.65160662522682,23.654737751301226,0,0,0,0,27.58685160519805,23.38592791656274,92.74346972265886,87.01529679426542,4,41,24.04801839,23.911170387473554,24.032723932526444,23.16243023978843,24.346773119871536,24.076691568654464,,,24.44135220381314,23.17319922,1,4,8.5,-6.251414418813778,0.04161620768491542,1.101647767252555,4,6.916201233666036,59.1376300029704,0,0.33735176989457627,24.346773119871536,23.17319922,0,1,0,0,8,8,0,0,84,0,,2,,1.3329296614793233,1.0937530095260637,4,4.176922303832297,2.129915208418632,,,,,,0.5973402127818106,11.834945924177017,10.714285714285714,-50.60215149678069,0,23.958423864160242,22.38016802526954,20.800555308640675,15.501296838741103,,,,11876307
2025-11-24,24.03850949,24.0575273,23.76275127,23.99096497,23.8491283987641,23.883519704585716,23.67769906321952,24.055655599792242,25.635082827662373,23.62128922886189,0,0,0,0,27.571031309055503,23.445874930322372,96.29962962203956,86.91952982195241,5,0,23.97194716,23.91287965667187,24.03101466332813,23.676609643359356,24.27315326950556,24.072034679722474,,,24.42825951788499,23.17319922,0,3.5,0,-6.41354611067702,0.017267410147712686,0.9335548030035546,0,6.77573046021467,88.67052874641529,0,1.0198708004715102,24.27315326950556,23.17319922,1,1,1,0,19,8,0,0,84,0,,3,,1.1381392811817015,0.9206016380962171,5,8.470277906868521,2.7639538111647783,,,,,,1.0987662296398482,9.430232012227355,2.7777777777777777,-59.82317314163353,0,23.471818830967717,21.824281977381887,19.873724508194453,14.810590309813158,,,,22402808
2025-11-25,24.0670362,24.35230332,24.02900058,24.19065195,23.962969582509402,23.994845095775325,23.726551719103377,24.060949574310193,25.620710381118467,23.59264053340495,0,0,0,0,27.56262772895828,23.485454200279122,97.1770735787722,88.40699110657759,5,1,24.19065195,23.989116421104146,24.105265683534956,23.564403530276763,24.67560606,24.24884029489793,,,24.539213450974955,23.58208209,1,2,5.5,-5.5816501956650235,0.003801670980129651,1.2022980294499601,0,6.830327377721452,68.28626713279377,0,0.7743797744261306,24.25479766871268,23.58208209,0,1,0,0,8,8,0,0,84,0,,4,,1.0304133678410372,1.1869728813058233,6,4.976684833786438,3.164068919544257,,,,,,0.6281080784673385,5.815866975084612,0,-75.4199749298379,0,23.660948101084504,22.049485254909513,23.301650952524234,13.987813689535153,,,,12690354
2025-11-26,24.10507182,24.49969134,24.08624419,24.34279442,24.089577861672936,24.111830960685715,23.78524150014115,24.07200231335685,25.607994799415795,23.56904761407531,0,0,0,0,27.5566354802388,23.51831570845676,98.19458619492593,91.48095777352377,5,2,24.34279442,23.97194716,24.194550543344462,23.625300704542706,25.02268106,24.390589711719368,,,24.678679390130178,23.84057016,1,5.5,5,-4.940646033888832,0.013726658232645156,1.3622603755946951,0,4.887844250264222,70.46531605539877,0,0.9475854984550963,24.390589711719368,23.84057016,1,1,0,0,8,8,0,0,212,0,,0,,1.1098132658611612,1.344235035439212,7,6.197523416577605,4.055958991358125,,,,,,0.5163563086661448,5.471908828097404,0,-67.68301245776857,0,16.931989161882075,22.5877512463619,24.0926994036808,13.091636006907926,,,,9517881
2025-11-28,24.32347474,24.69045203,24.27517555,24.64224943,24.273801717781957,24.255082936927273,23.86686130298485,24.094364945382072,25.598385392754942,23.551633923210304,0,0,0,0,27.553052535981536,23.54610471164534,98.94009550292819,94.15256489846391,5,3,24.64224943,24.172268635437995,24.28668902456201,23.81749399350394,,24.69045203,,,24.976503002810034,24.01389397,1,5.5,0,-3.7351416821216987,0.026075294834347368,1.7427195768688735,0,4.954105973646394,73.5292194848107,0,0,,24.01389397,0,1,0,0,10,8,1,0,220,0,,0,,1.208602358674779,1.7170284391278001,8,7.428834402644198,4.8064377276237815,,,,,,0.3659492398112992,6.125680294546801,0.7936507936507936,-64.30573764631164,0,17.161526504872068,23.484211757889337,25.50836517596817,12.243159524698621,,,,6295222
2025-12-01,24.5359912,24.61326991,24.23653619,24.50701168,24.351538371854637,24.395004921194804,23.92782800555772,24.11054717026905,25.587525952827033,23.538939844129345,0,0,0,0,27.54536566787113,23.592628857929018,99.1157402439415,89.43819036793623,5,4,24.05617930624306,23.97194716,24.17871436464306,23.7449623930554,24.707519545438196,24.707519545438196,,,24.991250504118945,24.01389397,0,0,0.5,-4.222816519342508,0.021695420038633978,1.3681857922171508,0,5.004542722119285,80.2832638376404,0,2.0928818826834923,24.707519545438196,24.01389397,1,1,0,0,8,8,0,0,220,0,,1,,1.1735633603090718,1.353287479541037,9,6.340002275835467,2.534135621173939,,,,,,0.7935070080209223,6.985720286661391,1.1904761904761905,-59.704535339849876,0,17.33624452671931,24.153397572610864,23.88001778540593,12.06956764930961,,,,12954753
2025-12-02,24.51667152,24.51667152,23.79218359,24.11095828,24.27134500790309,24.4752378686671,23.945268984076034,24.110563292219283,25.572833737177014,23.528029045759382,0,0,0,0,27.535418358834157,23.619990959633135,98.87221377312628,90.25360031826757,5,5,24.050524597298562,23.991363062739996,24.109686131857128,23.754716924505725,24.67560606,24.11095828,,,24.98996379646854,23.58208209,2,2.5,6.5,-5.7165172706370235,0.015476253520694455,0.6151969608280666,0,5.003999603389139,69.84560308676771,0,2.113134716215432,24.67560606,23.58208209,1,0,0,0,8,8,0,0,220,0,,2,,1.1238100281655556,0.610915645492993,10,5.450791614643253,3.3461204703740477,,,,,,0.9281904488101501,7.416988651651383,1.5873015873015872,-57.212222881602024,0,17.334363108248997,23.13146700902312,21.269008914463292,17.456001253759847,,,,14911761
2025-12-03,24.10129844,24.42007313,24.01435989,24.17857716,24.240422391935393,24.50555973390909,23.967488810354507,24.113230502720487,25.558960537404108,23.5191292942933,0,0,0,0,27.526735491644835,23.64520138915246,98.78055304026358,74.01720235958393,5,6,24.17857716,23.98830305117485,24.10541935178362,23.545894687564928,24.67560606,24.270936255121953,,,24.563727006643873,23.58208209,1,0,1.5,-5.400780580978613,0,0.6926372371309449,0,4.920487815701157,84.98159255703642,0,0.7855898047673626,24.67560606,23.58208209,1,1,0,0,8,8,0,0,220,0,,3,,0.6603922926988721,0.6874400761013747,11,5.511466737824953,0.6683755027911606,,,,,,0.8465262095371409,7.448807246486577,1.9841269841269842,-56.29934439449637,0,17.045069789636017,22.18253148569164,19.953296231334622,16.376163338479092,,,,13351569
2025-12-04,24.15925748,24.28483538,23.70524504,23.75354424,24.078129674623597,24.45103202081039,23.94711313698741,24.09912515908439,25.540996196136405,23.509356357614326,0,0,0,0,27.518690020181857,23.649095692592148,96.33475909776566,80.85958218166363,5,7,23.649095692592148,23.529995014526865,23.649095692592148,23.291793658396294,24.2416862457,24.03096451095866,,,24.328716206121875,22.778986092951424,0,0,3.5,-6.998364286224643,0,-0.03297356082606859,0,5.313479448135906,57.52429361044598,0,1.6585143559049094,24.2416862457,22.778986092951424,1,1,0,0,8,8,0,0,220,0,,4,,0.24117851276972213,-0.03650458459901505,0,3.392688979279699,2.869339378315883,,,,,,0.7188851704056566,7.249839327308565,1.5873015873015872,-60.61246939920342,0,18.406432738288856,20.856590969028343,18.21935837803782,19.587734793149398,,,,11029851
2025-12-05,23.6955852,23.92346081,23.48306874,23.51204826,23.889435869749065,24.31908818544589,23.905678386798133,24.076102535590884,25.52080765945843,23.4970736936035,0,0,0,0,27.511440662661922,23.64503227195943,97.8902114169374,88.0111524890548,5,8,23.46797524,23.408746424558977,23.527204055441025,23.171831162794877,24.06534361902,24.008629443245187,,,24.3022588807841,22.98657282619851,0,0,4,-7.871065156960073,0,-0.3923505334734658,0,5.079683528813631,71.67735833428205,0,2.017154571037496,24.06534361902,22.98657282619851,1,1,1,0,1,8,1,0,220,0,,0,,-0.11044229517149926,-0.39639915643450996,0,6.669460271645579,4.222315062224258,,,,,,0.6536091585269895,7.627127862067377,2.7777777777777777,-56.655524902978094,0,17.596539916551947,20.221982544225366,17.009814858066232,21.636590758815156,,,,9376321
2025-12-08,23.42510971,23.82116311,23.42510971,23.67626552,23.818379086499377,24.16551748963723,23.883829542341168,24.060422652626535,25.50245400632949,23.483451445462062,0,0,0,0,27.503170906908093,23.6461004678676,97.99542300297915,87.90305083095589,5,9,23.6461004678676,23.5277191402676,23.6461004678676,23.29358163291522,24.2416862457,23.981989908724,,,24.274661792914472,23.082542803254935,0,0,1.5,-7.160834349024782,0,-0.05826154711241569,0,4.600899323301856,69.27340759266109,0,1.6895147685168386,24.2416862457,23.082542803254935,1,1,0,0,8,8,0,0,220,0,,1,,-0.2532178051323009,-0.0666264338950584,0,5.009298665580503,2.8808721389233893,,,,,,0.8021741358361909,7.922139234353843,3.1746031746031744,-50.29396539555832,0,15.937982776936158,19.782151582470313,15.982214349152972,21.213557552236455,,,,11198463
2025-12-09,23.72456472,23.82116311,23.25123261,23.40579003,23.680849400999584,23.98154976178485,23.83830196973725,24.034750785072553,25.481591678206808,23.46689937533094,0,0,0,0,27.495220758430158,23.638912232322063,72.67434363920661,93.35224264042897,4,0,23.127026876160805,,,22.82981680066251,23.9200475659,23.40579003,23.408533224900342,23.52741725509966,24.296699230797277,23.127026876160805,2,3.5,5,-8.146279378545037,0,-0.46640927979923136,4,4.76042542743865,15.72083396337841,0,0.31289737898062703,23.9200475659,23.127026876160805,1,0,0,0,8,8,0,0,220,0,,2,,-0.4933525489581463,-0.4676764438553375,0,0.29870869256329335,5.702648875369371,,,,,,0.7583058271681221,7.990318274203729,3.5714285714285716,-51.54621706778367,0,16.490597411933063,19.811479714150114,14.614021539763074,22.009269457448628,,,,10096325
2025-12-10,23.4734089,23.58449705,23.36715067,23.5217081,23.62780230066639,23.807217605974024,23.808150172619417,24.014631464089316,25.462090349070422,23.44841915153139,0,0,0,0,27.486686095549064,23.635147867729568,86.20263383312636,85.44572416399856,5,0,23.46797524,23.410838490443176,23.525111989556827,23.18229149221587,24.06534361902,23.95192094798938,,,24.293890617247303,23.136622135531116,0,2,0,-7.620671447115734,0,-0.2053228276915446,0,4.636172116424979,88.06654051444627,0,2.091012819782046,24.06534361902,23.136622135531116,1,1,1,0,19,8,0,0,220,0,,3,,-0.579119445433859,-0.20395605907832848,0,7.636983082100052,1.902016498603818,,,,,,0.8543371174420092,8.653384988088323,4.365079365079365,-46.118974589248246,0,16.06017131656439,19.838712979281354,14.117670882357489,21.26174658467213,,,,11200567
2025-12-11,23.55068762,23.76320408,23.41544987,23.56034746,23.605317353777593,23.657405930273157,23.78454991427471,23.99681640510542,25.443167534253803,23.428577661820903,0,0,0,0,27.47650108164024,23.632347769572455,92.5971660916573,85.40517900544629,5,1,23.46797524,23.41181473853652,23.524135741463482,23.187172732682594,24.06534361902,23.931386328091012,,,24.273830071244937,23.14016117468428,0,2,0,-7.400100917934011,0,-0.09576342463581865,0,4.627687929033647,76.34670612248944,0,2.1273612715457606,24.06534361902,23.14016117468428,1,1,0,0,8,8,0,0,220,0,,4,,-0.6984124212669751,-0.092314343122707,0,5.865691481230984,2.601321270153768,,,,,,1.0322001551953446,11.170955322958891,13.095238095238095,-30.31558996932629,0,16.030781229318947,19.191394981083686,16.178286563166203,20.08624739451674,,,,13562200
2025-12-12,23.62796633,23.90810166,23.55068762,23.61830649,23.60964706585173,23.540809379804323,23.76871720720093,23.981972879022855,25.425009712917944,23.40799838055988,0,0,0,0,27.468151144351484,23.631921624603855,95.75070466358835,80.73279522027855,5,2,23.494866806615732,23.439526572756787,23.550207040474678,23.218165637320997,24.06534361902,23.91445115674741,,,24.2539036246332,23.25123261,0,0,3,-7.106007994954652,0,0.03962831849244949,0,4.551633811657823,80.17039327588168,0,2.0617072701872368,24.06534361902,23.25123261,1,1,0,0,8,8,1,0,220,0,,5,,-0.9486705696409671,0.04135476621231369,0,5.753609211111437,1.7913258639300444,,,,,,0.8854502835014446,13.054175487914698,20.634920634920636,-17.207402398095635,1,15.767322038479477,18.083678328343545,17.58313684632783,18.927973139915267,,,,11339562
2025-12-15,23.65694585,23.79218359,23.57483721,23.66660569,23.62863327390115,23.469655387609958,23.75899230080084,23.969605538276863,25.407513155475975,23.38733216773363,0,0,0,0,27.458306218244875,23.633140131798616,97.57521223203878,68.7591736016461,5,3,23.517045106999024,23.46797524,23.633140131798616,23.254663429238196,24.2416862457,23.969605538276863,,,24.23624530172912,23.25123261,0,0,1,-6.851939640148386,0,0.14554558203464552,0,4.535157976956083,88.49856401965684,0,2.761782548557047,24.2416862457,23.25123261,1,1,0,0,8,8,0,0,220,0,,6,,-0.747493015352912,0.1471610812353979,0,6.562677371122056,0.6141427236009593,,,,,,1.0889006259263898,14.610383928190817,30.158730158730158,-7.0009342919694655,1,15.710248072878436,17.05508429365627,16.943290294776013,18.23918828614957,,,,13604282
2025-12-16,23.8936119,24.07231893,23.61830649,23.84048279,23.699249779267433,23.45668299657359,23.76675329977219,23.964541901089536,25.39192081353094,23.36800190855782,0,0,0,0,27.44545226960367,23.642706666614423,98.62909430701441,52.316798536752344,5,4,23.78431384259998,23.730741346887417,23.83788633831254,23.51645136403717,24.36509279934,23.964541901089536,,,24.232404379652344,23.35906411316,0,0,4.5,-6.109967162091203,0,0.4452422298401492,0,4.3134922221193435,93.53647668906889,0,2.168198248056763,24.36509279934,23.35906411316,1,1,0,0,8,8,0,0,220,0,,7,,-0.12127716203857271,0.44315963157249116,1,7.417698556106889,-0.5244249208839569,,,,,,1.4714754156880503,15.87068396422927,32.53968253968254,6.2125904850852836,2,14.942375373527758,16.50353090133255,20.33006773555179,16.85907938163883,,,,18730886
2025-12-17,23.84048279,24.10120184,23.80184343,23.90810166,23.768867072844955,23.493521672180083,23.780215048365314,23.96232855830171,25.377156443844065,23.35090626612813,0,0,0,0,27.436020478599197,23.651611446441247,99.19522728391834,53.276983121572286,5,5,23.52053949257326,23.40099898427326,23.640080000873258,23.191324056983746,24.36509279934,23.96232855830171,,,24.224422217413604,23.35906411316,0,0,6,-5.788886501507244,0,0.542320610855,0,3.8728367870317406,92.0238856764816,0,2.5653514855839914,24.36509279934,23.35906411316,1,1,0,0,8,8,0,0,220,0,,8,,-0.11989574805219892,0.5380887312108659,2,7.797441557787908,0.4765255797092569,,,,,,1.1141321533291804,16.901774483872583,34.523809523809526,25.98315633545195,3,13.415900169121564,16.080408415284126,19.78540050201152,15.999431125340216,,,,14094339
2025-12-18,23.82116311,24.13027796,23.76320408,23.90810166,23.815278601896637,23.56423864581731,23.792394725663854,23.96020201327027,25.362538983308305,23.33621910117111,0,0,0,0,27.427224424208784,23.659432928731245,99.2550353379919,53.63875971565594,5,6,23.521670309289888,23.40212980098989,23.641210817589887,23.194321872792482,24.36509279934,23.96020201327027,,,24.21996192351703,23.35906411316,0,1,6,-5.73458881331047,0,0.5197827770041494,0,3.8623345462357435,87.77461320776324,0,2.5765282372344442,24.36509279934,23.35906411316,1,1,0,0,8,8,0,0,220,0,,9,,0.35803303988862156,0.5104433964194034,3,6.385203843055046,0.46381898755073714,,,,,,1.0305323494131757,17.802403522855084,39.285714285714285,33.057123135021385,3,13.379519339817584,15.534103448705938,18.537217729063038,15.654153796002223,,,,13212413
2025-12-19,23.78252375,23.9177615,23.62313641,23.67626552,23.768940907931093,23.62528910220605,23.781334801314916,23.949067248828296,25.345760142877378,23.322602985554525,0,0,0,0,27.41119872055819,23.660272235775075,99.59772943082004,52.600718301882395,5,7,23.60119438812415,23.482813060524148,23.660272235775075,23.279326231126554,24.2416862457,23.87663264249081,,,24.130991179237803,23.25123261,0,0,2.5,-6.586879278688886,0,0.11705924920772512,0,3.9839493327150497,90.11525823278252,0,1.9899199210956238,24.2416862457,23.25123261,1,1,0,0,8,8,1,0,220,0,,10,,0.36752074064673146,0.10683876000073897,0,7.099026302072836,0.3888302680555873,,,,,,1.7213581465674137,18.91509131013488,42.46031746031746,37.057880856762125,3,13.800805318085182,14.480966706957776,17.5786563150493,17.30302508322004,,,,22737729
2025-12-22,23.54102778,23.64728601,23.28021212,23.32851132,23.622131045287396,23.63161806055757,23.7382087554754,23.92473172220758,25.32568801528656,23.308190992458883,0,0,0,0,27.400894739476975,23.650756594998306,88.63109592498651,75.84842797964153,4,0,23.20811123104377,23.15733702600504,23.258885436082497,22.954240205850134,23.73479509588,23.854139692929703,23.737497136329704,23.90810166,24.111198480154908,23.25123261,0,0,3,-7.88597211685252,0,-0.4353011282637698,4,4.011815283790521,39.033463237594916,0,2.074611958708208,23.73479509588,23.25123261,1,1,0,0,8,8,0,0,220,0,,11,,-0.22136124828287662,-0.4470239287873164,0,2.1148315382083442,5.470872033625279,,,,,,1.013322881907129,19.86448760578316,45.63492063492063,42.937379405922584,3,13.897335804213071,14.518309447093266,16.3543833311281,22.128223208741883,,,,13465692
2025-12-23,23.34589903,23.34589903,22.79722017,22.89381856,23.379360216858263,23.552767800962336,23.6577906416206,23.884303755062184,25.30149030926381,23.290609217274024,0,0,0,0,27.389183530653398,23.628990545581473,50.029116914483865,80.3851075476363,4,1,22.53610265,22.484056255499755,22.588149044500245,22.27587067749877,23.35906411316,23.5917419325,23.539695537999755,23.643788327000244,23.85197390500123,22.98520578080297,0,0,1,-9.515928586950752,0,-1.0868246588481651,4,4.368554586352996,8.099046060446803,0,2.3307518513858243,23.35906411316,22.98520578080297,1,1,0,0,8,8,0,0,220,0,,12,,-0.4192752072030464,-1.0909796742974849,0,-2.2904459592778688,5.299126451714599,,,,,,1.080556623986004,19.87697134142917,46.03174603174603,31.347503250830457,3,15.133116998402857,15.718884062879996,14.815010814088119,28.33112075661947,,,,13899735
2025-12-24,22.83585953,23.23191293,22.83585953,23.20293341,23.320551281238842,23.453611558714716,23.61447090527578,23.85758334937347,25.280609146087055,23.272084961347044,0,0,0,0,27.384731630249014,23.62402946822711,37.81959391299739,91.43233150510345,4,2,22.914446949995614,22.8625819640311,22.966311935960128,22.655122020173042,23.73479509588,23.644906736161474,23.61830649,23.73479509588,23.942255039738058,22.914446949995614,0,4,0,-8.218455987674012,0,-0.4478070030579453,4,4.526538384558352,17.30896175036723,0,2.4565796319659348,23.73479509588,22.914446949995614,1,1,0,0,10,8,0,0,220,0,,0,,-0.19461348250029278,-0.45094340822512424,0,-0.9817798691414288,3.972477947079046,,,,,,0.45508825876788245,19.891278713400244,46.42857142857143,26.854498338999566,3,15.680388928931627,16.83370334896767,13.804912999741076,26.399485099151686,,,,5694847
2025-12-26,23.17395389,23.34300108,23.13531454,23.30919164,23.31676473415923,23.366068286980514,23.58539668953523,23.83607779214314,25.260993051499124,23.25350171712133,0,0,0,0,27.377835364579465,23.618292889333137,43.7419123115278,92.60055178837314,4,3,22.884768329188624,22.834753640971574,22.934783017405675,22.634694888103375,23.73479509588,23.7174429538362,23.66742826561915,23.76745764205325,23.967516394921446,22.884768329188624,0,2,0,-7.7265426878508725,0,-0.20210972400944327,4,4.496672340698881,40.25248912554154,0,3.329720345487366,23.73479509588,22.884768329188624,1,1,0,0,10,8,0,0,220,0,,1,,-0.11725664535516461,-0.20579038570102837,0,0.4220920353382489,3.435011290139093,,,,,,0.7266177433006916,19.90296809675569,46.82539682539682,27.772084751770937,3,15.576929918160259,17.411789221842838,15.276216566090447,25.420698039382902,,,,9076661
2025-12-29,23.32851132,23.62796633,23.28504204,23.42510971,23.352879726106153,23.31180324591428,23.570131262912827,23.819961396764977,25.24272555556381,23.235598750355226,0,0,0,0,27.366457034209834,23.61246856835764,65.69942658127567,94.9768212683529,4,4,22.91870163263559,22.80157608408559,22.935457696447394,22.603559946065122,23.9200475659,23.46797524,23.418471205494885,23.517479274505117,23.715495412525584,22.935457696447394,0,0.5,3,-7.200553052652362,0,0.03601169049939973,4,4.306982925571535,44.938384878271975,0,2.151410683497194,23.9200475659,22.935457696447394,1,1,0,1,8,19,0,0,220,0,,2,,-0.05178765570967668,0.032574827686973534,0,3.053782538180166,4.626602454599341,,,,,,1.195698465637499,19.24081223769794,43.25396825396825,28.961367119743514,3,14.919826508843084,16.889870307726888,19.471029660022474,23.84842813076301,,,,15485710
2025-12-30,23.37198059,23.70524504,23.347831,23.59898681,23.434915420737436,23.304011707389613,23.572879410254462,23.811295726695764,25.226369946155213,23.219450593264963,0,0,0,0,27.35939034850386,23.61220833850613,73.45431826142328,82.61697177455444,4,5,23.55583952644444,,,23.271338324695282,24.06534361902,23.704596805260906,23.655437576434725,23.753756034087086,23.950392949391805,23.00788907367151,0,3.5,6,-6.451118966497378,0,0.348084315609588,6,4.405114808877855,55.63038139398832,0,2.8344941457599155,24.06534361902,23.00788907367151,1,1,0,0,8,8,0,0,220,0,,3,,0.08933083348398525,0.34154955650563235,1,2.391549072493647,0.9660959852260509,,,,,,0.7892562103803008,18.53543342733426,42.06349206349206,21.46604507617675,3,15.259765324301016,16.141848052982148,19.610636425884124,22.300295073909624,,,,10109521
2025-12-31,23.59898681,23.62796633,23.41061995,23.42510971,23.431646850491624,23.30178158103896,23.558806105468324,23.79615117702142,25.208446958730782,23.203896992695945,0,0,0,0,27.352154673537182,23.60872680235387,68.89264312296103,79.4030555678172,4,6,23.01660232503764,22.969013877020473,23.064190773054804,22.778660084951802,23.9200475659,23.6957885831741,23.648200135156934,23.743377031191265,23.933730823259936,23.01660232503764,0,0,0,-7.074363810076504,0,0.052487826761976525,6,4.183677327666965,50.07243173837456,0,2.8544165083570263,23.9200475659,23.01660232503764,1,1,0,0,8,8,0,0,220,0,,4,,-0.30776667762254434,0.04962359398161134,0,1.226344360925406,1.3707694913432755,,,,,,0.7906655025459944,17.697541005984203,38.095238095238095,22.11362473187349,3,14.492683387986336,15.447255959290604,18.810941141506106,21.390919140178816,,,,9930653
2026-01-02,23.46374906,23.7197348,23.24157277,23.56034746,23.474547053661084,23.31735775857359,23.558952901138007,23.786903972432345,25.192047958743412,23.18974512223321,0,0,0,0,27.343159694474405,23.60759020385932,83.59084071956474,47.26854219201538,5,0,23.30919164,23.26073306300192,23.357650216998085,23.066898755009582,24.01815632043605,23.694358815023918,,,23.936651700014338,23.06100128356396,0,3.5,1.5,-6.477045857548466,0,0.29928208555543934,6,4.225368466353855,91.46607659779214,0,2.9260647932937855,24.01815632043605,23.06100128356396,1,1,0,0,8,10,1,0,204,0,,5,,-0.2292202956440833,0.29554515343691834,1,5.151142543659026,-2.048836573431273,,,,,,1.0243552496818351,17.387726091496585,36.904761904761905,18.792105581548253,2,14.637105728848523,15.325731603101204,17.153657163910456,22.62105532296847,,,,12839540
2026-01-05,23.48306874,23.53136794,22.92279808,22.96143743,23.303510512440724,23.282039965270563,23.50204666579153,23.754532735474214,25.169852829104176,23.173334487189123,0,0,0,0,27.328110820452768,23.58626435910686,83.54944377621425,67.24302979571256,4,0,22.79722017,22.74653051475178,22.84790982524822,22.543771893758898,23.61327734,23.634188935999987,23.583499280751766,23.684878591248207,23.88763721224109,22.970393102498864,0,0,1.5,-8.774049709780428,0,-0.6997023440524354,6,4.610964514884701,53.025328526322426,0,3.219817400626932,23.61327734,22.970393102498864,1,1,0,0,8,8,0,0,204,0,,6,,-0.9072516523028499,-0.6932534492923882,0,2.602760561814721,2.380439348755237,,,,,,1.444242864169838,16.730765523284486,33.73015873015873,4.745026202596452,2,15.972849623354964,16.058225976918145,15.227316051643566,25.695687527511367,,,,18653007
2026-01-06,23.01939647,23.01939647,22.66198242,22.71028162,23.105767548293816,23.191479601603465,23.42664047095424,23.71358171133797,25.145379483739955,23.15354580351461,0,0,0,0,27.314047409321418,23.561282803087114,60.54572237540877,81.61845365849676,4,1,22.53610265,,,22.28480183768683,23.35906411316,22.79722017,22.746960007537364,22.847480332462634,23.048520982313168,20.282492385,0,0,3,-9.68407681146586,0,-1.0230541211162765,4,4.626726811608467,15.20243441915133,0,10.006843041423087,23.35906411316,20.282492385,1,1,0,0,8,8,0,0,200,0,,7,,-0.9342233589796362,-1.0167090021695238,0,-0.23871197738717953,5.2689650112017,,,,,,1.249669345876632,16.25317761914313,33.333333333333336,1.4083698442619657,2,16.027451820894044,17.31173084429268,14.260479475363706,28.697490941366127,,,,16590793
2026-01-07,22.80688001,22.86483904,22.20796999,22.22728967,22.812941588862543,23.02516644578572,23.312416585149073,23.65529574893256,25.116343764200256,23.12808862873793,0,0,0,0,27.296115707695385,23.51850829453373,55.88628294370312,42.6176478961777,4,2,22.20796999,22.155434936909696,22.2605050430903,21.945294724548486,23.15627812928,22.53610265,,,22.798777915451513,19.987172990999998,0,0,1,-11.502685746474718,0.01301440205637841,-1.703966752557109,4,4.928322418385518,18.107616908668884,0,3.6101919899079693,23.15627812928,19.987172990999998,1,1,1,0,8,3,0,0,200,0,,8,,-1.1041152164510273,-1.6929890709919422,0,0.5054447899356269,5.347996663263159,,,,,,1.4087951756816102,14.581978775014862,30.158730158730158,-14.586459079211245,1,17.072209649448876,19.273298999240225,12.668469703093647,33.20991166710575,,,,19272074
2026-01-08,22.20796999,22.77790049,22.13069128,22.63300291,22.752962029241694,22.86371457277316,23.24771052084916,23.615205833680303,25.09163390495448,23.100369862228757,0,0,0,0,27.283306337554556,23.496864099805382,73.33253717272805,86.74662880265535,4,3,22.488326874329065,22.433765671370214,22.542888077287916,22.215520859534806,23.15627812928,23.276656850485107,23.16349183593511,23.30919164,23.52743645183541,22.465612947686527,0,6.5,0,-9.798608589092368,0,-0.8270887519951389,4,5.276336252445075,63.546011313474,0,3.234090406203615,23.15627812928,22.465612947686527,1,1,0,0,8,8,0,0,204,0,,0,,-0.131893552564267,-0.8343725651882976,0,3.4892260934234223,1.9223423982225694,,,,,,1.0812025226067423,13.287700508048616,22.61904761904762,-27.30128352151628,0,18.27776493410487,21.212732963953236,11.326734278369976,30.957217027921793,,,,15058943
2026-01-09,22.65232258,22.83585953,22.38667701,22.62334307,22.709755709494463,22.72281766644459,23.188246954101622,23.57630925471245,25.067073797143987,23.070907111069513,0,0,0,0,27.272959190434047,23.47990278392994,79.01159220740317,91.1636316970604,4,4,22.53610265,22.48142811760964,22.59077718239036,22.262729988048186,23.15627812928,22.62334307,23.565143983335705,23.674493048116428,23.792865513357008,22.37048681620133,2,6.5,0,-9.748767434603444,0,-0.7374168367094873,4,5.232688931928141,41.5953143599532,0,0.2162047040951789,23.15627812928,22.37048681620133,1,0,0,0,8,8,0,0,204,0,,0,,-0.5091749817916693,-0.7594859067204013,0,2.7207216538482974,3.9186321592675775,,,,,,0.8727782529064261,13.512774389977853,23.80952380952381,-25.45320357235854,0,18.126566180605725,22.766946548109292,11.4423752428112,28.686402525909855,,,,12199616
2026-01-12,22.66198242,22.84551937,22.57021395,22.59436355,22.671291656329643,22.60506715584849,23.131686629901466,23.53780158001784,25.042469715082852,23.039946690834956,0,0,0,0,27.261953078010592,23.462011848279978,78.4637964505232,92.41315223132818,4,5,22.53610265,22.482875357244662,22.589329942755338,22.269966186223314,23.15627812928,22.59436355,23.52316899979698,23.629623585307655,23.74777170323419,22.281199561550896,2,0,3,-9.775817612782733,0,-0.6904979139287994,4,5.219768931704668,40.71591712170902,0,0.27151185603377653,23.15627812928,22.281199561550896,1,0,0,0,8,8,0,0,204,0,,1,,-0.669846947208651,-0.7188031920997413,0,2.1210373322724188,3.4109901767215485,,,,,,0.9288612246153682,13.738087906636848,27.38095238095238,-24.02260660552648,0,18.08180998696401,24.16709389924953,11.07599433970758,27.361638734819394,,,,12955355
2026-01-13,22.59436355,22.84068945,22.57504387,22.71028162,22.68428831088643,22.52587111175888,23.09155281943466,23.50534981687989,25.019263863390485,23.00842766607838,0,0,0,0,27.255169803256663,23.452498057703824,85.23742089132436,84.7140137305078,4,6,22.53610265,22.484305471191472,22.587899828808528,22.277116755957362,23.15627812928,23.569660108604825,23.56034746,23.683211516704826,23.890400231938937,22.223098236428644,0,4.5,1.5,-9.228817666250807,0,-0.4044461473661309,4,5.250788925095793,68.30312396139716,0,2.3946303391253334,23.15627812928,22.223098236428644,1,1,0,0,8,8,0,0,204,0,,2,,-0.6721962637099274,-0.4343294075345334,0,3.6984649421794886,1.432201773889549,,,,,,0.5959824839040763,13.874686761965787,27.38095238095238,-23.720470854800695,0,18.189266396171767,25.467230725308315,10.56881542431916,26.108726731512807,,,,8219532
2026-01-14,22.70062178,23.64728601,22.69096194,23.49272858,22.953768400590953,22.55722293441169,23.129760034726598,23.50485486641401,25.004074457585606,22.981320447198684,0,0,0,0,27.2436610708791,23.45351969286344,98.62416052411598,87.19405648081849,4,7,23.465516351794907,23.408880363704846,23.52215233988497,23.1823364113446,24.06534361902,23.601644178993872,,,23.945651774254117,22.53610265,0,7,0,-6.044398404545225,0,0.9792331494883278,4,6.352397984683156,61.54290923973738,0,2.118184170359168,23.7197348,22.53610265,1,1,1,0,14,8,0,0,196,0,,3,,0.039367366522319744,0.966101089076535,1,5.796336259461251,2.377635691170614,,,,,,1.2124386219869547,13.888431927487051,27.77777777777778,-36.88611819276317,0,22.005352118738735,23.726503096824462,21.691293406325194,22.172498471063754,,,,16922590
2026-01-15,23.41061995,23.48789866,23.19327357,23.41544987,23.107662223727303,22.66239892701862,23.15696859046692,23.501348788123266,24.988267247758884,22.957997652998003,0,0,0,0,27.235584761061126,23.452863032079833,93.98751209942607,90.80487178879204,4,8,23.24157277,23.18630850418423,23.296837035815773,22.965251440921143,23.7197348,23.570006795329753,,,23.90814110794284,22.53610265,0,3.5,0,-6.294223453608794,0.15,0.7753813018762121,4,6.305789318316693,51.789583369185486,0,1.730456463835045,23.7197348,22.53610265,1,1,0,0,8,8,0,0,196,0,,4,,0.14682990449144284,0.7610446264651664,2,4.352845947849717,3.9425235787276405,,,,,,0.8596486651185388,13.80250190701913,27.38095238095238,-36.813000012858964,0,21.843894962299252,22.110113156089454,20.641860676794177,21.09978486403534,,,,11696161
2026-01-16,23.02905631,23.08701534,22.70062178,22.7296013,22.9816419158182,22.739548005132903,23.116266943755786,23.471084180745883,24.965792959721483,22.934222462795567,0,0,0,0,27.223608911887975,23.437440688182473,83.5862488840528,93.18303939121995,4,9,22.603054600232557,22.54535538831434,22.660753812150773,22.314558540641478,23.35906411316,22.7296013,23.42214645564928,23.53754487948571,23.65278869069145,22.229804058226026,2,0,4.5,-8.957022367882486,0.15,-0.45111312461717806,4,6.912780708019622,33.99068418156887,0,0.5413822229521918,23.35906411316,22.229804058226026,1,0,0,0,8,8,0,0,196,0,,5,,-0.8233552034834859,-0.4630414259967307,0,1.7787044256350946,3.9125126120639417,,,,,,1.0831609768514658,13.618298548694959,24.206349206349206,-43.130495056263776,0,23.94657481574388,21.8127213670459,18.358562927153226,26.389294483625996,,,,14774023
2026-01-20,22.61368323,23.12082478,22.40599669,22.9517776,22.9716871438788,22.814289232946322,23.10060129196952,23.450719216795065,24.94575300589341,22.91180093094765,0,0,0,0,27.209861384302446,23.42517823382664,89.83868029778245,94.29394317842407,4,10,22.603054600232557,22.5430943669335,22.663014833531616,22.303253433737268,23.61327734,23.496034180685644,23.436073947386586,23.555994413984703,23.795835347180933,22.256440477899087,0,8.5,0,-7.993246006333559,0.15,-0.005418242947769655,4,7.0175969331074635,53.36716038058579,0,4.134719411794001,23.61327734,22.256440477899087,1,1,0,0,8,8,0,0,1220,0,,0,,0.14147095333580653,-0.012356774294960854,0,4.70939175110643,3.8641697655144784,,,,,,1.293343086925417,13.324079629281599,22.22222222222222,-45.19020517994219,0,24.309668870363314,22.116065135064925,16.404408161582477,27.96752800677506,,,,17947024
2026-01-21,21.47382222,22.02443305,21.23715616,21.63803948,22.527137922585865,22.73265481097922,22.961309690829566,23.37963373692075,24.91284043349646,22.88303476606731,0,0,1,0,27.169417000862527,21.63803948,45.51632896659187,21.8488546867685,4,11,21.23715616,21.16616968050802,21.308142639491983,20.882223762540093,22.55631518234,22.607755189148836,22.536768709656855,22.678741668640818,22.962687586608745,21.988998929987517,0,16,9,-13.1450324271067,0.1697574235458217,-2.263675208275051,4,9.019394737530048,6.49209432561166,0,3.7166486682552153,22.55631518234,21.988998929987517,1,1,0,0,10,3,0,0,1236,0,,0,,-1.1580593883665737,-2.2320182988905155,0,0.20022679633608398,8.566560509422148,,,,,,2.7591791520836986,19.535488581207776,47.61904761904762,-37.474631506149905,0,31.2440998778428,23.96620643615012,12.86659286391003,36.63748006126257,,,,40776210
2026-01-22,21.53178125,22.00511337,21.4931419,21.94715433,22.333810058390576,22.587148779975756,22.864723465988654,23.32345807390425,24.88333111903381,22.850887738018343,0,0,0,0,27.152145398263443,21.735016644489082,60.55227227357744,61.39001766169288,4,12,21.735016644489082,21.66452945397867,21.805503834999495,21.382580691937022,22.55631518234,22.606586098085,22.536098907574587,22.677073288595412,22.95902205063706,21.83912426782128,0,8,0,-11.79977381238906,0.15,-1.4721274251259548,4,9.135731710489809,15.108301766764185,0,2.1775923389948537,22.55631518234,21.83912426782128,1,1,0,0,8,8,0,0,1172,0,,1,,-0.19711692347318768,-1.4621116661750195,0,0.6230624882975278,6.103051880714364,,,,,,1.239634489216384,21.481127525644133,59.92063492063492,-32.122925932758235,0,31.647102973772945,25.684194787157804,12.032179798580696,34.261498139147854,,,,18640541
2026-01-23,21.90851498,22.44946596,21.89885514,22.41082661,22.359482242260384,22.46360236519913,22.821495193989733,23.287668604731532,24.85872908411805,22.818754752522263,0,0,0,0,27.140189632566955,21.86573095879696,62.664598330958015,98.33836982010773,4,13,21.86573095879696,21.795362399573005,21.936099518020914,21.51388816267719,23.15627812928,22.679524898485912,22.538787780038003,22.7296013,23.011075536895813,21.793559881897245,0,5.5,0,-9.84725512649794,0.15,-0.4992930411435861,4,9.276504811589197,21.173813106046975,0,2.672186127698947,23.15627812928,21.793559881897245,1,1,0,0,8,8,0,0,1172,0,,2,,-0.11983250051201412,-0.5014675669703939,0,1.2523306797996199,5.477252427575289,,,,,,0.9464367246950963,23.329260247140603,64.28571428571429,-27.40178031894964,0,32.134755300659286,26.055387186538297,16.82965142406062,31.867882526366813,,,,14248178
2026-01-26,22.41082661,22.92279808,22.41082661,22.77790049,22.498954991506924,22.406963090098266,22.817343317419283,23.267677698271473,24.838024321987522,22.788948613144434,0,0,0,0,27.128729834294873,22.01904570236496,78.9851717188247,94.72242448039594,4,14,22.647175836286365,22.53610265,22.7296013,22.25644902038246,23.35906411316,23.339406817885866,23.26949341048148,23.40932022529025,23.688973854907793,21.781964576150376,0,6,7.5,-8.294233894294987,0.15,0.20668213695548837,4,9.327143192076319,54.79722467343288,0,4.455346405095389,23.35906411316,21.781964576150376,1,1,0,0,8,8,0,0,1172,0,,0,,0.3512748572761383,0.20682044790172102,0,4.114334260511316,2.922274539523963,,,,,,0.9593203540868942,24.889227765204684,66.26984126984127,-22.967825977141636,0,32.310171796292686,25.304001044074614,21.77414940814921,29.784253129284675,,,,14882847
2026-01-27,22.7296013,23.09667518,22.66198242,22.89381856,22.630576181004617,22.42783796014502,22.82462667385554,23.25301655559416,24.818678991022473,22.761813801512986,0,0,0,0,27.114229694167925,22.176684651714666,87.0066682433073,92.98491183502477,4,15,22.646385939917046,22.53610265,22.676472185,22.260899538212282,23.61327734,23.773319172778315,23.635717616884456,23.843836563300002,24.11903967508772,21.781065781132245,0,7,7.5,-7.755692523839576,0.15,0.41065812728147943,4,9.330416086771821,54.348448771707126,0,5.76261279946623,23.61327734,21.781065781132245,1,1,0,0,8,8,0,0,1172,0,,1,,0.5333497751177317,0.41231676327198025,1,4.033845713252423,2.945631464470993,,,,,,1.2139954133187645,26.200129973574764,70.23809523809524,-18.939027196802318,1,32.32150943609355,24.240481632510157,22.802304946182513,28.104065628963337,,,,19464396
2026-01-28,22.87449888,23.04354607,22.20796999,22.40116677,22.55410637733641,22.431381573823376,22.78429715920263,23.219610681649293,24.7946241430521,22.734117986008222,0,0,0,0,27.10249411083535,22.202752089285163,51.55628404899686,96.15392533856675,4,16,22.202752089285163,,,21.846017402388703,23.15627812928,22.40116677,22.536831023727327,22.7296013,23.54271776806867,21.749930115396232,2,0,8,-9.653130288416937,0.15,-0.4544417647390689,4,9.533528224760687,6.925810510230015,0,0.570484065718974,23.15627812928,21.749930115396232,1,0,0,0,8,8,0,0,1172,0,,0,,-0.21479846114112808,-0.4458391249349519,0,-1.7604928472739445,6.4711602978179545,,,,,,0.888650708579688,27.31609424380141,73.80952380952381,-17.286895297025154,1,33.02511052135486,23.962118046062184,20.417947346724688,30.846970181850523,,,,14190485
2026-01-29,22.45719384,22.67164226,22.19831015,22.35286757,22.48702677489094,22.40388114074978,22.74320862689762,23.185620755702264,24.7703280577481,22.70561859892135,0,0,0,0,27.087481884989405,22.222089974471615,58.62088022203194,96.7122832426125,4,17,22.222089974471615,,,21.869705438871332,22.963804095,22.35286757,22.5385710842458,22.7296013,23.23545751696045,21.742508986988874,2,4,7.5,-9.759501295712239,0.17340362266932452,-0.4644196926269741,4,9.479797332182645,26.939716890151526,0,0.6915539714826114,22.963804095,21.742508986988874,1,0,0,0,8,8,0,0,1172,0,,1,,-1.1872289813545962,-0.4556256914482258,0,1.3057455311346828,4.584573971883691,,,,,,1.104073422238206,28.262283281967076,76.58730158730158,-13.936784252959104,1,32.83898124959247,23.718049873052173,19.19357591601432,29.119596173766915,,,,18069922
2026-01-30,22.41082661,22.9517776,22.26592902,22.93245792,22.635503823260628,22.424159693950646,22.761232369097847,23.175692801361,24.75204079269588,22.679917805629785,0,0,0,0,27.07156063022279,22.318362969772323,77.65395530187268,94.00588277007523,4,18,22.34160334647092,22.318362969772323,22.484736327193882,22.0320970083264,23.09667518,23.209018033522554,23.137451543161074,23.280584523884034,23.566850485329958,21.766127451822776,0,6,0,-7.351243834539989,0.15,0.6127414441500538,4,9.873233998270246,57.45774369370692,0,4.032307786540233,23.09667518,21.766127451822776,1,1,0,0,8,8,0,0,1172,0,,0,,-0.39653040926434896,0.6163383657721123,1,4.938179091234865,2.954350116426672,,,,,,1.2958956763848755,28.811030138610388,76.98412698412699,-15.761866835773588,1,34.201885840040944,22.86019785369683,21.04620464154761,26.627952989790753,,,,21990836
2026-02-02,22.93245792,22.98075711,22.46878564,22.70062178,22.657209808840417,22.46712925093679,22.75545993204091,23.157062565229193,24.73162866321632,22.655417895927098,0,0,0,0,27.06254498639899,22.344403638515146,76.13010310188835,92.57000997354622,4,19,22.4188190699267,22.344403638515146,22.53610265,22.06030055038679,23.09667518,22.70062178,23.141287315939135,23.283338860003315,23.567441948131673,21.81099039192113,2,3.5,4.5,-8.21218412613911,0.15,0.17896509507534084,4,9.885777929542938,46.66659911112553,0,1.0263159773916666,23.09667518,21.81099039192113,1,0,0,0,8,8,0,0,1172,0,,0,,0.14976474885971544,0.182838575447162,0,1.87696166761725,2.9268322562112,,,,,,0.7010318411297388,27.727896689369008,75,-19.031619303178683,1,34.24533929262285,21.998982791528583,20.055982422746236,24.914194749392227,,,,11861967
2026-02-03,22.51708484,23.26089244,22.47844548,23.05803582,22.790818479226946,22.570707815775318,22.78427668327511,23.153179163455498,24.71497599810969,22.634668923999797,0,0,0,0,27.050378527186005,22.40966176919629,81.89782838651156,87.72056902920222,4,20,22.432895501152288,22.359956864979633,22.505834137324943,22.068202320289014,23.09667518,23.183063665751682,23.110125029579027,23.256002301924337,23.547756846614956,22.19831015,0,5,7,-6.704194971649656,0.15,0.8118941679234087,4,9.697717576417723,54.44075074847552,0,2.700224647526033,23.09667518,22.19831015,1,1,0,0,8,8,0,0,1172,0,,0,,0.31302221751343995,0.8029495594544224,1,3.054844246502805,1.9220283621953596,,,,,,1.03920554072908,26.16928111768358,70.23809523809524,-22.101043989287223,0,33.59387911961842,20.58374376855366,21.56419623120318,22.52788892470103,,,,17525527
2026-02-04,23.13531454,23.88878198,23.0773555,23.64728601,23.076307656151297,22.773759305690046,22.8664680477251,23.172555902535674,24.704352217133476,22.62134212610894,0,0,0,1,27.03983226704782,22.515553441291015,88.54693005681403,86.73142734782014,5,0,23.261843965409387,23.111551745374456,23.412136185444318,22.810967305304597,24.36509279934,23.673870440460252,,,24.049600990547574,22.963804095,0,1.5,11,-4.278866322187387,0.36866766139944696,1.7737183990656014,1,9.930387519806118,59.324967895782756,0,2.4468971928469414,23.661872873764423,22.963804095,1,1,0,0,16,8,0,0,1172,0,,1,,2.7493412911955755,1.747191058851668,2,3.731994610008348,2.6420640026004936,,,,,,1.0590969241480819,23.20623265629396,63.888888888888886,-32.53976924734358,0,34.39987144630417,20.111014721687688,26.896021122667968,20.304249773496572,,,,17932006
2026-02-05,23.82599303,23.98538037,23.33817116,23.61347657,23.255363960767532,23.006042472142422,22.937611716513185,23.1898469091029,24.693497733082395,22.61461854662927,0,0,0,0,27.032079949411905,22.580242360260947,92.0877940631488,74.93409284848528,5,1,23.263027521365768,23.111913152583334,23.4141418901482,22.809684415018463,23.78175832138794,23.721813553182734,,,24.099599475138824,22.963804095,0,1.5,9.5,-4.3737066929788115,0.3058476035254364,1.5521973752056346,1,9.629049470439323,72.2680997948308,0,1.1442344501534667,23.78175832138794,22.963804095,1,1,0,0,16,8,0,0,1172,0,,2,,2.246780828203491,1.5299076754150343,3,3.863870007795092,0.9674509970697892,,,,,,0.789322317539039,22.582365034647026,63.492063492063494,-32.29895343399351,0,33.356005822790195,19.82887276347434,25.980499601101133,18.751369948407284,,,,13121606
2026-02-06,23.57000729,23.90327174,23.57000729,23.80184343,23.437523783845023,23.25388759729134,23.019919498750024,23.213846772667495,24.684625550962174,22.61520742289868,0,0,0,1,27.02567885817835,22.640300945754685,93.65644597017345,69.82655822763729,5,2,23.80184343,23.483686127906946,23.6658947812,22.984920745236668,24.537726955,23.931806833503,,,24.29748592398008,23.1085198865,1,1.5,10.5,-3.576242706779738,0.2557376819028463,1.7323682065026498,0,9.5150546152509,70.83839464850018,0,0.900799474326248,23.931806833503,23.1085198865,1,1,0,0,10,8,0,0,1172,0,,3,,1.8459014552227704,1.7072842557172507,4,3.740493419114628,1.0589483732194813,,,,,,0.7001487535687901,22.55058406327506,63.095238095238095,-31.584282456733785,0,32.96111606081458,19.566883802276234,24.923467100307533,17.988459004653496,,,,11515135
2026-02-09,23.73905448,23.84917664,23.52653802,23.7438844,23.539643989230015,23.476412862844157,23.08886853696431,23.234632561974653,24.675264942494888,22.621586457440156,0,0,0,0,27.018189612154785,22.69956331179491,96.04989091875103,52.52197524079462,5,3,23.7438844,23.480868244114227,23.656767742699994,22.960197755576907,24.051542109111587,24.051542109111587,,,24.40550477437602,23.1085198865,1,3,2.5,-3.774551335782813,0.03718068347975656,1.474092817163606,0,9.523705772033884,87.032235411653,0,0.3925774559270038,24.051542109111587,23.1085198865,0,1,0,0,8,8,0,0,1172,0,,4,,1.2974454678380525,1.45411128356317,5,5.279247942782607,-0.5626628128675133,,,,,,0.8054722022741103,22.133759424164655,61.904761904761905,-32.909876325427405,0,32.991084546999325,19.214557878200942,23.909277078613737,17.80471729611517,,,,13291325
2026-02-10,23.7438844,24.31864482,23.55068762,24.05299925,23.710762409486676,23.693581726852813,23.180690509634374,23.266725373269765,24.6690732440621,22.634663510063543,0,0,0,0,27.006819722805492,22.811972158013702,97.34743183755504,50.21994355632212,5,4,23.278626556883562,23.133441188356773,23.35906411316,22.843070451303195,24.2201791421831,24.55828796549997,24.55828796549997,24.70347333402676,24.99384407108034,23.35906411316,0,0,6.5,-2.4973536215447107,0.06368075525022027,1.8578042968594166,0,9.571452595017826,85.10422683874415,0,2.1617251445596,24.2201791421831,23.35906411316,1,1,0,0,10,8,0,0,1044,0,,5,,1.5094460420017621,1.8325111975323676,6,5.466940947507519,0.13889104778584294,,,,,,1.3207412972631412,22.4650724050746,62.301587301587304,-32.24531244512683,0,33.1564843936157,19.695899896679073,27.4251661612032,16.122968131943175,,,,22418869
2026-02-11,22.99041695,24.34279442,22.76824065,24.1399378,23.85382087299112,23.909496275361473,23.2720473944311,23.30096899784742,24.66380821476795,22.65406933274982,0,0,0,0,26.988448955983763,22.97473984809386,99.3170125113819,51.431826857712586,5,5,23.288451401234028,23.125519384566296,23.35906411316,22.79965535123083,24.385070905256942,24.542853526599973,24.542853526599973,24.705785543267705,25.031649576603172,23.35906411316,0,5,0,-2.1240451199027492,0.15142355493212933,1.8237241922453225,0,9.569345594005528,87.8360954201546,0,2.2435113868365715,24.385070905256942,23.35906411316,1,1,0,0,16,8,0,0,1044,0,,0,,2.2113884394570347,1.798254525707923,7,6.389460824820701,0.32638498351331324,,,,,,2.04385828185055,22.638501681318544,63.492063492063494,-31.7072159670634,0,33.1491855280059,18.413348204041977,22.692429897598064,21.91616180179718,,,,37706776
2026-02-12,23.63762617,23.92259142,23.35749084,23.49272858,23.73345677532741,24.034374994782684,23.293064650199568,23.308488981461245,24.65215568108867,22.675106062207178,0,0,0,0,26.9773781995195,23.00441422155581,97.0025194768798,72.55058598529041,5,6,23.292196206275353,23.234714281399977,23.45746248889539,22.9041817161599,24.2416862457,23.629742833700004,,,24.0429085402501,22.53610265,0,0,3.5,-4.703146921865721,0.060039922062099516,0.5886178684367912,0,9.446506050212683,49.72455713039966,0,2.4470478902530894,24.2416862457,22.53610265,1,1,0,0,8,8,0,0,1044,0,,1,,1.4803193764967961,0.5836342769083459,8,3.8780232106421737,3.9852355019157617,,,,,,1.008487630093646,22.090725907763254,60.714285714285715,-32.49310125009551,0,32.723656865950325,17.222407346593247,20.773921853348302,20.063282541816395,,,,18694769
2026-02-13,23.51629859,24.07714884,23.46374906,23.95640086,23.807771470218274,24.126357571558447,23.356239527323417,23.33389729042355,24.6452327475455,22.700248421238406,0,0,0,0,26.970286512570755,23.043280370232644,86.85202216029026,67.08652323999242,3,0,23.24305778720033,23.160850229376738,23.32526534502392,22.832019998082384,24.46226245409877,23.98538037,23.90317281217641,24.067587927823592,24.396418159117946,23.1085198865,0,0,0,-2.7949903926717985,0.03734941706056505,1.3122317132152979,0,9.636365020693633,60.05706275026704,0,2.9661619908835166,24.46226245409877,23.1085198865,1,1,0,1,15,8,1,1,1044,0,0,2,,1.2987953364845204,1.2953638108199887,9,1.6887115657374023,0.5314053903344667,,,,,,0.744887113854188,20.769576573034534,55.55555555555556,-37.78089248567667,0,33.38134763224177,16.41259190086806,21.068583554044544,18.726638287860123,,,,13890001
2026-02-17,23.8936119,24.03367957,22.64749266,22.97109727,23.528880070145515,24.076381913038098,23.319559312340235,23.319669838642234,24.62857468309231,22.722694661740018,0,0,0,0,26.956305801613603,23.039129569161307,88.22849261117987,74.50709616748159,2,0,22.48650064263158,22.397788384384675,22.575212900878483,22.04293935139706,23.73479509588,23.38584234382936,23.297130085582456,23.474554602076264,23.82940363506388,21.681629468143917,0,0,5.5,-6.729895799573732,0,-0.41411542397147133,0,10.115150492978088,50.845830966944284,0,2.8142547104914546,23.73479509588,21.681629468143917,1,1,0,0,8,8,0,1,1556,0,1,0,,0.42058166296394506,-0.41066308819693126,0,2.4321096467045997,2.455272912562745,,,,,,1.0956047153048953,18.60064736022459,45.63492063492063,-46.91582311117359,0,35.03990916008684,16.28331854340635,18.129205313491966,24.32932461783268,,,,20757660
2026-02-18,22.98558703,23.31885148,22.64266275,23.13531454,23.39769156009701,23.94441554822381,23.302012191164973,23.312440219087637,24.613716373210796,22.743167772952194,0,0,0,0,26.94621837301072,23.04314275764838,92.49032039599919,66.42399710226532,2,1,23.04314275764838,22.954729689901253,23.131555825395505,22.60107741891275,23.9200475659,23.372547983051795,,,23.814613321787423,22.423509975320002,0,1.5,3.5,-6.0064145161754885,0,-0.08328863014714602,0,10.093606775244355,75.0471566040227,0,1.983654295900461,23.9200475659,22.423509975320002,1,1,0,0,8,8,0,1,1556,0,2,1,,0.19543542074498432,-0.07955435810655596,0,4.085544981329583,0.8890446376272407,,,,,,0.8344730891072069,15.217592016971487,34.12698412698413,-56.47799125202353,0,34.96527953268935,16.17079068858405,16.891229348875786,22.716741396460943,,,,15717142
2026-02-19,23.14497438,23.42027979,22.97109727,23.17395389,23.323112336731338,23.7749175719026,23.289816162482595,23.30700938265283,24.599390378352975,22.76171957227978,0,0,0,0,26.939036193485887,23.046971046860968,88.48373308599474,78.14152438340187,2,2,23.046971046860968,22.960862640024352,23.133079453697583,22.616429012677887,23.9200475659,23.247678218226405,,,23.678220252409485,22.423509975320002,0,1.5,5,-5.794600867862701,0,0.00773113485041368,0,7.9369513543162835,38.95709435161673,0,2.0278543085708822,23.9200475659,22.423509975320002,1,1,0,0,8,8,0,1,1556,0,3,2,,-0.4258613113223564,0.017323054778336292,0,1.8188901727453777,3.3488811094825905,,,,,,0.6540415431781859,15.9187744293842,35.714285714285715,-42.101769988953016,0,27.494406005756822,15.844295711565762,17.15621778955389,21.65869355704094,,,,11356668
2026-02-20,23.27055228,23.60864665,23.1015051,23.57000729,23.405410654487557,23.637447188780083,23.316501031769967,23.31732302607821,24.58914776055842,22.78045131904978,0,0,0,0,26.931459419933972,23.064485756782464,92.39688322758334,43.900549788681516,2,3,23.57000729,22.979999900880607,23.14897161268432,22.42561825278514,24.341291656325577,24.447996396399976,24.36351054049812,24.532482252301833,24.870425675909264,22.828614645000002,1,1.5,0,-4.144675856530273,0,0.6775703888882953,0,7.980914062476785,89.88655274407165,0,0.6739704254793273,24.341291656325577,22.828614645000002,0,1,0,0,8,10,1,1,1556,0,4,3,,0.07302138529471006,0.7014743829164499,1,3.9092734495652097,-2.540847148054934,,,,,,0.786059356542287,16.394289302386646,37.301587301587304,-40.7007313460026,0,27.646697294101447,15.131348814576345,18.227408832830275,20.49788815778188,,,,13444795
2026-02-23,23.4734089,23.84048279,23.38647035,23.70524504,23.50535544965837,23.562692997247186,23.353524270649018,23.332535654075144,24.580352708612562,22.799848545762423,0,0,0,0,26.925340861991856,23.082115666958806,95.51632463081413,26.606820587125334,2,4,23.70524504,23.365558779570485,23.530568448388223,22.726431674729056,24.34279442,23.95640086,,,24.36892503204434,22.963804095,1,6.5,4,-3.560191666029011,0,0.855580373156649,0,7.775965475181168,93.32087500647394,0,0.6513492792607298,24.34279442,22.963804095,0,1,0,0,8,10,0,1,1684,0,5,0,,0.020957020781892703,0.8973672767485298,2,5.267787814016558,-2.594655897742151,,,,,,0.6697907388585288,15.974581122113191,36.111111111111114,-40.695925538245234,0,26.936734561830498,14.114096346742059,19.84074975180957,19.490772258362217,,,,11359387
2026-02-24,23.77286391,24.16891732,23.54102778,23.93708118,23.649264026438914,23.557389703482254,23.409101119158635,23.356243321758473,24.573951996885075,22.821171907476074,0,0,0,0,26.918432846797295,23.109921057833553,96.90837067593597,14.714433108920876,2,5,23.380118678842376,23.29790089028414,23.46233646740061,22.9690297360512,24.34279442,23.95640086,,,24.367489802791173,23.1085198865,0,0,8.5,-2.591649959134791,0,1.1758873910179655,0,7.6844321354789304,95.5706905240604,0,2.341769969830219,24.34279442,23.1085198865,1,1,0,0,8,10,0,1,1684,0,6,1,,0.37074381974874054,1.243971609814477,3,4.970193567258083,-4.278775807872352,,,,,,0.8207508740494771,16.72914520959841,38.095238095238095,-37.15491060503709,0,26.619653771929023,13.797350408850924,22.05456222416441,18.161761546803863,,,,13878391
2026-02-25,23.89844182,23.99021029,23.2753822,23.7197348,23.67275428429261,23.571924206751948,23.438685279238765,23.37049788953265,24.56545232328423,22.842800718769947,0,0,0,0,26.91131087806273,23.128482559964652,97.77663138077689,19.55518746709388,2,6,23.35099770335772,23.185542737285285,23.516452669430155,22.854632805140415,24.34279442,23.95640086,,,24.370038275181088,22.963804095,0,1.5,3.5,-3.44271097537504,0,0.7406963070032188,0,7.764514444463231,89.12718862773487,0,1.9981201736954401,24.34279442,22.963804095,1,1,0,0,8,10,0,1,1684,0,7,2,,-0.23699359525843514,0.784064098156704,4,5.276860480277796,-1.068124215299571,,,,,,0.8067407466368692,19.493569577687026,48.80952380952381,-27.525296503441886,0,26.8970670278255,12.941428270838598,20.353061187710644,19.627635248710316,,,,13396737
2026-02-26,23.85014263,23.92742134,23.45891915,23.73422456,23.69324437619507,23.595423542819482,23.466831877406502,23.38476168053137,24.557181400266476,22.864739388250626,0,0,0,0,26.904899583753014,23.144776591488966,97.9993927824715,11.424234926970387,2,7,23.354187241082055,23.192184376336222,23.508190362000004,22.868178646844555,24.34279442,23.95640086,,,24.36140802186458,22.963804095,0,1.5,5,-3.351186061839917,0,0.7309818729574343,0,7.363954846261963,94.95413234089159,0,2.0341351791710047,24.34279442,22.963804095,1,1,0,0,8,10,0,1,1684,0,8,3,,-0.31240661909081946,0.7603273122506196,5,4.90910583603766,-4.06639748700064,,,,,,0.7371500258618678,21.82840048667965,60.317460317460316,-14.430267702138936,1,25.50948787673756,12.146643428398582,19.30199360379051,18.614029925724104,,,,12166515
2026-02-27,23.79218359,24.15925748,23.70360287,23.77286391,23.719784220796715,23.632715748564504,23.49597778527255,23.39998137580465,24.549377246134473,22.887070587759062,0,0,0,0,26.896333166190274,23.1669285666157,97.43755397764406,8.039528951853441,2,8,23.489179671402404,23.40989571089541,23.5684636319094,23.092759868867432,24.16891732,24.389876981549975,24.31059302104298,24.46916094205697,24.786296784084946,23.1085198865,0,0,3.5,-3.163067349322436,0,0.7675591289017526,6,7.34638940912659,92.49319894339804,0,1.7146914565087321,24.16891732,23.1085198865,1,1,0,0,8,10,1,1,1684,0,9,4,,0.5036604126028383,0.7797541441385009,6,4.1389646245062135,-3.586133156756192,,,,,,1.0065259341640842,23.85417704928124,67.06349206349206,-6.265413023233042,1,25.44863941758631,11.883221753910021,20.922364089221308,17.658877204946627,,,,16535278
2026-03-02,23.77286391,23.78252375,23.30919164,23.67626552,23.70527798719781,23.665712880074885,23.513148045722783,23.410816048126037,24.540689567267464,22.909268848866414,0,0,0,0,26.887794147598857,23.183812771650665,97.94106879306878,5.7138200929124565,2,9,23.491519854642462,23.41367285461811,23.569366854666814,23.102284854520704,24.16891732,24.380895115249974,24.30304811522562,24.458742115274326,24.77013011537173,22.963804095,0,4,0,-3.522411401269005,0,0.5573092656024984,6,6.979938757745511,95.01700066476315,0,1.7403303021198955,24.16891732,22.963804095,1,1,0,0,8,10,0,1,1684,0,10,5,,-0.1560518498641042,0.5752233957874263,7,5.090334001632147,-4.02723893034164,,,,,,0.996414923156077,25.644597388038836,71.42857142857143,6.060495078226456,2,24.179217124268835,11.284763766244552,19.786524977905724,21.223861058649202,,,,16074413
2026-03-03,23.51204826,23.71490488,23.18361373,23.39613019,23.602228721465206,23.673609275405195,23.502003488034898,23.410240132121093,24.52930091674739,22.929821825338447,0,0,0,0,26.87890022592055,23.19038086604348,96.80935959927581,36.0030223958434,2,10,23.102490467399456,22.948430125389947,23.19038086604348,22.640309441370928,24.06534361902,23.488642526778094,,,23.873793381801867,22.97985375188832,0,6.5,5,-4.6196617286133685,0,0.05702704405306629,6,7.012828572212115,68.20485555313068,0,2.083281436051663,24.06534361902,22.97985375188832,1,1,0,0,8,10,0,1,1684,0,11,6,,0.7179347581659845,0.0740464297893034,0,3.689580788105924,1.3417921119138891,,,,,,0.9489062757609756,27.55770156363793,75.7936507936508,13.438153037547934,2,24.293150783684176,10.980240809079431,18.568031455811088,21.372427781874052,,,,15479633
2026-03-04,23.48306874,23.48306874,22.97592719,23.22225309,23.47557017764347,23.6368199248,23.475360592983954,23.4028680912536,24.516295465734977,22.947744898139895,0,0,0,0,26.868906798593937,23.19140747778958,96.95054656796545,47.4868669662884,2,11,23.1112600635214,22.959147932548284,23.19140747778958,22.654923670602052,23.9200475659,23.48404833513669,,,23.86432866256948,23.01333348336611,0,6.5,5,-5.278294910189786,0,-0.21553224433699855,6,6.903132832090418,74.47000624268875,0,1.772349334675012,23.9200475659,23.01333348336611,1,0,0,0,8,10,0,1,1684,0,12,7,,0.29813030754221276,-0.19949240750355451,0,4.237465402077639,0.9236729887748367,,,,,,1.0236323236706582,30.393458303960706,80.55555555555556,27.09933127624293,3,23.913153593154878,11.102272377967024,17.46257108251522,22.538133607841388,,,,16654045
2026-03-05,23.22225309,23.66177577,23.08218542,23.40579003,23.45231012842898,23.585912573299133,23.46873482508072,23.40298267708679,24.50524566040428,22.96456788857877,0,0,0,0,26.858046141718113,23.199072149952134,97.31182130358667,30.220928290253184,2,12,23.285816667540267,23.199072149952134,23.40298267708679,22.89587853707349,24.06534361902,23.52203802894737,,,23.901030045045676,22.994127534044942,0,1.5,3.5,-4.486613379194926,0,0.15087955993726765,6,6.448966492005177,89.43714895866997,0,1.999104192623055,24.06534361902,22.994127534044942,1,1,0,0,8,10,0,1,1684,0,13,8,,0.48328134791840816,0.16683382346653702,0,4.542783381533948,-2.0999257777244984,,,,,,1.1738574029377957,32.87631529686549,85.31746031746032,47.16427438520074,3,22.33987524092439,10.785261848838678,18.375420753626997,20.999408587725984,,,,19170852
2026-03-06,23.42543399,24.12279491,23.06202055,24.10315094,23.66925706561932,23.60219738856754,23.529155407453985,23.430440256024564,24.501244717912694,22.984351952228064,0,0,0,0,26.84971683948471,23.229284119372796,96.95440840517341,18.812518272139997,2,13,23.346060910201672,23.229284119372796,23.478411302000005,22.90986239455691,24.16891732,24.342448263349976,24.262592832146005,24.422303694553946,24.741725419369832,23.35906411316,0,1.5,0,-1.6247900157564312,0,1.3617579928003862,6,7.102985200060649,90.44150449012875,0,1.8864264326576885,24.16891732,23.35906411316,1,1,0,0,8,10,1,1,1684,0,14,9,,0.8549858393616898,1.4055014800518273,1,4.021185229901726,-2.9282796792667414,,,,,,1.1166108120802511,35.866022632655714,87.6984126984127,45.76447253155038,3,24.60546250382966,10.52414833895287,21.350634212269515,18.50878787329684,,,,18538349
2026-03-09,23.95582117,24.24065873,23.74965771,24.0049311,23.78114841041288,23.65788741401039,23.574467378172653,23.452969308729482,24.496306273953365,23.006013180396668,0,0,0,0,26.840398046416713,23.256471819680517,97.93202007779803,20.421774762389433,2,14,23.396741257720414,23.256471819680517,23.4796920318,22.942330181637196,24.16891732,24.333678677799977,24.176607858778315,24.333678677799977,24.647820315843298,23.35906411316,0,3,4,-2.005915375396162,0,1.0867305797532754,6,7.081516455926048,90.05020913106438,0,1.699289702476733,24.16891732,23.35906411316,1,1,0,0,8,10,0,1,1684,0,15,10,,0.5696714396105169,1.151108982406604,2,5.570254853111759,-1.2451452532724265,,,,,,1.182993276477586,38.14356220292533,88.88888888888889,55.4906780403036,3,24.531092592598007,10.509754917472087,21.4987929073007,17.475605859631496,,,,20151278
2026-03-10,23.97546514,23.98037613,23.2191723,23.23881627,23.60037103027525,23.654536630571,23.542500605965735,23.444571150347933,24.483793935605572,23.024466583782498,0,0,0,0,26.83384667597886,23.256134126731062,89.78461465905623,52.272083579364626,2,15,23.187487170444424,23.027604288495738,23.213932167999978,22.70783852459837,23.9200475659,23.458028887665048,,,23.857736092536758,22.97592719,0,0,7,-5.084905014639343,0,-0.29889085922699193,6,7.8055846617645,41.24344248885262,0,1.5272854448768596,23.9200475659,22.97592719,1,1,0,0,8,8,0,1,1748,0,16,0,,-0.6481282675624468,-0.2791309034185369,0,1.5492783704333934,2.6631506678957777,,,,,,0.6621594416356387,39.923001948792205,90.47619047619048,47.64785035835255,3,27.039338433912885,10.1473488629562,19.612047355271407,21.866870425032253,,,,11210425
2026-03-11,23.17988436,23.33212513,22.5709213,22.72807306,23.309605040183502,23.54995655914156,23.46493607777852,23.416473186020564,24.46632407614681,23.03689790456532,0,0,0,0,26.818365096091945,23.235922654687517,87.8351205067179,67.44768433856756,4,0,22.53610265,22.455074849184538,22.617130450815463,22.130963645922694,23.61327734,23.457926661773268,23.376898860957805,23.53895446258873,23.863065665850574,22.97592719,0,0,0,-7.1046676678394105,0.0012150929593418847,-1.1319265763556834,6,7.93179566051017,28.663197296376023,0,2.658778046940306,23.61327734,22.97592719,1,1,0,0,8,8,0,1,1748,0,17,1,,-1.009720743674735,-1.1263095971447104,0,2.847763732497439,5.700644542082241,,,,,,1.374113016625467,40.234879474828084,90.87301587301587,46.433540965111206,3,27.47654615851591,10.879635244422508,17.96702492704181,27.175889807166556,,,,23326209
2026-03-12,22.64949718,22.82138192,21.87356037,21.93249228,22.850567453455668,23.290182493272294,23.31898904941866,23.3582778563727,24.441111819468734,23.03912603121643,0,0,0,0,26.802667050828962,23.19462737689194,44.465435729712546,14.934520280227673,4,1,21.23715616,21.153453366832075,21.320858953167928,20.818642194160365,22.78997529,22.78997529,22.706272496832074,22.873678083167928,23.208489255839638,21.23715616,0,0,2.5,-10.263933809551471,0.12232604241311865,-2.4264448887501917,4,8.54194695575283,4.287388754207598,0,3.710316158469604,22.78997529,22.449066852985396,1,1,0,0,10,11,0,1,1748,0,18,2,,-1.9786083393049492,-2.3820222134396745,0,-5.563616361332434,4.180856292510937,,,,,,1.2394997097928016,38.61259114364021,90.07936507936508,30.491268597001508,3,29.5901722458444,12.44043791992971,16.150485720421262,31.867041394984028,,,,19939989
2026-03-13,22.09946603,22.30572771,21.88829335,22.1780419,22.626392268970445,22.979263752535495,23.210327416140693,23.31199409337769,24.418593710817305,23.033863345018727,0,0,0,0,26.788565077760158,23.164864301377914,43.11808278185846,42.45952590589172,4,2,21.23715616,21.15570504527264,21.318607274727363,20.829900586363195,22.963804095,22.53610265,22.45465153527264,22.61755376472736,22.943358223636807,21.4931419,0,5,2,-9.175597240985882,0.08827094355962711,-1.7061528093275833,4,8.342567105825122,27.134640278533947,0,4.239715910038927,22.963804095,22.241330586872714,1,1,0,0,10,8,0,1,1732,0,19,3,,-1.706167548477017,-1.6831821929990274,0,-0.002923068116889249,3.139434329158883,,,,,,1.178920724039368,36.79901695878048,88.0952380952381,27.334440811574318,3,28.8995001856839,13.889754690043542,15.411461406249192,30.4088488167978,,,,18982402
2026-03-16,22.26643977,22.55127733,22.07982206,22.30572771,22.519504082646964,22.6908539406987,23.124175063174913,23.272532666578567,24.397570168520616,23.022855049948113,0,0,0,0,26.778180320687312,23.146128696928354,43.80509595260222,70.60148361060916,4,3,22.100533300041945,,,21.70132029996848,22.963804095,22.53610265,22.456260049985307,22.615945250014693,22.935315650073466,22.100533300041945,0,1.5,3.5,-8.57397865472543,0.05379323795569413,-1.2766794957671626,4,8.062186071042769,29.080336775175635,0,1.0910700550280124,22.963804095,22.100533300041945,1,1,0,0,10,8,0,1,1732,0,20,4,,-1.430345903645553,-1.2612830394194456,0,0.14504888236524316,3.0059838472069464,,,,,,0.8961308650652715,34.75155742340468,86.5079365079365,24.43164209038381,3,27.92823179024036,14.671451538035877,17.344857695864278,28.8056485351237,,,,14454345
2026-03-17,22.43341351,22.63967519,22.34501565,22.48252344,22.507177201764645,22.469820953689176,23.063065384777303,23.241551912595092,24.378514977192054,23.008043998183787,0,0,0,0,26.768507778851525,23.13232383266688,39.07375829517471,90.54654844324017,4,4,22.012296809583287,,,21.565075445659712,23.15627812928,22.53610265,22.458981418914927,22.613223881085073,22.92170880542536,22.031432870215465,0,0,3.5,-7.777305299218991,0,-0.8046441876352785,4,7.0402812832495805,26.244563909611777,0,1.3087700304675793,23.15627812928,22.031432870215465,1,1,0,1,10,19,0,1,1732,0,21,5,,-0.886386561966577,-0.7944681357712302,0,-0.424095602450298,2.8602386702896947,,,,,,0.8914570105418007,32.38608122228738,84.92063492063492,32.79379018684765,3,24.38824976432897,15.196266541271456,17.6976781882878,27.69195973601693,,,,14081376
2026-03-18,22.19965027,22.70842909,21.60345579,21.68694266,22.233765687843096,22.23185374275628,22.932006077655654,23.18058684386587,24.351733163090643,22.985394863561652,0,0,0,0,26.74704092943968,23.07781004327377,10.862195070470207,22.709943680280766,4,5,21.23715616,21.155677755242433,21.31863456475757,20.829764136212166,22.423509975320002,21.87356037,21.79208196524243,21.95503877475757,22.280952393787835,21.23715616,0,0,4.5,-10.942919279066363,0.0807466273952952,-2.118477286346917,4,7.791676427520455,20.333287407553236,0,1.562142047070194,22.423509975320002,21.779517223062527,1,1,0,0,10,11,0,1,1732,0,22,6,,-1.6459730191623616,-2.0841033933272937,0,-2.3665268317385024,1.9551347417110885,,,,,,1.6239866632495485,30.337333509942034,80.55555555555556,12.397298780247043,2,26.991158897204375,16.62619375056837,15.55475039478268,32.4650375573983,,,,26530377
2026-03-19,21.68694266,21.93249228,21.32844021,21.37263914,21.946723505228732,21.951411201585717,22.783494940736066,23.109686933910346,24.322090436492726,22.95421258429248,0,0,0,0,26.734026172700244,23.041638402884725,12.92814549747126,15.30132215072488,4,6,21.23715616,21.156104319242974,21.31820800075703,20.83189695621487,22.423509975320002,23.06315686526207,,,23.4684160690472,21.48123960572306,0,0,2,-12.126635677940682,0.15139964107948323,-2.43341511940613,4,7.853380266637345,5.65316414684834,0,3.9034702846076237,22.423509975320002,21.48123960572306,1,1,0,0,10,6,0,1,1728,0,23,7,,-2.211197128635866,-2.391844930807375,0,-5.84623599473781,3.06298118692615,,,,,,0.9222155836160868,29.4979699434389,80.15873015873017,8.428856805402846,2,27.20490726594939,18.24693958685942,14.519711861932233,33.334298777299125,,,,15245143
2026-03-20,21.34317319,21.46103701,21.12708952,21.18602143,21.693156146819156,21.638863232055414,22.63135460638025,23.034249071011903,24.290885769761456,22.91461902999101,0,0,0,0,26.716159575987458,22.990568110709194,7.564475742077339,14.555096555722262,4,7,21.159825419759727,21.081581322181773,21.23806951733768,20.76860493186996,22.423509975320002,22.23512749891163,22.1780419,22.391615694067536,22.70459208437935,21.176067459260818,0,0,2,-12.782013670438278,0.25,-2.48132943830567,4,7.545580218389823,6.813397048914169,0,2.255889096715763,22.423509975320002,21.176067459260818,1,1,1,0,10,6,0,1,1728,0,24,8,,-3.1338821001774573,-2.4435683451490724,0,-4.618790246638789,3.7450920870639552,,,,,,1.2052283543719031,30.106887208429484,80.95238095238095,15.181463394194205,2,26.138656621675672,19.957993039014358,13.966404341676622,34.36166559097947,,,,20339086
2026-03-23,21.38246113,21.39228311,20.70474417,20.83242997,21.406247421212772,21.305475227503468,22.460028450534512,22.947903223913396,24.25647327424144,22.86571164512332,0,0,0,0,26.695030280059814,22.926080840057566,4.649908850955631,8.550914793711115,4,8,20.70474417,20.625950195999046,20.783538144000957,20.31077429999522,22.0944793655,22.96516314463005,,,23.359133014634832,20.837352579044826,0,0,3.5,-14.115998090610798,0.25,-2.821633293242579,4,7.534878276768426,7.549429155494941,0,5.400947452046019,22.0944793655,20.837352579044826,1,1,0,0,10,4,0,1,1728,0,25,9,,-3.4002113574050323,-2.7768349000146126,0,-4.941946589182234,3.132172342356658,,,,,,1.3047536527885342,35.650103723125504,88.88888888888889,36.582146553348835,3,26.10158400841988,21.947204328261897,12.878299146355648,36.47041458059098,,,,22762563
2026-03-24,20.83734097,21.24004235,20.66054524,20.94047181,21.250988884141847,21.023817332691774,22.315308770483608,22.869180423367773,24.22347823479625,22.80962098122489,0,0,0,0,26.681994825077727,22.889265619055237,2.9144442197296545,17.79362154016231,4,9,20.619731354565474,20.5413914402253,20.698071268905647,20.228031782864605,22.0944793655,22.159472447888888,22.081132533548715,22.23781236222906,22.551172019589757,20.590750483966396,0,7.5,2,-13.552993475892816,0.18272819095111092,-2.3016936784734217,4,7.445225781157709,9.205017108119733,0,4.004911103452739,22.0944793655,20.590750483966396,1,1,0,0,10,15,0,1,1728,0,26,10,,-2.4618255276088874,-2.283133468466916,0,-5.464881373960159,1.9881845248884054,,,,,,0.8236787077136161,41.46486445424096,94.04761904761905,60.77249608167566,3,25.791018653573666,23.834635424949973,12.027731873514924,34.56541426986464,,,,14390899
2026-03-25,21.09271257,21.29406326,20.89627287,21.12708952,21.209689096094564,20.830612855525107,22.20214503234231,22.800863133039623,24.19266839683808,22.749228995373688,0,0,0,0,26.66964429974818,22.857701431822434,2.3767881017856185,41.1854256395175,4,10,20.66054524,20.58424933391627,20.736841146083734,20.27906570958134,22.0944793655,22.87318016295897,,,23.254659693377633,20.66054524,0,3.5,2,-12.671520257925517,0.08368311113709989,-1.7090871796158877,4,7.598766616645584,9.194490719888641,0,5.80014062754735,22.0944793655,20.66054524,1,1,0,0,10,15,0,1,1728,0,27,11,,-1.6694648890967991,-1.7018403529080726,0,-4.863085241111067,2.64517842242009,,,,,,0.8084926988293292,46.05875131019231,98.01587301587301,74.97597839908661,3,26.322899709776813,25.438550892544114,12.10000391822771,32.95633738648182,,,,14156281
2026-03-26,21.08780158,21.54943487,21.08780158,21.17619944,21.198525877396378,20.72296633433723,22.104435928309712,22.737150831351794,24.16265378035213,22.68634198369238,0,0,0,0,26.65722754447271,22.82756268158786,2.649336487706052,61.65686079154993,4,11,20.66054524,20.585577315690106,20.735513164309896,20.285705618450528,22.0944793655,22.159472447888888,22.084504523578993,22.234440372198783,22.53431206943836,20.66054524,0,0,3.5,-12.359794447663548,0,-1.4266318286361905,4,7.615797475556933,5.544921726750815,0,3.9988494324393398,22.0944793655,20.66054524,1,1,0,0,10,15,0,1,1728,0,28,12,,-0.688187332497672,-1.4154641470118792,0,-4.2310494030636,5.0900463371765285,,,,,,0.8185075922726974,49.74653188771434,100,88.56313911184881,3,26.381896335638803,26.231269331712504,14.476186390107086,31.144402649759506,,,,14424026
2026-03-27,21.24495334,21.87356037,21.14673349,21.64765472,21.348235491597585,20.726725998685716,22.06093295608974,22.694425493651725,24.13762891407997,22.624859701191717,0,0,0,0,26.64418384210769,22.803632475661832,12.286366567367946,94.52842208745669,4,12,21.15373426654255,21.077631668254792,21.229836864830308,20.773221275103754,22.423509975320002,22.736759950101437,22.66065735181368,22.812862548389194,23.117272941540232,20.66054524,0,6,6,-10.315736491530524,0,-0.43142838191077326,4,8.080037436774672,17.793870150117634,0,5.456356962349312,22.423509975320002,20.66054524,1,1,0,0,10,8,0,1,708,0,29,0,,-0.3985118715235774,-0.42445674170064973,0,-1.253514709892001,3.9580968006441597,,,,,,0.9450158126613875,52.671365840110575,100,88.1787521674644,3,27.99007073510466,26.152867892737547,17.044484824474583,28.488614195764097,,,,16659256
2026-03-30,21.73605258,22.0503561,21.5985448,21.94231427,21.546261751065057,20.832094273890043,22.049635938366908,22.66493093586146,24.1157849872732,22.567073384101093,0,0,0,0,26.630618300769747,22.784647783473073,15.116597185815563,92.81058605487307,4,13,21.16702309642857,21.09232236855422,21.241723824302916,20.793519457056828,22.55631518234,22.720790061465177,22.64608933359083,22.795490789339524,23.094293700836918,21.23715616,0,0,0,-9.01264760164441,0,0.16030063485464177,4,8.282480294079122,37.13619760936085,0,3.9722073497349353,22.55631518234,21.23715616,1,1,0,0,10,8,0,1,708,0,30,1,,-0.19059180354865504,0.16721121834764588,0,-1.5866054709441386,2.920016892136638,,,,,,1.0429578520642149,54.924801084247896,100,91.43328788748366,3,28.691353364066106,25.662083937185482,18.237182391244016,26.950156508234056,,,,18512999
2026-03-31,22.03071213,22.1780419,21.76060755,22.08964404,21.727389180710038,21.016015803678357,22.053446233760535,22.64237066543552,24.09562438083267,22.51375895031746,0,0,0,0,26.619649265212644,22.772024575045275,26.362587153691358,92.10377486191878,4,14,21.156555474999998,21.083463420991674,21.22964752900832,20.79109520495838,22.70842909,22.73058323547918,22.584399127462532,22.78997529,23.082343506033293,21.4931419,0,1.5,0,-8.325081388753583,0,0.4385919298349697,4,8.299734224224489,40.61959460972257,0,3.517854172473459,22.70842909,21.4931419,1,1,0,0,10,8,0,0,708,0,,2,,-0.2209726701970055,0.4452227182119494,1,-0.23492756365276635,2.9707960732801673,,,,,,0.875183688386247,56.38231157491218,100,96.1047298978452,3,28.751122731350147,24.907337201962836,18.866984291228526,25.575920619638506,,,,15537458
2026-04-01,21.93249228,21.99142419,21.55925686,21.87356037,21.77611291047336,21.225151560130303,22.036314246735724,22.61222124208511,24.073514291172646,22.463547194476277,0,0,0,0,26.611827659753548,22.761009611176416,37.411365844515444,87.1660622500898,4,15,21.16702309642857,21.094416303599413,21.239629889257724,20.803989132282783,22.55631518234,22.694809376083523,22.549595790425208,22.70842909,22.99885626131663,21.23715616,0,2,2,-9.138482626856574,0,0.055055372633086117,4,8.31684935734527,46.120505454511225,0,4.794172500619341,22.55631518234,21.23715616,1,1,0,0,10,8,0,0,196,0,,0,,0.48696094317289873,0.06263909274779914,0,0.3578483960892187,1.862527489838342,,,,,,0.6084188967752682,56.494871947149925,100,96.09186198445148,3,28.810411291637138,24.54762095113819,17.636431556986864,26.383835063738907,,,,10617858
2026-04-02,21.9226703,22.43341351,21.74587457,22.38430359,21.97884313698224,21.486583103736365,22.06945608895137,22.603283294944518,24.056706224494313,22.419675204361845,0,0,0,0,26.603449649384267,22.755525923763926,29.84619296716338,88.07540769432751,4,16,21.61172150604651,21.4931419,21.64765472,21.198904564491702,22.70842909,22.688396459021707,22.541277791267557,22.811527914399985,23.105765249908284,21.4931419,0,0,0,-6.951918599693794,0.06685329368464821,0.9821238712279021,4,8.657202784456542,38.95968198793361,0,2.86378518260251,22.70842909,21.4931419,1,1,0,0,10,8,0,0,196,0,,1,,1.5348263494771857,0.9864054859431016,1,-1.2258190669613873,2.605579534154327,,,,,,0.7467366812530841,55.78847581226014,99.2063492063492,86.02712868016339,3,29.98943014821097,23.208710109318904,21.529450009314033,24.18202722703348,,,,12793613
2026-04-06,22.38430359,23.19952833,22.33519366,23.15041841,22.369368227988158,21.845229494843295,22.172404881432193,22.624739573966302,24.047688435295363,22.38671490276932,0,0,0,0,26.595873300079738,22.76180287710856,39.75140439318428,74.55710762780981,4,17,23.13227738290001,,,22.752165534988592,23.63551827002464,23.598378981370665,23.46374906,23.75042372053523,24.054513198864367,22.53610265,0,1.5,0,-3.7312111212253503,0.21441409820562662,2.2522008515594263,4,8.830600423617769,51.44713830374069,0,2.3288678871922883,23.63551827002464,22.53610265,1,1,0,0,16,8,0,0,196,0,,2,,2.715312785645013,2.2257080063944295,2,0.42168588909183047,0.4185916884945972,,,,,,0.8392001421649989,53.312350413559514,98.41269841269842,74.27976799900414,3,30.590097190090447,22.494566573108724,28.341687391550455,21.727232314358588,,,,14195537
2026-04-07,23.14059642,23.18960813,22.73789504,22.767361,22.50203248532544,22.201336591669264,22.22906736891484,22.63033257106566,24.034948858824762,22.361427210256583,0,0,0,0,26.588099323640144,22.76188361542848,30.308841551856236,78.53560636108097,4,18,22.665412849562415,,,22.237601238337234,23.343076358767497,22.842723883799987,22.768098530884295,22.91734923671568,23.215850648378446,22.06716442676,0,0,3.5,-5.273936159674203,0.20862029532198434,1.3835200699610897,4,8.950445750185729,40.36418500863144,0,2.0785414788354233,22.70842909,22.06716442676,1,1,0,0,16,8,0,0,196,0,,3,,2.6689623625758747,1.3767191182293896,3,-1.337339598587164,1.8887662653686526,,,,,,0.794631104345418,49.66193288973187,97.22222222222223,60.172639009452986,3,31.005253579421233,21.831433289484984,26.8099512533362,20.552976651331214,,,,13164012
2026-04-08,22.78700497,22.84593688,22.36465962,22.54145535,22.51517344021696,22.494236260738962,22.258818605208667,22.6268471898474,24.020088226896156,22.341623416766854,0,0,0,0,26.57863503523829,22.758247877383113,35.59335652695789,86.9070519679309,4,19,22.53610265,,,22.16814220521286,23.15627812928,22.73404142684881,22.66044933789138,22.807633515806238,23.10200187163595,21.89885514,0,1.5,5,-6.155817842669197,0.15079789982931052,0.896114993861971,4,8.431585937382494,38.303204312381794,0,2.269771924348967,22.70842909,21.89885514,1,1,0,0,16,8,0,0,196,0,,4,,2.206383198634484,0.8866196854056694,4,-0.052021868582419195,3.8262361293611087,,,,,,0.906497661406527,44.30760220024405,95.23809523809524,51.69747570288741,3,29.20787046385947,20.470274368110537,25.2444903964096,23.88115146179997,,,,15197949
2026-04-09,22.38430359,22.94415673,22.30346865,22.85575886,22.628701913477972,22.7358388060026,22.31567005804594,22.635824118088678,24.00850286006137,22.32848040646777,0,0,0,0,26.57211706222674,22.759439234892984,58.0553050301093,89.34066639291459,4,20,22.742446174321998,,,22.298110531559185,23.19952833,23.165393973529003,23.091338033068535,23.23944991398947,23.535673675831347,22.19831015,0,3,0,-4.801398932621413,0.1639092923319821,1.3748709502875966,4,8.269835688724193,47.33042364584936,0,2.611765693652172,23.19952833,22.19831015,0,1,0,0,13,8,0,0,196,0,,5,,2.3112743386558567,1.3667020962301624,5,1.9919229516483217,3.0360884821441467,,,,,,0.7048570620222006,37.832178454300056,89.68253968253968,32.06077627637714,3,28.64755116623332,19.38313854849816,24.4786770508351,22.036458958413537,,,,11396907
2026-04-10,22.88522482,23.17988436,22.60038725,22.64949718,22.635633668985314,22.891986681012128,22.34746311727966,22.636360316595006,23.994980415483646,22.31965676421784,0,0,0,0,26.564346203806043,22.757937138071867,73.8118049877241,93.15007319222264,4,21,22.636360316595006,,,22.266658757760684,23.19952833,22.64949718,23.10131874090001,23.35906411316,23.77140685413491,21.89885514,2,0,3.5,-5.607352922094582,0.12132569227924825,0.9142927969238605,4,7.442804954360518,45.72921009964552,0,0.6690752894869312,23.19952833,21.89885514,1,0,0,0,8,8,0,0,196,0,,6,,1.970605538233986,0.9039284565599819,6,2.9668703265565064,4.436352803967483,,,,,,0.81686589224441,36.092253675274236,88.88888888888889,39.986688505598636,3,25.78263266355555,18.79148266504452,25.61224587239261,20.494425548544154,,,,12921324
2026-04-13,22.56109932,22.59056527,21.73114159,22.02089015,22.430719162656874,22.916175126164507,22.316360929919693,22.612224231630496,23.97533772627485,22.31042201787176,0,0,0,0,26.55323983381081,22.745687961169118,72.79702173938557,95.02079063649344,4,22,21.55925686,21.482398395591485,21.636115324408518,21.17496453795742,22.78997529,22.02089015,22.401983024625743,22.555699953442776,23.205432985268132,21.23715616,2,2,3.5,-8.151908426019585,0,-0.23160933936052552,4,7.9327597490736155,31.336280353273402,0,0.6616341483527631,22.78997529,21.23715616,1,0,0,0,8,8,0,0,196,0,,7,,0.6214234397775447,-0.23549311653308788,0,1.684913933673121,4.405938911996612,,,,,,1.020102039039363,34.24963691007764,86.9047619047619,24.635295377434545,3,27.479885859265675,18.218886898901985,22.879817348651525,28.4059293499242,,,,15983172
2026-04-14,21.91284831,21.91284831,21.58872281,21.71640861,22.19261564510458,22.815042696803467,22.259222613736863,22.57709420725283,23.952860819645252,22.29845694668796,0,0,0,0,26.541568548635567,22.72903535216949,73.78585447799078,96.01375284045322,4,23,21.55925686,21.484029648942094,21.63448407105791,21.183120804710462,22.423509975320002,21.71640861,22.335440156882836,22.48589457899865,22.786803423230282,20.66054524,2,4.5,2,-9.336889762290934,0,-0.7091233910920506,4,8.016753995942866,32.52732256681905,0,0.986424221183927,22.423509975320002,20.66054524,1,1,0,0,8,8,0,0,196,0,,8,,-0.086960467430134,-0.7049917461635737,0,1.8888419408154435,4.4578783622460065,,,,,,1.0050377252702023,32.04490517681858,84.92063492063492,15.39043507731016,2,27.770850465507728,17.901170050227535,21.706240557539957,28.639241947303134,,,,15815544
2026-04-15,21.67220968,21.81462846,21.39228311,21.61818876,22.001140016736386,22.621179249293938,22.198171770523828,22.539490072066446,23.929630251887588,22.282868433364015,0,0,0,0,26.5314712446735,22.713936787245643,53.352785368011396,96.94382255084565,4,24,21.55925686,21.485632080535517,21.632881639464486,21.19113296267757,22.423509975320002,21.61818876,22.377976630319274,22.525226189248244,22.796185231431778,20.66054524,2,8,2,-9.659328069664848,0,-0.7840016517624286,4,7.962360438851331,16.08492596434445,0,0.8129426048586066,22.423509975320002,20.66054524,1,1,1,0,8,8,0,0,196,0,,9,,-0.3718736666719153,-0.7747787526617066,0,-0.5090912136197101,4.925849174629847,,,,,,0.8576361970453056,29.629183293713414,80.15873015873017,7.420513564203947,2,27.58242565653385,17.89873087003343,20.594482465633785,29.554636313814388,,,,13469767
2026-04-16,21.6574767,22.28608374,21.62801075,22.18786389,22.063381307824258,22.44630454768831,22.1971900676168,22.525700810024624,23.91229924331159,22.26715340161848,0,0,0,0,26.52244903735488,22.706778637662904,64.2990088642301,94.05415151143137,4,25,21.543881287906977,21.469552073225667,21.618210502588287,21.172235214500432,22.78997529,22.449746538127762,22.375417323446452,22.524075752809072,22.821392611534307,21.4931419,0,0,0,-7.211499554121405,0,0.3172830989278836,4,7.576733102514841,47.45550298868536,0,2.5739667564880406,22.78997529,21.4931419,1,1,0,0,8,8,0,0,196,0,,10,,0.5407104906237004,0.3153132079949783,0,1.9223125892279747,2.9318472603635803,,,,,,0.9075710492643716,28.940745819913634,78.96825396825396,10.264854018216,2,26.246573377889348,16.975824926026643,24.60542417954768,27.183501583494746,,,,13670464
2026-04-17,22.19768587,22.32537168,22.00124618,22.07000007,22.06558756188284,22.29114184704502,22.185076734510435,22.507830192768758,23.893967908253764,22.250465311177983,0,0,0,0,26.513808763440586,22.69877003870589,72.67529416270338,94.79017600305221,4,26,21.4931419,21.421227937260216,21.565055862739786,21.13357208630107,22.78997529,22.07000007,22.53610265,22.78997529,23.07763114095915,21.4931419,2,0,2,-7.633591227950491,0,0.11503393385057777,4,7.429635207876194,40.36685324339877,0,0.572489462289898,22.78997529,21.4931419,1,0,0,0,8,8,0,0,196,0,,11,,-0.1938231467690278,0.11293983218500629,0,2.3778202084042963,3.9015500157576133,,,,,,0.8565148714761804,29.53148838519788,79.76190476190476,14.74326997030419,2,25.737011323488247,16.045969168711053,24.103031749568846,26.089577068547644,,,,12796558
2026-04-20,22.06017809,22.20750786,21.7262306,21.81462846,21.981934527921894,22.13334932054935,22.149795946461822,22.480645811091552,23.87327796349502,22.231285346000366,0,0,0,0,26.502139562944063,22.68473190963691,79.63843900832704,95.69323278356583,4,27,20.698894288958545,20.62781991945017,20.76996865846692,20.343522441416678,22.423509975320002,21.81462846,22.45597232587886,22.64949718,22.933794658033495,21.39228311,2,0,2,-8.623237691292038,0.03854907574891356,-0.3097989729760789,4,7.477068152119877,41.88247334526127,0,0.377375005376423,22.423509975320002,21.39228311,1,0,0,0,8,8,0,0,196,0,,12,,-1.3083926059913085,-0.3061794670871155,0,2.9282421370571052,4.280898918541994,,,,,,1.1133842611329212,30.60335069761174,82.53968253968254,18.15361585517474,2,25.901323862253527,15.650805212604373,22.645775332507142,27.967041820467227,,,,16415851
2026-04-21,21.77534052,21.87356037,21.47085899,21.58872281,21.850863955281262,21.964250456616007,22.096360409655933,22.445668438499727,23.850546071420442,22.20834087460003,0,0,0,0,26.49202375168308,22.67046258589708,81.51855499023017,97.06122333142312,4,28,21.39228311,21.322689933135084,21.461876286864918,21.044317225675414,22.423509975320002,21.58872281,22.435006221345397,22.64949718,22.70221363983869,21.39228311,2,4,3.5,-9.48331855651193,0.018511959249181226,-0.6466912056728183,4,7.338338345881889,31.55352061836286,0,0.17641788754421736,22.423509975320002,21.39228311,1,0,0,0,8,8,0,0,196,0,,13,,-1.1480956739934498,-0.63458937533098,0,2.5921994927658716,5.33701525484462,,,,,,0.9545280430977773,31.399219364912284,83.73015873015873,23.518069747011886,3,25.420749716396767,15.6922970881384,21.475775963573764,29.79845015000073,,,,13638185
2026-04-22,21.63783273,21.74587457,21.38246113,21.50032495,21.734017620187508,21.786700009100862,22.03959512778394,22.40859614483307,23.827160786630188,22.18157140206515,0,0,0,0,26.485059645978183,22.660215218050997,59.48960452134801,98.22589492050986,4,29,20.66054524,20.592678241482577,20.728412238517425,20.321210247412882,22.0944793655,21.50032495,22.491391088858375,22.627125085893223,22.740260711322687,20.959695027076293,2,6,5.5,-9.765476707303767,0.00004623198701325659,-0.706470201916281,4,7.3518134885098485,10.946948394444007,0,0.4360144612225681,22.0944793655,20.959695027076293,1,0,0,0,8,8,0,0,196,0,,0,,-1.000369855896106,-0.6924204641089065,0,-0.24333964925618234,6.612376883217728,,,,,,0.6595866666937494,31.776024637485005,84.12698412698413,24.771230981994833,3,25.467428979738493,15.870035349068582,20.44900593252494,29.536728784375594,,,,9254709
2026-04-23,21.52487991,21.72131961,21.36281716,21.57890083,21.682312023458337,21.633423896258,21.995719480375946,22.376059073663146,23.804790040793073,22.152372247527907,0,0,0,0,26.476639932340294,22.648671367313312,74.44378561730461,86.85093697272023,4,30,21.04224987754706,20.976029607048737,21.108470148045384,20.71114852505545,22.32537168,22.376059073663146,22.309838803164823,22.44227934416147,22.707160426154758,21.04224987754706,0,3,2,-9.350593754360697,0.030237398942091376,-0.46468894117416176,4,7.313873982337857,68.21839423028301,0,4.028401533484762,22.32537168,21.04224987754706,1,1,0,0,8,8,0,0,196,0,,1,,-1.241899191536731,-0.45315441948073676,0,3.282736181326155,1.3188818157787678,,,,,,0.8208002151863447,31.82486719072922,84.52380952380952,25.611240252859695,3,25.33600267513057,16.067437972871087,19.46055445302284,28.373862930805956,,,,11403744
2026-04-24,21.6574767,21.89320434,21.38246113,21.54943487,21.638019638972224,21.51854238983376,21.953216184149667,22.343642438225377,23.782348695810057,22.121168025843822,0,0,0,0,26.465353320942594,22.63319267936594,83.84420790143571,85.85721062374517,4,31,21.39228311,21.326232651590846,21.458333568409156,21.06203081795422,22.0944793655,22.490503963750115,22.42445350534096,22.55655442215927,22.820756255795896,21.114093197391103,0,4.5,2,-9.388954196115415,0.005498704338521371,-0.43534983667647187,4,7.316458013256697,67.08272946960398,0,4.167755378267616,22.0944793655,21.114093197391103,1,1,0,0,8,8,0,0,196,0,,2,,-1.043989634708171,-0.42690906307159626,0,3.9398516733874374,2.118578418054895,,,,,,1.0948174517921174,32.43724921822012,85.71428571428571,27.983065945145242,3,25.34495402081009,15.830532736535172,20.440477217062522,26.41489552834876,,,,15256350
2026-04-27,21.47085899,21.7262306,21.42174907,21.5297909,21.60194339264815,21.44506246280995,21.912889966611605,22.3117266916283,23.759935185403986,22.088310969396197,0,0,0,0,26.458601073158544,22.623978048155703,88.46980839812326,90.35936179197748,4,32,21.39228311,21.328231956387928,21.456334263612074,21.072027341939634,22.0944793655,22.534586075500837,22.470534921888763,22.59863722911291,22.854841843561204,21.096386695982307,0,4.5,4,-9.386154751693061,0,-0.3913586639813307,4,6.970868844378064,54.37653451726961,0,4.490783689015197,22.0944793655,21.096386695982307,1,1,0,0,8,8,0,0,196,0,,0,,-0.36173199066662975,-0.38965803415780703,0,3.908584401958292,3.7075458450951917,,,,,,0.6729587639143088,33.45000522825956,86.9047619047619,38.5219687392719,3,24.1477980227235,15.610549302794679,19.572902264131216,25.293742558125405,,,,9124183
2026-04-28,21.8539164,22.07982206,21.62309976,22.07000007,21.757962285098767,21.461746231016875,21.927852833600976,22.302247216270327,23.743119910623847,22.057662708046188,0,0,0,0,26.451673457754982,22.618682663574663,93.44834981105981,62.728338805065036,5,0,22.07000007,21.36281716,21.4931419,21.105268905155153,22.32537168,22.51845570729986,22.38968157987744,22.59056527,22.848113524844845,21.4931419,1,0.5,0,-7.0467564790219965,0,0.639820189902702,0,7.288353320192699,88.11230538587311,0,0.2647075364680185,22.32537168,21.4931419,0,1,0,0,8,8,0,0,196,0,,1,,0.6345114117587981,0.6307838946145008,1,5.26501370385718,-0.569685768611481,,,,,,0.8012609199003368,34.04387828602905,86.9047619047619,34.84007586625931,3,25.24759650817414,14.554263446512177,22.983281179324226,23.364513721770567,,,,10544501
2026-04-29,22.01106816,22.20750786,21.84409442,22.02089015,21.84560490673251,21.528312927044148,21.936713530400883,22.291213605828354,23.725983296090277,22.029134455743613,0,0,0,0,26.442852584308813,22.611547896799298,94.76999706944324,78.24155738327264,4,0,22.02089015,21.36281716,21.4931419,21.11068615764407,22.32537168,22.07000007,22.006967319411018,22.13303282058898,22.385163822944907,21.4931419,1,3.5,4.5,-7.1866068723535435,0,0.5239518258737468,4,7.260479141348383,54.30144309628198,0,0.33452009940309646,22.32537168,21.4931419,0,1,0,1,8,19,0,0,196,0,,2,,0.6916539382843305,0.5146547393074946,2,4.36958083089627,3.4318207857932763,,,,,,1.0211254274510333,35.05638479230007,87.6984126984127,39.38345391961768,3,25.151037520218907,13.740497858963915,23.608827123251007,22.161769028080215,,,,13324929
2026-04-30,22.00124618,22.33028267,21.99142419,22.25661778,21.982609197821674,21.642677823054544,21.967180601791274,22.28985690677626,23.711362743691367,22.004076241177206,0,0,0,0,26.43473020978896,22.60745894806346,91.14841927479478,77.33973012456443,4,1,22.044417225348838,21.93249228,22.07000007,21.686268546383783,22.78997529,22.28985690677626,,,22.597636573796535,21.4931419,0,3.5,0,-6.13522292841822,0,0.9198383021482256,4,7.262039418967407,55.476601683800965,0,2.0816998873362005,22.32537168,21.4931419,1,1,0,0,8,8,0,0,196,0,,3,,0.2876184662082648,0.9066345532617954,3,2.6978219853238334,1.3891190888705855,,,,,,0.9880648113284655,35.01471444812012,87.3015873015873,39.187862017241144,3,25.156442480439033,13.256768934448058,24.229260194949504,21.072500793299042,,,,13011780
2026-05-01,22.38921458,22.58074329,21.86373839,22.08964404,22.018287478547784,21.764478089145026,21.97884378638258,22.282005421804644,23.695226239177025,21.98110301225846,0,0,0,0,26.425514647728914,22.60100563095627,79.98343552933795,82.64566456959406,4,2,21.93249228,,,21.61468772758832,22.32537168,22.289450676046396,22.22588976556406,22.353011586528734,22.60725522845808,21.4931419,0,1.5,3.5,-6.775973282425979,0,0.5644487412229048,4,6.914103974208999,46.92483056675345,0,2.5056556616434444,22.32537168,21.4931419,0,1,0,0,8,8,0,0,196,0,,4,,0.227493354601513,0.554219939506501,4,1.4955271826356595,2.470472932195548,,,,,,1.0763929458609058,33.92181794465517,85.71428571428571,41.629130794122304,3,23.951158744287756,13.335854379667026,25.307186254183623,18.950086947414707,,,,14253542
2026-05-04,21.93249228,22.19768587,21.84409442,22.02089015,22.01915503569852,21.871519016248058,21.98284820196519,22.27176560722407,23.6785661785882,21.959506651851775,0,0,0,0,26.416387425048214,22.594012637811193,77.89711484704951,79.96896593167776,4,3,21.93249228,,,21.621602720171296,22.32537168,22.276379354339277,22.214201442373536,22.338557266305017,22.587268914167982,21.4931419,0,1.5,2,-7.000744961015353,0,0.41942108086311797,4,5.898645708063937,52.3551657249281,0,2.5193430579361515,22.32537168,21.4931419,1,1,0,0,8,8,0,0,196,0,,5,,0.44458015622057884,0.4087664876484652,5,1.9631122559305014,1.4531845349973578,,,,,,1.0548061508865227,31.7127712801167,80.95238095238095,55.19983689047451,3,20.433508124429668,13.354805989892535,24.022220775955933,18.269983278013708,,,,13955005
2026-05-05,21.93249228,22.36240056,21.62309976,22.13875396,22.059021343799014,21.97562227622901,21.997696369397076,22.266549464195673,23.66324466397538,21.94012730308269,0,0,0,0,26.40654795615717,22.587987605569666,80.98693093658218,74.61304818103575,4,4,21.93249228,21.868154747460384,21.99682981253962,21.610804617301916,22.32537168,22.26470351133529,,,22.586391174033377,21.4931419,0,3,3.5,-6.442441540133531,0,0.6154444059340318,6,5.750847241417719,56.74323611721818,0,1.2213070178222172,22.32537168,21.4931419,1,1,0,0,8,8,0,0,196,0,,6,,0.8536867829869258,0.6038105328980715,6,2.658599392951606,0.9028906970967876,,,,,,1.1631908583605768,28.07544884643194,72.61904761904762,40.93026008730377,3,19.921519217405617,12.765725685788567,21.5575897765876,19.462418316569256,,,,15526317
2026-05-06,22.75753901,23.14059642,22.27626175,22.65931916,22.25912061586601,22.1233785186026,22.06070806374021,22.281952197364472,23.653255355478112,21.92610767739133,0,0,0,0,26.3919630360701,22.589555969640475,96.66838768095528,75.47732839084726,4,5,22.06716442676,21.998477410294644,22.13585144322536,21.72372934443321,22.77258838644116,22.75802308655994,22.689336070094583,22.8267101030253,23.101458168886733,22.06716442676,0,1,7.5,-4.202111635546678,0.07249086114416187,1.4992341862880996,6,6.172292644369377,62.37727151662459,0,2.0540241692894976,22.32537168,22.06716442676,1,1,0,0,13,8,0,0,196,0,,7,,1.579926889153295,1.4769923857052556,7,4.930440094722158,1.3189790179810703,,,,,,1.896523487055067,25.33537326242256,63.888888888888886,18.492312466932574,2,21.381448918462837,13.7159687581377,28.865879522254318,16.927852567776974,,,,26374720
2026-05-07,22.60038725,23.34685811,22.54145535,23.2191723,22.579137843910672,22.35131787390217,22.171037991003047,22.31870592687959,23.648936121095247,21.920308914116358,0,0,0,0,26.382668089332217,22.599835607347725,92.69098856995684,69.9307678097993,4,6,22.70749229357904,22.599835607347725,22.74240797560001,22.315948019047823,23.9200475659,23.46374906,23.392777162925025,23.534720957074978,23.81860854537488,22.53610265,0,3,0,-1.8172649242850711,0.1407694936521361,2.345938568018963,4,6.497882620485914,63.898027091092615,0,3.0968535391628724,22.882037363816842,22.53610265,1,1,0,0,16,8,0,0,196,0,,8,,2.1261559492170887,2.301456044063723,8,4.8839784361601835,0.6346350444895019,,,,,,1.38915454801436,25.198567826931832,63.095238095238095,11.947235490260399,2,22.509325680600796,14.911555882312216,28.53595893986108,15.212669247127309,,,,19910110
2026-05-08,23.19952833,23.72009353,23.0276436,23.53347582,22.897250502607115,22.64765863792684,22.300793974717042,22.366343961903922,23.647787262377882,21.923689896032535,0,0,0,1,26.37707924562478,22.609951348137088,89.26005859534115,76.17852139351996,4,7,23.46374906,23.391663995483952,23.53583412451605,23.103323737419757,24.078649213043622,23.71394386174997,,,24.074369184330216,22.828614645000002,0,3,11,-0.4833917064187431,0.1874805100456,2.6499321422102327,4,6.528313323416871,53.47208742848177,0,1.706040376524101,24.078649213043622,22.828614645000002,1,1,1,0,16,8,1,0,196,0,,9,,2.4998440803648,2.5939288934900153,9,2.841559862433302,1.880665822720133,,,,,,0.9305460732319408,24.656001447713287,61.507936507936506,9.026239763309183,2,22.6147407277737,16.53642622013726,30.711441692119408,13.907909696478006,,,,13357375
2026-05-11,23.57276376,23.69062758,22.68387413,22.84593688,22.880145961738076,22.884351891567963,22.35271234664875,22.385151527319454,23.639808651607954,21.93078452338608,0,0,0,0,26.369853741100368,22.612594090611495,87.45145564579119,86.88266672081608,5,0,22.703779375039556,22.551929372188322,22.73335298080001,22.248229366485855,23.214573075072394,23.69332063554997,23.541470632698736,23.69332063554997,23.997020641252437,22.19831015,0,0,7,-3.358198804853505,0.08652466570312897,1.2156115008295498,0,6.602364444512265,25.707114352926336,0,1.121268116434742,23.214573075072394,22.19831015,0,1,0,0,8,8,0,0,204,0,,0,,1.6921973256250318,1.197926281676562,10,2.1312505137779842,5.183058249129116,,,,,,0.9795977805038664,24.02784380722471,60.714285714285715,5.056924733062581,2,22.871261335963016,17.128888416354457,27.075469951037654,16.303966725054874,,,,13962508
2026-05-12,23.02273261,23.21897586,22.60529825,22.95397871,22.904756877825385,23.055487010193936,22.40997580982506,22.40745847565987,23.63298447308449,21.94146617305763,0,0,0,0,26.362443094330743,22.616608490334883,92.68381712568393,90.7722616204324,5,1,22.698068482939163,22.546106380113017,22.724487940000007,22.242182174460726,23.32084473047515,23.673706183149974,23.521744080323828,23.673706183149974,23.977630388802265,22.19831015,0,1.5,5.5,-2.873127445489615,0.018446141157131696,1.2981284067668968,0,6.394294915861834,56.39256174844523,0,1.366077980307331,23.32084473047515,22.19831015,1,1,0,0,8,8,0,0,200,0,,0,,1.1475691292570536,1.2799496119316258,11,4.883211167143369,4.0839109429351454,,,,,,1.044449765441163,23.314972585665533,58.73015873015873,5.257154038135723,2,22.150487345704107,17.47907736180902,25.122961329742385,16.05157868913209,,,,14835693
2026-05-13,22.98344467,23.29283719,22.68878512,22.767361,22.85895825188359,23.14375646609827,22.444012494603626,22.421572300143797,23.62437130419808,21.953822819118916,0,0,0,0,26.35608460002027,22.61804249457261,93.4928024762311,93.13159273873015,5,2,22.690718641911207,22.538824330894073,22.713080533400007,22.235035708859805,23.37864428832034,23.655173470249974,23.50327915923284,23.655173470249974,23.958962092284242,22.06716442676,0,0,5.5,-3.6276533803284132,0,0.8762999085351733,0,6.447890991561533,42.544953251530266,0,1.5096585729084866,23.37864428832034,22.06716442676,1,1,0,0,8,8,0,0,200,0,,0,,0.9840616781767839,0.8622851857929998,12,3.4917969020882493,4.320585224854549,,,,,,0.8570809198072186,22.498865222706836,55.55555555555556,0.7284855605560329,2,22.33614959810048,17.92787371067005,24.20721136052269,14.911689607585544,,,,12116243
2026-05-14,22.94906772,23.39586981,22.72807306,22.8950468,22.870987767922394,23.185929773406933,22.486968142736615,22.44013992758914,23.6171143439573,21.967999435911118,0,0,0,0,26.34790125560991,22.62152890658353,95.48407378175965,86.19476246093868,5,3,22.68379208404319,22.53610265,22.702949984800007,22.230163331325322,23.450529276058436,23.635826635899974,23.482856976562633,23.635826635899974,23.941765954574652,22.19831015,0,1,5.5,-3.0573910658227827,0,1.0252382656290686,0,5.974237995915754,70.35321458361422,0,1.6902305848591404,23.450529276058436,22.19831015,1,1,0,0,8,8,0,0,200,0,,0,,0.8446729365891353,1.0109275367554957,13,4.621326786630043,2.0373914649105758,,,,,,1.1381672662347475,21.573912897880266,51.98412698412698,4.245130739518309,2,20.695367490869103,18.520340653079362,23.52287454748184,13.749230111171574,,,,16235851
2026-05-15,23.01291062,23.20935032,22.50216741,22.51198939,22.751321641948262,23.16605747443117,22.489351118666463,22.442957553566036,23.606118075758722,21.981263030436146,0,0,0,0,26.341435967069426,22.620553232418793,73.75132273892142,91.46805748318056,3,0,22.328311857790872,,,21.941633054418475,23.15627812928,22.659632820744903,22.53610265,22.691307223500008,23.000650266197926,21.4931419,0,0,7,-4.634936935617086,0,0.30273642095894177,0,6.220386649653895,18.919521703746835,0,3.420619491167918,23.15627812928,21.4931419,1,1,0,0,8,8,1,0,72,0,,0,,0.5962736955280699,0.28855927819558413,14,0.20771570282286955,4.4209716237303684,,,,,,0.816148560396076,20.51474242917288,48.01587301587302,-4.795371004004894,1,21.54805143984738,18.432149456433415,21.602332742757753,15.234791291718725,,,,11593177
2026-05-18,22.55127733,22.98344467,22.41376954,22.93433474,22.81232600796551,23.144314321104332,22.53173051117442,22.46222724715168,23.599433664457642,21.995915774972666,0,0,0,0,26.331522264465274,22.625318770922547,86.32605088137132,51.53088554150109,2,0,22.58701049334031,22.510112330481864,22.663908656198753,22.202519679048084,23.543329692208747,23.60089632639998,23.523998163541535,23.677794489258424,23.985387140692204,22.19831015,0,1.5,0,-2.8182834127046275,0.01951966570023775,1.003785423375969,0,6.307896168201143,93.31939367099386,0,2.4872354899527145,23.543329692208747,22.19831015,1,1,0,0,8,8,0,0,72,0,,1,,1.156157325601902,0.9887001387957401,15,5.55935385339419,-2.2686400800994875,,,,,,1.3951220166893197,19.312665387713754,41.666666666666664,-11.617342271936437,1,21.85119330438683,18.107545682369246,20.173458773963254,15.253473849596238,,,,20072411
2026-05-19,22.94906772,23.16515139,22.59547626,22.86558085,22.830077621977008,23.110794991012984,22.56352578153876,22.478045035498674,23.592131646403338,22.011147537419973,0,0,0,0,26.32463404724299,22.627790368986926,91.44916072151585,58.99718267069332,2,1,22.59367258101886,22.517180758989593,22.67016440304813,22.21121347087251,23.57769109315917,23.586790655949976,23.510298833920707,23.663282477979244,23.969249766096326,22.19831015,0,1.5,2,-3.079631833582539,0.0044444444444444444,0.8077237064019902,0,6.190984775720909,70.53013582952585,0,2.5728724614868512,23.57769109315917,22.19831015,1,1,0,0,8,8,0,0,72,0,,2,,0.9299491713960719,0.7954856764600454,16,4.011191433513165,1.35202349412971,,,,,,0.9544683200836823,17.939864859548013,39.682539682539684,-16.34944858445831,1,21.446200360868048,18.176833364033996,20.952995218096035,14.23918186530141,,,,13737202
2026-05-20,22.77718298,23.23390528,22.53163336,23.11113047,22.92376190465134,23.08935117485455,22.61567860901126,22.50287191528304,23.587345565046093,22.02807847187069,0,0,0,0,26.318157208653016,22.63279075956553,95.0426846038002,37.629085808231736,2,2,22.604067994233024,22.44947118332152,22.68616505120001,22.140277561498518,23.62175353656829,23.576770978049975,23.46374906,23.731367788961478,24.04056141078448,22.423509975320002,0,3,0,-2.0189431393746697,0.008888888888888889,1.159201984269572,0,6.19215245831427,91.16686859462939,0,2.1942788606806682,23.62175353656829,22.423509975320002,1,1,0,0,8,10,0,0,72,0,,0,,0.5970068101661492,1.1458460399498274,17,5.268226295359644,-1.74524803701362,,,,,,0.9543227231880753,16.351489907320374,34.12698412698413,-23.770149691914018,0,21.450245332025677,18.3797220354273,20.047493359128808,13.084129210128836,,,,13959606
2026-05-21,23.12586345,23.39596803,22.767361,23.12095245,22.989492086434225,23.079867644363645,22.663799927200664,22.527110367624882,23.582704837533196,22.04619252231313,0,0,0,0,26.31209748981058,22.637502961025973,96.3679299179017,51.88485892144364,2,3,22.61374559224276,22.458966285146367,22.684282659300006,22.14940767095358,23.65313223521912,23.565675854849975,23.46374906,23.72009353,24.029652144192788,22.423509975320002,0,0,5,-1.9580128348902992,0.013333333333333334,1.0774651052039879,0,6.200319418829298,73.797779622395,0,2.2384272214739993,23.65313223521912,22.423509975320002,1,1,0,0,8,8,0,0,72,0,,0,,-0.02448814404676115,1.0667532160543702,18,4.554612910170073,1.3327567374727893,,,,,,0.8937771245838065,14.490916865983616,30.555555555555557,-32.53303428229021,0,21.47853651313655,18.891703446760935,20.46332503218599,12.13522334109214,,,,13152091
2026-05-22,23.15041841,23.52856483,23.11113047,23.36650208,23.115162084289484,23.10375250079914,22.73072394175298,22.560027689678808,23.58055356631396,22.0665125073261,0,0,0,0,26.30735496615971,22.643441627644812,97.18931169012303,27.77870670134326,2,4,22.572025657828732,22.420847830524938,22.68369658300001,22.118492175917346,23.695894545407327,23.554777637549975,23.46374906,23.70595546485377,24.00831111946136,22.53610265,0,0,7,-0.9077458072050647,0.017777777777777778,1.3956419077539541,0,6.217458475006024,94.62852575698899,0,2.478028486104548,23.695894545407327,22.53610265,1,1,0,0,8,10,1,0,72,0,,1,,-0.10398462497851173,1.3901251875621439,19,4.756387313619915,-3.9158210860245064,,,,,,0.7711255846332398,14.019000510912946,28.174603174603174,-34.91011036678256,0,21.53790794532029,19.62294873476697,21.02056673222491,11.536867078046756,,,,11190487
2026-05-26,23.38123505,23.67098361,23.27319322,23.42543399,23.218586052859656,23.16623095501732,22.796886803490793,22.593965191652188,23.579010087942677,22.08912092078761,0,0,0,0,26.301068529738327,22.65199665689699,97.19414456351495,28.68519983475101,2,5,22.58142894077315,22.433946129883914,22.68196105480001,22.138980508105437,23.709833189760104,23.542346677599976,23.46374906,23.689829488489213,23.98479511026769,22.828614645000002,0,2,7,-0.6513254685836511,0.022222222222222223,1.3714680308606189,0,6.198134148816775,83.32349328259224,0,2.550363309421878,23.709833189760104,22.828614645000002,1,1,0,0,8,10,0,0,104,0,,0,,0.7238784260294319,1.361716278503011,20,4.289034186131301,-0.7157567664525455,,,,,,1.0255813493329133,14.06347471080321,28.96825396825397,-34.500038922409,0,21.47096651575666,20.56880008657503,21.732526040532672,10.981202461621802,,,,15194395
2026-05-27,23.65133964,24.25539171,23.64151765,23.94599919,23.461057098573104,23.303692823345024,22.906326078396432,22.646986132763868,23.58266172079897,22.117132528212103,0,0,0,0,26.296529839499172,22.664407770308237,98.31901504166177,14.744482326318899,2,6,23.94599919,23.840823627015677,23.99259262498426,23.034441658125687,24.67560606,24.67560606,24.59972156101571,24.75149055898429,25.055028554921446,23.9916935535939,1,1.5,6.5,1.5406974560491558,0.056080221616183916,2.1158192911087537,0,6.106142896312954,98.33189960845435,0,0.8003958548834651,23.9916935535939,23.9916935535939,1,1,1,0,11,10,0,0,104,0,,1,,1.1736805413541718,2.0955502514577127,21,6.475166169003698,-5.98073150591688,,,,,,0.8990302925592165,15.719636499346112,33.333333333333336,-25.68355737350408,0,21.152299469379628,22.353077284392267,26.486429856101207,9.908856862165713,,,,13450102
2026-05-28,24.0049311,24.27012469,23.96564316,24.03439705,23.652170415715403,23.49188120406277,23.013761409025342,22.70139440402803,23.587156599696492,22.150902841067836,0,0,0,0,26.293177869926556,22.6744515287694,98.252615981677,25.471345751961657,2,7,24.03439705,23.84334997069313,23.990066281306806,23.37877791754528,24.67560606,24.039744138616964,,,24.406534915151163,23.35906411316,1,0,9.5,1.8961185440608053,0.10065478000597236,2.0555639106386234,0,6.070471189808011,83.55511454919454,0,0.97802058887335,,23.9916935535939,1,1,0,0,11,10,0,0,104,0,,0,,1.4805046093964578,2.0256080290247906,22,4.8819347809644205,-0.3156954825296564,,,,,,0.6992027022030257,15.899898857279782,34.12698412698413,-24.389634689719745,0,21.028729053261134,24.029754144047708,25.620858876372456,9.51795266808774,,,,10356779
2026-05-29,24.01475308,24.04421904,23.44507796,23.58258574,23.62897552381027,23.644533557541124,23.06793515483245,22.735950927007323,23.587111118505483,22.18709264518516,0,0,0,0,26.285001072836025,22.6878459816484,98.95124714528961,34.75170005188623,2,8,23.513408312899973,23.439940551900765,23.58687607389918,23.14606950790393,23.975650109923553,24.03298913692931,,,24.473795702924562,22.963804095,0,0,4.5,-0.019185810770754073,0.035555555555555556,1.1066504959913617,0,6.457752268083597,90.07045920565284,0,1.2583527542878605,23.72009353,23.975650109923553,1,1,1,0,2,10,1,0,104,0,,0,,0.8193135018526926,1.0911501123059502,23,7.094849762067465,0.12018499862410373,,,,,,1.3895850210983023,15.807330931584525,33.73015873015873,-29.33789970834414,0,22.370310062027883,23.892935924383345,23.75530431580487,15.151366724302187,,,,21148222
2026-06-01,23.37828846,23.53347582,23.03255459,23.20935032,23.489100455873512,23.714399759437224,23.081403265800787,22.754515609085466,23.583352304590004,22.223189459482683,0,0,0,0,26.27917154708358,22.69264353922536,97.36638130116765,51.041874620216255,2,9,22.720238227511036,22.64710717131534,22.79336928370673,22.354582946532567,23.72009353,23.498163245349975,23.46374906,23.644425357741362,23.936949582524136,22.53610265,0,2,3.5,-1.5858728638727675,0.04000000000000001,0.393478312791742,0,6.6523689744679935,65.58137966477689,0,2.7344205170876172,23.72009353,22.53610265,1,1,0,0,8,8,0,0,104,0,,1,,0.8371773521685505,0.3844264738113009,24,3.723458355402885,1.4043224497459608,,,,,,0.8774660258467682,15.457211317878084,33.333333333333336,-32.924457816837084,0,23.044482108946863,22.702979291500114,22.16005702583075,19.170400576602955,,,,13312970
2026-06-02,23.25354925,23.31739215,22.82089082,22.91469077,23.29763056058234,23.677070263612116,23.06552588524833,22.76079698794486,23.57669895598712,22.257289314504494,0,0,0,0,26.272556478784754,22.69474658898797,97.02559930609505,63.07566306306998,2,10,22.726162231812612,22.653821774898752,22.798502688726472,22.36445994724332,23.61327734,23.48317856929997,23.46374906,23.61327734,23.902639167655433,22.20375696610841,0,0,5,-2.8078917545791855,0,-0.11890759197837925,0,6.805780564312184,64.23182639079783,0,2.452611293964435,23.61327734,22.20375696610841,1,1,0,0,8,8,0,0,104,0,,2,,0.021470439827882656,-0.12291387859810303,0,4.057258200075554,1.912611000354625,,,,,,0.9123756408619671,14.843863380645464,32.53968253968254,-37.038019095346684,0,23.575915445106972,21.114801697673922,20.802081260018657,20.608077573731475,,,,13837249
2026-06-03,22.64458619,22.97362268,22.20750786,22.35483763,22.983366250388226,23.512341970028565,22.997841289510394,22.744877013123492,23.564541131847943,22.28604578752179,0,0,0,0,26.262467569285324,22.69057104301203,93.18456650271412,75.28805107160188,2,11,22.2569679341049,22.18295434179203,22.33098152641777,21.886899972540554,22.963804095,22.417035922906962,,,22.787103884471307,21.62309976,0,0,3.5,-5.133575464421014,0,-1.0218300309697808,6,7.295570066398804,39.130781958686256,0,1.910017170649344,22.963804095,22.2569679341049,1,1,0,0,8,8,0,0,104,0,,3,,-0.5285321698173853,-1.0168729339173912,0,2.39509599498434,3.324887050516565,,,,,,1.1877330847422916,13.951434496920392,27.77777777777778,-44.79619557437535,0,25.27259605036275,20.753621636135904,18.879560023169233,26.102983129933005,,,,18170391
2026-06-04,22.75753901,22.8054703,21.96195824,22.07000007,22.678910856925484,23.249577511562766,22.90947545908083,22.71841125064806,23.54967007650617,22.30796163198543,0,0,0,0,26.250892912873976,22.682482461301962,48.665787195843244,60.71641919565203,4,0,21.36281716,21.286558895173762,21.439075424826235,20.981525835868823,22.78997529,22.465159481519137,22.3889012166929,22.541417746345374,22.846450805650313,21.36281716,0,0,5,-6.283187839571195,0.012624280551790934,-1.3833005075530298,4,6.997510983936536,3.9059250304026065,0,2.8910763286601777,22.78997529,22.13184878415654,1,1,0,0,10,8,0,0,104,0,,4,,-1.1009942444143275,-1.3717810002337487,0,-3.747238136011674,5.541767392165026,,,,,,1.3060712998491917,8.852525511148785,5.158730158730159,-63.47981447544281,0,24.24008910139873,20.815289458810135,17.014992036046237,26.39999788322205,,,,19534054
2026-06-05,22.28,22.75,22.15,22.58,22.645940571283656,22.999563062999563,22.878096843930276,22.712983358465785,23.540021618033474,22.32661976502455,0,0,0,0,26.24335242687999,22.681496152898752,63.87750428726248,50.415221513408994,2,0,22.488035093331906,22.411152419475403,22.56491776718841,22.103621724049386,23.35906411316,22.706961903891468,,,23.091375273173988,22.07763214754718,0,1.5,3.5,-4.0782529158682905,0,-0.38492829465164863,0,6.9387163476571825,73.1094718909636,0,2.265865574482509,23.35906411316,22.07763214754718,1,1,0,0,8,8,0,0,104,0,,5,,-0.5437113429148922,-0.3855257817857609,0,1.3337491335909286,-2.058066066762251,,,,,,0.991474375862725,7.718458630843108,3.1746031746031744,-67.8884829342326,0,24.036418506901985,20.872552437007645,15.671317408538833,24.315188954320696,,,,14563797
2026-06-08,22.48,23.4,22.42,23.35,22.880627047522438,22.86454803969307,22.923040001651202,22.73796440323183,23.53813085566498,22.346858682002622,0,0,0,0,26.237218283776254,22.68808503967963,81.53172403092776,26.317579873598998,2,1,23.27319322,23.193052165704675,23.353334274295324,22.872487948523375,23.920918733063807,23.419391056749976,,,23.8200963282266,22.70842909,0,3,0,-0.7992599617131535,0,0.9407888761254162,0,7.644011411087466,96.58438617201496,0,1.616463668363777,23.920918733063807,22.70842909,1,1,1,0,19,10,0,0,104,0,,6,,0.037897770190651256,0.9282323085543885,1,5.963629534418539,-4.606988421275019,,,,,,1.019561741974004,8.456187127211239,4.365079365079365,-68.06531510973569,0,26.479632275279513,19.458049211526333,21.201979806603674,21.66039603674466,,,,15063340
2026-06-09,23.36,23.71,23.305,23.43,23.06375136501496,22.833702884714278,22.97132190625585,22.765103054085486,23.53705492675289,22.368995081180458,0,0,0,0,26.23188106090194,22.694597518160528,90.52164171156556,14.73346882889869,2,2,23.43,23.329653009147176,23.485718538552778,22.680737882377585,23.920918733063807,23.56145921911111,,,23.95162304262512,22.70842909,1,3.5,3.5,-0.45483569242645305,0,0.9902609838663541,0,7.001440378888952,96.68229620446003,0,0.6552029276771771,23.920918733063807,22.70842909,0,1,1,0,5,10,0,0,104,0,,7,,0.06151320517549782,0.9773216971030985,2,6.649081610490589,-4.127961955796437,,,,,,0.9173952613401185,9.091723598790157,7.142857142857143,-62.51407722483424,0,24.253700924799908,18.56822884776399,23.76651589141476,20.656644093079365,,,,13534255
2026-06-10,23.6,24.15,23.44,24.05,23.39250091000997,22.938678467451076,23.074053153279102,22.815491169611544,23.542158857829975,22.3966123024415,0,0,0,0,26.228233888982103,22.704995011196317,94.78649742828802,8.44922979398741,2,3,24.05,23.78870688057594,23.946482015024,22.80889946220776,24.27012469,24.22807639313836,,,24.62251422925851,23.35906411316,1,7,0,2.1571562117002756,0.010785781058501379,1.9155915255475557,0,7.425713951967028,96.1393993581903,0,0.177362496668942,,23.920918733063807,0,1,0,0,10,10,0,0,104,0,,0,,0.16815039610453922,1.8838537975518932,3,5.75780947627871,-4.641155183418665,,,,,,0.815986915012581,9.57419064209914,9.126984126984127,-62.780268804829944,0,25.723427694559938,18.464526380957942,26.80973811626965,18.97332799271307,,,,11919195
2026-06-11,24.07,24.345,23.97,24.22,23.668333940006647,23.13975574304242,23.183190948204903,22.870569947273836,23.548903545811765,22.430336426725155,0,0,0,0,26.22533493995025,22.714979624218046,96.75728390529687,5.27283223945151,2,4,24.22,23.387810973049973,23.541012883608886,23.081407151932147,,24.300953929854117,24.22435297457466,24.377554885133573,24.6839587062514,23.58208209,1,2,8,2.8497991546939363,0.014248995773469681,1.9938645225978802,0,7.355016928005816,95.57425963131053,0,0,,23.920918733063807,0,1,0,0,10,10,0,0,104,0,,1,,0.25307315233086847,1.9599158433450843,4,5.36244556754128,-4.684993112003117,,,,,,0.7100813733586562,9.57990552753152,9.523809523809524,-62.40007950171278,0,25.478526019670472,18.660409584930868,27.9108000337391,18.144007162431183,,,,10308024
2026-06-12,24.21,24.41,24.085,24.39,23.908889293337765,23.409195107937233,23.29812514361396,22.930155439537607,23.557272664758912,22.470752495618953,0,0,0,0,26.223301158520023,22.723420497624602,97.43934847942091,5.508926135267982,2,5,24.39,24.196093445811933,24.344155934188066,23.492750046495466,25.02268106,24.518486507596037,,,24.88864272853637,23.939314076865227,1,5,0,3.53490553465821,0.01767452767329105,2.0578747621838973,0,7.3613502047701775,91.85291325343923,0,0.7051335667712599,24.518486507596037,23.939314076865227,1,1,0,0,11,10,1,0,104,0,,2,,0.9236031844100752,2.022406663187247,5,4.834247667415187,-3.290227019740418,,,,,,0.561785470208087,9.782046631089468,10.317460317460318,-61.6397325315044,0,25.50046513393901,18.940273672157684,27.600722217565178,17.432820671358712,,,,7921722
2026-06-15,24.235,24.37,23.965,23.99,23.93592619555851,23.666848038841557,23.364017987079297,22.971717971320444,23.561578409388176,22.515131436116718,0,0,0,0,26.219962076202737,22.731986795959205,97.55650478356011,3.707435592881543,2,6,23.87539680479997,23.802858863768193,23.947934745831745,23.512707099641087,24.27012469,24.67560606,24.603068118968224,24.748144001031775,25.038295765158882,23.939314076865227,0,0,0,1.8183059859908066,0.009091529929954033,1.2124302723136275,0,7.351806470046047,94.25481309656969,0,1.0883349584657038,23.939314076865227,23.939314076865227,1,1,0,0,8,10,0,0,104,0,,3,,0.9011298601111932,1.1951534553905854,6,4.54311491129674,-4.814598383636542,,,,,,0.7615213997199209,9.93067537456124,11.11111111111111,-61.00633140917127,0,25.467404667066702,18.907256131524477,26.15685874522059,17.997925334096205,,,,10704350
2026-06-16,24,24,23.52,23.8,23.890617463705674,23.870548422775762,23.405540083547937,23.004199619503957,23.563950763523618,22.56231056428875,0,0,0,0,26.21551730487209,22.74080330771599,97.47800297361846,3.3887991711889582,2,7,23.35872460224997,23.287082228434752,23.43036697606519,23.000512733173867,23.939314076865227,23.87539680479997,,,24.233608673876073,23.1085198865,0,3,3,1.0017387951844685,0.007569276184338383,0.7982562398566141,0,7.244831291735516,92.50740171670421,0,1.6207990989039665,23.939314076865227,23.1085198865,1,1,0,0,8,10,0,0,104,0,,4,,1.0204846576673283,0.7836752112570093,7,4.390823736484798,-4.163009088536435,,,,,,0.9607958864246674,10.03394010149083,11.507936507936508,-60.01909647477407,0,25.096831779101542,17.879272893306663,24.592130816426227,22.46717231465686,,,,13174063
2026-06-17,23.56,23.92,22.96,23.2,23.66041164247045,23.95556083081602,23.385964837495752,23.01187806579792,23.560329362891544,22.608523216005587,0,0,0,0,26.210074428636567,22.744505116943174,88.04823251162568,42.04352200916648,2,8,22.710893658398124,22.56070067845557,22.792869314400015,22.260314718570466,23.9200475659,23.34174257884997,23.266646088878694,23.416839068821247,23.717225028706352,22.53610265,0,3,5.5,-1.5293901767734943,0,-0.21842063618749682,0,7.736175384120063,35.260780262310035,0,2.683556199862261,23.9200475659,22.53610265,1,1,0,0,8,10,0,0,104,0,,0,,0.9914033454747033,-0.23217562460146424,0,1.296104961205235,2.347361058126509,,,,,,0.9485465875156136,10.095676514037736,12.301587301587302,-62.32801569496703,0,26.798897643119247,17.30776139300653,21.785212772815274,26.560895435677903,,,,12969705
2026-06-18,23.095,23.14,22.7544,22.82,23.380274428313633,23.90395842017403,23.332063424400918,23.004353435766628,23.55296290156924,22.651497988379642,0,0,0,0,26.200031331304583,22.745493869462642,98.27192334100266,66.55050623697167,2,9,22.768016216889478,22.620594164085677,22.793290309500012,22.32575005847808,23.61327734,23.332131736899967,,,23.700686868909465,22.19831015,0,0,4.5,-3.1119774808476715,0,-0.794435877227632,0,7.844775965399405,71.05950177726714,0,1.9112046152178181,23.61327734,22.19831015,1,1,0,0,8,8,0,0,104,0,,1,,0.8869106558835351,-0.8046419733764142,0,4.947639109259993,1.357232665811635,,,,,,1.5203969772289594,10.119383869655493,12.698412698412698,-62.76229539920776,0,27.175101092133914,17.10948997559377,20.609350363429016,27.617684530555575,,,,21350616
2026-06-22,22.65,22.72,22.005,22.03,22.93018295220909,23.671682478199568,23.20805738398178,22.966143497109112,23.537809041852135,22.6865270522137,0,0,0,0,26.190343492311488,22.738203202539538,50.26290097785961,24.693823477733588,4,0,21.974033845532855,21.89831110673109,22.04975658433462,21.595420151524035,22.78997529,22.823363376152535,22.74764063735077,22.8990861149543,23.201977070161355,21.974033845532855,0,0,2,-6.4059022620632495,0,-1.9751135615585251,4,8.569142893494584,6.015847508939515,0,2.155076420580125,22.78997529,21.974033845532855,1,1,1,0,8,8,0,0,104,0,,2,,-0.6009399658363587,-1.9633209189926115,0,-2.9357624962330453,4.78535839555383,,,,,,1.1798284714569751,10.10466425828806,12.698412698412698,-65.95966071459532,0,29.6843817377008,17.95428541929393,18.628837921876706,33.799964490464276,,,,16782231
2026-06-23,22.36,22.6,22.235,22.47,22.77678863480606,23.375221128866237,23.137766204554946,22.946686889379343,23.527184076261566,22.716526191377778,0,0,0,0,26.183831962953366,22.736156421203972,26.649275798054447,82.02431421471421,4,1,22.413993088780487,,,22.03697680148658,23.15627812928,22.819941776567024,22.744538519108243,22.895345034025805,23.19695806386093,21.877923172025465,0,1.5,2,-4.4934577501276225,0,-1.0705700245513705,4,8.762861880843989,3.6847957978745356,0,2.49861514287101,23.15627812928,21.877923172025465,1,1,0,0,10,8,0,0,104,0,,3,,-0.9373781591997287,-1.069112631449144,0,-4.178556807355745,5.243820954263427,,,,,,0.8858212208851225,10.038597657960521,11.904761904761905,-66.92982761271344,0,30.355443994660718,18.73873833130122,17.371498625078058,31.51866150406853,,,,12665515
2026-06-24,22.55,23.075,22.55,22.94,22.83119242320404,23.118929155750216,23.118931327930667,22.94642465842329,23.521341448637074,22.744205685189264,0,0,0,0,26.17652558169205,22.738143311805324,51.72423973158378,77.30004644699,2,0,22.765376633643363,,,22.312862056373014,23.61327734,22.94642465842329,22.871005562211565,23.021843754635015,23.323520139481914,22.19831015,0,1.5,3.5,-2.471548869381163,0,-0.21023283938396503,0,9.044006491195162,41.990340363440914,0,1.9838861667689511,23.61327734,22.19831015,1,1,0,1,8,14,0,0,104,0,,4,,-0.5118275674560144,-0.21561635902803208,0,1.156010224390986,1.411863592556275,,,,,,1.137991587028382,9.840918608165294,11.11111111111111,-68.58882723586699,0,31.329357493465494,18.451911717694223,21.750628664256574,29.26118211226941,,,,16336017
2026-06-25,23,23.84,22.94,23.47,23.044128282136025,22.97441436672987,23.152366439556317,22.96695702475963,23.52083058845163,22.772690563607938,0,0,0,0,26.170820255035515,22.744772979304777,75.24205006998329,40.29503848773963,2,1,23.272820560949967,23.272820560949967,23.42895602534317,22.96054963216356,23.89541940718424,23.83558688975998,,,24.22592555074299,22.828614645000002,0,3.5,5.5,-0.21610881580257138,0,0.6608630516662551,0,9.067429413605806,94.09087735644138,0,1.993777802672524,23.89541940718424,22.828614645000002,1,1,0,0,8,10,0,0,104,0,,0,,-0.5934103019290295,0.6497061060463514,1,5.396623071823064,-4.067759533530765,,,,,,1.0603738698634684,9.289508429812534,8.333333333333334,-70.42546488123826,0,31.410496876819455,17.397537637130487,28.261050608179836,26.24925269533311,,,,15320997
2026-06-26,23.662,24.045,23.55,23.7,23.262752188090683,22.953514867374462,23.20452201674143,22.99570380810239,23.522613368666043,22.803347861335535,0,0,0,0,26.16575458352877,22.753132353668096,86.67216270517304,23.325145612291315,2,2,22.83813857832926,22.753132353668096,22.99338936669438,22.44263077693786,23.88775590102015,23.918972328669074,23.841346934486516,23.996597722851632,24.307099299581868,22.963804095,0,2,7.5,0.7541110698620285,0.0037705553493101425,0.9666583159500649,0,9.120464476212456,90.63910259403877,0,2.6538473299346466,23.88775590102015,23.88775590102015,1,1,0,0,8,10,1,0,104,0,,0,,-0.527437432764283,0.9517396415567287,2,4.820473252551651,-3.1469688862430445,,,,,,1.0173168949933775,9.225461166632384,8.333333333333334,-70.80015770114835,0,31.59421572285408,16.72301719319623,28.749879032297745,24.51319982487312,,,,14931582
2026-06-29,23.74,24.31,23.71,24.19,23.571834792060457,23.06325422022121,23.298377062766054,23.04253895288269,23.52925403166439,22.838927083567523,0,0,0,0,26.161730245758736,22.765542240094778,92.54639606795556,11.937035596026549,2,3,24.19,23.71991849385902,23.874972797340916,23.08978278607242,24.41,24.375,,,24.76263575870474,23.88775590102015,1,7,0,2.808189190555787,0.014040945952778936,1.6462127857808806,0,9.14123338499364,96.70004230859409,0,0.19996051435574028,,23.88775590102015,0,0,0,0,10,10,0,0,104,0,,0,,-0.18924879384737242,1.621087041525585,3,5.069632049319063,-6.492610948686059,,,,,,1.0349144833262862,9.176092796679493,7.936507936507937,-71.02240243111582,0,31.66616133330763,16.478344587547554,29.78207199274482,22.791101322538857,,,,14864725
2026-06-30,24.008,24.325,23.6,23.62,23.58788986137364,23.192401337947622,23.329007818693096,23.065184484142193,23.530156976622955,22.875725093635857,0,0,0,0,26.157261059675,22.771876733310645,91.03473802093342,6.35299460232705,2,4,22.81763136280998,22.771876733310645,22.963804095,22.458025883987126,23.88775590102015,23.797445645599968,23.71898293326909,23.875908357930847,24.189759207254365,22.963804095,0,0,1.5,0.3818207565138839,0.0019091037825694195,0.5869871418242119,0,9.329428639203512,91.5097861307895,0,2.97582934974505,23.88775590102015,22.963804095,1,1,0,0,8,10,0,0,104,0,,1,,-0.36903541208342416,0.5817199637411552,4,2.4204289650421202,-6.040234094880148,,,,,,0.896395862919853,9.142920496984532,7.5396825396825395,-71.70958793804533,0,32.3180888173773,16.046453374098004,27.325035673778142,22.16255566704378,,,,12854605
2026-07-01,24.03,25.045,24.02,25.01,24.061926574249092,23.4719173098,23.489102312150898,23.14145175927387,23.544881782825712,22.922266495751085,0,0,0,0,26.15438881819834,22.79531265637881,99.30336540727703,2.219597723462434,2,5,25.01,24.120469152835614,24.291632047164388,23.640696845369785,,26.15438881819834,26.06880737103395,26.239970265362725,26.58229605402028,24.2060506,1,4.5,0,6.2226611740433,0.07144134675876794,2.696211038418186,0,10.760989930036157,95.58341830492328,0,0,,24.2060506,0,1,0,0,11,10,0,0,104,0,,0,,1.3226243271084115,2.6558472204529906,5,6.172898299591511,-4.6071975965646494,,,,,,1.2597078463682774,13.662794557196637,31.746031746031747,-63.348083369809785,0,37.27716259711936,16.613490797014645,30.774321335515733,18.867694990883063,,,,18348776
2026-07-02,25.25,25.515,25.04,25.37,24.497951049499395,23.879337601640692,23.668235425279384,23.228845807929797,23.563042163096103,22.98012410438229,0,0,0,0,26.15284352658665,22.816395466071008,96.99838789306249,4.406892861983602,2,6,25.37,24.326729595795925,24.494684426244078,24.0263613564148,,26.15284352658665,26.068866111362574,26.236820941810727,26.572730602707026,24.41070701102,1,2,6,7.668610124264489,0.211352248554209,2.932330431495675,0,10.350556842976031,92.59617776119735,0,0,,24.41070701102,0,1,0,0,11,10,1,0,104,0,,1,,2.3840735834630924,2.884713768153017,6,5.4725747687095705,-3.624894336189215,,,,,,1.0060109956322163,20.19362057231265,55.55555555555556,-43.68036207998983,0,35.855380677328405,17.662066907866055,34.11907348890543,17.854647747235546,,,,14467180
2026-07-06,25.3,25.465,24.48,24.82,24.605300699666262,24.28408465532944,23.77792728953849,23.291244011540392,23.575549206249377,23.044973420091953,0,0,0,0,26.150111078896423,22.833358688052474,94.24907616832444,4.424728230673981,2,7,24.41,24.3232263287205,24.4967736712795,23.976131643602507,25.367219740840863,26.150111078896423,26.063337407616924,26.23688475017592,26.583979435293912,23.945883120587986,0,3.5,1,5.278565444493423,0.1771210844059824,1.7754248086645805,0,10.56485278354361,84.11867346507785,0,2.20624465169314,25.367219740840863,23.945883120587986,1,1,0,0,11,10,0,0,104,0,,2,,2.2058260574681223,1.7634562745340896,7,2.728323363012789,-3.6513278638874787,,,,,,1.0655084176444454,24.55521265841455,66.66666666666667,-32.90508193153931,0,36.597723591166016,17.605830497575106,30.661053774780118,21.80716865208755,,,,15085815
2026-07-07,25.31,25.745,25.25,25.3,24.836867133110843,24.704228865064504,23.922886595296728,23.370018756185868,23.592707920615055,23.119006593235717,0,0,0,0,26.148782993575196,22.849195277778488,94.99234742821858,4.277872249033595,2,8,24.41070701102,24.32187253054618,24.499541491493822,23.9665346086509,25.56609238732841,25.56609238732841,25.47725790685459,25.65492686780223,26.010264789697512,24.41070701102,0,0,5,7.236524459717199,0.286182622298586,2.3055249116892824,0,10.508873924001035,88.02363188553998,0,2.6012092830303732,25.56609238732841,24.41070701102,1,1,0,0,11,10,0,0,104,0,,3,,3.6181881933107425,2.267883000831356,8,3.708391082108405,-3.752612080359617,,,,,,0.8220843933930377,26.98148395757638,73.01587301587301,-25.882796107847,0,36.403807133411014,17.885119098340624,30.624722689897037,19.77975939295685,,,,11513978
2026-07-08,25.54,25.62,24.895,24.92,24.86457808874056,25.025779653646328,24.01784977669704,23.430802334374658,23.605914806977093,23.198546898101114,0,0,0,0,26.14717446560389,22.860290439996795,94.54893472401149,10.731762501674925,2,9,24.2060506,24.2060506,24.38397534945138,23.85020110109724,25.6951825129105,25.6951825129105,25.60622013818481,25.784144887636188,26.139994386538948,24.2060506,0,0,3,5.566762414284873,0.22939580607215454,1.5010141902406018,0,10.276352616378617,76.81485456399466,0,4.18472392823973,24.41,24.2060506,1,1,0,0,11,10,0,0,104,0,,4,,2.6124959520058413,1.4839923897729395,9,3.2538676669900366,-1.6567019050085623,,,,,,0.7033102035404832,28.203212381817522,76.58730158730158,-20.77377612217093,0,35.59832969612225,17.529645766111805,28.39636049718868,21.903417458811624,,,,9660451
2026-07-09,24.772,25.015,24.58,24.68,24.803052059160375,25.219156709956714,24.080911702725896,23.47979047812467,23.61660222183304,23.280799524153274,0,0,0,0,26.145076995210342,22.870891300910248,94.84276517014803,28.449541089167216,2,10,23.259960949299963,23.173469101340395,23.34645279725953,22.82750170950212,23.945883120587986,25.668571254610118,25.5142388631,25.776491789799728,26.122459181638003,23.945883120587986,0,0,0,4.502755172731284,0.12244574106095331,0.998099375172286,0,10.357066631388525,66.70284406838172,0,1.5860966957456226,23.945883120587986,23.945883120587986,1,1,0,0,8,10,0,0,104,0,,5,,1.799455721578375,0.9914633568651458,10,3.524766699091521,0.23518861036745087,,,,,,0.7775854776562835,28.72836292838205,77.38095238095238,-19.927482073874668,1,35.87793124588233,16.688282651763558,27.121217943740493,24.17159296607445,,,,10565240
2026-07-10,24.71,25.045,24.5052,24.85,24.818701372773585,25.329377922077924,24.154158207228193,23.53352418486488,23.62887483654117,23.365216718675153,0,0,0,0,26.14390586614872,22.878164037193503,96.5763392293496,21.529491479325962,2,11,24.85,24.594866498323256,24.765133501676743,23.824131986586057,25.745,25.44230351107156,25.357170009394817,25.527437012748305,25.867971019455275,24.07851015166,1,5.5,0,5.167936145526526,0.07455992784121082,1.1446456826183562,0,10.07260172585091,85.86691024145529,0,0.8724319194060504,25.745,24.07851015166,1,1,0,0,8,10,1,0,232,0,,0,,1.3897619769086256,1.142007031102361,11,4.977793377585957,-1.9140900147580275,,,,,,0.5019682086038283,28.704443084453114,76.98412698412699,-17.734670779176025,1,34.89251590715947,15.786511390519703,25.58581082709333,23.587654444577296,,,,6689095
2026-07-13,24.92,25.325,24.92,25.23,24.95580091518239,25.408338095238097,24.256619330349316,23.600052648203512,23.644806430207424,23.452650979219364,0,0,0,0,26.14259861900682,22.89177482454843,96.20000232944992,11.78244828501939,2,12,25.23,24.596706391300167,24.763293608699833,24.25365113040134,25.745,25.44231055029896,25.359016941599126,25.525604158998792,25.85877859379812,24.41070701102,1,2,0,6.704193474671088,0.10038397728250328,1.5732783497816665,0,10.150886065021766,90.79119230981036,0,0.5274753892137938,25.745,24.41070701102,0,1,0,0,10,10,0,0,232,0,,1,,1.5349040792731827,1.5807280185553718,12,3.7374342922534396,-4.725215034798587,,,,,,0.7942846266969292,28.869279194029733,77.77777777777777,-17.900338910227973,1,35.16370081292122,15.363228536403858,27.284485562561525,22.38663879771755,,,,10595857
2026-07-14,25.05,25.162,24.79,25.08,24.997200610121592,25.450607792207784,24.335036536982713,23.658089799254356,23.659086963240185,23.54080591022046,0,0,0,0,26.141148121994405,22.90381014328633,97.20298316528347,16.443702192917815,2,13,25.08,24.598727363350154,24.761272636649846,24.139818906801242,25.745,25.442500000000003,25.361227363350157,25.52377263664985,25.848863183249225,24.41070701102,1,3.5,0,6.0057813683492,0.030028906841746,1.1966028706583183,0,10.166998616024943,82.9484347524503,0,0.707310543479968,25.745,24.41070701102,1,1,0,0,8,10,0,0,168,0,,2,,0.8712762133607781,1.2111670154237024,13,4.896798822697197,-1.3181473489569844,,,,,,0.7528146654178438,29.22487476188285,78.17460317460318,-17.0207946905224,1,35.219516326875315,14.740046036012705,25.96560315831318,22.732682929768266,,,,10125598
2026-07-15,25.02,25.775,24.714,25.45,25.14813374008106,25.503597835497835,24.44122353346055,23.72836078751889,23.6769069934567,23.630966573865354,1,0,0,0,26.140038527265766,22.920200752615223,97.80419914111548,8.363092550846485,2,14,25.45,25.285059337396575,25.454940662603427,24.090949398345167,26.22627728484684,25.543750000000003,,,26.053393975620565,24.5052,1,5,4.5,7.48870199571805,0.14181014254576912,1.6032072522989977,0,10.066026941161345,96.96491387792106,0,0.5711908621368597,25.745,24.5052,0,1,1,0,12,10,1,0,168,0,,3,,1.834933060537431,1.616404769980632,14,5.056643191021941,-7.381971452903685,,,,,,0.8827965960101758,29.531756398825532,78.96825396825396,-15.30835549036762,1,34.86974018489716,15.025779466745522,29.513299827478903,20.197365096325736,,,,11927904
2026-07-16,25.72,26.395,25.67,26.23,25.50875582672071,25.624904329004323,24.611583196940497,23.826464286047564,23.70231090396957,23.726844465260054,0,0,0,0,26.140230454118242,22.948333504673098,98.17829186825855,10.968185096025145,2,15,26.23,25.28268902758253,25.45731097241747,24.93344513791266,26.528530039630883,27.35480515,27.26749417758253,27.44211612241747,27.791360012087342,24.57213410832,1,0,0,10.664314995577518,0.07173155094692948,2.544492830995616,0,10.348927108266643,86.56274990512145,0,0.23024867543998528,,24.57213410832,0,1,0,0,11,10,1,0,168,0,,4,,1.1472798077523352,2.537385399709827,15,5.187560767984626,-2.028258578719883,,,,,,1.16396401142835,33.70431735592071,85.31746031746032,-5.984473101808097,1,35.849735110689366,16.009201200480327,33.001440582811334,18.2455454878414,,,,15884648
2026-07-17,26.61,27.1286,25.745,25.88,25.63250388448047,25.745382683982676,24.732384797231877,23.906995098359424,23.723979452188775,23.825164555039084,0,0,0,0,26.139694426640986,22.972245375703135,97.90230802280479,8.705906823936491,2,16,25.745,25.65157195418378,25.838428045816222,25.277859770918898,26.71041500385057,26.139694426640986,,,26.60683465572209,24.57213410832,0,0,2.5,9.087938017128527,0.04988413453008708,1.7757933375370658,0,10.041791246139214,87.92055611681718,0,2.066649249518945,26.71041500385057,24.57213410832,1,1,0,0,10,10,2,0,168,0,,5,,0.46563369880447397,1.7924429585463928,16,4.515609917791984,-3.1272964488516024,,,,,,1.1163106323787944,36.46696384521974,89.68253968253968,4.832947013615332,2,34.78578527462701,17.615010819489708,35.64855092696826,15.833018848028441,,,,15368194
2026-07-20,25.88,26.12,25.6451,25.86,25.70833592298698,25.860355411255416,24.839776721305032,23.983583525874742,23.74523338798789,23.924634619532405,0,0,0,0,26.139296039275337,22.9884644120058,97.10306803995555,16.383387847847505,2,17,25.745,25.65400520745637,25.835994792543634,25.290026037281837,26.825493338460713,26.139296039275337,,,26.5942700019935,24.57213410832,0,3.5,2.5,8.906067914590027,0.053419228461839025,1.5674727246019122,0,9.800154815938024,76.31802595562155,0,2.374846534086238,26.825493338460713,24.57213410832,1,1,0,0,10,10,1,0,168,0,,6,,0.9893177958576233,1.5804290878173555,17,3.9069471937903764,-1.0924603874394705,,,,,,0.8043118566808094,38.154037720778916,90.87301587301587,12.38722429638684,2,33.948732126490945,18.912429717808426,33.987398486068635,16.07546790158737,,,,10642280
2026-07-21,25.9,26.18,25.615,25.79,25.73555728199132,25.94476017316017,24.930274176418838,24.054423387605144,23.765579324425822,24.024404960832122,0,0,0,0,26.138864923064403,23.002049582951898,97.95963831285178,21.63360599761641,2,18,25.745,25.655460192638056,25.834539807361946,25.297300963190278,26.753891344651624,26.138864923064403,,,26.586563959874127,24.57213410832,0,3.5,3,8.518288773602565,0.055924777201346164,1.3225867155686053,0,8.84650634568561,82.90513808461844,0,2.25350349610069,26.753891344651624,24.57213410832,1,1,1,0,19,10,1,0,168,0,,7,,0.4603792201596711,1.3447043663658644,18,5.459385727017679,-0.8940331376610811,,,,,,0.7183051355493889,38.92651947562454,91.66666666666667,27.02323165589315,3,30.645196920415913,20.174543872753507,32.670857140858104,15.169781406226,,,,9233152
2026-07-22,26.235,26.33,25.87,25.96,25.810371521327546,26.019908225108225,25.028343302474187,24.129151882208863,23.787414356023575,24.12528692167391,0,0,0,0,26.1386080749432,23.01866792273343,96.96262659401944,17.468596387050408,2,19,25.15494284768,25.06697731227248,25.24290838308752,24.7151151706424,26.702099394820912,26.1386080749432,26.05064253953568,26.22657361035072,26.578435751980802,25.15494284768,0,0,1.5,9.133340898088287,0.06520138867856537,1.4257564815029353,0,8.757910321707575,80.54884177426787,0,3.517642540282067,26.702099394820912,25.15494284768,1,1,0,0,8,10,1,0,168,0,,8,,1.0140552512827692,1.4618128522370526,19,3.78551472564988,-2.0591717755298387,,,,,,0.843176129886815,38.8528355077185,91.26984126984127,28.065338734753713,3,30.33829129065882,21.494059711109443,32.402665370818504,14.338319207360662,,,,10757828
2026-07-23,25.75,25.99,25.17,25.36,25.660247680885032,26.026334199134197,25.059929654619502,24.17742043584773,23.803061974371598,24.223107499170887,0,0,0,0,26.13710097071105,23.036299514345906,97.75621649842174,20.375226612871252,2,20,24.788252024071113,24.61024460117143,24.85,24.25422975537207,26.582291112811152,25.745,25.65599628855016,25.834003711449842,26.190018557249203,24.57213410832,0,0,1.5,6.540914892818131,0.05492679668631288,0.46682081449918417,0,9.14360435337191,82.62920799120782,0,3.3594836655605778,26.582291112811152,24.57213410832,1,1,0,0,8,10,1,0,168,0,,9,,0.6800624115780644,0.5023090387182372,20,5.185153341768713,-1.1499517955856178,,,,,,1.146883038314276,37.24683860045152,88.88888888888889,17.592972428334413,2,31.674374608696233,21.32617624692151,29.737228209020525,20.181030838347365,,,,14529117
2026-07-24,25.37,25.695,25.255,25.67,25.663498453923356,26.01101861471861,25.11803159227479,24.23595296777527,23.821638472139046,24.319901042500167,0,0,0,0,26.13629277971373,23.05393986272843,97.57408805977894,18.238884363173298,2,21,25.67,24.618477756661235,24.791627506496653,24.28480200131666,26.535082489430724,25.956887833914116,25.88,26.130037583749534,26.47633708342037,24.57213410832,1,2,0,7.75917042827568,0.06546251880804507,0.8597278298839736,0,8.985733225604061,81.7694593046528,0,0.6245190147928316,26.535082489430724,24.57213410832,0,1,0,0,8,10,2,0,168,0,,10,,0.8182186493875746,0.8944065573706235,21,4.3868593740163835,-1.7608242118862005,,,,,,1.0364058850643374,34.54778350933512,84.92063492063492,10.988005142333142,2,31.12749298001201,21.170284458747,28.387820251828433,19.265261439592702,,,,13009786
2026-07-27,25.7,26.39,25.7,26.22,25.84899896928224,26.036137662337666,25.222980964439095,24.313758733744866,23.84550276594861,24.41872131875874,0,0,0,0,26.13647874579821,23.080996021657775,98.2058634500901,9.856413668624544,2,22,26.22,25.793180473290697,25.9668195267093,25.00544378632559,26.566436143931316,27.223932854150895,27.1286,27.35480515,27.702083256837206,25.15494284768,1,5,0,9.957840928571962,0.08090031575397093,1.547805116708891,0,9.127866368655031,94.48660172209011,0,0.2852368132745708,26.566436143931316,25.15494284768,0,1,0,0,10,10,1,0,168,0,,11,,0.968085390322039,1.566663832420036,22,5.484033431182157,-5.1631732618427355,,,,,,1.3241679181755994,31.718053025865096,80.55555555555556,0.31055294333987254,2,31.61985663041948,21.830637053368466,33.43325876892716,17.83876081296286,,,,16741858
2026-07-28,26.72,27.66,26.62,27.3,26.332665979521494,26.20186406926407,25.42079230115918,24.43086623438232,23.87987587275509,24.52534992571765,0,0,0,1,27.3,23.125062456044247,98.85357054000025,1.0272101195893202,2,23,27.3,27.035124725198504,27.222075274801494,25.87219780158805,29.043000000000003,27.96398707,,,28.524838718808965,27.341114683719915,1,2.5,10.5,14.322202282244618,0.25251451091697286,2.87756078005809,0,9.680327543872801,95.14229055574205,1,1.2207573303491381,27.341114683719915,27.341114683719915,1,0,0,0,16,10,1,0,168,0,,12,,2.162783551601554,2.849082490876549,23,5.502649832953646,-5.6506646095113595,,,,,,1.5987565253055023,27.804046489795947,71.82539682539682,-17.086102444926247,1,33.53363827979226,23.513804950233506,40.965436542694974,15.38511200953618,,,,20678289
2026-07-29,27.23,28.09,27.21,27.62,26.761777319680995,26.487994805194813,25.630240653429738,24.55593030362223,23.91709103820031,24.64043499960338,0,0,0,0,27.448361075526574,23.165280645326003,99.12773202140357,3.242431894877991,2,24,27.62,25.752616399604328,25.941927624235674,25.623853317606308,,27.96398707,27.96398707,28.153298294631348,28.53192074389404,27.341114683719915,1,1.5,0,15.482271468070316,0.25029735903841344,2.9812912399361733,0,9.164851734708977,97.08441931618682,1,0,,27.341114683719915,0,0,0,0,11,10,1,0,168,0,,13,,2.0630880135844945,2.9359843119537197,24,7.421504405275638,-5.63004527600446,,,,,,1.3556276778740288,22.850784781526727,60.317460317460316,-28.02443985621338,0,31.747977696703412,25.360621266726824,41.62104779266966,14.108029542107525,,,,17873878
2026-07-30,27.01,27.11,26.25,26.38,26.634518213120664,26.689048051948056,25.701646305484047,24.62746244857822,23.94159759503414,24.75515371862898,0,0,0,0,27.155104760888186,23.188582977164494,98.40399991015865,28.132818244711018,2,25,25.88,25.77987335999259,25.98012664000741,25.37936679996295,27.22117232193778,27.167440702985793,27.067314062978383,27.267567342993203,27.668073903022844,25.48334804768,0,0,1.5,10.184794040108763,0.09536841464498827,1.0054626128398976,0,9.119902436487841,79.56892894311403,0,2.678952018840387,27.22117232193778,25.48334804768,1,1,0,0,8,10,1,0,168,0,,14,,0.1309444750815959,1.0069778241537684,25,5.055441196541771,-0.81051055159137,,,,,,1.1222745242578491,21.676523596198745,56.34920634920635,-31.386619426488927,0,31.592268760136268,25.48657609678877,36.536341041037666,20.945085337651456,,,,14585985
2026-07-31,26.02,26.275,25.82,25.85,26.373012142080444,26.746406926406927,25.71577522877128,24.675405097653584,23.960586673690514,24.86559262430255,0,0,0,0,26.898025547389388,23.205711931841467,97.8906129108255,26.57395281608202,2,26,25.67,25.572025262850264,25.76797473714974,25.18012631425131,27.238822854802187,26.33,,,26.81987368574869,25.025979120000002,0,0,1.5,7.885505275979419,0.08831641526878599,0.21244693622754832,0,9.309230227389316,71.72096839357243,0,3.2025048506218474,27.238822854802187,25.025979120000002,1,1,0,0,8,10,2,0,168,0,,15,,-0.03731029122099214,0.21181532294039357,26,4.201853506866799,-0.24336090567039478,,,,,,1.0084742782063734,21.95313239378505,57.53968253968254,-31.92430207700547,0,32.24811946638853,24.99493966497079,34.67176134917293,23.79483163820644,,,,13034715
2026-08-03,26.29,26.53,26.06,26.42,26.388674761386962,26.74741861471862,25.782844254602587,24.74382058402011,23.985058448081652,24.974982888166693,0,0,0,0,26.81644826180219,23.227178062692655,98.25498436303047,20.952406633443445,2,27,26.42,25.53147381816286,25.725569758583802,25.143281937320975,27.28844582673619,26.81644826180219,26.719400291591718,26.913496232012662,27.301688112854546,25.48334804768,1,2,0,10.151910020102946,0.10409288343384807,0.9481430405906167,0,9.205879151426462,84.650086264697,0,0.6802173887270518,27.28844582673619,25.48334804768,0,1,0,0,8,10,1,0,168,0,,16,,0.5121510487090382,0.9342429499334989,27,5.251623143973211,-1.8385111537741163,,,,,,1.0595016971764446,24.2022806025441,63.888888888888886,-24.107230873671995,0,31.890100837219382,24.77706880505492,34.848699093612225,22.306200599893895,,,,13616412
2026-08-04,26.27,26.71,26.14,26.64,26.472449840924643,26.74635670995671,25.864478135116627,24.818180561117362,24.011475776956463,25.084469895865034,0,0,0,0,26.788102672486712,23.252549576261647,98.01113976927337,11.700554221406216,2,28,26.64,25.594566753867422,25.784977269972583,25.2137457216571,27.32627772169285,26.788102672486712,26.69289741443413,26.883307930539292,27.264128962749613,25.74908804768,1,3.5,0,10.946949897873843,0.112512527267147,1.139224706342753,0,9.070191354552886,90.71483056895117,0,0.4811748733123558,27.32627772169285,25.74908804768,0,1,0,0,8,10,1,0,168,0,,17,,0.7800440923803634,1.1227125277234975,28,4.59916845294305,-4.473093819379579,22.8150871204,24.0780944296,21.552079811200002,,24.003799882,1.1711272165834536,26.15008465304764,69.04761904761905,-16.772657689354784,1,31.420064520915147,24.743465588211436,34.67391147069453,21.11380187764754,22.8150871204,24.0780944296,21.552079811200002,15270988