time,open,high,low,close,Sprint Line EMA,Hull Baseline HMA,MA 20 Fast,MA 50 Mid,MA 200 Slow,Weinstein MA 150,Golden Cross,Death Cross,Zone 0 Long,Zone 0 Short,AVWAP Resistance,AVWAP Support,Buy Score,Sell Score,Stage 1 Base 2 Up 3 Top 4 Down,Stage Age Bars,Long Entry,Long Entry Zone Bot,Long Entry Zone Top,Long Stop Loss,Long Target,Short Entry,Short Entry Zone Bot,Short Entry Zone Top,Short Stop Loss,Short Target,Entry At Market 0No 1L 2S 3Both,Long Rev Zone,Short Rev Zone,Ext Pct vs MA200,Exhaustion Gradient,Ext Z Self Relative,Regime 0 Hlt 1 Ext 2 Clmx 3 Dist 4 Dn 5 Ign 6 Sqz,Exp Move Pct 21b,Dir Prob Pct Above 50 Bull,Long Ignition Fresh Breakout,RR To Target,Long Target T1 Waypoint,Short Target T1 Waypoint,Long RR Valid,Short RR Valid,Long In Zone,Short In Zone,Action Long Code,Action Short Code,MTF Long Aligned 0 To 3,Bear Warning Mask,Reversal Pattern Mask,Weak Level Mask,Bear Warning Age,Reversal Pattern Age,Weak Level Age,Z Velocity,Z Elasticity,Trend Bars Up,Buy Sigma Evidence,Sell Sigma Evidence,VP POC,VP VAH,VP VAL,VP HVN Above,VP HVN Below,RVOL Vs Avg,Energy IV30 Ann Pct,Energy IV Rank Pct,Energy IV HV Spread,Energy State 3 Exp 2 Warm 1 Sqz 0 Dorm,HV20 Ann Pct,ADX 14,DMI DI Plus,DMI DI Minus,POC,VAH,VAL,Volume
2025-05-23,132.30752209,133.77623098,130.39038997,133.68641411,132.5591004260902,133.78457236203855,129.7030088123463,129.0982219858671,126.97360440213544,131.2159620059565,0,0,0,0,129.97599514842142,122.12637183033861,90.33172367658386,43.81696056271585,5,1,133.68641411,129.51602373858023,130.2204792583049,128.0507699522026,135.30141777,135.2387204201909,134.88649266032857,135.59094818005323,136.99985921950258,130.363935215,1,2,0,5.286775735376112,0.1083182317987383,1.2521087231660202,0,5.504859519055802,77.3461153930398,0,0.28656948784914255,135.30141777,130.363935215,0,1,0,0,8,10,2,0,3075,0,,9,,1.655074824974862,1.235450960171425,7,3.6705955470762737,-1.5710257791814473,,,,,,1.0531085554675634,13.521242014056995,34.523809523809526,-29.094532843475168,0,19.069392751067642,24.109944254347944,30.73275937651925,16.65410908876332,,,,2582875
2025-05-27,133.7714143,135.13141738,133.30863547,134.91419467,133.3441318407268,134.49364732228094,130.19931222736093,129.32629934602917,127.0526152505719,131.2990055742879,0,0,0,0,130.0736975033813,122.16438887922949,93.67314422256595,61.175297872576316,5,2,134.91419467,131.14493627393446,131.8316232192145,129.77156238337435,135.30141777,134.92363913,134.58029565735998,135.26698260264,136.64035649320013,132.0214244629,1,2,0,6.187656510590961,0.04795055266569881,1.4822181765531353,0,5.445197881113698,56.95021697466599,0,0.07529667268006766,135.30141777,132.0214244629,0,1,0,1,8,8,2,0,3075,0,,10,,1.136098160901952,1.460864960781011,8,4.3914874361163925,1.979386298175537,,,,,,1.0397245231034986,13.54686226033069,34.523809523809526,-28.181815028207645,0,18.862718774710636,24.873532104287296,32.80012695080726,15.864686958790934,,,,2594117
2025-05-28,135.02752826,135.87753018,134.39474904,134.75363875,133.81396747715118,135.14634699835065,130.63305761046942,129.53913618540057,127.12924235006871,131.39851859680152,0,0,0,0,130.13529896181427,122.18957033283037,87.59145074901474,76.63512697057894,3,0,131.48827974657448,131.34418658,132.0214244629,130.0159543551942,135.30141777,134.92363913,,,136.58392941100726,132.0214244629,0,0,2.5,5.997358482587672,0.11115735689692527,1.2668508234808182,0,5.426994957441012,28.995597297971585,0,2.5898745248499515,135.30141777,132.0214244629,1,1,0,0,15,8,2,1,3075,0,0,11,,1.6493645158718953,1.249205368843201,9,2.0779727487975954,3.173758863840577,,,,,,0.7039890477273018,12.747162905203568,32.142857142857146,-32.19472293195615,0,18.799661997415857,25.77430695975907,33.498581361613546,15.232163675610147,,,,1748873
2025-05-29,134.31919332,136.28836445,133.7147475,135.84919679,134.49237724810078,135.80327665052164,131.1298327704247,129.7865895424437,127.21600806588891,131.51624410641043,0,0,0,0,130.20816373170842,122.21632974084336,92.77973270464273,45.96943015609912,2,0,135.84919679,134.75287670361652,135.4155133963835,131.06420072893204,137.87429725740446,137.61482878,,,139.27142051191746,132.0214244629,1,5,0,6.786244007624977,0.1562811285385446,1.448792034930021,0,5.416265493267936,83.91945544708749,0,0.4232188368724531,,132.0214244629,0,1,0,0,8,10,2,1,3075,0,1,12,,1.9787992680033575,1.4313514943602446,10,4.7275036391853344,-1.8412996207528374,,,,,,0.7081217264051386,11.857625619624388,28.571428571428573,-36.80144232267529,0,18.76249404324434,26.229340102074932,31.175273212133487,16.008240728671293,,,,1716195
2025-05-30,135.11252845,136.21753095,135.11252845,135.77364106,134.91946518540053,136.31525419404502,131.57210022657475,130.0213758764655,127.30115864294474,131.64806808228408,0,0,0,0,130.34462885407706,122.2684796051228,95.83235406672028,30.389101710203136,2,1,135.77364106,134.76667620603675,135.40171389396326,132.57237769829408,138.39117047152394,138.60742222695808,,,140.39650181585296,132.0214244629,1,5,3.5,6.655463710914784,0.05014672065308932,1.2606952738636592,0,5.070131451757742,87.30663061397533,0,0.8176551304198536,,132.0214244629,1,1,0,0,8,10,3,1,3075,0,2,13,,1.1349552167881232,1.2449908828056964,11,5.540107824892667,-1.8929048835706839,,,,,,1.356153311827663,10.625993932874588,25.793650793650794,-39.49939448388872,0,17.56345055099472,26.651870877082523,30.206580569033623,15.510825199469128,,,,3382847
2025-06-02,135.62252961,135.62252961,133.29919101,133.80919216,134.5493741769337,136.44716394432555,131.78515660118669,130.16991769150607,127.36591519535325,131.77749694638533,0,0,0,0,130.39531332976028,122.29529656272369,97.30536184249542,31.419714449914107,2,2,133.68641411,133.36948187944483,134.00334634055514,132.10175295722422,135.30141777,135.30141777,,,136.88607892277577,130.39038997,0,0,1.5,5.058870699247979,0.0252943534962399,0.5353083856977878,0,5.437560404861509,80.79243984919835,0,1.0191476311330647,135.30141777,130.39038997,1,1,1,0,19,10,2,1,3075,0,3,14,,0.37373618904459177,0.5245277234054967,12,5.416923072990367,-0.5375369263255942,,,,,,0.8246148633563827,8.993366161421976,13.492063492063492,-52.255037299672125,0,18.836261780889853,26.032049939037012,28.100883819029463,19.53807704059255,,,,2048283
2025-06-03,133.11030169,133.18585742,131.71252074,131.75029861,133.6163489879558,136.078072174545,131.78183679250225,130.23189341379995,127.40954090097163,131.8885034972616,0,0,0,0,130.41380634260136,122.31603136124563,87.70457820005785,59.4088789537207,4,0,128.3088099806001,127.99579548597745,128.62182447522275,126.74373750748688,134.8497822708,135.19638625855814,134.8833717639355,135.50940075318078,136.76145873167135,128.38555225,0,0,0,3.4069330117139205,0.017034665058569605,-0.1477403298007549,4,5.781613367022667,34.862713406037194,0,4.179341469848166,134.8497822708,128.38555225,1,1,0,0,8,8,2,1,3075,0,4,15,,-0.38358207034582614,-0.14854944015936594,0,2.135633716282322,2.4021610843869965,,,,,,0.772521169181871,6.497727594691308,11.11111111111111,-67.55693836850453,0,20.028096202805248,24.68314790663965,26.420270181543,22.895466614092015,,,,1937335
2025-06-04,131.69363181,132.59165318,130.59807377,130.73974076,132.6574795786372,135.28722776509738,131.68258955131157,130.2518089960039,127.4426772179769,131.97466202211396,0,0,0,0,130.4184405035183,122.33550841160738,85.77928912599054,75.26152341537154,4,1,130.24434564852194,129.9358895159259,130.55280178111798,128.7020649855418,133.99173747,133.76676236263157,133.45830623003553,134.0752184952276,135.30904302561171,127.64500125152,0,0,1.5,2.587095323165431,0.012935476615827154,-0.45269622538495796,4,5.757399133521081,34.943863435043035,0,2.4297729404432657,133.99173747,127.64500125152,1,1,0,0,8,8,2,1,1025,0,5,16,,-0.7426846741253667,-0.443040582785907,0,2.6365398056365343,2.923540266931754,,,,,,0.8324338009966323,6.72468385332417,11.507936507936508,-66.28253536977381,0,19.94421563742308,22.93379550928691,24.895658081307115,24.800135637563233,,,,2047348
2025-06-05,129.1530705,129.27112632,125.81917405,127.78362295,131.0328607024248,133.98993307355366,131.3112593988057,130.1550173863567,127.44606971282289,132.01889146712102,0,0,0,0,130.3556417215377,122.35705513541342,51.18064004150587,65.80533907651969,4,2,124.77586435117254,124.44550716813694,125.10622153420815,123.12407843599456,126.83820448204064,128.2936696499001,127.9633124668645,128.6240268329357,129.94545556507808,125.050285453,0,4,1.5,0.2648596680444683,0.030042402554281412,-1.3070627066517913,4,6.2507294078371,5.829537812212237,0,1.9635620857988834,126.83820448204064,126.83820448204064,0,1,0,0,8,8,1,1,1025,0,6,17,,-1.2297448337124726,-1.2884944998711538,0,-1.7140626633017133,5.056354052911344,,,,,,1.4133507847983557,6.920528763647985,11.904761904761905,-68.03917683896931,0,21.653161837477555,22.932464146796868,21.58482750077391,34.41795204021938,,,,3515830
2025-06-06,127.89802208,128.43665045,127.03049674,127.3164941,129.79407183494988,132.4306312114974,130.9308055608242,130.04370274767604,127.44478040324256,132.0220465831701,0,0,0,0,130.30346430723424,122.37138894189995,30.444259375335143,67.23553646269501,4,3,124.66252769356649,124.02389732310752,124.8892089754239,122.7466365821896,126.85696093764689,128.2702083523501,127.95089316712061,128.58952353757957,129.8667842784975,124.8892089754239,0,0,5,-0.1006603038874215,0.008993262738914154,-1.3282026908898024,4,6.264919352837031,7.271169339213728,0,2.117656493220878,126.85696093764689,126.85696093764689,0,1,0,0,10,8,1,1,1025,0,7,18,,-1.0719461019113132,-1.3093247667409917,0,-2.5334832164764762,3.585563555435784,,,,,,1.0273756428800227,9.98854231809252,20.238095238095237,-53.974765903800616,0,21.702317248870532,22.93122788162754,20.73614785887673,33.06469521149188,,,,2576789
2025-06-09,127.3164941,127.98382129,126.44896876,126.49663499,128.6949262199666,130.727217400555,130.5085036016981,129.9046020512966,127.43534612052373,131.9836839180006,0,0,0,0,130.25320296174047,122.38065967014023,16.229067892101806,59.58869759592601,4,4,125.06987359176728,,,123.51881860096968,126.85696093764689,128.2390590645501,127.92884806639059,128.5492700627096,129.7901140553477,125.06987359176728,0,0,3.5,-0.7366175547841565,0.0692851882023309,-1.4533532207824351,4,6.2903939600688785,3.977505569678577,0,2.043245076148573,126.85696093764689,126.85696093764689,0,1,0,0,10,13,1,1,1025,0,8,19,,-1.5542815056186472,-1.4322600440307172,0,-4.739685928301848,3.3567397833832633,,,,,,0.7983561574125978,12.052823489648391,31.746031746031747,-44.68787701996849,0,21.790563876927376,23.103643739768497,19.820097136474423,33.27778079059563,,,,2008126
2025-06-10,126.32503657,127.53575875,126.01043946,126.83029858,128.07338367331107,129.10272644039827,130.15819836153636,129.78404113085358,127.42932574698618,131.91055456190915,0,0,0,0,130.21114946595998,122.39006070390002,12.995669773842526,77.26539399098479,4,5,124.51103475076131,124.00515197618,124.72181924017019,122.79846400837322,126.85696093764689,128.4580702034225,128.2080137919001,129.0922216963225,130.29890966412927,125.81917405,0,1.5,3.5,-0.47008580126646643,0.08772867412195196,-1.2167859269527534,4,5.651258069758366,7.99607730078251,0,1.4335286752323917,126.85696093764689,126.85696093764689,1,1,0,0,10,8,1,1,1025,0,9,20,,-1.7018293929756156,-1.1991827040995922,0,-2.525229985340543,3.4279709839043413,,,,,,0.7708537258430568,13.583321118852817,38.492063492063494,-30.61426316358153,0,19.57653220701022,23.39684591184023,18.925322783082066,33.073375037216465,,,,1891892
2025-06-11,126.80169884,127.38322682,126.20110437,126.64916691,127.59864475220738,127.67772944052899,129.8240048899615,129.66110488689853,127.4215629724888,131.8054596756089,0,0,0,0,130.17270834524265,122.3980363267767,10.276869912184866,82.57825221640468,4,6,124.54735035538812,124.00515197618,124.73431531373573,122.84243734714514,126.85696093764689,128.483150005909,128.1759708431001,129.116395840459,130.27911046949387,125.81917405,0,1,2,-0.6061737467900632,0.08661707287310622,-1.158753783530955,4,5.3033054569914775,6.66089259563654,0,1.483315479334956,126.85696093764689,126.85696093764689,1,1,0,0,10,13,1,1,1025,0,10,21,,-1.6929365829848497,-1.1420180502356796,0,-2.8986197196936097,3.712638527488008,,,,,,0.7042977487144468,14.739887574114983,42.46031746031746,-19.766284181113296,1,18.371188999133043,23.669105071621125,18.238136324995363,31.872466830297274,,,,1679986
2025-06-12,127.02096349,127.66922419,126.33456981,127.64062445,127.61263798480492,126.61411876587836,129.61606389567945,129.58187035996133,127.42374268868294,131.67910055693255,0,0,0,0,130.14771475403953,122.4070893932793,47.25780972821497,89.38809939923232,4,7,125.03192275815852,,,123.89826098245912,126.85696093764689,128.15344006370012,127.87160761070987,128.43527251669036,129.5626023286513,125.81917405,0,2,0,0.17020514131887216,0.0866738090772043,-0.7528784774370879,4,5.3410557607058236,44.35342181508003,0,1.6564919965274307,126.85696093764689,126.85696093764689,1,1,0,0,10,8,1,1,1153,0,11,0,,-1.6865822669648796,-0.7406604035771274,0,2.674800798436509,2.123228138201484,,,,,,0.6587061131890185,16.14979553458759,49.6031746031746,-12.713055086889987,1,18.50195988720185,23.753552389739745,18.373035637690737,30.524821935091758,,,,1551887
2025-06-13,127.51669226,127.74549015,124.47558693,124.73298456,126.65275350986995,125.6114558084017,129.15100872085284,129.39171797564913,127.39696897595972,131.51855799196954,0,0,0,0,130.08515076108034,122.41183615221301,33.57300249621406,52.04603955211316,4,8,124.17425006128667,,,122.71976442151058,126.77366774636661,125.81917405,125.52827692204478,126.11007117795522,127.2736596897761,124.17425006128667,0,0,5.5,-2.0910893229040806,0.15346136991615583,-1.56405431231412,4,4.9930963302185445,11.491681025162464,0,1.1309317491553585,126.77366774636661,124.17425006128667,1,1,0,0,10,6,1,1,1665,0,12,0,,-2.2276909593292467,-1.5434857434278235,0,-1.4177291537088106,3.4682535943399566,,,,,,0.7933418588965331,16.521492688739876,50.79365079365079,-4.481231480257647,1,17.29659306204845,24.44826283213901,16.529046492334203,33.16705062154565,,,,1837826
2025-06-16,124.9713157,125.67677587,124.323055,124.57091939,125.95880880324664,124.73581259189136,128.7148097369621,129.20266705072171,127.36884907958202,131.32880467358586,0,0,0,0,130.017041692971,122.41659484950941,39.75097097033871,57.242931205146974,4,9,123.02482330626448,122.41659484950941,123.27650404699071,121.28777262889002,126.77366774636661,128.0763753704501,127.4535207735001,128.0763753704501,129.2051975910695,126.77366774636661,0,0,3.5,-2.1967142749588877,0.11002063767866782,-1.4627212241682386,4,4.75999918105145,24.32220062667976,0,1.1540414427425971,126.77366774636661,126.77366774636661,1,1,0,0,10,8,1,1,1665,0,13,1,,-1.8801651014293426,-1.4455134255339757,0,0.22239505291366424,2.4491775775244062,,,,,,0.8646676939728712,16.606139790910504,51.19047619047619,0.7096736134827752,2,16.489120851134714,25.141072077774435,15.821111557106017,32.229102862456116,,,,1989181
2025-06-17,124.2181893,124.25632229,122.77866923,122.91213467,124.9432507588311,123.86503077680823,128.16217401629905,128.9559795063797,127.32450366257126,131.10637406961536,0,0,0,0,129.89208786008874,122.41817278502863,54.256316941553415,32.51955646797846,4,10,122.20178287389243,121.92373262482006,122.47983312296479,120.81153162853063,125.37041796,123.37671662,,,124.76696786536179,120.01615203,0,0,5,-3.465451555393209,0.10120488321483984,-1.824423210026308,4,4.6024692679159935,44.578188968560944,0,2.2791816203573854,125.37041796,122.11224222100849,1,1,0,0,8,8,1,1,1665,0,14,2,,-1.8096390657187187,-1.8063849664091014,0,1.4920003616188393,1.0200451064518743,,,,,,1.2635569757018894,16.214094718413335,50.3968253968254,1.6977127430207093,2,15.943421224609668,26.248667702127143,14.910581452058157,35.333499413613936,,,,2883045
2025-06-18,122.8358687,123.13616594,121.79674494,121.98740985,123.9579704558874,122.98130412539005,127.57410123855628,128.68270226495304,127.2713982515009,130.85320423863763,0,0,0,0,129.74589694921121,122.4167081748997,58.46485607695638,27.631620667931106,4,11,120.94016152694279,120.6700128938756,121.21031016000998,119.58941836160683,125.37041796,123.37671662,,,124.72745978533595,120.94016152694279,0,0,3.5,-4.151748526451486,0.09837022255541492,-1.9291657024357107,4,4.494385089134556,38.12742438133306,0,3.2798658892013113,125.37041796,120.94016152694279,1,1,0,0,8,8,1,1,1665,0,15,3,,-1.7869617804433193,-1.91140300427366,0,1.1309742684356223,1.4742794836168205,,,,,,1.3342674521811955,16.582546689989776,51.58730158730159,6.509985297662882,2,15.569006646322054,27.545527109017982,14.250510097067055,37.01465060145399,,,,3088898
2025-06-20,121.98740985,122.81680221,121.77767845,122.30200695,123.4059826205916,122.24893995637535,127.07199702059854,128.4324789192686,127.22195157188398,130.57824220118172,0,0,0,0,129.51665371076476,122.41604203191376,93.3806702536699,39.009461552071166,4,12,120.01615203,119.75602183715189,120.27628222284811,118.71550106575947,125.37041796,123.37671662,123.11658642715189,123.6368468128481,124.67736758424053,120.01615203,0,7,4,-3.867213606689616,0.017568447421091815,-1.643890766481926,4,4.551308683295222,62.62140719769939,0,4.116604744245453,125.37041796,120.01615203,1,1,0,0,8,8,1,1,1665,0,16,4,,-1.1405475793687345,-1.627755246974879,0,3.9689203322297573,1.3774380361070375,,,,,,2.1602923149480833,16.956485109957587,54.76190476190476,7.5496293920444115,2,15.766195760793464,28.755003562493926,13.742246623858403,35.75991647102324,,,,5306997
2025-06-23,122.32107344,124.38978772,122.15424165,124.05612413,123.62269645706107,121.85870635475585,126.78477103101773,128.26085716282668,127.19045080131797,130.29753439334993,0,0,0,0,129.41692121112732,122.42177599276486,71.1038901426025,76.72473094463186,4,13,122.42177599276486,,,120.86101111489847,126.45645408,124.73298456,124.47147486244462,124.99449425755539,126.04053304777692,121.90704990512,0,3,0,-2.464278294141785,0,-0.9491809500966177,4,4.873131196126847,41.11069976743739,0,2.16124654748723,126.45645408,121.90704990512,1,1,0,0,8,8,1,1,1665,0,17,5,,-0.6774908948041491,-0.934851372281053,0,1.3413620681653606,1.343487469050415,,,,,,1.2928787926661172,17.319258457619878,55.95238095238095,2.5960325121037418,2,16.881021647281187,28.793362564924195,18.063894797572583,33.03047177664595,,,,3205971
2025-06-24,123.87499246,124.24678904,123.40786343,123.88452571,123.70997287470738,121.73964998183723,126.5085571909208,128.08923632153937,127.15755602428993,130.01383356143853,0,0,0,0,129.3312468608061,122.42616703105136,74.61794032253088,76.47862398624852,4,14,122.42616703105136,,,121.42488366834566,126.45645408,124.73298456,124.48266371932358,124.98330540067643,125.98458876338213,121.05702840672001,0,1.5,2,-2.5739959280632165,0,-0.9093937524392357,4,4.584696799146489,47.59601578212385,0,2.93699569188622,126.45645408,121.05702840672001,1,1,0,0,8,8,1,1,1665,0,18,6,,-0.540785790581498,-0.8942965293989825,0,2.137833022853546,1.373959626001763,,,,,,1.109466337515498,17.66692499068624,57.142857142857146,11.23967784548495,2,15.881855586840244,28.828981638609452,17.523364780707926,32.04209348577608,,,,2761044
2025-06-25,123.61759483,123.6938608,121.79674494,122.16854151,123.19616241980492,121.62439207515324,126.09522236416643,127.85705221128293,127.10791408882436,129.7190910537561,0,0,0,0,129.25884966636283,122.42565811476297,60.08182537012502,54.14988755987946,4,15,121.77767845,121.52659676963974,122.02876013036025,120.52227004819872,125.37041796,124.87463642666665,124.73298456,125.37041796,126.37474468144102,121.77767845,0,0,2,-3.8859677733147877,0,-1.3474405211500837,4,4.478684044900359,34.190651411166776,0,2.8618093560988545,125.37041796,121.77767845,1,1,0,0,8,8,1,1,1665,0,19,7,,-0.9603848705617568,-1.327924443621618,0,0.2018064263219692,1.098698255445146,,,,,,0.7430813696481918,17.777592958201417,58.333333333333336,14.586092444365924,2,15.514616633631023,29.42266600317413,16.222388598860405,35.3924183629334,,,,1820507
2025-06-26,122.33060669,122.55940458,120.40489109,120.91968635,122.43733706320329,121.36366663008657,125.60231417234105,127.58499864809536,127.04633968346292,129.4091676340949,0,0,0,0,129.15057019283117,122.42179609808682,49.47360323915279,42.927000855393686,4,16,118.71498635,118.46260234779048,118.96737035220953,117.4530663389524,123.310424665,123.310424665,123.05804066279048,123.56280866720952,124.5723446760476,118.71498635,0,0,5,-4.822376897065687,0.021916478325715222,-1.5983839692324033,4,4.490252981756868,26.053420592161608,0,3.641624092469224,123.310424665,118.71498635,1,1,0,0,10,8,1,1,640,0,20,8,,-1.1753318266057218,-1.57435431781054,0,-0.16396585482069215,1.900315319788164,,,,,,0.9550487433996631,19.06781813251879,61.507936507936506,22.5856313262913,3,15.554692606481083,30.39421774493966,14.985916922399932,37.618757338830356,,,,2369449
2025-06-27,120.95781933,122.53080484,120.95305271,121.92067713,122.26511708546886,121.12050714357925,125.25168207307048,127.36286839248378,126.99533806601552,129.09401518315573,0,0,0,0,129.07409432592115,122.42074023082836,64.44331078666666,71.78420749452118,4,17,121.77767845,,,120.53397065000937,124.142234605,123.37671662,123.12797506000187,123.62545817999812,124.62042441999063,118.71498635,0,6,3.5,-3.995942696241004,0.019324209923143765,-1.1278676129865925,4,4.494915199050125,46.3213860799723,0,3.7482520171016946,124.142234605,118.71498635,1,1,0,0,8,8,1,1,644,0,21,0,,-1.1545936793851501,-1.1115487276838045,0,2.2400045275014335,1.6737781181075841,,,,,,0.7826423398867645,19.86635518713565,62.698412698412696,27.586895493971948,3,15.570843000936776,31.29637293372194,14.11926555586483,35.44322496240847,,,,1950898
2025-06-30,121.90161064,123.2553315,121.72047897,122.90260142,122.4776118636459,121.07627613410042,125.0279601061114,127.1879559621903,126.95461431829398,128.78255049248943,0,0,0,0,129.00224056810939,122.4218682730548,55.09746432632017,78.22970279077691,4,18,122.09787190097035,,,120.7989650653641,124.38978772,123.37671662,123.13203827384102,123.62139496615897,124.60010835079487,120.01615203,0,3,0,-3.1917019480166244,0,-0.7113777781342968,4,4.670365170799619,32.055765557440346,0,2.746924395031295,124.38978772,120.01615203,1,1,0,0,8,8,1,1,644,0,22,1,,-0.358420057970516,-0.7002681180544544,0,0.212871979633785,1.4439926333511304,,,,,,0.89328226563931,20.860857132829313,63.095238095238095,28.940896918166008,3,16.178619531450074,31.587666284121713,15.972342562627805,33.45810696540711,,,,2172638
2025-07-01,123.59852834,126.30597007,123.26486475,125.46704447,123.47408939909727,121.49062504100866,125.06977766457697,127.12046923700636,126.93981262826121,128.49210478137095,0,0,0,0,128.9494290192328,122.43112561900327,61.05974559154279,80.51048256829135,4,19,123.36539814134001,,,122.07745543372691,126.4148719751581,125.63016889222223,125.37258035069961,125.88775743374485,126.91811159983533,123.36539814134001,0,4,6.5,-1.1602098094899143,0,0.15148884259591366,4,5.205014428046592,44.29804281363601,0,1.7584406025943857,124.38978772,123.36539814134001,1,1,0,1,8,19,1,1,644,0,23,2,,0.21667161606756832,0.15435636502447297,1,1.385575288431471,1.9145403608239215,,,,,,1.1451391987962838,21.784703920889292,64.28571428571429,20.820075014296815,3,18.030698887011514,29.970731712926312,24.662284030817695,29.511119051585606,,,,2829960
2025-07-02,125.58144341,126.29643683,124.79971728,126.18203788,124.37673889273151,122.28303604570041,125.17570720890298,127.08366800731984,126.93227258101483,128.2277356790357,0,0,0,0,128.91854537983286,122.43972032724275,65.92296736500111,81.66888011482811,4,20,122.10938663517265,121.85683370777664,122.36193956256866,120.84662199819263,124.38978772,127.45422626145009,127.20167333405408,127.7067791888461,128.7169908984301,124.00515197618,0,3,0,-0.5910511848245635,0,0.3602972922267103,4,5.109106962949033,45.06613999256048,0,2.7313674965738293,124.38978772,126.4148719751581,1,1,0,0,8,8,1,1,644,0,24,3,,0.7237909877100571,0.35949588485098055,2,1.6200297877843095,1.9179136441395435,,,,,,0.8616195576297997,21.809494511211213,64.68253968253968,23.22816510059307,3,17.69846568226329,28.469292468244873,23.357305709852756,27.94956982355745,,,,2137946
2025-07-03,126.53476797,126.53476797,125.31451254,125.95323999,124.90223925848767,123.2078266792515,125.24975794995984,127.03933749683671,126.92253096319378,127.98681079263093,0,0,0,0,128.90290216893283,122.44354205430054,69.63457144000125,75.24494112172366,4,21,123.36539814134001,123.11998957099014,123.61080671168988,122.13835528959069,126.39676876005387,127.4181860891501,127.17277751880023,127.66359465949996,128.64522894089941,123.36539814134001,0,2,3,-0.7636870820633598,0,0.25678059805936904,4,5.075795092621247,49.58251914600936,0,3.3028903122920976,124.38978772,126.39676876005387,1,1,0,0,8,8,1,1,644,0,25,0,,0.87270309544337,0.2558687105208239,3,1.7896769530880987,0.8756856517997087,,,,,,0.41814992517625366,22.163098065123034,65.47619047619048,26.04794323333099,3,17.583069978457548,26.939858195604234,23.18744447468444,26.70872312718544,,,,1015997
2025-07-07,126.05810569,126.75403262,125.0761814,125.50517745,125.10321865565845,124.0489371680394,125.27408361663034,126.97917435774507,126.908427943162,127.76543356989369,0,0,0,0,128.86525125051986,122.45059935782108,61.092133763592145,81.11374534919149,4,22,123.36539814134001,123.12253794012229,123.60825834255773,122.15109713525138,126.39676876005387,127.37675100315009,127.13389080193237,127.61961120436781,128.59105200923872,123.36539814134001,0,1.5,3.5,-1.105718915524239,0,0.09583075129710932,4,4.578804259259294,27.840667366825123,0,3.303425461806206,124.38978772,126.39676876005387,1,1,0,0,8,8,1,1,644,0,26,1,,0.7014174759037729,0.09665456793785811,4,0.5761018454087834,2.352555628495893,,,,,,0.9137124505100261,23.087604163854493,66.26984126984127,45.55802917311465,3,15.861443229899749,25.641631492539812,21.757128589930826,25.9374038081171,,,,2158056
2025-07-08,125.12384763,125.91510701,124.28492202,125.26684631,125.15776120710564,124.69794310105499,125.27339434933221,126.91202423822565,126.89209379755839,127.5603712566536,0,0,0,0,128.83555601271934,122.45546559406037,67.82967612831331,87.27301216526,4,23,124.38978772,,,123.18944638443556,126.39676876005387,125.46704447,125.22697620288712,125.7071127371129,126.66738580556445,122.71995760028,0,1.5,5,-1.2808106785212927,0,0.015414427107661981,4,4.571017430773944,41.024003418280444,0,2.2885880776806076,126.39676876005387,122.71995760028,1,1,0,1,8,19,1,1,644,0,27,2,,0.2673561463234367,0.01818305461903586,0,1.8742160371073648,3.3600933193261953,,,,,,0.7002932597702318,26.737835995539168,71.42857142857143,68.85843297866036,3,15.834468864766848,24.837803073184514,20.438004388326775,27.30766774816818,,,,1620507
2025-07-09,125.3907785,125.9341735,124.18958957,125.35264552,125.22272264473709,125.19912106169522,125.28094207987199,126.85087213162858,126.87677590424936,127.37007387752085,0,1,0,0,128.81005475691697,122.45993306489628,61.16483770271185,91.34623163218208,4,24,124.38978772,,,123.19730184010086,126.39676876005387,125.46704447,125.22854729402017,125.70554164597984,126.65953034989914,123.36539814134001,0,5,5,-1.2012682174392442,0,0.04195808652115748,4,4.533856126361643,19.533812240620968,0,1.7624077266539673,126.39676876005387,123.36539814134001,1,1,0,1,8,19,1,1,644,0,28,0,,0.32092090181203337,0.04642140924648846,1,0.6806511287474408,3.868618145729446,,,,,,0.6335756818305642,29.982121563515534,76.19047619047619,90.89915375703556,3,15.705738330131569,24.13990705484101,19.103164757676975,25.88105332231162,,,,1448388
2025-07-10,125.29544605,126.87796481,124.38025448,125.79117482,125.41220670315806,125.64763261375106,125.32953567416989,126.8093153743098,126.86597390341106,127.19523769205486,0,0,0,0,128.7804481001916,122.46686719456277,75.86524750724578,92.40991447532029,4,25,124.38978772,,,123.17097447750437,126.39676876005387,127.2969208718501,127.05315822335098,127.54068352034923,128.51573411434575,123.36539814134001,0,7,3,-0.8471925531658785,0,0.1749931244292885,4,4.540797676462893,39.97619965006759,0,3.225697418958059,126.39676876005387,126.39676876005387,1,1,0,0,8,8,1,1,644,0,29,1,,0.787754071500615,0.1810966084352515,2,3.1156247650811757,3.369097485786064,,,,,,0.8557830188932666,32.75961419806477,85.31746031746032,108.26486251347454,3,15.72978456504887,22.85085946952832,20.812415221791333,23.513287022636096,,,,1959248
2025-07-11,125.79117482,125.79117482,123.17906554,123.34113071,124.72184803877204,125.77081576478744,125.14016377282037,126.67330813257216,126.83090083680996,127.0196720950036,0,0,0,0,128.7306179488258,122.46857948712393,56.102257191402046,95.60281723921943,4,26,121.91997244123304,121.72047897,122.46857948712393,120.7217852298604,124.38978772,123.34113071,125.37041796,125.95323999,127.33590567055843,121.05702840672001,2,0,5,-2.7515141056201715,0,-0.5919801078659359,4,4.932281824908034,8.676387229381781,0,0.5717724592327721,124.38978772,121.05702840672001,1,0,0,0,8,8,1,1,644,0,30,2,,0.5335529755183793,-0.5803003325975713,0,-0.30755873241047293,5.696229878146496,,,,,,0.8038642736989469,35.17695196663288,90.47619047619048,105.88262601544179,3,17.08592543597851,22.301652196695727,18.86829344569241,25.61244402305461,,,,1847101
2025-07-14,123.20766528,123.33159747,119.30856785,121.51074757,123.65148121584802,125.42638538115757,124.79450508683748,126.47085477717718,126.77796398838399,126.83226944637448,0,0,1,0,128.61490845366905,122.46525577282544,74.54093240880913,89.72932151570318,4,27,120.5502263237516,120.28238167996919,120.81807096753401,119.21100310483956,124.142234605,121.51074757,123.87438996121759,124.41007924878241,125.48145782391204,120.57756599326302,2,11.5,2,-4.154678189079128,0,-1.095290492890162,6,5.013201218716219,38.86605719830996,0,0.2350162860202639,124.142234605,120.57756599326302,1,0,0,0,8,8,1,0,644,0,,0,,-0.07966338152022927,-1.0786198700075358,0,3.884748114794597,4.324833311971106,,,,,,1.3772834906900169,36.20149097421416,92.06349206349206,108.45902295919284,3,17.36623843876541,23.312691713879605,16.331922444451116,35.07175137401546,,,,3283969
2025-07-15,121.49168108,121.93011504,120.30955863,120.83388714,122.71228319056534,124.67208445518615,124.41730337761486,126.24979722277807,126.71881894511648,126.62912414770602,0,0,1,0,128.53125960395417,122.46142625857709,72.87133552724438,83.11762762561914,4,28,120.1614746981058,119.89829256093286,120.42465683527875,118.84556401224106,123.310424665,123.310424665,123.04724252782705,123.57360680217295,124.62633535086475,120.1614746981058,0,13,3.5,-4.644086690600643,0,-1.1923080458349478,4,4.541640053357232,15.56293226266137,0,2.392981530372528,123.310424665,120.1614746981058,1,1,0,0,8,8,1,0,644,0,,0,,-0.43028169579243986,-1.1746125706692327,0,1.6469362954970066,5.754972223014893,,,,,,0.9263462969431809,37.33323312123109,93.65079365079364,137.29701098096274,3,15.732702644209102,24.2515141226932,15.434024391208297,33.143573145784664,,,,2226778
2025-07-16,120.96735258,121.73001222,120.43349083,121.67281275,122.36579304371023,123.77328593989004,124.15592331784201,126.0703076356103,126.66860992824965,126.41562439786925,0,0,0,0,128.4649506929476,122.45974871810112,60.29010400517816,97.6486825382868,4,29,119.94287903618117,119.68691953925271,120.19883853310962,118.6630815515389,124.142234605,125.94779793421412,125.69183843728567,126.20375743114258,127.2275954188564,119.94287903618117,0,5,0,-3.9439898970072162,0,-0.8091847589296961,4,4.620604797653813,13.820800423756069,0,4.6920852479339255,124.142234605,119.94287903618117,1,1,0,0,8,8,1,0,644,0,,1,,-0.7767770038082664,-0.7951441699617289,0,0.3177209010690989,4.877681022286342,,,,,,0.8406543121885535,39.54106020624848,97.22222222222223,147.03521242189527,3,16.00624454246583,25.123277788020115,14.736001608407824,31.644614185194314,,,,2022176
2025-07-17,121.07221828,122.49267186,120.37629135,121.93974362,122.22377656914016,122.9386630874485,123.9448585847142,125.90832473303735,126.62155653214766,126.19384315983964,0,0,1,0,128.40490083333012,122.4586882037066,77.68057862263854,95.62973948610096,4,30,121.72047897,121.46390603972715,121.97705190027285,120.43761431863575,124.142234605,125.87800221590946,125.62142928563661,126.13457514618231,127.16086686727371,119.83745467539346,0,10,3.5,-3.6974848835940572,0,-0.6404656338414101,4,4.446492063920242,51.6261226562472,0,4.708639788376928,124.142234605,119.83745467539346,1,1,1,0,14,8,1,0,644,0,,0,,-0.8587194112385167,-0.6270705639816099,0,4.385998952825392,3.3993814670289266,,,,,,0.8237149863890078,41.30583064834134,98.80952380952381,168.16569220293948,3,15.403100340323315,25.365719468140735,16.304720760582278,29.314030501806183,,,,1942700
2025-07-18,122.38780616,122.59229428,121.15801749,121.57748029,122.00834447609344,122.22051627319914,123.71939398521761,125.73848769605549,126.57136671879296,125.9624502256331,0,0,0,0,128.28457518026806,122.45519864727133,93.79521604984849,95.48707951823123,4,31,119.71440151939025,119.46334918422617,119.96545385455433,118.45913984356987,124.142234605,121.57748029,123.34113071,124.12704119922778,125.13125053988408,119.7795653984746,2,5,2,-3.9455103932692888,0,-0.6835078378847129,4,4.392332307877413,45.036984059443355,0,0.5059175931770039,124.142234605,119.7795653984746,1,0,0,0,8,8,1,0,644,0,,1,,-0.8811117729644471,-0.6690999250718711,0,4.061057671640784,3.8893952592768963,,,,,,1.582345456541116,42.30282273801638,100,178.02479848203268,3,15.215485441939885,25.516325439217102,15.827328817528095,27.818737785014452,,,,3787144
2025-07-21,121.33914915,121.89207739,120.63368898,120.79575416,121.6041477040623,121.5643772372619,123.44095209710164,125.54465500836703,126.51389793711343,125.71924879004541,0,0,0,0,128.2115783324562,122.45153647990625,82.18275563529781,93.06367932480757,4,32,119.50223056550705,119.25787492919397,119.74658620182012,118.2804523839417,123.310424665,120.79575416,123.08995150813138,123.57866278075753,124.5560853260098,119.5552700916385,2,0,2,-4.519775194940051,0,-0.85243850643737,4,4.425512771872126,38.30332230591772,0,0.3298869204857319,123.310424665,119.5552700916385,1,0,0,0,8,8,1,0,644,0,,2,,-0.9469428797000343,-0.8374869639739017,0,2.176830989383288,2.8361385360704796,,,,,,0.9469207126362714,42.833148208814926,100,179.39959642390792,3,15.330425940854989,25.88404482074202,15.099579258168399,28.455473433537723,,,,2115217
2025-07-22,120.85295363,123.11233282,120.62415574,122.87400168,122.0274323627082,121.21125715602685,123.38695681928245,125.43992350529382,126.47768006390832,125.48023197567613,0,0,0,0,128.16185144995424,122.45243404136187,82.01561709239796,87.73288833332771,4,33,122.45243404136187,,,121.20684639597975,125.37041796,123.34113071,123.09201318092357,123.59024823907643,124.58671835538212,120.01615203,0,4,0,-2.8492603454517846,0,-0.11050555352994633,4,4.532511652592953,49.51528433774555,0,2.6694056354259823,125.37041796,120.01615203,1,1,0,0,8,8,1,0,644,0,,3,,-0.4553818739468996,-0.09697272755814737,0,2.44815377559396,1.8784415493020972,,,,,,0.9380224180833966,42.92063901259435,100,173.36104556439312,3,15.701080936377942,25.298738812849802,18.126518142242638,25.917863938663615,,,,2040687
2025-07-23,122.82633546,123.29346449,121.51074757,121.7681452,121.94100330847213,120.98324049390257,123.2327842841127,125.29593219920386,126.43081902048635,125.24068177726214,0,0,0,0,128.10550525587652,122.45104938462134,79.0809878918217,87.67043199237733,4,34,119.09638679093396,118.71498635,119.35327587876145,117.72602420914473,124.142234605,123.51915379777778,123.34113071,124.12799452377777,125.11695666463305,119.35327587876145,0,0,3.5,-3.6879250301548914,0,-0.43530407388590825,4,4.612374415659569,40.29145719093943,0,2.6072540020005226,124.142234605,119.35327587876145,1,1,0,0,8,8,1,0,644,0,,4,,-0.7059813300003296,-0.4317095794979404,0,1.9876271726896793,2.42775862942955,,,,,,0.9122610347701573,42.55741658815009,99.2063492063492,166.35452490330752,3,15.977733662906369,24.62388817535577,17.613668682397314,24.249296000296766,,,,1947536
2025-07-24,121.78721169,122.10180879,121.2438167,121.78721169,121.8897394356481,120.87986049318832,123.095110703721,125.15833531648998,126.38461397242182,125.00330954224621,0,0,0,0,128.0608390248604,122.44996594709164,83.79531119012003,87.57076532192917,4,35,119.07187919708521,118.71498635,119.31041693071681,117.7660217874201,124.142234605,123.34113071,123.10388956935502,123.57837185064498,124.52733641322489,119.31041693071681,0,6.5,3.5,-3.6376281399451065,0,-0.37634042922394717,4,4.402518784567007,50.596787493751755,0,3.397988871850021,124.142234605,119.31041693071681,1,1,0,0,8,8,1,0,644,0,,5,,-0.7873831253012323,-0.3756290496353017,0,3.1621366769760506,2.411027139059913,,,,,,0.7412910555454744,41.718552083542015,98.41269841269842,173.5504202738265,3,15.25077243229287,24.142686343474843,17.044913874664996,24.47086768092607,,,,1573382
2025-07-25,121.95881011,122.30076763,120.73855468,121.43448161,121.73798682709874,120.86284261815453,122.93695555193806,125.0123018378041,126.33535892403951,124.76760569171044,0,0,0,0,128.01502623951222,122.4483364143897,76.80973036480961,90.72938780251695,4,36,119.20507038858399,,,117.77801165081867,123.310424665,121.43448161,121.34323661520466,121.81172396479533,124.17471702836268,119.39001510208344,2,5,6.5,-3.8792602132758494,0,-0.4397163889672825,4,4.284578994940482,29.033703672273436,0,0.7460915563007223,123.310424665,119.39001510208344,1,0,0,1,8,5,1,0,644,0,,6,,-0.35324634774049996,-0.44101159477034246,0,1.5585839746801486,3.4624670968374396,,,,,,0.7443982715740665,38.90213802181557,95.23809523809524,162.1046301803475,3,14.842217016558617,23.971566386425387,16.029953354466247,24.939606348266278,,,,1549457
2025-07-28,120.9101531,121.56318042,120.45732394,120.93875284,121.47157549806583,120.83958480069005,122.74665053175347,124.85255481828237,126.28166135106399,124.53208483844276,0,0,0,0,127.95517306630397,122.44535345226254,78.20776545355659,90.29272142746743,4,37,119.15826183858474,,,117.80544354076018,123.29346449,121.57748029,121.35009458769004,121.80486599230996,122.71440880154978,119.30856785,0,6.5,3,-4.230945692273287,0,-0.5520746621839259,4,4.218392171869578,40.27631122924726,0,1.9956509287529152,123.29346449,119.30856785,1,1,0,0,8,8,1,0,644,0,,7,,-0.06867755470067523,-0.5442233363166985,0,2.2557819216280386,2.7284427080645877,,,,,,0.91933400548724,35.00623905873107,88.4920634920635,139.55645564027049,3,14.612939135857864,23.965850377452664,15.333888269778653,24.960945511572113,,,,1911786
2025-07-29,120.94828609,122.56893783,120.61462249,121.95881011,121.63398703537722,120.93626924341474,122.6716181106341,124.73907463364385,126.23864790587928,124.30484007565242,0,0,0,0,127.90268540691486,122.44435178833514,79.0576761788913,83.5183895433949,4,38,121.57748029,,,120.43451473731092,123.29346449,123.33159747,123.10300435946219,123.56019058053782,124.47456302268908,120.01615203,0,6,1.5,-3.39027537673742,0,-0.16598744974091087,4,4.226472026869067,51.68747517865605,0,2.9007395998940586,123.29346449,120.01615203,1,1,0,0,8,8,1,0,644,0,,8,,0.3002690298868318,-0.1611254115753714,0,2.2807046898302588,1.4118870332175395,,,,,,0.9638899540155059,29.596616935650893,75.7936507936508,102.14986218137392,3,14.640928574611674,23.115684790658666,18.09177072076657,23.055596613034496,,,,1995925
2025-07-30,122.11134204,122.61660405,119.07023671,119.44203329,120.90333578691815,120.82422306875631,122.36403860390705,124.53134752212841,126.17101989975113,124.07088534844847,0,0,0,0,127.82462727746751,122.43779067480345,84.1502706453345,89.02069167220739,4,39,119.21123722388317,,,117.99159209727904,121.62500606553999,121.58804157345334,121.34411254813251,121.83197059877416,122.80768670005747,118.72203582176745,0,0,6,-5.333226770376931,0,-0.9404679382710994,4,4.087848905203359,40.93413588956442,0,2.349868571742443,121.62500606553999,118.72203582176745,1,1,0,0,8,8,1,0,132,0,,0,,-0.43291451147168825,-0.935740391977436,0,3.261056306388567,3.6177126505685893,,,,,,1.0432110041349816,21.684021887006896,64.28571428571429,53.12791842234652,3,14.160723994954056,23.182683530239032,15.743310053830022,25.715729407214138,,,,2123316
2025-07-31,119.26090163,120.04262776,118.5649747,118.80330584,120.20332580461209,120.50015957694158,122.02492119782066,124.30671843655475,126.09770931209191,123.82742695482632,0,0,0,0,127.64794027583507,118.80330584,79.86266091378513,95.76354503760619,4,40,116.16882043,115.92912157559495,116.40851928440505,114.97032615797472,118.46000769966673,118.80330584,121.34834271904829,121.82774042785839,122.63848751048087,118.46000769966673,2,0,5,-5.784723221290453,0,-1.0418501552997856,4,4.004822675174404,10.989385990490327,0,0.08951287574604404,118.46000769966673,118.46000769966673,1,0,0,0,8,8,1,0,148,0,,0,,-0.6342615986058409,-1.0463912086036193,0,2.276976884124659,7.550193743838182,,,,,,2.130120285436262,14.791237995117507,43.65079365079365,6.6180194577157,2,13.873112697411957,23.49355417499487,14.876778174048765,26.182359369630653,,,,4597535
2025-08-01,126.49186836,128.21261918,122.48313862,124.54231965,121.64965708640806,120.67290817621127,122.26467343136154,124.31595769982711,126.08223279804125,123.61056613609036,0,0,0,0,127.57777796929001,121.90995165396686,80.82501207771875,90.73773887962957,4,41,124.17597148327549,,,122.37217140435266,126.27342045411918,125.46704447,125.16045523608817,125.77363370391184,126.99999063955919,121.90704990512,0,5,9.5,-1.22135618466393,0,0.8930791634147708,4,6.419692917769634,45.275028055350575,0,2.3223219677072695,125.85634061393307,121.90704990512,0,1,0,0,8,8,1,0,156,0,,0,,0.6901371394399385,0.8793346545154709,1,2.358239674209118,2.862700206581869,,,,,,2.2808937837501766,10.151418412783299,21.825396825396826,-54.351989819840185,0,22.23846860513419,23.892330608219424,34.59309796734804,19.00785692583948,,,,5425880
2025-08-04,125.22871333,127.56435849,125.06664816,126.92563103,123.40831506760537,121.44560124973853,122.7085741550414,124.41829783042212,126.09062482024979,123.43331661199306,0,0,0,0,127.56913413948698,123.13119414824345,82.75874730118932,71.62911345840466,4,42,126.48605025560008,126.17437776303909,126.79772274816106,124.92768779279513,130.1664261748,127.52178623462031,,,129.08014869742527,125.85634061393307,0,1.5,7,0.6622270378472416,0.05061616035463768,1.5602063084880204,4,6.697171220760798,57.833997440129885,0,2.361694411308831,126.61257182831122,125.85634061393307,1,0,0,0,10,8,1,0,156,0,,1,,1.3784402013232118,1.540873688785866,2,2.6610916791853274,-0.14214026583237593,,,,,,1.326368118130506,6.577221297480359,11.507936507936508,-71.64951916677556,0,23.199681642691566,24.262623010499368,31.59826226674268,17.362285645486562,,,,3226044
2025-08-05,126.85889832,128.1744862,126.02950595,127.94568831,124.92077281507025,122.71084534316537,123.20734693170412,124.55662686883694,126.10908316343138,123.29901710201528,0,0,0,0,127.5735079387939,123.98601666691977,82.18525318891159,52.034437931182914,4,43,126.45203943125009,126.14347765021131,126.76060121228886,124.9092305260562,130.84472828,130.84472828,130.53616649896122,131.15329006103877,132.38753718519388,125.85634061393307,0,3,0,1.4563623019830083,0.02210442223655583,1.7219285933498856,4,6.731891696510998,60.31270131566219,0,2.84720216091694,127.24340112643505,125.85634061393307,1,1,0,0,10,8,1,0,156,0,,2,,1.1185808858131263,1.6974274028471574,3,2.4270159704730245,-1.1581796049295656,,,,,,1.1467757648849923,8.964654563689537,15.079365079365079,-61.558014010975214,0,23.319956898816184,24.794017934527936,31.40251316350132,16.284654736628998,,,,2860322
2025-08-06,128.33655137,130.51013136,127.87895559,130.30039995,126.71398186004684,124.44446934480607,123.88287579058945,124.7818728720198,126.15078780807386,123.2181368357068,0,0,0,0,127.60986213704932,125.06694698275543,90.42347867198109,27.200577255330142,5,0,130.30039995,126.11649409587466,126.73652268512524,125.34017123599533,,133.15335498204,132.84334068741472,133.4633692766653,134.70342645516646,127.64500125152,1,2,0,3.289406442898626,0.12458863955713524,2.2721741780549225,0,6.94649543734752,96.32699938014896,0,0,,127.64500125152,0,1,0,0,11,10,1,0,188,0,,0,,1.8651328587411369,2.231475682062402,4,5.483733095430291,-4.709619825148683,,,,,,1.2855971238607116,15.237202504528053,47.61904761904762,-36.67884009260016,0,24.06336606406258,25.933437839651514,35.74963368526649,15.05061633591523,,,,3327354
2025-08-07,130.71032951,131.04399311,129.3470754,130.38619916,127.93805429336456,126.27476582102595,124.5022399210095,125.00165037350922,126.19293120461043,123.18599635547386,0,0,0,0,127.63710452391511,125.6673853469629,94.76121963555809,14.47998094087958,5,1,127.49268169033351,127.1896602229136,127.79570315775342,125.97757435323395,129.4875543293831,133.15335498204,132.8503335146201,133.45637644945992,134.6684623191396,127.64500125152,0,2,6.5,3.322902412489772,0.1239225155628959,2.050033320488515,0,6.945593535332896,97.19542445056463,0,1.3166543321402298,129.4875543293831,127.64500125152,1,1,0,0,11,10,1,0,188,0,,1,,1.8584640280035762,2.017012747731842,5,6.0171003267424785,-5.1132741660334755,,,,,,0.9461991319487418,19.253052366016643,62.698412698412696,-19.97980511172467,1,24.06024178383703,27.125071197526978,35.535186021455786,14.298086631139807,,,,2473249
2025-08-08,130.17646776,130.88192793,129.31847566,129.80467119,128.56025992557636,127.94503418447054,125.00723337519908,125.19000413101867,126.22886891590784,123.1946814544862,0,0,0,0,127.65123536798127,125.95778145437899,95.98643487554708,35.74174647491162,5,2,127.43647879669149,127.14114232453372,127.73181526884926,125.9597964359026,130.4546222348281,130.4546222348281,,,131.93130459561698,126.99229751098001,0,2,6,2.8327927714176946,0.11363126468524197,1.6529097161143398,0,6.610217417200103,73.89727206480963,0,2.043867739115017,130.4546222348281,126.99229751098001,1,1,0,0,10,10,2,0,252,0,,0,,1.795738406625228,1.6347810721912506,6,4.485254106447966,0.6259925898627414,,,,,,0.6351159770557195,22.138325510279156,66.26984126984127,-3.319608221138263,1,22.898464831334593,28.213070192889774,33.85557732305795,13.708734562823986,,,,1653983
2025-08-11,129.96673636,129.9953361,127.58342498,127.88848883,128.3363362270509,129.15937693699567,125.28163865660869,125.29582706039048,126.24538254689384,123.22783932453548,0,0,0,0,127.65359144110111,126.14596002459857,96.22520635262939,51.07960414346554,5,3,127.41647234610292,127.12069641552785,127.712248276678,125.93759269322753,130.84472828,128.21261918,,,129.6914988328754,126.01117710711216,0,0,3,1.3015179248206026,0.0670610504620935,0.90687556871454,0,6.608021419884533,67.71103235551304,0,2.318143959335369,130.84472828,126.01117710711216,1,1,0,0,8,8,1,0,252,0,,1,,1.4844276867039239,0.902653181089063,7,4.158222983044936,1.1592716878832534,,,,,,0.9912333427064866,24.512800490023732,69.84126984126983,7.08554847385838,2,22.890857673486888,28.143927512234356,31.390612807619288,17.94821367971997,,,,2544755
2025-08-12,127.88848883,128.17925282,125.47657771,127.40229331,128.02498858803395,129.8804699783922,125.48360576645548,125.37843357998301,126.25689409677548,123.27860990438957,0,0,0,0,127.65051005775123,126.28240760933339,97.94455861311528,63.851643105309705,5,4,127.37080018710002,127.07202008094102,127.66958029325902,125.876899656305,130.1664261748,127.79581081685654,,,129.28971134765155,126.01117710711216,0,6.5,1.5,0.9071973625032922,0.022467792464535258,0.6736596921116004,0,6.587377843932937,83.17495574227262,0,1.871360194384706,130.1664261748,126.01117710711216,1,0,1,0,19,8,1,0,252,0,,2,,1.1434544452161504,0.669882795852814,8,7.339576708395548,1.8329103181241915,,,,,,1.2165110249409172,26.465589063040234,71.82539682539682,15.978734876133622,2,22.819346228690744,26.9718086867048,28.855344449064,22.794603253158407,,,,3181152
2025-08-13,127.47855928,128.79414716,126.91609779,128.51768304,128.18922007202264,130.34652394035842,125.77256550679306,125.50154140194446,126.27938950914587,123.34993970391243,0,0,0,0,127.65664838547126,126.41516930637385,97.22982647454285,37.358641039994055,5,5,127.37879772752005,127.08459075956884,127.67300469547126,125.90776288776398,131.04399311,131.95615159474576,131.66194462679454,132.250358562697,133.42718643450186,126.01117710711216,0,5.5,0,1.7724931515384197,0.1254146198692562,0.9440155959319754,0,6.602052430596171,88.32427893901519,0,2.49157619073639,131.04399311,126.01117710711216,1,1,0,0,8,10,1,0,252,0,,0,,1.9324172328925129,0.9337807651439285,9,4.178344585868226,-2.5560526445482745,,,,,,0.7096189058643518,27.635386856398235,73.80952380952381,20.83589314406726,3,22.87018048805233,26.116051051219518,29.076813678553858,21.49542702500405,,,,1849513
2025-08-14,127.68829068,128.03148752,126.78263235,127.16396217,127.84746743801509,130.43872486891038,125.90507947471752,125.56673437324076,126.28819122716432,123.42893071097762,0,0,0,0,127.65378476654048,126.45018298225044,96.63963985167683,60.14361725144144,5,6,126.35132092409998,126.062637215556,126.64000463264397,124.90790238138004,130.1664261748,127.63307014980994,,,129.07648869252986,126.01117710711216,0,2,3.5,0.6934701766853002,0.10079212336167606,0.4495986910625726,0,6.7351886624240365,57.06751943445943,0,2.6431039492612665,130.1664261748,126.01117710711216,1,0,0,0,8,8,1,0,252,0,,0,,1.7785981798259964,0.4453249500240516,10,4.004678938947612,2.357433314910259,,,,,,0.5907858571296908,28.392405481714317,73.80952380952381,21.69193596062575,3,23.331377923760595,25.251180160784426,27.516475688800476,20.75471549097996,,,,1527529
2025-08-15,127.6501577,127.7550234,126.36316955,126.73496612,127.47663366534339,130.1662370607234,125.98411629807777,125.6125473829176,126.29263674848606,123.50959574502362,0,0,0,0,127.64641934125338,126.46756716757466,96.59478406081838,69.05176745896391,5,7,126.35630233519998,125.72262750459998,126.46756716757466,124.6006646639366,129.40242790684002,127.43404406630253,,,128.83649761713176,125.47657771,0,4.5,5,0.3502416157442667,0.0017512080787213337,0.2790960861178373,0,6.738503754150495,62.581095006146064,0,1.7350536625521313,129.40242790684002,126.03956098997051,1,1,0,0,8,8,2,0,252,0,,0,,0.4324152222148777,0.2801488720933484,11,4.192220325066158,1.934442798161661,,,,,,0.8486877551218176,28.781063022622057,74.2063492063492,23.297063338723788,3,23.342861738364547,24.219017416684636,26.297345911508835,21.170401187540875,,,,2123773
2025-08-18,126.73496612,126.73496612,124.49465342,125.20011359,126.71779364022892,129.46972988775025,125.90944937349893,125.59637350868553,126.28176587128719,123.57827782239742,0,0,0,0,127.62294950954097,126.38049480933078,87.11354580562684,83.74119901157187,3,0,124.76635092354547,124.48589247214147,125.04680937494948,123.36405866652548,128.73091571999998,127.36517853475274,,,128.76747079177275,125.47657771,0,4.5,2,-0.8565387677502595,0,-0.20330744876525328,0,6.8382960172781155,17.485974102823036,0,2.827202943329084,126.03956098997051,126.03956098997051,1,1,0,0,8,8,1,0,252,0,,1,,-0.36118113237362015,-0.19510735936998916,0,1.759154744765861,5.4182375151888085,,,,,,1.0164082922815134,28.82604170347214,74.2063492063492,21.687646272699787,3,23.68855227824319,22.658591293638782,24.42177276743895,25.60902956984706,,,,2566410
2025-08-19,125.21918008,127.20209516,124.98084895,126.74449937,126.72669555015261,128.68744290190955,125.98897794459427,125.6413980522665,126.28637018470722,123.64084202531303,0,0,0,0,127.61549846839458,126.4015052397871,92.27660813859626,45.26853592199852,2,0,126.36286015929998,126.08260189897841,126.64311841962156,124.96156885769213,129.40242790684002,127.2644308151186,,,128.66572211672647,124.00515197618,0,3.5,0,0.3627700951596864,0.0018138504757984322,0.28088036793193055,0,6.741919823394362,91.34326286798624,0,2.169119114671163,129.40242790684002,126.03956098997051,1,1,0,0,8,10,1,0,252,0,,0,,-0.24902960678633088,0.28885276458008197,1,4.412129933125019,-3.0513020161485898,,,,,,0.9018688098886896,28.522192197611236,73.01587301587301,22.12615823483856,3,23.35469534934965,21.09743132265467,24.181756068437366,23.796799313759468,,,,2288369
2025-08-20,127.49762577,129.81420443,126.9399309,127.04002998,126.83114036010174,127.97834317872253,126.08907813844243,125.69624636315801,126.29386928714794,123.69746214253496,0,0,0,0,127.61193935040146,126.42744751226692,94.07701542190304,69.77659690646874,2,1,126.37451631184999,126.08686841780138,126.66216420589859,124.93627684160698,129.40242790684002,127.2608168571102,,,128.69905632735322,124.00515197618,0,0,8,0.5908130751426663,0.002954065375713332,0.3464544639616044,0,6.649369926965768,40.01773066158405,0,2.105290292497976,129.40242790684002,126.03956098997051,1,1,0,0,8,8,1,0,252,0,,0,,-0.64336647480907,0.356434931280507,2,3.75545600535135,4.1775524328763405,,,,,,0.6652168405769896,27.863258186708805,72.22222222222223,20.965292887059377,3,23.034093103650527,20.76298099113827,29.985604897957067,21.529358410915926,,,,1678964
2025-08-21,126.30597007,126.84936507,126.05905902,126.76356586,126.8086155267345,127.39239028975715,126.15331506430506,125.73810202970084,126.29854288488777,123.74603050811184,0,0,0,0,127.60723757968712,126.43931815711802,96.63684876167636,43.78003103760064,2,2,126.38585714119999,126.109996856012,126.66171742638798,125.00655571526006,129.40242790684002,127.23456555315019,,,128.61386697909012,124.00515197618,0,5.5,0,0.36819346010671683,0.0018409673005335841,0.23612979806792372,0,6.660687249568052,91.77686558537847,0,2.187027946835026,129.40242790684002,126.03956098997051,1,1,0,0,8,10,1,0,252,0,,0,,-0.7082023485979976,0.24802093853343288,3,5.981479095928647,-1.6014497773624254,,,,,,0.6001379263563701,26.838532185916435,70.63492063492063,16.318580963234407,2,23.073297459156134,20.00282041583396,29.03355050399338,23.696847722897555,,,,1512894
2025-08-22,127.56435849,128.10775348,126.48710174,127.25929463,126.95884189448967,127.02077736350391,126.25864645151411,125.79775664147728,126.3081026037446,123.78995230590002,0,0,0,0,127.60490476704474,126.47313341747477,97.13050610898128,22.441746091579994,2,3,126.3976817932,126.12705570927544,126.66830787712455,125.0445513735772,130.1664261748,127.60490476704474,,,128.95803518666753,126.08739368173637,0,7,1.5,0.7530728485721065,0.0037653642428605327,0.36769477427548813,0,6.642738862853757,96.28029452569334,0,2.785204091894274,130.1664261748,126.08739368173637,1,0,0,0,8,10,2,0,252,0,,0,,-0.49441294295251664,0.3794507096853508,4,4.514367246363681,-5.5541633409222735,,,,,,0.7266954778436333,25.406737968886322,66.66666666666667,10.410685324344518,2,23.011122423750027,19.789973069860984,31.63286595439253,22.429801082325582,,,,1842585
2025-08-25,127.26882787,127.68829068,124.52325316,124.64718535,126.18828971299311,126.53142844197446,126.10517396565562,125.75263619867425,126.29157606390635,123.81492705869445,0,0,0,0,127.58649204849709,126.40538776841885,92.05239651279047,50.59260228970625,2,4,124.19686493710529,123.59852834,124.35642136300002,122.4803086882802,126.08739368173637,126.4004819324,,,127.79825649704975,121.90704990512,0,0,7,-1.3020589061888408,0,-0.44031778974318825,0,7.010000426022101,42.637927988162474,0,1.1013497203631255,126.08739368173637,126.08739368173637,0,1,0,0,8,8,1,0,252,0,,0,,-0.6363794189054144,-0.4281989519046721,0,2.0915829184808663,2.1860406980919143,,,,,,0.6815309663056284,23.501062729881443,63.888888888888886,-3.221511635208021,1,24.283353797899505,18.63682680413259,28.435206191751018,26.43469071123101,,,,1721586
2025-08-26,124.31352176,125.10478114,123.35066396,123.75106027,125.37587989866208,125.89048771005109,125.88097266130747,125.67414302500076,126.26629729978788,123.8187933881958,0,0,0,0,127.54308832294991,126.23588263370425,86.06022664344499,73.75593026975012,4,0,123.59852834,123.32327987460076,123.87377680539925,122.22228601300381,126.08739368173637,124.33678287720002,,,125.71302520419621,121.05702840672001,0,0,1.5,-1.9920098106750366,0,-0.6587375552355844,4,7.022335207353327,26.923164015458916,0,1.808449931320314,126.08739368173637,121.05702840672001,1,1,1,0,14,8,1,0,252,0,,1,,-0.7150510256596124,-0.6461413116367134,0,2.2940711342348497,4.418277128956966,,,,,,1.2247343200328942,20.9889301710666,59.12698412698413,-13.718413273846389,1,24.326082733831377,17.55211273386057,26.817230267660374,28.734216146128922,,,,3165361
2025-08-27,123.55086212,124.26585553,123.55086212,124.13239009,124.96138329577472,125.228201174442,125.71444098784961,125.61368212558897,126.2450643922278,123.8073841706298,0,0,0,0,127.52595826092514,126.17762391483258,89.77614686494628,82.0073394810446,2,0,123.59852834,123.33655660954,123.86050007046,122.28866968769998,126.08739368173637,124.32801229120003,,,125.63787094350005,121.90704990512,0,5,0,-1.6734708104421288,0,-0.4718413070625019,0,6.64679519715824,41.161917692160756,0,1.9001022265769623,126.08739368173637,121.90704990512,1,1,0,0,8,8,1,0,252,0,,0,,-0.848344085162735,-0.46161712183467524,0,3.1131396102681377,3.4084146006918226,,,,,,0.553923702235581,18.075576940849615,55.55555555555556,-21.496458797022335,0,23.025173977965725,16.54487824003656,26.163733402540586,28.034005125611483,,,,1411929
2025-08-28,124.13239009,124.26108891,122.04460932,122.71193651,124.21156770051648,124.48015463536453,125.42848818043537,125.49988817987959,126.2099088909121,123.77435824214538,0,0,0,0,127.49605111445761,126.06213295510756,89.4412336828797,90.69665446805712,4,0,122.6508347669493,,,121.33558746525999,125.37041796,122.71193651,123.59852834,124.32400832800002,126.3654845927029,122.6508347669493,2,6,3.5,-2.7715513081746455,0,-0.8467616060252843,4,6.745189691867186,19.51409536403337,0,0.016723946604117475,125.37041796,122.6508347669493,1,0,0,0,8,8,1,0,252,0,,1,,-0.8646213326591963,-0.8336189788883094,0,3.242196680705751,6.602295407953197,,,,,,0.7301348601547035,15.149589581808346,40.07936507936508,-35.16402041505683,0,23.36602250600765,16.24794836259514,24.195357616506723,31.03753043831285,,,,1757400
2025-08-29,122.67380353,123.76059352,122.54987133,123.11233282,123.84515607367766,123.8256936153524,125.207901955632,125.40625855792352,126.17908723846521,123.72533983291447,0,0,0,0,127.46855448191828,125.96552944345092,90.48417483189642,83.79962546105554,4,1,122.38174778622513,122.12667755350068,122.63681801894958,121.10639662260292,125.37041796,125.39923098970323,125.14416075697878,125.65430122242768,126.67458215332545,122.38174778622513,0,5.5,3.5,-2.4304775740447107,0,-0.6346649927668002,4,4.7665746340964805,62.79737337478845,0,2.3434096106412934,125.37041796,122.38174778622513,1,1,0,0,8,8,1,0,252,0,,2,,-0.6952313896763496,-0.624446993804993,0,3.6130191054239216,1.4237592391621168,,,,,,0.8025195866839067,10.943776450399646,26.984126984126984,-33.72187823943519,0,16.51189888864827,15.97222776211382,23.169944787473675,29.72214248673172,,,,1785555
2025-09-02,123.31253098,123.97032492,122.06367581,122.82633546,123.50554920245177,123.2613642737831,124.98108609890514,125.305085103103,126.14572652425163,123.66175393479698,0,0,0,0,127.43572760235618,125.8529881296798,90.58522394876748,80.50869797157998,4,2,121.85910517916929,121.60523059601445,122.11297976232413,120.58973226339509,125.37041796,125.31789546720043,125.06402088404559,125.57177005035527,126.58726838297463,121.85910517916929,0,5,2,-2.631393988296129,0,-0.651006342444623,4,4.302131228914067,61.56376796989663,0,2.766179061484966,125.37041796,121.85910517916929,1,1,0,0,8,8,1,0,252,0,,3,,-0.44496784419808205,-0.6401594931549478,0,3.474555566572384,1.447531724238323,,,,,,0.9364064016346605,11.555204496054618,28.571428571428573,-22.464005961734856,0,14.903019738615791,15.925790796430514,21.616275689091342,29.439025171636356,,,,2027320
2025-09-03,122.82633546,123.28393124,121.16755073,122.02554283,123.01221374496785,122.68987963281253,124.69960578758084,125.176475602197,126.10472967157251,123.58124217347799,0,0,0,0,127.38779235988704,125.68704581138005,92.22210637136209,78.22540500272147,4,3,121.22386083481886,120.96922389590723,121.4784977737305,119.95067614026068,124.142234605,126.39251544799995,126.13787850908832,126.64715238691159,127.66570014255814,121.22386083481886,0,7,3.5,-3.2347611800099427,0,-0.8215689694798597,4,4.203847769482337,67.23253599162386,0,2.29218414473154,124.142234605,125.97072462833495,1,1,0,0,8,8,1,0,252,0,,4,,-0.9062647497191336,-0.8083950301987913,0,4.075738822152708,1.3526779220740033,,,,,,1.1919609695695015,12.19073486376683,29.761904761904763,-16.28712026266074,1,14.56255584805701,16.25969171162967,20.01216180967108,30.396562464384782,,,,2562868
2025-09-04,122.50220511,123.36877713,121.8730109,123.14093256,123.05512001664523,122.28949487637098,124.55116071828742,125.09665038485595,126.07523915304941,123.49368519795145,0,0,0,0,127.35791690104996,125.60173678430108,91.01873914762697,77.53471397729751,4,4,121.06251639453109,120.81271275277385,121.31232003628833,119.8134981857449,125.37041796,126.39497495784995,126.14517131609271,126.64477859960719,127.64399316663614,121.06440880412111,0,4,0,-2.3274249668384948,0,-0.3939806740308777,4,3.814608107965563,61.05118049476732,0,3.449030234439419,125.37041796,125.97072462833495,1,1,0,0,8,8,1,0,252,0,,5,,-0.7327373137863221,-0.38011312992517243,0,3.3425021440371,1.4193663418880171,,,,,,0.9822801738548981,13.789010499005109,34.92063492063492,4.35002362149657,2,13.214190107921079,16.51533747188692,19.245526568211304,28.77149495269832,,,,2049255
2025-09-05,123.39123895,125.73063749,123.22757732,125.04710952,123.7191165177635,122.24485542359912,124.59839393749814,125.09470760584199,126.06500900744693,123.41239234992561,0,0,0,0,127.34069756331523,125.58258917254521,90.80437707088774,82.61147737226179,4,5,123.0251383267289,122.7700554367936,123.28022121666419,121.74972387705245,125.93450442800808,125.16771483410827,,,126.44312928378471,122.71995760028,0,5.5,7,-0.807440141765901,0,0.2328573015071002,4,4.217017823888112,50.24385376802174,0,2.2811142699671088,125.93450442800808,122.71995760028,1,1,0,0,8,8,2,0,252,0,,6,,-0.28961732888491526,0.25026210966937346,1,3.119430182705079,2.4376439530440406,,,,,,1.0555514115004343,14.977372468482809,38.492063492063494,2.527311806084413,2,14.608178254795506,15.390047142340022,25.768119262531552,26.163460282457855,,,,2187008
2025-09-08,124.42134448,125.27816123,123.00133919,124.94121082,124.12648128517566,122.46317780312424,124.63104316440308,125.08868812404427,126.05382693593005,123.33820602913762,0,0,0,0,127.31708572137295,125.55435782496899,94.4882880106847,88.15422434407583,4,6,124.43951171820002,124.18232026647439,124.69670316992566,123.1535544595719,125.93450442800808,125.16287564285912,,,126.44883290148725,122.71995760028,0,7,0,-0.8826515965243695,0,0.19155620574143042,4,4.21107206042017,55.528087360887085,0,1.1625524097145574,125.93450442800808,122.71995760028,0,1,0,0,8,8,1,0,252,0,,7,,-0.40536660297970983,0.20807794969727958,2,5.411479249085705,3.4187141388429265,,,,,,1.3661419889666306,15.865315903366373,43.25396825396825,8.759055605819778,2,14.587581525962982,14.459659297638394,23.731371461267518,24.88086481827997,,,,2916782
2025-09-09,125.10487245,126.62596285,124.5657518,126.0868422,124.77993492345044,122.99965806489608,124.76969069160279,125.12783142114057,126.05415544602029,123.27976138796089,0,0,0,0,127.30750851658941,125.57241185620052,93.37759482702204,70.41001028689467,4,7,124.00515197618,123.74793660091692,124.26236735144309,122.7190750998646,125.93450442800808,126.41149189239995,,,127.69756876871536,124.00515197618,0,4,7.5,0.025930723080140817,0.00012965361540070408,0.536999635504051,4,4.116485324732431,60.57742581495716,0,1.5001843881647663,125.93450442800808,125.93450442800808,1,1,0,0,8,8,1,0,252,0,,8,,0.3611184657439986,0.5519266451053122,3,3.405567836212679,-0.03768925511840171,,,,,,1.0948657154729775,17.07946372917353,50.3968253968254,19.772478264497828,2,14.259923462096477,13.94464411815054,26.71277122748604,23.101511322771042,,,,2325596
2025-09-10,125.38405993,125.95206204,122.27448903,123.23720448,124.2656914423003,123.38006164519697,124.6237396238311,125.05368918815466,126.02612608317432,123.22048661277884,0,0,0,0,127.27668607603167,125.49730346094219,93.33306887922551,76.89698740717205,4,8,123.11233282,122.83945110395214,123.38521453604787,121.74792423976069,125.93450442800808,126.39856697454996,126.39856697454996,127.01475299694997,128.10627986114142,121.36568514423007,0,5,2,-2.212970984551007,0,-0.37307214981924425,4,4.669668793552651,55.50008708481261,0,2.068421181808367,125.93450442800808,125.93450442800808,1,1,1,0,14,8,1,0,252,0,,9,,-0.03958809133868645,-0.35982152562480046,0,3.9491749678957984,1.970783730147312,,,,,,1.0964076692774645,19.476492594462556,57.53968253968254,20.402096373603598,3,16.176207209904106,13.55473923083805,23.380659073090904,27.716774901324847,,,,2279439
2025-09-11,123.46344261,125.17226253,123.10242432,124.64276903,124.39138397153353,123.73775690135885,124.62555194822814,125.0375746721486,126.01236133637656,123.17134583371386,0,0,0,0,127.26150444561392,125.47676750583464,94.10265469301405,73.08332296988195,4,9,124.51304157200003,124.24117070879488,124.78491243520519,123.15368725597426,125.93450442800808,126.38914414894994,,,128.09984144692058,121.90704990512,0,4,2,-1.0868713924982167,0,0.108593569239743,4,4.737764089198019,60.534461766735525,0,1.0456897361122577,125.93450442800808,125.93450442800808,0,1,1,0,5,8,1,0,252,0,,10,,0.17313029722217993,0.11597627419381878,1,4.330483109212716,0.9036753260929424,,,,,,0.8414936938978728,21.21610446925563,59.523809523809526,29.27114347469991,3,16.41209623353251,13.192684692619308,21.791335004397332,25.83269895121888,,,,1745077
2025-09-12,124.09402123,125.02785521,123.17944155,123.21795017,124.00023937102235,123.91221936789825,124.49149463601593,124.96621684853493,125.98455625014395,123.12408719831677,0,0,0,0,127.24233294929813,125.43277634777016,83.5012591010618,82.89279218700234,4,10,121.26090960829013,120.99195439906391,121.52986481751635,119.91613356215905,125.37041796,126.36953541044996,126.36953541044996,126.98562516129995,128.06144599820482,121.43633350152425,0,0,5.5,-2.1959882722853954,0,-0.32654357525736055,6,4.756819069195265,42.192741698493904,0,3.0559053780983776,125.37041796,125.82797288847836,1,1,0,0,8,8,1,0,248,0,,0,,0.17279257342520635,-0.3222602517554565,0,1.7593973363635236,3.2091044644869835,,,,,,0.6969227625809217,22.456550313687345,62.301587301587304,36.28114902078007,3,16.478104620517385,12.856491192844762,20.454169933052253,24.24754674603401,,,,1442298
2025-09-15,122.66920236,123.01577993,120.38756675,120.79190724,122.93079532734824,123.67816187195972,124.1391529792525,124.80251843251395,125.93288810078928,123.06486756132514,0,0,0,0,127.17772534092302,125.24760475160622,88.454118554886,88.51008935252901,4,11,117.7060681,117.43105269661136,117.98108350338863,116.33099108305684,123.310424665,120.79190724,124.48647159696141,125.03650240373868,125.66168491575736,,2,0,2,-4.082317922125907,0,-1.0327987637530816,4,5.096084653967248,37.69535024469983,0,0,118.9460663638834,,1,0,0,0,8,8,1,0,232,0,,1,,-0.4149029578404339,-1.0233889931273439,0,3.97460565037491,4.831695205156156,,,,,,1.45366125943684,23.74773775992106,63.888888888888886,34.52251796544806,3,17.653355080686666,13.737449322939597,18.57462769602021,31.083450400362604,,,,3077722
2025-09-16,120.72451716,121.35990936,119.83881895,120.3779396,122.07984341823216,123.16931588002683,123.78094218122845,124.62900553712124,125.87761498137844,122.99356363922736,0,0,0,0,127.13190522041273,125.11946173964375,85.7762017130508,91.28444842647377,4,12,120.25097010913215,,,118.9062070572385,122.65312315137999,120.3779396,122.38417054100125,122.92207576175872,123.99788620327364,120.25097010913215,2,9.5,3.5,-4.369065446777035,0,-1.0491139273649612,4,4.993603051413434,23.596513433629788,0,0.035074962363540865,122.65312315137999,120.25097010913215,1,0,0,0,8,8,1,0,232,0,,2,,-0.4401113322352545,-1.0383141524432244,0,2.563478611497275,5.322817739893287,,,,,,0.9959436394972607,24.092930368551023,65.47619047619048,39.27879019050801,3,17.298348395758094,14.754256666235783,17.636674085572448,31.33555408335784,,,,2084642
2025-09-17,120.64749992,122.24560757,120.64749992,120.90743309,121.6890399754881,122.54762470761644,123.5072746487305,124.48306151958708,125.82816043519557,122.91530010009615,0,0,0,0,127.08588078928516,125.00039736418637,85.91698064625308,96.45248487832436,4,13,119.91327855332612,119.64686123681373,120.17969586983851,118.58119197076418,123.310424665,123.310424665,123.04400734848761,123.57684198151239,124.64251124756194,119.91327855332612,0,0,5,-3.9106725618307534,0,-0.7713980443279798,4,4.816949646547721,24.880371856234422,0,2.550244222969575,123.310424665,119.91327855332612,1,1,0,0,8,8,1,0,232,0,,3,,-0.1656054662229155,-0.7648998899738383,0,2.8667941101069747,5.4406495035849645,,,,,,1.1005641136387971,24.119867938880542,65.47619047619048,44.54803630043453,3,16.686403050643197,15.143290624240782,19.50104137251523,29.374197412009217,,,,2304515
2025-09-18,120.06987065,121.70648692,119.7425474,120.83041586,121.40283193699207,121.90542615705928,123.25233571647045,124.33982051332876,125.77843163345233,122.83130616302391,0,0,0,0,127.04952295330104,124.90923633889159,80.79294109770711,95.1191317515302,4,14,119.68522259144433,119.42029990896854,119.95014527392011,118.36060917906538,123.310424665,126.20245050514995,125.59829842584996,126.80660258444995,127.86629331435311,119.68522259144433,0,8,2,-3.933914351764218,0,-0.7079423960880468,4,4.795711810120253,32.78714358759799,0,3.916973332851572,123.310424665,125.82797288847836,1,1,0,0,8,8,1,0,232,0,,4,,-0.41553874004781466,-0.7047884017412303,0,1.9528159473238276,3.4388970601719073,,,,,,0.8671974248853503,23.784671227208438,63.492063492063494,43.17047061332075,3,16.612833027172773,15.861577915253546,18.21027171842482,30.479846983305453,,,,1822064
2025-09-19,121.41767228,121.83163992,119.60776724,119.97359911,120.92642099466138,121.22681159948486,122.94007508728279,124.16859614457077,125.72067210585578,122.73767180683467,0,0,0,0,126.89652710537838,124.53045243158323,98.43996354902247,98.66912593555102,4,15,119.35130692309315,119.0854512832942,119.61716256289209,118.0220287240984,122.65312315137999,119.97359911,123.5123256824306,124.04403696202849,124.66425714683861,119.35130692309315,2,0,5.5,-4.571303111565296,0,-0.8924500784261976,4,4.817482208491225,48.87140919154915,0,0.13266628733529606,122.65312315137999,119.35130692309315,1,0,0,0,8,8,1,0,232,0,,5,,-0.9786983248320271,-0.8919869921647918,0,5.966316890982451,5.561248230233006,,,,,,2.920967623748459,23.073130348928597,61.111111111111114,38.2597531395275,3,16.68824789933185,16.58170473561306,16.850198010464922,28.65604291222398,,,,6928114
2025-09-22,119.79068318,120.46458399,119.18417244,119.44410561,120.43231586644092,120.51881538750823,122.60712561325586,123.98332200596015,125.65821870788707,122.6322559653251,0,0,0,0,126.8346244016243,124.3836039927879,84.31052028019279,97.45228110994623,4,16,119.1120273336583,,,117.8205363475382,121.62500606553999,119.44410561,121.36670786831597,121.88330426276401,122.9164970516601,119.1120273336583,2,0,3.5,-4.9452500296321995,0.008319842943361466,-0.959723899169626,4,4.768219828461226,23.33662916673201,0,0.09563388285017992,121.62500606553999,119.1120273336583,1,0,0,0,8,8,1,0,232,0,,6,,-1.0665587435468917,-0.9587716763788926,0,2.206936004474345,5.016209464092653,,,,,,1.111810573476517,21.902821801443025,59.12698412698413,32.60294741021259,3,16.517598009104397,17.422682281670713,16.104410348863965,28.85196650733088,,,,2683819
2025-09-23,119.49224139,119.79068318,118.0096596,119.20342675,120.02268616096062,119.81718015401171,122.2829638167553,123.79587513317739,125.59399192223646,122.51544517292771,0,0,1,0,126.77714417381215,124.25046742905326,89.70715415777528,85.63936642925694,4,17,118.42293253759112,118.16718221534738,118.67868285983486,117.14418092637244,121.62500606553999,121.62500606553999,121.36925574329625,121.88075638778373,122.90375767675867,118.95629057031242,0,10.5,5,-5.088272993339738,0.04200245899159771,-0.930721242896012,4,4.395931855690306,72.31507202383028,0,2.504062164893162,118.95629057031242,118.95629057031242,1,1,0,0,8,8,1,0,236,0,,0,,-1.3360196719327817,-0.928912643148996,0,4.395342617574919,1.2026237334933838,,,,,,1.0007028718621562,20.421859395220384,55.15873015873016,34.10769782430659,3,15.227954641332294,18.657176047806743,15.103073299786729,31.158389076779546,,,,2452169
2025-09-24,118.5584074,119.90139545,118.42362724,119.30932545,119.78489925730707,119.23054870351602,121.9997601627786,123.61993200834691,125.53145792748784,122.3904554472385,0,0,0,0,126.74380555484349,124.17600170713872,93.45173326709622,80.98623103552444,4,18,118.31225487699201,118.0615780758907,118.56293167809334,117.05887087148538,121.62500606553999,121.62500606553999,121.37432926443867,121.87568286664131,122.87839007104662,118.95629057031242,0,8.5,3.5,-4.956632050813903,0,-0.7974850213899743,4,4.3739390951307975,76.21597457568677,0,2.6430456859140516,118.95629057031242,118.95629057031242,1,1,0,0,8,8,1,0,236,0,,0,,-0.7518754368143369,-0.7947417107481582,0,5.167729617498351,1.3813719591879408,,,,,,0.6172465117620237,18.660271578599282,51.98412698412698,23.15572513400133,3,15.151769483956762,19.717690295854908,14.702457327834933,29.5183690586091,,,,1459895
2025-09-25,119.68478448,119.85807326,116.5078235,117.18172431,118.91717427487139,118.56063437150651,121.54089960537111,123.3674532750784,125.44837600094567,122.24677825338723,0,0,0,0,126.62754850630003,117.18172431,37.399326180417205,68.79469202659035,4,19,116.16882043,115.9061361704059,116.43150468959409,114.85539913202955,118.95629057031242,123.42180785549634,123.15912359590224,123.68449211509044,124.73522915346679,118.95629057031242,0,0,6.5,-6.589684103111345,0.05770115653808852,-1.3759107979641612,4,4.624906806287048,10.679235234590408,0,3.39991234502152,118.95629057031242,118.95629057031242,1,1,0,0,10,8,1,0,252,0,,0,,-1.4616092523047082,-1.3633851898889398,0,-0.24683113899656028,5.184744585626352,,,,,,1.6126282432625052,16.801535229784143,44.04761904761905,4.870987611342558,2,16.021147137520554,21.379278568653167,13.028227636302576,32.66875852539666,,,,4024827
2025-09-26,117.27799586,118.32735569,116.95548618,117.67270919,118.50235257991426,117.96427712779655,121.1725005181929,123.14412997762435,125.37100618193129,122.0915463232045,0,0,0,0,126.56595691923211,117.35990658567452,66.80664440405084,82.85427973975399,4,20,116.16882043,115.91265049689477,116.42499036310522,114.88797076447386,118.94351861627946,119.97359911,119.71742917689477,120.22976904310522,121.25444877552613,116.79274839785906,0,2.5,2,-6.140412545433315,0.00922019488034928,-1.0742356809294333,4,4.58285873855334,38.90581109366802,0,2.4833911408598777,118.94351861627946,118.94351861627946,1,1,0,0,8,8,1,0,252,0,,1,,-1.0737615590427942,-1.064999299263257,0,1.4565518840009783,2.216892051275874,,,,,,0.9088581749403795,14.63056352082663,31.746031746031747,-7.841804984244334,1,15.875488358170797,22.922181964822983,12.405279394243555,31.106692965769852,,,,2292669
2025-09-29,118.01928675,118.23589773,116.83996033,118.08667683,118.3637939966095,117.52982814099137,120.87861254788882,122.94579848163907,125.29852529285735,121.92971171789992,0,0,0,0,126.49404237931677,117.5859136269119,75.58129479709072,82.1661356022598,4,21,117.5859136269119,,,116.3342345892805,118.94351861627946,119.97359911,119.72326330247371,120.22393491752628,121.2252781476314,116.34592703573104,0,4,0,-5.755732915452325,0,-0.8270373867442549,4,4.586046293859623,56.841700229720196,0,2.8982446499493397,118.94351861627946,118.94351861627946,0,1,0,0,8,8,1,0,252,0,,2,,-0.49364786579541825,-0.8190648705367524,0,2.686605771261485,1.4035173412387536,,,,,,1.1069072609439108,12.01133398097554,23.80952380952381,-24.39296876998559,0,15.886530373655633,24.395066495552562,11.787644967118814,29.969990850370543,,,,2851245
2025-09-30,117.94226952,120.0602435,117.62457342,119.70403878,118.81054225773967,117.41448324040694,120.76674837951846,122.81867065020225,125.2428587603911,121.77397755373124,0,0,0,0,126.4530016914897,117.97208566715516,86.03085728023945,79.65554547774174,4,22,119.60776724,119.35356550729702,119.86196897270298,118.33675857648512,122.65312315137999,119.97359911,,,121.24460777351487,117.03011722,0,7.5,0,-4.422463711873355,0,-0.22684128911208418,4,4.8458202298277815,71.29910736467548,0,2.396015069604866,122.65312315137999,118.94351861627946,1,1,1,0,14,8,1,0,252,0,,0,,-0.06497804700867478,-0.22333146458168587,0,4.514664469619075,1.442019098526651,,,,,,0.7933915922098561,12.66115087150289,26.58730158730159,-24.575009830972917,0,16.78641368481362,24.289429234798185,17.187032226169492,27.406046808624282,,,,2044346
2025-10-01,120.1661422,120.64749992,118.4525087,118.63542464,118.7521697184931,117.43557944859958,120.563765166231,122.65462178705707,125.17711314725288,121.61919675209484,0,0,0,0,126.40883874782384,118.06913058456375,86.03298854792133,78.52305436776203,4,23,118.33454620294269,118.0789036009685,118.59018880491688,117.05633319307174,121.62500606553999,119.97359911,,,121.25181211987095,116.5078235,0,0,3.5,-5.2259461356626185,0,-0.5257250677973028,4,4.879380796099479,57.99913786072896,0,2.5742656640065835,118.94351861627946,118.94351861627946,1,1,0,0,8,8,1,0,252,0,,0,,-0.39977691772463975,-0.5193792789539688,0,2.864279950917833,1.4606633031156462,,,,,,0.7551400288420516,13.134291148353011,28.571428571428573,-22.294581556553613,0,16.902670896640345,23.774739529834843,17.920487036417672,25.30503772213545,,,,1921569
2025-10-02,118.63542464,118.64505179,117.52830187,118.04816821,118.51750254899541,117.46764840059916,120.32418450373281,122.4739765487411,125.10617837175784,121.46231888197951,0,0,0,0,126.36735311866165,118.06673307603391,52.04511563235317,87.08963271959975,4,24,116.16882043,115.92146703245254,116.41617382754745,114.93205344226268,118.94351861627946,119.97359911,119.72624571245254,120.22095250754745,121.2103660977373,116.5078235,0,2.5,4,-5.641615988608241,0,-0.6444337710879795,4,4.762120076197131,10.527898693816496,0,2.8022866428062536,118.94351861627946,118.94351861627946,1,1,0,0,8,8,1,0,244,0,,0,,-0.5050118628533499,-0.6376892514649971,0,-1.5766320783143386,3.9426848492273114,,,,,,0.6712456768183876,13.583843554312502,31.349206349206348,-17.6560480707686,1,16.496467847434406,23.737653726216266,17.198100179383346,27.621030201503807,,,,1696239
2025-10-03,117.76416716,118.77983195,117.22023293,118.0096596,118.34822156599694,117.49442697685325,120.10375356052016,122.2989052958493,125.03556624467566,121.30381354770326,0,0,0,0,126.32120198576659,118.06025726284035,47.036493261179515,85.19476918314055,4,25,117.67270919,117.42909890102736,117.91631947897265,116.45465774513679,118.93422648676425,122.14218454461458,121.62500606553999,122.2989052958493,123.27334645173987,118.93422648676425,0,4,2,-5.619126505915143,0,-0.5791776810951607,4,4.40186295957258,29.616444358553437,0,2.835984873291013,118.93422648676425,118.93422648676425,0,1,0,0,10,8,1,0,244,0,,1,,-0.333220426471429,-0.5755732461735429,0,0.01116083780666921,1.9627107295642474,,,,,,0.75546604079745,14.010635476705557,32.53968253968254,-8.117946443531258,1,15.248500587870428,23.845876290721748,16.215040738320777,27.171291191043572,,,,1898153
2025-10-06,117.45128464,117.62938699,115.95907569,116.04572008,117.58072107066462,117.29954942859437,119.71727418142301,122.05368234620815,124.946115039057,121.1326639145111,0,0,0,0,126.25752043806206,117.83144003988276,59.62506034277919,74.82942068656243,4,26,115.95907569,,,114.7364839952163,118.93422648676425,117.67270919,117.42819085104327,117.91722752895674,118.89530088478371,115.0619236417996,0,0,1.5,-7.123386714564778,0,-1.1269952294007726,4,4.606911497275226,45.25732313958307,0,2.1354517287656734,118.93422648676425,115.0619236417996,1,1,0,0,8,8,1,0,244,0,,2,,-0.6383729421867127,-1.1181300430392624,0,1.7134440909179478,1.7644825323607538,,,,,,0.86649156396987,14.915491620925438,36.111111111111114,-6.537567440462095,1,15.958809558507797,24.49588886078336,15.000908111446904,29.741895614902294,,,,2143614
2025-10-07,116.04572008,118.20075861,115.16964903,117.76898073,117.64347429044308,117.17960591910996,119.53172242414463,121.88565483184705,124.8747007673251,120.96131917914735,0,0,0,0,126.2025488880254,117.8247747877408,72.53846999657782,67.99991584777263,4,27,117.67270919,117.41859296829017,117.92682541170984,116.40212808145084,120.64749992,120.46458399,,,121.73516509854916,118.93422648676425,0,4,0,-5.690279931533092,0,-0.4582672181973836,4,4.8009509356538285,69.7177343201152,0,2.341283614232868,118.93422648676425,118.93422648676425,1,0,1,0,14,8,1,0,212,0,,3,,-0.218317801366397,-0.45764731998147257,0,2.800655475625259,-0.028458577491873083,,,,,,0.9126484486725114,16.673217774059314,45.63492063492063,0.25395905029615984,2,16.63098189039554,25.41021932927718,13.403305448319978,29.348084009644246,,,,2254560
2025-10-08,117.62457342,117.62457342,115.08300464,115.16964903,116.81886587029538,116.85755843132988,119.11628686279752,121.62228205530403,124.77813308834673,120.7747112953482,0,0,0,0,126.14571224272773,117.61602792303931,44.928940509754746,67.62637302908217,4,28,115.08300464,,,113.78326967804364,118.93422648676425,117.67270919,117.41276219760873,117.93265618239128,118.97244415195637,114.89026082908123,0,0,1.5,-7.700455056130413,0,-1.2219734163228158,4,4.778180643699688,9.732844303484832,0,2.140781345706541,118.93422648676425,114.89026082908123,1,1,0,0,10,8,1,0,212,0,,4,,-0.7916820017472986,-1.209352810375261,0,-1.6442092818802043,4.128983375440749,,,,,,0.7368697923372635,17.668368376660133,49.6031746031746,6.743947111507855,2,16.552103285260042,26.293326030974796,12.166756713148096,26.938121079325356,,,,1802763
2025-10-09,115.16002187,115.80504122,114.90971585,115.09263179,116.24345451019693,116.42638443855972,118.73308161776919,121.3662173390176,124.6817599410995,120.57460353571761,0,0,0,0,126.08753886019811,117.4274937546843,31.964547823850125,81.02786663941885,4,29,114.8481215038863,,,113.60125487090897,118.93422648676425,117.67270919,117.42333586340455,117.92208251659547,118.91957582297734,114.80505021643849,0,0,2,-7.690882897088932,0,-1.1118337229806827,4,4.533846721606522,11.804672072988971,0,2.299892304210579,118.93422648676425,114.80505021643849,1,1,0,0,10,8,1,0,212,0,,5,,-0.35900682631378855,-1.0994076284115326,0,-1.4933334601322592,3.71603929833844,,,,,,0.755163253951459,17.268272742662,48.41269841269841,9.949040280778108,2,15.705705751104162,27.185035033702054,11.776735980813863,26.695029429378813,,,,1851538
2025-10-10,115.71839683,116.21958649,114.91934301,115.1118861,115.86626504013128,115.9542604483415,118.38820585417213,121.12094944729141,124.58653731581492,120.36327471786502,0,0,0,0,126.02996239714955,117.26621591406403,22.96064510373366,93.41157309853781,4,30,114.73780219331162,114.49463193040155,114.98097245622169,113.52195087876125,118.896193249085,115.1118861,117.68873155016686,118.175072075987,119.00261030656122,114.65031501985251,2,0,3.5,-7.6048756309821695,0,-0.9819653673733708,4,4.4802927575476765,6.198549098773249,0,0.11863371846534682,118.896193249085,114.65031501985251,1,0,0,0,10,8,1,0,212,0,,6,,-0.45771256386096537,-0.970938779671874,0,-1.9851832651187165,5.251287675919087,,,,,,0.7503383946284607,16.686483007860904,44.84126984126984,7.514686849278863,2,15.520189377710889,27.61763146367463,12.736597782421004,25.42056827799935,,,,1855199
2025-10-13,115.05412317,115.05412317,113.77371163,114.82307146,115.51853384675418,115.43341388718181,118.04866924520336,120.87397383994664,124.48938840182672,120.14095682035371,0,0,0,0,125.9679255051724,117.09808241964036,35.44170920097748,84.6303200068744,4,31,113.77371163,113.53596268524421,114.01146057475577,112.58496690622107,118.896193249085,117.9254219975,117.68767305274422,118.16317094225577,119.11416672127892,114.22199705401763,0,9.5,0,-7.764771813823837,0,-0.9610404595173715,4,4.131605990026994,37.492599077854884,0,3.1154081018416373,118.896193249085,114.22199705401763,1,1,0,0,10,8,1,0,212,0,,7,,-0.6043809344170457,-0.9500272199274274,0,0.3291507731815386,1.3458965168056685,,,,,,0.814460947073524,15.231219198391221,38.492063492063494,6.420463682935957,2,14.312302983165331,28.52536570337449,12.09652471513711,28.445442095759493,,,,1968573
2025-10-14,115.13595398,116.11311016,114.64978268,115.68951537,115.57552768783611,115.05106665458399,117.82398792375541,120.67066174308599,124.4018274761369,119.91383445370073,0,0,0,0,125.918778524264,117.01869074083633,41.017838536389974,80.75416698706763,4,32,113.77371163,113.5398793287982,114.0075439312018,112.60455012399099,118.896193249085,117.9254219975,117.6915896962982,118.1592542987018,119.094583503509,114.00739240849715,0,0.5,0,-7.003363441592629,0,-0.5754114631189441,4,4.2496528475567485,36.34512001598557,0,3.3511448750799593,118.896193249085,114.00739240849715,1,1,0,0,10,8,1,0,212,0,,8,,-0.7496109448973319,-0.5675914752685048,0,0.25806318287077046,1.4219146536685496,,,,,,0.7124419982075898,15.139825371663699,36.507936507936506,2.8434858960234073,2,14.721229292996089,28.4105618838245,15.464228281758473,26.856047654073745,,,,1708595
2025-10-15,115.71839683,116.69555301,115.17927618,115.44883651,115.53329729522407,114.78815115021817,117.59778302720727,120.46588428296496,124.31274298891167,119.68130477843849,0,0,0,0,125.84012081522754,116.89009121603033,48.54543665754523,84.24273241334993,4,33,113.77371163,113.54304345004475,114.00437980995524,112.62037073022378,118.896193249085,117.9254219975,117.69475381754475,118.15609017745524,119.07876289727622,113.87365479325817,0,0,0,-7.130328127103022,0,-0.5794427799425329,4,4.1965340378386955,32.247624829260964,0,3.513069904161002,118.896193249085,113.87365479325817,1,1,0,0,10,8,1,0,212,0,,9,,-0.57503909350422,-0.5685237922391112,0,0.765502213382474,2.4429696398274676,,,,,,1.1185130304420057,15.048802554103801,35.714285714285715,3.519119912441911,2,14.537220338457585,27.818385264490885,16.811100921236044,25.279834723635368,,,,2704832
2025-10-16,115.99758431,116.8255196,114.92415659,115.23703911,115.43454456681604,114.61842941865241,117.37295027318753,120.26083153108398,124.22243747767871,119.44348610922057,0,0,0,0,125.77172423954721,116.78080221031699,46.77496740280156,80.75613957102667,4,34,113.77371163,113.54254329316656,114.00487996683343,112.6178699458328,118.896193249085,117.9254219975,117.69425366066656,118.15659033433343,119.0812636816672,113.78420824800892,0,0,1.5,-7.233313522199467,0,-0.5725872473655572,4,4.193223195704157,35.482166313908216,0,3.582855512322931,118.896193249085,113.78420824800892,1,1,0,0,10,8,1,0,212,0,,10,,-0.49257927991165956,-0.5597092994074319,0,0.17268139499027457,1.451459115530299,,,,,,0.9564289604697751,15.05460077631317,35.714285714285715,3.640772325823849,2,14.525751244871863,27.409114070454642,15.576533464013691,24.40870919484083,,,,2337524
2025-10-17,115.63175244,116.96029976,115.41032789,116.91216399,115.92708437454402,114.71278636915324,117.32906586526491,120.1295112353552,124.14969843800031,119.21316303333037,0,0,0,0,125.72124001026717,116.78808996783926,63.52678085554693,81.587469768338,4,35,116.78808996783926,,,115.63787712495186,118.87645166441749,118.20075861,117.97071604142252,118.43080117857747,119.35097145288739,113.85469688436561,0,3.5,0,-5.82968347008487,0,0.03450042207481382,4,4.479605124149339,50.08501910492437,0,3.7784847843677287,118.87645166441749,113.85469688436561,1,1,0,0,8,8,1,0,212,0,,11,,-0.11793634829242078,0.04738268629851435,0,2.311731179650719,1.879977886064023,,,,,,0.943347720489211,15.278468587728472,39.285714285714285,-1.5423490747372692,1,15.517807345745084,26.90849943389017,15.057824685126992,22.77614768316428,,,,2076726
2025-10-20,116.98918122,117.34538594,116.12273732,116.19975455,116.01797443302935,114.91086152993634,117.22151240666825,119.97540313004716,124.07059451871673,118.98717751492997,0,0,0,0,125.68097573237505,116.76473029446569,66.29531713347356,79.21993159469761,4,36,115.01080097500001,114.78627351292806,115.23532843707196,113.88816366464027,118.87645166441749,118.20075861,117.97623114792805,118.42528607207194,119.32339592035973,113.84945213358493,0,0,0,-6.343839972113116,0,-0.1743438791297783,4,4.495148768109771,47.43822200573404,0,3.8759681655518277,118.87645166441749,113.84945213358493,1,1,0,0,8,8,1,0,212,0,,12,,0.15694320609116233,-0.16190899274157705,0,1.510808260915102,1.419993634522036,,,,,,0.7216678472857139,16.86622210402389,46.82539682539682,8.31363292193066,2,15.571652107893543,26.09269682468622,15.857050393383865,21.668773378163504,,,,1547716
2025-10-21,116.2960261,116.51745065,115.47771797,115.57398951,115.86997945868623,115.09191246356102,117.06460546412842,119.80279867435902,123.98605118529666,118.76297404336685,0,0,0,0,125.62942605106366,116.71004732925043,68.88036645118974,78.22991094288463,4,37,115.01080097500001,114.79302786129034,115.22857408870968,113.92193540645168,118.87645166441749,119.87006207679616,119.80279867435902,120.37095915536,121.24205161019866,113.7895253315974,0,0,1.5,-6.784683917971436,0,-0.335584695673417,4,4.51286855416104,48.489313642397065,0,4.431911903962695,118.87645166441749,118.87645166441749,1,1,0,0,8,8,1,0,212,0,,13,,-0.3498397843700623,-0.3247962645714863,0,1.664129071664429,1.4492088102625862,,,,,,0.8867832830200754,18.829339118780645,52.38095238095238,20.44583038948874,3,15.63303524737364,25.749057883459415,15.181089116630288,23.389609379229352,,,,1876295
2025-10-22,115.64137959,117.44165748,115.08300464,115.72802399,115.82266096912416,115.27715600263723,116.93731199040191,119.64300358869788,123.90388176046784,118.54300842977453,0,0,0,0,125.57790820863852,116.66588076881594,70.7451399473639,84.70729802901162,4,38,115.01080097500001,114.78752368334104,115.23407826665898,113.89441451670514,118.87645166441749,119.52937805537796,119.30610076371899,119.75265534703694,120.64576451367283,113.81388634329636,0,2,0,-6.5985485315734405,0,-0.23158690398338128,4,4.515599379373792,36.215021411140064,0,5.119635471762395,118.87645166441749,118.87645166441749,1,1,0,0,8,8,1,0,212,0,,14,,0.24826260283925194,-0.23077868114925496,0,1.7398937571994413,2.935195226555229,,,,,,0.89950123727638,20.291706825337762,54.76190476190476,29.721676057436035,3,15.642495103403792,24.601133518303016,17.4450006515764,21.183513342975417,,,,1924081
2025-10-23,115.86280415,115.88205846,113.10462439,114.33208659,115.32580284274944,115.27436371127014,116.68919528560173,119.43473233384698,123.80864001747811,118.31918939509775,0,0,0,0,125.49674638467222,114.33208659,79.726699540052,88.73202454661228,4,39,113.10462439,,,112.17611466133809,118.87645166441749,114.33208659,114.87975866783454,115.34401353216548,117.7390779173238,113.77371163,2,5,3,-7.654193944897787,0,-0.6364720486506523,4,4.3251436651514386,46.14085192125034,0,0.16389092497004235,118.87645166441749,113.77371163,1,0,0,0,8,8,1,0,212,0,,15,,-0.04855082461295987,-0.6441451614038206,0,3.1883752484120595,3.2198808437543165,,,,,,1.297274780687928,20.939731965081137,55.55555555555556,39.7590556841643,3,14.982737156153924,24.701020276844265,15.581325311512677,26.530107576882138,,,,2688244
2025-10-24,114.51500252,115.44883651,113.78333878,114.49574821,115.04911796516629,115.17304395332124,116.48029556411585,119.24104668193141,123.71597442735396,118.09456477668307,0,0,0,0,125.42562584478246,114.4096834830079,81.91990622528652,93.87254418729914,4,40,114.4096834830079,,,113.25759639929319,118.8328625753188,114.49574821,116.70581445825707,117.16664929174294,118.08831895871471,113.77371163,2,3,1.5,-7.452737013172113,0,-0.5008026743042345,4,4.2976399372202,21.010894778018294,0,0.2009804762392855,118.8328625753188,113.77371163,1,0,0,0,8,8,1,0,212,0,,16,,-0.018739466325430675,-0.5165796304052513,0,2.662224556895267,5.964535612807933,,,,,,1.165949362272,21.41147070778161,56.74603174603175,43.82217400091734,3,14.887461447805011,24.793772266918282,14.575748814753446,24.81792635336998,,,,2423750
2025-10-27,114.41873098,116.32490756,114.04327195,116.12273732,115.4069910834442,115.194693798342,116.44624239800957,119.11876004028704,123.64041982927083,117.87963602450691,0,0,0,0,125.32925397843978,115.15364901329596,99.44807797823923,82.34145814694706,4,41,115.15364901329596,114.91931823694537,115.38797978964655,113.98199513154302,117.44165748,116.936231875,,,118.10788575675295,113.30828798049059,0,6.5,0,-6.080279021740331,0,0.08751110293919298,4,4.547119102685217,65.42995828396869,0,1.9528023611212606,117.44165748,113.30828798049059,1,1,0,0,8,8,1,0,148,0,,17,,0.4042587946252499,0.07170208623399636,0,7.025312248279718,1.872873468064319,,,,,,1.8403618429752828,21.723126018298295,57.53968253968254,37.90987624338151,3,15.751682627835596,24.115600493765978,16.646636992731004,22.66035869348531,,,,3924459
2025-10-28,115.65100675,117.44165748,115.12151325,116.16124594,115.6584093689628,115.3014201828693,116.41909987819913,119.00277909517774,123.56600018858157,117.67398890014579,0,0,0,0,125.25014746505275,115.42301485550122,96.81376743509712,89.25063399429061,4,42,115.42301485550122,115.18470641826497,115.66132329273748,114.23147266931993,117.44165748,116.96318790726669,,,118.39489122894504,113.61476861374979,0,5.5,4.5,-5.99254992253591,0,0.10558048628119902,6,4.2904768741849955,56.04769545781017,0,1.694142807455449,117.44165748,113.61476861374979,1,1,0,0,8,8,1,0,148,0,,18,,0.21249948533542662,0.09000610500763713,0,4.651933340034216,2.642135663454102,,,,,,1.5020947275514824,21.883074325394325,58.73015873015873,47.2353682696746,3,14.862647869575426,22.626000110598124,19.38365091707234,20.690548765265184,,,,3297222
2025-10-29,115.28517488,115.64137959,111.92529797,112.36814707,114.56165526930853,115.06802211653985,116.03329484884684,118.74259744713156,123.45457876451609,117.45380076977894,0,0,0,0,125.10465236380217,112.36814707,95.58668941941701,85.74633453681705,4,43,111.92529797,111.66619059997704,112.18440534002296,110.62976111988522,117.44165748,112.36814707,,,116.51386499036731,100.73276817300001,2,0,2.5,-8.980170525439107,0,-1.127959652035668,6,5.297535704661404,42.08759964830319,0,4.257971905246266,117.44165748,100.73276817300001,1,1,0,0,8,3,1,0,148,0,,19,,-0.5901905587494448,-1.1465662124502591,0,4.540544629305035,4.938435979680605,,,,,,1.8837923094390605,21.5488314108091,56.34920634920635,17.42463203037241,2,18.35120199076749,22.925095439931013,16.554289622546666,28.6842509216833,,,,4365249
2025-10-30,116.19975455,118.50064447,115.0059874,115.72802399,114.95044484287236,114.94772519523553,116.00422143371857,118.62437888018522,123.3776976224811,117.24061886519823,0,0,0,0,124.99294153872829,114.10297246968611,89.96265036476906,90.89135770792626,4,44,113.65525360997533,113.35989946816831,113.95060775178236,112.17848290094018,117.97293731327707,115.72802399,116.64087773319298,117.23158601680703,120.45369025891249,113.22895378072286,2,0,4.5,-6.200207800836139,0,0.09257636672924735,6,6.185407024974942,48.5390115400746,0,0.5288291781662868,117.97293731327707,113.22895378072286,1,0,0,0,8,8,1,0,148,0,,20,,0.20651629814936737,0.07640771984546271,0,3.0241086525182794,2.887255008902402,,,,,,1.8901641901892625,21.40506160919377,55.15873015873016,-0.10182004038276055,1,21.426878465500106,21.481903881569256,22.128933626987987,23.36660033056507,,,,4660126
2025-10-31,114.70754561,115.61249813,113.74627424,115.24666626,115.04918531524824,114.84433414038226,115.93207332193585,118.49191956174658,123.2967918377798,117.03118992667497,0,0,0,0,124.88460785730636,114.47761573636663,97.96720067992382,87.24064422383421,4,45,114.49091288369777,114.1989612721091,114.78286449528645,113.03115482575441,117.56392074591032,118.74544400015594,118.1615407769786,119.16425137220006,120.33205781855474,113.3616710140896,0,4,0,-6.529063293367159,0,-0.06111174539103454,6,6.19295850690971,70.10736573366057,0,2.105148757693504,117.56392074591032,113.3616710140896,1,1,0,0,8,8,0,0,1172,0,,0,,-0.2872561041749092,-0.0777632083084058,0,5.266958556218105,2.3832073825679885,,,,,,1.697318400878818,21.419918750078185,55.55555555555556,-0.15437821374494762,1,21.45303756626702,20.716359779382135,20.787774224492686,25.802931217821545,,,,4396715
2025-11-03,100.78668023,102.4425508,98.38951877,98.45690885,109.51842649349882,113.00152423437575,114.26777194365624,117.70623286716828,123.04962882297602,116.72363307306942,0,0,0,0,122.63790537915015,98.45690885,79.66222827957506,0.10958820884575271,4,46,98.38951877,97.96791059950694,98.81112694049305,96.28147791753473,109.58164963962,109.58164963962,,,111.68969049208526,106.89614896585559,0,0,3.5,-19.98601719340093,0.25,-5.660224865751531,4,16.787679065964863,41.90238061236322,0,5.309257103120784,109.58164963962,106.89614896585559,1,1,1,0,14,4,0,0,1172,0,,1,,-3.841382964102027,-5.3456347180670205,0,2.260420955629198,2.6578774424627385,,,,,,8.505746916279017,42.03556194297492,98.41269841269842,-27.71709862944386,0,58.15422616682314,23.323241089543508,13.366729710212109,49.11316092749537,,,,36751482
2025-11-04,98.36545088,98.91901227,95.88645861,96.88768267,105.30817855233255,109.94391496611948,112.61252534616517,116.88981913394599,122.7893109508071,116.31820084604668,0,0,1,0,121.72088391990833,96.88768267,1.4415473017080813,0.15775783989026881,4,47,95.88645861,95.4678889368636,96.30502828313641,93.79361024431797,107.62894922968,109.45200181,,,111.54485017568203,102.80008282529452,0,19,2,-21.094367319305203,0.25,-5.384045629575801,4,16.62648422983911,5.791871227100501,0,5.6107699020293245,107.62894922968,102.80008282529452,1,1,0,0,20,4,0,0,1172,0,,2,,-3.9591279377068194,-5.102199858289357,0,-5.193243665057654,2.136180214431158,,,,,,3.1887723626035003,59.43591171185594,100,3.194816029675208,2,57.59583087464806,25.999777993806493,12.50206471222544,51.275450714188786,,,,15963769
2025-11-05,96.81066544,97.6481316,95.52062673,96.31968056,102.31201255488837,106.1918336142974,111.06082584272087,116.08314703300694,122.52593154393341,115.82280948264254,0,0,1,0,121.03616095806643,96.31968056,0.4216724924376155,0.3907492954682381,4,48,95.52062673,95.11295931146263,95.92829414853738,93.48228963731313,107.62894922968,106.2641671,,,108.30250419268687,99.53736070939519,0,18.5,4,-21.388330334413162,0.25,-4.834828279408798,4,16.57708239298875,2.46352105231432,0,5.940294440562419,107.62894922968,99.53736070939519,1,1,0,0,20,15,0,0,1172,0,,3,,-3.9657174577816408,-4.616360487653785,0,-6.845961194845522,3.1194473415830575,,,,,,2.242790852219697,72.82328980685135,100,26.815277189677328,3,57.42469789182396,28.52155400462803,11.919521321311363,49.687461955965944,,,,12418387
2025-11-06,96.38707064,97.95629682,95.88645861,97.01283568,100.54562026325891,102.47101092464933,109.72292201769984,115.3352916858302,122.27206989354602,115.25311848554261,0,0,1,0,120.57545851362795,96.61108373233013,1.6067430472037452,1.069641285428278,4,49,96.61108373233013,95.81702570129643,96.61108373233013,94.22890963922903,107.62894922968,106.2641671,,,108.24931217758424,97.04336360481011,0,10.5,2,-20.658220831247498,0.25,-4.003911015169615,4,16.63652130552203,8.789567404615994,0,4.625130266195988,107.62894922968,97.04336360481011,1,1,0,0,20,15,0,0,1044,0,,4,,-3.4773752275905685,-3.883005335359676,0,-5.046350795719821,1.1361177763238073,,,,,,1.528026821789092,82.30511524795968,100,42.81495383388873,3,57.63060032473252,30.72885265949612,12.057713841884658,47.374636046547195,,,,9007442
2025-11-07,97.02246283,100.68078154,96.75290251,99.97799926,100.35641326217261,99.626165521687,108.79483413601415,114.73304492403294,122.05023834495351,114.63754849801514,0,0,0,0,120.13687861719681,97.6983345723273,4.035026458284582,5.86469980909504,4,50,95.52552089874874,95.12178075014381,95.92926104735366,93.50682015572409,107.62894922968,106.2641671,105.86042695139507,106.66790724860492,108.28286784302465,95.52750635021549,0,0,0,-18.08455221739937,0.22977272637142376,-2.650156893373478,4,17.064369550959672,19.705105616438903,0,5.318599493700879,107.62894922968,95.52750635021549,1,1,0,0,10,15,0,0,1044,0,,5,,-2.83818181097139,-2.617595625661471,0,-3.7852938760720756,-0.23618783470280447,,,,,,1.6186798176349015,90.13831272489952,100,52.48550191264667,3,59.112710122786915,31.64057561680539,17.03543880549937,43.259501594083176,,,,10218718
2025-11-10,99.93949064,99.99725357,97.82151666,99.24633552,99.98638734811507,97.49014166391645,107.88545331544137,114.12572298661988,121.82333383923259,113.98040958462344,0,0,0,0,119.83533352061363,97.97967903577548,6.200034187056636,7.621160125793436,4,51,97.97967903577548,97.58535124680304,98.37400682474791,96.0080400909133,107.62894922968,106.2641671,105.86983931102756,106.65849488897243,108.23580604486217,95.52062673,0,8.5,2,-18.532573036481605,0.25,-2.5738300714267837,4,17.057707165208786,20.70187526895594,0,5.449040453373164,107.62894922968,95.52062673,1,1,0,0,10,15,0,0,1044,0,,6,,-3.1922479216310733,-2.5434397430954117,0,-3.672558311049425,-0.2916806708247868,,,,,,1.0704767504456496,96.66505487136999,100,63.59055443584379,3,59.0896309415466,32.48717550573542,16.196202433236305,41.12835912113397,,,,7028755
2025-11-11,99.525523,99.90098202,98.77460495,99.18857259,99.72044909541005,95.98967587183117,107.05717896063743,113.53995238283086,121.5981123342651,113.28973964474066,0,0,0,0,119.6454044904624,98.10620831501134,4.289419284618498,10.674052759813241,4,52,98.10620831501134,97.7299898585548,98.48242677146789,96.22511603272861,107.62894922968,106.2641671,105.88794864354345,106.64038555645654,108.14525938228273,95.52062673,0,0,3.5,-18.42918390267668,0.25,-2.3157664801888442,4,17.002976421606697,15.935562697192864,0,5.711330842824217,107.62894922968,95.52062673,1,1,0,0,10,15,0,0,1044,0,,7,,-3.135010788799041,-2.28685511941412,0,-4.512662182702827,-0.20374415264453288,,,,,,0.6741010952958707,101.33619603593829,100,72.04775978414577,3,58.900038084236904,33.2733039740276,15.763251303551776,40.028930436109334,,,,4520941
2025-11-12,99.92023633,101.3643095,99.61216739,100.23793243,99.89294354027336,95.16036527881992,106.40772691010054,113.01830454154337,121.38557323074006,112.58027681106113,0,0,0,0,119.39054180542357,98.38652214524443,15.294599251185508,24.732056929499713,4,53,98.38652214524443,98.01775021326692,98.75529407722193,96.54266248535689,107.62894922968,106.2641671,105.89539516802249,106.6329390319775,108.10802675988754,95.52062673,0,3.5,3,-17.421873323068485,0.1559057127414294,-1.759882902867224,4,17.093042298868962,35.572147256353304,0,5.8266583969060015,107.62894922968,95.52062673,1,1,0,0,10,15,0,0,1044,0,,8,,-2.247245701931435,-1.7452048525483275,0,-0.9339270006575351,0.3394166103974891,,,,,,0.9480278138068073,104.85025699633749,100,77.07592084248951,3,59.21203543512992,33.35937938646731,18.47582750682794,37.92028051434063,,,,6539849
2025-11-13,101.10437633,101.75902284,100.41122121,100.55562853,100.11383853684892,94.88945548488486,105.85038420723382,112.52957214893382,121.17831009938942,111.86252200548236,0,0,0,0,119.19174171826836,98.59585759782614,22.00196565009531,35.98601311450468,4,54,98.59585759782614,98.23984535375774,98.95186984189453,96.81579637748413,107.62894922968,106.2641671,105.9081548559316,106.62017934406839,108.044228320342,95.52062673,0,0,3,-17.01845945241757,0.21387319840558466,-1.4746339295518813,4,17.116381766703775,36.95078293020584,0,6.035489255777292,107.62894922968,95.52062673,1,1,0,0,10,16,0,0,1040,0,,9,,-2.7109855872446773,-1.4666427618568416,0,-0.7727242748819432,0.3211080335045384,,,,,,0.7538417643805637,107.30269981293836,100,80.97061477761129,3,59.29288572335295,33.267154661162955,18.760928304221075,36.47369666394805,,,,5312411
2025-11-14,101.09474918,101.89861658,99.79508332,100.13684731,100.12150812789928,95.11894350941648,105.30623783606869,112.04358293956388,120.96894231044027,111.1419254401749,0,0,0,0,118.97642485566516,98.74165504817593,19.384781080472635,45.62128456365035,4,55,98.74165504817593,98.39229070314813,99.09101939320372,96.99483332303693,107.62894922968,102.4425508,102.09318645497221,102.7919151450278,104.189372525139,95.52062673,0,0,3.5,-17.221027647724053,0.2078532245580877,-1.4336233083482366,4,16.97417220624972,19.76566779276132,0,3.962581853880483,107.62894922968,95.52062673,1,1,0,0,10,16,0,0,1024,0,,10,,-2.6628257964647015,-1.4271888604993637,0,-1.696251322954328,1.860493002679405,,,,,,0.7955241245442778,108.69286035850291,100,84.85099427666563,3,58.800257355296026,33.32343034933302,17.752355846687426,36.08754011218862,,,,5752354
2025-11-17,100.01650788,101.92749804,98.6783334,99.79508332,100.01269985859952,95.78320258161213,104.78136597739548,111.56324962114961,120.75825714635629,110.42253798237213,0,0,0,0,118.63142712254403,98.88172347210846,29.321839786166446,57.11086576170366,4,56,98.88172347210846,,,97.1146227344794,107.62894922968,99.97799926,99.6245791124742,100.33141940752581,101.74509999762907,95.52062673,0,4,3.5,-17.359619393106502,0,-1.3754577207437295,4,16.979022212523383,20.061830428321812,0,2.522421294430842,107.62894922968,95.52062673,1,1,0,1,10,8,0,0,1024,0,,11,,0.4588962415515507,-1.3660158626287051,0,-0.14192328341102378,3.3934477848874067,,,,,,1.2236456765974077,108.44365767048521,99.60317460317461,84.37450097032803,3,58.81705826986205,33.63006617396324,16.295158450614764,35.94658669001219,,,,9323817
2025-11-18,100.45935698,100.70484942,98.19697568,99.40036999,99.80858990239967,96.58700100652295,104.26889016907211,111.08627394933983,120.54574085624328,109.71049697925658,0,0,0,0,118.38690060916026,98.92681062198092,37.815138551834465,56.503389508295314,4,57,98.92681062198092,,,97.17397271650391,107.62894922968,99.97799926,99.6274316789046,100.32856684109541,101.73083716547701,95.52062673,0,7.5,5,-17.54136704959172,0,-1.3379474165011116,4,16.981591720816898,38.95989628119644,0,2.54294622227889,107.62894922968,95.52062673,1,1,0,0,10,8,0,0,1024,0,,12,,0.7240823761907662,-1.3246917620847618,0,0.24275774174118947,1.139425573975323,,,,,,0.8494359005338152,106.34522214826185,98.80952380952381,80.77940997446137,3,58.82595930769173,34.02377162805415,15.254341201388742,34.87654314114279,,,,6676315
2025-11-19,99.30409844,99.48701438,97.96592397,98.5531804,99.39012006826646,97.27518355794764,103.7245368577319,110.59478008465983,120.32690940891749,109.00931381752717,0,0,0,0,118.1681027222982,98.90033546433236,41.46539976993091,51.51134646554036,4,58,95.52062673,95.18151852603641,95.8597349339636,93.82508571018207,106.8475516056,99.97799926,99.63889105603641,100.3171074639636,101.67354027981794,95.52062673,0,8.5,2,-18.09547765822017,0,-1.4374178070166095,4,16.95606122200884,34.76747740924085,0,2.6288792060475306,106.8475516056,95.52062673,1,1,0,0,10,8,0,0,1024,0,,13,,0.6628945588879935,-1.4178670661439712,0,0.17866852346474005,1.5917202295800372,,,,,,0.726996606191409,103.02218299001602,98.01587301587301,75.39416820630545,3,58.73751906553547,34.44362191955651,14.643410198048459,34.08809894408792,,,,5856937
2025-11-20,98.7842321,100.33420397,98.41358666,99.89135487,99.55719833551098,97.9143386791775,103.35947190651935,110.17503791937905,120.12357055778398,108.32773585777981,0,0,0,0,117.98637813809749,98.96038995241904,53.945070839620065,84.43325021409905,4,59,98.96038995241904,,,97.30021716124882,101.92749804,99.97799926,99.64596470176596,100.31003381823405,101.63817205117022,95.52062673,0,4,0,-16.842835751416093,0,-0.8815296802220275,4,17.083584036794946,34.25326489654303,0,2.6848847021870044,101.92749804,95.52062673,1,1,0,1,8,19,0,0,1024,0,,14,,0.8035280815652099,-0.8688988519767571,0,1.349706902431235,2.8505077824894034,,,,,,0.6511485461598189,99.06553396577438,97.22222222222223,67.39904395753572,3,59.17927105420293,34.36402509561952,16.16526587575909,32.32757348302658,,,,5331951
2025-11-21,100.31494967,101.85529438,99.7373204,101.2584108,100.12426915700732,98.58730636683681,103.1593708487556,109.8253662676387,119.93585752536822,107.67324615238489,0,0,0,0,117.8050634885047,99.1042528598159,58.4461120836185,83.78980896953695,4,60,99.1042528598159,98.77702457377714,99.43148114585466,97.46811142962213,101.92749804,101.89861658,101.57138829396123,102.22584486603876,103.53475801019377,95.52062673,0,0,6,-15.572862954198389,0,-0.37070607976123077,4,17.187611106050927,40.10217526784603,0,3.8981898094498,101.92749804,95.52062673,1,1,0,0,8,8,0,0,1024,0,,15,,0.4425417298578122,-0.36215648030984143,0,1.1466004749984537,1.9480484299067915,,,,,,0.7027938358695086,93.70576260179027,96.42857142857143,57.383847379803775,3,59.539631392830614,33.49706745161735,19.381440985339715,30.45936703088786,,,,5876167
2025-11-24,101.21027503,101.59536121,99.88172771,101.11400349,100.45418060133821,99.2586303536381,102.96457395744554,109.48374419792738,119.74857539566307,107.0430452450379,0,0,0,0,117.59751746652773,99.24049908454022,52.86583729750731,80.40792532524917,4,61,99.24049908454022,,,97.64472340382457,101.92749804,101.90157878102565,101.58242364488252,102.22073391716877,103.4973544617413,97.96592397,0,0,4.5,-15.56141427494423,0,-0.3526256835696344,4,17.064986901771427,37.378975112365616,0,2.4662957698795394,101.92749804,97.96592397,1,1,0,0,8,8,0,0,1024,0,,16,,0.5744687480712742,-0.34247385196308416,0,0.295087523225519,1.433042987826168,,,,,,0.8024754790090678,86.6324247599863,95.63492063492063,46.54934704501905,3,59.114848688731016,32.69203535361533,18.452294590308355,28.99914479596251,,,,6826043
2025-11-25,101.40281812,102.32702495,101.1332578,102.05746463,100.98860861089214,99.98929470400388,102.87818259292692,109.19251754820473,119.57254444277089,106.44129517653724,0,0,0,0,117.47662564988744,99.3559749640858,62.92381400055374,77.82730647208115,4,62,101.92749804,101.62030915054567,102.23468692945434,100.39155359272833,106.0237752524,106.2641671,105.95697821054566,106.57135598945433,107.80011154727167,97.96592397,0,1.5,0,-14.648078197544637,0,-0.015779537076444042,4,17.12827066761236,50.66685697497346,0,5.402697437879544,106.0237752524,97.96592397,1,1,1,0,8,8,0,0,1024,0,,17,,0.7952104111377736,-0.0053815964348409035,0,1.7649318807258574,1.302416760890377,,,,,,0.5030079450269609,77.33946869791669,94.84126984126983,30.345800630523378,3,59.33407008419259,31.556940672427068,19.928333392116265,27.976722884874256,,,,4304024
2025-11-26,102.43292365,105.70615617,102.17299048,104.25245585,102.07655769059477,100.91084635686624,103.00906576026722,108.99878963847121,119.42010575030551,105.88047668625349,0,0,0,0,117.30517240993572,99.67295251094573,62.16190322676978,73.18544372257574,4,63,100.02336437809926,99.70553994914167,100.34118880705685,98.43424223331128,101.92749804,106.2641671,105.9463426710424,106.58199152895759,107.85328924478797,97.96592397,0,0,5,-12.701085637974074,0.004929677737185806,0.6562712031897775,4,17.099877528038462,49.73505832859683,0,5.221903902866537,101.92749804,97.96592397,0,1,0,0,8,8,0,0,1024,0,,18,,1.0394374218974864,0.6665573561334294,1,1.0588763203310405,0.8584889288353083,,,,,,0.8351646661939914,67.17307547027647,94.04761904761905,13.399622720888363,2,59.23571336353582,29.61172241990169,27.378560298156764,25.109056055823753,,,,7267333
2025-11-28,104.37760886,105.27197151,103.64594511,105.05150967,103.06820835039652,101.97755882877621,103.20358422786082,108.84399434558999,119.27713464502884,105.36284463504221,0,0,0,0,117.24520978996291,99.80184969277656,65.68723972296527,65.90110865124014,4,64,101.15358178444444,100.78668023,101.77286333822283,99.54811712244322,107.62894922968,106.2641671,105.9545263231108,106.57380787688919,107.81237098444598,97.96592397,0,0,0,-11.926531449103454,0.017778106331723748,0.8528789276309039,4,16.790934236708623,53.872605402395685,0,5.359916231555948,101.92749804,97.96592397,1,1,0,0,8,8,0,0,1024,0,,19,,1.14222485065379,0.8618217173303789,2,1.5201017274556392,0.28419367252283917,,,,,,0.3202703745441798,50.17352608133482,93.25396825396825,-13.740062402478772,1,58.165502409054156,27.805448328270977,26.094864769754956,23.93177052180605,,,,2756404
2025-12-01,104.93598381,105.92758073,104.262083,104.49313471,103.54318380359769,103.00245777625454,103.32639855949311,108.67337239909627,119.13003016806337,104.882033633706,0,0,0,0,117.11225227755271,100.03204063601189,63.24281708786361,78.25822368880573,4,65,101.15358178444444,100.78668023,101.75836997241723,99.57710385405441,104.85794590299287,106.2641671,105.9617730060136,106.56656119398639,107.77613756993198,97.96592397,0,0,6.5,-12.286486822352249,0.014892451807426238,0.6329100425518661,4,16.79084716617277,42.1081386745443,0,5.488363228663653,101.92749804,97.96592397,1,1,0,0,8,8,0,0,1088,0,,0,,1.11913961445941,0.6419843418640782,3,1.025127570401513,2.843395897682604,,,,,,0.6834745202686499,9.954481782287939,10.714285714285714,-82.88584643833322,0,58.16520078787028,26.39543528956722,26.747394992047504,22.754903081991205,,,,5934882
2025-12-02,104.32947308,104.63272845,102.38478788,102.96241715,103.34959491906513,103.71764657988834,103.29173366335091,108.44941336971993,118.96915839673936,104.42649004392912,0,0,0,0,116.93176760714731,100.2000049368971,45.023838001174404,86.80877168371214,4,66,101.16636581073172,100.78668023,101.7680966383136,99.58321857483624,105.16038455977382,106.2641671,105.96330168620905,106.56503251379094,107.7684941689547,97.96592397,0,1,2,-13.454530117259425,0,0.1507021424208931,4,5.28072359086891,14.620863977931982,0,5.516249292626289,101.92749804,97.96592397,1,1,0,0,10,8,0,0,1088,0,,1,,0.8648544996884717,0.16050810278957373,0,-0.899394488384234,3.850388123428231,,,,,,1.0195196261653612,4.507122881582786,3.5714285714285716,-75.36143897540782,0,18.292963120225032,24.764597042258234,24.963061497366617,26.808027714158747,,,,7354348
2025-12-03,103.38601194,103.49191064,101.38356381,102.17299048,102.95739343937674,104.05460157096408,103.18518669350797,108.20327913875053,118.80203234781658,103.99017015619988,0,0,0,0,116.75843425075271,100.30002713576947,32.70417405626875,92.26216655345021,4,67,101.16636581073172,100.78668023,101.7627649154506,99.59388202056222,105.11909228858,102.17299048,105.96596754764055,106.56236665235944,106.9441833177511,97.96592397,2,3.5,3.5,-13.997270534170456,0,-0.06823946914764807,4,5.0366273449266155,9.176166193055437,0,0.8817640898335578,101.92749804,97.96592397,1,1,0,0,10,8,0,0,1088,0,,2,,0.7784903496164302,-0.06033486467861648,0,-1.3765778217955573,4.8279207056684035,,,,,,1.0139171999715535,35.48257325451685,82.93650793650794,103.3689591971828,3,17.447388920407267,23.651211122479058,23.387211439235678,28.113534930159368,,,,6852006
2025-12-04,102.29814349,103.00092576,100.96478259,101.0273591,102.3140486595845,103.98610874294721,102.97967930365007,107.92187050977992,118.6251699274403,103.56489792198353,0,0,0,0,116.60744562274928,100.32923163863569,24.46150440813858,94.59225547321469,4,68,100.32923163863569,,,98.85383446830613,104.9575895102271,101.0273591,101.30771450416938,101.8978733723012,105.36156123252731,96.88099906777283,2,0,5,-14.834803472319061,0,-0.37195617046233115,4,5.159974660076207,9.406165514957308,0,0.956660512233514,104.9575895102271,96.88099906777283,1,1,0,0,10,8,0,0,1088,0,,3,,0.7159168753814529,-0.36457108645124414,0,-1.749380023133721,4.4196559253409955,,,,,,0.8807305183087073,48.69781740723884,92.85714285714286,172.44027191212362,3,17.874676554039873,22.783105134235658,21.94632488282394,27.64861592510402,,,,5654059
2025-12-05,100.87145257,101.95305335,100.27218727,100.32578011,101.65129247638967,103.57716554684889,102.72692699949292,107.62398461174934,118.44308644666975,103.14584322493943,0,0,0,0,116.45822038103216,100.32910305186795,23.69300112808559,96.05974514385778,4,69,99.88172771,,,98.43667738755113,104.72038375721455,100.32578011,100.49767016551023,101.07569029448977,104.26513386591822,97.44949926378537,2,0,3.5,-15.296212620081684,0,-0.5160286867910394,4,5.215250850193444,10.429562899394732,0,0.7301402779309922,104.72038375721455,97.44949926378537,1,1,0,0,10,8,0,0,1088,0,,4,,0.26602895205329563,-0.508431853758025,0,-1.1767725001030853,4.719726183562421,,,,,,0.8729830077567253,58.08919115370757,93.25396825396825,221.53592524084158,3,18.066158893503655,22.252156832272217,20.806694740119546,28.352555551763334,,,,5448999
2025-12-08,100.11140878,100.16500161,99.03955216,99.24417933,100.84892142759311,102.86814918236882,102.3952367452555,107.29536479677877,118.25205254501135,102.7260964444787,0,0,0,0,116.28856483056713,100.2869138031013,24.63549218982694,96.51229584614663,4,70,97.35451632430384,97.07466565772405,97.63436699088363,95.9552629914049,104.7419847036961,99.24417933,100.50682956342021,101.06653089657979,102.40380694263834,97.35451632430384,2,0,2,-16.074032379079608,0,-0.761710322260042,4,4.413452496114811,12.033954868938096,0,0.5980651005003236,104.7419847036961,97.35451632430384,1,0,0,0,10,8,0,0,1088,0,,5,,-0.25943981885732603,-0.7524524962480983,0,-0.9840264931835225,4.4387820296272436,,,,,,0.9819184143186627,65.84351316536036,93.65079365079364,330.66930123158807,3,15.28864792012507,22.224703366202885,19.952854399096445,31.12175125787268,,,,5917796
2025-12-09,99.4293182,100.31603595,99.11760281,100.25757105,100.65180463506208,102.11924863976495,102.19164953618355,107.01937288514038,118.0730029778968,102.31162040303607,0,0,0,0,116.1753819546692,100.28611304909442,30.62826555619517,96.1283048755871,4,71,99.88172771,,,98.5289195642724,104.71946161969619,100.78668023,100.51611860085448,101.05724185914552,102.13948837572761,97.47816296130374,0,4,0,-15.088488882790463,0,-0.359269264269709,4,4.468817959270387,17.173733540842633,0,2.4456662824991926,104.71946161969619,97.47816296130374,1,1,0,0,10,8,0,0,1088,0,,6,,-0.013337498337143702,-0.3560812239315131,0,-0.2913454039504604,3.97123366407308,,,,,,0.7250116848846261,73.12081572968322,94.44444444444444,372.34327991948663,3,15.480439510465152,22.111655727658658,19.662165150439467,29.89093390873546,,,,4269452
2025-12-10,100.51091898,101.46584579,100.16987369,100.50117483,100.60159470004139,101.4297577403987,102.03065194511845,106.76375727513488,117.8981589167237,101.90381796588494,0,0,0,0,115.98986166184969,100.2956292362663,58.56906165874943,96.79882195483941,4,72,100.0058981678799,,,98.69186327809713,104.69055971234174,100.50117483,100.52387325204344,101.04948720795656,103.56830161365245,97.6383250926582,2,1.5,3.5,-14.755942116968857,0,-0.22372382846679925,4,4.471222669183032,33.44051477028832,0,0.9333979125351304,104.69055971234174,97.6383250926582,1,1,0,0,8,8,0,0,1088,0,,7,,-0.16247271524541923,-0.22463906157982927,0,2.9177322077717838,4.6880764495142575,,,,,,1.2022026830466024,80.18003631231193,94.84126984126983,417.6656249710506,3,15.488769669957481,21.350215037060867,22.702805445353448,28.574860175448748,,,,7243170
2025-12-11,100.65708124,101.71919372,99.97499067,100.80324351,100.6688109700276,100.86755271731818,101.91375590367859,106.53001163728645,117.72806025596029,101.50471754387274,0,0,0,0,115.85426224144724,100.31216914462614,61.98820894223099,95.13165991201171,4,73,100.01086014038785,99.88172771,100.53007672534288,98.84329454008994,104.40564312404,104.60606559949764,104.34645730702013,104.86567389197515,105.90410706188521,99.03955216,0,1.5,2,-14.37619604804745,0,-0.08532700796366945,4,4.358628289318985,30.525461313695637,0,4.288394169827816,104.40564312404,99.03955216,1,1,0,0,8,8,0,0,1088,0,,8,,-0.5532875867289542,-0.09054213719504343,0,1.2893249078310243,3.367109974633535,,,,,,0.9229524675813058,85.68511783571613,95.23809523809524,467.4987927879142,3,15.098731296815002,20.501812835631146,22.21224806681413,26.860726953414616,,,,5513340
2025-12-12,100.87145257,101.48533409,100.39398916,100.51091898,100.61618030668507,100.42282889151515,101.78015238713778,106.2939687879811,117.55674541739351,101.11243452496203,0,0,0,0,115.7319474011545,100.31783143237568,75.25092857094839,95.9583416859036,4,74,100.30184663820894,,,99.04780166733119,104.40564312404,100.51091898,100.53587123582444,101.03748922417556,103.4918060434044,99.03955216,2,0,5,-14.50008366331605,0,-0.13935406144414675,4,4.358618881587459,37.31190000232799,0,0.49360032389807795,104.40564312404,99.03955216,1,0,0,0,8,8,0,0,1088,0,,9,,-0.7752524347935035,-0.14532018007492697,0,3.162662968634085,4.3595629404091065,,,,,,0.8330931021302344,89.68162952249014,95.63492063492063,493.96926357685976,3,15.098698707477027,19.7140107914464,21.34928259185663,25.817163964052508,,,,4961959
2025-12-15,100.57912804,100.90068502,99.47803896,100.16987369,100.46741143445671,100.06126564754024,101.62679251121989,106.05380819590341,117.38374171861348,100.72553547344533,0,0,0,0,115.54363063565255,100.31162609472925,79.25967344136969,93.41656465177509,4,75,97.68744438573898,97.44184812275455,97.93304064872342,96.4594630708168,104.40564312404,100.16987369,100.17011557774728,100.66130810371615,102.8654551238755,99.03955216,2,3.5,5,-14.6646100870406,0,-0.20262952524573727,4,4.351554579827241,45.17639873055472,0,0.4193238296551525,104.40564312404,99.03955216,1,0,0,0,8,8,0,0,1088,0,,10,,-0.7360374470550979,-0.2088881352610356,0,2.5796950570801567,2.8845885663899984,,,,,,1.2602928483138598,92.32339179785241,96.03174603174604,512.4585378532187,3,15.074227248339636,19.430532202044702,20.245101326097146,27.81181148387984,,,,7624353
2025-12-16,100.36475671,100.63759294,99.31238839,99.91652576,100.28378287630447,99.78178235358658,101.46390996348467,105.81313045331896,117.20993857474667,100.34425258193006,0,0,0,0,115.40360542965865,100.29962142734739,74.99086210284753,92.25774087375342,4,76,97.7028109695895,97.4629251133361,97.94269682584292,96.50338168832246,101.71919372,99.91652576,100.17164311328148,100.6514148257883,102.55667979002727,97.7028109695895,2,4.5,5,-14.754220525180454,0,-0.23595308229705067,4,4.345102717032088,36.542198994866204,0,0.8384794088652555,101.71919372,97.7028109695895,1,0,0,0,8,8,0,0,64,0,,11,,-0.48136381433257996,-0.24014304283448482,0,1.6158970258643635,2.9210306309836764,,,,,,0.9707451474304734,93.68606815570598,96.03174603174604,522.4211507934191,3,15.0518773400103,19.247437830019063,19.246527432470373,27.056568283489625,,,,5696632
2025-12-17,99.60471292,101.1442888,99.57548047,100.3062918,100.29128585086964,99.6351284002147,101.35366061458137,105.59717599632606,117.04174308445069,99.97336211661641,0,0,0,0,115.2490363433431,100.29984746732718,87.11986512856903,81.17555715895222,5,0,100.279249448041,100.04249107857355,100.51600781750845,99.09545760070375,101.71919372,100.41152896953488,,,101.59532081687213,97.81972624964402,0,1.5,3.5,-14.298703046805564,0,-0.07217971809451991,0,4.33955370290666,84.44673100508518,0,1.2163829943565962,101.71919372,97.81972624964402,1,1,1,0,19,8,0,0,64,0,,12,,-0.23577441027211926,-0.07637207993383435,0,6.2617394639241795,1.3856642396647139,,,,,,1.121605129226867,94.35566437937712,96.42857142857143,527.6713224278203,3,15.032654991215985,18.72665324221224,20.01869328053456,25.455834039730412,,,,6576317
2025-12-18,100.03345557,100.04319972,98.66927441,98.91287819,99.83181663057977,99.45775130226056,101.12120514557363,105.33504667058779,116.86135636908301,99.6063062958213,0,0,0,0,115.04862676514547,100.2450813423989,92.19693952302949,82.26151223587863,4,0,97.89106520349198,97.65660191943292,98.12552848755104,96.71874878319667,101.71919372,98.91287819,100.17706568547582,100.64599225359395,101.91890599247249,97.89106520349198,2,0,2,-15.358779614363163,0,-0.4610640066324513,4,4.489258787799324,74.87455619404106,0,3.265439646016164,101.71919372,97.89106520349198,1,0,0,0,8,8,0,0,64,0,,13,,-0.2956249718235996,-0.46251433688226656,0,5.206268871946843,1.9672745391501238,,,,,,1.3364772229036888,93.88510248025561,96.03174603174604,503.7142405020805,3,15.551248617586994,18.71392692731234,18.770746249813712,27.319854303090608,,,,7977910
2025-12-19,98.94211064,99.029808,97.65588269,98.07488119,99.24617148371985,99.18343683534847,100.83107905456662,105.05033429880002,116.67442626779861,99.23982820631252,0,0,0,0,114.84999495100278,100.16540752873269,95.31180062946996,82.74230834468449,4,1,97.5675835794203,97.33760048252617,97.79756667631443,96.41766809494966,101.71919372,98.07488119,100.2719898285044,100.73195602229266,101.65188840986917,97.5675835794203,2,7.5,0,-15.941406932747837,0,-0.6456984484116471,4,4.33979083908068,79.6401574027393,0,3.6103611062258962,101.71919372,97.5675835794203,1,0,0,0,8,8,0,0,64,0,,14,,-0.33035149809830744,-0.6445256826839881,0,5.954816100104299,1.955363109678716,,,,,,1.2648691112153125,91.99812680683459,94.44444444444444,511.9551062064426,3,15.033476455019414,19.183319079375806,17.76952346941897,29.796889322539826,,,,7700234
2025-12-22,97.70460345,98.01602652,97.04687325,97.22714004,98.57316100247989,98.76473156365928,100.48784676746503,104.74354236708237,116.48092093219863,98.87083164835157,0,0,0,0,114.72225995429115,100.09961243110182,92.81000264922807,90.30435293281101,4,2,96.97805994599123,96.75532557083955,97.20079432114292,95.86438807023278,101.71919372,97.22714004,100.27451213722173,100.71998088752511,101.22358079196273,96.97805994599123,2,0,0,-16.529557577421542,0,-0.8162875728685549,4,4.122557513602902,34.639599901140535,0,4.257208857662736,101.71919372,96.97805994599123,1,0,0,0,8,8,0,0,64,0,,15,,-0.2846264875940671,-0.8123028943930121,0,3.4159315079967847,4.92105520285537,,,,,,0.7961737076712375,88.51721133852945,93.25396825396825,519.826838383529,3,14.280958141370098,19.89034279713999,17.037260656205028,31.010278315615444,,,,4804252
2025-12-23,97.14918684,97.99205591,97.04687325,97.54869703,98.23167301165326,98.29646682165367,100.20792774484931,104.46139156954973,116.29254059486333,98.5034131510049,0,0,0,0,114.6272010966614,100.05649002172242,91.347608854768,92.96929979302745,4,3,95.52062673,95.30536282218058,95.73589063781942,94.44430719090288,101.71919372,100.49724651237342,100.281982604554,100.71251042019284,101.57356605147055,96.53208963785994,0,5,0,-16.11783822847469,0,-0.6154992034686447,4,4.156747449749588,42.572679842969805,0,3.6839959979168087,101.71919372,96.53208963785994,1,1,0,0,8,8,0,0,192,0,,0,,-0.42959941647677596,-0.6117486877422038,0,3.3527136789884278,3.935653629424106,,,,,,0.6277034097420333,83.67928335766055,92.06349206349206,481.13052760819926,3,14.399395554397287,20.54686482077816,16.369337853028714,29.794562219125485,,,,3689223
2025-12-24,97.52920873,98.54260045,97.49997628,98.49387969,98.31907523776884,97.95892604737143,100.0446850729589,104.2273714958419,116.11543949133235,98.14487594562425,0,0,0,0,114.59820488095507,100.04794441954174,94.9551609594088,68.55702730473074,5,0,95.52062673,95.31142967122125,95.72982378877876,94.47464143610624,101.71919372,100.49724651237342,100.28804945359467,100.70644357115218,101.54323180626719,96.28319416633632,0,4.5,0,-15.175897260973418,0,-0.2425025662920002,0,4.166832789089572,86.74916711971889,0,5.926055582412005,101.71919372,96.28319416633632,1,1,0,0,8,8,0,0,192,0,,1,,-0.27427070880752036,-0.2409622753203084,0,5.387247682935248,-0.06371909382628282,,,,,,0.2097216751873044,77.20457748566385,90.47619047619048,434.86767828471613,3,14.434332194694138,20.69017457163684,17.990646955475057,28.46872196636603,,,,1200056
2025-12-26,98.58157705,99.14673782,98.12360195,98.41592648,98.35135898517923,97.74864719749348,99.88956520696281,103.99947169129908,115.93932493400567,97.79535093540578,0,0,0,0,114.5336629419844,100.02829826340378,97.0158924110543,56.23869319325796,5,1,97.86538193999999,97.66199238658044,98.06877149341955,96.84843417290222,101.71919372,101.07451151804878,100.87112196462922,101.27790107146834,102.09145928514656,96.23193556413392,0,4.5,0,-15.114283668617393,0,-0.21695907076822749,0,3.396341688300877,89.02067834365191,0,3.7895867464247908,101.71919372,96.23193556413392,1,1,0,0,8,8,0,0,192,0,,2,,-0.35180438894774874,-0.21366630832287195,0,5.984149520847136,-0.07585982226086396,,,,,,0.4868052277765028,68.60359386518559,89.28571428571429,483.1024528815285,3,11.765272728002754,20.32955256316659,19.83470064759886,27.190063329742184,,,,2673757
2025-12-29,98.41592648,98.92262234,98.18206686,98.44515894,98.38262563678616,97.65673233374977,99.75200270534731,103.78165550497363,115.76525363058272,97.45589729284565,0,0,0,0,114.4571639334797,100.00579415480708,97.86905683754394,49.96680049502902,5,2,97.86538193999999,97.6699081093247,98.06085577067529,96.88801278662348,101.71919372,101.07451151804878,100.87903768737348,101.26998534872408,102.0518806714253,97.04687325,0,3,0,-14.961393118744153,0,-0.16090835380439378,0,3.232912967740361,87.24976254252182,0,3.9430462550268364,101.71919372,97.04687325,1,1,0,0,8,10,0,0,192,0,,3,,-0.2809195337179123,-0.15755837621337587,0,5.5462491368441365,-0.0880712130555561,,,,,,0.5807667080367271,57.91618967656274,87.3015873015873,417.1485906651596,3,11.199139033149175,19.994689269587074,19.163771586221905,26.270331593291075,,,,3202799
2025-12-30,98.22104346,99.12237744,97.94918164,98.9713431,98.57886479119077,97.69937281573463,99.67765417150471,103.5930158028178,115.59815004321374,97.13084876144977,0,0,0,0,114.38586666020495,99.99168531811691,98.12098745336652,46.529231681977706,5,3,97.86538193999999,97.6733955633015,98.05736831669849,96.90545005650752,101.71919372,101.07451151804878,100.88252514135029,101.26649789474727,102.03444340154125,97.04687325,0,6,0,-14.383281165830237,0,0.04227060538381468,0,3.3345491558823666,85.85905627289182,0,4.014672130671273,101.71919372,97.04687325,1,1,0,0,8,10,0,0,192,0,,4,,-0.09244984602433008,0.042760026140251435,0,5.219303145802131,-0.12081641524116937,,,,,,0.5797624301827954,42.48406728432187,84.92063492063492,267.78866551725673,3,11.55121711664834,19.831936712536226,18.118177663484932,25.920059311914372,,,,3115533
2025-12-31,98.72773932,99.06098929,98.28925252,98.30874082,98.4888234674605,97.75014119897966,99.5472814713614,103.38578933290339,115.4261161205947,96.81699471682907,0,0,0,0,114.31941994650896,99.97124586396104,97.76106500322143,49.76561065979223,5,4,97.86538193999999,97.68021836904782,98.05054551095216,96.93956408523913,99.14673782,101.1442888,100.95912522904783,101.32945237095217,102.07010665476086,96.94656336776764,0,0,0,-14.829724741592138,0,-0.13640494330072453,0,3.119410378189737,79.83308160431366,0,1.3840258895535942,99.14673782,96.94656336776764,1,1,0,0,8,10,0,0,192,0,,5,,-0.18153197497122103,-0.1361686839450356,0,4.581688048201505,0.41029891344098357,,,,,,0.5456880469438733,13.680355504332656,25,26.600157969914644,3,10.805954529364541,19.680809338131862,17.44394445923895,24.955494057686895,,,,2808390
2026-01-02,98.60106535,99.37085329,97.6948593,98.80569253,98.594446488307,97.86428178259612,99.4766539531365,103.20617769357384,115.26073877143455,96.51814092707238,0,0,0,0,114.22078271243659,99.94973434301139,98.42150443335564,46.44384778249464,5,5,98.33317284345588,98.14627100980387,98.5200746771079,97.39866367519579,101.53968194894308,99.14673782,,,100.08124698826009,97.08704366805686,0,4.5,1.5,-14.276367145334188,0,0.05572592045971427,6,3.1478760558099017,88.67023938089244,0,3.4312227363774404,99.14673782,97.08704366805686,1,1,0,0,8,10,0,0,192,0,,6,,-0.1558097673135217,0.05378129776678976,0,5.991925283877811,-0.11916247160828375,,,,,,0.8659046537523817,13.907477300348997,25.396825396825395,27.53814986275305,3,10.904562529184544,19.939311610139892,16.04730095009249,25.796943416310725,,,,4347976
2026-01-05,98.63029781,98.63029781,95.15163585,95.5608902,97.58326105887133,97.68275943089395,99.10372407188541,102.90636249774741,115.06472037768893,96.21491352128879,0,0,0,0,113.96051663191919,95.5608902,99.22713105299792,96.4712502021337,4,0,95.3108381907102,95.1046609819619,95.5170153994585,94.27995214696868,99.14673782,95.5608902,98.9405606112517,99.3529150287483,99.84967960389203,,2,0,0,-16.950312931426307,0,-0.9197902270042251,6,4.387091246649496,69.42402862273553,0,3.7209734796367115,99.14673782,,1,0,0,0,8,8,0,0,196,0,,0,,-0.5670134799141178,-0.9129674206845892,0,6.913409677791048,4.231068527048355,,,,,,1.852301996816211,12.431638870419876,19.047619047619047,-18.198532412715892,1,15.197329873275223,21.48435036790506,13.507974136252345,32.72834431089628,,,,9673218
2026-01-06,95.5998668,96.01399323,95.07368264,95.1418917,96.76947127258089,97.26276935028442,98.72640670313442,102.60187344685535,114.86648327641839,95.90695441388617,0,0,0,0,113.81174195430619,95.40854546065509,89.41261144702558,85.5344137396022,4,1,95.07368264,94.87383674446586,95.27352853553414,94.0744531623293,99.14673782,95.52062673,,,96.5198562076707,85.56631437600001,0,0,4.5,-17.171755427518836,0,-0.9335963904453903,4,4.368787520851258,12.642242611219693,0,4.076195980021224,99.14673782,85.56631437600001,1,1,1,0,14,8,0,0,212,0,,0,,-0.481131597815722,-0.9326841351657998,0,2.2884679120129157,7.2148899897969025,,,,,,1.0574732187329636,11.51852066107384,16.26984126984127,-23.88939754340064,0,15.133923907174509,22.951589206005593,12.940497099945745,31.701683256848195,,,,5526507
2026-01-07,95.03470604,95.61935511,93.79719884,95.06393849,96.20096034505393,96.71271340371689,98.37760020664543,102.30626815442965,114.66944302978736,95.59643436216578,0,0,1,0,113.65559924562908,95.3125264102927,87.410728947329,91.55146490940389,4,2,93.79719884,,,92.78799663439506,99.37085329,95.52062673,95.31878628887901,95.722467171121,96.52982893560494,84.417478956,0,10,1.5,-17.09740975605375,0,-0.8408995844171487,4,4.285456150601723,29.738631307446397,0,11.001905973188554,99.37085329,95.1263308187727,1,1,0,0,8,8,0,0,212,0,,1,,-0.31445306489016667,-0.8437935405797066,0,2.796045679746893,4.742737496344058,,,,,,1.123896173298672,9.771054570423473,5.9523809523809526,-34.18062408935844,0,14.845255572901452,24.814830205913864,11.897434508178328,34.79301118080596,,,,5871014
2026-01-08,94.99572943,97.04200117,94.81059056,96.34042229,96.24744766003596,96.25495975820303,98.183583262203,102.0723134146481,114.48706471396858,95.29299594035669,0,0,0,0,113.51435148033957,95.534326053256,93.2357845282255,83.75004489759533,5,0,94.85292390254781,94.64557732677476,95.06027047832087,93.81619102368252,99.37085329,98.3306651575,98.12331858172693,98.53801173327305,99.36739803636529,94.89093025581641,0,8,0,-15.850386652243778,0,-0.33893465899287795,0,4.391787981452078,79.36143949937266,0,4.357852904594929,99.37085329,94.89093025581641,1,1,0,0,8,8,0,0,212,0,,0,,-0.10072483632183007,-0.3472328766921855,0,5.961338325838801,1.7831532681798758,,,,,,1.093856058479432,9.198171422187182,3.5714285714285716,-39.53980965064445,0,15.21359983989072,25.195617080184217,16.880316083870444,31.44985535181527,,,,5797673
2026-01-09,96.17477172,96.55479362,95.18086831,95.41472793,95.96987441669064,95.83889589353075,97.91988275437414,101.8112316309364,114.29729021860571,94.99169655409113,0,0,0,0,113.33646067145906,95.50945452343719,96.19274856460275,77.4062742809109,5,1,93.79719884,93.59239554365715,94.00200213634284,92.7731823582858,99.37085329,95.52062673,,,96.5446432117142,84.417478956,0,0,1.5,-16.52056864383294,0,-0.5707418674313978,0,4.429733627493501,81.84277353379653,0,5.442934317492366,99.37085329,94.55271439676997,1,1,0,0,8,8,0,0,212,0,,1,,-0.5174684035036586,-0.578483820763605,0,6.095082435313662,1.4478954904710388,,,,,,1.3333749024459933,9.203093829228019,3.5714285714285716,-40.025640969650205,0,15.345047413630262,25.549204892006692,15.869228601978712,29.566089971147402,,,,7054603
2026-01-12,95.37575133,97.28560495,95.27830982,95.75577322,95.8985073511271,95.5139714786909,97.71377708443374,101.57376267364478,114.11279751215193,94.6954292137904,0,0,0,0,113.16180865848251,95.55259173176192,97.93957597009242,70.14630160940693,5,2,95.36270425438829,95.15460748698065,95.57080102179593,94.32222041735011,99.37085329,98.94390169733613,98.80569253,99.37085329,100.20324035963054,94.3816090105574,0,0,1.5,-16.08673583714139,0,-0.38537251187746674,0,4.4376100816104485,89.58979835527201,0,3.8521973075730034,99.37085329,94.3816090105574,1,1,0,0,8,8,0,0,212,0,,0,,-0.4281870476895461,-0.3946657221894532,0,7.432236062446455,0.9531245335032519,,,,,,1.3398786185430518,9.172292037458131,3.1746031746031744,-40.332462975313014,0,15.372332251058337,25.224816848570203,17.638104663134914,27.01971844960414,,,,7202153
2026-01-13,95.98963285,96.88599731,95.30754227,96.20400418,96.00033962741806,95.31553500466404,97.56998918877339,101.36318390918812,113.9346005635733,94.40774461994049,0,0,0,0,113.01149021977548,95.64130749078791,98.81024829384536,56.99026415119178,5,3,95.41023926101167,95.20291319984743,95.6175653221759,94.37360895519049,99.37085329,98.74010581433534,98.61080950499999,99.22112583523534,100.05043007989228,94.31667035246925,0,5.5,0,-15.562082366436147,0,-0.18436017622655362,0,4.4956917412840225,92.38422502675748,0,3.820662011083008,99.37085329,94.31667035246925,1,1,0,0,8,8,0,0,212,0,,0,,-0.33650465099277665,-0.19356271295509106,0,7.409052866969702,-0.08052348255265118,,,,,,1.1894115582044864,9.136580725465187,3.1746031746031744,-41.33263972616738,0,15.573533022143444,24.92359937966489,16.439123909046376,25.183006227928942,,,,6483867
2026-01-14,96.05784191,96.98343882,95.93116794,96.61325852,96.20464592494537,95.25687099648094,97.47887198222354,101.17691232529839,113.76224890144819,94.13197663967377,0,0,0,0,112.88795242597517,95.74282159874844,98.8170932108635,49.83317373336247,5,4,95.74282159874844,95.54090926623878,95.94473393125809,94.7332599362002,98.43100472198,98.83747072240999,98.43100472198,99.32053701500999,100.12818634504858,94.31992772657269,0,3.5,2.5,-15.07441224751481,0,-0.016505609076950537,0,4.538720579419969,86.69354547047743,0,2.662723063835764,98.43100472198,94.31992772657269,1,1,0,0,8,10,0,0,212,0,,1,,-0.3614043013169663,-0.024069401619010496,0,5.658224538283162,-0.14343903622960863,,,,,,1.0382680071808115,9.197197138651791,3.9682539682539684,-41.50329205252303,0,15.72258928982768,24.55105902640507,16.105074212456987,24.011204169653652,,,,5552371
2026-01-15,96.48658456,98.57865381,96.12605097,97.84102157,96.75010447329691,95.4653215901316,97.51336241915463,101.04609307999257,113.60382872899596,93.87623718298175,0,0,0,0,112.76766723028942,95.95367508600658,99.24393254638028,52.00472148244909,5,5,97.6948593,97.48547103731248,97.90424756268753,96.64791798656236,99.37085329,98.88847140662821,,,100.20840634075012,95.52062673,0,3.5,4,-13.875242881644805,0,0.39252391274670934,0,4.760445377877009,90.44928298797471,0,1.6008480785774435,99.37085329,95.52062673,1,1,1,0,1,8,0,0,148,0,,2,,0.05604825530694286,0.38432014580767254,1,7.367169164954848,0.47325450603805613,,,,,,1.1080845241025867,9.385395490925724,5.555555555555555,-43.08662128212886,0,16.4906665222788,22.843740183255274,21.22296530095175,21.500064833227196,,,,5939168
2026-01-16,97.53895288,97.6948593,96.03835361,96.77890909,96.75970601219794,95.73556317821166,97.44341448304466,100.87875253136541,113.43641659328456,93.63411885464281,0,0,0,0,112.62415641081847,96.03802864515991,97.14536844386848,52.114134813295735,5,6,95.58094145404264,95.41472793,96.03802864515991,94.57261909858917,99.37085329,98.9457039845467,98.73517677669399,99.1562311923994,99.99834002381023,94.55432244087893,0,0.5,0,-14.684444381744239,0,0.04611473927855895,0,4.828258521655805,72.362051424348,0,3.758631171331036,99.37085329,94.55432244087893,1,1,0,0,8,8,0,0,148,0,,3,,-0.2917053358695945,0.04204303632937281,0,3.689115322225466,0.36866750390349845,,,,,,1.2536501167321004,9.554472909235896,6.746031746031746,-42.875081342780106,0,16.725578143170498,21.32464165033144,19.600424783910814,20.228268663631745,,,,6728945
2026-01-20,96.57428192,98.94211064,95.77526153,98.88364574,97.46768592146529,96.26789754439002,97.58057936465946,100.80051304935108,113.29161290320214,93.41951335291851,0,0,0,0,112.46037256115017,96.38174657178045,99.6050212876365,61.48569684179845,5,7,98.88364574,95.2155905692759,95.66312054653808,94.73951261642952,99.37085329,99.5221806162829,99.2984156276518,99.74594560491398,100.64100555943831,95.52062673,1,0,0,-12.717593821806112,0,0.7235217401349346,6,5.175945065524245,88.03491840782448,0,0.11756561275237887,99.37085329,95.52062673,0,1,0,0,8,8,0,0,148,0,,4,,0.9202903444911564,0.7149923436251494,1,7.123514648184262,0.8736998575760161,,,,,,1.6683660687412434,9.712050692701546,7.142857142857143,-45.83351435505818,0,17.929999661346827,20.596727895162314,22.100398823987646,17.672179930993767,,,,9043844
2026-01-21,98.83492498,99.18571442,96.89583891,97.46099967,97.46545717097686,96.7698997598792,97.56919082231094,100.66955174035692,113.13409436356828,93.22327255408065,0,0,0,0,112.32708653111405,96.47163463930042,97.79987344770228,59.34002754014996,5,8,95.43935555790699,95.21112846569599,95.66758265011799,94.29822009685196,99.37085329,99.7956485466246,99.5674214544136,100.0238756388356,100.93678400767963,95.52062673,0,0,0,-13.853555625063068,0,0.23192489342075717,6,5.311753969162737,73.95256488877162,0,3.4452506878177,99.37085329,95.52062673,1,1,0,0,8,8,0,0,148,0,,5,,0.6886992510924601,0.2278698265836009,0,4.491614810055957,0.8959518004013364,,,,,,1.2653829711505942,11.678949708081305,16.666666666666668,-36.52901850350873,0,18.400455503791015,20.083587822151628,21.073586959995005,16.08904920704413,,,,6802567
2026-01-22,97.10046608,99.83642884,96.77890909,99.57548047,98.16879827065124,97.40973657881776,97.76026602685276,100.62664698465665,112.99918278253774,93.05873640054503,0,0,0,0,112.21985335762618,96.70018482554894,98.53432603479362,59.43410345937434,5,9,99.57548047,99.03698968372125,99.5154385647917,95.74788942143648,101.95305335,100.36115048057212,,,101.55727268324823,95.52062673,1,3,0,-11.87946848993687,0.02357378097483903,0.8932247267231753,6,5.655287540825647,84.89437803866292,0,0.6211669036304954,,95.52062673,0,1,0,0,8,8,0,0,148,0,,6,,1.1885902477987123,0.883016201608912,1,6.297826838893203,0.7644584781657887,,,,,,1.188987043857335,11.933363541288683,17.063492063492063,-39.0859385737368,0,19.59049070424254,20.03201133764578,21.097418945714754,14.253034817048814,,,,6492219
2026-01-23,99.57548047,99.8872933,98.86415744,99.61445707,98.65068453710083,98.09830976060348,97.93685565000965,100.58695326251325,112.86600143216424,92.92377861580685,0,0,0,0,112.15089470652987,96.83410075384703,98.33281337588815,60.23475506674302,5,10,99.61445707,99.05154931202414,99.5140935562324,97.01398046316693,101.95305335,100.48179673842807,,,101.63815734894874,95.77526153,1,1.5,3.5,-11.740953160397734,0,0.839138381335051,0,5.651362801199928,77.58734985794621,0,0.899295257590496,,95.77526153,1,1,0,0,8,8,1,0,148,0,,7,,0.890187394022591,0.8319242468115383,2,5.031418355871389,0.8484010169759876,,,,,,0.7737780724685153,11.930437099381008,16.666666666666668,-39.058583626811064,0,19.576895007366094,20.017238895023517,20.460449769121038,13.690046549372296,,,,4246621
2026-01-26,99.68266613,100.33552426,97.65588269,98.5523446,98.61790455806722,98.63221753265759,97.99547364524682,100.50716468751273,112.72357698607306,92.80920958872406,0,0,0,0,111.99831575746141,96.98362688823939,98.90254821339111,96.45406770745394,5,11,95.33466258976745,95.27830982,95.77526153,94.32359759611323,99.37085329,98.93382790409886,98.57865381,99.37085329,100.32556551388677,95.77526153,0,0,5,-12.571666695622962,0,0.4493062453114371,0,5.6919664658568925,53.6559735132726,0,3.9920190349433944,99.37085329,95.77526153,1,1,0,0,8,8,0,0,148,0,,8,,0.8700649679118919,0.4521508861659151,3,5.751525425395263,4.654354399053533,,,,,,1.5009952589785005,11.712884970465808,15.873015873015873,-40.596652042401736,0,19.717550227684796,18.905954802622382,18.40947003892152,16.837706241469572,,,,8808738
2026-01-27,99.87754915,100.46219822,97.58767364,98.06513704,98.43364871871148,98.96955034277666,98.00210825427094,100.41139889741419,112.57772186223153,92.71016713628927,0,0,0,0,111.83122115254503,97.07668180209792,99.02320307121897,83.48522648473234,5,12,95.33466258976745,95.27830982,95.77526153,94.289129734248,99.37085329,98.91380087588298,98.57865381,99.37085329,100.36003337575201,95.77526153,0,0,5,-12.891169391392996,0,0.278149756878636,0,5.71342989495706,73.0800834752202,0,3.8604149825853575,99.37085329,95.77526153,1,1,0,0,8,8,0,0,148,0,,9,,0.678666862401699,0.28425094060975215,4,5.908440929978797,2.410552457344162,,,,,,1.5341778614110322,11.26210669492605,13.88888888888889,-43.09739988498878,0,19.79190172709708,17.97144276981622,16.95620735661729,15.090212781298609,,,,9529359
2026-01-28,98.26002006,98.70337894,95.87270304,96.99328042,97.95352595247432,98.991076902184,97.9060294129118,100.2773550355548,112.4226527931546,92.61891509595746,0,0,0,0,111.70570141604206,97.0718712362309,98.60143440706011,84.30460521503433,5,13,96.77890909,96.52400410670043,97.03381407329957,95.50438417350213,99.37085329,98.88096610163676,,,100.3904732231983,95.77526153,0,7,5,-13.724433634868014,0,-0.05612732953762188,6,5.813896504840151,64.35052821770319,0,2.0336551811965595,99.37085329,95.77526153,1,1,1,0,1,8,0,0,148,0,,10,,0.3311814159256672,-0.047543904712006174,0,5.227246997739314,2.8684037490124448,,,,,,1.0608768208939972,10.534471918667027,11.507936507936508,-47.69359763327791,0,20.13992827266051,17.573774779724012,15.274995215105236,19.60105179104857,,,,6779214
2026-01-29,97.14918684,97.35381401,95.5219136,96.13579512,97.34761567498288,98.70595376019307,97.73743567072972,100.11494092121933,112.26059450784958,92.52922971726682,0,0,0,0,111.55097145394211,97.01190987964148,98.05887079382734,88.01222430900509,5,14,95.33466258976745,95.08160885161428,95.58771632792062,94.06939389900158,98.43100472198,96.77890909,,,98.04417778076586,94.28089173615047,0,8,5,-14.36372171245012,0,-0.2895446796060047,6,5.831232057005188,54.462454910466555,0,2.4471814997163532,98.43100472198,95.77526153,1,1,0,0,8,8,0,0,148,0,,11,,0.0464264834071606,-0.28053062941217805,0,4.643697499218692,3.4565024929973776,,,,,,1.2120487491402907,9.449070059833883,5.9523809523809526,-53.22238002787931,0,20.19998038691472,17.433224596209083,14.2876883362271,19.571829073287915,,,,8043904
2026-01-30,96.60351437,97.82153326,95.63884341,97.43176722,97.37566618998858,98.38265590244154,97.70832438970784,100.0097184231323,112.11304398757247,92.4486925644737,0,0,0,0,111.37406329927074,97.04365268620212,98.64858430671123,82.94767693178706,5,15,97.04365268620212,96.78918591282775,97.2981194595765,95.77131881933025,99.862389785,99.36819115058707,,,100.8802568784975,94.28234703366503,0,4,0,-13.095065699223957,0,0.1697750009507713,6,5.9844519780097185,78.66754581341714,0,2.2154067986321477,99.862389785,94.28234703366503,1,1,0,0,8,8,1,0,148,0,,12,,0.06590424358311756,0.17630679424602877,0,6.242964860763759,1.928491570847306,,,,,,1.4651804635005898,8.945913760860613,1.9841269841269842,-56.84712871822744,0,20.730749762737794,16.890906522958,14.834571856121824,18.072923282334543,,,,10270510
2026-02-02,97.86538194,98.07488119,96.10169059,96.95430381,97.23521206332572,98.02740355590129,97.63651290592614,99.88989824222514,111.96221075197474,92.37360945160434,0,0,0,0,111.26312108539494,97.03965939506743,96.25358848486377,85.3379376446232,5,16,95.71604413465117,95.46213578616067,95.96995248314167,94.4465023921987,99.73972996715459,99.44541256620964,98.96912453140008,99.862389785,100.87802317896198,94.29847486784534,0,2.5,2,-13.404439624027372,0,0.03137404737534852,6,5.97113190461687,48.805002750448274,0,3.1694001842984254,99.73972996715459,94.29847486784534,1,1,0,0,8,8,0,0,148,0,,13,,0.2004213918611583,0.039034195782764534,0,3.3856471898394798,2.8725857315107852,,,,,,0.8938648821174493,8.913599477802721,1.9841269841269842,-56.90708947512261,0,20.684607674983873,16.165536514330967,14.696141536785865,16.818909124862774,,,,6355467
2026-02-03,96.53530531,98.94211064,96.23323663,98.19181101,97.55407837888382,97.8074611919134,97.68939843964746,99.82330658605945,111.82519184906951,92.31127532649992,0,0,0,0,111.17077046506398,97.08539166618645,97.2377264613001,65.14888427071367,5,17,95.71604413465117,95.45608572167785,95.97600254762449,94.41625206978459,99.83064273694872,99.81205549756348,99.55209708459016,100.0720139105368,101.11184756243006,95.5219136,0,4,3,-12.19169009561861,0,0.4434293039550145,6,5.043466841171121,83.13096305218986,0,3.1655821831162667,99.83064273694872,95.5219136,1,1,0,0,8,8,0,0,148,0,,14,,0.0084916349681809,0.4463813627286527,1,5.0988846190194135,-0.01972509547092849,,,,,,0.8493412807465779,8.72448885759853,1.9841269841269842,-50.063258576844696,0,17.471081630394586,15.249240864031192,16.307420866290123,15.254087890443639,,,,5877716
2026-02-04,98.64978611,101.30993937,98.63029781,100.56938388,98.55918021258921,97.96461367988832,97.96368276730009,99.85256451915515,111.71319375982505,92.2757472593152,0,0,0,0,111.06917308235326,97.26502290345044,98.12050024840566,70.03772421107413,5,18,100.56938388,99.46994963286795,100.00841040624695,96.47645471648394,103.49191064,105.55083720210007,105.28160681541057,105.82006758878957,106.8969891355476,95.5219136,1,1.5,6.5,-9.975374890618017,0,1.167430793785449,6,5.478637302454282,77.76294095640702,0,0.714042839062814,,95.5219136,0,1,0,0,8,8,0,0,148,0,,15,,0.8668399510179008,1.161385517589077,2,5.881243103395056,1.7095993816423722,,,,,,1.1423965205495408,8.841362016257232,2.380952380952381,-53.413938007884376,0,18.978556328185828,15.898171319349,22.473616208603158,13.67670133096529,,,,8049888
2026-02-05,101.30993937,102.11870392,99.53650386,101.59251975,99.57029339172614,98.45112691248009,98.30928628946198,99.92079805761965,111.61249053584669,92.27087842008655,0,0,0,0,110.98573823608167,97.46239296068936,98.88669443397292,77.79327647777862,5,19,101.59251975,99.5018663943867,100.04797639931007,97.35206384030651,104.40564312404,105.33458289790005,105.06152789543836,105.60763790036174,106.69985791020848,98.43100472198,1,1.5,0,-8.977463667140885,0,1.3918843968761665,0,5.512164810070753,80.58244417837294,0,0.6634011610896218,,98.43100472198,0,1,0,0,8,8,0,0,148,0,,16,,0.6089644507205773,1.379283742451467,3,7.296403471036464,2.6210824564495985,,,,,,1.0470259142002105,10.14351798097049,10.714285714285714,-46.87783258817373,0,19.094699021471587,16.900638925946,23.22062301491678,12.521911130435468,,,,7461103
2026-02-06,101.33917182,102.35256354,101.00299861,101.66072881,100.26710519781743,99.15114546404328,98.62847129141798,99.98903063614436,111.5134680311119,92.29542390615481,0,0,0,0,110.92850750749933,97.59253200267005,98.53511989552185,72.24807846795726,5,20,101.66072881,98.43100472198,98.99307440920008,97.41111664056925,,104.95003452846369,104.41883300728485,105.14327111360006,106.20567415595775,98.43100472198,1,1.5,8,-8.835470185864027,0,1.2936599091739567,0,5.414777793086358,75.90734124308094,0,0,,98.43100472198,0,1,0,0,8,8,1,0,148,0,,17,,0.6145805485652628,1.2842067465034617,4,5.069936047844372,1.176369659023739,,,,,,0.7372965451921212,11.31939597082048,13.88888888888889,-39.65351339844961,0,18.7573404986425,17.944216506216485,22.953312017494383,11.953821235423568,,,,5233162
2026-02-09,101.53405485,102.29409864,100.96889408,102.0212624,100.85182426521162,99.96812166950994,98.95159425414008,100.06872599943281,111.41901822383716,92.34911553685379,0,0,0,0,110.88795811816149,97.69251703369913,98.88980075803788,64.63312109112475,5,21,102.0212624,99.76441204607502,100.28133496859823,98.7305662010286,102.10815691195158,102.10815691195158,,,103.40046421825961,99.862389785,1,3.5,0,-8.434606563268558,0,1.2949680348182004,0,5.257038013861501,85.35325219155409,0,0.026406117945116145,102.10815691195158,99.862389785,0,1,0,0,8,8,0,0,148,0,,0,,0.9334288916515745,1.2886821060168068,5,6.253916649680073,0.6267896856463269,,,,,,0.5618835279717271,11.49513974675192,14.285714285714286,-36.877743610943995,0,18.210913874658196,18.880144675902514,21.902525567407807,11.524398088616625,,,,3899480
2026-02-10,102.4012843,104.1552315,102.11870392,103.17107224,101.62490692347441,100.89892685575497,99.35344930041245,100.1903866363178,111.33694910957011,92.43730911812519,0,0,0,0,110.8312966892497,97.88637384373065,98.4359810795525,58.632006531555014,5,22,103.17107224,99.85505507495196,100.37316152265208,99.026220658399,,104.78234073310006,104.52328750925,105.04139395695012,106.07760685235037,99.862389785,1,0,9.5,-7.334381743776562,0.03754058642403696,1.5329433478272414,0,5.315445393402892,80.0924515596084,0,0,,99.862389785,0,1,0,0,10,8,0,0,148,0,,1,,1.3003246913922957,1.5299620968265695,6,4.927011330075225,0.3904439471091764,,,,,,0.9186925170219337,12.592946626644693,19.444444444444443,-31.609295301880802,0,18.413242972463493,20.594344136953485,26.706212071471672,10.67678168226484,,,,6335951
2026-02-11,102.88849186,105.07118171,101.84586768,104.84706623,102.69896002564961,102.02084226422726,99.87665091275412,100.37300152234455,111.27237316051966,92.56794336634711,0,0,0,0,110.79240300872667,98.09911147475266,98.9453162350568,46.7565925859768,5,23,104.84706623,104.35316036795714,104.89185410564298,100.53751632851335,107.62894922968,107.62894922968,107.35960236083709,107.89829609852292,108.97568357389459,101.29377484801999,1,3,0,-5.7743955197671815,0.11502916891803872,1.8991777508534589,0,5.457697069181086,91.44061416585932,0,0.6455159038117537,107.62894922968,101.29377484801999,0,1,1,0,12,10,0,0,148,0,,2,,1.9202333513443097,1.895183414141583,7,6.691375751752663,-0.5823549763334263,,,,,,0.8235242680689575,16.47562300717734,37.698412698412696,-12.855135987898352,1,18.90601723228279,22.52622778640738,26.88717563387606,9.535264601686702,,,,5645065
2026-02-12,104.69603189,107.9457063,104.5352534,105.49018021,103.6293667537664,103.25142436222339,100.41127275058706,100.57367519637026,111.21483890230554,92.74104016395941,0,0,0,0,110.75199200979955,98.35673456018355,94.30604108517176,72.09097101920896,3,0,105.49018021,104.19711476869591,104.7582313269042,102.29078716716691,108.88311715,108.88311715,108.60255887089586,109.16367542910415,110.28590854552068,102.54097645028,1,3,0,-5.147387478872537,0.15652081666148226,1.9103673120892593,0,5.460688600275699,29.611813742232805,0,1.0604939419995485,,102.54097645028,0,1,0,0,15,8,0,1,156,0,0,0,,2.252166533291858,1.91403200014922,8,2.980979851850477,4.744496830512873,,,,,,0.9652550253345759,20.555447292194007,50.3968253968254,8.664803069545124,2,18.91638019997937,25.142204786465385,33.116942299968706,8.50035195623457,,,,6670563
2026-02-13,105.90917871,106.99565156,105.20759983,106.61075759,104.62316369917761,104.54289559398833,101.00169987815019,100.81042352553222,111.16902714795424,92.95897870344841,0,0,0,0,110.72737531083132,98.57645643947666,96.3298704816469,38.06892893623067,2,0,104.34933956760005,104.0728564179855,104.6258227172146,102.96692381952728,106.10343397750863,108.88311715,108.60663400038545,109.15960029961455,110.26553289807278,102.54097645028,0,0,0,-4.100305341241907,0.14497086238271412,2.06079064550682,0,5.431860871404436,94.97168432721308,0,1.2688617099117678,106.10343397750863,102.54097645028,1,1,0,0,11,10,1,1,156,0,1,1,,2.159766899061713,2.0560711655646604,9,5.013386325236312,-3.781215680151254,,,,,,0.7612233153042289,25.21717737310029,62.698412698412696,34.0161731793183,3,18.816518017835676,27.57132628651925,31.204696922682594,8.009522863790552,,,,5233716
2026-02-17,106.90308212,107.30259232,104.46704434,104.76911302,104.67181347278508,105.53628522736753,101.36050112975494,100.96566625080546,111.10534641036266,93.20525120694394,0,0,0,0,110.6989946858913,98.70639877120676,94.48591877673357,67.17020411636734,2,1,104.20499643030006,103.92294468440797,104.48704817619215,102.79473770083962,106.6444884975968,107.43689248891982,107.15484074302773,107.71894423481191,108.84715121838026,101.29377484801999,0,0,7.5,-5.702905931241197,0.106838004496566,1.3304994623356892,0,5.6574766925622075,29.155245603371174,0,1.7298188029866586,106.6444884975968,101.29377484801999,1,1,0,0,8,8,0,1,220,0,2,0,,1.854704035972528,1.3399627826133813,10,2.9372661537030025,4.774880732051674,,,,,,0.6243164969918256,28.64682424069216,67.46031746031746,46.17162902796755,3,19.598074148308942,29.126347619824106,28.40371597888928,9.634863001175809,,,,4213918
2026-02-18,104.76911302,107.86775309,104.5352534,107.088221,105.47728264852338,106.43769977673591,101.90599826025446,101.20576643704838,111.06537501324462,93.48932739197562,0,0,0,0,110.67570692898445,98.93942365095474,96.56760427968767,48.86882710002229,2,2,104.08278538580005,103.79112573166812,104.37444503993198,102.62448711514037,107.64726836885825,107.64726836885825,107.35560871472632,107.93892802299018,109.10556663951793,102.54097645028,0,2,0,-3.5809126046441895,0.13235070395680343,1.8939957611195646,0,5.669940148722827,87.53924627146114,0,2.4442756703302906,107.64726836885825,102.54097645028,1,1,0,0,16,10,0,1,476,0,3,0,,2.0588056316544274,1.8996870313235297,11,5.281253989374084,-0.6538934086357522,,,,,,0.8721517084934772,31.960860655132638,73.41269841269842,62.723159493398384,3,19.641248826925143,30.74473775696563,27.236158386069725,8.651935961604453,,,,5742767
2026-02-19,106.76666401,107.50721949,105.03707718,105.89943456,105.61799995234892,107.05363221118137,102.2863255268969,101.38983185363472,111.01397262067502,93.79834288720875,0,0,0,0,110.6540090086518,99.07369781259538,95.25074105619152,70.53022668050438,2,3,103.96996248830006,103.67708082455255,104.26284415204756,102.5055541695625,107.9457063,107.79968508191068,107.50680341816317,108.09256674565819,109.26409340064824,102.54097645028,0,0,6,-4.607112005757099,0.032930173252405465,1.3735220974350635,0,5.564819826283815,40.323814260710854,0,2.7149147958455844,107.9457063,102.54097645028,1,1,0,0,8,8,0,1,476,0,4,0,,1.2634413860192437,1.398240628645992,12,3.213162078256849,3.7315634544583878,,,,,,0.6302302978760588,33.55321182129855,76.98412698412699,74.0573503000531,3,19.27710134818036,32.24752859859704,25.18519635702081,8.000419992153732,,,,4063500
2026-02-20,105.99687607,106.80564061,105.61685417,106.2307357,105.82224520156595,107.4592588676052,102.66198363862101,101.57967122015884,110.96637822345437,94.12956490439825,0,0,0,0,110.63004257248575,99.23553301955542,95.51784373371918,56.43774885909166,2,4,106.2307357,103.57296704384879,104.13811846295133,102.44266420564374,107.9457063,106.61075759,106.32818188044874,106.89333329955127,108.02363613775633,102.54097645028,1,0,4,-4.267637278309788,0.014634787896422724,1.3544777168786775,0,5.258793451262345,76.75327437550749,0,0.45272920602345734,107.9457063,102.54097645028,0,1,0,0,8,8,1,1,460,0,5,1,,1.1170783031713818,1.3873284720683314,13,3.724590975805743,0.02851263849115268,,,,,,0.7653806939764316,34.91445079816929,77.38095238095238,91.6586737409529,3,18.21699488819373,33.64297723725478,24.239185034530934,7.699906635419787,,,,4872933
2026-02-23,105.8507138,107.97123597,105.37325039,107.68261421,106.4423682043773,107.8634859086662,103.1401389311333,101.81900231779967,110.93370395466378,94.48749121518743,0,0,0,0,110.61297420975586,99.43599266497267,95.67163469753679,64.63459681247716,2,5,106.61075759,106.32516955988098,106.89634562011904,105.18281743940486,109.63798542016143,107.9457063,,,109.37364645059515,102.54097645028,0,5,0,-2.930660050792532,0.05164575511214495,1.6604980948012147,0,5.348021316266709,63.52522108996308,0,2.1199962959930145,107.9457063,102.54097645028,1,1,0,0,10,8,0,1,492,0,6,0,,1.4131660408971596,1.6927782470184214,14,3.738020873382757,1.754783398079638,,,,,,0.8164301702102756,36.33569416831254,79.76190476190476,96.13256537944733,3,18.526089279470643,35.31919037232054,25.914502936228935,7.074497570348808,,,,5238436
2026-02-24,107.62414931,108.55958782,107.11745345,108.26726328,107.0506665629182,108.26077688513809,103.62843648816822,102.07187529670949,110.90717220665718,94.86995126681906,0,0,0,0,110.6028849517776,99.58960669175981,95.40974013730573,55.2804708080599,2,6,106.61075759,106.33269250515734,106.88882267484267,105.22043216578666,110.41546787890525,110.6028849517776,110.6028849517776,111.15901512146294,112.27127546083362,102.54097645028,0,1.5,0,-2.3802869319742017,0.05749464484159045,1.6859962266951922,0,5.123145543421776,74.40411866914157,0,2.7365609681330345,107.9457063,102.54097645028,1,1,0,0,10,8,0,1,492,0,7,1,,1.4599571587327236,1.71891109254327,15,3.5280121784953593,0.22225574797109487,,,,,,0.6331976141900608,37.71200174753802,80.55555555555556,112.49673834249876,3,17.747096751553162,37.04921324964211,26.603671934659868,6.746902885917603,,,,3907597
2026-02-25,107.95545045,108.26726328,105.4317153,106.41587457,106.83906923194546,108.42393657943634,103.89390678167601,102.24222820938755,110.86248267793422,95.26022336237767,0,0,0,0,110.57828016931082,99.74898217819982,96.94895959999084,70.2455802589721,2,7,102.32521383185767,102.0416931461109,102.60873451760443,100.90761040312384,107.9457063,106.61075759,106.32723690425324,106.89427827574677,108.02836101873383,102.54097645028,0,0,5.5,-4.010922361221183,0.0044444444444444444,1.0217260374839143,0,5.499685488238533,67.13270739535746,0,3.96478475871241,107.9457063,102.54097645028,1,1,0,1,8,14,0,1,492,0,8,2,,0.8197607930123599,1.0466792623851655,16,5.128828917882455,2.774962999915378,,,,,,0.9005677347149265,38.30789524718406,80.55555555555556,101.0758040650564,3,19.051469382556768,36.96019974680812,24.228058291910486,11.453118077845808,,,,5370320
2026-02-26,106.97129118,107.77021413,106.51818815,107.55594025,107.07802623796364,108.4954126698182,104.24267187389734,102.45060907372529,110.82958175825328,95.660993470471,0,0,0,0,110.56060682721876,99.92725887488082,97.32581905861419,53.011029285130974,2,8,106.61075759,106.33539606430658,106.88611911569343,105.23394996153289,110.34644463000001,107.9457063,,,109.32251392846712,102.54097645028,0,3.5,0,-2.9537614924812208,0.008888888888888889,1.2740382546469913,0,5.297846840181627,84.29679287574534,0,2.713296296999139,107.9457063,102.54097645028,1,1,0,0,8,8,0,1,492,0,9,0,,0.7015508451664535,1.294684585706051,17,4.560246803767738,-0.3401051706426955,,,,,,0.9121487239031285,38.16672097475773,80.15873015873017,107.96719208389065,3,18.352279795825623,36.877544351319436,23.164099292785554,10.950162046448396,,,,5375354
2026-02-27,107.67287006,108.95909801,107.19540666,108.58882027,107.58162424864243,108.5889059016974,104.65659076876426,102.69132323828508,110.80728562404181,96.07409947345121,0,0,0,0,110.55118610548365,100.08665260056456,97.24581671711006,33.34508120190418,2,9,108.58882027,106.0587324108899,106.60161258985626,104.97297205295719,,110.55118610548365,110.27974601600047,110.82262619496683,111.90838655289954,103.16725252706,1,0,0,-2.002093401663899,0.013333333333333334,1.4709545824177075,0,5.100853131146645,90.11573291884044,0,0,,103.16725252706,0,1,0,0,8,10,1,1,488,0,10,1,,0.7811120484006131,1.4875680106906368,18,4.2728857432605185,-2.0162664291707206,,,,,,0.772652017369867,37.58242251306048,79.36507936507937,112.6920849986919,3,17.669873570185565,37.29827706931093,25.73090045122343,10.314902619352708,,,,4413020
2026-03-02,107.84826478,107.9457063,106.60101344,106.93231458,107.36518769242828,108.52968719429396,104.87332636983433,102.85763662423469,110.76872869823045,96.48557072625873,0,0,0,0,110.53917807782368,100.17332375655256,97.00672717220979,60.85771529602109,2,10,106.33019734908012,106.06039756214932,106.59999713601093,104.98119841442607,107.9457063,107.86775309,,,109.21675202465404,103.16725252706,0,0,6,-3.4634451106521893,0.017777777777777778,0.8796472351321084,0,5.464576511646456,54.91152415252251,0,1.1975613244899803,107.9457063,103.16725252706,1,1,0,0,8,8,0,1,488,0,11,0,,0.21819307826362946,0.9042854465382603,19,4.092132482287413,3.143971433741291,,,,,,0.5745895343258509,36.18049223470482,77.38095238095238,91.12932984468614,3,18.92984832003832,37.12615139861936,24.038241204553014,11.603400675811873,,,,3075060
2026-03-03,106.25996815,106.36072267,101.53405485,101.9627975,105.56439096161886,107.8695492173078,104.59613314413582,102.82254489387255,110.6811074922779,96.86330676776983,0,0,0,0,110.48068138613269,100.2190170044462,98.21234896008342,86.84105979903121,2,11,100.34089813292249,100.04217101175459,100.63962525409039,98.847262527083,104.40564312404,102.94270116091377,,,104.43633676675326,99.20192868971999,0,0,6,-7.8769630967834114,0,-0.5894176613490492,0,7.523285468378463,64.1300381062893,0,2.721376602985404,104.40564312404,99.20192868971999,1,1,0,0,8,8,0,1,488,0,12,0,,-0.42713708629085145,-0.5744706688789025,0,4.901639294320153,2.9559708775531575,,,,,,1.1891118549221875,33.81702692904129,74.2063492063492,29.758931006528687,3,26.061425342152226,35.222261612627335,20.159741268628434,24.875716807642764,,,,6364359
2026-03-04,102.29409864,102.79105034,100.77401106,102.05049486,104.39309226107923,106.8024123893671,104.35369140278955,102.79226842195598,110.59523074966818,97.2093024967883,0,0,0,0,110.43203288841615,100.25796732072747,95.91016767615533,66.25016616225426,2,12,100.22662868804598,99.93122993910436,100.5220274369876,98.7496349433379,105.11909228858,102.86274342387306,,,104.33973716858114,99.96763557565451,0,3,5,-7.726134148595564,0,-0.4807680959088686,0,7.447849618105799,68.0106467434716,0,3.3124470689623613,105.11909228858,99.96763557565451,1,1,0,0,8,8,0,1,488,0,13,1,,-0.8632623200649525,-0.4658137858366775,0,3.2793869524389727,0.9060721477135133,,,,,,1.0162925728173007,30.132228063397797,67.85714285714286,16.79109323981243,2,25.800107891383405,33.7838485260162,18.93068253992601,25.656413395528844,,,,5415931
2026-03-05,101.49507824,102.35256354,100.37450086,102.22588958,103.67069136738615,105.56971188794849,104.15104361014292,102.77005748697732,110.51195372310431,97.52680140863997,0,0,0,0,110.37755067103033,100.30527439443424,93.04322650921958,67.01334672502271,2,13,100.40188550506558,99.862389785,100.52845844960005,98.694549336074,105.11909228858,102.78945387039647,,,104.24925443155398,100.2958202401097,0,2.5,0,-7.497889471636385,0,-0.3553979066630185,0,7.08032595657357,56.761079877176485,0,2.7629044995284153,105.11909228858,100.2958202401097,1,1,0,0,8,8,0,1,488,0,14,2,,-0.588236522298599,-0.3409233655831843,0,2.5159562066640717,1.4313610354766253,,,,,,1.197010867711358,27.093590390380328,63.095238095238095,10.464488507599155,2,24.526968581868267,32.62006911393128,17.785526212107666,25.326164826462808,,,,6272628
2026-03-06,101.60442519,103.39976552,100.31217473,103.16301734,103.50146669159076,104.4686624333502,104.05694587012931,102.78546767729193,110.4388299779988,97.82280159876233,0,0,0,0,110.33909137793353,100.35967368001876,95.33648097462276,39.73440171695844,2,14,103.16301734,102.43488677468768,103.03223396151047,98.3842398454177,106.0237752524,106.0237752524,105.7251016589886,106.3224488458114,107.51714321945697,100.55708763637365,1,3,0,-6.5880928288069125,0,-0.020586963223101107,0,7.067261406914716,92.08072965272436,0,0.5986380231436272,106.0237752524,100.55708763637365,0,1,0,0,8,10,0,1,488,0,15,3,,-0.45590628771676034,-0.0025318043234229598,0,4.517574047751099,-2.159985217675493,,,,,,0.9888891633920769,25.483828299910932,60.714285714285715,4.0933275408510115,2,24.481711654293985,30.917786812214885,19.274423772464203,22.98854266404454,,,,5063470
2026-03-09,102.1568376,102.17656661,100.53412615,101.45645758,102.81979698772717,103.41458083594978,103.80928031868842,102.73334963426088,110.34945313821771,98.08897273800471,0,0,0,0,110.28987826453736,100.38106781866779,87.6388160749026,44.13649691824685,2,15,100.58930018608534,100.2884881780069,100.89011219416378,99.08524014569315,104.40564312404,102.6409775344421,,,104.14503757483429,100.5151197777501,0,2.5,2,-8.058939401429406,0.010245646961868138,-0.4859529263411402,0,7.279042781274308,57.24645706410135,0,2.537360767166935,104.40564312404,100.5151197777501,1,1,0,0,8,10,0,1,488,0,16,4,,-1.081965175694945,-0.4700912018518183,0,1.4034938125091312,0.3620360401630488,,,,,,1.0328986186850255,24.677610427968116,59.92063492063492,-2.1325643242761343,1,25.21534385526914,29.33709610347823,17.77044806056421,21.19475571472504,,,,5291845
2026-03-10,101.4860511,101.62908646,99.65125274,100.33190375,101.99049924181811,102.33170243498657,103.47810159786096,102.63917528585849,110.24977602987724,98.3208956708566,0,0,0,0,110.24660480562882,100.38032376955503,83.13464642217212,45.194903370629525,2,16,100.15277703732781,99.85579237161211,100.4497617030435,98.66785370874935,103.49191064,100.76209168780005,,,102.24701501637851,96.10169059,0,3.5,5,-8.995820796215986,0.05113057556889139,-0.7396107264739898,0,7.349358288303369,57.46883842202525,0,2.2486909178461048,103.49191064,100.15277703732781,1,1,1,0,19,10,0,1,488,0,17,5,,-1.4090446045511311,-0.7272463034680368,0,1.2970581474392375,0.2398012508392882,,,,,,0.8115600235763346,22.707619841699245,55.55555555555556,-10.806835685736417,1,25.458923916737742,28.309308282798817,16.713786019102493,22.588756212928825,,,,4168790
2026-03-11,100.33190375,100.33190375,97.964422,98.68453103,100.88850983787874,101.13274858612424,103.02157106758848,102.48409119739344,110.13469896520185,98.51186117315049,0,0,0,0,110.19566520645468,100.35458597362256,57.27472464076177,52.045269251687415,2,17,97.86538194,97.56847223478186,98.16229164521815,96.3808334139093,101.1442888,100.85120267240003,100.5542929671819,101.14811237761818,102.33575119849074,99.24232484610022,0,6,2,-10.396512672922128,0.04784239824851996,-1.1284803262033962,0,7.394642061504988,20.91920468330082,0,2.208689579608698,101.1442888,99.24232484610022,1,1,0,0,8,8,0,1,488,0,18,6,,-1.3827391859881597,-1.1181278550100244,0,-1.48106335447565,1.6007076837331615,,,,,,0.8436007391127215,20.302581645530363,47.22222222222222,-20.741931247003027,0,25.615791508625,28.09612797293796,15.523862465439278,26.053151396704678,,,,4245187
2026-03-12,98.15184764,99.3158595,96.40918378,96.49461041,99.4238766952525,99.7049254449511,102.39995576686577,102.24920959788781,109.99897669102073,98.65358942477087,0,0,0,0,110.11646129903316,100.27878745347701,29.506600872898723,39.38431294090271,4,0,95.52062673,,,94.01235507541577,99.862389785,97.86538194,97.56372760908316,98.16703627091685,99.37365359458424,93.79719884,0,0,3.5,-12.276810827934812,0.1269934252112927,-1.655343995345228,4,7.393354985315164,2.1859695556632204,0,2.69724826269538,99.862389785,97.74907865562537,1,1,0,0,10,6,0,1,488,0,19,7,,-2.0159474016903416,-1.6326085326176594,0,-4.939497362993938,4.518581156432627,,,,,,1.113809832366399,19.577354543707035,46.42857142857143,-23.55979837110326,0,25.611332945917027,28.47450940912493,14.188285925972803,28.41500091958593,,,,5602573
2026-03-13,97.54024818,98.42805384,97.34295804,97.50079015,98.782847846835,98.39174187178833,101.93336856525951,102.06299707051966,109.87461662593594,98.75882304880447,0,0,0,0,110.06911309365553,100.24368648073289,27.74641310766476,75.089951258238,4,1,96.72943086267092,,,95.24257845886056,101.1442888,97.86538194,97.56801145923794,98.16275242076208,99.35223434381037,94.81059056,0,0,5,-11.261769875440999,0.12203150384869557,-1.15865719835405,4,7.467300322364672,14.709851246920458,0,2.054535724037901,101.1442888,96.72943086267092,1,1,0,0,10,8,0,1,488,0,20,8,,-1.9762520307895646,-1.1423100212400603,0,-0.9555794890584561,3.325476107784423,,,,,,0.7483060330439228,19.23933591862297,45.63492063492063,-25.62348310554431,0,25.867487107422132,28.825863599869972,13.364630575479872,26.76545934255616,,,,3651078
2026-03-16,98.20117017,99.01005977,97.633961,98.90155019,98.82241529455666,97.4829965955593,101.64462395809194,101.93901876147967,109.76543188527987,98.84119528044567,0,0,0,0,110.03013202595368,100.22804372678442,61.07138859721398,48.63884886808722,2,0,97.86538194,97.57577658625665,98.15498729374336,96.41735517128325,101.95305335,100.71089793660006,100.42129258285671,101.00050329034342,102.15892470531682,96.12516143433916,0,1.5,0,-9.897361590700193,0.0481879482353946,-0.5891678935524273,0,7.551378861517209,88.88830087957575,0,2.8229253065690867,101.95305335,96.12516143433916,1,1,0,0,8,10,0,1,488,0,21,9,,-1.3855035858831568,-0.5792927294090088,0,3.325449198803202,-2.229496485275543,,,,,,0.7117122397977039,19.252771648458246,46.03174603174603,-26.40024359968055,0,26.15874371069886,28.72531605573209,14.537093179649133,25.520036225961125,,,,3407547
2026-03-17,99.42436908,100.32203924,98.90155019,99.11856935,98.92113331303777,97.01571577825801,101.40404732874985,101.82841290220595,109.65949295458057,98.9067889399657,0,0,0,0,109.99153941623143,100.21504868507371,78.245182728926,36.713295654697404,2,1,97.86538194,97.58377974500618,98.14698413499383,96.45737096503088,101.95305335,101.39276939100642,101.1111671960126,101.67437158600025,102.80078036597556,96.40918378,0,0,2,-9.612413226227913,0,-0.43354616233262216,0,7.43165816638597,84.72194739327071,0,2.9031530880571568,101.95305335,96.40918378,1,1,0,0,8,10,0,1,488,0,22,10,,-0.37293690523457296,-0.4254585872464028,0,3.6084734819942668,-1.0399532567152425,,,,,,0.7294156878682352,19.25117633787698,46.03174603174603,-25.22078120356203,0,25.74401905732932,27.7393045350901,18.042169517474278,24.3706523021193,,,,3464994
2026-03-18,98.09266059,98.09266059,96.49461041,97.38241607,98.40822756535852,96.69819479134547,101.02103482791654,101.6540600852567,109.53733298557977,98.95027517643325,0,0,0,0,109.93576260076861,100.17397308610992,66.58552481372905,56.35013053132501,4,0,95.07367272894305,94.81059056,95.52062673,93.67092673073721,99.862389785,97.86538194,97.58046598268432,98.1502978973157,99.28996172657848,96.40918378,0,3.5,3.5,-11.096597465249511,0,-0.8880270147691123,4,7.095783274882917,41.198685865529484,0,3.413816230580497,99.862389785,96.40918378,1,0,0,0,8,8,0,1,488,0,23,11,,-0.7505330287428741,-0.8756180203171343,0,0.7035678198850279,1.3559533691559251,,,,,,0.9299343830156596,19.293613487257854,47.22222222222222,-21.508503649354214,0,24.580514303189375,27.810159970487696,16.55858942297659,29.9094531334309,,,,4352908
2026-03-19,97.13580338,97.90523495,96.22826871,97.24431296,98.02025603023901,96.43524557382469,100.66134703097211,101.48112882544271,109.41501437836007,98.97636984379065,0,0,0,0,109.87019755196076,100.12493631309351,73.71533535058705,69.33625569348533,4,1,95.52062673,95.24108899963542,95.80016446036458,94.12293807817713,99.862389785,97.86538194,,,99.26307059182288,96.40918378,0,3.5,3.5,-11.123428980481101,0,-0.8113565896421098,4,7.070008673670865,52.26384178338231,0,3.10638785636375,99.862389785,96.40918378,1,0,0,0,8,8,0,1,488,0,24,12,,-0.8104309170107554,-0.8003318836180161,0,2.3599725116720265,1.8711248382742331,,,,,,1.0796083336148552,19.39485341630768,47.61904761904762,-20.80898088216502,0,24.491228465501177,27.972556064671494,15.671659718910941,29.158117899321304,,,,5110004
2026-03-20,97.58957072,98.25049271,96.46994914,96.86946169,97.63665791682601,96.16742920738314,100.30021509373667,101.30027913385672,109.29018300832664,98.98588533567033,0,0,0,0,109.70014493634051,99.99089724784523,78.27525711773974,98.08796448216917,4,2,95.52062673,,,94.14328442964661,99.862389785,96.86946169,97.29646155139272,97.84739847153409,100.45424039056542,93.79719884,2,0,7,-11.364901198289996,0.008669485222295353,-0.8146132910637935,4,7.027671709806626,22.618386957479146,0,0.8570299889126816,99.862389785,93.79719884,1,1,0,0,8,8,0,1,488,0,25,13,,-1.0693558817783628,-0.8040987082387304,0,2.149039621379673,5.07026170946706,,,,,,2.5480312223341026,19.50211859160066,48.41269841269841,-19.89129626732047,1,24.344568920599034,27.88355602343105,15.88628446651904,27.475357864262104,,,,13109726
2026-03-23,98.33927327,99.27640147,97.22458395,98.1025251,97.79194697788401,96.09584905975066,100.09091128480937,101.17487701488194,109.17886302913931,98.98952292661885,0,0,0,0,109.63530940232357,99.95806126346773,46.9677775232478,88.74769837932901,4,3,97.57193001146341,97.29464733621921,97.8492126867076,96.18551663524241,100.32203924,100.90234110797753,100.62505843273334,101.17962378322173,102.28875448419853,95.52062673,0,4,2,-10.145130313532476,0,-0.3234989570172936,4,7.0030780661101275,11.529672426144984,0,3.881753068948797,100.32203924,95.52062673,1,1,0,0,10,8,0,1,488,0,26,14,,-0.47739980851398905,-0.3189959021590823,0,-1.587200333321174,3.43832706163796,,,,,,1.0909373342944204,19.560146346930317,48.80952380952381,-19.370770594155008,1,24.259374039747872,27.110394113344228,17.958484726740302,25.345906015331256,,,,5634523
2026-03-24,97.24431296,98.81276962,96.49461041,97.57970621,97.721200055256,96.16975661460303,99.85174889673229,101.03388992449442,109.06344853342648,98.98646115759063,0,0,0,0,109.57278742452996,99.92011131413976,45.92984651315933,91.31292680257636,4,4,97.50079015,,,96.1099170502055,99.862389785,97.86538194,97.5872073200411,98.14355655995891,99.25625503979451,96.22826871,0,4,3.5,-10.529414279346641,0,-0.41889670189410516,4,6.922556195950715,20.53640409214708,0,1.1770399688094393,99.862389785,96.22826871,1,1,0,0,10,8,0,1,488,0,27,15,,-0.3594531329877525,-0.41512376915404703,0,0.1666150579296204,3.4601789808744643,,,,,,1.004227520155386,19.401660683992564,48.01587301587302,-19.09380219129798,1,23.98043809927474,26.719637919552202,16.622266401863232,25.803015748138808,,,,5254300
2026-03-25,98.34913778,98.34913778,96.71656182,98.01374453,97.81871488017067,96.3977209688212,99.6767008618054,100.91545285020052,108.9535012299098,98.98235296176236,0,0,0,0,109.53349492711433,99.90031292450361,46.11805653849447,92.54532603932057,4,5,97.57193001146341,97.29904843614443,97.84481158678238,96.20752213486851,100.32203924,98.01374453,100.46873686849091,101.01450001912886,102.10602632040478,96.22826871,2,7.5,0,-10.040757365681277,0,-0.21087778098129517,4,6.864737107253205,21.360555681100795,0,0.43630324387397423,100.32203924,96.22826871,1,0,0,0,10,8,0,1,488,0,28,0,,0.08220535609297423,-0.2077291094088401,0,0.24264133329000592,3.437055741691407,,,,,,0.672782303655024,19.286637935590637,47.22222222222222,-18.896052172844087,1,23.780146900731904,26.356792882459608,15.734351388576778,24.42469076423221,,,,3455713
2026-03-26,97.81645439,99.44903034,97.23444846,97.51065466,97.71602814011378,96.65385807559002,99.47041074734774,100.7819313525456,108.83964206005996,98.97585124897199,0,0,0,0,109.49812867898805,99.87896597867916,60.65817986201617,94.20035038755279,1,0,97.50079015,,,96.13497471637618,99.862389785,97.51065466,97.59221885327524,98.13854502672477,101.63433503379812,96.22826871,2,0,5.5,-10.40887969275789,0,-0.3120823118461276,0,6.686893153719334,24.881014546669977,0,0.31098092814086403,99.862389785,96.22826871,1,0,0,0,8,15,0,1,488,0,29,0,,0.4520396020707843,-0.3057660381331808,0,1.4789554612143077,4.188037552759846,,,,,,0.5977386043747058,19.2289932290392,45.63492063492063,-16.987873427764587,1,23.164077374052734,25.255157412519065,18.190505990416007,22.656696784635546,,,,2999240
2026-03-27,97.51065466,98.3688668,97.07661634,97.32322902,97.58509510007585,96.83750487117314,99.2659172495051,100.64629596695558,108.725050885532,98.96713992660699,0,0,0,0,109.45942166505705,99.85444966060464,35.34968047222827,96.68706760196044,4,0,96.53080342591551,,,95.20485648487195,99.862389785,97.32322902,97.6001925517913,98.13057132820872,100.4903819056697,96.22826871,2,0,5.5,-10.486839760172728,0,-0.30685238592418834,4,6.522504993305797,3.2305901385667752,0,0.3457238565761487,99.862389785,96.22826871,1,0,0,0,10,8,0,1,488,0,30,0,,0.18880169977822672,-0.2975803959127963,0,-2.483543003991368,6.2036983198927524,,,,,,0.6556783828368182,19.025793381514795,45.23809523809524,-15.795028584589268,1,22.59462008205468,24.317578172074725,17.39906723883273,22.202341080949953,,,,3251895
2026-03-30,97.62902875,97.7571687,94.82731138,95.04452784,96.73823934671724,96.70354930263157,98.86388016288556,100.42661878550634,108.58892627811377,98.94286796259131,0,0,0,0,109.37029421035005,99.76582195399456,32.37483715453577,97.22182437605147,4,1,94.15844396833945,,,92.70757192236763,98.43100472198,95.04452784,96.25533007118382,96.86946169,99.40303551052942,94.45433325786577,2,0,3,-12.473093622294765,0,-0.9489859077785079,4,6.705407954065957,10.152637534227033,0,0.1354120783416084,98.43100472198,,1,0,0,0,10,8,0,0,488,0,,1,,-0.6015699522554163,-0.9339677503807837,0,-0.7280476894434642,4.8526393978510205,,,,,,1.2419246596091513,20.347480043560186,52.38095238095238,-12.401876508075782,1,23.228214523837426,24.51883005247795,15.728220623944933,27.442693203695868,,,,6363644
2026-03-31,95.03466333,95.35032756,93.25905201,95.16290192,96.21312687114482,96.37604259624284,98.51140604451551,100.2201985162708,108.45533399594349,98.90455362791853,0,0,0,0,109.28930980186641,99.68850450369156,24.294691176008357,96.93853256448944,4,2,93.25905201,,,91.90094596498031,98.43100472198,95.52062673,95.24900552099606,95.79224793900394,96.8787327750197,94.07882063378266,0,7,0,-12.256134932414357,0,-0.7847200442383149,4,5.0981380800452945,8.757472490266707,0,1.0616299820655306,98.43100472198,94.07882063378266,1,1,0,0,10,8,0,0,488,0,,2,,-0.6157313532526546,-0.7705773615309909,0,-1.7498009745871046,4.305007614930776,,,,,,1.1567402723770213,21.616225728574637,57.142857142857146,22.39893807608877,3,17.660468357280195,25.297227236795315,14.647012869440054,30.711284732633196,,,,5900319
2026-04-01,94.87683121,96.69190055,94.55189434,96.24799773,96.22475049076321,96.09897497912641,98.29584334789499,100.06442593641704,108.33386796344654,98.86005378672414,0,0,0,0,109.2355154136666,99.64701660407692,28.654258332165686,95.42035523478859,4,3,96.06370080767442,,,94.43573945340248,98.43100472198,96.86946169,96.59813479762134,97.14078858237865,98.22609615189327,93.99972558202678,0,7.5,0,-11.156132851754629,0,-0.3337304649560323,4,5.2947833886490505,17.82832093449929,0,2.115334814632596,98.43100472198,93.99972558202678,1,1,0,0,10,8,0,0,492,0,,0,,-0.008113885113316106,-0.3206057980774259,0,-0.5034130928059848,3.465762541354662,,,,,,0.8499442886256378,22.223200906893272,60.714285714285715,21.162378930893837,3,18.341667688423726,25.10325951958595,18.030273700265717,28.548555478634547,,,,4287452
2026-04-02,95.85341743,96.0803011,94.38360585,94.82750867,95.75900321717548,95.75286765940518,97.96552575952404,99.85905663185166,108.19947632868588,98.8021264924795,0,0,0,0,109.17142517373502,99.58487618217697,16.66552798499999,95.54959209647727,4,4,93.56755835667727,,,92.1846809854507,98.43100472198,94.82750867,95.25203397386268,95.78921948613733,98.2290431490986,93.80670372495015,2,2.5,3.5,-12.358625117615931,0,-0.7083557615744834,4,5.400108213532333,5.325516437091373,0,0.30010130760760584,98.43100472198,93.80670372495015,1,0,0,0,10,8,0,0,236,0,,1,,-0.28578192429693217,-0.6938878324071879,0,-3.5795461830444912,3.9499608146096454,,,,,,0.9357637093298613,22.72713122749483,61.904761904761905,21.493077668521508,3,18.706523584416004,24.993055149254655,16.912826005859234,27.338650028693888,,,,4644166
2026-04-06,94.82750867,95.89287546,94.25536725,95.6758563,95.73128757811699,95.50069065792339,97.74746200147413,99.69500956001434,108.07486319407208,98.73817700770688,0,0,0,0,109.12122728934173,99.54302676215244,33.44977584882431,95.63923789444675,4,5,95.52062673,,,94.20048588855884,98.43100472198,97.27719465333334,97.0131664850451,97.54122282162157,98.5973354947745,94.1471796171368,0,6,0,-11.472609381708807,0,-0.33443215914288277,4,5.394663838147038,21.017018736509446,0,2.370970534310259,98.43100472198,94.1471796171368,1,1,0,0,10,8,0,0,236,0,,0,,-0.016067879965521847,-0.3247198440239951,0,0.4524813558174774,3.966193125958195,,,,,,0.7947320309753665,22.172724288652883,60.714285714285715,18.648990194708205,2,18.68766371485039,24.946784884507323,15.976275114255994,26.258428304645808,,,,3897915
2026-04-07,95.14317291,95.33059855,91.16777647,91.78924043,94.417271862078,94.88519682507055,97.1800123280004,99.38497939805299,107.91281719641962,98.64549249880811,0,0,0,0,108.9923752976708,91.78924043000002,0.13202596304811287,60.96724852574803,4,6,91.16777647,,,89.74067783910822,98.43100472198,93.25905201,92.97363228382164,93.54447173617837,94.6861506408918,82.05099882300001,0,0,4.5,-14.941299083195997,0.015920963696001877,-1.4948860663075476,4,6.477287284482003,0.08756649346271672,0,7.8537341038552455,98.43100472198,82.05099882300001,1,1,0,0,10,3,0,0,252,0,,0,,-1.127367709568015,-1.4840294182734328,0,-8.398140986700302,10.300904344938425,,,,,,1.5596714698825918,19.80623745690082,51.19047619047619,-11.72896904873178,1,22.437981343885344,26.04003351670441,13.723254731487005,32.214067914694894,,,,7849133
2026-04-08,93.68322583,95.75970461,93.27197452,95.68572081,94.840088178052,94.47012526146061,97.03769885009561,99.23991043381562,107.79115454580848,98.55076640937948,0,0,0,0,108.89889472816586,93.68920200649431,64.94220665172881,93.5706000276581,4,7,95.52062673,,,94.01821085042192,98.43100472198,97.27719465333334,96.97671147741772,97.57767782924896,98.77961053291142,93.39463203019356,0,6,0,-11.230451874104359,0,-0.07097050761093586,6,7.929870144463522,30.999627040343036,0,2.5842129838444636,98.43100472198,93.39463203019356,1,1,0,0,8,8,0,0,252,0,,0,,-0.1650980360104819,-0.07926520980291896,0,1.2619997436473867,3.390446686503822,,,,,,1.4371129385641297,16.789366239364444,37.301587301587304,-38.88080800044387,0,27.469875975268742,26.74955495789278,13.379252665091654,28.413498502089734,,,,7469527
2026-04-09,94.87683121,97.47119663,94.41319937,96.63271351,95.437629955368,94.36517843393378,96.99912881770555,99.1376674171954,107.68012528177059,98.46033842308383,0,0,0,0,108.81701645558844,94.6254519521849,61.27405218664944,89.43845857964428,4,8,96.27816959222223,,,94.44022775890664,99.25646958200001,97.27719465333334,96.97087101444741,97.58351829221927,98.808812847763,93.79719884,0,6.5,3.5,-10.25947150680073,0,0.27373144535410954,6,7.872219102182469,52.22467120922109,0,2.272103991706125,99.25646958200001,93.79719884,1,1,0,0,8,8,0,0,252,0,,0,,-0.05265792446692972,0.26291200179505286,0,2.4332259216265575,1.9523419763225194,,,,,,1.3373864625648382,17.76846480457849,42.46031746031746,-34.842845423562245,0,27.27016690658857,26.28310166418231,17.175292780509043,25.880917949074178,,,,7145105
2026-04-10,96.63271351,97.32983824,95.62653377,95.96192701,95.61239564024532,94.43700016043292,96.90034769316216,99.01312857769754,107.56352629399177,98.37068431007437,0,0,0,0,108.77799679322658,94.79477730232644,45.76866445121365,92.83085584570095,4,9,94.81878030528705,94.79477730232644,95.41808321446807,93.59617148396441,98.43100472198,95.96192701,97.7571687,98.5062129473988,99.72704987672405,93.37007195329672,2,0,4,-10.78581158847691,0,0.06839121430008523,6,7.576885216653033,13.592237650182525,0,0.688385252871812,98.43100472198,93.37007195329672,1,0,0,0,10,8,0,0,252,0,,0,,-0.09160128155933574,0.062168680656721285,0,-0.6730560900264702,4.137077356379681,,,,,,0.6236742839010025,21.47682126999098,57.53968253968254,-18.17449923674494,1,26.247100316721145,25.84996646287973,16.303602863820835,24.567395350120602,,,,3258952
2026-04-13,95.261547,95.88301096,94.15672218,95.29114052,95.50531060016355,94.59956083516713,96.74708986714671,98.86716826170941,107.44141300270827,98.27833178266923,0,0,0,0,108.71805597858254,94.8727406754923,54.51210132607859,91.90957989031293,4,10,94.83957053813127,,,93.36774214047891,98.43100472198,95.52062673,95.22626105046953,95.81499240953048,96.99245512765236,93.23559773339869,0,4,3.5,-11.308742265333018,0,-0.11898629387904379,6,7.519055210130773,34.25246425090498,0,1.5525104694582934,98.43100472198,93.23559773339869,1,1,0,1,8,19,0,0,220,0,,1,,-0.19751044147952265,-0.11736910791943662,0,1.1642602257420043,2.902943564863002,,,,,,0.9073519881281389,24.300588530855553,67.46031746031746,-6.704027715792134,1,26.046771297723957,26.037342100383963,15.41090421299659,27.68038376015905,,,,4793094
2026-04-14,94.61048951,96.41569435,94.3145543,95.84355293,95.61805804344237,94.81107380749697,96.66103873027559,98.74859511144629,107.32601140994501,98.18774608001132,0,0,0,0,108.67548047848426,94.97462990596333,70.85748790384471,84.15222779314803,4,11,94.6588080860967,94.36670834751483,94.95090782467857,93.19830939318737,97.47119663,99.25655889007336,98.67235941290963,99.71521459769994,100.8836135520274,93.2609391872412,0,7.5,2,-10.698672511071278,0,0.10442384764469365,6,7.3829904157172885,65.82220986208608,0,3.6849528433369505,97.47119663,93.2609391872412,1,1,0,0,8,8,0,0,220,0,,0,,0.42972308998404257,0.11174904023411188,0,2.9986889570398993,1.385935735857165,,,,,,0.6762862561988009,26.534035462803175,70.63492063492063,3.748153895227182,2,25.575429023632818,25.8551681062899,16.049380812412394,25.902604166296012,,,,3578260
2026-04-15,96.17894618,96.17894618,94.57103149,95.49829517,95.57813708562826,94.99235441351041,96.55030124834458,98.62113236864448,107.20832269113959,98.09741493013848,0,0,0,0,108.63851179776037,95.01755448587241,65.89166955947644,88.79777323813764,4,12,94.87818755423264,,,93.45022829072755,97.47119663,95.52062673,95.23503487729899,95.80621858270102,96.94858599350509,93.33114771009048,0,6.5,3.5,-10.92268513040301,0,0.021118270807994936,6,7.3746787684830615,29.568447439421476,0,1.5332923535473995,97.47119663,93.33114771009048,1,1,0,1,8,19,0,0,220,0,,1,,0.32377061392681916,0.03208887050213652,0,1.0322619720045214,3.3624939427320495,,,,,,0.5776477479400823,28.303007950249974,72.61904761904762,10.789566379405576,2,25.546636633024278,25.686006540345407,15.242596493611606,24.60050939381049,,,,3044206
2026-04-16,95.18263094,97.05688732,95.18263094,96.64257802,95.93295073041884,95.27352703476883,96.55908951231176,98.54354200203097,107.10319090336705,98.0150601470666,0,0,0,0,108.59420375770918,95.1763697386781,81.16303953027312,86.05229037251294,4,13,95.01839139788545,94.82750867,95.52062673,93.69980120353908,97.47119663,98.4199499993386,98.13802313272336,98.70187686595384,99.82958433241475,93.79719884,0,7.5,0,-9.76685455880119,0,0.42533730860879404,6,7.300207460688856,60.661549393871915,0,3.2793973946780004,97.47119663,93.79719884,1,1,0,0,8,8,0,0,212,0,,0,,0.3337871178067135,0.434355962408448,1,4.496711206613628,1.9633723565753742,,,,,,0.7657201093215297,29.67729315529996,75,17.354152497024177,2,25.28866045541295,24.91974788093915,17.11825960519948,23.140288324140883,,,,4022706
2026-04-17,96.64257802,98.67466652,96.52420393,97.50079015,96.45556387027922,95.71690162095585,96.64877528732968,98.50264977253957,107.00764462721415,97.94485558513036,0,0,0,0,108.552849564309,95.38576899479283,82.7510545653663,84.27941692999754,4,14,94.81059056,94.52960076787514,95.09158035212485,93.40564159937571,97.47119663,98.72420683550966,98.4432170433848,99.00519662763452,100.12915579613394,94.81059056,0,2.5,6.5,-8.884275988256233,0,0.7020193480530391,6,7.356595753353403,52.57822430746851,0,2.7855932031656674,97.47119663,94.81059056,1,1,0,0,8,8,0,0,212,0,,1,,0.8449466524992508,0.7091920363800913,2,2.3449014872527716,1.8880676103455984,,,,,,0.7834232789814587,31.842554147215285,75.7936507936508,24.951185473252004,3,25.483995231107066,23.21847790520455,21.08909980929531,21.55906907711472,,,,4075174
2026-04-20,97.27390649,98.04333805,96.77081661,97.20485493,96.70532755685281,96.19575982160043,96.70173525329828,98.45175585714586,106.91010443122197,97.8835356436448,0,0,0,0,108.51458163119803,95.52327056619707,81.56732308500808,82.2735837445536,4,15,94.81059056,94.53830966874119,95.0828714512588,93.44918610370601,97.47119663,98.48088941672715,98.20860852546835,98.75317030798595,99.84229387302113,94.81059056,0,2.5,2,-9.077953438410127,0,0.5794786580554819,6,7.352365209518447,51.93464238689306,0,2.6959650673676,97.47119663,94.81059056,1,1,0,0,8,8,0,0,212,0,,2,,0.5836635458990184,0.5849050231635977,3,1.9805915890647192,1.6908181381165028,,,,,,0.7818119166545081,33.398499456870915,76.58730158730158,31.13217381388035,3,25.469340197375484,21.638727213450995,20.209089085890472,20.659447369879768,,,,3698918
2026-04-21,97.03715831,97.20485493,94.8669667,95.29114052,96.23393187790187,96.46519965707576,96.56739289774606,98.32781015764994,106.79449285001577,97.81887017225185,0,0,0,0,108.45986223410777,95.50349213617012,72.92922334300572,89.42204791313766,4,16,93.30359384900206,93.02988759077961,93.5773001072245,91.9350625578898,97.47119663,95.86386028111112,95.59015402288867,96.13756653933356,97.23239157222338,93.30359384900206,0,0,3.5,-10.771484580362491,0.006978102456193597,-0.052320732837757906,6,7.489400861673282,24.390918203979645,0,1.8708132205206833,97.47119663,93.30359384900206,1,1,0,0,8,8,0,0,212,0,,3,,1.0558248196495488,-0.0456127027627803,0,1.2240297047547664,4.270483308793252,,,,,,0.974437893241267,34.415250130934325,77.38095238095238,32.651825521888014,3,25.944045621336503,21.169767263491295,18.667858096802775,25.29441864341139,,,,4557813
2026-04-22,95.29114052,96.22570394,94.70913459,95.43910813,95.96899062860125,96.51010494428398,96.45993720557976,98.21452772519308,106.68150394732905,97.75153621094697,0,0,0,0,108.4141943886452,95.49914146389314,66.48483603839404,93.12026450380054,4,17,91.16777647000002,90.9000798610256,91.43547307897444,89.82929342512791,98.43100472198,95.86386028111112,95.5961636721367,96.13155689008553,97.20234332598322,93.28033164748571,0,6,3.5,-10.538280209172592,0,0.04281816584945129,6,7.48345770920117,22.054304721630682,0,1.9301915280310968,98.43100472198,93.28033164748571,1,1,0,0,8,8,0,0,212,0,,4,,0.18559696560691086,0.04055358765668019,0,0.9828676753439032,4.373972227266064,,,,,,0.8412029296501878,34.9274597875836,77.77777777777777,34.73302779326989,3,25.923457937258853,20.80986066218517,17.72358879052996,24.541383027859396,,,,3876680
2026-04-23,95.18263094,96.72149408,95.14317291,96.60311999,96.18036708240083,96.51811313105713,96.47357366123883,98.15133526498943,106.58122151989294,97.68878613706005,0,0,0,0,108.37911700297501,95.55905971014093,68.39808623936887,92.25664784448412,4,18,95.85906727386576,,,94.54572939425238,98.3527142450362,98.0157480847335,97.49041293288815,98.54108323657886,99.59175354026956,93.79719884,0,5.5,0,-9.361969573627535,0,0.45454501760863714,6,7.581974757886509,43.16115309177246,0,2.6767351787488654,98.3527142450362,93.79719884,1,1,0,0,8,8,0,0,212,0,,5,,0.232384649530538,0.4444021489797264,1,1.2495570256567703,2.970129370515731,,,,,,0.7156917777371188,35.02023138410206,78.17460317460318,33.33557986105971,3,26.264731004728336,20.14028133748383,18.45800085815539,23.224734291541566,,,,3292419
2026-04-24,97.25417747,97.86577692,96.12469138,96.52420393,96.2949793649339,96.53178337408659,96.47839559159704,98.08752619302906,106.48115169312783,97.62733090540895,0,0,0,0,108.34300929260213,95.61009660168463,70.21739681595054,94.63357021346154,4,19,95.61009660168463,95.35064558886357,95.86954761450569,94.31284153757935,98.20795903892218,96.52420393,98.67056971291375,99.25646958200001,100.29427363328423,93.79719884,2,0,2,-9.350901642971653,0,0.42271003408548524,6,7.567783444370419,37.907257271008206,0,0.7233301515949212,98.20795903892218,93.79719884,1,0,0,0,8,8,0,0,212,0,,6,,0.36025253768034393,0.40930206840396427,2,1.3617108562788496,4.459614017421332,,,,,,0.7331427241476226,34.57830111933316,76.58730158730158,31.899859490679273,3,26.215570852656324,18.791676338591028,21.289918801580782,21.833188604441574,,,,3386910
2026-04-27,96.32691378,97.80658988,96.0803011,96.91878422,96.5029143166226,96.62184846069697,96.52033736573065,98.04169317447891,106.38600375807182,97.56879581550332,0,0,0,0,108.27129372601841,95.73944222769069,81.53331658888942,88.86254229932553,4,20,95.73944222769069,95.48311013739256,95.99577431798882,94.45778177620006,98.14274300410409,99.11838389286487,98.60571971226862,99.25646958200001,100.2817979431925,94.81059056,0,2.5,3,-8.898933321718564,0,0.5435359097510231,6,7.579736246289092,57.23044413182075,0,3.7027173014214063,98.14274300410409,94.81059056,1,1,0,0,8,8,0,0,212,0,,7,,0.5944606557542892,0.5295191211816002,3,3.518343879722833,1.9428359734026692,,,,,,1.4609234146431855,34.00280953874788,75.7936507936508,29.500094742814614,3,26.25697657308822,17.56620437766894,20.009752322190167,20.674975650495824,,,,7024633
2026-04-28,98.14198313,99.07911132,96.17894618,97.10620986,96.70401283108173,96.75757340491732,96.57613474613726,98.00500755430326,106.29366750037957,97.51384664593846,0,0,0,0,108.20545744289485,95.856182414524,80.07001876189088,92.92564050940106,4,21,95.856182414524,95.59226542764003,96.12009940140797,94.53659748010413,98.28656522046697,97.10620986,98.60106535,99.25646958200001,101.19044721507177,94.81059056,2,2.5,5.5,-8.643466592538784,0,0.5849169852807055,6,7.166942041916552,25.576432528637593,0,0.562068043657976,98.28656522046697,94.81059056,1,0,0,0,8,8,0,0,2260,0,,0,,0.5046694651990927,0.5707921972034833,4,1.8351738580470958,4.449647806695792,,,,,,1.3765032956022643,30.241965088803894,73.01587301587301,21.810714965507557,3,24.8270155030018,16.95699674638893,22.35155192528648,18.646441292838475,,,,6637564
2026-04-29,97.0272938,97.38241607,93.66349681,94.79791515,96.06864693738781,96.64127000925541,96.40678049888609,97.87923922472274,106.17928190485341,97.44775494865266,0,0,0,0,108.14166631272302,95.78764593020152,64.7053698536061,96.22334854738921,4,22,93.91437578835018,,,92.52302373942459,98.29568680856097,94.79791515,95.24235632021488,95.79889713978513,99.25024170656187,93.45257898943889,2,6,5.5,-10.719008973004911,0,-0.18693963459450033,6,7.59342054314241,6.416004510100898,0,0.30216475441998686,98.29568680856097,94.70913459,1,0,0,0,8,8,0,0,2260,0,,0,,0.05815846484345425,-0.19844180228823505,0,0.4048364124808286,6.935389422146967,,,,,,1.1220180360416836,24.65237070737498,64.28571428571429,-6.280359534944968,1,26.304380367919826,16.523185451275403,19.684451417276158,24.49251252359037,,,,5381307
2026-04-30,95.0691891,97.42187409,95.02479882,97.09634535,96.41121307492521,96.59043918465109,96.47245334184932,97.84853750414537,106.08890442669566,97.38467504958447,0,0,0,0,108.08431510382074,95.87445641717613,77.22338559007562,95.9699539896568,4,23,93.82202609967618,93.54020394291143,94.10384825644093,92.41291531585243,98.39193551724392,97.66954989539408,97.38772773862934,97.95137205215883,99.07866067921783,94.81059056,0,0,0,-8.47643693305293,0,0.6107164973424032,6,7.8932621608513225,45.56408954581511,0,2.0289102661155187,98.39193551724392,94.81059056,1,1,0,0,8,8,0,0,2260,0,,1,,0.3124249062482842,0.5974721552467425,1,2.991754622602844,3.962179680797764,,,,,,1.2104823771229138,24.51628213878933,63.888888888888886,-10.338198555207926,1,27.343062200110786,16.095991538117204,18.1730692410445,22.45642137099491,,,,5903394
2026-05-01,97.6980803,97.81645439,95.54761771,96.3466428,96.38968964995014,96.51411522822985,96.46047138548272,97.78963967261026,105.99196650006188,97.31923382103672,0,0,0,0,108.03422760166379,95.89896607034012,80.15081136492809,97.49182663560322,4,24,94.89785369232558,,,93.58133669773093,98.42237282172842,96.3466428,96.24225445693273,96.80615340306727,100.07205017453816,93.79719884,2,0,3.5,-9.100051653496068,0,0.3395896359735298,6,7.779521842318009,36.29849852449291,0,0.6843396449538777,98.42237282172842,93.79719884,1,0,0,1,8,5,0,0,2260,0,,2,,-0.052543627954514845,0.32815080498697013,0,2.561576324330397,5.965402932980458,,,,,,0.9967444646278776,24.03751873294451,61.904761904761905,-10.803850208221563,1,26.949054178973253,15.446073023818336,18.116901119888723,20.842975226543686,,,,4872391
2026-05-04,95.3996501,95.76956912,93.919974,94.35401232,95.71113053996676,96.24200215339047,96.25985623638913,97.65490918819417,105.87616596095678,97.23889853711898,0,0,0,0,107.98210756440078,95.83028871744928,82.61570177013638,97.23152721581545,4,25,93.42831000165839,93.14483309095307,93.7117869123637,92.01092544813179,98.43100472198,94.35401232,96.24072701929468,96.80768084070532,98.03738440564257,93.66349681,2,0,2,-10.88266989683564,0,-0.31080809431889744,6,8.01904013521856,33.07632433653822,0,0.18746830185621474,98.43100472198,93.66349681,1,0,0,0,8,8,0,0,2260,0,,3,,-0.43789338180182047,-0.31923891652260283,0,2.7612480620991278,4.441675986204674,,,,,,0.889053835763377,23.18166091174625,60.317460317460316,-16.54900123969424,1,27.77876988426509,15.671013208548096,16.732191509131525,24.37643802753022,,,,4366810
2026-05-05,94.35401232,96.35650731,93.38304887,95.88301096,95.76842401331118,96.04863218851385,96.22396621006635,97.58542298316695,105.77673158283781,97.1543024417281,0,0,0,0,107.93730389212871,95.83248008375016,89.15278561572828,96.42907947453904,4,26,95.83248008375016,,,94.38359360368973,97.80836285240214,96.52420393,96.23442663398791,96.81398122601209,97.97309041006042,94.45384377559775,0,1.5,0,-9.35339982129214,0,0.25123225315554626,6,6.932680771089161,56.37343904215615,0,1.4289319300680554,97.80836285240214,94.45384377559775,1,1,0,0,8,8,0,0,2260,0,,4,,0.33476774661588377,0.24400610761931146,0,4.573525659404586,3.9332238309885263,,,,,,0.9002270861756789,16.76528074144065,34.12698412698413,-30.189780340991245,0,24.015510656364413,15.488587551251435,17.007690729337103,22.143124277762034,,,,4260145
2026-05-06,96.622849,98.42805384,96.24799773,97.84604791,96.46096531220745,96.09903597800174,96.3784501814886,97.59564356853295,105.69781930748618,97.07834464794968,0,0,0,0,107.90344655953328,95.90579394464788,93.97656666725817,74.1585479047991,5,0,96.36631201884627,95.78270698910954,96.52420393,94.61549692963608,99.07911132,98.28686513505762,,,99.74587770939945,94.81059056,0,1.5,4.5,-7.42850841098675,0,0.901195433970558,6,5.91307215053768,89.75966013802837,0,1.5494493495469528,98.05985119942075,94.81059056,1,1,0,0,8,8,0,0,2260,0,,5,,0.7473507065366908,0.8914921580206618,1,5.6314258333620195,0.35074210353883395,,,,,,0.85071486301514,12.593886029594053,17.46031746031746,-38.516871566767286,0,20.48348278710365,14.652048432246904,22.02176404624357,20.418768215241215,,,,3872851
2026-05-07,97.964422,99.1235016,96.622849,98.21103468,97.0443217681383,96.3681726194065,96.55298203848969,97.61977655329636,105.62332393805846,97.0127636371132,0,0,0,0,107.86479808359235,96.00177696525412,96.77296183495187,63.00641142986718,5,1,98.21103468,95.80424485508138,96.52420393,94.27655513240644,98.32722931411297,98.62128372368764,,,100.08771739093362,95.52062673,1,0,4.5,-7.017663316868643,0,0.9621877438035212,6,5.849401322009884,93.80605694587041,0,0.02953240262337624,98.32722931411297,95.52062673,0,1,0,0,8,8,0,0,2260,0,,6,,0.5592971637788073,0.9541322626710232,2,7.007773734878275,0.34894003945215096,,,,,,1.0440486552842103,12.358934926412815,16.26984126984127,-39.00713924506606,0,20.262920567163352,14.227367802311539,22.462458888470923,18.864333595378074,,,,4621245
2026-05-08,98.45764736,98.74371807,96.87932619,96.97797127,97.02220493542553,96.64650887504415,96.59345720339543,97.59460771865729,105.53730052842604,96.94869200462186,0,0,0,0,107.8349930594137,96.02898007590065,97.51232221789262,72.2001317668212,5,2,96.33868806949768,95.7607199952349,96.3466428,94.60478384670931,98.39078643376635,98.76736206902027,98.47837803188887,99.05634610615166,100.21228225467725,94.34688944723354,0,0,5,-8.110240849035764,0,0.49814316712557194,6,5.954977246829418,75.95561686097564,0,1.1835131014149114,98.39078643376635,94.34688944723354,1,1,0,0,8,8,0,0,2132,0,,7,,0.29922895406508376,0.49573039692790927,3,5.121838049453826,2.217743580019966,,,,,,0.7194140913821523,13.707666994056872,23.015873015873016,-33.55033192449084,0,20.628646298850363,13.833021503085844,21.1685532021603,17.777690827161447,,,,3181539
2026-05-11,96.93851324,97.04702282,94.00875457,94.4526574,96.16568909028369,96.59112201611734,96.38957150783396,97.47139398067073,105.4270055719243,96.87011546427446,0,0,0,0,107.77573330507168,95.96070464851465,94.75063592366399,84.59507027061717,4,0,93.87658035439965,93.58111063911693,94.17205006968237,92.39923177798603,97.57694566506001,96.17089469999999,,,97.5285216611309,94.18604751200118,0,0,3.5,-10.409427937737815,0,-0.33935793910099715,6,6.50170425980038,40.79521185017345,0,2.5047340686808606,97.57694566506001,94.18604751200118,1,1,0,0,8,8,0,0,2132,0,,8,,-0.3536593031677943,-0.33238529316578397,0,3.694462096297551,4.450227742938034,,,,,,1.1638697855555609,14.469516545694407,25,-35.75546549884982,0,22.522564227522512,13.752271775727396,19.225045368763265,24.819860716435652,,,,5168975
2026-05-12,94.94588276,96.44035562,94.02848358,96.02111406,96.11749741352246,96.45725296615758,96.35448032232597,97.41452025829147,105.33341461160664,96.7881774534701,0,0,0,0,107.72212253137906,95.96329575643794,95.85526014671595,90.79053968982029,4,1,95.96329575643794,95.66739644903255,96.25919506384334,94.483799219411,98.43100472198,96.82334395028356,,,98.3028404873105,94.20155467790364,0,1.5,0,-8.840784841110166,0,0.24028634567494556,6,6.693919639681419,54.79029403434383,0,1.6679383180584717,98.43100472198,94.20155467790364,1,1,1,0,14,8,0,0,2132,0,,9,,-0.0380957966013433,0.24408767162261974,0,5.056535705078588,4.4484022055314,,,,,,1.1806918330472562,14.754205633011907,26.58730158730159,-36.37252124000753,0,23.188417835422737,13.677289886037409,17.825910226449274,23.013553439152098,,,,5348171
2026-05-13,95.83368842,96.87932619,95.09878263,95.72517884,95.98672455568163,96.28364959510304,96.29454684781874,97.34827157522122,105.23781027557075,96.70171888355269,0,0,0,0,107.67826149440484,95.95535261666267,82.81079559117663,94.96621182146296,4,2,95.52062673,,,93.77665861231284,98.43100472198,95.72517884,96.4851238968609,97.06644660275663,99.20461701358288,94.22847063823194,2,4,3.5,-9.03917651903002,0,0.1544794784713387,6,6.691091034585279,12.288081217102182,0,0.43015801031660655,98.43100472198,94.22847063823194,1,0,0,0,8,8,0,0,2132,0,,10,,0.4214102604656093,0.15915290126251808,0,1.55492714701193,6.15275724162362,,,,,,0.9369136661871299,14.58174539200967,25.396825396825395,-37.089672044394966,0,23.17861925994061,13.335973995541798,18.199358055667624,21.754828111021194,,,,4302895
2026-05-14,96.32691378,96.52420393,95.02479882,95.36019207,95.77788039378775,96.0784546053537,96.20556067850266,97.27030767305568,105.13952551730637,96.60935116942309,0,0,0,0,107.64312997580389,95.94021581501123,69.5933978984925,97.36523150462563,4,3,94.87683121,,,93.46039434318851,98.43100472198,95.36019207,96.4398541953448,97.00642894206939,98.79050291689839,94.12671147007372,2,0,9,-9.301291212025353,0.15,0.057975036811847416,6,6.583581628408465,4.847799204582266,0,0.3595827477389011,98.43100472198,94.12671147007372,1,0,0,0,8,8,0,0,2132,0,,11,,-0.1789192741870862,0.06382034631508336,0,0.7819147823591699,7.883731080580396,,,,,,0.7382456857525361,13.926922091141522,24.206349206349206,-38.9336027702045,0,22.80619575236101,13.05865624355047,17.339295944800572,20.95992229501771,,,,3366256
2026-05-15,96.29732026,96.67217154,94.20604472,94.61048951,95.38875009919184,95.81924311018142,96.05364913864527,97.16600107842605,105.03475898987048,96.50760738622422,0,0,0,0,107.59002439072452,95.89340722278922,74.54961113305998,98.17038266680977,4,4,93.66580332055075,93.38304887,94.00875457,92.24276266822575,97.57694566506001,94.61048951,96.97797127,97.57340086870937,98.9527439435485,94.00875457,2,0,6,-9.924590278610342,0.15,-0.158065009410706,6,6.5418052750313045,17.53540913321882,0,0.13857661940557,97.57694566506001,94.00875457,1,0,0,0,8,8,0,0,2132,0,,12,,-0.17550087883496357,-0.14708665327222895,0,2.2475860682409534,5.914268024538537,,,,,,1.0503927445344217,14.23818485750579,25.396825396825395,-37.170096673251365,0,22.66147821915262,13.238693736900997,16.000004899683525,21.905348584743848,,,,4829186
2026-05-18,94.69927008,96.64257802,94.60062501,95.23195347,95.33648455612789,95.5732090589892,95.9753924082981,97.09015607417405,104.93721863643894,96.40046412289087,0,0,0,0,107.54144221230479,95.87159843673062,74.31672367125367,98.91416175323212,4,5,93.63267729763525,,,92.2512847894239,97.57694566506001,95.52062673,95.23768570985598,95.80356775014403,96.93533183072012,94.00875457,0,2.5,7.5,-9.248639608091198,0.15,0.09639719571081297,6,6.588091061787921,9.092650172993046,0,1.0686836141542413,97.57694566506001,94.00875457,1,1,0,0,8,8,0,0,2132,0,,13,,0.43815354664417333,0.11386474332482226,0,1.8404406867451852,7.38602040559872,,,,,,1.006662439835913,14.33043875304905,25.793650793650794,-37.20728361158272,0,22.821816887814137,13.405871409297914,14.969020908608876,20.493845035127602,,,,4677385
2026-05-19,95.47856616,96.59325548,94.20604472,95.16290192,95.2786236774186,95.3261859947091,95.89801236179352,97.01457747989271,104.8399617536883,96.28838878546512,0,0,0,0,107.49202370086617,95.84854881837212,72.5960850884931,99.10308773256767,4,6,93.62566578312385,,,92.24686755375077,97.57694566506001,95.16290192,95.2365814009377,95.80467205906231,98.86561811249845,94.00875457,2,2.5,6,-9.230316066333229,0.15,0.10338339725971188,6,6.2830656047011,12.197088309894013,0,0.3117028932269384,97.57694566506001,94.00875457,1,0,0,0,8,8,0,0,2132,0,,14,,0.07044721290126144,0.12426578029980641,0,1.6257899744442224,6.41119425936758,,,,,,1.0240681878826214,14.200355777533519,25,-34.75653648584288,0,21.76517770926155,13.78081034169024,13.84576558996766,20.196322779585465,,,,4769077
2026-05-20,94.96561178,96.4847459,94.40333486,96.22826871,95.5951720216124,95.21462866502512,95.92946534733699,96.9837418418577,104.7542732656914,96.1785065762616,0,0,0,0,107.46312262279231,95.85634327261306,85.16844650426862,95.2680409326357,4,7,95.85634327261306,,,94.44464125196663,98.2406795439486,96.76861722613657,96.48627682200728,97.05095763026586,98.180319246783,94.00875457,0,6.5,0,-8.139051792251607,0.15,0.48644530338527875,6,6.38109650685255,60.47405596399929,0,1.9549895202904162,98.2406795439486,94.00875457,1,1,0,0,8,8,0,0,2260,0,,0,,-0.12591329935787846,0.5113244452461388,1,5.463082526926368,2.9769174688019677,,,,,,0.665608720485825,13.84599461523027,23.41269841269841,-37.36195096158866,0,22.1047667157378,14.128967921768826,12.934418578436953,18.866973507457008,,,,3072987
2026-05-21,95.8040949,97.70784616,94.48225092,97.39228057,96.19420820440827,95.35617494921127,96.0687810828287,96.9997629684515,104.68101960702779,96.07680939002653,0,0,0,0,107.43468304592066,95.89037007012082,84.47469795607208,91.34845026002888,4,8,96.67958366960156,,,94.93374453016698,99.1235016,98.67870136360372,98.38772817369795,98.96967455350949,100.13356731313254,94.81059056,0,3,0,-6.962808601205546,0.15,0.869424112378785,6,6.37919956581972,50.9467231200922,0,2.6587403498284248,98.34506183190103,94.81059056,1,1,0,0,8,8,0,0,2260,0,,1,,0.06384010907539135,0.8913494937787503,2,2.6293588450612795,2.405895581270289,,,,,,0.7338495460694958,13.375495792886369,20.238095238095237,-39.47245248491187,0,22.09819551924215,13.47070768543898,15.4073031024657,16.999557353603226,,,,3391684
2026-05-22,97.5599772,98.43791835,97.46133212,97.79672537,96.72838059293885,95.72337418677746,96.23334720541645,97.0310163959632,104.61251916685836,95.98490729510493,0,0,0,1,107.4165347941366,95.91817245205367,85.65244658936479,95.22684865159738,4,9,96.57717905413044,,,95.17955184296082,98.52167539608566,98.54059684071443,98.26107139848051,98.82012228294835,99.93822405188405,95.52062673,0,0,12.5,-6.515275467161895,0.15,0.9649202463382593,6,6.388442185210931,37.2160363978654,0,2.160783710119044,98.52167539608566,95.52062673,1,1,0,0,8,8,0,0,2260,0,,0,,0.45041572381916994,0.9835579302782456,3,2.9547036533881803,6.096520015442227,,,,,,0.49626936936068733,12.667893087265753,18.253968253968253,-42.757473011733936,0,22.13021289200335,12.676793351946275,17.224693278799684,16.431778107880728,,,,2265825
2026-05-26,97.84604791,98.44778285,97.37255156,97.4317386,96.96283326195923,96.1906810922372,96.34747971918631,97.04673099219994,104.5410686139543,95.90076215605444,0,0,0,0,107.38468415777395,95.95477938682731,82.32408552266452,95.65640240585284,4,10,96.58829817509421,,,95.24250008213313,98.59007683155951,98.56103315996457,98.52816910789996,99.09935239714899,100.17599087151785,94.81059056,0,0,6,-6.800514006803761,0.15,0.792966232953727,6,6.392156993511661,41.81014122027279,0,2.3223162892341906,98.59007683155951,94.81059056,1,1,0,0,8,8,0,0,2260,0,,1,,0.9777673425950236,0.8130679894087169,4,2.2062236211420334,4.087562797098663,,,,,,0.8737716772998704,12.383328700443814,16.666666666666668,-44.07585603793875,0,22.143081365437837,11.873843126312087,16.610329695993126,16.140199067416578,,,,3850730
2026-05-27,98.23076369,100.57851643,98.23076369,98.82263413,97.58276688463948,96.79437313854804,96.58320871069238,97.11637425250582,104.48416876834281,95.83342675884528,0,0,0,1,107.34927481075744,96.04232142443618,89.05094844436573,97.62469635294298,4,11,98.54535378482218,,,97.15520297394761,101.1442888,98.93570575397045,98.65767559179554,99.21373591614537,100.32585656484503,96.10169059,0,1.5,11.5,-5.418557380587764,0.15,1.2193246762574157,6,6.540917586660337,39.28455019603167,0,2.0386386439522415,98.91147403190213,96.10169059,1,1,0,1,8,19,0,0,2268,0,,0,,0.9311830019852034,1.2429204776772231,5,4.602236555706398,7.153346726108211,,,,,,1.1588788732507023,11.834352835792576,13.88888888888889,-47.77057878420366,0,22.658403176433012,12.45595426071107,21.774348704942966,14.509157486229235,,,,5013074
2026-05-28,98.83249864,99.43423358,98.13211862,98.7831761,97.98290328975966,97.42645019800173,96.79272941443595,97.18173903083893,104.42744247313541,95.78181504524932,0,0,0,1,107.32649892104448,96.09521355846955,90.79339000270613,96.20483853574055,4,12,98.54516864973108,,,97.1961841932047,101.1442888,99.31635269057688,99.0465557992716,99.58614958188215,100.66533714710326,96.10169059,0,1.5,10,-5.404964671606728,0.15061930245432378,1.1288352901967054,6,5.998245013418834,50.80797592962826,0,2.3830238258301293,99.1235016,96.10169059,1,1,0,0,8,8,0,0,2268,0,,0,,1.0049544196345903,1.1548674269485675,6,3.7966425434663913,3.686757572955125,,,,,,0.7660799442127179,11.196639363462749,11.11111111111111,-46.114382323056695,0,20.778530238976163,12.916628765941054,20.836053410716776,14.210384981312373,,,,3231562
2026-05-29,98.89168568,99.17775639,95.82382391,96.27759125,97.41446594317311,97.76267104048183,96.74366863687062,97.14628225511976,104.34634942613904,95.72866807173124,0,0,0,1,107.24774128386976,96.1042459941059,90.41481967492896,99.66702031921098,4,13,96.1042459941059,,,94.42141693111935,99.1235016,96.72521790190548,96.44474639140772,97.00568941240324,98.12757545439428,94.20604472,0,0,12.5,-7.7326693463775324,0.15,0.2286886295136987,6,6.142983835842768,34.95863229228027,0,1.796384365338679,99.1235016,94.20604472,1,1,0,0,8,8,1,0,2268,0,,0,,0.4965990168341814,0.24957862329827338,0,3.4322533317888055,7.422011523446044,,,,,,2.00157179005591,10.473298512262891,9.920634920634921,-50.783187153472944,0,21.27992022750805,12.258271728537308,18.61139671420049,20.041407550261134,,,,8725701
2026-06-01,96.26772674,97.18502727,95.85341743,96.622849,97.15059362878208,97.89752440707056,96.73216200478771,97.12575546080133,104.2694986756302,95.67642650800154,0,0,0,0,107.20765147870874,96.11754334631956,81.75013929199815,98.61510708221368,4,14,96.26625401700895,,,94.63229078852144,99.19087005362442,98.2215376477813,97.6980803,98.60106535,99.69037416899167,93.79719884,0,1.5,4.5,-7.333544107100776,0.15,0.36711938472708106,6,6.105185674632108,33.45889251967361,0,3.012138344800638,99.19087005362442,93.79719884,1,1,0,0,8,8,0,0,2264,0,,1,,0.7649382435810067,0.3856903692844078,0,1.7591483242058423,6.4155085957942095,,,,,,1.066415031872183,9.640223522444035,7.5396825396825395,-54.417556300885025,0,21.148983556208965,11.646940193805259,17.798852670258874,19.166431502668413,,,,4636371
2026-06-02,97.0174293,97.42187409,95.05439234,96.16908167,96.82342297585471,97.80816691789352,96.6785353062365,97.08823884155422,104.18889751139508,95.62250256425078,0,0,0,0,107.1661264138617,96.11883272940891,86.45162652836461,99.05956991490223,5,0,96.11883272940891,,,94.47475178063479,98.43100472198,96.16908167,96.40940324349877,96.95743022642348,99.61398202169882,93.98965652931292,2,2.5,7.5,-7.6973804627484075,0.15,0.22521893075419025,6,5.721337259160951,15.131573074746186,0,0.6326525931620374,98.43100472198,93.98965652931292,1,0,0,0,8,8,0,0,2264,0,,2,,0.4993609235786188,0.23681450187756875,0,2.8599668028523,7.168591401700104,,,,,,1.0638726060613009,8.651131705704504,1.9841269841269842,-56.34994938389723,0,19.81929364020726,11.567028535594384,16.425795315006145,20.291452105165106,,,,4639841
2026-06-03,96.04084307,96.59325548,93.17027145,93.47607117,95.7076390405698,97.29603031039134,96.37353872183301,96.94658520737562,104.08230222441603,95.55084122801499,0,0,0,0,107.09218266367498,96.02671312928346,79.86400984031825,99.41881575497128,4,0,93.17027145,92.88526799337424,93.45527490662576,91.74525416687122,95.8403962871,93.47607117,95.55973845750601,96.20794782580009,98.03612647601209,,2,0,5.5,-10.190234869658731,0.15,-0.6665612349250152,6,6.192094894560826,7.70663451875177,0,0,95.8403962871,,1,0,0,0,8,8,0,0,2268,0,,0,,-0.13649864902153844,-0.6560091720375754,0,1.7849215635949118,7.9644049682664875,,,,,,1.4940609439353638,7.630477374111358,1.9841269841269842,-64.42675507235586,0,21.4500459253344,12.46800547970017,14.66437447781379,24.018060180719353,,,,6698136
2026-06-04,94.37374134,95.29114052,92.05558212,93.19000046,94.86842618037987,96.51547277233723,96.07034460165845,96.79926815845893,103.97392111233228,95.46124538189812,0,0,0,0,107.02434328728296,95.93969581320853,83.28407340100925,99.54572855468888,4,1,93.06956935028208,92.77603436912959,93.36310433143457,91.60189444451964,95.8403962871,93.19000046,96.08326398880158,96.67033395110656,97.8444738757165,93.06956935028208,2,7,6,-10.371755279558473,0.15,-0.6576971543717925,6,5.7636270342271265,14.21545886141707,0,0.025874271686945227,95.8403962871,93.06956935028208,1,0,1,0,14,8,0,0,2268,0,,1,,-0.4567994556916161,-0.6523715185749076,0,2.940064881839409,7.444786884285315,,,,,,1.3238205914150474,7.833310188123929,2.380952380952381,-60.766339330233556,0,19.96578971831781,13.784486848932803,13.221146636008097,25.0448633484503,,,,6081084
2026-06-05,94,99.62,93.95,99.04,96.25895078691991,96.22120861148093,96.35316892531003,96.88713999538211,103.924827369921,95.39089086293076,0,0,0,0,106.98379501844688,96.03608394115096,98.97500153577124,73.17680750049246,5,0,99.04,97.736996635725,98.60106535,93.76033748859162,100.57851643,99.553552566325,,,101.20344710114011,96.10169059,1,1.5,0,-4.700346869505425,0.15,1.4442748691587988,6,8.55604758829002,86.19645538700921,0,0.29140431356654584,99.49139206385483,96.10169059,0,1,0,0,8,8,1,0,2268,0,,0,,0.656572585029715,1.4250519205493672,1,5.843568258977475,1.5881488377130748,,,,,,1.3590243522873378,10.228632124525431,10.714285714285714,-65.48930186749543,0,29.639018269790945,13.120810642909305,22.63392310096758,20.687483646841294,,,,6361015
2026-06-08,97.8,99.24,97.39,97.75,96.75596719127994,96.18339127388961,96.48620045623288,96.92097764262203,103.86338630156358,95.3303572974719,0,0,0,0,106.95574545246174,96.0674685341661,95.29403085734316,91.04920966787691,5,1,97.6980803,97.37515345782005,98.02100714217995,96.08344608910025,99.5820794955669,99.05403567623947,,,100.66866988713922,94.81059056,0,0,8,-5.8859878531339085,0.15,0.8996335700744356,6,8.563800276440903,73.2528522789842,0,1.1668272496945584,99.5820794955669,94.81059056,1,1,1,0,19,8,0,0,2268,0,,0,,0.25100207962876386,0.8858557018819135,2,6.700930273639583,4.398891713684099,,,,,,0.8098892845927197,11.868555930087878,15.476190476190476,-59.9925632316581,0,29.665874369336077,12.5045398801732,21.47618747936242,19.629309302407897,,,,3816458
2026-06-09,98.41,100.6,97.25,100.52,98.01064479418662,96.65344617025713,96.87037184135356,97.06211577428391,103.83011877617488,95.29590370637705,0,0,0,0,106.93672295087484,96.14564029058769,96.68459208113953,93.97597998755609,5,2,97.04467088339415,96.98361376528,97.6980803,95.66452835146875,100.25323710856328,100.57851643,100.24874507654718,100.9082877834528,102.22737319726406,96.98361376528,0,3.5,0,-3.1880140514049344,0.15,1.779313801545092,6,8.498572795257576,52.368853388522204,0,2.3248078737874622,100.25323710856328,96.98361376528,1,1,0,1,10,14,0,0,2300,0,,0,,0.9862703481163768,1.7509769415119492,3,4.99118363945804,4.840924506159967,,,,,,0.8026788576179211,16.125306078959962,32.142857142857146,-45.22639253823985,0,29.439919746417548,12.54407889287648,23.210472767201736,17.84890401243097,,,,3724508
2026-06-10,100.8,102.08,100.22,101.58,99.20042986279108,97.51399358108267,97.31890785646274,97.23928770470415,103.8077295346209,95.29232888124231,0,0,0,1,106.92233389298269,96.23121211863587,97.75339119151926,84.75794199159569,5,3,101.58,100.25569303036524,100.90133982963475,97.63741280292197,104.40564312404,103.77088605065,103.44806265101525,104.09370945028476,105.38500304882378,98.43100472198,1,1.5,10,-2.146015084433511,0.15,1.9792727215562123,0,8.420524689649968,84.07372126173175,0,0.7166976867713086,,98.43100472198,1,1,0,0,10,8,0,0,2300,0,,1,,0.8913274433773581,1.9456783023343387,4,5.656220869542667,1.753490654894576,,,,,,0.7471667910470022,21.278991813281703,51.58730158730159,-27.0506761497737,0,29.169553177723788,13.171406200865063,26.109794611469532,16.930695174059142,,,,3393919
2026-06-11,101.555,102.6025,101.24,101.54,99.98028657519406,98.51060337990216,97.72091663203773,97.4079430888334,103.7851650616396,95.31767200763849,0,0,0,0,106.90853512207451,96.31001360660969,98.26226291003388,83.83136495469655,5,4,100.57851643,100.26658666605344,100.89044619394654,99.01886761026721,104.40564312404,101.82941309676127,,,103.38906191649406,98.43100472198,0,0,9.5,-2.163281293917256,0.15,1.7879447467208036,0,8.404991666571602,79.88028280284324,0,2.453838739605307,101.82941309676127,98.43100472198,1,1,0,0,10,8,0,0,252,0,,2,,0.8842561685568897,1.7599519645782018,5,5.598952161356207,2.3551925156066766,,,,,,0.7233419844437265,24.76124258814373,64.68253968253968,-14.955834337158148,1,29.11574520739005,13.950027346029206,26.58710572582834,16.27040252508274,,,,3247528
2026-06-12,102,103.22,101.1,102.29,100.75019105012937,99.64845201883118,98.15606742898652,97.59939630103602,103.77028779734468,95.3746301218902,0,0,0,1,106.89584351706974,96.40392162696827,98.06314815921807,60.61511436072968,5,5,102.29,98.60545029835265,99.22260557425341,97.37113974655115,,103.02943464699719,102.60151448790825,103.54804482255003,104.78235537435152,99.20192868971999,1,0,10.5,-1.4265044732607468,0.23382704356731757,1.8760947591955364,0,8.384596811182217,90.22917682688168,0,0,,99.20192868971999,0,1,0,0,10,8,1,0,236,0,,3,,1.6706163485385406,1.8460658716037823,6,4.849546427710006,-0.436857473654498,,,,,,0.7763912854617246,28.456227102905007,69.44444444444444,-2.027427508068588,1,29.045095355895178,14.903665214841618,26.742928280642527,15.272353935388214,,,,3490523
2026-06-15,102.5,104.07,102.205,103.14,101.54679403341959,100.84512734693423,98.63072767384494,97.81667487746599,103.7640162769731,95.46651647412781,0,0,0,1,106.8827114369528,96.53633217758602,97.9591075400373,69.4731417833879,5,6,103.14,99.862389785,100.46876611262213,98.64963712975576,103.40381016441277,103.4430828721,103.13989470828895,103.74627103591106,104.95902369115531,99.862389785,1,0,12,-0.6013802273298992,0.2461632776372749,1.9815464521695236,0,8.308925056711885,76.82685585908376,0,0.05875029970538332,,99.862389785,0,1,0,1,10,8,0,0,236,0,,4,,1.7693062210981993,1.9488485943356213,7,4.84383882890087,1.9634276518668141,,,,,,0.9954461499591192,32.49070873548445,73.80952380952381,12.8817464747783,2,28.782960709014194,16.09712533709862,27.777305930431755,14.433561411669206,,,,4456823
2026-06-16,103.77,104.94,103.48,104.28,102.45786268894639,102.11569016615546,99.16875360966924,98.07013860776144,103.76915044337137,95.59794785374282,0,0,0,0,106.87651993073894,96.63876930474186,98.26560488163685,63.92456335849188,5,7,104.28,103.05331989458257,103.6485264845174,101.09917364026069,105.774109276003,104.36342956604156,,,105.85144604087863,101.29377484801999,1,3.5,9.5,0.4922942458774464,0.29414142456673165,2.1613399820877026,0,8.333283431424219,87.56461093306422,0,0.46972362116788174,104.36342956604156,101.29377484801999,0,1,0,0,16,8,0,0,236,0,,5,,2.133439626698755,2.124436725360411,8,5.3961133416077,0.70096973655808,,,,,,0.6915342722817128,37.216436589844044,80.15873015873017,28.922290116759104,3,28.867340594197323,17.505048770656366,28.887390165736466,13.654107839811518,,,,3039513
2026-06-17,104.12,105.01,101.2,101.47,102.12857512596426,103.0380866742178,99.38791993255788,98.20346650549628,103.74627332453186,95.74769238980396,0,0,0,0,106.85948672640727,96.72221055123951,77.27051981080936,79.39701752128968,3,0,100.57851643,100.26815265610168,100.88888020389831,99.02669756050842,104.40564312404,104.56266180976152,104.2522980358632,104.87302558365984,106.11448067925309,98.43100472198,0,0,7.5,-2.1940771958250274,0.29181151452806653,1.072735973018706,3,8.912687968490424,19.351223131203778,0,3.951271123407893,104.40564312404,98.43100472198,1,1,0,0,15,8,0,1,236,0,0,6,,2.1344921162245325,1.0564559776062883,9,0.43646404504053926,3.789724433480802,,,,,,0.9264426489692038,40.49823378361745,82.93650793650794,31.17067633994695,3,30.874456786866507,17.3805786391277,25.721147213007182,18.71665356179132,,,,4038152
2026-06-18,102.19,103.215,101.64,102.56,102.27238341730951,103.6975974576039,99.6900227961238,98.37431095626113,103.7344696098599,95.91983606941358,0,0,0,0,106.82999973251172,96.9351509124495,99.78479493495709,19.041691861783708,2,0,102.56,101.98622470995157,102.59377529004844,99.20979767961254,105.0649093688534,103.14137984815001,,,104.66025629839218,99.862389785,1,2.5,4.5,-1.1321883789226657,0.17977111924370454,1.335661945140215,0,8.908615372665412,97.84277166291187,0,0.7476889839189471,105.0649093688534,99.862389785,1,1,1,0,6,10,1,1,236,0,1,7,,2.4381689539496363,1.316849413842361,10,7.745572974501044,-1.489737898821354,,,,,,1.904451376518563,42.67984237720128,85.31746031746032,38.299934696111116,3,30.860348901091278,17.264999231279656,24.40193306744991,17.756693497345836,,,,8851294
2026-06-22,102,103.18,100.41,100.5,101.68158894487301,103.83103669027187,99.76716348220725,98.45767131091755,103.70228583264736,96.09796169586346,0,0,0,0,106.81238967225356,96.98727126286116,85.26410407562592,69.87593626502374,2,1,98.60305150911256,97.98943311330832,98.90846979439992,96.76219632169985,100.57851643,100.57851643,,,102.11256241951058,97.91153061154,0,0,3.5,-3.0879607010930754,0,0.5831071091055051,0,9.153261066858219,30.92435698575166,0,1.0731234778244072,100.57851643,97.91153061154,0,1,0,0,8,8,0,1,236,0,2,8,,0.4957041468340553,0.5707449479822709,11,1.5818464072284186,3.450461470257228,,,,,,0.7729450636555791,43.94668718986258,86.11111111111111,38.59886380236496,3,31.70782644548108,16.45862082972948,22.434873087692875,19.904781657589627,,,,3600476
2026-06-23,101.92,104.2,101.255,103.95,102.43772596324868,103.96628000908008,100.16552886485418,98.6730567497051,103.70475065023297,96.29897440276434,0,0,0,0,106.8035429893781,97.09889730952756,92.18429418385628,39.09628125220465,2,2,103.95,102.61986750171948,103.25572744068054,98.8631204883114,105.01,106.84928231777945,106.53135234829892,107.16721228725999,108.43893216518214,101.29377484801999,1,5.5,0,0.23648805693983424,0.07371721320290874,1.6319225104071684,0,9.701901179026173,97.08763249179626,0,0.20837922297242137,105.01,105.64806577498328,0,1,0,0,10,10,0,1,492,0,3,0,,1.5802781833456765,1.607555260360067,12,5.835373609570729,-2.760112505434794,,,,,,0.8455146609926314,44.370858677190085,86.11111111111111,32.02323301762334,3,33.60837154417145,16.181309189799578,22.96820509357469,17.83650014001501,,,,4012350
2026-06-24,104.81,107.7,104.44,106.73,103.86848397549912,104.4183200832013,100.79071659201092,98.98901530854019,103.73485263381274,96.53360023444894,0,0,0,0,106.73,97.40905150026288,99.59160128232034,31.71212699379904,2,3,106.73,102.51750909479665,103.17491475240337,101.4707547391463,,106.90991450722314,106.58121167841978,107.2386173360265,108.55342865123991,103.16725252706,1,0,6,2.8873105712698433,0.08050286834474953,2.3463984198517562,0,9.944180446086275,95.30443431973829,0,0,,105.64806577498328,0,1,0,1,11,10,0,1,492,0,4,1,,1.5285305239072025,2.3008491986116635,13,6.888785558827498,-0.582710711014431,,,,,,1.675847558926936,46.99324708458581,86.11111111111111,36.41930575112588,3,34.44765154450874,17.210057094144315,30.13569824981466,16.019648584664676,,,,8327800
2026-06-25,106.575,109.13,106.575,108.1,105.27898931699941,105.20101299172424,101.48683882134321,99.34630882585233,103.77828693596385,96.8055059319202,0,0,0,0,107.24060439257896,97.60976576677909,97.43742489976822,22.17561995110041,2,4,108.1,106.55103119148265,107.20710430211744,103.95070755746079,112.03666488912,108.23674503507223,,,109.87692781165924,105.64806577498328,1,3,7.5,4.1643711720765335,0.09172644208472784,2.5243716749831893,0,9.930761244056294,96.50631441392828,0,0.9487557080240224,108.23674503507223,105.64806577498328,1,1,0,0,11,10,0,1,492,0,5,2,,1.5672366897947614,2.4733493209979662,14,5.669299522233346,-2.653492109382624,,,,,,0.9963473672723048,50.84557444090417,86.9047619047619,47.801892368155585,3,34.40116606508282,18.577356277501796,31.932190404146677,14.905601301171954,,,,4947909
2026-06-26,108.95,109.91,108.405,109.37,106.64265954466627,106.29750346215499,102.23761607645338,99.73939475425028,103.83392587192441,97.11618215689923,0,0,0,1,109.37,98.14260155418354,99.87405927887335,3.98138526736078,2,5,109.37,106.27887904551959,106.92041121968047,104.9958146971978,109.63950797381374,109.63950797381374,109.31874188673329,109.96027406089418,111.24333840921597,105.79402397988589,1,2,10.5,5.331662153373797,0.13104707001198995,2.6378469876973343,0,9.94163402970377,99.20335615329881,1,0.06161329599847495,109.63950797381374,105.79402397988589,0,1,0,1,11,10,1,1,492,0,6,3,,1.8351100739609678,2.5822855299816188,15,8.46113858005457,-3.80388301369552,,,,,,2.3034888624915975,54.916125013524756,86.9047619047619,59.45990098146067,3,34.43883049940529,20.05858324466929,32.49453652817722,14.154632998763477,,,,12507599
2026-06-29,109.02,110.16,108.07,109.91,107.73177302977751,107.49486064674329,102.96831930726734,100.13824201878948,103.89438432095999,97.46332102232606,0,0,0,0,109.51160749796944,98.32910828446369,98.45347591995778,7.229191521662034,2,6,109.91,106.28313019459677,106.9161600706033,105.01707044258369,110.87476519834419,115.61249813,115.29598319199674,115.92901306800327,117.19507282001635,113.28556275596011,1,3.5,0,5.79012592293345,0.1281687547454312,2.5137446653014965,0,9.401863838615894,98.07541694976818,0,0.19717537050617917,110.87476519834419,113.28556275596011,0,1,0,0,11,10,0,1,492,0,7,4,,1.758189445490556,2.462781069372781,16,4.93147106776512,-5.252371252974749,,,,,,0.8523610081531223,57.905436687147784,86.9047619047619,77.79304206446206,3,32.569011708654564,21.224308619968156,30.57876198109168,14.265122509523062,,,,4445791
2026-06-30,109.6,110.17,108.46,109.77,108.41118201985168,108.61371108233766,103.61609842086092,100.51595801805264,103.95284815856238,97.84064420585722,0,0,0,0,109.5637037991103,98.50110437492555,97.70507938327387,10.249682914877608,2,7,109.77,106.29047054731129,106.90881971788878,105.05377220615628,111.88260157105404,115.61249813,115.30332354471126,115.92167271528875,117.15837105644376,113.28556275596011,1,3.5,0,5.59595234232019,0.10198449940950215,2.2091004565770036,0,9.430808759385798,91.27879765426317,0,0.44794307302367975,111.88260157105404,113.28556275596011,0,1,0,0,11,10,0,1,492,0,8,5,,1.5209267904720984,2.1710269877798587,17,4.175088294345484,-2.0630384682097826,,,,,,0.8236214420107504,59.11759954555728,87.6984126984127,80.95776768616658,3,32.66927985544362,22.30984434345848,29.09758073303899,13.56067310467517,,,,4281266
2026-07-01,110.05,111.75,109.4408,111.44,109.42078801323446,109.76245178992856,104.36123190458845,100.94435182126627,104.02734718186026,98.25279670157778,0,0,0,0,109.9085985821129,98.71479916964431,97.31124637456315,11.183752318709871,2,8,111.44,106.29193658911763,106.90735367608244,105.76047690617203,113.00656485707363,115.61249813,115.3047895865176,115.92020667348241,117.15104084741206,113.28556275596011,1,2,0,7.125677063725328,0.1247869435269306,2.4547429248930137,0,9.393735063449418,91.4992640097532,0,0.27582683109010364,113.00656485707363,113.28556275596011,0,1,0,0,11,10,0,1,492,0,9,6,,1.606601798999765,2.4108883702784003,18,4.15745352857464,-2.201759727382479,,,,,,0.9187625012595516,60.604436203305376,88.0952380952381,86.24108152788055,3,32.54085280547128,23.786922901214727,31.732491398117993,12.652046981822133,,,,4782366
2026-07-02,112,115.02,111.95,114.72,111.18719200882298,111.21030697565455,105.3477812470086,101.4845733184715,104.13374173726464,98.71382118103232,0,0,0,0,114.72,98.96844069279216,97.33882554476281,8.277935627825432,2,9,114.72,106.075655256028,106.71104255106675,105.54527697974785,,123.06780678,122.75011313248062,123.38550042751937,124.65627501759691,113.29983576336349,1,2,0,10.16602120131733,0.30682622880032817,3.099177403448825,1,8.831355042680986,94.77795324545163,0,0,,113.29983576336349,0,1,0,0,11,10,1,1,492,0,10,7,,2.90574676012771,3.025250290681494,19,4.373508385560613,-3.384972986511575,,,,,,0.9136470367946306,65.19461050380922,88.0952380952381,113.1050430096876,3,30.592711267206152,25.920559763090615,37.729893142045064,11.37907961922211,,,,4662758
2026-07-06,114.485,114.62,111.1,113.01,111.79479467254865,112.55909839478572,106.07751636634111,101.93655083539419,104.2220627150033,99.20629791906858,0,0,0,0,113.95710117877528,99.14542564079612,96.6167138546214,7.67757981526753,2,10,109.37,109.04267732730344,109.69732267269657,107.73338663651715,113.29983576336349,113.95710117877528,113.62977850607871,114.28442385147184,115.59371454225813,106.24759236983999,0,2,0,8.431935672802254,0.2218919780599824,2.2820703107852665,0,9.097120992615483,92.2965831260835,0,2.4011998502813534,113.29983576336349,113.29983576336349,1,1,0,0,16,10,0,1,492,0,11,8,,2.260080619789991,2.2471750737307246,20,3.7612627215297962,-2.9931827223769965,,,,,,0.7531073841746961,68.40625968356774,88.88888888888889,117.0707220153636,3,31.513351523622866,27.35544797556626,34.00426046236597,12.574048666385805,,,,3755895
2026-07-07,114.93,116.82,114.5,114.74,112.7765297816991,113.8930027357961,106.90251480764196,102.438646881065,104.32671880739133,99.73543646454011,0,0,0,0,114.17879539916267,99.31754778284044,95.8548532101315,7.769775863523042,2,11,109.37,109.03203966106747,109.70796033893254,107.68019830533736,113.29983576336349,123.06780678,122.72984644106747,123.40576711893253,124.75760847466265,113.29983576336349,0,0,0,9.98141349756598,0.3265737341544966,2.503004576761224,1,7.376667611301906,90.94920739728822,0,2.3256194947467113,113.29983576336349,113.29983576336349,1,1,0,0,16,10,0,1,364,0,12,9,,3.0400232557399582,2.457247656862983,21,3.5122546796991205,-2.8416670715798937,,,,,,0.6877661268744616,69.5665641714157,89.28571428571429,172.2386087277942,3,25.553526186645293,29.15773281034702,36.39369361946093,11.308390711989446,,,,3325644
2026-07-08,113.89,113.89,110.96,110.98,112.17768652113273,114.60097315995408,107.29084673072369,102.77360190533696,104.39292061030287,100.27066307065195,0,0,0,0,113.36611910409326,99.47034042375819,96.63724027863218,15.730987456550665,2,12,109.37,109.02242968527695,109.71757031472306,107.6321484263847,113.29983576336349,113.36611910409326,113.0185487893702,113.71368941881632,115.10397067770856,107.35999236984,0,0,1.5,6.3098908922058055,0.12255183574527634,1.2554614572641045,0,8.196012521976721,87.7398015543606,0,2.2613184135099273,113.29983576336349,113.29983576336349,1,1,0,0,8,10,0,1,364,0,13,10,,1.4791301613850896,1.2444520315534278,22,4.401458500737,-1.1195057781813227,,,,,,0.8256469352050522,66.80463921640477,87.6984126984127,135.29537278821078,3,28.39182021506882,28.93123811450205,32.85976938132372,19.30405657142554,,,,3999931
2026-07-09,110.66,110.9,109.4217,109.93,111.42845768075516,114.63527186147185,107.54219466113095,103.05424496787276,104.44801592761328,100.80079923263659,0,0,0,0,112.64813508566549,99.6109020925958,97.4204063743139,22.269751810119,2,13,109.37,109.03334274347145,109.70665725652856,107.68671371735722,113.29983576336349,112.64813508566549,112.31147782913693,112.98479234219404,114.33142136830827,106.24759236983999,0,5.5,0,5.248528680703672,0.061798198959073916,0.8704156330671425,0,8.011229453182953,88.16023555206918,0,2.3346211538025416,113.29983576336349,106.24759236983999,1,1,0,0,8,10,0,1,300,0,14,11,,0.6945263099182558,0.8651659837493069,23,4.8949901426921745,-0.7662695448858391,,,,,,0.854603866668775,63.01231069127768,86.5079365079365,127.05737460443886,3,27.75171288801021,28.042135299411964,31.501738708491075,22.58602123612795,,,,4158772
2026-07-10,110.64,113.12,110.13,112.41,111.75563845383677,114.49228787878788,108.00579516959466,103.42113732207383,104.52723964972658,101.33572788682902,0,0,0,0,112.61388996202984,99.74768093770382,97.37204521892384,13.44347620650627,2,14,112.41,107.35999236984,108.07,106.95252076014714,113.29098167616584,112.61388996202984,112.27279750953905,112.95498241452064,114.31935222448385,107.35999236984,1,2,0,7.541345563786764,0.07770672781893383,1.4409218955703282,0,8.189402436108798,94.61610178852816,0,0.16142648234601398,113.29098167616584,107.35999236984,0,1,0,1,8,10,1,1,300,0,15,12,,0.8979141706560586,1.4250608656211727,24,4.351468232134263,-3.5974795613912023,,,,,,0.6873041479450971,59.79583004386907,85.71428571428571,110.77935076206012,3,28.368922205937547,27.842480840926875,34.68241839541109,20.700027339973943,,,,3342885
2026-07-13,113.01,114.9099,108.75,110.18,111.23042563589118,114.0059380952381,108.21286229629993,103.68619076042388,104.58348602137109,101.85732713684644,0,0,0,0,112.04194173876718,99.98050796359652,98.34028055148626,27.912072938406354,2,15,108.07,107.69827218697282,108.44172781302717,106.21136093486412,113.29098167616584,112.04194173876718,111.67021392574,112.41366955179436,113.90058080390305,106.38978530400077,0,0,4.5,5.351240613155027,0.07120064751021958,0.7340600016565962,0,8.553794167184964,89.6230273500918,0,2.809034725515236,113.29098167616584,106.38978530400077,1,1,0,0,8,10,0,1,300,0,16,13,,0.22121475501887272,0.7257964909653698,25,6.182861900125921,0.03044566250153455,,,,,,1.4116333581698155,56.50627848387665,83.33333333333333,90.69850440594952,3,29.631212190101337,28.10293317575833,33.850150713358445,17.637348192400797,,,,7140633
2026-07-14,109.8,110.22,106.55,106.82,109.76028375726078,113.0238004329004,108.08020874427136,103.80908524040726,104.6057398918052,102.34342881439683,0,0,0,0,111.41250576846674,100.06839116601076,84.55953938967633,25.967121506798087,2,16,106.28200589460005,105.90406221107482,106.65994957812528,104.39228747697388,110.34644463000001,111.41250576846674,110.65661840141628,111.41250576846674,112.92428050256768,106.38978530400077,0,0,0,2.1167673117029957,0.010583836558514978,-0.18672731335995454,0,9.229580204129519,61.929758379255944,0,2.1508171257099953,106.38978530400077,106.38978530400077,1,1,0,0,8,10,0,1,300,0,17,14,,-0.5169640517173669,-0.1920720326944133,0,0.7395532825434614,-1.0952859055081272,,,,,,0.8178685788576302,53.94467370229076,82.53968253968254,68.72366453584287,3,31.972203692168506,27.410033384833167,30.915330127144156,21.305480956010634,,,,4164691
2026-07-15,106.81,108.82,105.985,106.53,108.68352250484052,111.71573419913418,107.93256981624552,103.91578777999914,104.6248867585534,102.79331496244087,0,0,0,0,110.90283256753595,100.14769045684268,89.27741101997458,33.11041486150157,2,17,106.28200589460005,105.90574568846948,106.65826610073061,104.40070486394718,110.34644463000001,110.90283256753595,110.52657236140539,111.27909277366652,112.78413359818882,106.38978530400077,0,0,0,1.8208987368780603,0.009104493684390301,-0.22816241934572942,0,9.218484648006179,74.0170905676809,0,2.160440391609995,106.38978530400077,106.38978530400077,1,1,1,0,19,10,0,1,300,0,18,15,,-0.5462201340870035,-0.23400248584758135,0,3.2275989482259977,-0.08653999663163103,,,,,,0.7941989742263658,52.231858276296514,82.14285714285714,63.56309408518944,3,31.933767558280792,26.540066149727913,28.835534599759136,21.212910175425225,,,,4027098
2026-07-16,106.73,109.38,106.73,108.99,108.78568166989368,110.49379177489175,108.03327745279357,104.11477649450897,104.66832072115486,103.22372378062006,0,0,0,0,110.75069138505083,100.23661450180936,87.60382937163689,18.23289695755839,2,18,108.07,107.69516909430732,108.44483090569267,106.19584547153661,112.03666488912,110.75069138505083,,,112.6248459135142,106.38978530400077,0,3.5,0,4.128927691845227,0.020644638459226136,0.44308774032607406,0,9.418528563827932,88.85160370877566,0,2.1165089798503884,112.03666488912,106.38978530400077,1,1,0,0,8,10,0,1,300,0,19,16,,-0.3906783751075978,0.43417281140035635,1,1.9726781729181155,-4.040634404509929,,,,,,0.6555207909382079,51.61324506244394,81.74603174603175,58.19308041914078,3,32.626740010177414,25.900562417396873,28.21188972960164,19.772813333427717,,,,3333548
2026-07-17,110.26,111.18,107.74,108.35,108.64045444659578,109.40822034632033,108.06344150490847,104.28086369080273,104.70495434581998,103.63140598439483,0,0,0,0,110.5687480183849,100.31987409112484,92.22667548976034,14.351814245100417,2,19,104.26766092959231,103.88888937430626,104.64643248487836,102.37380315316203,106.46665646854976,112.30646964884906,111.92769809356301,112.68524120413511,114.20032742527934,106.46665646854976,0,0,2,3.4812542319068647,0.0281002566575178,0.2475478876314041,0,8.944438974882488,90.58564200451947,0,1.1611196819131366,106.46665646854976,106.46665646854976,1,1,0,0,8,10,0,1,364,0,20,0,,-1.0855518839838678,0.24118026349362054,2,4.127472184673897,-2.42130893594453,,,,,,0.6798607143312113,50.96418398763808,81.34920634920636,64.48312424580568,3,30.984445499391505,25.823472345756244,30.16724990676335,18.169451545503897,,,,3436886
2026-07-20,108,108.79,107.63,108.48,108.58696963106385,108.58874242424243,108.10311374253624,104.44553570292811,104.74251698914516,104.0178369734111,0,0,0,0,110.45903731196844,100.38067028182564,95.53633533407407,8.776623768947886,2,20,108.48,107.98792641294865,108.71207358705134,104.73341130358929,112.03666488912,112.30737459507095,111.94530100801961,112.6694481821223,114.11774253032765,106.46665646854976,1,3.5,0,3.568257779448029,0.017841288897240144,0.2705781131311625,0,8.912099909372353,96.74633286434555,0,0.9493075374212652,112.03666488912,106.46665646854976,1,1,1,0,19,10,0,1,360,0,21,1,,-0.7642532684721258,0.26385466892053766,3,5.493766251222217,-4.105378098538641,,,,,,0.5305512122417262,50.27635829805968,80.55555555555556,62.85201743941796,3,30.8724196903258,25.700677627914033,29.304313398646347,17.92096802503744,,,,2513971
2026-07-21,108.17,108.425,106.965,108.05,108.40797975404257,107.95742510822511,108.09805529086611,104.58688724398975,104.77542726786014,104.38187597102113,0,0,0,0,110.3476801630373,100.43303359486876,97.06206317886965,5.415214523834829,2,21,104.40502134747598,104.05528337378546,104.7547593211665,102.65633147902335,106.46665646854976,112.30822221090196,111.95848423721144,112.65796018459248,114.05691207935459,106.46665646854976,0,2,0,3.1253251048724993,0.032745737382366524,0.14699317358054517,0,8.61202708482586,96.99997374285005,0,1.1789598363133797,106.46665646854976,106.46665646854976,1,1,0,0,8,10,0,1,360,0,22,2,,-1.1369528948640322,0.14257951434434818,0,5.221056403060365,-4.712965317919331,,,,,,0.49625221932169067,49.56897120451009,79.76190476190476,66.15518382891501,3,29.83293693415534,25.267109282073985,28.170912974137355,18.925539824963383,,,,2319668
2026-07-22,109,109.6,108.48,108.88,108.56531983602838,107.60399047619049,108.17252621554553,104.75524460697055,104.81626878758293,104.73204104150794,0,0,0,0,110.28357889113626,100.48963222852863,97.03220469838996,4.102930928695998,2,22,108.35,108.01140402443022,108.68859597556977,106.65702012215111,111.18,112.30901242386938,111.9704164482996,112.64760839943915,114.00199230171826,106.46665646854976,0,3.5,0,3.8770042660576736,0.01938502133028837,0.3603747162960112,0,8.027924321035941,94.78785934494513,0,1.6716087633574452,111.18,106.46665646854976,1,1,0,0,8,10,0,1,360,0,23,3,,-0.3213258319004999,0.3549187583178282,1,4.195873674628485,-4.294124452758054,,,,,,0.4994877566684313,48.826478425254564,79.36507936507937,75.57452795447182,3,27.809545606704262,25.232998362279403,30.117899580420637,18.15200448540709,,,,2291823
2026-07-23,107.23,107.83,106.52,107.31,108.14687989068558,107.31796666666666,108.09038086168405,104.8554310929717,104.84108203347762,105.06076827924916,1,0,0,0,110.13482273179098,100.54429189436067,97.17907341982132,3.62384038305234,2,23,104.91269624578646,104.57721426847168,105.24817822310125,103.23528635921251,111.18,112.30974520094577,111.97426322363098,112.64522717826055,113.98715508751972,106.46665646854976,0,3,0,2.3549146180444933,0.011774573090222467,-0.06742232929680753,0,7.775645112427372,94.63300770574631,0,3.7362983277833606,106.46665646854976,106.46665646854976,1,1,0,0,8,10,1,1,352,0,24,4,,-0.42398653304604006,-0.06831663281477218,0,4.352624610452235,-4.129977671420775,,,,,,0.6411210336449393,50.48150010206167,80.55555555555556,87.41536715995319,3,26.935624792697645,24.279772949632278,28.226211762166237,22.22826320130922,,,,2763310
2026-07-24,107.765,109.785,107.06,109.7,108.66458659379039,107.3394316017316,108.24367792247605,105.04541418736497,104.88942947593058,105.38640439699375,0,0,0,0,110.11526034496524,100.6128709913864,98.02846014004618,2.617035703875327,2,24,109.7,108.01415066392197,108.68584933607802,104.37320531137583,111.18,110.11526034496524,,,111.79450702535534,106.59345425409683,1,5.5,0,4.586325379120611,0.022931626895603057,0.5706884117736435,0,7.984320366123667,97.34520748493281,0,0.2778406314703043,111.18,106.59345425409683,0,1,0,0,8,10,1,1,448,0,25,0,,-0.42886600534177416,0.5635173302222635,1,5.53151457631073,-5.0434122166943105,,,,,,0.6206227709593737,55.68950038087507,82.93650793650794,101.34680574912689,3,27.658497076066258,24.023729926135307,31.37876199104723,20.617953088242203,,,,2602169
2026-07-27,110.81,112.34,110.7,111.44,109.58972439586026,107.79790995670994,108.5480895489069,105.2961822584487,104.95460928214023,105.71956254338721,0,0,0,0,110.17215284385871,100.69316055390114,97.42154241704688,2.06160361916385,2,25,111.44,107.45913525169256,108.35,106.1174091462599,,114.90953694057067,114.57410541421251,115.24496846692884,116.5866945723615,113.20657571242899,1,2,2,6.179233825191677,0.030896169125958384,0.9738536901588618,0,8.052706065141182,95.58818969948699,0,0,,113.20657571242899,0,0,0,0,8,10,1,1,448,0,26,1,,0.3069895304071206,0.9618493227538045,2,4.112303929166677,-5.1338971566036316,,,,,,0.7020010382643008,61.70693911009407,86.11111111111111,121.20835913968038,3,27.89539208648516,24.48460104514459,35.97465603179431,19.16908925071001,,,,2595458
2026-07-28,113.48,115.47,113,113.09,110.75648293057351,108.70684675324677,108.980652449011,105.60182216988208,105.03555844351196,106.06918604775979,0,0,0,0,110.34979753420394,100.83039632165644,97.35272300461486,2.2668343465107266,2,26,111.18,110.83254572552457,111.52745427447545,109.44272862762283,113.20657571242899,114.95741697959755,114.60996270512211,115.30487125407299,116.69468835197473,113.20657571242899,0,0,6,7.668299836592688,0.07321049330377,1.3080789733692362,0,8.161927072901701,94.68542510384412,0,1.1665280074556992,113.20657571242899,113.20657571242899,1,0,0,0,8,10,1,1,448,0,27,2,,1.2789519529664524,1.2914474876073416,3,4.3312504526429985,-4.460113313873387,,,,,,1.0673186670655586,66.19331319433167,87.3015873015873,134.1158334909866,3,28.27374475587534,25.60749247284552,40.2923396948753,17.18395060505167,,,,3917952
2026-07-29,110.9,113.33,110.06,113.21,111.57432195371567,109.8541787878788,109.38344745386709,105.90018208478867,105.11689617044219,106.43534959727702,0,0,0,0,110.48286127090208,100.9392617096882,97.67517900211632,1.420847588319041,2,27,113.21,110.82816745941567,111.53183254058435,107.58067935065066,,115.11498924094015,114.76315670035581,115.46682178152449,116.87415194386182,113.20657571242899,1,5,0,7.6991464972816654,0.08229720189977052,1.214177372153602,0,8.157144725826209,97.58964361300808,0,0,,113.20657571242899,0,0,0,0,8,10,1,1,448,0,28,3,,1.3504117553068975,1.1983757590813446,4,4.7474858180987,-6.430709723841396,,,,,,0.8688831644270896,69.61341256214132,89.28571428571429,146.35656122853655,3,28.257178219646985,25.408335830355817,36.94872509935388,23.21889555374296,,,,3139944
2026-07-30,111.63,111.63,108.8,110.19,111.1128813024771,110.67117662337662,109.46026198207022,106.06841023832636,105.16737481551242,106.79785612823322,0,0,0,0,110.47086312885712,101.01336252556884,95.61856702293824,25.84756801379985,2,28,108.35,107.98392335517168,108.7160766448283,106.51961677585844,111.18,110.47086312885712,,,112.30124635299867,106.59345425409683,0,3,3,4.775839649224307,0.023879198246121534,0.33862051179462793,0,8.500267659806392,64.81058466240168,0,1.5461243102942408,111.18,106.59345425409683,1,1,0,0,8,10,1,1,448,0,29,4,,0.2824970697096886,0.3311624810858047,5,3.128531895791808,0.4546288635081568,,,,,,0.8193737606882457,71.02000552201179,89.28571428571429,141.18898925893438,3,29.445790929438537,24.748499735953473,32.9745408094236,23.79461102357366,,,,2883223
2026-07-31,108.94,110.26,107.7301,109.31,110.51192086831807,111.06729523809523,109.44595131711115,106.19553140545082,105.20859496660185,107.14956201764875,0,0,0,0,110.40078334663168,101.11628954495588,96.54286807532611,21.77717266733771,2,29,109.31,107.987483294088,108.712516705912,104.82996635270398,113.16780381479288,109.83767349589856,,,111.65025702545857,106.69998545981852,1,4.5,1.5,3.8983554857852916,0.01949177742892646,0.09513960395431906,0,7.933216664031447,86.04625542877204,0,0.8611104555255504,113.16780381479288,106.69998545981852,1,1,0,0,8,10,1,1,448,0,30,5,,0.2395943094248475,0.09235479087662626,0,4.426903993784292,-1.608455052716467,,,,,,1.2875288252026102,67.38324334059847,87.3015873015873,145.19520472667108,3,27.481468659109083,23.74440424227691,30.919899271695524,24.94707056170288,,,,4521478
2026-08-03,110.95,112.7,106.105,107.56,109.52794724554538,110.94004978354978,109.26633690595771,106.24903997778608,105.23199203161079,107.47853484960196,0,0,0,0,110.14252397381148,101.24604592041399,94.94194521900853,64.13631788054839,2,30,105.88662032181134,105.4911137377502,106.28212690587247,103.90908740150562,112.03666488912,109.80033479139443,109.4048282073333,110.19584137545557,111.77786771170015,106.69998545981852,0,0,5,2.2122625671572407,0.011061312835786204,-0.34747872802069374,6,7.952681202330736,61.03459246830297,0,3.109958122142358,106.69998545981852,106.69998545981852,1,1,0,0,8,8,1,0,2498,0,,0,,-0.11332118104040718,-0.34142904693390974,0,3.4697114974537833,1.2150475223538626,,,,,,2.025164575567136,61.857934807851244,84.52380952380952,124.53870841924628,3,27.54889579766956,23.47430168590891,31.82478000654016,21.232893402026072,,,,7489976
2026-08-04,109.19,112.12,105.77,111.57,110.20863149703025,110.92634069264068,109.4857333911046,106.45770507669643,105.29505678751515,107.81001937577628,0,0,0,0,110.27740030594236,101.47926769364285,99.51963297497316,6.574105205095533,2,31,109.76511627906976,109.34116373672727,110.18906882141225,107.6453535673573,113.16780381479288,113.54226546744023,113.11831292509774,113.96621800978272,115.66202817915268,107.35999236984,0,7.5,0,5.959390121368797,0.029796950606843987,0.712286641559957,6,8.704030285985345,95.87549877736662,0,1.6052209603093974,113.16780381479288,113.16780381479288,1,1,0,0,8,10,1,0,2502,0,,0,,0.7364036624507241,0.7238036801657519,1,6.671413030432042,-3.098706766245841,98.0938768231,107.0721550586,93.21995435240001,,107.3286772939,2.169795385201315,53.82162502201545,79.36507936507937,78.50311105142242,3,30.151645371889764,23.093949475084237,27.56875796107126,19.098876051223876,98.0938768231,107.0721550586,93.21995435240001,8596747