time,open,high,low,close,Sprint Line EMA,Hull Baseline HMA,MA 20 Fast,MA 50 Mid,MA 200 Slow,Weinstein MA 150,Golden Cross,Death Cross,Zone 0 Long,Zone 0 Short,AVWAP Resistance,AVWAP Support,Buy Score,Sell Score,Stage 1 Base 2 Up 3 Top 4 Down,Stage Age Bars,Long Entry,Long Entry Zone Bot,Long Entry Zone Top,Long Stop Loss,Long Target,Short Entry,Short Entry Zone Bot,Short Entry Zone Top,Short Stop Loss,Short Target,Entry At Market 0No 1L 2S 3Both,Long Rev Zone,Short Rev Zone,Ext Pct vs MA200,Exhaustion Gradient,Ext Z Self Relative,Regime 0 Hlt 1 Ext 2 Clmx 3 Dist 4 Dn 5 Ign 6 Sqz,Exp Move Pct 21b,Dir Prob Pct Above 50 Bull,Long Ignition Fresh Breakout,RR To Target,Long Target T1 Waypoint,Short Target T1 Waypoint,Long RR Valid,Short RR Valid,Long In Zone,Short In Zone,Action Long Code,Action Short Code,MTF Long Aligned 0 To 3,Bear Warning Mask,Reversal Pattern Mask,Weak Level Mask,Bear Warning Age,Reversal Pattern Age,Weak Level Age,Z Velocity,Z Elasticity,Trend Bars Up,Buy Sigma Evidence,Sell Sigma Evidence,VP POC,VP VAH,VP VAL,VP HVN Above,VP HVN Below,RVOL Vs Avg,Energy IV30 Ann Pct,Energy IV Rank Pct,Energy IV HV Spread,Energy State 3 Exp 2 Warm 1 Sqz 0 Dorm,HV20 Ann Pct,ADX 14,DMI DI Plus,DMI DI Minus,POC,VAH,VAL,Volume
2025-05-23,31.56567223,32.34041182,31.49614431,32.25101879,32.21670741032977,32.5281092342316,31.9367705766625,31.36339281892058,30.00774630088421,30.950382268238084,0,0,0,0,30.86369804418878,29.605472138268688,99.14231472779159,17.023398012158612,2,7,32.25101879,31.161642394300006,31.340259826740002,30.9577914250516,32.97271755402,32.67134124357143,32.53723197,32.7079165,33.0312233412371,31.340259826740002,1,3.5,0,7.475644677286851,0.037378223386434255,0.058526479100448996,0,4.037361520905233,93.98862639240915,0,0.5580602325475778,32.97271755402,31.340259826740002,0,1,0,0,8,10,2,1,3269,0,8,0,,-0.27694992376942323,0.06515432051745927,1,6.178094916854699,-4.621098928887847,,,,,,0.9304290683702361,60.13968858310752,87.6984126984127,330.00441269193436,3,13.985830565462837,11.005171333625245,19.839101292540402,20.451783217317917,,,,516089
2025-05-27,32.05236761,32.46953509,32.04243505,32.34041182,32.25794221355318,32.403301686402166,31.9752125998375,31.401707289551148,30.030956903064467,30.985787281338727,0,0,0,0,30.884819503778026,29.61609640970476,98.98062617463503,10.104017899835906,2,8,32.34041182,32.17215202292711,32.3298855570729,31.411500913416816,32.97271755402,33.11428923522965,33.03542246815675,33.193156002302544,33.50862307059414,31.60640874498,1,5,1.5,7.690247514889768,0.03845123757444885,0.11692562094765471,0,4.030929347427859,91.48827595440558,0,0.6806957799061842,32.97271755402,31.60640874498,0,1,0,0,8,10,1,1,3269,0,9,1,,-0.46702098935857284,0.12445154658955655,2,5.462499878005526,-4.1126228322157266,,,,,,1.2953361081530979,64.76085697760368,90.87301587301587,363.7850851048624,3,13.963548862931022,10.37677926298745,20.341649338480167,19.462891517612842,,,,750768
2025-05-28,32.31061414,32.83703977,32.31061414,32.67811882,32.398001082368786,32.355815454780085,32.042156049376786,31.451762643686397,30.057296822635966,31.022822498979796,0,0,0,0,30.897841797857367,29.6221675482278,99.22572360339,7.477907567972387,2,9,32.67811882,32.03462796478889,32.25101879,31.687144896744183,33.14494909,32.7079165,,,33.09758477703489,32.01251775,1,5.5,3.5,8.719420155542101,0.04359710077771051,0.4092220509229592,6,4.1145684634326605,92.42617933742024,0,0.4710822949470123,33.14494909,32.01251775,0,1,0,0,8,10,1,1,3265,0,10,0,,-0.1643555297300041,0.41865542971954184,3,6.54172391468217,-3.528115339545594,,,,,,0.6594822962721034,68.17276390534013,94.04761904761905,378.29515952825386,3,14.253283259771946,10.500003496702973,23.325196953407612,18.28907202295093,,,,383953
2025-05-29,32.72778162,32.80724209,32.29074903,32.67811882,32.49137366157919,32.366013741417746,32.10272393229328,31.49985504275752,30.083374653455508,31.061504830431033,0,0,0,0,30.91475023341625,29.63014746330717,99.02330699522801,6.149733186013172,2,10,32.19801855888889,32.03462796478889,32.25101879,31.726713921134404,33.14494909,32.7079165,,,33.09280905456811,32.01251775,0,2,3.5,8.625176518374579,0.043125882591872895,0.3423966276581524,6,4.120967378861049,89.72645587518193,0,2.00916871012075,33.14494909,32.01251775,1,1,0,0,8,10,1,1,3265,0,11,1,,-0.19518678391322786,0.3545228959643053,4,5.4647325803043,-3.536874905355242,,,,,,0.8813287021689766,70.45403054966678,95.23809523809524,393.53282571465587,3,14.275449753042555,10.567541964245068,21.927856341422842,17.423841249318777,,,,506995
2025-05-30,32.67811882,32.7079165,32.28081647,32.49933276,32.49402669438613,32.387077645464075,32.14049620159868,31.539050247355263,30.10741403760023,31.100953153941045,0,0,0,0,30.936129120122317,29.640895624674712,98.91390678942545,3.4435952238040803,2,11,32.25101879,32.17572535102664,32.326312228973364,31.87455159513319,33.01721024336239,32.64792878071429,,,33.0243959755811,31.698377352637614,0,3.5,3,7.944616961830659,0.03972308480915329,0.11294460172554859,6,4.134192574901203,94.82448404151282,0,2.0352143926735873,33.01721024336239,31.698377352637614,1,1,0,0,8,10,2,1,3265,0,12,2,,-0.2332047972122898,0.12456644275464425,5,5.446112288014322,-6.096420572810253,,,,,,1.2351613707408613,71.86142854398325,96.03174603174604,401.7813558819436,3,14.321263176005768,10.605237686830858,20.817274360329467,16.65915842869806,,,,730058
2025-06-02,32.13182808,32.34041182,31.87358155,32.26095135,32.416334912924086,32.38610330868572,32.15196812049405,31.567360094517802,30.128842269564405,31.139968678302758,0,0,0,0,30.956361817059555,29.652129501760616,99.36946053190846,8.158449082505577,2,12,32.26095135,32.17551638943545,32.326521190564556,31.26956234548359,32.83703977,32.64792878071429,,,33.02544078353704,31.80109008834375,1,4.5,0,7.076637931718374,0.03538318965859188,-0.15282951142210754,6,3.793564818595174,92.21659233598152,0,0.5810922023298091,32.83703977,31.80109008834375,0,1,1,0,5,10,1,1,3201,0,13,3,,-0.4949382574333717,-0.14031258168475058,6,8.021959563040326,-2.109610293143027,,,,,,1.357449983031936,70.89357719524895,95.23809523809524,439.4718139105079,3,13.141294015225302,10.022203445267195,19.276827287209453,20.242181147785058,,,,839203
2025-06-03,32.3205467,32.36027694,32.02256994,32.12189552,32.318188448616056,32.35368145828399,32.14910406330414,31.589106581791615,30.14867364519063,31.178086441908206,0,0,0,0,30.972660630732317,29.661924405454652,98.84744434061403,26.680755438129054,2,13,31.44130368117841,31.368179068154184,31.514428294202638,31.07568061605728,32.79949008492,32.25101879,32.17789417697578,32.32414340302423,32.61664185512114,31.85044663035891,0,5,3,6.544970760676047,0.032724853803380236,-0.29627774006712015,6,3.793529262462587,71.24738489694388,0,3.714717514584655,32.79949008492,31.85044663035891,1,0,0,0,8,10,1,1,3201,0,14,4,,-0.45158572583744644,-0.2824428102205252,0,4.990300202226059,0.18337400413274274,,,,,,1.2222973227839131,68.01179905074626,92.46031746031746,417.54748379783126,3,13.14117084516898,9.434269516012703,18.724515754782804,19.407509298624255,,,,779324
2025-06-04,32.06230017,32.09209785,31.84378388,31.94310946,32.19316211907737,32.287604142378356,32.12948552965612,31.602989047603707,30.16652872792505,31.214629049885087,0,0,0,0,30.980428586600844,29.66713281837489,98.49125197568114,29.38913729016314,2,14,31.879420341270244,31.809035775247747,31.94980490729274,31.527497511157762,32.79949008492,32.25101879,,,32.60294162011248,31.879420341270244,0,8,0,5.889244825276741,0.029446224126383702,-0.46403681950454406,6,3.8377712299277005,74.71506250220007,0,2.6144076624857924,32.79949008492,31.879420341270244,1,0,1,0,1,10,1,1,3201,0,15,5,,-0.6048218846317314,-0.45077327663678185,0,4.844154132609034,-0.55905843862861,,,,,,0.7028414887602144,66.85060738529316,90.87301587301587,402.8467547571368,3,13.294429516121752,9.295699311913289,18.063922246979626,20.990794687783755,,,,449688
2025-06-05,32.08216529,32.14176064,31.83385132,31.97290714,32.119743792718246,32.21494854894763,32.11457330206982,31.617495639462383,30.18450264247306,31.250398101697655,0,0,0,0,30.987897763995896,29.672109291386928,98.07781192288465,35.27111592865971,2,15,31.823795053175708,31.755688765797675,31.89190134055374,31.483263616285548,32.79949008492,32.25101879,,,32.591550226890156,31.823795053175708,0,7,1.5,5.924909609113287,0.029624548045566437,-0.41010913855421943,6,3.2829308761787503,69.80387783177537,0,2.8652127998949166,32.79949008492,31.823795053175708,1,0,0,0,8,10,1,1,3201,0,16,6,,-0.2869568924590769,-0.396290283384916,0,4.537674616707806,-0.036853495908370504,,,,,,0.7119310536554525,60.56391686851818,85.31746031746032,432.55147650134705,3,11.372406150556412,9.035920408339502,17.98581809136276,20.14347658300868,,,,426000
2025-06-06,32.06230017,32.14176064,31.53587455,31.63520014,31.958229241812163,32.10838036203031,32.06891871520603,31.618189933601112,30.198937443443477,31.28382434664978,0,0,0,0,30.996335612623465,29.679516843120247,98.94370075524245,38.07714893714821,2,16,31.618189933601112,31.549538683803654,31.68684118339857,31.27493368461382,32.26002446,32.26002446,,,32.603280708987285,31.704018287704496,0,0,3,4.756004078773806,0.023780020393869034,-0.7236573569214252,6,3.4065115655761464,86.13934801068604,0,1.8698407626736249,32.26002446,31.704018287704496,1,1,1,0,1,10,1,1,3201,0,17,7,,-0.2621522147198372,-0.7095540716283237,0,7.909116983866745,-0.05172889902359168,,,,,,1.2419065812560346,56.90190798774124,80.55555555555556,382.1990364880704,3,11.800502216297769,9.464309498776014,16.568541193509795,22.43157153316035,,,,747620
2025-06-09,31.63520014,31.7643234,31.34715593,31.60540246,31.840620314541443,31.976061048693953,32.02477430994831,31.61768846404813,30.212932120225133,31.31538211685009,0,0,1,0,31.002841778777356,29.685517645161813,98.83601286589845,52.85891873455526,2,17,31.46863388637583,31.40116158772462,31.53610618502704,31.131272393119776,32.26002446,31.61768846404813,,,31.955049957304183,30.970514505,0,11,1.5,4.608855354501393,0.023044276772506964,-0.7028281191612923,6,3.3903369398777143,65.65379883693703,0,2.345823662285928,32.26002446,31.589837886259605,1,1,0,0,8,8,0,1,3201,0,18,8,,-0.6162209970096566,-0.6896356527697195,0,5.362715917622781,1.4230771848401562,,,,,,1.0243162021810042,50.271805912864366,71.03174603174604,328.0465509939514,3,11.744471669291581,10.247318526317658,15.653899112153939,23.690572349259483,,,,619271
2025-06-10,31.68486293,31.92821063,31.4762792,31.80405364,31.828431423027627,31.856806705286154,32.003753293762756,31.624996902320753,30.228764175148267,31.3464815203703,0,0,0,0,31.011064829505095,29.691906289981702,99.07456117956892,28.09305873097576,2,18,31.455187109341374,31.38849915854025,31.5218750601425,31.12174735533575,32.42337889,32.48166906930233,32.4149811185012,32.54835702010345,32.81510882330795,31.53764663018009,0,6,1.5,5.211226816036403,0.026056134080182015,-0.4556961285816928,6,3.2168923321700373,92.35451273993087,0,2.903648317357795,32.42337889,31.53764663018009,1,1,0,0,8,10,1,1,3201,0,19,9,,-0.5360365303855447,-0.4456050085993237,0,6.191810612894218,-4.052268489037265,,,,,,1.010938527914889,48.47008416438206,68.65079365079364,334.9573011831628,3,11.143641923594483,10.492392502523932,16.900943030518228,22.25712183850894,,,,601155
2025-06-11,31.80405364,31.88351411,31.49614431,31.61533502,31.757399288685086,31.735324200734205,31.96676107721392,31.62461800497484,30.242560899972663,31.375802764382005,0,0,0,0,31.016183067009568,29.696721975804955,99.14124992033419,21.638400575900576,2,19,31.428974573081128,31.363591388408654,31.4943577577536,31.102058649718764,32.26002446,31.62461800497484,,,31.951533928337206,30.970514505,0,4.5,3,4.539212550708886,0.022696062753544428,-0.6177219675432879,6,3.2451978149497256,85.65353804203873,0,2.5420905729260155,32.26002446,31.454572225895166,1,1,0,0,8,10,0,1,3201,0,20,10,,-0.8893653484984186,-0.6081014576655291,0,6.000445973299174,-1.8536826177192487,,,,,,0.8491319537398373,47.93947064145989,68.25396825396825,326.4434382420509,3,11.241694992208854,10.719961194715474,16.006911976408542,21.079758062842767,,,,500362
2025-06-12,31.60540246,31.7643234,31.39681872,31.45641408,31.657070885790056,31.6136568045368,31.918156601288786,31.618021772622885,30.254639041067463,31.40257363459019,0,0,0,0,31.01993445801819,29.701181164984728,99.2975282507253,11.900837063332139,2,20,31.336776258089998,31.272782009108415,31.40077050707158,31.016805013182086,32.00261748,31.618021772622885,,,31.937993017530797,30.76528194502,0,0,3,3.9722008823217254,0.019861004411608627,-0.7356181125134156,6,3.2455820167044203,93.9081399557277,0,2.0809408111082943,32.00261748,31.35652279262927,1,1,0,0,8,10,0,1,3201,0,21,11,,-0.9913696633071637,-0.724265885348732,0,6.499300533102424,-4.642236567224067,,,,,,0.8793277386604825,46.65412672855085,65.87301587301587,314.9605908416769,3,11.243025906127832,11.16492113627099,15.186160899261633,21.38470305140206,,,,507719
2025-06-13,31.35708849,31.35708849,30.98958381,31.13857219,31.48423798719337,31.470875195561472,31.84391046688033,31.5992198282063,30.26343439578321,31.425174331782056,0,0,1,0,31.02148574650673,29.706822224086416,98.47001581456182,50.950691771188026,4,0,31.02931404,30.9657226813921,31.092905398607897,30.71135724696051,31.78300051598,31.617209984103148,,,31.935166777142637,31.19445479734859,0,11,0,2.8917332473631245,0.025133402226994443,-1.0007996960421344,4,3.3457777085032223,56.395624724232135,0,2.3704053270105656,31.78300051598,31.34715593,1,1,0,0,8,8,0,1,3201,0,22,12,,-1.0853978879214305,-0.9873003161751088,0,5.4049501087673555,2.7497137316064055,,,,,,1.3369712997812224,43.769383945949265,63.095238095238095,277.64412051694376,3,11.590113963917906,12.428378445314655,14.190776386437767,25.700830859711928,,,,789401
2025-06-16,31.46634664,32.07223273,31.39185244,32.06230017,31.676925381462247,31.42502074196191,31.86470948622506,31.617379841609974,30.281333557715715,31.44983409721043,0,0,0,0,31.03471934151308,29.71589168459237,99.4551149049788,0.4893203696943709,2,0,32.06230017,31.299747959920804,31.434518706978327,30.98413419353981,32.79949008492,32.398195875,32.36027694,32.53723197,32.80677346411505,31.340259826740002,1,6,0,5.881400860004373,0.02940700430002187,0.001961257843268469,6,4.559005875052074,96.41484109003564,0,0.6837443686920321,32.79949008492,31.340259826740002,0,1,0,0,8,10,1,1,3201,0,23,13,,-0.2856398573743884,0.005101773563284697,1,6.502515703031912,-6.646670430199446,,,,,,1.294057815921561,40.02038277247019,58.73015873015873,153.40808281469484,3,15.792859615190402,11.638775666592993,21.91090447274783,22.521377160051912,,,,777481
2025-06-17,31.96297458,32.03260182,31.51600943,31.62526758,31.659706114308165,31.4108769502342,31.841905495156006,31.617689164684094,30.29470603554939,31.473987889437765,0,0,0,0,31.04178610958446,29.72286907685023,99.27031843633955,16.265252466871807,2,1,31.490618528817784,31.423168800362504,31.558068257273064,31.153369886541388,32.26002446,31.63520014,,,31.972448782276395,31.173372383311495,0,0,3,4.392059599090547,0.021960297995452734,-0.45246973424732717,6,4.7098081449502835,91.16388812926633,0,2.2814203965026993,32.26002446,31.173372383311495,1,1,0,0,8,10,1,1,3201,0,24,14,,-0.49465520063927737,-0.4493680297486193,0,6.845148554657535,-3.048226259462351,,,,,,1.2191082717620214,35.16662829044866,50,115.54447320482481,3,16.315254001911228,10.905573086351449,20.326427557678862,20.892754195169417,,,,740592
2025-06-18,31.67493037,32.27088391,31.62526758,32.09209785,31.80383669287211,31.47190586035368,31.86573333847448,31.636293426853346,30.312590531215566,31.500774439034885,0,0,0,0,31.053790220985604,29.73120428833839,99.0885349351075,8.892775734782521,2,2,32.09209785,31.372286763478137,31.53587455,31.078097002189356,32.77982453051416,32.398195875,32.36027694,32.53723197,32.810817258905324,31.340259826740002,1,4.5,0,5.8705220754785685,0.02935261037739284,0.03867517315776378,6,4.970104195630533,92.75034221286457,0,0.6782308732769284,32.77982453051416,31.340259826740002,0,1,0,0,8,10,1,1,3201,0,25,15,,-0.04453494905126345,0.037026597325820566,1,5.566698535755564,-5.121257890511639,,,,,,1.1620485886644423,28.698305358318738,40.87301587301587,66.6863879682645,3,17.21694597148666,10.579761357641045,21.723894019343565,19.131916084913343,,,,715513
2025-06-20,32.54899556,32.78737697,32.05236761,32.38014206,31.995938481914738,31.608981193640698,31.914724645286434,31.665463961486548,30.333163183243272,31.531825061487833,0,0,0,0,31.13062704465961,29.780414317343038,99.92765215584454,9.640494408297958,2,3,31.565181557486873,31.49510810327671,31.635255011697037,31.214814286436052,32.80866336332825,32.856914595884646,32.80866336332825,32.97271755402,33.253011370860655,31.60640874498,0,6.5,4.5,6.748319864930943,0.03374159932465472,0.301252880197536,6,4.877283250531944,94.40237407836864,0,3.5490809461509554,32.80866336332825,31.60640874498,1,1,0,0,8,10,2,1,3201,0,26,16,,0.13232237395378568,0.2966835301950829,2,9.200954759326487,-2.5437651007604103,,,,,,4.8918301280424235,24.41509906769742,37.301587301587304,44.507334257130665,3,16.895404785652023,11.28672550876513,26.27040384177684,17.340156286513245,,,,3849760
2025-06-23,32.3702095,32.95623047,32.25598507,32.95623047,32.31603581127649,31.83986976018918,32.01391567621153,31.716082255938055,30.359263355250803,31.57026310436371,0,0,0,0,31.154666330557838,29.793945757088814,99.63954059414482,6.891427359111258,2,4,32.95623047,32.465911571447705,32.608552368552296,31.815104093163278,32.961032600094235,32.961032600094235,,,33.31763459285571,32.01251775,1,7,0,8.554117681844339,0.042770588409221696,0.8206802687978105,0,4.998261418578192,93.619805963411,0,0.0042082368716650125,32.961032600094235,32.01251775,0,1,0,0,8,10,1,1,3201,0,27,17,,0.778787903767167,0.8149285705059368,3,7.66247566859191,-3.628374815046297,,,,,,1.1003277206800555,23.006343778335342,34.92063492063492,32.87338997636295,3,17.314485452977436,12.22975070575733,26.081320058670112,15.82005863545735,,,,886737
2025-06-24,33.24427468,33.44789214,33.01085955,33.37339795,32.66848985751766,32.16874753534633,32.1433901784771,31.78107502825421,30.389254744253282,31.61785607791061,0,0,0,0,31.178536278286938,29.806497638265014,99.62990531847919,5.4213741649865295,2,5,33.37339795,32.72887416421073,32.870106005629275,32.445932184325805,,34.62123846,34.55062253929073,34.69185438070927,34.97431806354637,32.79949008492,1,4,0,9.819731450673457,0.06046594369358771,1.1260151818089061,0,4.930941027558933,92.61571446525836,0,0,,32.79949008492,0,1,0,0,8,10,1,1,1153,0,28,18,,1.0909382915217634,1.1197840675275723,4,6.9862141016515436,-3.814406920214313,,,,,,0.8967317721319125,22.25976933118252,34.523809523809526,30.316746272459948,3,17.081280777715914,13.842117920993116,30.67647231469477,14.836605221694233,,,,732359
2025-06-25,33.40319562,33.61177936,33.28400492,33.49258865,32.943189455011776,32.54289068969048,32.271885271003086,31.848193209499144,30.420133688589072,31.67437990053938,0,0,0,0,31.197271501700417,29.816278427140272,99.70403137398179,3.6805533149242065,2,6,33.49258865,32.7309916010471,32.8679885687929,32.45699766555551,,34.62123846,34.5527399761271,34.6897369438729,34.96373087936449,32.79949008492,1,6.5,7,10.100070541647362,0.053471084855394625,1.102539190000671,0,4.933378042867346,95.18365490419349,0,0,,32.79949008492,0,1,0,0,8,10,1,1,1153,0,29,0,,1.0237658571772625,1.103376778657121,5,7.704982115230309,-4.7907096075256534,,,,,,0.6885752753715557,22.59061286629653,34.92063492063492,32.1882927497518,3,17.089722846381907,15.556979141611976,31.502058687946793,14.202719975903149,,,,555640
2025-06-26,33.4826561,33.80049798,33.35353283,33.73097007,33.20578299334118,32.94019433579048,32.41084572805041,31.92202759618545,30.45307733417525,31.740125136477584,0,0,0,0,31.2147808789952,29.82518596711375,99.70482533810012,2.7193425038864785,2,7,33.73097007,32.73189358962731,32.86708658021269,32.64942614531695,,34.62123846,34.55364196470731,34.68883495529269,34.95922093646345,32.79949008492,1,8,0,10.763748766191876,0.09447465824079049,1.2000112969951282,0,4.883515472217325,94.73415048355476,0,0,,32.79949008492,0,1,0,0,8,10,1,1,1153,0,30,0,,1.3252473152786488,1.2018136140455393,6,7.326804661820807,-4.9242410332496735,,,,,,0.5884116293995372,23.866603296781374,37.698412698412696,41.08064074364759,3,16.916993834858246,17.39255997763531,32.13495546024748,13.364220134603464,,,,477568
2025-06-27,33.8203631,33.83029566,33.40319562,33.64157704,33.351047675560785,33.30312272876148,32.528058233950375,31.989460907707592,30.484803699407337,31.813208799873866,0,0,0,0,31.241951940989438,29.839361663325395,99.40330642964217,5.328918853135962,2,8,32.41227408704545,32.38014206,32.53723197,32.113815790341434,33.78058672672436,33.78058672672436,33.714005159309714,33.847168294139,34.113494563797566,32.79949008492,0,4.5,4,10.355235912685362,0.09830574463731301,0.9685431780135558,0,4.8997271674653895,86.61816489361823,0,4.584602454646643,33.78058672672436,32.79949008492,1,1,0,0,8,10,2,0,1153,0,,1,,1.3722365205910896,0.9731530605628443,7,5.831328138681219,-2.827644197204644,,,,,,0.9480245515675237,25.04374634985619,39.285714285714285,47.5491716417934,3,16.97315279455119,19.13575690497249,30.694043907843596,12.598797685802557,,,,782497
2025-06-30,33.69123983,34.19283406,33.69123983,34.07860963,33.59356832704052,33.65316588390347,32.67572979547891,32.0713883085818,30.52056296239831,31.89509449039275,0,0,0,0,31.268732522354185,29.852723577234755,89.72987427399713,8.696201348895478,2,9,32.04424802889968,31.97750035005037,32.11099570774899,31.710509634653132,34.052058268434585,34.62123846,34.55449078115069,34.68798613884931,34.95497685424655,32.79949008492,0,2,0,11.65786709761956,0.17150515804414604,1.2719623234461461,0,4.970086454637461,61.030277349969246,0,6.016120033380513,34.052058268434585,32.79949008492,1,1,0,0,8,10,1,0,129,0,,2,,1.9057265804483858,1.2682987133645545,8,1.4131009791985392,-2.2085761616304347,,,,,,0.8101486779914905,27.700015366015148,42.46031746031746,60.88866334712667,3,17.216884514883905,21.202963328296935,33.2802136707199,11.669769169703203,,,,666104
2025-07-01,34.07860963,34.3269236,33.99418288,34.17793522,33.78835729136035,33.968468731901304,32.818796978766635,32.15399799138252,30.55695472615554,31.98487405327456,0,0,0,0,31.290094260624358,29.863378890933184,88.95651126673957,14.338569268677611,2,10,32.1205789556226,32.055628068833954,32.18552984241124,31.795824521679375,34.323935105477766,34.323935105477766,34.25898421868912,34.38888599226641,34.648689539420985,32.79949008492,0,2,0,11.849938995213577,0.0931346593266161,1.2152868953662614,0,4.8635799720714274,61.106397501285635,0,6.784683808937251,34.323935105477766,32.79949008492,1,1,0,0,8,10,1,0,129,0,,3,,1.2710797148043858,1.207078768739864,9,2.239852340866408,-1.4099816173107764,,,,,,0.6472571537742664,30.4714263195406,46.03174603174603,80.86148772306284,3,16.847935236604265,23.275324158978496,33.60123531614431,11.13598571261908,,,,521906
2025-07-02,34.12827243,34.1580701,33.91968869,34.12827243,33.90166233757357,34.22839304957965,32.94350892650315,32.231420518387125,30.59249022569628,32.08056841132486,0,0,0,0,31.309579568250733,29.87324754405788,89.91666359953786,17.144679364171047,2,11,32.196973370918364,32.134356060596765,32.25959068123996,31.88388681931037,34.55425759035601,34.89844598,34.8358286696784,34.9610632903216,35.21153253160799,32.79949008492,0,2,0,11.557680261457852,0.1265148422653877,1.0212653055802035,0,4.827286992971091,63.634136291443895,0,7.529177498460936,34.55425759035601,32.79949008492,1,1,0,0,8,10,1,0,129,0,,4,,1.5498115276647875,1.0135096516821895,10,2.6249147266966606,-1.4124971504615425,,,,,,0.6204389862034946,32.8732531264639,49.6031746031746,96.58435027105402,3,16.72221266908463,24.941524035758526,32.36392877965801,11.788131562102068,,,,491348
2025-07-03,34.22759801,34.30705849,33.94948636,34.1580701,33.987131591715716,34.424287190294805,33.05918141921713,32.30697540394057,30.62796863240577,32.180678727989665,0,0,0,0,31.32972668695647,29.88351007085188,89.81631757426662,23.050680926891786,2,12,33.64157704,33.580239786397804,33.7029142936022,33.33489077198901,34.76184411792311,34.89844598,34.8371087263978,34.959783233602195,35.20513224801099,32.79949008492,0,2,0,11.525744687681394,0.0852365313221014,0.9220601879289428,0,4.748803348333454,58.019085528187254,0,3.652811341011714,34.76184411792311,32.79949008492,1,1,0,0,8,10,2,0,129,0,,5,,1.2208624630695555,0.9156520276206608,11,2.4480756699423454,-0.7566517209915321,,,,,,0.6413085838485283,34.41011582787118,53.17460317460318,109.17574574908065,3,16.450337348933495,26.676610772241055,32.84813696818847,11.17455849681878,,,,509803
2025-07-07,33.96935148,34.18786778,33.67634099,33.69123983,33.88850100447714,34.49869151577792,33.11937745833931,32.36126028339388,30.658448942829594,32.28118382171083,0,0,0,0,31.353246793916288,29.89643739228365,94.55978101771623,27.417868332836566,2,13,33.64157704,33.580053815315814,33.70310026468419,33.33396091657907,34.3269236,33.83029566,,,34.137911783420925,32.79949008492,0,0,4,9.892186303442193,0.04946093151721097,0.36390278824900213,0,5.044931363544601,78.77266129803427,0,2.22792795247017,34.3269236,32.79949008492,1,1,1,0,19,10,1,0,129,0,,6,,0.6985195162487627,0.363483168009546,12,6.172665209286977,-0.5782232412055404,,,,,,0.8953039707518363,34.8562799711309,54.36507936507937,99.45050957186801,3,17.476154884713964,27.342867132142196,30.40964115927843,14.309038413219398,,,,725104
2025-07-08,33.69123983,33.94948636,33.64157704,33.79056542,33.85585580965143,34.488192671535934,33.18330012135461,32.41731146522157,30.68961428091089,32.38154262176469,0,0,0,0,31.37047442239343,29.905863772969344,96.24911634092425,49.775043457705635,2,14,33.79056542,33.58169914100755,33.701454938992455,33.16255384806035,34.3269236,33.83029566,,,34.12968515496228,32.79949008492,1,3.5,6,10.104236275846311,0.05052118137923156,0.3991893767692408,0,4.849370771436176,56.37439783521751,0,0.8540577976030373,34.3269236,32.79949008492,0,1,0,0,8,10,1,0,193,0,,0,,0.36509890047402865,0.3965295345748276,13,4.707842556392294,1.7080394273518018,,,,,,0.649096034042357,34.63493066930614,53.96825396825397,106.17609467058573,3,16.798713121733872,27.8449206837523,29.013434985615014,14.170439205601447,,,,518257
2025-07-09,33.81043054,33.95941892,33.73097007,33.84022822,33.850646613100956,34.42582308125671,33.24586470217798,32.47311212227171,30.72096367333964,32.48117778799659,0,0,0,0,31.382797536730095,29.91260890023288,96.20264849584791,47.832969360431534,2,15,33.84022822,33.58393641191772,33.699217668082284,33.26984504534175,34.3269236,34.62123846,34.56359783191772,34.67887908808228,34.90944160041141,32.79949008492,1,0,3,10.153537434007418,0.050767687170037094,0.3841516450822543,0,4.833198785407246,60.76644832317185,0,0.8532779395037468,34.3269236,32.79949008492,0,1,0,0,8,10,1,0,193,0,,0,,0.11769727051368442,0.381505574355701,14,3.852676342429975,0.22035236111602435,,,,,,0.4678772082715345,34.303341348467306,53.17460317460318,104.88546241298913,3,16.742691718811074,28.328363789904508,28.140596112409515,13.66899160192921,,,,367681
2025-07-10,33.86009333,34.27726081,33.8203631,34.21766546,33.97298622873397,34.37786301170563,33.33841715530389,32.54152597865321,30.755756725943225,32.58161550913189,0,0,0,0,31.407020729499838,29.925319583210722,93.4892427340516,28.729552209427627,2,16,34.21766546,33.5839741557986,33.6991799242014,33.35356261899298,34.3269236,34.89844598,34.8408430957986,34.9560488642014,35.18646040100702,32.79949008492,1,0,0,11.256132518230547,0.05628066259115275,0.67661840703203,0,4.886812521383104,70.32974298560359,0,0.12644113040141494,34.3269236,32.79949008492,0,1,0,0,8,10,1,0,192,0,,1,,0.2825500762546384,0.672347248191802,15,2.608755573922539,-2.5459644261359484,,,,,,0.8064065361540289,33.490228883895604,50.79365079365079,97.8344020435922,3,16.92841514819861,29.302908517301596,31.07429331670682,12.700951817935566,,,,635082
2025-07-11,34.07860963,34.1829015,33.92962125,34.05874451,34.00157232248932,34.33275027521213,33.40701976051304,32.60102474458838,30.788622276033344,32.6811777847064,0,0,0,0,31.4186469895754,29.93159960646109,92.83134851045456,26.77562832776155,2,17,33.68539714882353,33.62933693304723,33.74145736459984,33.40509606994201,34.3269236,34.3269236,,,34.60722467888152,33.64157704,0,0,2,10.621203523329461,0.05755046206109175,0.4351976823835996,0,4.861700744512358,62.420112805004976,0,2.2887048945238986,34.3269236,33.64157704,1,1,0,0,8,10,2,0,192,0,,2,,0.021381528838752502,0.4351349748108086,16,2.8482012300045287,-1.0375254888531775,,,,,,0.42021700547238333,32.04493559618142,48.80952380952381,90.2744858731045,3,16.84142540138168,30.20784290702746,29.648726351127973,12.11828185474374,,,,327304
2025-07-14,33.6018468,34.38651896,33.6018468,34.31699104,34.10671189499288,34.31631038479221,33.49368369189275,32.668317540486875,30.823730422938485,32.781034753244654,0,0,0,0,31.432718715693955,29.93900120128339,94.09973647719362,18.1294415989467,2,18,34.31699104,34.09900818392201,34.217132016078,33.372000382752056,34.89844598,34.3269236,,,34.62223318038998,33.64157704,1,3,0,11.333023515096304,0.0655540064643704,0.6097578447482614,0,4.785497241126209,75.82114638581521,0,0.6153023159968036,34.3269236,33.64157704,0,1,0,0,8,10,1,0,193,0,,0,,0.24472440632856954,0.6065733886310576,17,3.593043364693979,-2.568009686105646,,,,,,0.47194613882570724,30.014527403085783,45.63492063492063,81.05637306451389,3,16.577448722222567,29.84508694705541,26.131755806233794,15.635862602852999,,,,364209
2025-07-15,34.49577711,35.17119111,33.95941892,33.96935148,34.06092508999525,34.276872965409964,33.5389853859982,32.71933847929131,30.855030134949047,32.87861233746959,0,0,0,0,31.459434536632273,29.953859444040265,94.55152557842861,24.5892264002699,2,19,33.68539714882353,33.61973454648325,33.751059751163815,33.35708413712212,34.3269236,34.3269236,,,34.65523661170141,33.64157704,0,0,5.5,10.09339913599179,0.06380032901329229,0.20240846025842896,0,4.786335448807509,63.779679326218826,0,1.954008608589394,34.3269236,33.64157704,1,1,0,0,8,10,1,0,193,0,,1,,-0.2628105635475976,0.2009799418385104,18,3.4868493675927237,-0.6237719765692937,,,,,,1.0340674495587832,28.86406423994543,44.04761904761905,74.08595194671392,3,16.58035235880518,30.760802444849656,32.49565767107044,13.059501620249709,,,,798477
2025-07-16,34.09847475,34.28719337,33.69123983,34.2077329,34.1098610266635,34.24678892126061,33.60267562542695,32.77770688794655,30.888390361466968,32.97522356861748,0,0,0,0,31.483864480886623,29.967172364883584,97.06578540680775,21.201054675257502,2,20,34.2077329,34.09177666979117,34.224363530208834,33.16089238832933,34.89844598,34.3269236,,,34.658390751044166,33.64157704,1,5,0,10.746246404195572,0.07150900979875564,0.3813756127197126,0,4.027581796569621,85.60412265861031,0,0.6598073654005538,34.3269236,33.64157704,0,1,1,0,5,10,1,0,193,0,,2,,-0.1705942393232545,0.3815887453128439,19,6.851426762406299,-1.5987688081755556,,,,,,0.886186728084125,27.152570230180277,41.26984126984127,94.61483991382693,3,13.95195260659624,30.80236105413676,29.88740764179352,15.623191986648681,,,,679967
2025-07-17,34.30705849,34.60503525,34.16800266,34.58517014,34.26829739777567,34.27136362053809,33.69624653157676,32.84858779979179,30.925174239860333,33.072787130572856,0,0,0,0,31.518800001053396,29.985622008922068,97.44336070647032,15.179321199777256,2,21,34.58517014,34.09260983810966,34.22353036189035,33.64432056487723,34.98368657339037,35.17119111,35.10573084810966,35.236651371890346,35.49849241945173,33.6018468,1,3,0,11.8350049437141,0.08139724694079273,0.6685887964661753,0,3.6753276481618884,80.92031456980045,0,0.42357082782161887,,33.6018468,0,1,0,0,8,10,1,0,193,0,,3,,0.1027595662642012,0.6682736841776145,20,4.632324266314098,-2.619391302628945,,,,,,1.126211609939377,24.595705750649874,38.095238095238095,93.18464495469446,3,12.731708442158041,31.292027085595414,32.441085723031016,14.691895783204643,,,,871509
2025-07-18,34.79375387,34.85225664,34.14813754,34.22759801,34.25473093518378,34.295534997241994,33.746851434283734,32.90266663156466,30.958034177871674,33.16870865448422,0,0,0,0,31.54591371414926,30.000778778628977,95.38171145891319,46.38057559559002,2,22,34.0835759075,34.01650460092325,34.15064721407675,33.74821937461625,34.84663034784539,34.27726081,,,34.61261734288375,33.5738171214,0,0,8.5,10.56127728699699,0.07947305310165162,0.2461642499853641,0,3.796192590613625,42.14161930873993,0,2.2753528424922655,34.84663034784539,33.5738171214,1,1,0,0,8,10,2,0,193,0,,4,,-0.1446732442736968,0.24969545453014927,21,3.0759019191607386,2.0952819453744382,,,,,,1.0064930532211624,20.966670724053884,30.555555555555557,59.43755088287104,3,13.150396884518633,32.06526189682561,32.691319260932836,13.314784061666074,,,,782223
2025-07-21,34.17793522,34.60503525,33.28400492,33.32373515,33.94439900678918,34.226407826796525,33.70655464530433,32.91917912248369,30.98157349102718,33.25743714443139,0,0,0,0,31.564545157724137,30.013294205724975,97.45966984955766,24.651055624334987,2,23,32.888966650249436,32.8148912376246,32.96304206287427,32.51858958712524,34.62123846,34.27726081,34.203185397375165,34.35133622262484,34.6476378731242,33.12056231312553,0,0,1.5,7.559853793904782,0.037799268969523916,-0.6355436956555672,6,4.778993937376545,71.85250177114071,0,4.677049370008362,34.62123846,33.12056231312553,1,1,0,0,8,10,1,0,193,0,,5,,-0.4265412518061841,-0.6309246768315075,0,4.422859462384871,-1.049746921697389,,,,,,1.3219890531716214,16.055605571819363,13.88888888888889,-3.0161125922977887,1,16.554920617199624,30.62969895512298,27.48593093470902,21.61038758177927,,,,827660
2025-07-22,33.33366771,33.74090263,33.33366771,33.44292586,33.77724129119279,34.0980787353619,33.681447141942016,32.93971821022943,31.00606455937517,33.340128912770744,0,0,0,0,31.579036373815345,30.02285035744036,95.97219303373208,47.57094235547645,2,24,32.89679489334512,32.82428587197919,32.96930391471104,32.5342497865155,34.605696381805096,34.14574461977725,34.07323559841132,34.21825364114317,34.50828972660686,33.239640529194936,0,3.5,4,7.859305381882173,0.03929652690941087,-0.48370167069892617,6,4.475215415840424,53.98279225588309,0,4.7136244739419775,34.605696381805096,33.239640529194936,1,1,0,0,8,10,1,0,193,0,,6,,-0.4103443778048058,-0.4815518100738238,0,3.640768665612547,0.9598781034025972,,,,,,1.0025772505713255,13.272961407910659,7.936507936507937,-14.382357833811316,1,15.502600950102188,29.29667622354196,26.07400852744381,20.50028545247975,,,,614014
2025-07-23,33.44292586,33.84022822,33.27407236,33.52238633,33.69228963746186,33.942378349338966,33.666298493185636,32.96256794041651,31.031102586943575,33.417672782389815,0,0,0,0,31.59348750700827,30.03229409051178,92.27480752841375,46.585481478403665,2,25,32.9170179875039,32.84463321891411,32.98940275609368,32.55509414455497,34.591941650967264,34.14574461977725,34.07335985118746,34.21812938836703,34.50766846272617,33.26829409803276,0,2,2.5,8.028344259042354,0.04014172129521178,-0.38444821403501855,6,4.30438517700705,49.85791079633159,0,4.627834546119502,34.591941650967264,33.26829409803276,1,1,0,0,8,10,1,0,193,0,,7,,-0.38837196928832945,-0.38168937660618496,0,2.2910467648791517,0.20472585752389372,,,,,,0.9845572787153115,14.308720314293438,9.920634920634921,-4.03805438526565,1,14.91082764384513,28.231808588105338,25.478308801670092,19.06865574359509,,,,596279
2025-07-24,33.52238633,33.62171192,33.12508398,33.32373515,33.56943814164124,33.76761776969221,33.63367341288224,32.97673136040018,31.053914851252593,33.48887156807378,0,0,0,0,31.60392672047616,30.039528457548936,67.54581415452,72.01297568571053,4,0,32.947059257017735,32.875410651005794,33.018707863029675,32.58881622695802,34.609410056336095,34.147491925325,34.07584331931306,34.21914053133694,34.50573495538471,33.233940342663935,0,3,0,7.309288730969291,0.03654644365484646,-0.555533440541247,6,4.3315362622672495,13.010348508675428,0,2.5500889228990604,34.609410056336095,33.233940342663935,1,1,0,0,8,8,1,0,193,0,,8,,-0.7518207274159147,-0.5515709367350914,0,0.05422833163423668,4.672557248865758,,,,,,0.8082685416133886,20.860742745300126,30.158730158730158,39.026372056624695,3,15.004881762147729,26.89544290583676,23.90151110016728,19.745173090056607,,,,486728
2025-07-25,33.40319562,33.51245377,33.16978049,33.46279098,33.533889087760826,33.62039402776623,33.61739889546488,32.99579252195311,31.077883767956546,33.55457365362677,0,0,0,0,31.61488609385603,30.046908586729888,74.0030910269969,74.57126017692897,4,1,32.94396052394151,32.87437009264471,33.013550955238316,32.59600836745749,34.62037669230588,34.187867775,34.1182773437032,34.2574582062968,34.53581993148402,33.196155797694146,0,2,0,7.6739691474824925,0.038369845737412464,-0.3936376927646026,6,4.289066893789253,41.03525544389095,0,2.850138902218301,34.62037669230588,33.196155797694146,1,1,0,0,8,8,1,0,193,0,,9,,-0.5643187804392467,-0.3944158359013658,0,2.327093227391642,1.4408539854516276,,,,,,0.7944573990763327,26.532722891245026,40.07936507936508,78.57817426182069,3,14.857763554209221,25.654531915158792,22.850667582471765,18.877065334839546,,,,478446
2025-07-28,33.42306074,33.55218401,33.33366771,33.49258865,33.52012227517388,33.500652944998265,33.60551220542061,33.01527472305299,31.101910682205734,33.61490449308922,0,0,0,0,31.62776808116299,30.055590407947623,72.61463014574619,72.04571587842992,4,2,33.04225273552805,32.97568201093102,33.10882346012509,32.70939911254289,34.62123846,34.187867775,34.121297050402966,34.254438499597036,34.52072139798516,33.17472298862861,0,3.5,2.5,7.686595181311613,0.038432975906558066,-0.34755228545710026,6,4.284107841145199,40.00375783010097,0,4.743784100383176,34.62123846,33.17472298862861,1,1,0,0,8,8,1,0,193,0,,10,,-0.7038620493855438,-0.35153548426939,0,1.6485253035889045,0.9194024633067486,,,,,,0.9483192692692057,30.831931975185327,46.82539682539682,107.7541565894742,3,14.840584891935402,24.58617423908524,22.713834143455873,18.323820955486855,,,,560584
2025-07-29,33.61177936,33.6515096,33.27903864,33.34360027,33.46128160678259,33.39484152374069,33.58056821157103,33.02815023469797,31.124216051238513,33.669125235166284,0,0,0,0,31.637059099322737,30.062151739055636,71.36010620765778,78.81365681722842,4,3,33.03385016434086,32.967752241,33.12508398,32.70718701535388,34.62123846,34.187867775,34.12272646858847,34.253009081411534,34.51357430705765,33.12508398,0,0,1.5,7.130731309369559,0.035653656546847795,-0.4760057286205959,6,4.071090829893998,31.344763900520842,0,3.263010380190606,34.62123846,33.12508398,1,1,0,0,8,8,1,0,193,0,,11,,-0.5791731414265078,-0.4769461710191163,0,1.5764408784390609,2.1946199416287757,,,,,,0.7669179944677601,34.03980793666869,53.57142857142857,141.37133137742526,3,14.102672319208299,23.809591572921406,22.91563656131983,17.388342109830386,,,,444868
2025-07-30,33.4329933,33.61177936,33.18467933,33.29393748,33.40550023118839,33.30076514188268,33.5532700466595,33.0385732639255,31.145805319186387,33.717421964725254,0,0,0,0,31.650863187776782,30.072126922198407,74.49828823569547,74.19290461812348,4,4,33.02079172048544,32.979472660599995,33.12508398,32.72226566428574,34.60413556258982,34.187867775,34.123566025921434,34.25216952407857,34.50937652039282,33.12508398,0,3,1.5,6.897019161326104,0.03448509580663052,-0.5005101940458523,6,4.049351516960022,43.03646704835276,0,5.30387150207486,34.60413556258982,33.12508398,1,1,0,0,8,8,1,0,193,0,,12,,-0.76036851894549,-0.49914842038052437,0,2.0994743989034506,0.9226748672007753,,,,,,1.1728842325917614,36.34216630927652,60.317460317460316,159.0804899712304,3,14.027365130161726,22.81716134700467,21.556632612435525,17.667351622462427,,,,690229
2025-07-31,33.01582583,33.55218401,33.01582583,33.19461189,33.33520411745893,33.21010581853852,33.51911212697764,33.04469242573234,31.16619145421936,33.75977299989761,0,0,0,0,31.665232129047844,30.082957757815386,77.97775476634007,76.78966779250791,4,5,33.00412311673951,32.993179592,33.12508398,32.73518887470819,34.58898158010368,34.176213572866665,34.11171589354371,34.24071125218962,34.498701969481424,33.12508398,0,8,0,6.50840010002578,0.038785271285795064,-0.566941923293641,4,4.052819117230544,40.47699493173041,0,5.8931077403658945,34.58898158010368,33.12508398,1,1,0,0,8,8,1,0,1217,0,,0,,-1.0499461662853293,-0.5643216439791231,0,2.4133300871563543,1.6178372121919737,,,,,,1.2911708776952544,37.654241074389574,61.111111111111114,168.2044965688661,3,14.039377249859495,21.420787351724094,19.9560661329922,18.693042103020062,,,,778369
2025-08-01,33.06548862,33.29890376,32.17155832,33.02575839,33.23205554163928,33.12058766497315,33.47212605678929,33.043949914527154,31.184694607809217,33.79568784942508,0,0,0,0,31.67455451250757,30.090504598494455,75.91476616889422,83.8036062222902,4,6,32.9352758134482,,,32.58549438087735,33.6515096,33.043949914527154,32.973993628012984,33.113906201041324,33.393731347098004,32.36027694,0,6.5,0,5.903741580107529,0.029518707900537646,-0.6907183233625422,4,4.061741707561547,28.471853332873998,0,1.9545719436913602,33.6515096,32.85935925092198,1,1,0,1,8,19,0,0,1217,0,,1,,-0.9374897510132909,-0.6900686540475672,0,1.8243718219696543,2.875410472024761,,,,,,0.9517643057990933,37.04198585647681,60.317460317460316,163.2639154004002,3,14.070286009436334,21.469351880641927,17.084709237393753,26.778861321379846,,,,576957
2025-08-04,33.02575839,33.42306074,33.02575839,33.37339795,33.27916967775952,33.08502093541732,33.462723379952216,33.05686944533001,31.206472750517584,33.828039985895764,0,0,0,0,31.68621138536544,30.09897177205518,86.52171696921175,48.38628683612815,1,0,32.822929951824364,32.75442320050764,32.89143670314109,32.48039619524072,33.6515096,33.46279098,,,33.80532473658364,32.830491199212865,0,3.5,0,6.9438325081019405,0.034719162540509704,-0.32088854540076683,0,4.026185835664362,80.75231022206188,0,2.418972239231864,33.6515096,32.830491199212865,1,1,0,0,8,10,1,0,1217,0,,2,,-0.14619969939022812,-0.33012530976653887,0,4.695013943330851,-2.538273822019191,,,,,,0.9711666384683038,36.31475049101394,59.12698412698413,160.3746054866508,3,13.947116856169664,21.1878436953447,17.818200927048114,25.392227323268045,,,,581758
2025-08-05,33.39326307,33.50252121,33.15488165,33.32373515,33.29402483517301,33.08267581972943,33.44948640567105,33.067334767081775,31.227540038074622,33.85727119016183,0,0,0,0,31.706510669204118,30.114114950457378,89.06133464751657,70.20352837926714,4,0,33.084022361048746,33.017305024468925,33.150739697628566,32.75043567814965,33.6515096,33.46279098,,,33.7963776628991,32.79311556316696,0,3,2.5,6.712648864974826,0.033563244324874134,-0.3577455028482956,4,4.010988714600664,49.79945524450003,0,1.7011687457646698,33.6515096,32.79311556316696,1,1,0,0,8,8,1,0,1217,0,,3,,-0.26484431768222666,-0.38017747006286184,0,3.2360286575961013,0.9626781160921937,,,,,,1.6991148238309266,35.472183464839254,55.95238095238095,155.29708669608814,3,13.894472484547466,20.715219410245908,18.052630178382664,24.210891793912378,,,,1064202
2025-08-06,35.34004461,35.34004461,32.81220837,33.68130727,33.42311898011534,33.140972630389605,33.47156458322619,33.09141212013739,31.25195563242214,33.88604186011683,0,0,0,0,33.68130727,30.133435463967743,93.24794477516402,47.68704656823028,1,0,33.10143530393008,33.01691352496311,33.185957082897055,32.67882640909521,33.6515096,34.58321062519138,34.498688846224404,34.66773240415835,35.00581952002625,32.79949008492,0,4.5,9,7.773438776604253,0.03886719388302127,-0.013512569487858204,6,4.16550868528668,59.26039659394446,0,1.3016155192020917,33.6515096,32.79949008492,1,1,0,0,8,10,1,0,1225,0,,0,,-0.09029286613198281,-0.03619289134675277,1,3.5005534427232643,-0.12344562048449315,,,,,,1.8429281608723376,34.510855325142835,52.77777777777778,139.16468692423547,3,14.42974536457193,21.347300542810263,32.642936379408944,17.745824190355616,,,,1234115
2025-08-07,34.19780034,34.65469805,33.29393748,33.31380259,33.38668018341023,33.19645693550346,33.456539631490365,33.100133315033965,31.272471522547292,33.91197621859039,0,0,0,0,33.48566833226382,30.152923407613066,64.45614890644788,77.50221830477071,4,0,33.11084698482899,,,32.65767619989303,34.48051471413092,33.46839359688094,33.377759439893744,33.55902775386813,33.92156438181689,32.767875404869116,0,0,4,6.52756551710638,0.0326378275855319,-0.38518278413578333,6,4.118121690901407,31.675169694731757,0,1.5458149891785724,34.48051471413092,32.767875404869116,1,1,0,0,8,8,1,0,1225,0,,1,,-0.2058378520104452,-0.4114532533363413,0,1.233623939207777,1.4691864616136519,,,,,,1.9838320616497351,33.317124684712965,48.01587301587302,133.54884033469284,3,14.265592000785382,21.934233023048595,28.26710062243783,15.366969202356922,,,,1404823
2025-08-08,33.24427468,33.42306074,32.7079165,32.72778162,33.16704732894015,33.17384896899436,33.38713410658652,33.085531287777734,31.286952220034383,33.93160564708408,0,0,0,0,33.30397097178586,30.162235762309873,72.3470160757015,76.1657921540411,4,1,32.61714308807671,,,32.164415562779034,33.5738171214,33.09524361798625,33.02575839,33.27633462810532,33.638516648343455,31.81710502248,0,0,1.5,4.605208554136486,0.02302604277068243,-0.940652856101741,6,4.424997794211117,27.453895876677645,0,2.3526634382455245,33.5738171214,32.64194309023844,1,1,0,0,8,8,0,0,1225,0,,2,,-0.6836095552154243,-0.9533989746482969,0,1.3966947245017831,2.3352624028134006,,,,,,1.1347073561106298,31.979293944859084,45.23809523809524,108.6244426122948,3,15.32864200590773,21.32507100183468,26.27372110388752,20.06197414345677,,,,832171
2025-08-11,32.90656768,33.22440956,32.46456881,32.65328743,32.995794029293435,33.09180388265237,33.31724394691162,33.06858054825704,31.30054759525792,33.945047970857026,0,0,0,0,33.169738286549176,30.17196490022154,59.433591426364615,85.72386534125343,4,2,32.54476676932724,,,32.0904554623544,33.5738171214,33.07712772879424,32.98626546739967,33.16798999018881,33.53143903576708,32.54759231907495,0,0,3,4.321776897433641,0.021608884487168207,-0.9525192503897958,6,4.309721479033646,15.016888152710465,0,1.1655783195176856,33.5738171214,32.54759231907495,1,1,0,0,8,8,0,0,1097,0,,3,,-0.7477684860193604,-0.9522206285183119,0,0.25410837195914127,3.827256347180448,,,,,,1.1866560986080887,30.11919013662062,41.666666666666664,101.74531715969017,3,14.929313136314324,20.331513652637252,24.31197588700056,20.955286978104528,,,,902189
2025-08-12,32.68805138,33.11515142,32.68805138,33.05555606,33.015714706195624,33.019340490533764,33.29232129101527,33.06806978401166,31.318010366051375,33.95528138355,0,0,0,0,33.14495284209315,30.187021885339103,88.97684217536933,91.34425351549434,4,3,33.05555606,,,31.98008429606892,34.343566975149834,33.10106179060903,33.01256590511765,33.189557676100414,33.543541218065954,32.51397695185019,1,3.5,0,5.548071776079746,0.027740358880398733,-0.5042820669957767,6,4.468271068435294,35.3946837411249,0,1.3268070837394919,34.343566975149834,32.51397695185019,0,1,0,1,8,19,0,0,1097,0,,4,,-0.38588825946036415,-0.49959095662036235,0,3.2245037586162333,2.961882587693542,,,,,,1.5525445374807045,28.005064893115122,38.492063492063494,80.9282774822225,3,15.478545025040003,19.40892468552536,23.17907150255978,19.978799645069483,,,,1212506
2025-08-13,33.12508398,33.84022822,33.07542118,33.81043054,33.28061998413042,33.05349494871645,33.34166502901382,33.09718197052101,31.342810566787183,33.967249282708785,0,0,0,0,33.2942402121665,30.21205562590569,98.37012789288254,3.176986261179192,1,0,33.81043054,33.00055073507048,33.178912239554485,32.383538504128,34.27090919316103,34.22283430237077,34.07860963,34.27090919316103,34.62763220212903,33.08038746,1,4.5,0,7.873001586614768,0.03936500793307384,0.2425246252404499,6,5.012389929765903,90.64070861748854,0,0.32271443219572366,34.27090919316103,33.08038746,0,1,0,0,8,10,1,0,1097,0,,5,,0.14680497587665212,0.24512602594713812,1,5.466980839727156,-4.555935573929226,,,,,,1.951628199165212,25.589294394733326,34.92063492063492,47.37466771526559,3,17.36342805140228,19.57308415523345,28.617435496440727,18.409273762683185,,,,1615470
2025-08-14,33.69123983,34.3269236,33.58525943,34.16800266,33.57641420942028,33.20654041702251,33.4203638510125,33.13917493873587,31.370921930898753,33.98304177062818,0,0,0,0,33.38863376771235,30.226756788288313,92.75230398376048,23.732750735357534,2,0,34.16800266,33.98917692997172,34.168042330028285,32.86979782977372,34.89844598,35.34004461,35.25061190997172,35.42947731002828,35.78720811014143,33.32339744542,1,4.5,0,8.916157246708982,0.04458078623354492,0.5380695474289605,6,5.00161532259864,92.78121985089064,0,0.5626564491157222,,33.32339744542,0,1,1,0,5,10,1,0,1097,0,,6,,0.4487277188187696,0.5352824843351316,2,6.015798782234968,-5.043624649362847,,,,,,1.053632279151397,23.493280756364562,31.746031746031747,35.594713847238644,3,17.32610371731169,20.286900974084855,31.357425959173707,17.046167887979866,,,,872185
2025-08-15,34.35672128,34.35672128,33.76076775,33.80049798,33.65110879961352,33.38256986959567,33.45656710139227,33.16510917564819,31.395096816959462,34.000030788252786,0,0,0,0,33.414866490749226,30.235099959208195,91.67171482094602,42.78661809669487,1,0,32.69214826511232,32.515416937738365,32.72778162,32.16195428299045,34.05303454655422,34.059428317415666,33.97106265372869,34.147793981102645,34.50125663585056,33.08038746,0,0,6,7.66170965187518,0.0383085482593759,0.10894945765382229,6,5.010441189927442,50.43830327913441,0,2.5667705166994548,34.05303454655422,33.08038746,1,1,0,0,8,10,1,0,1097,0,,0,,0.31874965407591493,0.11118890416006466,3,3.0196039128297096,0.6437108394968624,,,,,,0.6729257007074726,21.70991529150335,28.96825396825397,25.081055365255633,3,17.356677418580382,20.982810554661775,29.770291153489072,16.01971837795219,,,,549200
2025-08-18,33.94948636,34.04881195,33.61177936,33.99914916,33.76712225307568,33.56297050838441,33.508241583164434,33.19781662601493,31.42100778554693,34.01922252257445,0,0,0,0,33.46826531008153,30.24892632176392,94.63647916377522,25.986063170455783,1,1,33.99914916,32.51501280969047,32.72778162,32.352437745642014,34.1394724174291,34.12425672057182,34.038300813308915,34.21021262783473,34.55403625688637,33.08038746,1,2,0,8.20515176358846,0.04102575881794231,0.2642139471979894,6,4.22091518101986,84.1744748404222,0,0.08521423742228929,34.1394724174291,33.08038746,0,1,0,0,8,10,1,0,1097,0,,1,,0.21767529904591262,0.26430113099816194,4,4.9412530118090014,-3.0549224298872906,,,,,,1.0601231445189492,19.9819225353434,20.634920634920636,36.65956149253027,3,14.621679095930364,21.31142082066015,28.41883128231801,16.840082919421665,,,,867308
2025-08-19,34.06867707,34.351755,34.06867707,34.33685616,33.95703355538379,33.759071039869696,33.587157257148775,33.24248484303395,31.450021202208156,34.04230279335886,0,0,0,0,33.5192448046114,30.259145336692427,95.12935548436809,13.796217407661596,2,0,34.33685616,33.99564516397016,34.161574096029845,33.40496134176124,35.17119111,35.29323447936704,35.17119111,35.34004461,35.67190247411938,33.5738171214,1,3.5,0,9.179119273818355,0.045895596369091775,0.5340852134179501,6,4.307443880111184,86.80129218905303,0,0.895310214919807,,33.5738171214,1,1,0,0,8,10,1,0,1097,0,,2,,0.48486050344649456,0.534283441473093,5,3.6718217243573754,-5.04666406728821,,,,,,0.7242500246173479,19.52498885248106,19.444444444444443,30.852053835851827,3,14.921423302208387,21.986839666046183,30.60066673872839,16.201049484426708,,,,591716
2025-08-20,34.23753057,34.51564222,33.88492473,33.9892166,33.96776123692253,33.917166419203895,33.6254486231346,33.271768441346346,31.47528682805683,34.06649087003535,0,0,0,0,33.54262034841638,30.267442354094477,93.67259286006227,38.00867228011542,1,0,32.666186841709425,32.53723197,32.72778162,32.206552614389146,34.345414264362844,34.278713105772134,34.108767022772135,34.345414264362844,34.6760936199737,33.32339744542,0,0,6,7.986995593324571,0.039934977966622855,0.1273508938116543,6,4.455011510087407,52.33820619472704,0,3.653399426851888,34.345414264362844,33.32339744542,1,1,0,0,8,15,1,0,1097,0,,0,,0.015731208757577456,0.12991237429196195,6,3.296052875101358,0.66525943988354,,,,,,0.6486070903662013,19.410761742329573,19.047619047619047,25.777548405141975,3,15.432612567551072,22.20748563696822,28.516172738477177,17.08202252581346,,,,527691
2025-08-21,33.97928404,34.28719337,33.87002589,34.23753057,34.05768434794835,34.077095666807786,33.683742141883684,33.309641465999434,31.502771840414475,34.093068426030996,0,0,0,0,33.56753260772136,30.274033078709127,95.44101146956353,31.28184540682296,2,0,34.23753057,33.99812006994748,34.15909919005252,33.22610940957985,34.89844598,34.4494534185102,,,34.851901218772795,33.5738171214,1,7,0,8.681009859828071,0.04340504929914036,0.32567916835048333,6,4.443956846508685,71.10046308525165,0,0.6534522272852726,34.4494534185102,33.5738171214,0,1,0,0,8,10,1,0,1225,0,,0,,0.43599306369379576,0.3279978612526784,7,4.294162501767713,-1.0566498853896595,,,,,,0.48764125404661307,18.53883608987837,16.26984126984127,20.42648451191153,3,15.394318089593217,22.37854736807607,27.196567270301173,16.456810532180025,,,,394484
2025-08-22,34.46597943,35.01723645,34.31699104,34.9328097,34.34939279863224,34.29920832335281,33.80270095694238,33.37329512223475,31.536901570360598,34.12586134587194,0,0,0,0,33.63362134455071,30.284981562641548,94.36483296164462,16.312365479197506,2,1,34.9328097,33.36789197774482,33.53129590855664,33.20105251785609,,35.34004461,35.25834264459409,35.42174657540591,35.748554437029554,33.5738171214,1,2,0,10.76804619522606,0.09370504130289051,0.9264204390258244,0,4.819163046229367,85.50179178868154,0,0,,33.5738171214,0,1,0,0,8,10,2,0,1225,0,,1,,1.3189184826140816,0.9220631407022233,8,3.0691987176250946,-5.289106203364943,,,,,,0.6884845395764715,18.124367302300175,15.873015873015873,8.5676936066942,2,16.694070492055328,23.434168401049398,32.857274836928035,15.054558907475093,,,,559758
2025-08-25,34.91294458,35.00233761,34.41631663,34.47591199,34.391565862421494,34.489153248740266,33.86681629342406,33.41653499940202,31.566145455133128,34.1614603917993,0,0,0,0,33.676314452978914,30.295817036928472,95.02345326453165,23.56529895789473,2,2,33.75226801008511,33.57988845013511,33.80049798,33.25549468648458,34.82065790875744,35.17119111,35.17119111,35.34004461,35.664438373650526,33.5738171214,0,0,4,9.21799761393959,0.052920870525809856,0.3775894342784585,0,5.056362053298306,64.33574537558903,0,2.150658757054064,34.82065790875744,33.5738171214,1,1,0,0,8,10,1,0,1225,0,,2,,1.0546470596488953,0.38138141440646334,9,3.691007556404049,-0.6381745017665003,,,,,,0.7567606590699583,17.13154246842251,13.88888888888889,-2.1935083809383475,1,17.515751955551913,24.414387931667484,30.737380683844545,14.083264983569402,,,,617419
2025-08-26,34.44611431,34.44611431,33.9892166,34.05874451,34.28062541161433,34.58817140165369,33.88509517119319,33.441719686092135,31.59094743577857,34.19684300281811,0,0,0,0,33.69105193706771,30.303494522706206,90.9246592749827,55.61476158075203,1,0,33.70191733320001,33.62226614351328,33.78156852288674,33.303661384766365,34.862012219911016,34.35672128,,,34.754977228433646,33.32339744542,0,0,6,7.81172226391192,0.0390586113195596,-0.07509138476982384,0,5.207441936240148,32.936031196567,0,2.9129380019901956,34.862012219911016,33.32339744542,1,1,0,0,8,15,1,0,1224,0,,0,,0.4871048679548901,-0.0681152029849978,10,2.514198864639253,2.6146803205489957,,,,,,0.5968273635886997,15.466792671700958,8.333333333333334,-14.259659331371244,1,18.03910802206557,24.3300830920298,29.060455067566483,18.10254658471709,,,,488228
2025-08-27,33.9892166,34.25739569,33.83029566,33.87995845,34.147069757742884,34.57927165676451,33.88460595965098,33.45890551997088,31.613723664775797,34.230341303454175,0,0,0,0,33.69711526584684,30.30976277118887,86.97260388131812,77.11908281961183,1,1,33.72009391600002,33.6423187038802,33.797869128119835,33.33121785540092,34.62123846,34.35672128,,,34.7455973405991,33.08038746,0,0,6,7.168515829564398,0.03584257914782199,-0.2584844231161267,0,5.240379131359207,15.104072053363858,0,2.3173052684490183,34.62123846,33.08038746,1,1,0,0,8,15,1,0,1224,0,,0,,-0.1427310616165415,-0.2506073187873867,0,2.1161123612220623,5.695593139101101,,,,,,0.5222029474331071,12.878969842626967,4.365079365079365,-29.054019574370493,0,18.15320581287561,23.907734741469213,27.635593128349853,19.039369098619968,,,,420130
2025-08-28,34.04881195,34.23753057,33.66144216,33.8203631,34.03816753849526,34.48546702248313,33.87848759206518,33.47308032703084,31.63568027607156,34.261075562697364,0,0,0,0,33.70166674317049,30.31709804212861,66.91033973269114,87.29665730495894,4,0,33.74204487120001,,,33.35522743948299,34.62123846,34.35672128,34.2793577936566,34.4340847663434,34.74353871171702,33.08038746,0,6.5,6,6.905755794924,0.03452877897462,-0.31054449716912774,4,5.232314540508233,12.360528759432228,0,3.299576790876681,34.62123846,33.08038746,1,1,0,0,8,8,1,0,1224,0,,0,,-0.4121627413403191,-0.3031689910401587,0,0.2716741604441939,4.690723727766401,,,,,,0.6347700773290891,9.828990205263224,1.5873015873015872,-45.77189409259303,0,18.125269250683328,23.153447660344703,25.798192449008937,19.722252865913084,,,,501920
2025-08-29,33.78063286,33.86009333,33.47272354,33.64157704,33.905970705663506,34.34042844359871,33.855924682344686,33.47968804126493,31.655639447851943,34.28771418584936,0,0,0,0,33.69914329749438,30.325323033197044,48.184692098489144,92.93523812140492,4,1,33.54756830228156,,,33.17108739291933,34.62123846,33.71080059957823,33.63550441770578,33.786096781450674,34.08728150894046,32.79949008492,0,8.5,8,6.273566501222007,0.18136783250611002,-0.47021568448095913,4,5.234781272930593,7.864134411316904,0,2.4206021925574275,34.62123846,32.79949008492,1,1,0,1,10,19,1,0,1224,0,,1,,-0.28826445662754746,-0.46285824848052315,0,-0.7242566603211718,5.467740549800245,,,,,,0.7525799664057252,10.303964031163176,2.380952380952381,-43.17817596434312,0,18.133814262451736,22.056300968709806,24.61317689931597,21.054142759370286,,,,595782
2025-09-02,33.30387004,33.41312818,32.79234325,32.98602815,33.59932318710901,34.10753315626364,33.773077393549954,33.46032882984277,31.66887714638078,34.3065004134795,0,0,0,0,33.67448447779928,30.330925704087264,51.355550948277,91.62226062597553,4,2,32.611789406641115,,,32.2242877680369,33.755801465000005,32.98602815,32.98798829227916,33.142988947720845,34.033130801766745,32.593371880191164,2,8.5,6,4.159133895183749,0.17079566947591873,-1.0654090962045637,4,5.5159199166914,11.40521631217564,0,0.3749931003864069,33.755801465000005,32.593371880191164,1,0,0,0,8,8,0,0,1224,0,,0,,-0.8418945140517258,-1.051056227313766,0,0.6820712605738177,5.519343802399179,,,,,,0.6448793498044728,10.698368014815141,2.7777777777777777,-44.01019461366508,0,19.107707092381187,21.15491161536109,22.205083222621546,26.83270582948958,,,,508147
2025-09-03,32.7575793,33.01582583,31.75439085,32.66818627,33.28894421473934,33.7962957784619,33.66784966749758,33.42926441573129,31.67882052074515,34.31628559699835,0,0,1,0,33.581610780751,30.345308133220946,65.7160567785807,76.1524055935511,4,3,32.49473109893865,,,32.07859408719902,33.38192008278,32.671811648699986,32.58858424635206,32.75503905104791,33.087948660439615,31.81710502248,0,11.5,4,3.123114222661657,0.19780675820957094,-1.2823428665001009,4,5.590238268693762,13.288173065077451,0,2.0539067713466554,33.38192008278,32.48001925895587,1,1,0,1,8,19,0,0,1228,0,,0,,-1.2575294967701014,-1.2729265506474665,0,1.3075548988433816,5.557093910220402,,,,,,1.845848404150345,12.793041637609365,5.555555555555555,-33.937824487812776,0,19.365153415586942,21.663347003113785,19.200163233978884,34.33662241024823,,,,1494159
2025-09-04,32.80724209,33.05058978,32.62348975,32.94629791,33.174728779826225,33.486161730859735,33.59913045249781,33.41032455276144,31.691432236061118,34.31950322002394,0,0,0,0,33.55581505332194,30.352626864883007,54.521124240455975,95.24993510917864,4,4,32.39876415531335,32.31766817429385,32.47986013633285,31.99328425021584,33.755801465000005,33.41032455276144,33.329228571741936,33.49142053378094,33.81580445785895,32.39876415531335,0,2,0,3.959636991448405,0.16979818495724203,-0.9125327773139118,4,5.546248743787733,18.69994685679261,0,2.494723868510361,33.755801465000005,32.39876415531335,1,1,0,0,8,8,0,0,1228,0,,1,,-0.8559117498880894,-0.911627323849569,0,0.46701130336106855,3.3266639338078074,,,,,,0.8761399210649159,14.374198737541283,7.936507936507937,-25.18413892092235,0,19.212769231310826,22.067241374992438,18.68005694913406,32.72200429737932,,,,685161
2025-09-05,32.84697233,33.4826561,32.44470369,33.17474677,33.174734776550814,33.22719799086061,33.55871295892659,33.40108620833942,31.706191584657525,34.31821443807679,0,0,0,0,33.54744782446751,30.35701074212653,62.91374410946542,94.42690394524337,4,5,32.3763509254949,32.29178008231607,32.46092176867372,31.953496709600778,34.084151995999996,33.58317104602778,33.498600202848955,33.6677418892066,34.0060252619219,32.38253322760832,0,7,2.5,4.631761532826608,0.17315880766413302,-0.6255201752511725,4,5.499525303395706,24.13966160833577,0,2.839365845935168,34.084151995999996,32.38253322760832,1,1,0,0,8,8,0,0,1228,0,,0,,-0.8633095525851263,-0.633030822302505,0,1.6537469640402591,3.3978387644937156,,,,,,0.5184426221095241,15.594449003626801,10.714285714285714,-18.14330479988336,1,19.050914485984013,21.6180747374724,21.194603690517102,29.136265454919922,,,,378838
2025-09-08,33.18467933,33.83526194,32.89663512,33.74090263,33.36345739436721,33.09434120087533,33.57606435617168,33.41441234252219,31.726437465705708,34.316520348604804,0,0,0,0,33.55349947124424,30.36472379282688,65.85051136844642,90.49462966481681,4,6,33.560999406072504,33.47408874079931,33.6479100713457,33.12644607970653,34.62123846,34.973165582247056,34.88625491697386,35.06007624752025,35.40771890861303,32.79949008492,0,3.5,0,6.3494842951459765,0.18174742147572986,-0.05390170192661965,4,5.428210366649632,40.74917519328181,0,5.002091493591351,34.62123846,32.79949008492,1,1,0,0,8,8,1,0,1228,0,,1,,-0.9333379911815423,-0.06478374304341597,1,1.4935907682098808,2.303739943745016,,,,,,0.7770861344655021,16.53444452590791,13.095238095238095,-12.068938442543311,1,18.803872298418494,20.590867065875766,22.77327322028513,26.32672203871471,,,,557149
2025-09-09,32.52913044,32.78737697,32.12189552,32.23115367,32.98602281957814,32.90801542494113,33.44797762415533,33.36801004163897,31.731459517489732,34.30541232608044,0,0,0,0,33.1065388975926,30.431671128481348,97.12067384707781,53.20415470993686,4,7,31.95420494224998,31.763888579778335,31.95420494224998,31.383255854835046,33.14494909,32.79318751869999,32.69802933746416,32.88834569993581,33.2689784248791,31.75439085,0,0,6,1.574759434670329,0.23528246249960094,-1.507425336723328,4,7.198154890084149,50.72411095721848,0,2.0855522392395898,33.14494909,32.401350170135075,1,1,0,0,8,13,0,0,1228,0,,0,,-1.6192693226099946,-1.5121771859152722,0,5.131197297985383,2.7808161126623867,,,,,,8.072258906592673,17.261289246221757,16.26984126984127,-30.775246260714873,0,24.935139980752226,20.621802276327927,19.313799330263556,29.596729314243262,,,,9093840
2025-09-10,32.23115354,32.28096985,31.44405582,31.44405582,32.47203381971876,32.609481979241124,33.257127928521484,33.292560856476655,31.728599779206252,34.28123228459106,0,0,0,0,32.999477819351256,30.43901230532527,0.11194806492576044,25.38436681667657,4,8,31.385184515800017,,,30.90601644086584,32.26002446,31.954109957049983,31.762442727076312,31.954109957049983,32.33744441699732,31.276411997252204,0,0,6,-0.8968059138642885,0.25884242346868913,-2.135567719425821,4,7.445461619529086,0.3493013493804895,0,1.7679025253583507,32.26002446,31.75439085,1,1,0,0,10,11,0,0,1244,0,,0,,-1.8707393877495133,-2.13226876878565,0,-8.618360399338991,8.828181811402807,,,,,,1.5984617986073462,18.972037259245518,21.03174603174603,-26.441694427847956,0,25.791835621656865,21.343464031806196,17.807841989295703,33.604237908389436,,,,1851853
2025-09-11,31.58354149,32.25108007,31.54368844,32.15144744,32.36517169314584,32.32994890091775,33.15182502485277,33.24781131073247,31.732807218617136,34.250132297772275,0,0,0,0,32.896335952064874,30.465301936827906,63.04674544613964,67.35674662826182,4,9,31.957997442049983,,,31.477027789878964,32.97271755402,32.84994599052115,32.65755812965274,33.04233385138956,33.42710957312637,31.80718107613891,0,5.5,0,1.3192662675530722,0.19460514921175862,-1.2715204942297356,4,7.43377812547187,25.954634484318472,0,1.8067060116221587,32.97271755402,31.80718107613891,1,1,0,0,8,8,0,0,1244,0,,1,,-1.3040705429919461,-1.2858078624003895,0,1.1522969586709597,2.5352553848715607,,,,,,3.11846209000485,20.23831807940674,26.58730158730159,-21.408749401240325,0,25.75136281102281,22.01357851903602,16.473914613493154,31.08705402300192,,,,3981767
2025-09-12,32.09166787,32.35071269,31.9372373,32.15144744,32.29393027543056,32.09354596064416,33.056550969152504,33.20481664913512,31.736972792959254,34.213346634444385,0,0,0,0,32.870061037751725,30.473048123547432,50.509897110482655,75.96006663294317,4,10,31.959805870699984,31.866791190743225,32.05282055065675,31.49473247091618,32.97271755402,32.86594059816512,32.86467277060001,33.05196995807864,33.42402867790568,31.63226962377614,0,5,2.5,1.3059678052618007,0.19038766293232984,-1.1728723477655867,4,7.313350586754156,21.71519085196569,0,2.2105309523229195,32.97271755402,31.63226962377614,1,1,0,0,8,8,0,0,1244,0,,2,,-1.2708625912481666,-1.1889362973454398,0,0.3918367011794963,2.6000101951148977,,,,,,0.9257066887803098,21.141282019062473,31.746031746031747,-16.550391507097135,1,25.334189579643713,22.444313650155877,16.776449782041706,29.8532115539492,,,,1197011
2025-09-15,32.33078616,32.75920644,32.19130049,32.72931666,32.439059070287044,31.998393111013847,33.02538579685226,33.18616959073766,31.746846861288017,34.175400508949316,0,0,0,0,32.86206576365156,30.490608833033342,55.58229946910939,90.72492159916818,4,11,32.53723197,,,32.0782460005579,33.5738171214,33.051197218213886,32.86760283043704,33.06548862,33.43267739555369,31.81710502248,0,3.5,0,3.0947004060110466,0.16547350203005523,-0.5324216150423945,4,7.54900265533237,23.289716958637655,0,3.2350100189730697,33.5738171214,31.81710502248,1,1,0,0,8,8,0,0,220,0,,3,,-0.7804415122405094,-0.5476413995842832,0,1.017094234635783,2.9186277370736367,,,,,,1.494252037425499,21.72973015983515,33.333333333333336,-16.90514542118419,1,26.15051229101606,22.08479671809297,19.757918978126174,28.088494717663064,,,,2043854
2025-09-16,32.66953708,32.85883907,32.38060247,32.67950034,32.51920616019136,32.00969405283204,32.99244432477109,33.16630020835579,31.756126995404554,34.136589355180035,0,0,0,0,32.85256542456349,30.50694870778707,67.39578099186049,80.43726582932474,4,12,32.53723197,,,32.08968086444661,33.5738171214,33.05224506632204,32.873224624100686,33.06548862,33.42352950444271,31.81710502248,0,5,1,2.9077013854021474,0.014538506927010737,-0.5565879592582604,4,7.508193140428263,43.11512459607612,0,3.3266679586516665,33.5738171214,31.81710502248,1,1,0,0,8,8,0,0,220,0,,4,,-0.39059250676580337,-0.5677601403365296,0,2.2234475581343944,0.9592431263711545,,,,,,1.3877524319970598,20.710257251117994,28.96825396825397,-20.37316851549886,0,26.009143984523753,21.571940362236937,19.809220282687097,26.74856930724902,,,,1975046
2025-09-17,32.66953708,33.25736956,32.4802351,33.02821452,32.68887561346091,32.11152052707706,32.99585101003099,33.160885083322235,31.768784582713963,34.09961224141262,0,0,0,0,32.86346330583579,30.53064794844847,65.15784144196189,61.35575860371271,4,13,32.9355456425,32.8454903080758,33.0256009769242,32.485268970379,33.755801465000005,33.15708863678037,,,33.60736530890137,32.17619682708,0,5,5.5,3.964362986588154,0.01982181493294077,-0.19408400857452504,4,7.520654750545118,45.54840422708567,0,1.8216707044498648,33.755801465000005,32.17619682708,1,1,0,0,8,8,0,0,220,0,,5,,0.06269307393334576,-0.20255845319496316,1,1.2746460663502055,0.43638834829075795,,,,,,1.6526175966568446,19.618511132929612,21.825396825396826,-24.695700976862497,0,26.052312268256767,20.404570801018426,22.234179877269533,24.687610749174702,,,,2510557
2025-09-18,33.33707566,33.6957531,33.10792062,33.43670828,32.93815316897394,32.30256895001991,33.03783741669471,33.171701679270384,31.78538083840835,34.067205237046224,0,0,0,0,32.8822260936773,30.545470169000414,69.12207111546134,76.911909474321,4,14,33.09831056213036,,,32.65039567998229,33.83526194,33.47790051120001,33.3883175347704,33.56748348762962,33.92581539334808,32.62817583756,0,5,6.5,5.195241957259295,0.02597620978629648,0.19196670497498178,4,7.596786050225782,42.30981332909377,0,1.8970672944934976,33.83526194,32.62817583756,1,1,0,1,8,19,0,0,220,0,,6,,0.1468879747822869,0.18398378969028775,2,1.697122267438254,1.9273121324347289,,,,,,0.8770416273757575,17.906300293166797,15.873015873015873,-31.95670362374581,0,26.31603882644309,19.25540272182472,25.124176222091357,23.04508600365037,,,,1369253
2025-09-19,33.58615721,34.03450402,33.40681849,33.79538572,33.223897352649296,32.57219523623203,33.10998487415235,33.196159876946055,31.805380886981403,34.04120209119839,0,0,0,0,32.945688094125806,30.5828594891414,84.95076459429828,87.96077533956148,4,15,33.08144061465993,,,32.63749797721887,33.83526194,33.83526194,33.74647341251179,33.924050467488215,34.279204577441064,33.08038746,0,2,9,6.256818115431359,0.031284090577156795,0.4911794595800713,4,7.642154328196254,36.22577810608471,0,1.7003874292210182,33.83526194,33.08038746,1,1,0,1,8,19,0,0,212,0,,7,,0.23068056019481686,0.4832977042657421,3,2.747659549736561,2.4716279193302197,,,,,,1.8403933588576118,15.3578331150676,7.936507936507937,-41.98724140888663,0,26.47319915143662,18.668005391989002,26.94481545053251,21.590479335654766,,,,3124467
2025-09-22,33.81531225,34.12417338,33.62601026,34.02454075,33.49077848509953,32.907203845186146,33.19708543375689,33.228645401379545,31.827462079648257,34.02226742798099,0,0,0,0,32.97077470859597,30.59636990602392,82.79463336380059,72.2293603959323,4,16,33.83526194,33.74836756518952,33.922156314810486,33.40079006594758,34.69486570075991,34.75474225347758,34.69486570075991,34.89844598,35.246023479241934,33.32339744542,0,5.5,0,6.903091000009839,0.0345154550000492,0.6357597216790232,4,7.3730959901491735,51.51581057813705,0,1.9785026651833322,34.69486570075991,33.32339744542,1,1,0,0,8,8,0,0,212,0,,0,,-0.0005439799904206412,0.6267212486719946,4,3.1678115293196187,0.47399757363496103,,,,,,0.6210976946854079,15.148084789306429,7.936507936507937,-40.69146229414275,0,25.54115372804145,18.247217041764166,26.486954835440525,20.485321845433855,,,,1070303
2025-09-23,34.07435707,34.24373253,33.57619395,33.63597352,33.53917683006635,33.22988207268528,33.23888429911337,33.24461905309015,31.845457218358224,34.0073148301647,0,0,0,0,32.9837673814929,30.606557946428012,74.75618227823651,81.4953111830643,4,17,33.34750697754508,,,32.914267979317835,33.83526194,33.83526194,33.748614140354555,33.92190973964545,34.26850093822725,32.79949008492,0,0,7.5,5.622517175258461,0.02811258587629231,0.17557724775630956,4,7.346614940672927,38.963963486421235,0,2.390763203031664,33.83526194,32.79949008492,0,1,0,0,8,8,0,0,212,0,,0,,0.7840205543484545,0.1706354203512233,5,1.3672612875198755,2.866436353100562,,,,,,0.5275160189715895,14.709750950563445,7.5396825396825395,-42.200055810722425,0,25.449420681780243,18.027154674674097,25.897010209569146,19.07621605086138,,,,916939
2025-09-24,33.6957531,33.87509182,33.38191034,33.46659807,33.514983910044236,33.49161021574416,33.2605713249121,33.253324112576806,31.861587973100928,33.99495455203411,0,0,0,0,32.99345008875981,30.616566610910876,79.16111000642344,73.8430270096586,4,18,33.440339833800024,33.35547775662925,33.5252019109708,33.01602944794615,34.46310679917145,33.83526194,,,34.259572325853874,32.62817583756,0,0,3,5.037445397429976,0.05536190730304004,-0.028053721411990803,4,7.269253548508716,47.65147061319985,0,2.4104217088941473,33.83526194,32.62817583756,1,1,1,0,14,8,1,0,212,0,,1,,1.2413974425271213,-0.030436518849020353,6,2.608382835974,0.7157412950397448,,,,,,0.545287654233257,13.900198201904507,5.158730158730159,-44.79981252473231,0,25.181432958234893,17.44649505165678,24.55324093369832,20.13048182343118,,,,960712
2025-09-25,33.31714913,33.65091842,33.1677002,33.28725934,33.43907572002949,33.65327181199437,33.26311304063476,33.25465490580909,31.875773757846193,33.98410021363144,0,0,0,0,32.998419160028426,30.624560199370478,66.7124065819198,85.05859540499736,4,19,33.15442791376858,,,32.73885317065427,33.83526194,33.42193036260002,33.33881541397716,33.50504531122289,33.837505105714335,32.36027694,0,0,3.5,4.428082571035218,0.02214041285517609,-0.22192292178741563,4,7.269958590051441,16.091521331592972,0,2.554663006331917,33.83526194,32.36027694,1,1,0,0,8,8,1,0,212,0,,0,,0.5925554003035687,-0.22315393470654538,7,0.6679511053314728,4.155878245813765,,,,,,0.46247692925262607,14.3516386328387,5.9523809523809526,-43.012588549537895,0,25.18387529378179,16.502890301165074,23.278696550996365,21.386659326405237,,,,824155
2025-09-26,33.43670828,33.72564289,33.23744303,33.50645111,33.461534183352995,33.75146372559394,33.28628809486002,33.264529266757755,31.891999403141256,33.97545925866507,0,0,0,0,33.02499899328101,30.6524446571813,65.54489470377516,80.24505181972538,4,20,33.16652239029669,,,32.75883692079769,34.24373253,33.920638162857145,33.83910106895735,34.00217525675694,34.328323632356145,32.79949008492,0,3.5,0,5.06224676117273,0.025311233805863656,-0.015112000158566022,4,7.30684147385347,33.7080909843864,0,2.750031977629489,34.24373253,32.79949008492,1,1,0,0,8,8,1,0,212,0,,1,,0.7421044664239804,-0.018251568714915335,8,1.2290421640634812,1.3156803591655588,,,,,,1.4223295512010565,14.927873172325828,9.126984126984127,-41.02368564234334,0,25.311641351131332,15.756561762591998,22.852487227662184,20.2433405104745,,,,2690285
2025-09-29,33.62601026,34.41310798,33.49648785,34.33340189,33.75215675223533,33.88758664707403,33.386013218206685,33.30644584021824,31.91629196519955,33.972937215068214,0,0,0,0,33.05933458852838,30.670699465946896,69.79124446665851,70.23868914847027,4,21,33.19655544405526,33.11265831998759,33.280452568122925,32.7770698237169,34.24373253,34.47325807474581,34.38936095067814,34.557155198813476,34.892743695084164,33.5738171214,0,2,0,7.5732792751613545,0.03786639637580677,0.7500634126416881,4,7.691843374222089,47.41887241973496,0,2.144152051315422,34.24373253,33.5738171214,1,1,0,0,8,8,1,0,212,0,,2,,0.8910316804498978,0.7396553742529238,9,1.8372312461090443,0.373539778198026,,,,,,0.7176543517405564,14.380900677907283,6.746031746031746,-46.02843249899935,0,26.645327056029373,16.126012578726993,27.939442118392563,18.26861619179386,,,,1385764
2025-09-30,34.36329167,35.07566493,34.33838352,34.42307125,33.975794918156886,34.053168483790046,33.48478064980605,33.35023507197439,31.941235042660253,33.97582825126848,0,0,0,1,33.169895896958714,30.732235496220788,98.99732946834814,93.74553027169874,5,0,34.42307125,33.5738171214,33.79538572,33.235689837720074,34.662685222371124,35.10710528932971,35.07566493,35.27922064557971,35.61734792925964,33.5738171214,1,0,14,7.770007027045265,0.03885003513522633,0.7321317691615753,0,7.3778487107492765,48.19911119783164,0,0.20180033971648126,,33.5738171214,0,1,0,0,8,8,1,0,220,0,,0,,0.9831471010528146,0.7230737453891516,10,5.873234536780722,3.8597168292508157,,,,,,2.178556205934307,13.5959632401219,4.365079365079365,-46.80269720670751,0,25.557617635148567,17.266219782142286,32.74714978544983,16.836345052913842,,,,4658837
2025-10-01,34.20387948,34.20387948,32.27598822,32.34074943,33.430779755437925,33.998986727570134,33.3758252955388,33.3106473997401,31.94521031019597,33.97021973504259,0,0,0,0,33.13718308798023,30.74548960773757,20.686589398184882,66.89576961188466,4,0,32.059531513849976,,,31.571210424310777,33.14494909,32.53723197,32.43956775209216,32.63489618790784,33.0255530595392,31.57950001392493,0,0,1.5,1.2381797332471671,0.006190898666235836,-1.3448423893358865,4,9.758731548268814,12.198807761323636,0,1.9612750229133689,33.14494909,31.57950001392493,1,1,0,0,10,8,0,0,220,0,,1,,-0.6618642104652176,-1.332565682714907,0,-1.3518954552473605,3.1427121427347746,,,,,,1.0818247991463403,13.7904098922824,5.158730158730159,-59.20629221040028,0,33.80523771805375,16.77110157117186,26.319253712832275,32.38620767819065,,,,2360332
2025-10-02,32.38060247,32.57986772,32.13152092,32.1614107,33.007656736958616,33.76121644081125,33.26016676263035,33.26557929386794,31.947361557855714,33.955264310480665,0,0,0,0,33.112500206420904,30.753122781216764,34.138449079093846,62.867959944100825,4,1,32.06267679364998,,,31.589220299792153,32.97271755402,32.53723197,32.442540671228436,32.631923268771565,33.010688463857825,31.49045044646768,0,0,6.5,0.6700056959528461,0.008581686333787333,-1.4064424589192166,4,9.72373471009595,5.324501888104926,0,2.210934979480209,32.97271755402,31.49045044646768,1,1,0,0,10,8,0,0,220,0,,0,,-1.0418532628321848,-1.3952122036126149,0,-1.797291943136354,5.79157388608411,,,,,,0.6977440707168484,13.968552979685384,6.349206349206349,-58.530605454314546,0,33.684005114414425,16.46285239047629,25.206601210360283,32.37927513437969,,,,1552605
2025-10-03,32.400529,32.54997793,31.92229241,31.97210872,32.66247406463908,33.38658207111515,33.13749456809413,33.21485495763782,31.94760779827506,33.93024322324936,0,0,0,0,33.09355073021677,30.75749676016515,24.53757679611889,59.251892916605804,4,2,31.82216897080001,,,31.35450912293203,32.79949008492,32.06695461994998,31.973422650376385,32.16048658952358,32.53461446781797,31.509339006214045,0,0,7,0.0766909431205129,0.04846968123059465,-1.4702532018746695,4,9.695616696792715,8.107332679570433,0,1.1923529810781306,32.79949008492,31.509339006214045,1,1,0,0,10,8,0,0,220,0,,0,,-1.3846898121199367,-1.4618475189673714,0,-1.8794320776494193,4.1535871127603645,,,,,,0.4592955104308036,14.131594519962794,6.746031746031746,-57.92490485479848,0,33.586601459116224,16.399119552904857,23.69624878179192,32.436441307154624,,,,1037132
2025-10-06,32.07174134,32.19130049,31.19995589,31.69313738,32.33936183642605,32.937291709762334,32.999936740656594,33.15517975851477,31.945075754312125,33.89413049364484,0,0,0,0,33.066891688333904,30.761401239781,18.350583814594934,50.513785911387515,4,3,30.761401239781,30.66569883410552,30.857103645456483,30.282889211403592,31.509339006214045,32.07023360024998,31.974531194574496,32.16593600592546,32.54874562862739,31.509339006214045,0,7,7,-0.7886610639141065,0.08644671433031095,-1.6136157697432953,4,9.51117802181895,6.924841640731387,0,1.1721640434784373,31.509339006214045,31.509339006214045,1,1,0,0,10,8,0,0,220,0,,0,,-1.6915737146424876,-1.6035741629607991,0,-2.196038621280362,4.443430609298322,,,,,,0.5287369302313359,14.117667007583584,6.349206349206349,-57.1512654454601,0,32.94768714724573,17.0445314499037,21.504638301488605,36.1755211722004,,,,1211229
2025-10-07,31.50383539,31.61343128,30.74662746,30.77651724,31.81841363761737,32.411210319812554,32.78818250249882,33.06189887543576,31.933448306408522,33.84246086451732,0,0,0,0,33.0285051570109,30.761457512219227,9.265587500535275,18.600890411620117,4,4,30.761457512219227,30.66414001123485,30.858775013203605,30.274870007297345,31.509339006214045,32.070117512049976,31.972800011065598,32.16743501303435,32.556705016971854,31.509339006214045,0,0,4,-3.6229443663819554,0.12897811568200096,-2.3537274590598205,4,8.856707539880416,0.719573712665678,0,1.15247206342868,31.509339006214045,31.509339006214045,1,1,1,0,10,6,0,0,220,0,,0,,-2.0318249254560077,-2.3227955946877734,0,-7.97984277605583,6.923986407335161,,,,,,0.5737365702873362,15.035536992150316,11.507936507936508,-50.99323709888601,0,30.680534893702472,18.033632700139663,19.637191058436173,37.19320933916695,,,,1084553
2025-10-08,30.66692136,30.74662746,30.27835413,30.38795001,31.34159242841158,31.827258910791773,32.559588931784646,32.95703813561475,31.918070213906944,33.77472065701458,0,0,0,0,32.9936885652402,30.760352278319004,5.232103848158866,14.831144915144899,4,5,28.36738826,28.27257412417522,28.462202395824775,27.89331758087611,31.340259826740002,32.07053365479998,31.975719518975204,32.16534779062476,32.54460433392387,31.509339006214045,0,0,4,-4.793899485941535,0.1451904122445683,-2.5073080294180174,4,8.615400979405383,2.414660806661871,0,1.1837784391623944,31.340259826740002,31.509339006214045,1,1,0,0,10,6,0,0,220,0,,0,,-2.1615232979565464,-2.470659470035646,0,-5.442587349212803,5.313386226714311,,,,,,0.4696633338075394,18.024735383848622,20.634920634920636,-39.604750546067926,0,29.844624447817576,19.32370755354643,18.71597857215619,39.858108098210955,,,,864637
2025-10-09,30.30824392,30.54736221,29.52114619,29.60085229,30.76134571560772,31.16377415351126,32.277804489709915,32.825423004414176,31.8950133191417,33.68836082174669,0,0,0,0,32.94735950475962,30.756760999549744,2.6814170691912946,6.801252774232311,4,6,28.36738826,28.270183919412705,28.46459260058729,27.88136655706353,30.77297444742,30.77297444742,30.675770106832708,30.870178788007294,31.25899615035647,30.11812151183519,0,0,4,-7.192851767096982,0.1905551606386035,-3.019114857572054,4,8.560697208910971,1.2160045677389135,0,1.3473738551761947,30.77297444742,30.11812151183519,1,1,0,0,10,6,0,0,220,0,,0,,-2.524441285108828,-2.9543141683662895,0,-8.411307945609174,5.058641341496908,,,,,,0.5380450567321552,25.39961194083421,39.682539682539684,-14.350008921655514,1,29.65512502809376,21.050701741368382,16.951779260843118,43.05624615867282,,,,907830
2025-10-10,29.71044818,30.58004171,29.15250549,29.17243201,30.23170781373848,30.453209812460177,31.98205472973754,32.68216845561362,31.86792295785671,33.58328491972192,0,0,0,0,32.89603021791518,30.751822673468983,1.607288155355681,5.788425347277331,4,7,26.9073021,,,26.392266937451847,30.227994375,30.227994375,30.12498734249037,30.331001407509632,30.743029537548153,29.55175616784258,0,0,8,-8.458320146629331,0.23339453337028476,-3.1221346108283297,4,8.61048357359505,1.797025109042103,0,1.3129942503570293,30.227994375,29.55175616784258,1,1,0,0,10,15,0,0,220,0,,0,,-2.867156266962278,-3.054457976435353,0,-6.531679286363111,5.688324444505662,,,,,,0.547716841462454,33.097873631860395,52.38095238095238,10.96395508818328,2,29.82759005440771,22.885525690644002,14.854204126311474,40.923912474974934,,,,916466
2025-10-13,29.30195442,29.46634825,29.14254223,29.4414401,29.96828524249232,29.80937690151212,31.7400914316673,32.55508106911897,31.843778849818335,33.46375963952189,0,0,0,0,32.855221936351626,30.7482417092388,3.152108568215022,11.071806539874274,4,8,28.36738826,28.268847747491055,28.465928772508942,27.874685697455288,30.77297444742,30.77297444742,30.674433934911058,30.871514959928945,31.265677009964712,29.101219983218634,0,0,0,-7.544138405018595,0.25,-2.5539432278933716,4,8.41263615133374,16.162916560123804,0,3.3930297735150545,30.77297444742,29.101219983218634,1,1,0,0,10,15,0,0,220,0,,1,,-3.0741298043502954,-2.511756474651696,0,-3.5735375306984585,0.2366751038672119,,,,,,0.5000173768416349,38.942163309317266,64.28571428571429,33.62796194327384,3,29.14222647940147,24.595623668006667,14.418389835683326,39.813502318594004,,,,805698
2025-10-14,29.4414401,29.83997059,29.39162379,29.83997059,29.925513691661546,29.328858249873168,31.559127541984697,32.44860614836921,31.823840459173375,33.33456614002033,0,0,0,0,32.82523707892709,30.74613610616004,3.6789427794142915,23.00356516518665,4,9,28.36738826,28.27188325909884,28.462893260901158,27.8898632554942,30.77297444742,30.77297444742,30.677469446518842,30.86847944832116,31.2504994519258,28.78476217211029,0,1,0,-6.23391093139268,0.2283435256805515,-1.9338192836292132,4,8.613514525678271,16.506388972287965,0,4.163577313333255,30.77297444742,28.78476217211029,1,1,0,0,10,15,0,0,220,0,,2,,-2.826748205444412,-1.9139641158918628,0,-3.7276577685271475,0.02864618906802402,,,,,,0.4428876377157053,43.60514871776559,67.85714285714286,46.13921109207851,3,29.838089580414607,25.52295200730515,17.30696286892722,38.14471756976787,,,,685077
2025-10-15,29.83997059,30.21857456,29.68055839,29.8100808,29.887036061107697,29.030959726478784,31.39255166179568,32.34513456608022,31.803803049629362,33.19770489985158,0,0,0,0,32.79239342586107,30.74373910200968,5.152918211460518,33.48089042460195,4,10,28.36738826,28.273901329073922,28.460875190926075,27.89995360536961,30.77297444742,30.77297444742,30.679487516493925,30.866461378346077,31.24040910205039,28.491977586448222,0,0,4,-6.268817117620137,0.08701030295144785,-1.7877786812671,4,8.475887943760574,9.899266142857044,0,4.879819753149066,30.77297444742,28.491977586448222,1,1,0,0,10,15,0,0,220,0,,0,,-1.6960824236115828,-1.7652312772723004,0,-3.087289599001813,2.8465937943347184,,,,,,0.5199124000705158,47.44722480789283,72.22222222222223,61.5976296342093,3,29.36133711570762,25.751979427001398,20.033563532338015,36.18469619782283,,,,758681
2025-10-16,29.8100808,30.06414399,29.23221159,29.37169726,29.715256460738466,28.835612070029867,31.20008933781514,32.22852918152805,31.77960299202111,33.05313604439776,0,0,0,0,32.7548437395855,30.740168455814864,16.53975055934231,24.361961899160168,4,11,29.14254223,29.04830496914007,29.23677949085993,28.671355925700354,30.227994375,30.227994375,30.13375711414007,30.322231635859932,30.699180679299648,29.14254223,0,0,4,-7.5768905377001134,0.10584251241650061,-2.032571024634378,4,8.321966902128468,22.398983580517182,0,2.303658096797565,30.227994375,29.14254223,1,1,0,0,10,15,0,0,220,0,,0,,-1.846740099332005,-2.000500487177517,0,-0.8241416716738204,1.6504443492089707,,,,,,0.5408016525664786,50.65508619416516,76.19047619047619,75.7140348788513,3,28.828138986786158,26.350567882019188,18.454478310374483,37.58043798168835,,,,773042
2025-10-17,29.49125641,29.61081556,29.22224833,29.42151357,29.617342163825644,28.72210161471255,31.030701169451792,32.118450137938716,31.756139415682593,32.904045472871346,0,0,0,0,32.726422939868634,30.737485515434194,17.295843560961632,35.71300811459032,4,12,29.160974287350047,29.06999890914083,29.251949665559266,28.70609739630395,30.227994375,30.227994375,30.137018996790783,30.31896975320922,30.6828712660461,29.14254223,0,2.5,3.5,-7.3517306846488175,0.0862045496152351,-1.7963855749440525,4,8.174718539703877,15.436799617677735,0,2.3862547567623085,30.227994375,29.14254223,1,1,0,0,10,15,0,0,220,0,,1,,-1.6896363969218808,-1.7692440997264995,0,-1.577110274766814,2.5972526986874915,,,,,,0.46459976033644956,53.338457156389666,78.57142857142857,88.35494119970292,3,28.31805569668474,26.914920116264877,17.750715924006382,36.24508838367475,,,,605603
2025-10-20,29.74033797,29.93960321,29.53110946,29.83000733,29.68823055255043,28.71617153330043,30.91634937521829,32.028707282725435,31.736973922292716,32.75462759574874,0,0,0,0,32.706868462708854,30.736015974919187,30.012588291361958,67.46045008458894,4,13,29.16116209295082,29.072059155685118,29.250265030216525,28.7156474066223,30.77297444742,30.77297444742,30.683871510154297,30.862077384685705,31.218489133748523,29.14254223,0,0.5,3,-6.0086591650542385,0.03269778782802507,-1.2521828034778615,4,8.327070164381334,24.938198455536956,0,3.659659866336531,30.77297444742,29.14254223,1,1,0,0,10,8,0,0,220,0,,2,,-1.2615823026242006,-1.2369886514519473,0,0.049462757142892944,2.076271361856003,,,,,,0.37892007359128266,55.55660744722163,83.33333333333333,92.5984868130318,3,28.845817205798784,26.859129836708068,20.1238041769151,34.36341592780599,,,,482789
2025-10-21,29.79015428,30.13886846,29.75528286,29.8897869,29.755416001700286,28.805233178704327,30.818581520435593,31.94482805203032,31.718593951921644,32.606580320724,0,0,0,0,32.68813459117418,30.73465929615947,39.67809172805587,84.74130056671267,4,14,29.16116209295082,29.074998779775523,29.24732540612612,28.730345527074334,30.77297444742,30.77297444742,30.686811134244703,30.8591377605953,31.203791013296488,29.14254223,0,1.5,4.5,-5.7657254753905836,0,-1.0863457487666572,4,8.352529073508883,16.682991288494634,0,3.784516071481424,30.77297444742,29.14254223,1,1,0,0,10,8,0,0,220,0,,3,,-0.6617979289620646,-1.0737895509109185,0,0.40498973072348,4.283838184141137,,,,,,0.38231500231690696,57.359156577147566,84.12698412698413,98.24130032266943,3,28.93400945402717,26.465262171962827,21.388773637923244,32.997518110485274,,,,478738
2025-10-22,29.91967669,30.14883172,29.71044818,29.7453196,29.752050534466857,28.949551249612124,30.71636609944173,31.85857281861737,31.698959381255758,32.46014825203424,0,0,0,0,32.667732553506056,30.732997001367686,34.68381947055245,80.88888505182771,4,15,29.16638872245902,29.082465792903385,29.250311652014652,28.746774074680854,30.77297444742,30.77297444742,30.689051517864367,30.856897376975635,31.192589095198166,29.22224833,0,0,3.5,-6.163103834919536,0,-1.1250097850437484,4,8.35277232692258,19.365103644034683,0,3.6955957701453164,30.77297444742,29.22224833,1,1,0,0,10,8,0,0,220,0,,4,,-0.5059607765796078,-1.1124266518413568,0,-0.7095005838443906,2.5310342289913415,,,,,,0.40883055982729055,57.88099792273146,84.52380952380952,100.03903149581757,3,28.934852108570443,26.150742091862085,20.39120803631163,31.93552110351377,,,,502576
2025-10-23,29.66063187,30.15879498,29.66063187,30.02927257,29.844457879644573,29.150222998009525,30.650928620447278,31.786835553965705,31.682345582138787,32.31808468069804,0,0,0,0,32.64844354814788,30.73174320737824,41.591678006003946,83.27318505279592,4,16,29.16638872245902,29.08401240296093,29.248765041957107,28.75450712496858,30.77297444742,30.77297444742,30.690598127921913,30.85535076691809,31.18485604491044,29.22224833,0,3,3,-5.217647184148897,0,-0.7642254148737566,4,8.493424850095797,30.29130722028931,0,3.7649803411185423,30.77297444742,29.22224833,1,1,0,0,10,8,0,0,220,0,,5,,0.1997702077898949,-0.7576445740517253,0,0.35995124696968395,1.4407692956041855,,,,,,0.4394777587813109,56.500017289004944,82.93650793650794,92.03266507183845,3,29.42208674126799,25.91875581936583,19.290190813297052,30.75111914416069,,,,533872
2025-10-24,30.15879498,30.27835413,30.02429094,30.0342542,29.907723319763047,29.36505875237706,30.592197723261823,31.71810687341803,31.665946662913527,32.18079613370892,0,0,0,0,32.62744308670529,30.730369355197016,34.341127333038145,87.92497512086786,4,17,29.152505492499998,29.073744774483917,29.23126621051608,28.758701902419592,30.77297444742,30.21857456,30.13981384198392,30.29733527801608,30.612378150080406,29.22224833,0,0,6.5,-5.152830200476938,0,-0.696251612476313,4,8.424539938300994,16.071226210365133,0,2.530007991538557,30.77297444742,29.22224833,1,1,0,0,10,8,0,0,220,0,,0,,0.49837236716423633,-0.6914338598303272,0,-0.8800426025174972,3.1845643649871143,,,,,,0.5328576141595593,54.0617921020676,78.57142857142857,85.24803996179445,3,29.18346240706099,25.46515915805857,20.089967176163512,29.865442925981863,,,,591388
2025-10-27,30.7366642,30.90603965,30.39791328,30.84626008,30.2205689065087,29.65292996368961,30.616394138189268,31.68391680308791,31.657790577511403,32.05340499137099,0,0,0,0,32.58733350440053,30.73102030022748,78.05918388537461,81.90391532974964,4,18,30.73102030022748,30.650101549123264,30.8119390513317,30.32642654470639,31.288231211414587,32.03485166834997,31.953932917245755,32.11577041945419,32.43944542387107,31.288231211414587,0,1.5,0,-2.563446414633513,0,0.10791750356488262,4,8.512632983326828,44.980917074156714,0,1.8453583297986704,31.288231211414587,31.288231211414587,1,1,0,0,8,8,0,0,220,0,,1,,0.854999543526067,0.1053738647668942,1,2.132158206679413,1.833134930172223,,,,,,1.5070358017028458,51.860270781140414,75.39682539682539,75.86533657907586,3,29.488625666617384,23.908098643210877,25.083336882030373,26.992603300102147,,,,1695945
2025-10-28,30.92596618,31.3444232,30.87614987,31.05548859,30.498875467672466,29.989443029403027,30.658212657409337,31.659272559437404,31.6517975229093,31.93646488436896,0,0,0,0,32.55065309563661,30.732993740612958,84.30660829779816,95.53351846658812,4,19,30.732993740612958,30.653407015301898,30.812580465924018,30.335060114057658,31.288231211414587,32.042169600599976,31.882996149977856,32.042169600599976,32.36051650184422,31.288231211414587,0,0,6.5,-1.8839654603429568,0,0.27621892434310313,4,8.563361691054016,40.83289962678823,0,2.368291904958602,31.288231211414587,31.288231211414587,1,1,0,0,8,8,0,0,220,0,,2,,0.7151978680856154,0.2747730747343019,2,2.6816273854979444,3.9038349265728405,,,,,,1.8761735032988958,49.08960517949531,71.03174603174604,65.48347358959693,3,29.664355064988985,22.611845471466747,28.5995776240295,25.484060325627095,,,,1847640
2025-10-29,30.90603965,30.91600292,30.07908888,30.15879498,30.38551530511498,30.2331709505251,30.610649069084637,31.60043030142025,31.636941776213682,31.82351501379366,0,1,0,0,32.52668883063223,30.731521490641903,36.579701730833555,93.63189144591149,4,20,29.142542229999997,29.05992241622901,29.225162043770982,28.729443161145074,31.02258001264,30.15879498,30.135954746229014,30.301194373770986,31.48071200033575,29.22224833,2,0,3.5,-4.672217708871693,0,-0.5874743179034378,4,6.6681635473414556,5.2107334218911205,0,0.7084761264077903,31.02258001264,29.22224833,1,1,0,1,10,19,0,0,220,0,,3,,0.142924394424172,-0.5781743970002482,0,-4.238525857981036,4.473152978795895,,,,,,0.8621002098153117,45.318409014600654,66.26984126984127,96.19041628228265,3,23.09919611434823,21.72702481707967,25.58181533868981,31.408731957275535,,,,780908
2025-10-30,30.08905215,30.52743569,29.82004406,30.39791328,30.389647963409985,30.417769929522073,30.590388517743243,31.553272771168476,31.62461313446031,31.71562065731554,0,0,0,0,32.50828958904821,30.730778814533863,24.613821963809592,94.6151535898301,4,21,29.142542229999997,29.05950783480194,29.22557662519805,28.727370254009713,31.288231211414587,32.04467800244998,31.961643607251922,32.12771239764803,32.45984997844026,31.288231211414587,0,0,0,-3.878940271125769,0,-0.3219151819871867,4,6.759184903581172,10.39279686327989,0,1.8220083116908028,31.288231211414587,31.288231211414587,1,1,0,0,10,8,0,0,220,0,,4,,0.6049543957186094,-0.3100304024091124,0,-2.1366027529184817,3.9242556152902472,,,,,,0.7881699007465955,43.005992380334774,62.698412698412696,83.67245186914496,3,23.41450334151026,21.227585178065,23.635939045107904,31.805104695313492,,,,679534
2025-10-31,30.30824392,31.16508447,30.03923583,30.35806023,30.37911871893999,30.530802062356276,30.568262014148647,31.506401691122655,31.61201061799802,31.612250460593696,0,0,0,0,32.4661821543034,30.728871122718207,79.08656136466102,98.5367348476174,4,22,30.0342542,29.947098613030374,30.121409786969625,29.598476265151877,31.25175391802578,32.045538712399974,31.95838312543035,32.1326942993696,32.48131664724809,31.25175391802578,0,3,2,-3.966689759632357,0,-0.33723956588802423,4,6.752742758717226,20.335009918415917,0,1.8215350776097705,31.25175391802578,31.25175391802578,1,1,0,0,8,8,0,0,220,0,,5,,0.5441173921261627,-0.32374513229547114,0,2.213534689126499,5.4330121024519595,,,,,,1.7667938902097278,41.39509681425184,61.111111111111114,76.9612077846939,3,23.392187097082118,19.80060102685185,27.442185095458587,28.13681536772568,,,,1570378
2025-11-03,30.37798675,30.43776633,29.77022775,29.94956647,30.235934635959993,30.54448925542338,30.50933862899163,31.44534932951,31.595468885182118,31.51069578422079,0,0,0,0,32.43748003602426,30.72652834254229,48.392360681221945,97.6948187872658,4,23,29.53110946,,,29.096657691033887,30.77297444742,29.94956647,30.098087865445425,30.27186857303187,31.13288916034578,29.14254223,2,1,5,-5.209298906635392,0,-0.6894562275993441,6,6.815272387959722,12.055824436825205,0,0.6819984494374731,30.77297444742,29.14254223,1,0,0,0,10,8,0,0,220,0,,6,,-0.005041288179867082,-0.6756784711700012,0,0.16891158447777688,5.71652182857432,,,,,,1.057880684700916,42.06529697885434,61.904761904761905,78.17637470505926,3,23.608796086735012,18.833099760577216,25.55981301971981,28.97103568403888,,,,925143
2025-11-04,29.969493,30.16875824,28.95324024,28.96320351,29.81169092730666,30.39463532101688,30.362087665278143,31.348010277764512,31.569277189906675,31.404720255478843,0,0,0,0,32.356102154951365,28.96320351,61.80272037032563,55.59688575027571,4,24,26.9073021,26.815765360763436,26.998838839236562,26.44961840381718,30.227994375,30.165154808209866,30.073618068973303,30.25669154744643,30.622838504392686,28.887445646883126,0,0,5,-8.255094547238759,0,-1.5491110145548745,6,6.994623798481172,22.026811931291242,0,7.255430557599698,30.227994375,28.887445646883126,1,1,0,0,8,8,0,0,92,0,,7,,-0.6946772957028601,-1.5264247674020015,0,1.0815774443177562,4.022050499104111,,,,,,2.1203391523436457,45.02451823406147,65.07936507936508,85.82069937923752,3,24.2300875975996,18.88698404037132,22.5293736006464,33.505118317640296,,,,1945572
2025-11-05,29.02298308,29.33184421,28.85360762,29.09272592,29.572035924871106,30.14957659295022,30.24119607048975,31.25956775393061,31.544634888713574,31.295373522124336,0,0,0,0,32.3212817800238,29.004039318314458,30.028317241155094,75.92699740943542,4,25,28.887058206820356,28.787379940407252,29.004039318314458,28.430306459314302,30.227994375,30.165154808209866,30.075886437936628,30.254423178483105,30.611496659576055,28.787379940407252,0,2.5,2,-7.772824055068867,0,-1.282603788238053,6,6.955475022503006,5.675904050253649,0,3.08681532682952,30.227994375,28.787379940407252,1,1,0,0,10,8,0,0,92,0,,8,,-0.5087481514811771,-1.2646494470325893,0,-3.497445779809347,5.198288815764515,,,,,,0.9746544580997807,51.808282496539604,75,115.02144532800953,3,24.09447225950297,19.04233106121806,21.451727184101074,32.89898942214301,,,,895840
2025-11-06,29.02298308,29.47132988,28.32555472,28.37537103,29.173147626580736,29.781859323028137,30.063498447585964,31.146462000050978,31.51309992494528,31.178714321349954,0,0,0,0,32.285862005360556,28.871308596544814,15.935804785353147,38.741557078111796,4,26,26.9073021,26.814179906531994,27.000424293468004,26.44169113265997,29.44430006306,30.0342542,29.941132006531994,30.127376393468005,30.49986516734003,28.549091565051263,0,0,1.5,-9.956903327246147,0.02063321896079917,-1.8367030161012388,4,6.910126439150179,4.05909571060198,0,3.1897071570999733,29.44430006306,28.549091565051263,1,1,0,0,10,8,0,0,92,0,,9,,-1.1650657516863934,-1.8226260159908185,0,-4.860015969531034,5.258557982350199,,,,,,0.8340545513950538,55.32877316410113,81.34920634920636,131.13963515372433,3,23.937380158666233,19.720746681472555,19.09510236068289,34.34778141946689,,,,760464
2025-11-07,29.83997059,30.23351945,28.41522408,30.17872151,29.508338921053824,29.56120454930865,30.074472072577777,31.108511392597997,31.499822527781646,31.066559432738458,0,0,0,0,32.264794917642014,29.12225548628814,85.98042749372723,76.384726010058,4,27,29.82004406,29.716982840886853,29.923105279113148,29.304737964434256,31.02258001264,30.35806023,,,30.873366325565744,29.14254223,0,6.5,0,-4.1939951141517895,0,0.02716252407001242,4,9.258285427316126,49.91666426786814,0,2.3336342476596506,31.02258001264,29.14254223,1,1,0,0,8,8,0,0,92,0,,0,,0.049698602689226275,0.053222915598673315,1,2.8582203915125834,1.3851853989353726,,,,,,0.9415070832652662,57.88817774243174,84.52380952380952,80.49646052108412,3,32.07164150217213,19.172188633910665,22.6243347110301,28.818536942573445,,,,855569
2025-11-10,30.17872151,30.3530786,29.90971342,30.20861129,29.74176304403588,29.476058336980078,30.0872472361418,31.073221192496113,31.486974654768893,30.95881570312027,0,0,0,0,32.24045360595307,29.32538917256775,64.91139269791474,77.97027872060423,4,28,29.82004406,,,29.321752454296096,31.02258001264,30.35806023,30.25840190885922,30.45771855114078,30.856351835703904,29.14254223,0,1.5,4.5,-4.059975208114436,0,0.0502543902172198,4,9.224849932989079,49.66657862393137,0,2.4393708143706627,31.02258001264,29.14254223,1,1,0,0,8,8,0,0,92,0,,1,,-0.4643732350466694,0.08526330272343544,2,2.195716337519085,0.8732825202013472,,,,,,1.1146881357734566,59.77615672567498,86.11111111111111,87.05876207954228,3,31.955817552270872,18.492964961321594,22.796805504453832,27.67380995434454,,,,1025175
2025-11-11,30.24846434,30.37300512,29.90971342,30.10897867,29.864168252690586,29.48338715707186,30.089316896509246,31.035407760241362,31.47326325193537,30.85475315483294,0,0,0,0,32.223589314381826,29.41305441561265,60.51985227896031,74.94549412068555,4,29,29.82004406,,,29.336662046667804,31.02258001264,30.35806023,30.26138382733356,30.45473663266644,30.841442243332196,29.14254223,0,1.5,5,-4.334741431209803,0,-0.045902321621366024,4,9.14436097218851,44.79375395875598,0,2.5146115628523695,31.02258001264,29.14254223,1,1,0,0,8,8,0,0,92,0,,2,,-0.6638622771833269,-0.014145674342794679,3,0.7684948773530333,1.074042592702102,,,,,,0.7507193130248104,61.0590085055501,88.0952380952381,92.75504928308882,3,31.676995613160862,17.832531910466518,22.005421037785,26.489719256481177,,,,690643
2025-11-12,30.02927257,30.21857456,29.76026449,30.21857456,29.98230368846039,29.572136102194367,30.10162715017503,31.003375085722094,31.460778787339,30.754974028696616,0,0,0,0,32.198886373747854,29.53383366001782,67.10337860161326,63.27276105928616,4,30,29.746969064259872,29.55924306520077,29.82004406,29.183791067082566,31.02258001264,30.35806023,,,30.827375227647757,29.14254223,0,1.5,0,-3.948421734044639,0,0.0666155797278249,4,9.148357359050639,51.77361753455699,0,2.265022701123967,31.02258001264,29.14254223,1,1,0,0,8,8,0,0,84,0,,3,,0.029386375609536414,0.10353892322445574,4,1.8130111676079599,-0.0946360268954789,,,,,,1.1627329234994195,61.747514534404125,88.0952380952381,94.84341690565579,3,31.690839503344677,17.41205296038954,21.046072029622355,26.756482282621988,,,,1088882
2025-11-13,30.06912562,30.16875824,29.54107272,29.57096251,29.84518996230693,29.61157681929091,30.05108766063455,30.947202043536915,31.441974645275923,30.655788132992303,0,0,0,0,32.18040500347262,29.536779952213028,71.22938903607108,77.94624295256071,4,31,29.536779952213028,29.443572329078446,29.62998757534761,29.070741836540115,30.77297444742,30.35806023,30.264852606865418,30.45126785313458,30.824098345672915,28.711621392864476,0,0,4,-5.950682666672264,0,-0.5643913367269773,4,9.294567726932524,32.579997160094614,0,3.5328415890580502,30.77297444742,28.711621392864476,1,1,1,0,14,8,0,0,84,0,,0,,-0.5857787132555282,-0.5504538013988247,0,1.930210333335829,3.1929216114440644,,,,,,0.6736892203051844,61.82502746008257,88.4920634920635,92.01913039647603,3,32.1973270748742,17.303791925322773,19.680193508972295,27.119689375531124,,,,625945
2025-11-14,29.57096251,29.60085229,29.16246875,29.45140336,29.713927761537953,29.611408608664938,29.993974870097926,30.888543271633505,31.422167965820442,30.557202665520542,0,0,0,0,32.164169748633576,29.531379267562503,50.740629760491316,82.79418688746026,4,32,28.339816270440867,28.24935219592304,28.430280344958692,27.887495897851732,30.227994375,30.29475848009307,30.204294405575244,30.385222554610895,30.747078852682204,28.715519030766416,0,2.5,2,-6.271892531298754,0,-0.6283315561429114,4,9.303474295146401,22.54456563877202,0,3.491417908697991,30.227994375,28.715519030766416,1,1,0,0,8,8,0,0,84,0,,1,,-0.6368975051299981,-0.6150549345294954,0,-0.6737767821023564,2.4319583829991864,,,,,,0.5755627800055917,61.26820900491684,88.0952380952381,90.10756540816753,3,32.22818033220923,17.6659974402692,18.828684128795228,29.683016675255452,,,,532674
2025-11-17,29.30195442,29.32188095,28.62445259,28.81375457,29.4138700310253,29.527408818532898,29.881572936755266,30.80717900882435,31.396213603672976,30.455680779602016,0,0,0,0,32.13927031783913,29.47845994325294,28.251107320044103,75.21320305896457,4,33,28.32555472,28.234168876072733,28.416940563927266,27.86862550036366,30.227994375,30.29475848009307,30.203372636165803,30.386144324020336,30.75168769972941,28.571389847908797,0,3,2,-8.225383692034951,0,-1.211731441126061,4,9.431796201848295,6.1868859320770895,0,3.771631487160886,30.227994375,28.571389847908797,1,1,0,0,10,8,0,0,84,0,,2,,-0.8049210547965832,-1.200712092496144,0,-3.2861537502811244,5.198387994433603,,,,,,0.7171135496106655,60.03658454536341,86.5079365079365,83.75152254508403,3,32.67270045647281,18.587013048533095,17.30742682557106,32.54130776898151,,,,670404
2025-11-18,28.91338719,28.91338719,28.50489344,28.68423216,29.170657407350202,29.385060540936358,29.76754048182619,30.723926191223395,31.36922871368618,30.351247529998812,0,0,0,0,32.109262588011404,29.41493616561494,17.73669213036272,77.69919238483033,4,34,28.363919153802755,28.275413604531007,28.452424703074502,27.921391407444013,29.44430006306,29.44430006306,29.35579451378825,29.532805612331746,29.88682780941874,28.41199082800148,0,4,5,-8.559332389689052,0,-1.2267372397731446,4,9.427128740593515,5.9755634763344645,0,2.3327559538417333,29.44430006306,28.41199082800148,1,1,0,0,10,8,0,0,84,0,,3,,-0.18404786589540004,-1.2131065944448365,0,-2.96404838506922,5.749706392026729,,,,,,0.8315486861859868,58.05594679570021,84.12698412698413,77.77744121719631,3,32.65653189640154,19.56432983168676,16.594197164408353,32.40642863151331,,,,790341
2025-11-19,28.61448933,28.63441585,28.24086699,28.25581188,28.865708898233468,29.17127524105108,29.623566329271316,30.62713739470483,31.338249441709202,30.24220899596019,0,0,0,0,32.08105862000267,29.34123715801575,9.06441920601805,56.04906730221036,4,35,28.1814670229964,28.095324681083348,28.267609364909454,27.75075531343114,29.44430006306,30.31471357064935,30.228571228736296,30.400855912562402,30.74542528021461,28.1814670229964,0,0,4,-9.836023442990008,0,-1.5481912589482758,4,9.51348099256463,1.5403639937353546,0,4.952840845228322,29.44430006306,28.1814670229964,1,1,1,0,10,8,0,0,84,0,,0,,-0.595775260645986,-1.5302006651913862,0,-6.943148473790291,7.031349270414751,,,,,,0.6997266919114979,55.08220762490003,78.57142857142857,67.1403318335838,3,32.955664871925464,20.73938021135954,15.83162118474198,33.65382034402944,,,,670942
2025-11-20,28.50489344,28.6742689,27.81742834,27.87720792,28.536208572155644,28.879541000689176,29.457246480769285,30.51929702314778,31.303811217612594,30.127227345180437,0,0,0,0,32.04667804238834,29.2433765644753,6.355536402255037,41.74213562006248,4,36,26.9073021,26.81966242036645,26.99494177963355,26.469103701832253,29.44430006306,30.17872151,,,30.616919908167745,27.883448098531108,0,0,3.5,-10.94628150480498,0,-1.7872748516155033,4,9.48428168079445,6.198200783842296,0,5.237977639959885,29.44430006306,27.883448098531108,1,1,0,0,10,8,0,0,84,0,,1,,-0.3466152546087575,-1.7640724408170003,0,-3.925616268340553,4.914466015081978,,,,,,0.7792941117280987,50.89573684317903,72.22222222222223,54.91245597712133,3,32.854515488861466,22.228968164153002,14.44962577035617,35.02998135461396,,,,755887
2025-11-21,27.99676706,28.99299366,27.99676706,28.89346067,28.65529260477043,28.654628117835493,29.403552594029353,30.45553873478904,31.27982763007416,30.013175020876908,0,0,0,0,32.020696245437385,29.221126467518335,33.402555520517865,87.04636630994561,4,37,26.9073021,26.81596002480456,26.998644175195437,26.450591724022807,30.227994375,29.45140336,29.360061284804562,29.54274543519544,29.908113735977192,27.808522447197422,0,0,0,-7.629092424344992,0,-0.5533119134852014,4,10.272725841494047,40.61114636108079,0,3.597205141852578,30.227994375,27.808522447197422,1,1,0,0,10,8,0,0,84,0,,2,,-0.8887363088643395,-0.5384135877938746,0,1.005644121701864,1.401516786210109,,,,,,0.7845318221596006,45.681614996898126,65.07936507936508,28.370469155050245,3,35.58576617938687,22.944560423950247,15.989147631233186,31.209379201319532,,,,767891
2025-11-24,28.89346067,29.05287287,28.5148567,28.753975,28.68818673651362,28.488736566009084,29.34168806126465,30.38881074518947,31.25469476808337,29.89933330615442,0,0,0,0,31.989102337516133,29.1883873411052,43.367644175767325,81.62794721187205,4,38,26.9073021,26.81768074294352,26.99692345705648,26.459195314717604,30.227994375,29.45140336,29.36178200294352,29.54102471705648,29.899510145282395,27.771481794112322,0,0,2,-8.001101231796552,0.0006026659821000979,-0.637541703601333,4,9.823413304246069,38.439279851577,0,3.748931328564908,30.227994375,27.771481794112322,1,1,0,0,10,8,0,0,84,0,,3,,-1.0048213278568008,-0.6228075762580796,0,0.6180096870916092,1.3722684481805794,,,,,,0.9687254572884106,39.06182108962823,56.74603174603175,14.788781773977904,2,34.02930189340451,23.484547237821303,15.728676895558692,29.536552622778053,,,,910115
2025-11-25,28.91338719,29.13257897,28.40027919,28.95324024,28.776537904342415,28.410868926456704,29.30469303066802,30.33251386263302,31.231794723027814,29.786681255960957,0,0,0,0,31.96852564978041,29.17730725665008,54.374962778729184,79.15349115071882,4,39,27.81872417659694,27.72896595415164,27.908482399042242,27.369933064370436,30.227994375,29.45140336,29.3616451375547,29.5411615824453,29.900194472226506,27.81908000184805,0,0,0,-7.295624549388421,0,-0.3607636686566755,4,9.825027663526779,42.86292673729955,0,3.6371561594742876,30.227994375,27.81908000184805,1,1,0,0,8,8,0,0,84,0,,4,,-0.7862158770004309,-0.3454528830758888,0,1.2878475267859746,1.4070341292318052,,,,,,0.7303861132089206,30.10319327235363,42.857142857142854,-11.551970465282295,1,34.03489419799623,24.11720838766934,14.582929631754707,28.52472132769834,,,,642173
2025-11-26,29.03294634,29.27206464,28.87851578,29.21228506,28.921786956228278,28.43137922847445,29.29589227155678,30.288583321353297,31.2117000995151,29.677349132318334,0,0,0,0,31.950032911051373,29.17887610406182,74.74779191324143,73.61909051794305,4,40,29.16715656544623,29.08029581549702,29.25401731539544,28.732852815700188,30.227994375,29.45140336,,,29.885707109746043,28.36738826,0,5,0,-6.405979274247104,0,-0.045592801969523575,4,9.507695070108333,57.96608468278581,0,2.4426172009200724,30.227994375,28.36738826,1,1,1,0,14,8,0,0,84,0,,0,,-0.6722341625362773,-0.03104600028994697,0,4.400170444768443,0.8302220455834617,,,,,,0.7337725710910256,14.784006071383663,10.317460317460318,-55.11241251389246,0,32.93562184859954,24.387987015641976,15.426795868473812,27.370793965420038,,,,639980
2025-11-28,29.22224833,29.4414401,29.13257897,29.32188095,29.05515162081885,28.526622408657573,29.29836738378947,30.25067342443748,31.192895928873156,29.572460311552803,0,0,0,0,31.928821132264286,29.186253412862836,84.40793678258223,78.11853095191415,4,41,29.03425786027741,28.89346067,29.186253412862836,28.559804272688655,30.227994375,30.36458895193619,30.227994375,30.47383333580002,30.807489733111364,28.36738826,0,6,4,-5.9982086406452675,0,0.08389787977816097,4,9.47314844942073,53.096206714075024,0,2.5160237923151576,30.227994375,28.36738826,1,1,0,0,8,8,0,0,84,0,,0,,-0.1286288636118188,0.09571778850070407,1,3.784894844634734,1.8983871918842752,,,,,,0.8849634412775681,14.695630347781572,9.920634920634921,-55.21802396265761,0,32.815948844078065,24.25596189259702,16.729762514686836,26.465909434370534,,,,776119
2025-12-01,29.27206464,29.47631151,28.84364436,28.87353415,28.994612463879236,28.623705126948913,29.25790707580952,30.196667962694832,31.169817702217703,29.469719598376425,0,0,0,0,31.910682590066283,29.174754895844025,55.72727778502877,88.56232375314124,4,42,27.832510346531254,27.749405583316122,27.915615109746387,27.41698653045559,30.37300512,28.89346067,28.810355906784867,28.976565433215132,29.308984486075666,27.85535103434275,0,0,5.5,-7.3670098880761925,0,-0.38602615045514954,4,9.569622061696503,10.572511202581694,0,2.4983156091062955,30.37300512,27.85535103434275,1,1,0,1,8,19,0,0,84,0,,0,,-0.3704595183279595,-0.3739824986753386,0,-0.8830114996745815,5.95508929162689,,,,,,0.694266183061012,14.83446988478135,11.507936507936508,-55.25066127979582,0,33.15014324018074,24.529444207600406,15.592603700139888,27.771205673458255,,,,574299
2025-12-02,28.91338719,28.92335046,28.58459954,28.86357088,28.950931935919492,28.71282974314935,29.220351247637186,30.144389645726406,31.146869972643398,29.369846057336378,0,0,0,0,31.883163057669993,29.158128437190815,68.4414749210177,92.14398729872411,4,43,27.827129478517964,27.746936208032484,27.907322749003445,27.426163126090557,30.37300512,28.86357088,28.81326739951452,28.97365394048548,29.564896623883854,27.841744680115127,2,4,0,-7.3307497499711545,0,-0.34938970701931843,4,9.50028335450937,34.027216830623914,0,1.4569922875298005,30.37300512,27.841744680115127,1,1,0,1,8,19,0,0,84,0,,1,,0.09667848863896081,-0.33746980411278915,0,2.3868762983254683,3.965139266572,,,,,,1.0685933599841895,15.093116468484451,12.698412698412698,-54.13813182817484,0,32.90994691262223,25.11548218954304,15.004514537474186,29.60794695539232,,,,881618
2025-12-03,29.0429096,29.0429096,28.74401174,28.90342393,28.93509593394633,28.78969048902337,29.1901676935765,30.095724323541056,31.12454712644794,29.27348169480966,0,0,0,0,31.86280071263344,29.14816599197614,76.5367951644144,91.68205896650635,4,44,28.89346067,,,28.507791116853124,30.37300512,28.90342393,29.244747039370626,29.399014860629375,29.707550503146877,27.83691741606941,2,4,3.5,-7.136242617199566,0,-0.2640227071284979,4,8.900205769517807,43.196702036889725,0,1.3262918420378886,30.37300512,27.83691741606941,1,1,0,0,8,8,0,0,84,0,,2,,0.2291847408934483,-0.2500117362605143,0,2.7147118580084246,2.941085432594961,,,,,,0.882229357382428,15.650801420762214,15.079365079365079,-49.23716008759204,0,30.831217181244995,25.36448936814778,15.869325100300378,28.58355130282911,,,,671669
2025-12-04,28.87353415,29.22224833,28.87353415,29.02298308,28.964391649297553,28.867812816815142,29.174245349426357,30.05365603948062,31.103636041408656,29.181679169514055,0,0,0,0,31.84285599367977,29.14329532988461,83.8750308094782,80.08012570731105,4,45,28.89346067,28.818722804951292,28.968198535048707,28.519771344756467,29.47631151,29.32188095,,,29.695570275243533,28.36738826,0,4,2,-6.689420357924254,0,-0.10079153464458848,4,8.898469112688172,55.13163076213329,0,1.559720336191452,29.47631151,28.36738826,1,1,0,0,8,8,0,0,84,0,,3,,0.6550952363929289,-0.08640439189351043,0,3.2199430929056447,0.8544476355000558,,,,,,0.9253186197959388,14.432239729618848,9.126984126984127,-53.18038761845255,0,30.825201225516512,25.15586101057466,17.350694863999305,27.392783500166157,,,,695191
2025-12-05,28.84364436,29.6506686,28.80379131,29.48129315,29.1366921495317,28.9928672861896,29.203487997100037,30.031210435971577,31.087493326071257,29.09717841286416,0,0,0,0,31.82334999383921,29.158202678784345,89.50819649041509,80.77870073533077,4,46,29.275115729652672,29.158202678784345,29.429037430635983,28.850359276817723,30.437544902156027,30.437601678526278,30.360640828034622,30.514562529017933,30.822405930984555,28.58459954,0,5.5,0,-5.1667085513267565,0.03906936690116938,0.40763976117652423,4,8.628492254183552,54.8617014207617,0,2.736695734096477,29.47631151,28.58459954,1,1,0,0,8,8,0,0,85,0,,0,,1.312554935209355,0.42160773937964463,1,4.066140922657445,1.795101121288928,,,,,,1.0926488921475772,15.017739818078113,12.698412698412698,-49.75659784371225,0,29.889973953920844,24.00290544757028,20.61628349191606,24.701442231477323,,,,824399
2025-12-08,29.68055839,29.8897869,28.94825861,29.21228506,29.161889786354468,29.101387915487443,29.204325812614318,29.99909571534524,31.06883453735413,29.017916872924086,0,0,0,0,31.806569775325862,29.160008218808684,94.45116964497294,57.621572589647116,5,0,29.160008218808684,29.08013806933429,29.23987836828308,28.760657471436712,30.30356311872268,29.387485201,,,29.786835948371973,28.58459954,0,4,3.5,-5.975600646113708,0,0.09549416959743567,0,5.973398603714612,85.94302149563944,0,2.863535144079342,29.47631151,28.58459954,1,1,1,0,19,8,0,0,85,0,,1,,0.2984606929293586,0.10598733624172745,2,6.5502721997858036,-0.6068861753282291,,,,,,0.8677167391636719,15.549000015743575,15.476190476190476,-24.856685948126046,0,20.692459750989393,22.450720396411057,21.11944571023019,22.10156305953991,,,,645578
2025-12-09,29.2023218,29.40158705,29.01301982,29.33184421,29.218541260902978,29.20002593740087,29.216470421889145,29.97292898964543,31.05155105150981,28.94415806074832,0,0,0,0,31.79367302323932,29.16456068825186,96.69865433301399,59.95011945975622,5,1,29.276932303786246,29.16456068825186,29.32188095,28.854022731989826,30.156497362779103,29.445542618823527,,,29.83371506415107,28.58459954,0,4,0,-5.538231693022609,0,0.22648776195439896,0,5.995589548647483,76.32527940185113,0,2.0797946361362083,29.47631151,28.58459954,1,1,0,0,8,8,0,0,85,0,,2,,0.49487733138428974,0.23497080308896415,3,5.806153478543432,0.9185241578506176,,,,,,0.7318670976891105,16.038655662948855,16.666666666666668,-22.77721740865216,0,20.769331439172785,21.00940570604892,20.175654419609927,21.113882653013704,,,,526249
2025-12-10,29.26210138,29.54107272,29.19235854,29.41155031,29.282877610601986,29.2863388432775,29.235049458852085,29.950914139463254,31.035232636171404,28.875738689753742,0,0,0,0,31.763929903605835,29.179477724844848,99.86175305162465,94.09986554222782,5,2,29.28119431424139,29.205991626359133,29.356397002123646,28.905180874830098,30.027542755242518,29.445314701111116,,,29.821328140522407,28.58459954,0,6.5,4.5,-5.231738860172137,0,0.3017580364280015,0,6.006405326408687,74.72240730620507,0,1.9848983115328387,29.47631151,28.58459954,1,1,0,0,8,8,0,0,85,0,,3,,0.400594936099491,0.30790628261080255,4,8.52666729609245,3.942508636804879,,,,,,1.7061149762823744,16.471704615139053,18.253968253968253,-20.834987178190804,0,20.80679839238434,19.63980544682713,20.996416094274984,20.239731921729657,,,,1276783
2025-12-11,29.51118293,29.92465832,29.25711974,29.45140336,29.339052860401324,29.358449140446755,29.255654592294743,29.931325481445086,31.019473140886117,28.812664158454353,0,0,0,0,31.74685143281484,29.18892394829962,98.64704260983234,87.3272073587375,5,3,29.2893200516244,29.213528818412303,29.365111284836498,28.910363885563914,29.853667664449716,29.47631151,,,29.855267676060485,28.58459954,0,4,4.5,-5.055114165750534,0,0.32632722608963427,6,5.991554750344602,49.799728362643215,0,1.489216071325879,29.47631151,28.58459954,1,1,0,0,8,8,0,0,85,0,,4,,0.23374879632289863,0.33084434420768527,5,5.895651779371112,5.207393585570122,,,,,,1.0394241654881422,16.855040971361063,20.238095238095237,-18.79184245576832,1,20.75535448785502,19.11334976675323,23.86409630699276,18.64809454141572,,,,760810
2025-12-12,29.54107272,29.85989711,29.52114619,29.55103598,29.40971390026755,29.434359710331602,29.283786153028576,29.916412167662926,31.004861825852423,28.75516212773714,0,0,0,0,31.731535305770127,29.20050544447143,98.74780614096636,89.55707494643741,5,4,29.20050544447143,29.12648060514948,29.274530283793375,28.83038124786169,29.85007370495786,29.69774380741565,,,30.06786800402539,28.58459954,0,0,6.5,-4.689025398720514,0,0.41257623791306286,6,5.606916171697006,60.42362703282452,0,1.7550007982086742,29.47631151,28.58459954,1,1,0,0,8,8,0,0,85,0,,5,,0.22534561452305107,0.4135215990452166,6,5.6867788625312174,3.4683263835286797,,,,,,0.9820546422219953,17.196467483960767,22.22222222222222,-11.463050035484638,1,19.42292736631759,18.624498063827467,22.688292361594957,17.729287357021196,,,,723614
2025-12-15,29.91967669,29.91967669,29.14254223,29.16246875,29.327298850178366,29.46726306034632,29.2722321146449,29.886845759127127,30.986529556440956,28.700518682782803,0,0,0,0,31.688271835892085,29.197735589737306,99.88673920443246,94.78130914398224,5,5,28.527438676842106,28.376086574172774,28.58459954,28.073382368834114,29.47631151,29.16246875,29.48342662842918,29.634778731098507,30.373285571354643,28.58459954,2,0,7,-5.886625035302809,0,-0.03299865803442649,6,5.749257108474663,75.34064325068701,0,2.089769080228682,29.47631151,28.58459954,1,0,0,0,8,8,0,0,2135,0,,0,,0.27045367180120133,-0.031988027842691204,0,8.79279884027978,4.115767536426098,,,,,,2.2238288509102113,20.378496796023388,31.349206349206348,2.322181708669028,2,19.916010835309294,17.30066265694324,20.608013811282603,20.57062263450691,,,,1776952
2025-12-16,29.21228506,29.41653194,29.03294634,29.37169726,29.34209832011891,29.486009951775323,29.2817049856311,29.86664385720057,30.97046157339179,28.649990149836523,0,0,0,0,31.660052391733913,29.206542515156514,99.63541688415283,53.08470027130984,5,6,29.206542515156514,29.132847024631467,29.28023800568156,28.83806506253128,29.85313300651204,29.54625814452273,,,29.914735597147963,28.36738826,0,4,0,-5.162223073760596,0,0.2051689099950625,6,5.330835123287901,84.68717720273703,0,1.7547627046074756,29.85313300651204,28.36738826,1,1,0,0,8,8,0,0,2135,0,,1,,0.4320836862943468,0.201335434909828,1,7.230691225468604,0.4147265516861377,,,,,,1.5666318039865779,22.967865356725138,38.492063492063494,24.37547719762955,3,18.466554560614686,16.292273633259143,19.650291741736442,20.94244640947896,,,,1301232
2025-12-17,29.32188095,29.75030123,29.15250549,29.50121967,29.395138770079274,29.504511859171863,29.302611146047187,29.852313496918196,30.955842250969983,28.60425678912828,0,0,0,0,31.63992818931845,29.21763228580784,99.31423094470816,53.92855094457209,5,7,29.21763228580784,29.143863296927442,29.29140127468824,28.848787341405842,29.90243783228717,29.78989539480467,,,30.15874033920667,28.36738826,0,5.5,3.5,-4.699024401199751,0,0.33308196676604135,6,5.3091427168217145,83.93759730604836,0,1.856621750881225,29.90243783228717,28.36738826,1,1,0,0,8,8,0,0,2135,0,,2,,0.49376149824675947,0.3258391358201039,2,6.098890616873299,-0.5619169547674381,,,,,,1.1946828315244442,25.03952185374303,42.06349206349206,36.14791929432625,3,18.391409860338946,15.615247190151967,22.268270011674954,19.427182165706935,,,,1005124
2025-12-18,29.61081556,29.79015428,29.38664215,29.66063187,29.48363647005285,29.536254985730302,29.336708357852217,29.844796570372385,30.942954585487694,28.563808238105405,0,0,0,0,31.618731936708947,29.23618158252006,99.50344228440932,68.91175503156462,5,8,29.23618158252006,29.164079020256118,29.308284144784004,28.875668771200345,29.92139479203532,29.881819044176137,,,30.242331855495852,28.36738826,0,2.5,5.5,-4.14415085005847,0,0.47822226290256414,6,5.029136290500871,76.47112525557976,0,1.9006625784169058,29.92139479203532,28.36738826,1,1,0,0,8,8,0,0,2135,0,,3,,0.5161801417118796,0.46796501109609656,3,7.459162528820388,2.4505776112492303,,,,,,1.3475784627036613,26.181508026610313,44.04761904761905,50.28326768062556,3,17.42143914667196,15.068484994740858,21.649086044169767,18.45645387634842,,,,1167197
2025-12-19,29.82004406,30.05916236,29.37169726,29.68055839,29.549277110035234,29.57923589557446,29.36945597996153,29.838355857416605,30.930393429313686,28.52817311701525,0,0,0,0,31.537946737718418,29.300768981012634,99.94995707752662,71.45001551309316,5,9,29.490882440589765,29.417791980094673,29.563972901084856,29.125430138114314,29.92465832,29.85750188595699,,,30.22295418843244,29.03294634,0,6,7.5,-4.04079903532419,0,0.4592629122099809,6,4.749680272690243,89.27592714788764,0,1.186956208708997,29.793135092871694,29.03294634,1,1,0,0,8,8,1,0,2135,0,,4,,0.17812097683012723,0.44724809034239493,4,9.882725098466931,1.4731223050105804,,,,,,4.449614975983576,25.729172826422538,44.04761904761905,56.376261185130836,3,16.4533751040142,15.100555953160994,23.11715637592173,16.90649492530974,,,,4740509
2025-12-22,29.7303747,30.15879498,29.7303747,29.78019101,29.62624841002349,29.636987017808217,29.408573601869954,29.83607488300811,30.91894862912151,28.49741730332169,0,0,0,1,31.527063850758978,29.31096250806455,99.148169940761,83.9045527423974,5,10,29.495979570677957,29.423839887807517,29.568119253548396,29.135281156325753,29.863345235027083,29.877182496306318,,,30.23788091065852,29.14254223,0,0,10.5,-3.6830412080990116,0,0.526130142272399,6,3.2861586433933536,45.025828482913774,0,1.0184842786428572,29.863345235027083,29.14254223,0,1,0,0,8,8,0,0,2135,0,,0,,0.45123046187075816,0.5134053237183683,5,5.393783046467261,5.206701272838456,,,,,,0.6669255753839933,24.47244987542087,41.666666666666664,114.9801189864923,3,11.383587464177808,15.321689045370364,22.98197616617121,15.905794399382394,,,,708547
2025-12-23,29.80011754,29.969493,29.77022775,29.8897869,29.714094573348994,29.70862157958744,29.4544034397871,29.838181236615636,30.90870821390637,28.471712350216674,0,0,0,0,31.52145557747535,29.317715071163303,99.4017659981238,86.13919755525946,5,11,29.838181236615636,29.769415234218084,29.90694723901319,29.494351224627877,30.59007471738,29.925780864609848,,,30.269610876597607,29.14254223,0,4,7,-3.2965509488615172,0,0.5952699101996084,6,3.2227932200627434,72.46158858614218,0,2.1868174811660466,29.92465832,29.14254223,1,1,1,0,1,8,0,0,2135,0,,1,,0.4372114871529966,0.583869470124135,6,7.305971604379571,2.9544246630544158,,,,,,0.3794737584940019,22.813053453014202,38.492063492063494,104.34327697696114,3,11.164083198874353,15.527026916707639,22.387373109300828,15.494270433669387,,,,393351
2025-12-24,29.98941952,30.06912562,29.69550329,29.89975016,29.77597976889933,29.783771318186147,29.49681741314071,29.840595704199337,30.89866883028541,28.450870332977484,0,0,0,0,31.515767691617707,29.324609427677146,99.5921082965153,91.03181443992511,5,12,29.840595704199337,29.77340564545518,29.907785762943494,29.50464541047856,30.43776633,29.95634131603619,,,30.29229160975697,29.14254223,0,6,8,-3.232885778258242,0,0.5506566403272686,6,3.1829954425729605,67.09451718171735,0,1.7775564926190965,29.92465832,29.14254223,1,1,1,0,1,8,0,0,2263,0,,0,,0.38013179738692554,0.5424828749884593,7,7.921095502008871,4.461400558103693,,,,,,0.3944517953191183,21.869955794449883,37.301587301587304,98.34500383205356,3,11.026219653593103,15.924962297529067,22.599835382925345,14.724996684418866,,,,404183
2025-12-26,29.76026449,29.99938279,29.70048492,29.76026449,29.770741342599553,29.840391545728142,29.521907610936832,29.837445460505247,30.88734142391441,28.433505179716786,0,0,0,0,31.510983128561914,29.328593656727126,98.8836476600052,93.81228768437731,5,13,29.578491719747667,29.513432219931666,29.64355121956367,29.25319422066766,30.040454571126094,29.929433963755315,,,30.254731462835323,29.14254223,0,0,3.5,-3.648993024183604,0,0.3516622234640812,6,3.144824067411538,46.00896631264491,0,1.4201242022607903,30.040454571126094,29.14254223,1,1,0,0,8,8,1,0,2263,0,,0,,0.241958579168513,0.3467555079830732,8,5.063701336410354,4.709468657316249,,,,,,0.31230895201107556,19.76730747878789,28.96825396825397,81.4514905984216,3,10.89399013124439,16.294473722577536,21.672793505131708,14.120979515907004,,,,314938
2025-12-29,29.99938279,30.1289052,29.63572371,29.69052165,29.74400144506637,29.8697279615394,29.53796609084761,29.831683742446216,30.8754327694476,28.418741170552465,0,0,0,0,31.501927186198852,29.334565052845914,97.38113352164487,95.18478342535765,5,14,29.57992478628506,29.515108987438058,29.64474058513206,29.255845792050053,30.069317266919022,29.831683742446216,,,30.155762736681222,29.14254223,0,0,6.5,-3.8377150153506907,0,0.24783227924550846,6,3.14640465775028,38.43389980968456,0,1.5101024421196547,30.069317266919022,29.14254223,1,1,0,0,8,8,0,0,2263,0,,0,,0.11157383240205335,0.24313310283578105,9,3.945859735555996,4.695165733292619,,,,,,0.5785695031778508,21.296730323728507,35.714285714285715,95.39242918066182,3,10.899465456789697,16.923697026194624,21.984614031110166,13.16163921150926,,,,577700
2025-12-30,29.69052165,30.00934605,29.61579719,29.8100808,29.766027896710913,29.891013975207365,29.563881777433554,29.83083656823264,30.86483225233867,28.407036152071896,0,0,0,0,31.49520747576856,29.340772002897086,96.23793273443844,95.86678838696459,5,15,29.58369815423417,29.519998226197668,29.647398082270673,29.26519851405166,30.084369379645867,29.83083656823264,,,30.14933620841515,29.14254223,0,0,3.5,-3.4173244283832047,0,0.35672027286863145,6,2.6689821625996104,36.83502493950852,0,1.5719679467292298,30.084369379645867,29.14254223,1,1,0,0,8,8,0,0,2263,0,,0,,0.4927342392731529,0.3481687143144843,10,3.702751776978488,4.691766116241611,,,,,,0.4663871624867181,22.186823457447748,38.888888888888886,139.97103980536792,3,9.245625420235166,17.433443858160004,20.77189403168488,12.714916332505053,,,,463093
2025-12-31,29.94956647,29.94956647,29.46136662,29.52114619,29.684400661140607,29.871739590892652,29.559811721487502,29.818691847517634,30.851462241768136,28.396342862904177,0,0,0,0,31.484787287252445,29.343863742565468,96.54995102860599,96.8773967405085,5,16,29.46524143961605,,,29.063600267030473,30.050026839197464,29.52114619,29.623638851301266,29.750656572119055,30.457637353271153,28.959386782802568,2,0,5,-4.312003241023348,0,0.019565227706633156,6,2.8960023399142987,36.512567174296144,0,0.5998555343920302,30.050026839197464,28.959386782802568,1,0,0,0,8,8,0,0,2263,0,,0,,0.11177401885452116,0.011004770746965004,0,4.322922050803309,5.364921421498154,,,,,,0.6314780344150666,22.657120522572036,40.07936507936508,125.84744584764165,3,10.032046383139837,17.330060194905176,19.346216197522118,14.013334252664684,,,,618717
2026-01-02,29.53110946,29.87982364,29.18239528,29.66063187,29.676477730760404,29.840547679074028,29.569413640393453,29.812493417026747,30.839613183342582,28.387511367624302,0,0,0,0,31.47565914303267,29.348953759496556,97.21122798429795,65.91060571491487,5,17,29.46302726575836,29.31472410640836,29.500024078600028,29.053925897746755,30.01605912843534,29.766064476137863,,,30.09206223696487,29.06907528756469,0,0,3,-3.822944556189785,0,0.17024598807931698,6,2.9181252299717966,77.9755013451359,0,1.3518211033244296,30.01605912843534,29.06907528756469,1,1,0,0,8,8,1,0,2263,0,,1,,0.1162250250963444,0.160212655286559,1,4.854960536241363,-0.5786797451849189,,,,,,0.6041819839305365,23.134786857017332,41.666666666666664,128.86055886766496,3,10.108682322319531,16.30300567327557,17.498509620076376,16.49525276723496,,,,589490
2026-01-05,29.59088903,30.17872151,29.46136662,29.79015428,29.71436991384027,29.81647454026624,29.59043655845122,29.811617372437464,30.829170806194895,28.381056660885754,0,0,0,0,31.46427967150245,29.35837807695622,96.68642224096548,55.205355100203874,5,18,29.466012357038277,29.317061585638278,29.500920772200026,29.049272002952502,30.001134550210914,29.897492343616058,,,30.23222932197328,29.160716985789115,0,3,3.5,-3.370238313338331,0,0.29385643866922934,6,2.9205534603537293,70.7182011073027,0,1.2840661767602566,30.001134550210914,29.160716985789115,1,1,0,0,8,8,0,0,2263,0,,2,,0.09259652320204641,0.2844987810905946,2,4.044638621467342,-0.044519467961440795,,,,,,0.8162788264130811,23.819618693335343,43.25396825396825,135.4393345521189,3,10.11709395910751,16.14502259155144,19.81071222205485,14.917128027376013,,,,800737
2026-01-06,29.67059513,30.01930931,29.59088903,29.98941952,29.806053115893512,29.820506427042424,29.62843493574158,29.818590005675212,30.820815072003903,28.37799856847483,0,0,0,0,31.455266554278616,29.370420071769907,95.90953822855172,73.50544182025115,5,19,29.98941952,29.597238813018713,29.729220052837107,29.062964070726412,30.059522547495778,30.112361100280285,,,30.442314199826274,29.153141625504265,1,3,0,-2.697513190555116,0,0.4795005820011747,6,2.5734758345548743,44.93815549197316,0,0.07566799628708076,30.059522547495778,29.153141625504265,0,1,0,0,8,8,0,0,2263,0,,3,,0.224647591192336,0.4690292904930228,3,3.713631337101644,3.4716170732109015,,,,,,0.7470400506206007,23.90134210622573,44.04761904761905,168.1091097443627,3,8.91478179499952,15.998324015664753,18.662373844455217,14.052448837380377,,,,729263
2026-01-07,30.01930931,30.25842761,29.86986038,30.03923583,29.88378068726234,29.852117572322946,29.66755883043286,29.827242783099713,30.813038164123267,28.378453315326663,0,0,0,0,31.44710324171091,29.382314253556448,96.54318239904991,74.31640818038525,5,20,30.03923583,29.762496428630456,29.89198913756897,29.351889544245953,30.59007471738,30.13133415918605,,,30.455065931532328,29.194943900115607,1,0,7.5,-2.5112821721820136,0,0.4870449758850908,6,2.3481125468623327,62.246462581675004,0,0.8013993801911761,30.100415349884425,29.194943900115607,0,1,0,0,8,8,0,0,2263,0,,4,,0.1854310536202459,0.4773056168157015,4,4.468227588100754,1.7238895741913751,,,,,,0.707122171043518,23.356861777160624,42.46031746031746,187.1474464136745,3,8.134100466111033,16.452726947046205,20.959834012925064,13.299466410220491,,,,691934
2026-01-08,29.94956647,30.42780306,29.89975016,30.14883172,29.972131031508226,29.90841216087056,29.713394343724968,29.83985411395855,30.806429144778757,28.3829899236623,0,0,0,1,31.43568475756708,29.402736709249062,97.88949131926896,81.41703762417083,5,21,30.14883172,30.064068827099977,30.19374157290002,29.381059176799816,30.73934796211664,30.1892520829237,,,30.599341733123794,29.58092577,1,2.5,11,-2.1346109985298645,0.15,0.5572700655628886,6,2.343201872767258,65.51894222123973,0,0.7691291481397391,30.166624423258163,29.58092577,0,1,1,0,5,8,0,0,2263,0,,5,,0.18230577433586803,0.5472130169279994,5,6.238566528066858,2.973190096873078,,,,,,1.0592199302447798,22.46076245141955,39.285714285714285,176.709561353687,3,8.11708939204687,17.25399686069622,21.768138552080565,12.332358545858805,,,,1065002
2026-01-09,30.13886846,30.26839087,29.92963995,30.08905215,30.011104737672152,29.969411480056703,29.749171277655922,29.849626585960173,30.79929106522872,28.39111497845226,0,0,0,0,31.429469247071978,29.412243754636748,97.1449006549573,83.9493534835909,5,22,29.585427369162286,29.434982108412285,29.58092577,29.18206304764077,30.1289052,30.194259571005446,,,30.59762389252696,29.58092577,0,0,6,-2.306023582570548,0.15,0.4397993936743907,6,2.3619011991687864,52.90538316669811,0,1.3473621781611245,30.1289052,29.58092577,1,1,0,0,8,8,1,0,2263,0,,0,,0.12636142250352708,0.43000130074461385,6,4.133548912053449,2.72451451399419,,,,,,0.5790412504229425,21.193226600963097,34.92063492063492,159.0268188899882,3,8.181865758836391,17.998033209085516,20.726871360751936,11.742446812488444,,,,561493
2026-01-12,30.03923583,30.44772959,30.03923583,30.38795001,30.1367198284481,30.05980759821428,29.810007347402976,29.87073730847154,30.795198119405548,28.404545358147022,0,0,0,0,31.421778873260696,29.433550788376262,98.40301470618417,77.41956136961298,5,23,30.38795001,30.291862180892327,30.41658341910767,29.540350877138614,30.713846165563044,30.8003230128,,,31.112126108338362,29.88627982834,1,3.5,0,-1.3224402967841928,0.15,0.7141295615847509,6,2.5185447445250277,79.76028981303253,0,0.3844932621189213,30.713846165563044,30.713846165563044,0,1,1,0,5,8,0,0,2263,0,,1,,0.44933164954268207,0.702188413486698,7,7.328547703991374,1.4367152540483843,,,,,,0.9263288727453113,18.698154014727297,25.396825396825395,114.31789681758839,3,8.72449491730585,19.089243542841444,22.0823333666443,11.055670057000084,,,,904931
2026-01-13,30.38795001,30.53739895,30.11894193,30.4975459,30.256995185632068,30.17567214398961,29.875487209555075,29.89531803755109,30.792236405779622,28.42371104733022,0,0,0,0,31.41600117909648,29.452984434257207,95.99312164375402,83.98942214080486,3,0,30.4975459,30.29258028743573,30.415865312564268,29.625801829485855,30.713846165563044,30.7654063058,,,31.073618868621338,29.88627982834,1,2,0,-0.9570285895970551,0.15,0.7591200208237442,6,2.5203257838171993,48.17477441652197,0,0.24812358681771657,,30.713846165563044,0,1,0,0,15,8,0,1,2263,0,0,2,,0.5805615241717537,0.7472777905154382,8,3.6732481182455805,2.9146303414191066,,,,,,0.7872822103334057,15.146189133424487,12.698412698412698,73.48265905797416,3,8.730664618394487,20.293399971973162,22.042708084995486,10.385573213565799,,,,770960
2026-01-14,30.63703157,30.68684788,30.35806023,30.577252,30.363747457088046,30.306629091374457,29.942321951502212,29.92206054588242,30.790097257463408,28.44878664398647,0,0,0,0,31.40946749966542,29.478195068592154,97.41521188076031,66.76922455184314,2,0,30.3542228,30.294047720029607,30.41439787997039,30.05334740014804,30.713846165563044,30.728803520099994,,,31.02967891995195,29.88627982834,0,0.5,8.5,-0.6912782888719646,0.15,0.7662266700352864,6,1.9818152488834628,75.74050345969869,0,1.195256793144254,30.522601533461,30.713846165563044,1,1,0,0,8,8,0,1,2259,0,1,3,,0.5463923015639722,0.7560709157669133,9,5.483642693371888,0.4159474524425554,,,,,,1.0313189220901975,14.742133721600196,9.920634920634921,114.73683980861907,3,6.865209404561834,21.718386925947623,23.184840048225247,9.878919454759089,,,,968235
2026-01-15,30.80640703,30.86618661,30.4975459,30.58721526,30.438236724725364,30.439024457624242,30.003740361835334,29.948145044475268,30.78807853112049,28.479421506743773,0,0,0,0,31.401863080643917,29.50721578056222,97.67500091536107,76.57477761600148,2,1,30.3542228,30.295054505116777,30.41339109488322,30.058381325583895,30.713846165563044,30.646969366855977,,,30.94281084127208,29.88627982834,0,0,8.5,-0.6524059983719273,0.15,0.6994180741350484,6,1.925366195319682,55.385560047308196,0,1.2155948258195597,30.606590864045234,29.88627982834,1,1,0,0,8,8,0,1,2243,0,2,0,,0.7719739347310699,0.6906502249050909,10,4.705426544169787,2.9029932990861687,,,,,,1.2451927496181647,14.35811185008116,6.746031746031746,115.27488541790683,3,6.669664146938542,23.38202322632249,24.601349925733015,9.329371416612908,,,,1160249
2026-01-16,30.59717852,30.75659072,30.02927257,30.17872151,30.351731653150242,30.509243029174456,30.02040523308911,29.957187258809572,30.782015277178992,28.512767937229818,0,0,0,0,31.38600690718614,29.53127598478593,95.88754256123322,85.05936794111499,2,2,30.030749102530095,29.969313202370675,30.092185002689515,29.723569601732997,30.614214005998626,30.648717331441347,,,30.955896832238444,29.58092577,0,0,7,-1.9598904157073167,0.15,0.20117650359546346,6,2.448355877726111,52.13792543521789,0,1.8994265631479406,30.1289052,29.58092577,1,1,0,0,15,8,1,1,2243,0,0,1,,0.35803317407252433,0.19704590064558086,11,3.7588737417996754,2.4190199650153437,,,,,,1.7093912818038128,13.935449637433026,4.365079365079365,64.3069063743042,3,8.481353550463036,23.0293702395197,22.000932215529545,15.14872246506659,,,,1647702
2026-01-20,29.98941952,30.39791328,29.86986038,29.97945626,30.227639855433495,30.504996350581813,30.016505330890148,29.9580605529739,30.774029615316515,28.547549788324595,0,0,0,0,31.370582904629025,29.544602052675057,98.10457360482967,88.45756000123983,2,3,29.9580605529739,29.896298173361583,30.01982293258622,29.649248654912313,30.59007471738,30.093139642307694,,,30.401951540369282,29.382991937831036,0,0,5.5,-2.5819607157362623,0.15,-0.027046114792861932,6,2.522095809179641,57.293110001157416,0,2.0465991380942556,30.1289052,29.382991937831036,1,1,1,0,14,8,0,1,2243,0,1,2,,0.11303229908877443,-0.027322883795332747,0,6.4371081540978405,4.371855807843922,,,,,,1.4438807800010267,12.990435168194578,2.380952380952381,48.686485540116124,3,8.736796166111354,22.16946773347697,20.321445890561492,16.296828350431152,,,,1409248
2026-01-21,30.52743569,30.52743569,30.03923583,30.13886846,30.198049390288997,30.464617103535055,30.02815896223394,29.965151059131788,30.76770960382083,28.584398801551462,0,0,0,0,31.35839661923534,29.560278862923187,99.1890910238207,89.21869844418005,2,4,30.0289236794316,29.966680224880875,30.091167133982324,29.71770640667798,30.620664179356424,30.13886846,,,31.02538332640579,29.58092577,2,0,5.5,-2.043834760266774,0.15,0.14353724208061464,6,2.5667652003872634,64.02507020112455,0,1.90137422222476,30.620664179356424,29.58092577,1,0,0,0,8,8,0,1,2243,0,2,3,,0.08481084583375648,0.1450355424405719,1,5.968836675220258,2.917703126963124,,,,,,1.5988320681506063,11.751559484974562,1.1904761904761905,32.165693048672814,3,8.8915354763409,21.702817802617382,20.582016413487764,15.015809157510063,,,,1284178
2026-01-22,30.26839087,30.87116824,30.23850108,30.83629682,30.410798533526,30.480957716749344,30.105124472497376,29.999313637989363,30.768392063683308,28.627155150731102,0,0,0,0,31.355786260100558,29.577148879442184,98.10829006252266,77.9181315613672,2,5,30.83629682,30.469995341295757,30.598667110104245,29.806922669532106,30.86618661,31.52947117564996,31.37528969154996,31.52947117564996,31.786814713266935,30.69286088495273,1,1,0,0.22069647375835053,0.15110348236879176,0.8599189435901795,6,3.383963389272238,64.517141687253,0,0.02903685699355515,,30.69286088495273,0,1,0,0,8,8,0,1,2242,0,3,4,,0.5619879840576909,0.8593150973699819,2,4.48342993446842,1.38413421121715,,,,,,0.8148747214919101,9.821042203564486,0,-16.219818188250656,1,11.722393042344988,22.051694192076578,23.26062719845193,13.489767652780724,,,,652210
2026-01-23,30.83629682,31.05548859,30.81637029,30.98574575,30.602447605684,30.559516530216882,30.188993165592866,30.037997250225075,30.77055478693024,28.67597918133781,0,0,0,0,31.352536848183636,29.60939134502678,98.67582991318145,63.15931539609839,2,6,30.98574575,30.804311161088915,30.928062058911085,30.321366698711333,31.50275293508,31.548274184499963,,,31.795775980144295,30.704346565934976,1,0,8.5,0.6993405369511275,0.15349670268475563,0.9301136377439188,3,3.392898279268207,79.17252602730593,1,0.7781810460115881,,30.704346565934976,1,1,0,0,8,8,1,1,2242,0,4,5,,0.5904112002900276,0.9318690303899584,3,6.061940957769411,0.35466417457508626,,,,,,1.3782432038709322,8.855505269891017,0,-24.65544306732854,0,11.753344409211103,22.741310557966493,25.117755624800076,13.024309224759097,,,,1155651
2026-01-26,30.87614987,31.09534164,30.74164583,30.89607639,30.700323867122666,30.663739154358005,30.256334425060214,30.071647412569188,30.771803758105065,28.72957363923034,0,0,0,0,31.35058249593734,29.623653352888425,98.92551916788983,65.3276897699625,2,7,30.89607639,30.805572837707565,30.926800382292434,30.256735651660524,31.50275293508,31.023927090778194,,,31.326995952240367,30.704346565934976,1,1,7.5,0.4038522826670613,0.1520192614133353,0.7448561697963134,3,3.42278833702895,73.29245770791111,0,0.9489095699668458,31.023927090778194,30.704346565934976,1,0,1,0,14,8,0,1,2242,0,5,0,,0.5746664160512146,0.7512718912179855,4,5.946016834638792,1.4142774692372617,,,,,,0.6684450351602422,9.818572900306282,0.3968253968253968,-17.19096904527855,1,11.856886606576653,23.1037222935196,23.80911195104969,13.446449613856057,,,,565893
2026-01-27,30.85622334,30.91102129,30.67190299,30.72670093,30.709116221415112,30.746777553532894,30.30113123505448,30.097335785801768,30.77135497374581,28.786157648601563,0,0,0,0,31.346352222028173,29.64280982446037,98.21499824348138,77.99820339080118,2,8,30.111634157333363,30.053214955383247,30.17005335928348,29.819538147582776,30.704346565934976,31.081590454566115,31.023171252616,31.14000965651623,31.3736864643167,30.704346565934976,0,0,2.5,-0.1451156238778265,0.15,0.4976534019178308,3,3.4396371291174495,50.13589527453521,0,2.029169823674466,30.704346565934976,30.704346565934976,1,0,0,0,8,8,0,1,2242,0,6,1,,0.23000074391316086,0.5060287434327763,5,4.447200132738591,3.4717864985543576,,,,,,1.0300932770348254,10.643145187810294,1.9841269841269842,-10.676293624275448,1,11.915252534463544,23.176948780168228,22.93898550408814,14.020959807578212,,,,902310
2026-01-28,30.75659072,30.97080086,30.43776633,30.4975459,30.63859278094341,30.772868360931163,30.31983739362072,30.113030300084052,30.76863050535033,28.843729369637796,0,0,0,0,31.340111355830423,29.65872334470619,98.40462838555365,81.6474539197924,2,9,30.42485913972041,30.365853501034586,30.483864778406236,30.129830946291293,30.86618661,31.092616429184936,,,31.387644622614054,30.704346565934976,0,0,4,-0.8810421552665241,0.15,0.2148804339286344,3,3.5384017339897027,62.61800172606705,0,1.4958823600891535,30.704346565934976,30.704346565934976,1,1,0,0,8,8,0,1,2242,0,7,2,,-0.01442802395547713,0.22385085136762228,6,5.227264170726514,2.4440855508035435,,,,,,1.099648551757007,11.316796241841406,2.7777777777777777,-7.673635615928401,1,12.25738316171996,22.407763194605998,21.088788334501764,16.432958449002783,,,,985668
2026-01-29,30.64699483,30.70677441,30.16875824,30.4975459,30.591577153962273,30.760789522522078,30.33676201327589,30.12810934321801,30.765933146093115,28.90173044014344,0,0,0,0,31.32706985805452,29.690838678710755,99.89233063814437,85.23067393973776,2,10,30.119030909598504,30.059436243586667,30.17862557561034,29.82105757953932,30.704346565934976,30.86618661,30.806591943988163,30.925781276011836,31.164159940059182,29.88627982834,0,4,6,-0.8723520421716773,0.15,0.1987558595569797,3,3.5292199870258663,81.58128498992774,0,1.9643222976372392,30.704346565934976,30.704346565934976,1,1,0,0,8,8,0,1,2242,0,8,3,,-0.06916194305185913,0.20591276052456436,7,8.670377499126136,2.4370785670228607,,,,,,2.153768128278812,11.824676137711917,3.5714285714285716,-3.279195172226531,1,12.225576657232747,20.85359774957711,19.388895498782222,19.13867933365249,,,,2107623
2026-01-30,30.47761938,30.99570902,30.39791328,30.98574575,30.72296668597485,30.783894801833334,30.398569988201995,30.16174214348397,30.76812033618174,28.962704888933615,0,0,0,0,31.32413282239023,29.718054869730178,99.19197267272547,82.6556781619345,2,11,30.98574575,30.101066777365837,30.222417509602103,30.01493989210986,,31.05315554923142,30.992480183113287,31.113830915349553,31.356532379822088,30.715381828055172,1,0,0,0.7073081210045238,0.15353654060502261,0.6901704290557616,3,3.626228871354048,67.71234474276322,0,0,,30.715381828055172,0,0,0,0,8,8,1,1,2240,0,9,4,,0.28287221525699047,0.6930734809146483,8,6.047978709764876,2.45029206490152,,,,,,1.1739533568851241,12.184873311355835,3.9682539682539684,-2.9992295587522406,1,12.561625290116712,20.176435024703206,21.9350661770455,17.455097024628703,,,,1181856
2026-02-02,31.28464362,31.28464362,30.53739895,30.76655398,30.737495783983235,30.815468422761903,30.433616082658947,30.185460254719892,30.768104750548094,29.02474047714227,0,0,0,0,30.76655398,29.751670258972506,99.39331647993963,50.25908891522447,2,12,30.292990822574275,30.22997758376815,30.3560040613804,29.977924628543654,30.715381828055172,31.057801646917287,30.994788408111162,31.120814885723412,31.372867840947908,30.715381828055172,0,0,1.5,-0.005040188730068605,0,0.3981474169225506,6,3.738010171251295,80.17305048939589,0,1.3406421046868815,30.715381828055172,30.715381828055172,1,0,0,0,8,8,0,1,2240,0,10,0,,0.43084186540405234,0.40368369267289206,9,6.3584438405539885,0.4538181991562127,,,,,,1.7400378715103186,12.412771856492427,4.365079365079365,-4.13994552700307,1,12.948847071632963,20.206881454764012,23.706604154901026,15.606955316758308,,,,1862506
2026-02-03,30.76655398,30.76655398,28.58459954,28.73404847,30.06968001265549,30.630310465580948,30.271752500500952,30.12854214551519,30.747865384572492,29.075193951945273,0,0,0,0,29.84409070038879,29.725261578562318,6.164988930611772,43.23568411172443,4,0,27.886942807823807,27.81742834,27.99676706,27.505452223005825,29.44430006306,29.77899592403546,29.701001894786916,29.856989953284003,30.168966070278177,29.379371802385037,0,0,3,-6.54945274862205,0,-1.7558228544544128,4,7.9271322141919125,8.348422858918738,0,1.0247556780966929,29.44430006306,29.379371802385037,1,1,0,0,10,8,0,1,2240,0,11,1,,-0.9292915759691235,-1.7322555570583567,0,-3.190202263488342,4.362892115156844,,,,,,1.3972421634521095,15.08963462970298,15.079365079365079,-45.04945559104559,0,27.460391506592725,21.00613925292325,17.785050803376524,34.063756834714596,,,,1547773
2026-02-04,28.40526082,28.65932401,27.89713444,27.9868038,29.375387941770327,30.212993832533765,30.05413833854848,30.04455240647538,30.720392134974755,29.110460629281267,0,0,0,0,28.93439899289085,29.63479874045347,20.05612816214417,17.54802182827376,4,1,27.81742834,27.737532866144207,27.89732381385579,27.417950970721044,29.14190457696,28.93439899289085,28.854503519035056,29.01429446674664,29.333876362169804,26.9073021,0,0,2,-8.898285942979879,0.07335806620959828,-2.3617155608704223,4,8.236464627263254,16.74999712074026,0,3.3155225772880192,29.14190457696,28.838911657287017,1,1,0,0,10,11,0,1,2240,0,12,2,,-1.5868645296767863,-2.332559269246226,0,-1.4037200471453524,3.3821007981180475,,,,,,2.650982167868705,22.101426573243316,38.095238095238095,-22.53797497472738,0,28.531950418327618,22.43677436363326,16.121654396699185,38.560488632325075,,,,3273869
2026-02-05,27.69786919,28.16614252,26.79121232,27.28937544,28.680050441180217,29.58123889741255,29.790827586305767,29.936506250927327,30.686252665373015,29.127459494064915,0,0,0,0,28.377120401272418,27.28937544,2.504685836631088,8.394932257157764,4,2,26.07296715,25.986502333205337,26.159431966794664,25.640643066026687,28.5077030766,28.377120401272418,28.290655584477754,28.46358521806708,28.80944448524573,26.16503315140424,0,0,2,-11.069703630531984,0.19066828726130908,-2.8487059378244144,4,8.49504209835675,7.089506787145162,0,5.116733792708911,26.16503315140424,28.198800612003573,1,1,0,0,10,6,0,1,2240,0,13,3,,-2.5253462980904726,-2.808086324506464,0,-4.442188006443685,3.8287868090446513,,,,,,2.496702824323192,35.720881796683116,61.904761904761905,21.38527674274346,3,29.42768905358083,24.58969741913902,13.832722823378196,44.50574658593492,,,,3424454
2026-02-06,26.62183687,27.01538573,25.4760617,25.5557678,27.638622894120147,28.68595524345627,29.38748855903855,29.764712586185077,30.635203064722536,29.11718554862121,0,0,0,0,27.61878268137039,25.5557678,6.091254261925576,0.7390595121538466,4,3,25.4760617,25.379582640297812,25.572540759702186,24.993666401489065,26.158970809599225,26.07296715,,,26.555362448510934,22.92845553,0,0,3.5,-16.580387125201316,0.25,-4.381002661237543,4,10.380561636773775,10.600897317127355,0,1.4156628634384332,26.158970809599225,22.92845553,1,1,1,0,10,4,0,1,2240,0,14,4,,-3.752457233858857,-4.25306711109779,0,-3.2072926744965327,3.5300464372312845,,,,,,2.470392769561382,54.843220900854774,82.93650793650794,52.51462039473787,3,35.95932033198504,27.26781009573652,11.511432065471203,49.208116010118594,,,,3715792
2026-02-09,25.72514326,26.33290226,25.47108007,26.17349006,27.150245282746763,27.78267510091559,29.081393463892024,29.62388033025625,30.59080791044669,29.086053298395846,0,0,0,0,27.44161473392871,25.767034477145284,6.73288241553423,4.231287864730508,4,4,25.767034477145284,25.572469398591224,25.961599555699344,25.1833392414831,27.69493999344,27.44161473392871,27.344332194651678,27.53889727320574,27.928027430313865,26.490766685192977,0,8.5,0,-14.440016959925359,0.25,-3.2238531541912216,4,10.855529703291399,7.197138427500711,0,3.3029317330431303,26.158970809599225,26.490766685192977,1,1,0,0,10,15,0,1,2240,0,15,5,,-3.1965373762573437,-3.181482437073026,0,-6.1744149774779356,2.1111582125156976,,,,,,1.2281295967140287,67.03768382250801,95.23809523809524,78.26962782405218,3,37.6046579783476,29.756841718999816,10.60090238687907,45.361580479888225,,,,1931387
2026-02-10,26.45246141,27.27941218,26.42257162,27.10007346,27.133521341831177,27.060790166580084,28.89269632066421,29.524907511814828,30.556074234322843,29.042330830457594,0,0,0,0,27.412177465706684,26.044745940735133,5.723358556787852,25.22142743652754,4,5,26.044745940735133,25.944537849620747,26.14495403184952,25.543705485163205,28.5077030766,27.412177465706684,27.311969374592298,27.51238555682107,27.913217921278612,26.158970809599225,0,1,0,-11.310355996061844,0.1777275555741215,-1.9207716314910714,4,11.525830796541783,22.459008436884726,0,2.5012085195335105,26.158970809599225,26.158970809599225,1,1,0,0,10,6,0,1,2112,0,16,6,,-2.421820444592972,-1.916705257809829,0,-3.56851052324126,0.1673527799941137,,,,,,0.9278161731904876,76.19145174988665,100,90.82856565508483,3,39.92664907810486,30.40957277472926,17.989742898317715,40.891741170918515,,,,1486066
2026-02-11,27.18974282,27.30432033,26.50227772,26.66168991,26.97624419788745,26.492196707331168,28.68021951964857,29.412624468606403,30.51732414154351,28.985502845129158,0,0,0,0,27.358143467823485,26.14217142840925,4.709593056192736,15.175293866418727,4,6,26.14217142840925,26.041959963356604,26.242382893461894,25.641114103146027,27.69493999344,27.358143467823485,27.25793200277084,27.45835493287613,27.859200793086707,26.158970809599225,0,0,3.5,-12.634247398823547,0.19372720445643365,-2.1796432255449356,4,11.528208815974208,21.806672603676603,0,2.393284356424277,26.158970809599225,26.158970809599225,1,1,0,0,10,15,0,1,2112,0,17,7,,-2.5498176356514692,-2.1680962703346225,0,-3.9070761996982233,-0.0014332230903943977,,,,,,0.8206655323237129,83.24202137191529,100,108.44436553044218,3,39.93488677906155,30.975572632281175,16.926123746528056,37.96962410443932,,,,1337700
2026-02-12,26.72146949,26.90578984,25.41628213,25.56573106,26.506073151924966,25.96849097941169,28.38360157111061,29.261765903563013,30.46805455864258,28.911305813151685,0,0,0,0,27.23837677403643,26.063929784125698,3.0489108931790634,3.457701155757563,4,7,25.41628213,,,24.88451873377344,26.158970809599225,26.07296715,25.96661447075469,26.179319829245312,26.60473054622656,25.20529415487789,0,0,5,-16.090044374861424,0.25,-3.1016396692053765,4,11.999650208752902,15.678667015601903,0,1.6316899607592321,26.158970809599225,25.20529415487789,1,1,0,0,10,15,0,1,2112,0,18,8,,-3.2405080363064664,-3.0591597732426172,0,-5.244215998486403,0.11502991723038636,,,,,,0.807192684994146,88.99187534849176,100,114.08742044273765,3,41.56800766922902,32.20385798800441,14.809548028850253,42.33880605640775,,,,1330354
2026-02-13,25.72514326,25.95429829,25.3963556,25.90448198,26.30554276128331,25.53135263040476,28.14749494338579,29.13010771048211,30.422645876268028,28.824711585189423,0,0,0,0,27.162865308779708,26.046605640039157,3.077025063149965,8.33883079988168,4,8,25.49867087570408,,,24.979982423404415,26.156438582439034,26.07296715,25.969229459540067,26.176704840459934,26.591655602299664,25.3963556,0,6,0,-14.85131804328873,0.25,-2.4177319230337644,4,12.171118853895347,24.893953554858832,0,1.3044661916033935,26.156438582439034,25.3963556,0,1,0,0,10,15,0,1,2112,0,19,9,,-3.2290651766574228,-2.3994391534554547,0,-4.1474239000850845,-0.7565041890632875,,,,,,0.7241441092405824,93.3614037554864,100,121.43498981977365,3,42.16199247981244,33.35604241353872,14.098372509041372,40.477141601965556,,,,1194728
2026-02-17,26.10374723,26.4026451,25.8596473,26.22330637,26.27813063085554,25.232620384187012,27.96423888877762,29.01611550105144,30.380861403568844,28.730306374900174,0,0,0,0,27.09893333466767,26.068323832595986,16.434327994484434,20.55176749155317,4,9,26.068323832595986,25.967147782526048,26.169499882665924,25.5624435822463,27.30432033,27.09893333466767,26.997757284597732,27.20010938473761,27.604813585017357,26.156438582439034,0,5,2,-13.684783253316365,0.23146777021262233,-1.8298272948909247,4,12.32652293895985,41.59673920021249,0,1.863078765334567,26.156438582439034,26.156438582439034,1,1,0,0,10,6,0,1,2112,0,20,10,,-2.8517421617009786,-1.8232366767564325,0,-0.7029866784723886,0.07067369262568957,,,,,,0.9370020359272043,96.38821361965714,100,125.73178728336553,3,42.70032802188339,33.676225116985606,17.379366355756193,38.537541657737954,,,,1540908
2026-02-18,26.35282878,26.45744304,25.98418808,26.18345332,26.246571527237027,25.094558466000002,27.79464026317975,28.90503070963766,30.339096149005968,28.630284447362904,0,0,0,0,27.043480464017453,26.080333853956745,22.293240367227042,28.389665853216478,4,10,26.080333853956745,25.9821591738918,26.178508534021688,25.589460453632032,27.30432033,27.043480464017453,26.94530578395251,27.141655144082396,27.534353864342165,26.156438582439034,0,5,2,-13.697319157420324,0.07946596121615365,-1.6778691608187286,4,12.338794330175308,36.85982183288375,0,1.8070685455590814,26.156438582439034,26.156438582439034,1,1,0,0,10,8,0,1,2112,0,21,11,,-1.6357276897292292,-1.6723271532051878,0,-0.8092357665859229,0.677480603190802,,,,,,0.8865165444251257,97.81879521980568,100,128.8542390800889,3,42.74283736801284,33.8826872391582,17.12971319674058,36.87886526257727,,,,1460140
2026-02-19,26.10374723,26.27312269,25.87957382,26.09378396,26.195642338158017,25.091690684815585,27.632653948591205,28.794785739063634,30.29685423667755,28.526666901051822,0,0,0,0,26.98804042061783,26.08163136899617,35.852614639889126,34.51389845707924,4,11,26.08163136899617,25.986955336882296,26.176307401110044,25.608251208426797,27.30432033,26.98804042061783,26.893364388503954,27.082716452731702,27.461420581187202,26.156438582439034,0,5,2,-13.872959363514676,0.024615083512429026,-1.595491519006913,4,12.279760126826769,44.136143596693174,0,2.582890164921994,26.156438582439034,26.156438582439034,1,1,1,0,10,8,0,1,2112,0,22,12,,-1.1969206680994322,-1.5841780049637588,0,0.4086379627967216,0.8884694362839133,,,,,,0.9015914170095588,97.85225032982137,100,130.0330889416648,3,42.5383368888448,34.158759371218025,16.493956870527434,36.49671527807465,,,,1494448
2026-02-20,26.0041146,26.64176339,25.85466567,26.45246141,26.281248695438677,25.214281942212125,27.520254659201566,28.702929883021923,30.258601571735486,28.424113261831696,0,0,0,0,26.966130956358544,26.10604825549836,55.429689186959855,70.67292391419507,4,12,25.964951862649507,25.90448198,26.10604825549836,25.524717513577038,27.30432033,26.966130956358544,26.8711898397528,27.061072072964286,27.44083653938725,26.159384083210785,0,7.5,0,-12.57870477824988,0,-1.042504677323046,4,12.075335670658362,48.12446833631854,0,1.6994678427849381,26.159384083210785,26.159384083210785,1,1,0,0,8,8,0,1,2240,0,23,0,,-0.4445709785280085,-1.0351246538204142,0,1.9052974049180915,1.8239371759566219,,,,,,0.6501244796083147,97.39756375609198,99.2063492063492,132.84035817584686,3,41.830189800058164,33.76582306046327,18.739870951579295,33.795183527784495,,,,1091918
2026-02-23,26.04396765,26.2432329,25.64543716,25.74506978,26.102522390292453,25.33219305405195,27.35118943261094,28.586935369177926,30.213690807638617,28.319531391683213,0,0,0,0,26.9102915515516,26.08019880039438,38.46621715041908,34.93539916603924,4,13,25.3963556,25.300990418062526,25.491720781937474,24.919529690312633,26.159384083210785,25.94882018263158,,,26.425646092318946,25.3963556,0,0,3.5,-14.7900534763825,0,-1.6809000568585197,4,12.149264043615636,31.842998713250616,0,1.6002244586731211,26.159384083210785,25.3963556,1,1,0,0,10,8,0,1,2240,0,24,1,,0.32488588401813784,-1.6646917709949938,0,-1.286510730499788,0.9736149007830744,,,,,,0.7587994502428197,96.24215222092452,98.41269841269842,128.67818286219162,3,42.08628519622397,33.59852776205648,17.32392943298168,33.200600541709655,,,,1279128
2026-02-24,25.65540042,26.2432329,25.50595149,25.94433503,26.049793270194968,25.438899162274886,27.217203299028945,28.48330398332781,30.171209655622313,28.21530810409884,0,0,0,0,26.87636568966656,26.072872301372296,59.164537540841295,56.09957679815342,4,14,25.90448198,25.809345727040203,25.999618232959797,25.428800715201014,27.30432033,26.07296715,,,26.548648414798986,25.3963556,0,6,3.5,-14.009629291859191,0,-1.2802829257139468,4,12.253380994842026,54.967125908687855,0,2.9428074082159714,26.159384083210785,25.3963556,1,1,1,0,8,8,0,1,2240,0,25,0,,-0.007917802220625879,-1.2752456198382165,0,2.276993218375567,1.2221777125509732,,,,,,0.5959877339322933,93.88396743070042,98.01587301587301,121.1795009537438,3,42.44695689513052,33.575837994751105,16.125215302897686,32.21239206508402,,,,1018149
2026-02-25,26.03400439,26.27312269,25.73510652,26.1635268,26.087704446796646,25.54805511169913,27.116853156264284,28.39233232907966,30.131332214272838,28.113362375127064,0,0,0,0,26.83868713297703,26.08002701445348,56.185712824879275,74.52704170130394,4,15,25.95714549033604,25.864000968212657,26.05029001245942,25.491422879719124,26.64176339,26.83868713297703,26.745542610853647,26.93183165510041,27.304409743593943,26.159384083210785,0,4,0,-13.168370339740035,0,-0.9013880108911424,4,12.370162394143964,41.65735730407127,0,1.458600107189152,26.159384083210785,26.159384083210785,1,1,0,0,8,8,0,1,2240,0,26,1,,-0.5380760823405585,-0.9028065414145764,0,0.6112691378947241,1.3710897989096922,,,,,,0.9275784210023723,90.18592364921375,97.22222222222223,110.46153492955762,3,42.851499529070416,33.49564103796269,15.58010928990786,30.551111580667445,,,,1617802
2026-02-26,26.19341659,27.03033062,26.19341659,26.84102864,26.338812511197766,25.734251232489175,27.090584154715305,28.33149689029222,30.098592875225346,28.017388530740693,0,0,0,0,26.83878612040294,26.127082394630516,62.51425028904977,67.44768681135808,4,16,25.94882018263158,25.854589520838438,26.04305084442472,25.47766687366587,26.64176339,27.30432033,27.21008966820686,27.39855099179314,27.775473638965707,26.159384083210785,0,1.5,0,-10.822978498462302,0,-0.06656709978677766,4,12.817988386108299,52.31971929760818,0,2.4300715393522743,26.159384083210785,26.159384083210785,1,1,0,0,8,8,0,1,2240,0,27,2,,0.30051721215959715,-0.07447764415001933,0,1.4970396205496486,0.38111488517550723,,,,,,0.7665955460557851,84.91256219622531,96.42857142857143,91.23238828450802,3,44.40281427113473,32.0503422491669,21.475208079520698,28.041898348757982,,,,1351034
2026-02-27,26.58198382,26.87590005,26.48235119,26.68161644,26.453080487465176,25.962890850622937,27.05163484855194,28.266795696163115,30.064593109700716,27.92584759242688,0,0,0,0,26.83029168250971,26.16984927245857,56.112861303133826,71.54689578670384,4,17,26.4761241575,,,26.088406492625477,27.69493999344,26.83029168250971,26.739277953166077,26.921305411853343,27.285360329227867,26.164580425069385,0,3,4.5,-11.252361398528816,0.006033495977423753,-0.21224327399769802,4,12.800623603537623,40.453741987086076,0,1.4628809570627872,26.64176339,26.164580425069385,1,1,0,0,8,8,0,1,2240,0,28,3,,1.04826796781939,-0.2174996939252274,0,0.42461168611013056,1.3311655242830507,,,,,,1.0443902297423076,77.69631244787446,95.63492063492063,75.21797490563075,3,44.34266089978514,30.708279088142238,20.646100078167834,26.95926565863515,,,,1825903
2026-03-02,25.99415134,26.54213077,25.99415134,26.31297573,26.40637890164345,26.151629974744587,26.981286361070804,28.190175305333188,30.02726358353454,27.836712268902858,0,0,0,0,26.80605819018457,26.179229057654243,53.639044492519986,74.41522412847223,4,18,26.179229057654243,,,25.725974908023097,26.64176339,26.80605819018457,26.71540736025834,26.896709020110798,27.259312339815715,26.164580425069385,0,4,4,-12.369718083706003,0,-0.5713540957140643,4,12.59334950892511,40.156789343771635,0,1.4152716872801108,26.64176339,26.164580425069385,0,1,0,0,8,8,0,1,2240,0,29,4,,0.47132219538400316,-0.5718299942675926,0,0.5021567304845691,1.4525225796843615,,,,,,0.936893293453456,67.85918612414072,90.47619047619048,55.55241815529346,3,43.62464237386172,30.067713081558225,19.248126779097593,29.942300236270132,,,,1660383
2026-03-03,25.99415134,26.39268183,25.80484936,26.12367375,26.312143851095634,26.263968991967108,26.89960896954025,28.109136028653456,29.988421893648624,27.74903515978673,0,0,0,0,26.77342439265423,26.17558178428416,48.799676641708594,78.84085237923021,4,19,25.912113427894734,,,25.49696857063115,27.03033062,26.591702105506812,26.5022778306646,26.681126380349024,27.038823479717873,25.3963556,0,6.5,4,-12.887467561162854,0,-0.7026518160103192,4,12.593246815553536,34.06174397405509,0,2.6734273386415097,26.164580425069385,26.164580425069385,1,1,0,0,10,8,0,1,2240,0,30,5,,0.061837572576327736,-0.701944954458913,0,0.11630259014021327,1.9595096254610471,,,,,,1.006840169190001,53.9257456594809,76.58730158730158,23.61404580072189,3,43.62428663358738,29.692133710401375,18.118412567249212,30.07500845873155,,,,1780201
2026-03-04,26.12367375,26.83106537,26.12367375,26.59194708,26.405411594063757,26.35460276202944,26.870307837203082,28.049638422823907,29.954626124358587,27.66539752124557,0,0,0,0,26.76774856885323,26.19325237560581,50.95794736343187,83.04195082664661,4,20,25.912113427894734,,,25.497254377014638,27.03033062,26.67392981864338,26.58457699539704,26.76328264188972,27.12069393487508,26.164580425069385,0,2.5,5.5,-11.225908914363359,0,-0.10635622622668582,4,11.124554572796923,43.08715369441998,0,1.1400857299600924,26.164580425069385,26.164580425069385,1,1,0,1,8,19,0,0,2240,0,,6,,0.45723510473796575,-0.11120154468034515,0,0.6064139902501986,2.3834954871888074,,,,,,0.6864330163741176,38.82320792728486,62.301587301587304,0.7437619229876342,2,38.53658746331391,28.549106259277995,21.218236754503238,27.949125420190608,,,,1201813
2026-03-05,26.57202055,27.04527551,26.45744304,26.83604701,26.548956732709172,26.4602284388671,26.86704490127898,28.002046602713165,29.92359548640477,27.586929391357664,0,0,0,0,26.770114011088253,26.223092966935198,61.524394837112595,71.68564312190675,4,21,25.912113427894734,25.85466567,26.07296715,25.50178973829931,27.03033062,27.258771664728233,27.17055268180306,27.346990647653406,27.699866579354097,26.164580425069385,0,1.5,5,-10.318106585178041,0,0.18827528826785445,6,10.934709765904683,53.11706053985439,0,2.480625378750825,26.164580425069385,26.164580425069385,1,1,0,0,8,8,0,0,2240,0,,7,,0.7191682826192249,0.1816489732236208,0,1.7052962065936135,0.3789419859081642,,,,,,0.8324679938623674,32.48686206798517,53.57142857142857,-14.235041616919956,1,37.87894576113299,27.124046195492475,22.123881393280914,26.28631887685513,,,,1378605
2026-03-06,26.89084495,27.63808962,26.80117559,27.59823657,26.89871667847278,26.65948031454156,26.936682203061935,27.986210915155787,29.90045758673905,27.517855852433538,0,0,0,0,26.793683214433013,26.275050048387953,65.88005516703247,73.1638172111223,4,22,26.68161644,26.592226366301624,26.771006513698374,26.234666071508123,27.345006239096588,28.507074287222242,28.350462874999998,28.551820405000026,28.909380699793527,26.178845660342326,0,0,0,-7.699618007719362,0.0026916659111465013,1.0117210922661097,6,11.044254219329142,49.84716891007554,0,5.787202376415951,27.03033062,26.178845660342326,1,1,0,0,8,8,0,0,2240,0,,8,,1.021533327289172,0.9982286096050127,1,1.5847303750631685,1.2594781729772269,,,,,,0.7556604464720158,42.287862930625096,65.07936507936508,10.532176105293539,2,38.25841887917004,25.485873072312877,26.195684592579727,24.08894831292199,,,,1166080
2026-03-09,27.00044083,27.68790593,26.81113885,27.60819983,27.135211062315186,26.91416609899438,27.00063626277032,27.97138695103203,29.877649051846127,27.457372423973894,0,0,0,0,26.817425733643006,26.32615058692688,68.39118998508133,68.69246342446517,4,23,26.68161644,26.590783094065795,26.772449785934203,26.227449710328973,27.523435212467678,28.471582932800022,28.380749586865818,28.562416278734226,28.92574966247105,26.178845660342326,0,1.5,0,-7.595809221495287,0.07606492423877995,0.9383811661919641,4,8.583575356603147,52.11791182756198,0,5.048228156471147,27.03033062,26.178845660342326,1,1,0,0,8,8,0,0,2240,0,,9,,1.6085193939102396,0.9249958664954572,2,1.6275265893938364,0.5999652032036595,,,,,,0.8669973278599575,55.61500600411349,80.15873015873017,87.03941745415335,3,29.73437725646558,24.036871993475746,24.42774091036391,22.01289386246385,,,,1230134
2026-03-10,27.48864069,27.49860395,26.95162085,27.11999998,27.130140701543457,27.120458463671433,27.012004235839814,27.937999226677835,29.8502097575989,27.40155483746648,0,0,0,0,26.824128780602194,26.34911620591701,48.4228790774157,68.60799669329185,4,24,26.68161644,26.59140887788252,26.771824002117476,26.230578629412616,27.602254465579865,27.937999226677835,27.847791664560358,28.028206788795313,28.38903703726522,26.178845660342326,0,0,2,-9.146367143714553,0.005134124401707574,0.33904649911394363,4,8.573259805821179,35.39845622184107,0,3.900235246452124,27.03033062,26.178845660342326,1,1,0,0,10,8,0,0,2240,0,,10,,1.0410729952136606,0.3281972282798667,3,-0.7893652561150164,0.857249207472915,,,,,,0.6978299350373132,65.32926110892613,88.0952380952381,119.97389173711797,3,29.69864314034073,22.691370991698406,22.84025707683564,20.582343519553962,,,,956082
2026-03-11,27.28,27.59,27.26,27.43,27.23009380102897,27.297737888649785,27.05181335623602,27.918077688376744,29.826128068468563,27.35179532095234,0,0,0,0,26.835684342345512,26.375880961640473,59.499002409386954,55.57233097411084,5,0,26.68161644,26.59365584642663,26.76957703357337,26.241813472133146,27.663391647016336,27.791594445171075,27.703633851597704,27.879555038744446,28.23139741303793,26.178845660342326,0,0,2,-8.033654462181735,0.01204096713196351,0.6562087829996063,0,7.920524640855932,54.74212485390312,0,2.2323069163861597,27.03033062,26.178845660342326,1,1,0,0,8,8,0,0,2176,0,,11,,1.096327737055708,0.6423565134751805,4,0.9164498346052379,-0.15104089588975633,,,,,,0.6272773854283737,72.90894710646563,94.84126984126983,165.72734854658083,3,27.437502201127415,21.590564046526424,22.67832211477431,19.60039996302502,,,,839129
2026-03-12,27.33,27.64,26.6,26.66,27.040062534019313,27.346491707228573,27.014497798499256,27.868741308440402,29.794624306593253,27.302372240394224,0,0,0,0,26.829780252587263,26.388154274999774,46.89206878699794,76.2758763637971,4,0,26.388154274999774,,,25.933337233409123,27.663261435100118,26.979126270873344,26.829780252587263,27.03033062,27.39418425327252,26.178845660342326,0,0,3.5,-10.520771379216859,0,-0.21871657609882325,4,8.278364275818197,17.327477003794414,0,1.9281176232417565,27.663261435100118,26.178845660342326,1,1,0,0,10,8,0,0,2176,0,,12,,-0.04410523953676087,-0.23311547496672996,0,-0.4274843599862468,4.445400698281283,,,,,,1.1355460692490478,78.91155414315845,95.63492063492063,175.1727606370726,3,28.677095058560496,20.64540703387078,20.36327671871017,24.07782674236177,,,,1529973
2026-03-13,26.86,27.145,26.71,26.76,26.946708356012877,27.32335760585022,26.9902599129279,27.825261257129014,29.764429039860982,27.253379540637486,0,0,0,0,26.828594190444164,26.396239229187216,27.153491486502695,88.04092117138615,4,1,25.867202334418604,25.80484936,26.044795092723703,25.4496638433898,27.643836474398768,26.828594190444164,26.739797811291616,26.917390569596712,27.27257608620691,26.184628290587675,0,0,7,-10.09402544170225,0,-0.0753386719807361,4,7.006020921500222,3.346500071456603,0,1.4504327901708172,26.184628290587675,26.184628290587675,1,1,0,1,10,19,0,0,2240,0,,0,,0.15264083615828702,-0.08682509966816206,0,-2.9261795544802482,8.14393297342066,,,,,,0.5962772872162582,83.54312185987774,96.03174603174604,244.22994475167582,3,24.269568389857817,19.767761236404823,19.370215271470844,22.90361682509546,,,,787198
2026-03-16,27.15,27.54,27.15,27.36,27.084472237341917,27.3300642429762,27.025473254553816,27.80701571763376,29.740504372797687,27.208122162841217,0,0,0,0,26.841458141021544,26.4258828832253,57.49679846811077,61.27234799259125,5,0,25.684581371325674,25.595163304969734,25.773999437681614,25.23749103954598,26.184628290587675,27.696278776708493,27.606860710352553,27.785696843064432,28.143369108488187,26.184628290587675,0,0,3,-8.004250173292386,0,0.5944689902873345,0,7.207847095040463,67.94991394956817,0,3.3810851603601417,26.184628290587675,26.184628290587675,1,1,0,0,8,8,0,0,2240,0,,1,,0.907579021606503,0.5830784629035429,1,2.386499964782533,-0.6045650363878923,,,,,,0.8718014518111293,87.01245469772509,96.42857142857143,248.48591736323237,3,24.968714763595635,18.46992108765468,21.80572821427968,21.119778972624474,,,,1148946
2026-03-17,27.5,27.99,27.36,27.37,27.179648158227945,27.356118149916018,27.05828532554869,27.789877846354006,29.716917264610647,27.16631170958879,0,0,0,0,26.853050005403677,26.452037251844857,74.48459549936567,79.11514355296842,5,1,25.698603479567552,25.609947417951325,25.78725954118378,25.25532317148641,26.184628290587675,27.71223090415941,27.623574842543178,27.80088696577564,28.155511212240555,26.6,0,0,6,-7.89757983209634,0.007860536086390119,0.5606883223651377,0,7.140764531703536,33.07195884560087,0,2.5090916151317155,26.184628290587675,26.6,0,1,0,0,8,8,0,0,2240,0,,2,,1.062884288691121,0.5508308215166532,2,2.9136378238179357,4.865656077469914,,,,,,0.8224309190707887,89.45880057700177,96.82539682539682,261.64938897790097,3,24.73633394759261,17.97685704986381,24.954170497771496,19.779783099186467,,,,1064281
2026-03-18,27.32,27.44,27.1,27.3,27.21976543881863,27.386291718054547,27.08130577073453,27.770666950418555,29.69286833660457,27.12711083746117,0,0,0,0,26.86809840366387,26.487782812087012,86.40242672447266,66.31736977021389,5,2,26.07296715,25.98760794992779,26.158326350072212,25.64617114963894,27.68790593,27.724252985382517,27.638893785310305,27.80961218545473,28.15104898574358,26.6,0,0,2,-8.058730835561294,0,0.4451146280971158,0,7.1471148911308395,77.7991504657656,0,3.7838657781089555,26.184628290587675,26.6,1,1,0,0,8,8,0,0,192,0,,3,,0.6245650262707745,0.4376847313979635,3,5.176119798154842,0.4380227497213438,,,,,,1.2950242398223957,91.2854988836142,97.22222222222223,268.7061713459107,3,24.758332237941435,17.04645530879541,24.066700467544546,21.795934690048774,,,,1690783
2026-03-19,27.11,27.54,26.58,27.24,27.226510292545754,27.394952862209088,27.096419506855053,27.74985648177469,29.6684616864891,27.08963678668134,0,0,0,0,26.880538718299814,26.519023069865778,92.45414452818096,80.22476648462509,5,3,27.24,25.985133607075802,26.160800692924198,25.83466331321284,27.68790593,27.666209066353087,27.57837552342889,27.754042609277285,28.105376780974073,26.6,1,0,2,-8.185330645555556,0.15,0.3520549735416872,0,7.138191032838644,56.514785569697864,0,0.3187178803564795,,26.6,0,1,0,0,8,8,0,0,192,0,,4,,0.38312404240392267,0.3459218498914768,4,5.334755776895589,3.95028498409508,,,,,,1.3188479999951432,92.06625461311056,97.22222222222223,272.32456122025417,3,24.72741908601818,16.32421338519287,21.718098815604407,24.954903435985624,,,,1737944
2026-03-20,27.38,27.585,26.985,27.39,27.28100686169717,27.39048963905281,27.12437955382124,27.735744462881563,29.645790425927018,27.054237499798155,0,0,0,0,26.909951464952158,26.58059520849985,97.71063418519425,98.05740336464721,5,4,27.39,26.57798367671322,26.751817399286733,26.230316231566203,27.96632020715427,27.71378579205068,27.626868930763923,27.800702653337435,28.148370098484452,26.196622038940035,1,2,5,-7.609142456711809,0.15,0.4936814908068696,0,7.0460504600804335,41.08284605502681,0,3.491068891927061,27.96632020715427,26.196622038940035,0,1,0,0,8,8,0,0,192,0,,5,,-0.08409377119218284,0.4868850821790635,5,4.7549807412975795,5.47870334113869,,,,,,2.238091473354203,91.80734654009946,96.82539682539682,276.13267559473746,3,24.408234779106746,15.57378178358558,20.84176267800653,23.416801614157034,,,,3183339
2026-03-23,28.305,28.305,27.32,27.46,27.340671241131446,27.394493148478784,27.156343405838264,27.724930954533267,29.624041267460083,27.020885678065742,0,0,0,0,26.940735312435315,26.64011229602409,88.67639780441662,99.36165060572093,5,5,26.673941108256827,26.5844379513477,26.763444265165955,26.226425323711183,27.95733910310956,27.783828152026057,27.69432499511693,27.873331308935185,28.2313439365717,26.196622038940035,0,0,6.5,-7.305017056660423,0.15,0.5361586387815733,6,6.360350067834751,18.741099867811094,0,3.546704201054025,27.95733910310956,26.196622038940035,1,1,0,0,8,8,0,0,2240,0,,0,,-0.03945282705721864,0.5277443156694215,6,2.4941393686033777,6.980180981366795,,,,,,2.1479605597351163,90.43882383724858,96.03174603174604,310.4717407905512,3,22.032898942827885,15.198599586208573,25.976344512447604,21.115850293946437,,,,3268832
2026-03-24,27.545,27.545,26.87,27.17,27.283780827420966,27.384584306408225,27.157644033853668,27.703168956316276,29.599622946390827,26.98747714805727,0,0,0,0,26.949100173512154,26.66331468137743,88.94103089065277,96.8289529360575,5,6,26.67746552122189,26.58832866123484,26.76660238120894,26.231781221286646,27.91373107624204,27.800439927090128,27.68790593,27.978713647064225,28.33526108701242,26.58,0,1,3.5,-8.208290189342012,0.15,0.18637939334510847,6,6.4867595598539225,17.680104986824233,0,2.281958939821038,27.91373107624204,26.58,1,1,0,0,8,8,0,0,2240,0,,1,,0.10958270553607107,0.1806809168100967,7,2.1706821275719976,6.928000215139961,,,,,,1.3984988145191104,87.8387442206818,94.44444444444444,290.9018220357113,3,22.47079426830024,14.116577464885083,24.22001315817138,24.19566496802234,,,,2211740
2026-03-25,27.39,27.65,26.995,27.59,27.38585388494731,27.411357465393944,27.19882079253427,27.698730958029362,29.57962669816803,26.956782086702304,0,0,0,0,26.961673650903823,26.68504784648886,78.27104567445548,97.43410123650447,5,7,26.680766761491977,26.592148605789717,26.769384917194238,26.23767598298068,27.933679689783762,27.793980413992085,27.705362258289824,27.882598569694345,28.237071192503382,26.58,0,0,0,-6.726341473035749,0.15,0.6339723292895602,6,6.591262602498765,17.869723164582616,0,2.7398006748658443,27.933679689783762,26.58,1,1,0,0,8,8,0,0,2240,0,,2,,0.1914565738501168,0.6250451691680955,8,0.73066397081164,5.466054152932335,,,,,,0.776969153473827,83.85039822378815,93.25396825396825,267.23654408647485,3,22.83280342711305,13.275043730002425,23.67956152529467,22.59891052874284,,,,1213061
2026-03-26,27.43,27.59,27.03,27.55,27.44056925663154,27.45947619115109,27.23226643134053,27.692898371439973,29.559431407638996,26.928547419521276,0,0,0,0,26.972040519074582,26.70320525167788,72.10663592459156,98.38392348919655,5,8,26.683524848356136,26.596236560918324,26.770813135793947,26.247083411167075,27.986337822620825,27.788934375963564,27.701646088525752,27.876222663401375,28.225375813152624,26.228931816379138,0,3,0,-6.7979366041516665,0.15,0.5418504283511939,6,6.142226073955901,12.102133538154135,0,3.574368578821846,27.986337822620825,26.228931816379138,1,1,0,0,8,8,0,0,2240,0,,3,,0.755983757026235,0.5328545979207647,9,0.6309609132963421,6.922759015938148,,,,,,0.7159238432535697,78.71433696144358,91.66666666666667,269.94522089043716,3,21.27729526333186,12.493619547611386,22.323161816905106,21.304412080434805,,,,1109092
2026-03-27,27.36,27.84,27.23,27.79,27.557046171087695,27.535758812993073,27.285383914070003,27.696706278442328,29.541825124975922,26.90404783869519,0,0,0,0,26.994524809304142,26.73860899824718,84.01982542330123,93.07917552177324,5,9,27.72555330590585,,,27.293054114230294,28.305,28.02604754740213,27.939547709067018,28.11254738573724,28.458546739077686,26.9073021,0,3,0,-5.929982719635204,0.15,0.7588903763749352,6,6.134446112026766,54.132905598640384,0,2.5866995105076778,28.06674639124325,26.9073021,1,1,0,0,8,8,0,0,2240,0,,4,,0.8542867655371239,0.7461643049762143,10,3.9643309717572794,2.8783204536125813,,,,,,1.1501306362024595,71.18936095231655,88.88888888888889,235.00332351666816,3,21.250344684647438,12.182217441446943,23.498109439307964,19.96298808605875,,,,1779061
2026-03-30,27.97,28.355,27.66,28.32,27.811364114058463,27.676421939376628,27.38391877939667,27.721149169483805,29.529667661045814,26.886292470587886,0,0,0,0,27.04295688809138,26.806627594114612,95.51467304370641,95.01186685691057,5,10,28.32,27.62735914693406,27.80041241812784,26.967786915224885,,28.599033119300003,28.512506483703113,28.685559754896893,29.03166629728445,26.9073021,1,1.5,0,-4.096448612056516,0.15,1.2600072700439324,6,6.113889858022926,43.446101236824525,0,0,,26.9073021,0,1,0,0,8,8,0,0,2240,0,,5,,0.7788965513048101,1.2421671814182276,11,3.8279579830848545,4.179253437254406,,,,,,1.5471037497621793,60.15798805194733,78.96825396825396,184.04363999231086,3,21.17913573195155,12.656797420314945,27.1271337871571,18.53131944601457,,,,2454545
2026-03-31,28.34,29.33,28.27,28.51,28.04424274270564,27.866474429417316,27.49116460993032,27.752084496170713,29.519521714169734,26.875522482996455,0,0,0,1,27.23934329958838,27.06882419556253,99.42847908773771,99.7257081094491,5,11,28.51,27.614177223378483,27.79379811805842,27.25493543401861,,28.5945010842,28.504690636860033,28.68431153153997,29.043553320899843,27.64568162364,1,0,13.5,-3.4198444132824477,0.15,1.342138702887859,6,6.010560842134563,35.32754620191206,0,2.1129378344333127,,27.64568162364,0,1,0,1,8,14,0,0,2240,0,,6,,0.9078379965717075,1.3234089170020675,12,6.628523716126854,8.1113145920308,,,,,,5.1482906629341985,44.393026444873655,61.507936507936506,113.21076719179959,3,20.82119352112208,14.209496976007898,33.961492012664394,16.578476462882826,,,,10382279
2026-04-01,28.87,29.09,28.05,28.15,28.07949516180376,28.039091996479215,27.553910837556003,27.767689025732647,29.505894632436704,26.868599155469436,0,0,0,0,27.2609490521402,27.09821547013754,81.44913013776178,96.64029616717343,5,12,27.59452971427858,27.50184858460575,27.68721084395141,27.131124065914438,28.305,28.15,28.40303917870555,28.58840143805121,29.632898074765244,26.532175776266744,2,0,5,-4.595334760485892,0.15,0.8349049464894163,6,6.067747781014765,21.206829195617992,0,1.0909881476441794,28.305,26.532175776266744,1,1,0,0,8,8,0,0,2240,0,,7,,0.6871480076104807,0.8235502610366129,13,0.7734818415007565,4.631501521080499,,,,,,0.9190613857144365,19.30011339990961,25,-8.17906355886314,1,21.01929488846177,15.223826264948595,30.558893094638645,17.03688235253673,,,,1884807
2026-04-02,28.03,28.38,27.625,28.11,28.089663441202507,28.176141158685276,27.606871710169717,27.781112985507836,29.492005133606487,26.864861918401886,0,0,0,0,27.27524176986561,27.11768304750437,80.16280711044844,97.98378299981127,5,13,27.721331416525224,,,27.25732081447281,28.305,28.447519659903485,28.354717539493002,28.540321780313967,28.9115302619559,26.60122630665918,0,1.5,3.5,-4.686033137949227,0.15,0.7194421535489296,6,6.0444075925008995,14.044484173808385,0,3.9789895857503423,28.305,26.60122630665918,0,1,0,0,8,8,1,0,2240,0,,8,,0.6974986502082742,0.7080408418907161,14,1.5066616239987862,6.9097748313336735,,,,,,0.6635577466801221,12.559127455379764,4.761904761904762,-40.01880658952891,0,20.93844210373327,15.388042730571987,28.339119664701293,19.888298286625414,,,,1360211
2026-04-06,27.94,28.38,27.935,28.14,28.106442294135004,28.273136906276193,27.657645833010697,27.795186986076157,29.47855234620742,26.86411801843512,0,0,0,0,27.283578554657552,27.12893256738338,78.11466897713767,98.51018921480744,5,14,27.707425665660605,27.61727905385087,27.79757227747034,27.25669260661193,28.512601696244847,28.45959573288436,28.369449121074624,28.549742344694096,28.910328791933033,26.590218284755114,0,1.5,3.5,-4.540766895493871,0.15,0.6890744842426297,6,5.407610957107111,14.849694351043233,0,4.147415883083424,28.512601696244847,26.590218284755114,1,1,0,0,8,8,0,0,2240,0,,9,,0.5979107934027614,0.6788863226664383,15,1.2917740010172754,6.427028364818291,,,,,,0.38730016405286277,11.775079042336252,3.5714285714285716,-37.140956433940275,0,18.73251385055136,15.540529448650853,27.090072220366846,19.011721016724803,,,,786568
2026-04-07,28.15,28.4,28.035,28.1,28.10429486275667,28.33118913839437,27.699774801295394,27.807140437602584,29.464835407439185,26.865657901842958,0,0,0,0,27.290714791066765,27.13860893249506,77.53136767759692,99.14856413457066,5,15,27.798332157167923,,,27.363499673765585,28.5664625190632,28.1,28.381077922847542,28.555010916208477,29.09573197344374,26.585537478936764,2,0,3.5,-4.632082238255418,0.15444444444444444,0.5890325352821261,6,5.412658135114354,8.528747157680762,0,1.5209539930966245,28.5664625190632,26.585537478936764,1,1,0,0,8,8,0,0,2240,0,,10,,0.5074290421995563,0.5768149347209286,16,1.3571747701344146,8.448952437154869,,,,,,0.358761941710391,12.520982557022789,5.158730158730159,-33.221418484589094,0,18.749997788038137,15.709259270408612,26.280249240344563,18.299287571911236,,,,719449
2026-04-08,28.4,28.75,28.4,28.7,28.30286324183778,28.42772980984459,27.795034344029165,27.842154538088757,29.4572251048776,26.872676688726294,0,0,0,0,27.310037724285973,27.162968017822493,84.77135835061414,99.37801504524171,5,16,28.526857,,,28.09406612255497,29.33,28.73534253827263,28.648784362783623,28.821900713761636,29.16813341571766,27.99676706,0,3.5,0,-2.5705921117200496,0.1828620709784114,1.1657785505350362,0,5.396458847744906,16.22956433915192,0,1.7065412344936481,28.73534253827263,27.99676706,1,1,0,1,8,14,0,0,2240,0,,0,,1.19178545671618,1.1726723639661105,17,3.008520029163817,7.631825506894725,,,,,,0.5679223569357282,12.615414132586594,5.9523809523809526,-32.515813138914766,0,18.693881810497555,16.33431437737813,28.128494024493488,17.07235294770528,,,,1144235
2026-04-09,28.62,28.725,28.25,28.4,28.335242161225185,28.50601254557359,27.852650120788294,27.86403083071273,29.44670545209275,26.88266113415666,0,0,0,0,27.32332362788605,27.180096019234366,89.81951042261312,99.28454983004457,5,17,27.803110890842905,27.718494370745972,27.88772741093984,27.380028290358236,28.825378335650722,28.4,28.74076181555379,28.909994855747655,29.40193216077547,27.64568162364,2,0,4,-3.554575753119993,0.16333333333333333,0.7443826082048469,0,5.474860248203703,24.229069491000686,0,0.7528637226059026,28.825378335650722,27.64568162364,1,0,0,0,8,8,0,0,2240,0,,0,,0.6203183464343954,0.7395935033443742,18,3.639228912785585,6.662145462282612,,,,,,0.5087105139463811,12.696174153962192,6.349206349206349,-33.056377394533,0,18.965472228455933,16.59865267567086,26.71866350677234,17.799439136703487,,,,1029786
2026-04-10,28.4,28.55,28.155,28.26,28.310161440816792,28.545219913429435,27.891445347379886,27.879559033429878,29.434897437644068,26.894307500960196,0,0,0,0,27.331890631637254,27.191301516292214,92.22662615316834,98.21027729808662,5,18,27.738606060062132,27.656506791400695,27.82070532872357,27.32810971675494,28.82136848877984,28.26,28.413462360638558,28.577660897961433,29.206794149291508,27.625,2,0,3.5,-3.991511912460408,0.16777777777777778,0.5284118650279602,0,4.53527348309097,34.607634392562375,0,0.6706843303533059,28.82136848877984,27.625,1,0,0,0,8,8,1,0,2240,0,,1,,0.5407399519985282,0.5213724464622603,19,3.5765109852962755,4.948526030011585,,,,,,0.39250319773146664,12.761422885308152,6.746031746031746,-18.77214278758493,1,15.710648197866856,16.641120507746297,25.57089444260343,18.067975279122976,,,,779825
2026-04-13,28.22,28.84,28.19,28.83,28.483440960544527,28.607903463203456,27.980831504772276,27.916831228197335,29.42887855766751,26.910549057457576,0,0,0,0,27.344448358343833,27.206867758019584,93.37273387694329,81.90278702434502,3,0,28.83,27.931750728345843,28.095827941574232,27.533691147086458,28.908686840476104,28.908686840476104,28.82664823386191,28.9907254470903,29.31887987354707,27.99676706,1,3.5,0,-2.0350029869265174,0.022222222222222223,1.0963748748399338,0,4.845350967906087,68.13301446526721,0,0.060700688959465135,28.908686840476104,27.99676706,0,1,0,1,15,19,0,1,2240,0,0,0,,0.7835590469768665,1.0882659761974507,20,3.8966436417237045,0.760414293473255,,,,,,0.36337412434047617,12.724714177253574,6.746031746031746,-24.189009173331023,0,16.784788113832754,17.107664405574855,26.918138912005965,16.78981138251784,,,,720744
2026-04-14,28.835,29.32,28.65,28.83,28.598960640363018,28.6744935064935,28.061704694793963,27.952641768268027,29.42291956704395,26.93074367844606,0,0,0,0,27.359489068815133,27.22546576019728,95.06843251067177,83.90933645100029,2,0,28.02896815099521,27.94680730199632,28.111128999994104,27.618163906000746,29.03033129511294,29.3692408702439,29.33,29.53110946,29.859752855995573,27.99676706,0,0,5,-2.015162246876653,0.02666666666666667,0.9921294429475854,0,4.448752317592821,54.20648544806963,0,2.437567664694453,29.03033129511294,27.99676706,1,1,0,0,8,8,0,1,2240,0,1,0,,0.3742097022052246,0.9865643782460668,21,4.090638543878875,2.851094989602104,,,,,,0.4464234386378875,12.68678722005759,6.349206349206349,-17.676693444072285,1,15.41093008872112,18.166678927937895,30.174474251907288,15.567342877645672,,,,879455
2026-04-15,28.98,29.39,28.95,29.15,28.782640426908678,28.783148484848482,28.165351866718346,27.99959699304183,29.420203949461424,26.956173835919554,0,0,0,0,27.37926071076635,27.2494812836058,95.87340200605684,46.05566070363142,2,1,29.15,28.38151467098266,28.54409910483775,28.056345803272485,29.201063719471104,29.273291626257514,29.19199940932997,29.354583843185058,29.679752710895233,28.340499610000002,1,0,6.5,-0.918429899145454,0.031111111111111114,1.2382211859056966,0,4.519190778731391,86.91483319857134,0,0.046690918961314554,29.201063719471104,28.340499610000002,0,1,0,0,8,10,0,1,2240,0,2,1,,0.4660620735071176,1.2334442712347726,22,4.054579382932208,-2.7802859759493628,,,,,,0.49351030843077676,13.263363208577738,9.126984126984127,-15.276797398429947,1,15.654936075719059,19.2355917110705,29.08737914490211,14.609850053239064,,,,969887
2026-04-16,29.25,29.745,28.89,29.65,29.071760284605784,28.969753679653678,28.306746927030886,28.06431867958921,29.42249047732748,26.989169804684217,0,0,0,0,27.401805437396614,27.27637947154232,97.5313899312122,23.183789082922928,2,2,29.33,29.246880441424423,29.413119558575573,28.914402207122116,30.43776633,30.394670676249966,30.31155111767439,30.47779023482554,30.81026846912785,29.538189879123152,0,3.5,0,0.773250391049783,0.052522688547940774,1.6473475653924152,0,4.6792841229905955,97.8700893146826,0,2.6654769322259177,29.459611310488537,29.538189879123152,1,1,0,0,10,10,0,1,2240,0,3,0,,1.1048070482970904,1.6319588430073824,23,5.969312237433655,-7.24941707594194,,,,,,0.4575988583433791,16.461939147739965,23.80952380952381,1.5572547906812597,2,16.209515688140172,20.64688787145335,30.22926816138121,13.268041294181469,,,,880778
2026-04-17,29.73,30.17,29.6,29.96,29.36784018973719,29.220191341991335,28.464199600646992,28.13865912352689,29.427838830786907,27.03087639344575,0,0,0,0,27.42163260720833,27.299830172956227,98.41366261496711,11.79029062872294,2,3,29.33,29.247728267036962,29.412271732963035,28.91864133518482,30.760615876840003,30.373581000149965,30.29130926718693,30.455852733113,30.784939664965144,29.55473145249087,0,2,0,1.8083596701513656,0.09389157287008634,1.8042068700116718,0,4.669564024719797,97.66723142682324,0,3.477782283941369,29.55473145249087,29.55473145249087,1,1,0,0,10,10,1,1,2240,0,4,0,,1.358798196154636,1.7818183405598582,24,6.158652877984548,-6.927382661846996,,,,,,0.37005462631299185,20.84805567366291,32.53968253968254,28.883879646471495,3,16.175844280021,22.399894061884808,32.97163051332811,12.447287305136781,,,,692939
2026-04-20,29.91,30.085,29.785,29.98,29.571893459824793,29.494317316017305,28.608561543442516,28.210868569663088,29.433332971774103,27.080576830318012,0,0,0,0,27.437875167053434,27.31899964325135,98.87691387729852,8.662031398776303,2,4,29.341807475,29.262733722962896,29.420881227037103,28.94643871481448,29.98060690845362,29.98060690845362,,,30.37597566863914,29.55473145249087,0,3.5,0,1.8573058944773215,0.09740541724432113,1.6374871068251733,0,4.686442951298135,93.371198792271,0,1.6157053813606204,29.55473145249087,29.55473145249087,1,0,0,0,10,10,0,1,2240,0,5,0,,1.3493955466199206,1.6143537649124535,25,6.245754211834717,-3.343163576010268,,,,,,0.32794080969459605,24.044895755319327,43.25396825396825,48.11155476804354,3,16.23431459684281,24.02768552442831,31.85473817963724,12.025643620856888,,,,571249
2026-04-21,29.82,30.52,29.78,30.42,29.854595639883197,29.799075324675318,28.781079491686086,28.29750117477434,29.44315055414451,27.139924720042146,0,0,0,0,27.463835111618568,27.34937754423907,99.08324564057916,4.83953263184164,2,5,30.42,30.25411651775123,30.41418205724871,29.139737842010085,31.28464362,30.69814423380002,,,31.098308082543717,29.58092577,1,7,0,3.31774768484478,0.15500004587224908,1.9167217271217363,0,4.786163491127961,96.39461321249283,0,0.6753645060926723,31.28464362,29.58092577,0,1,0,0,10,10,0,1,2240,0,6,0,,1.7161793484730903,1.8891406530690926,26,6.146581180048559,-5.664076481000357,,,,,,0.48835130930727144,27.181566723509125,48.41269841269841,63.94430417916329,3,16.57975667992972,25.960381896790647,34.07787817431313,11.032860969431265,,,,790149
2026-04-22,30.48,30.955,30.4,30.74,30.149730426588796,30.123331168831164,28.967643349620744,28.393285442430248,29.456054528730135,27.209532588533573,0,0,0,0,27.487960163058855,27.377448637204516,99.43817283858453,2.775756347313206,2,6,30.74,30.618872733319048,30.77741573428099,29.76582799615222,32.30301855262,31.28464362,,,31.68100112240486,29.88627982834,1,5.5,0,4.358850809491677,0.13631679212271194,2.033503935476653,0,4.513786226931941,97.97045259066832,0,1.604458500599895,32.30301855262,29.88627982834,1,1,1,0,11,10,0,1,2240,0,7,0,,1.4895136379353617,2.007115667045198,27,7.798158552128313,-6.1436403843974094,,,,,,0.43693822041087327,31.20829749041057,52.77777777777778,99.58985706424932,3,15.636214159101486,28.117781698739297,36.84715589438164,10.343183518149214,,,,673354
2026-04-23,30.87,30.91,30.03,30.4,30.233153617725865,30.400706493506494,29.10405826870448,28.471980130962393,29.465447020981575,27.28586994438655,0,0,0,0,27.541944014291325,27.44030049853239,97.9859038674563,35.0586101367576,2,7,30.302440261249966,30.220973867946206,30.383906654553726,29.895108294731166,30.771274291949346,30.731896568330477,,,31.139228534849277,29.58092577,0,3.5,0,3.171691162034477,0.13194162861319958,1.4706210393444288,0,4.718561677810226,61.13490126659185,0,1.150987570914696,30.771274291949346,29.58092577,1,1,0,0,8,10,0,1,2240,0,8,1,,1.4664431602019954,1.4653933187647583,28,3.9957132951928003,1.4048931859996614,,,,,,1.102367376074334,34.06935218936212,57.142857142857146,108.43162599892891,3,16.345577129229515,29.152367192523826,33.29337922647303,13.400754404203154,,,,1727166
2026-04-24,30.415,30.575,30.13,30.24,30.235435745150575,30.602110389610385,29.21224319549453,28.54131424347367,29.47315401579768,27.36670449704855,0,0,0,0,27.564259247843008,27.466248437342152,97.17582532362887,36.790090901442234,2,8,29.96,29.88037942050365,30.03962057949635,29.561897102518255,30.88503646641622,30.28443912014997,,,30.682542017631715,29.581604728863777,0,0,5,2.601845678922888,0.13215794805064998,1.1600359847635264,0,4.787179625861727,71.39725789913021,0,2.323611489058896,30.88503646641622,29.581604728863777,1,1,0,0,8,10,1,1,2240,0,9,2,,1.4554119794705065,1.1646441189839594,29,3.930329554959335,-0.183290622779347,,,,,,0.5012383442975814,34.805318932741805,59.12698412698413,109.88203729071522,3,16.58327667390216,30.113053722466603,31.63197798072611,12.732031956125892,,,,777007
2026-04-27,30.21,30.715,30.17,30.55,30.34029049676705,30.754306926406922,29.339648605447433,28.620086233925683,29.483868901212627,27.453080366708434,0,0,0,0,27.588380147212327,27.494137820794,98.3103146348053,22.62980752455029,2,9,30.55,30.187301326174786,30.34490025952515,29.539604266598555,30.955,30.655937346200016,,,31.049934679575923,29.88627982834,1,7,0,3.615981004255262,0.11375288428880914,1.3511326220534876,0,4.8030130134342075,91.94102094418129,0,0.40083304650999063,30.955,29.88627982834,0,1,0,0,8,10,0,1,2240,0,10,0,,1.2320505008069293,1.3555151269769838,30,6.477382310882584,-2.7335968801052255,,,,,,0.510268086880475,35.106061490435046,59.92063492063492,110.99770076614921,3,16.63812513736509,31.155629348642343,31.26492645738984,11.945795963124228,,,,765136
2026-04-28,30.6,30.72,30.06,30.14,30.2735269978447,30.81462727272727,29.415872547785774,28.679690695340362,29.490397568862253,27.541350311630993,0,0,0,0,27.61719774935694,27.527545134657746,98.55956465718634,35.25340151646486,2,10,29.96,29.880936209515905,30.039063790484096,29.56468104757952,30.955,30.246507070299966,,,30.641826022720448,29.581604728863777,0,0,5,2.2027591510791877,0.08212490686650706,0.8142107007635487,0,4.889650796937215,76.85990233753071,0,2.5169549648650897,30.955,29.581604728863777,1,1,0,0,8,10,0,1,2240,0,11,1,,0.9318347742847032,0.8236047305666901,31,5.450983918947992,0.32670497602340415,,,,,,0.7561004366442945,35.646016220667875,61.111111111111114,110.44690014910101,3,16.938247223129814,31.812329163906654,28.934659415204553,12.297656359337756,,,,1081862
2026-04-29,29.76,30.32,29.76,30.25,30.265684665229802,30.81790909090909,29.49531325752046,28.74127145238584,29.4979558020079,27.63121654493718,0,0,0,0,27.639940420476965,27.55380993024374,97.98085546812553,22.85525979719092,2,11,30.25,29.881583623121912,30.03841637687809,29.132668984975282,30.955,30.35806023,,,30.750142114390446,29.581604728863777,1,3.5,0,2.549479031834836,0.08830295071472974,0.8471459580868925,0,4.8757313718995325,84.49684866143933,0,0.6309678962813023,30.955,29.581604728863777,0,1,0,0,8,10,0,1,2240,0,12,2,,0.7695946753681987,0.8555790445148236,32,4.39221684526891,-2.423246314461091,,,,,,0.875420158559661,35.669533996114865,61.507936507936506,111.186932623221,3,16.890028920374988,31.6071690054014,27.08972213506294,14.929362506400427,,,,834682
2026-04-30,30.02,30.69,29.87,30.48,30.3371231101532,30.800876190476192,29.589092947280417,28.80945688562561,29.507727386067526,27.72334093215307,0,0,0,0,27.68533748139558,27.60595131881412,99.88419360583049,10.12673254775342,2,12,30.48,30.128588722027455,30.288861993372482,29.228906914619905,30.955,30.655937346200016,,,31.056620524562575,29.581604728863777,1,6,2.5,3.2949762657477533,0.09647488132873878,0.9930444236936351,0,4.6045675321028385,94.94021119914092,0,0.37966799237459453,30.955,29.581604728863777,0,1,0,0,3,10,0,1,2240,0,13,3,,0.5686451808872984,0.9987098827533956,33,8.57312926531545,-2.4709624324924206,,,,,,1.673900992785154,35.6752541265012,61.904761904761905,123.65963176499852,3,15.950689824968306,31.911295472332412,28.737179332604345,13.56538883455501,,,,1569626
2026-05-01,30.77,30.835,30.335,30.41,30.3614154067688,30.759864935064932,29.667274571348948,28.872223282267743,29.51670522302208,27.81647313352167,0,0,0,0,27.71034659916084,27.634612479052578,98.66526583094267,18.265581809493433,2,13,30.189736693199972,30.189736693199972,30.34749044516321,29.8742291892735,30.955,30.60997901620002,,,31.004363396108108,29.61409081792794,0,0,1.5,3.026404099740712,0.09957646494314801,0.8301216298088528,0,4.616185187893858,82.71845402101111,0,2.425499543676044,30.955,29.61409081792794,1,1,0,0,8,10,1,1,2240,0,14,4,,0.3019127816668995,0.8393903149296861,34,5.050362866571837,-1.4050477116069964,,,,,,0.9939863104316469,35.236502508598804,60.714285714285715,120.35299040854059,3,15.990934565158089,32.374665958935395,28.752054497679925,12.797612844073996,,,,909675
2026-05-04,30.24,30.49,29.81,29.82,30.18094360451253,30.647043722943728,29.681819850268095,28.909390996688614,29.51972308149947,27.906437877734568,0,0,0,0,27.73093438071523,27.658335409863373,98.81506177704682,43.014039613576784,2,14,29.735752792888892,29.57712430892303,29.78,29.259867340991306,30.59007471738,30.16591084249997,,,30.641796294397558,29.61409081792794,0,0,5,1.0172077755320068,0.09397492776654892,0.17714086324640463,0,5.17779857564294,70.96119346643158,0,1.7952259752520505,30.59007471738,29.76,1,0,0,0,8,10,0,1,2240,0,15,5,,-0.11879647407790224,0.19040285578028185,35,5.640301242398792,1.4305046068889444,,,,,,1.0562441895744263,33.64053798495552,56.34920634920635,87.55435710326161,3,17.93642040874267,31.485483954284682,26.551112512985007,17.72800362832389,,,,976693
2026-05-05,29.72,29.8225,29.175,29.38,29.913962403008355,30.438808658008657,29.653075102623514,28.927846251720432,29.518332802081567,27.99058625280213,0,0,0,0,27.75571197321929,27.6870616409994,99.60003947480338,74.89482106310592,2,15,28.87837926267847,28.719518884710173,28.927846251720432,28.40179812877357,29.61409081792794,29.53110946,29.53110946,29.6899698379683,30.0076905939049,28.715138198840002,0,3,1.5,-0.4686335200875999,0,-0.2657964306727165,0,5.461883351478432,75.53260467762134,0,1.5437278207413827,29.61409081792794,28.715138198840002,1,1,0,0,8,8,0,1,2240,0,16,6,,-0.7230199371499597,-0.2511377781410492,0,6.91673597956848,1.8973474485951645,,,,,,1.5820015123603988,31.414063662817192,53.17460317460318,66.03172335379715,3,18.920518939550448,29.391108656416183,24.618615295254305,23.575582120560874,,,,1526707
2026-05-06,29.61,30.62,29.61,30.23,30.019308268672237,30.271570562770556,29.708020330945086,28.97891110459414,29.525414067732495,28.07449246739354,0,0,0,0,27.79653400705912,27.733566495915404,99.59889318839939,6.838140526860967,2,16,30.23,30.041376144071833,30.21103220932811,28.931375738974882,30.835,30.24,,,30.664140163140694,29.61409081792794,1,4.5,2.5,2.386371045131347,0.011931855225656736,0.6023427150662897,0,5.771633093937032,92.90493710190175,0,0.46587763540042043,30.835,29.61409081792794,0,1,0,0,8,10,0,1,192,0,17,7,,-0.3442039894915391,0.6206720895765625,1,6.91290476801687,-3.0424300839124125,,,,,,1.7164350254543435,30.08012609388639,50.79365079365079,50.449349559369836,3,19.993523522689784,28.612579330929933,29.799571602307612,20.498587813480206,,,,1704527
2026-05-07,30.1,30.89,29.8899,30.85,30.296205512448157,30.225611255411252,29.816780299426508,29.052287139708096,29.538594027257545,28.161782239302095,0,0,0,0,27.84643277061073,27.789917752190867,99.9051108386732,0.45685911281856517,2,17,30.85,30.52228066447389,30.697677367926147,29.446826372381928,31.301602690989764,30.955,,,31.393491758630645,29.88627982834,1,5,0,4.439635723800261,0.022198178619001304,1.1588163533604172,5,5.856754564483851,98.47670947735429,0,0.3218437705078385,,29.88627982834,0,1,0,0,3,10,0,1,192,0,18,8,,0.32736326805851734,1.1765836518339154,2,8.839022180400681,-6.738628466160191,,,,,,1.6706129867209853,28.678033255773,48.80952380952381,41.35192142466666,3,20.28839294629392,28.223592757001647,29.514243756476414,18.411417368593586,,,,1716374
2026-05-08,30.31,31.31,29.73,31.31,30.634137008298772,30.328812554112552,29.958991699481125,29.14082489893523,29.556219957334584,28.25497036091733,0,0,0,0,31.31,27.876500657206496,99.9319396028633,0.8044704188593725,2,18,31.31,30.739458673397166,30.930541326602835,29.781338774354644,31.352737394277383,32.30301855262,32.20747722601717,32.39855987922284,32.780725185634175,29.88627982834,1,5,0,5.933708861272033,0.029668544306360164,1.4963135508573437,5,5.867312582832065,98.22547306273142,1,0.02795740060675794,31.352737394277383,29.88627982834,0,1,0,0,3,10,1,1,192,0,19,9,,0.7672536927356015,1.5128108357031818,3,9.282465500173478,-5.979552041855545,,,,,,2.160175337014405,26.381232200353793,46.42857142857143,29.797171169943077,3,20.324966994706624,28.34348851837442,29.081324783463916,15.692881796014206,,,,2393654
2026-05-11,31.04,31.92,30.37,31.17,30.812758005532515,30.508512121212117,30.074325823340065,29.220400393094632,29.572277470196926,28.352840301378958,0,0,0,0,31.170000000000005,27.954514091241787,99.92076864239576,2.820129111735553,2,19,31.17,30.73244376815451,30.93755623184549,29.549550145236086,31.417321122593613,31.417321122593613,,,31.93010228182106,29.88627982834,1,7.5,3.5,5.4027713334330345,0.027013856667165173,1.2180104033407588,5,5.724208661922407,96.8343291995888,0,0.1526249774817275,31.417321122593613,29.88627982834,0,1,0,0,3,10,0,1,192,0,20,10,,0.4494525769928645,1.2348920009953173,4,9.079680916720262,-4.279707909584168,,,,,,1.98390990190391,24.400672132735806,42.46031746031746,23.053992754970803,3,19.829240471150932,29.058561237591025,30.467667592243878,13.575231108703916,,,,2361048
2026-05-12,31.22,31.312,30.315,30.41,30.678505337021676,30.626446320346314,30.10629479254577,29.267051358071313,29.580613017757155,28.450408342332473,0,0,0,0,30.83758716597368,27.998913554235816,99.01648093415878,39.017121669644,2,20,30.076144985099976,30.076144985099976,30.284410129955884,29.659614695388157,30.835,30.495403359045724,,,31.016066221185497,29.68059706036214,0,0,6.5,2.803819453454079,0.014019097267270395,0.3666925500673836,6,6.392754997562127,62.026242311897256,0,1.8218483352676398,30.835,29.68059706036214,1,1,0,0,8,10,0,1,200,0,21,0,,0.2108766609495374,0.3839478614583958,5,4.874344539653327,1.7161225578321095,,,,,,1.4827634898869975,22.09190114692215,35.317460317460316,-0.2404669117608173,1,22.145152912234913,29.608190160044828,27.863135294649023,12.886333736615306,,,,1835515
2026-05-13,30.26,30.76,30.26,30.68,30.67900355801445,30.70731861471861,30.160933383731887,29.322461108735183,29.59155219170982,28.549322091350206,0,0,0,0,30.800948095197423,28.032074526532032,98.29144443852371,21.185605396313942,2,21,30.68,30.062082041849976,30.264399676359034,29.450729461963768,30.835,30.82591949205265,,,31.331713578325292,29.68059706036214,1,3.5,0,3.6782383067932223,0.018391191533966112,0.602500579505566,6,6.366240097093205,88.35938207707896,0,0.12609103952626627,30.835,29.68059706036214,0,1,0,0,8,10,0,1,200,0,22,1,,0.3269880974774738,0.6197069464544679,6,4.481553166116992,-4.0411648813288625,,,,,,1.0146078829054868,22.554057112651304,36.904761904761905,2.2706554160046704,2,22.053302602695304,29.99831913124072,26.63349461450809,12.803087085643117,,,,1271274
2026-05-14,30.66,30.69,29.865,30.08,30.479335705342965,30.692213852813847,30.153225442424088,29.352168516235764,29.596412368906737,28.645945305078392,0,0,0,0,30.667941942692007,28.056427327909066,98.5849193865843,22.303757246765226,2,22,30.045764040499975,29.94446478162077,30.14706329937918,29.53926774610395,30.955,30.862906976744185,,,31.36940327114021,29.68059706036214,0,4.5,0,1.6339400366015528,0.008169700183007764,-0.03135689700329505,6,6.546208624931108,81.72463073624235,0,1.7951482953774538,30.955,29.68059706036214,1,1,1,0,1,10,0,1,200,0,23,2,,-0.2553426196777862,-0.01745950632900298,0,5.5321726221736185,-1.1395188610163813,,,,,,0.9733805500238456,25.019460945275245,43.65079365079365,10.330981942131528,2,22.676731870652546,29.52190211547192,24.696814860938723,15.35364984699165,,,,1236952
2026-05-15,29.94,30.3,29.63,29.74,30.232890470228643,30.58892337662337,30.1138706383837,29.36737759403044,29.59784110155443,28.738346658555226,0,0,0,0,30.530344976388058,28.075110245107844,97.12272839246125,47.11691450592285,2,23,28.94767138293534,28.847625642547506,29.047717123323174,28.447442680996172,29.68292658740676,30.534471449516825,30.3542228,30.59007471738,30.990257678931332,29.68292658740676,0,0,2,0.4803015799625429,0.0024015078998127146,-0.3526499613093178,6,6.569177079379276,54.136661077178495,0,1.4698380992956992,29.68292658740676,29.68292658740676,1,1,0,0,8,10,0,1,200,0,24,3,,-0.44267290959643224,-0.3392800734886831,0,3.6840737867847384,1.6946607838165826,,,,,,0.9017295369134941,26.746998526891257,47.22222222222222,17.536691528601253,2,22.756296930803664,28.614767088838022,23.22009157375207,16.53284749549564,,,,1167286
2026-05-18,29.99,30.27,29.8,30.23,30.23192698015243,30.49830606060606,30.12493057758525,29.401205923676304,29.60413123984742,28.829859668846165,0,0,0,0,30.48177269157518,28.105779573003908,97.20277939020741,25.185790417738616,2,24,30.23,29.915539534718416,30.110803052581534,29.01894592854752,31.262418167780716,30.521518840233394,,,31.009677634891194,29.68292658740676,1,3.5,0,2.1141264206738706,0.010570632103369353,0.17379955137634012,6,6.778334559998261,88.19385921977134,0,0.8524955178446182,31.262418167780716,29.68292658740676,1,1,0,0,8,10,0,1,200,0,25,4,,0.3284724415220241,0.18456248271703443,1,4.330709011129682,-4.082656452887804,,,,,,1.1317723039773968,29.26408961258754,50.3968253968254,24.629655454931417,3,23.480839697234035,27.7724274212494,22.094630026347595,15.731511976805603,,,,1518690
2026-05-19,30.19,30.53,29.915,30.11,30.191284653434952,30.40389610389611,30.123508617815226,29.429001769806646,29.609164759848937,28.91993760944417,0,0,0,0,30.441405213625995,28.127036381902524,97.62259582994,34.451569833217405,2,25,29.998592501699978,29.902443368406388,30.094741634993568,29.51784683523202,30.955,30.510754179446945,,,30.991499845914902,29.68292658740676,0,3.5,1.5,1.691487227732314,0.00845743613866157,0.048158865136899286,6,6.622999804615647,71.86663201792925,0,1.9894251056421481,30.955,29.68292658740676,1,1,0,0,8,10,0,1,200,0,26,5,,0.5673036867585721,0.058246410745317466,0,4.77824959719485,0.10314493441203576,,,,,,0.8413498995939442,30.713249492868567,52.77777777777778,33.86911811501152,3,22.942744320226094,27.366949996235956,23.247211039656744,14.833086239775849,,,,1143861
2026-05-20,29.94,30.02,29.34,29.7,30.02752310228997,30.263982251082258,30.083174463737585,29.439629151382857,29.61006859308427,29.006354320354795,0,0,0,0,30.377552073018254,28.14138391356197,93.81552188774025,42.343240659383575,2,26,29.176050273426757,29.07989393536842,29.272206611485093,28.695268583135082,29.68292658740676,30.49372667528488,30.3542228,30.59007471738,30.974700069613338,29.68292658740676,0,1,2,0.3037190090695438,0.001518595045347719,-0.35214027391604763,6,6.642380130433197,54.55033584153397,0,1.0542754106806753,29.68292658740676,29.68292658740676,0,1,0,0,8,10,0,1,200,0,27,6,,-0.34465521511828207,-0.34289594563891157,0,2.4908847874489384,0.45252870474674234,,,,,,0.7217549586834539,30.20397990004548,52.38095238095238,31.265266240883083,3,23.009879738192563,25.846281435399295,21.585078525826198,19.111695404309607,,,,992793
2026-05-21,29.46,30.13,29.42,30.08,30.045015401526644,30.135471428571435,30.082872133857816,29.464741733681567,29.61474452748144,29.09157824084049,0,0,0,0,30.351150496975098,28.161171259646455,95.81583563723667,22.73787421236969,2,27,30.08,29.868379522288663,30.059634150111286,28.654981488709513,30.955,30.486686255006706,,,30.96482282456326,29.68292658740676,1,5,0,1.5710264597650538,0.007855132298825269,0.0683915894615987,6,6.714357249662928,89.24814207452022,0,0.6140271112742298,30.955,29.68292658740676,0,1,0,0,8,10,0,1,200,0,28,7,,-0.5036557580866026,0.07182876767900898,0,4.629333380050887,-4.135346797876748,,,,,,0.8343265526817071,28.88362712790319,50.3968253968254,24.181431501167484,3,23.25921579316924,24.6107871121531,21.181222214834996,17.84475092268709,,,,1122410
2026-05-22,30.33,30.65,29.43,29.68,29.923343601017763,29.97729523809524,30.04450335920469,29.473183234321507,29.615393835665706,29.17267567219962,0,0,0,0,30.30096549784127,28.175161501067393,82.05745386204497,40.15469132602975,2,28,29.482993755600482,29.383304106968552,29.582683404232412,28.984545512440825,30.59007471738,30.444627319851016,30.30096549784127,30.59007471738,30.988833311907726,29.682811819273162,0,0,3.5,0.21815061684740544,0.01112487137853551,-0.3257138984054931,6,6.82255815726219,38.40609049942584,0,2.2210549981312866,29.682811819273162,29.682811819273162,1,1,0,0,8,10,0,1,200,0,29,8,,-1.0802729463543879,-0.32072948172917715,0,0.5834003046366769,0.8469435904688288,,,,,,0.7530672335682962,27.437002297824808,48.41269841269841,16.09106362504239,2,23.63403473194321,24.23531308898568,23.524110265837635,15.894896296672925,,,,1022330
2026-05-26,29.71,30.07,29.555,29.95,29.932229067345176,29.8559393939394,30.035503039280435,29.49188193101478,29.618723250236197,29.251384043833784,0,0,0,0,30.277245032629324,28.190869131914948,90.49734466538878,21.118211839574467,2,29,29.95,29.830014113170325,30.02434846062963,28.777662610162793,30.760615876840003,30.438301862461167,,,30.885536677318623,29.682811819273162,1,3.5,0,1.1184707286839592,0.005592353643419797,-0.017059509908461945,6,6.803898906931661,92.96239804232181,0,0.6914527198971001,30.760615876840003,29.682811819273162,0,1,1,0,5,10,0,1,200,0,30,9,,-0.7995105830347548,-0.013796644456902513,0,5.6048161366449065,-4.694576957253639,,,,,,0.7239882835914394,25.39007906695231,44.84126984126984,7.724770639350395,2,23.569397192735966,23.886658638901647,22.410885544657077,15.142706679378277,,,,991031
2026-05-27,30.01,30.95,29.98,30.47,30.111486044896782,29.841189610389613,30.076883702206107,29.530239502347534,29.627193665656733,29.331040608494177,0,0,0,0,30.29617694314145,28.222917007093386,94.18280910254023,12.997015547077353,2,30,30.47,29.816737146051018,30.015047611548944,29.186758138008308,31.217404239562192,30.49686798240002,,,30.992644146144826,29.682811819273162,1,3.5,2.5,2.844705252391927,0.014223526261959635,0.5076037164021101,6,6.901563089539811,87.81173508819113,0,0.5824344277564046,31.217404239562192,29.682811819273162,0,1,0,0,8,10,0,0,200,0,,10,,0.08233875572182946,0.5105359432167617,1,4.66225364104899,-3.521193414922986,,,,,,1.1451523289674839,23.733717121762435,40.476190476190474,-0.7277931727662182,1,23.907715845449967,24.64723698278454,28.316948967794062,13.779160505763445,,,,1597039
2026-05-28,30.3,30.56,30.08,30.34,30.18765736326452,29.884287445887445,30.101942397234097,29.561994815980963,29.63428626599846,29.410785696516502,0,0,0,0,30.29898639126454,28.243477507124194,95.79932931270633,7.306378737380864,2,31,30.34,29.807967511240225,30.000684372059727,29.309132556722,31.222672643662218,30.464587109748855,,,30.946379261797606,29.682811819273162,1,3.5,1.5,2.3814095864061944,0.011907047932030972,0.3369007518882462,6,6.909543670228013,91.1868502148803,0,0.8562426230626252,31.222672643662218,29.682811819273162,1,1,0,0,8,10,0,0,136,0,,11,,-0.19673134744154433,0.342324644837915,2,4.399456140147008,-5.038782084252878,,,,,,0.7907560729233922,23.4168577001536,40.07936507936508,-2.1662663844724146,1,23.935361387901704,25.35348830210437,27.057501795366495,13.166307590106928,,,,1113832
2026-05-29,30.34,30.34,29.58,29.82,30.065104908843015,29.915146753246752,30.07509074035466,29.57211266633465,29.63613416384922,29.487501531360365,0,0,0,0,30.247444237044174,28.27175879367382,96.68572900352098,30.90247116351654,2,32,29.597833352146257,29.405310552813862,29.68,29.020264954149077,30.760615876840003,29.888148161349974,,,30.369455159680957,29.34,0,2.5,3.5,0.6204109994044469,0.0031020549970222347,-0.2030343854025595,6,7.073222029735292,67.23381183595272,0,2.013237789196743,29.688191747929118,29.688191747929118,1,0,0,0,8,10,0,0,136,0,,12,,-0.14383805261067764,-0.19451898188392322,0,4.484769357926803,0.6805739336692072,,,,,,1.4600999494959228,22.783057286525395,38.095238095238095,-7.016885642494314,1,24.50235985743397,24.94884792028095,25.150148722325373,16.8758502641438,,,,2095002
2026-06-01,29.79,30.68,29.63,30.68,30.270069939228677,30.0138341991342,30.13270114603517,29.615559228439174,29.64652088858704,29.56649535412883,0,0,0,0,30.27618177694385,28.299994665619614,98.06879979229959,16.230765365229182,2,33,30.68,30.345897344617907,30.543418515426556,29.099830633530797,30.95,30.77,,,31.263802927021626,29.88627982834,1,7,0,3.486004699495161,0.017430023497475806,0.6799373427880835,6,7.659850872845026,95.15038235229682,0,0.17086775995619946,30.95,29.88627982834,0,1,0,0,8,10,0,0,392,0,,0,,0.7149218401174304,0.6800668452687118,1,6.494556891181363,-5.087165308086538,,,,,,0.9498711544509775,21.81535313684096,34.523809523809526,-17.78495289854253,1,26.53450178033679,25.002028960497817,25.83654384667686,15.27388430192686,,,,1385507
2026-06-02,30.94,30.94,29.92,30.18,30.240046626152452,30.087918614718614,30.137205798793726,29.637694160657247,29.651829138451845,29.644431367355136,0,0,0,0,30.26934619974456,28.325040031749026,96.09265922493121,9.243796109807544,2,34,29.85255599534997,29.751742594617383,29.953369396082557,29.34848899168703,30.95,30.505918540825167,,,31.110798945220694,29.688191747929118,0,3.5,1.5,1.781242091615975,0.008906210458079876,0.1272689645408605,6,7.579130236557407,86.78914865211969,0,2.177178820821746,30.95,29.688191747929118,1,1,0,0,8,10,0,0,392,0,,1,,0.001307902030455179,0.12907741319006152,2,3.2565132307825033,-4.584511435371863,,,,,,1.0711251875334933,20.463680514163116,30.952380952380953,-22.05760367809001,0,26.2548772937979,25.35927126036148,25.805255956567592,13.894093070698652,,,,1595513
2026-06-03,30.35,30.37,29.465,29.82,30.100031084101634,30.109387445887442,30.106995722718132,29.644843409258925,29.653502480357798,29.718737652792033,0,0,0,0,30.246386465540873,28.33997888509609,92.79829402771986,29.61497552228443,2,35,29.564654901113048,29.462962100432787,29.66634770179331,29.056190897711748,30.760615876840003,29.832653505449972,,,30.341117508851273,28.91354660428,0,1.5,5,0.5614767420897047,0.0028073837104485235,-0.2330415996345589,6,7.522940458287346,54.62578609640994,0,2.3521054936568504,29.688191747929118,29.688191747929118,1,1,0,0,8,10,0,0,392,0,,2,,-0.17048263201037298,-0.23063785490250144,0,2.417708678741695,0.43926159650173086,,,,,,0.8203128008527522,20.063750751443703,30.158730158730158,-23.01007856217487,0,26.060230192138352,24.775938305513424,23.754809092118283,16.784964045301727,,,,1208875
2026-06-04,30.19,30.84,30.05,30.78,30.32668738940109,30.201344588744586,30.17109136817355,29.68935935399387,29.6647114109015,29.79495722580659,1,0,0,0,30.27213179501414,28.36393180898102,95.63505829343693,14.980084279132157,2,36,30.78,30.3542228,30.651730274142714,29.22171062351807,30.95,31.24575155959854,,,31.763432419899747,29.88627982834,1,6,0,3.759647527495053,0.018798237637475266,0.7497491970818762,6,7.651202233860353,95.82641470430083,0,0.1090939863710028,30.95,29.88627982834,0,1,0,0,8,10,1,0,392,0,,3,,0.810814082142003,0.742527267965605,1,5.11425950887189,-7.113818370422849,,,,,,0.8280367441296578,19.817431918419135,29.761904761904763,-25.230053375718942,0,26.50454201606124,24.818603714865535,25.71841671978379,15.308542207689001,,,,1199342
2026-06-05,30.89,31.275,30.745,31.19,30.614458259600728,30.368420779220777,30.268130285490354,29.748208006778423,29.679888411788053,29.875047403249447,0,0,0,0,30.305095049942622,28.385190191355168,97.44806695020003,8.187936278328856,2,37,31.19,30.669127125944062,30.870872874055937,29.938017007552492,31.31252206228963,31.31252206228963,,,31.816886432569323,30.03865,1,5.5,0,5.087996178625028,0.025439980893125144,1.0850459930965553,6,7.4939466582635665,94.59201985030235,0,0.09786240150923325,,30.03865,0,1,0,0,8,10,2,0,392,0,,4,,0.8177269619528974,1.0720921244134665,2,6.0937509059397375,-5.23687286234661,,,,,,0.6572424862412765,19.83816489835172,30.158730158730158,-23.58118914776559,0,25.959792722646995,25.336051803899252,28.362235860075334,14.590388696753914,,,,925987
2026-06-08,31.07,31.09,30.37,31.03,30.752972173067153,30.56959004329004,30.340689305919845,29.798474359453778,29.693322357939415,29.95725807424605,0,0,0,0,30.33095398800505,28.40552523641379,98.33508160668003,4.444157414869984,2,38,29.786027395849974,29.58404920117466,29.988005590525287,29.180092811824032,30.95,31.248936303582315,31.14794720624466,31.34992540091997,31.7538817902706,30.03865,0,4.5,0,4.501610247406971,0.022508051237034855,0.8232108450296155,6,7.359179007595682,95.60707978380286,0,1.9209542330731073,30.95,30.03865,1,1,0,0,8,10,1,0,392,0,,5,,0.9939684718164234,0.8128493771866154,3,6.024684304136701,-6.165701414967883,,,,,,0.7134435503683827,17.36569537096833,25.396825396825395,-31.88038443727687,0,25.492943886300058,25.091820717711364,26.306052673475826,16.848047651130454,,,,953806
2026-06-09,31.17,31.49,30.915,31.06,30.85531478204477,30.771012121212124,30.409195086308433,29.84794595320069,29.70692114044748,30.04091887076962,0,0,0,0,30.36041095889919,28.429399013701243,98.37881862534486,2.8549314225715623,2,39,31.03,30.83218096208721,31.03,30.436542886261627,31.92,31.224306046797487,,,31.718853641579468,30.03865,0,6,3,4.554759657372344,0.02277379828686172,0.775288162979868,6,7.347941843738604,92.9509566431513,0,1.4996871372787308,31.224306046797487,30.03865,1,1,0,0,8,10,1,0,392,0,,6,,0.8087245817808577,0.7652113726328686,4,5.071285280725334,-5.369070306215698,,,,,,0.8829096256650523,13.872244518234714,10.714285714285714,-45.50076553959154,0,25.454017208833186,25.317337895083718,28.55143273460929,15.97354462936305,,,,1125837
2026-06-10,31.06,31.48,30.82,30.9,30.870209854696512,30.917191341991348,30.455938411421915,29.889202974643798,29.718792571885814,30.124474425953395,0,0,0,0,30.38212608880019,28.452245303494795,97.9254592849197,26.670896225235524,2,40,30.77,30.672262589540487,30.86773741045951,30.281312947702446,31.28436110104951,31.28436110104951,,,31.773048153347062,30.03865,0,0,1.5,3.9746144640869936,0.01987307232043497,0.5460850736706316,6,6.909904762979676,67.56220449715316,0,1.0525367894059188,30.95,30.03865,1,1,0,0,8,10,1,0,264,0,,7,,0.31570584522274986,0.5385180743893555,5,4.4295696561880575,0.46596674217431633,,,,,,0.9408788255054068,9.143697399709515,0.3968253968253968,-61.80036964189417,0,23.936612249885954,25.340598568663708,26.829988371208152,15.878305887609011,,,,1168371
2026-06-11,30.7,30.755,30.08,30.13,30.623473236464342,30.933590043290042,30.424896657953163,29.898645995246003,29.722884188085956,30.202525040750114,0,0,0,0,30.369189523422467,28.47283998311763,92.41042256462345,60.24635708573793,4,0,29.728246134549973,29.5320909436966,29.728246134549973,29.139780561989845,30.95,30.426905397661066,,,30.917293374794507,29.7470861891868,0,0,3,1.3697049362296745,0.006848524681148373,-0.25436936804732996,6,7.319498779985924,37.05614906535324,0,2.0761688065025914,29.7470861891868,29.7470861891868,1,1,0,0,8,8,1,0,264,0,,8,,-0.13580236388215836,-0.25583623744392314,0,2.9623207196587327,3.4471644900467284,,,,,,1.2494388230825015,7.430307951229081,0,-70.69546409698168,0,25.355487545748062,24.05518883931908,24.827147227137782,21.429649198526974,,,,1570212
2026-06-12,30.04,30.21,29.22,29.26,30.168982157642894,30.771598701298707,30.31395411910048,29.873601054255964,29.71827837526918,30.269728224213225,0,0,0,0,30.29351391243505,28.48639144809675,96.23496941650444,91.64746631233359,4,1,29.20989558992645,29.109984251315954,29.309806928536947,28.710338896873967,29.727984770003005,29.26,,,30.858581417767944,28.340499610000002,2,0,2.5,-1.5420757874404512,0,-1.0768284769626169,6,7.633090271060095,40.10358814593454,0,1.0370978655311986,29.727984770003005,29.20989558992645,0,0,1,0,5,8,0,0,264,0,,9,,-0.39155034984435294,-1.0727283438091046,0,4.761382419655536,4.810199785363377,,,,,,1.7145343241122832,6.573695912129601,0,-75.13900026291928,0,26.441800336471555,22.99443181966528,22.630657310544347,27.219125737215652,,,,2240767
2026-06-15,29.2,29.35,28.775,29.25,29.862654771761928,30.494193506493502,30.212625155376625,29.849146110951807,29.713618888948094,30.326771528181197,0,0,0,0,30.22587699891883,28.499516555295127,91.1343857726168,98.36122114216802,4,2,28.716619679444133,28.52080219345321,28.79803335100001,28.129167221471366,29.727984770003005,29.68110261974998,29.583193876754518,29.77901136274544,30.170646334727284,29.11741764086775,0,8,0,-1.5602908911258062,0,-0.9762845135241045,6,7.560729159046464,29.41318703206024,0,1.1514497309159832,29.727984770003005,29.11741764086775,1,1,0,0,8,8,0,0,1288,0,,0,,-0.9814311833665837,-0.9711368430826821,0,3.5468732799819307,5.279593688929777,,,,,,1.6708520605625425,6.599743757795847,0.3968253968253968,-74.80161135922414,0,26.19113409147197,22.52252926736794,21.443999463632768,29.849946779129873,,,,2276330
2026-06-16,29.18,29.61,28.68,29.545,29.756769847841287,30.204763636363634,30.149041807245517,29.83721881248311,29.71194108905806,30.37619806215091,0,0,0,0,30.19584390696958,28.512155323694333,75.53828796506646,91.25890826606464,4,3,29.476752792888888,,,28.98065862898139,30.43776633,29.65972580424998,29.56050697146848,29.75894463703148,30.155819968157477,29.043544931622115,0,7.5,0,-0.5618653071425852,0,-0.5858051642579645,6,7.435521644833525,24.856285718679853,0,1.242064344749599,29.727984770003005,29.043544931622115,1,1,0,0,8,8,0,0,1292,0,,0,,-0.43506097538220895,-0.5834898856889846,0,0.8894361835984483,3.454629284560173,,,,,,1.1850987482958515,8.237215486501134,1.1904761904761905,-68.02000716514046,0,25.757402539259544,21.69011857944282,21.989068120118894,27.351820584021304,,,,1620589
2026-06-17,29.46,30.305,29.19,29.6,29.704513231894193,29.947729437229434,30.09675211131737,29.82791611395436,29.710827247375892,30.41859928171538,0,0,0,0,30.172429890658616,28.52421499065692,81.34344973049309,95.14003300251642,4,4,29.36894328842466,,,28.858507636224843,30.43776633,29.639517919049975,29.537430788610013,29.741605049489937,30.149953571249792,28.98917958401687,0,7.5,3.5,-0.37301972931662253,0,-0.4707353245414973,6,7.435037485529849,22.84160201587878,0,1.2740848571810204,29.727984770003005,28.98917958401687,1,1,0,1,8,19,0,0,1292,0,,0,,-0.14243420254982608,-0.4652880467244898,0,2.992217305594254,5.97562441841435,,,,,,1.0847119309008344,9.494244549037589,2.380952380952381,-63.13734357891837,0,25.755725362233694,20.31565715729327,25.923224033606044,24.684519218533143,,,,1502779
2026-06-18,29.6,29.6,28.44,28.75,29.38634215459613,29.639191991341995,29.968490005477623,29.785644893799287,29.701266777252748,30.449446009280592,0,0,1,0,29.887385673336198,28.539124251997325,31.45839193172388,79.51366666977624,4,5,28.692344549744735,28.539124251997325,28.749802161400016,28.118514910363174,29.689632426081317,29.618337778299978,29.51318544289144,29.723490113708515,30.144099455342666,28.80161528253091,0,10.5,8.5,-3.2027818354915847,0.047590504615947965,-1.2573423719361134,4,7.862462562806939,5.864051742794885,0,1.5534081912606867,29.689632426081317,28.80161528253091,1,1,0,0,10,8,0,0,1308,0,,0,,-1.3807240369275837,-1.2417066381186772,0,-0.5983669283874606,7.784835087747626,,,,,,5.2805888610962395,11.987842670285023,6.746031746031746,-55.98590048980123,0,27.236369262779643,19.586034280828514,23.369875754743408,28.621490885669395,,,,9584207
2026-06-22,28.53,28.64,27.85,27.92,28.89756143639742,29.22229653679654,29.77339571924166,29.712482348944413,29.683542729717896,30.464562974437566,0,0,0,0,29.802942182803314,28.53010821422715,33.93388378413612,32.86757687160677,4,6,27.0575377608,26.95186059220636,27.16321492939364,26.52915191783179,29.14190457696,29.59459684694998,29.53110946,29.802942182803314,30.225650857177882,28.380885695909402,0,0,0,-5.941146398109383,0.14722507359210235,-1.9528392179268994,4,8.17138645957934,12.59578842661508,0,3.944781723240468,29.14190457696,28.380885695909402,1,1,0,0,10,7,0,0,1308,0,,1,,-2.177800588736819,-1.9210621555220277,0,-2.2852228207905774,3.276349858843902,,,,,,1.1493870370752923,18.311951204484185,30.158730158730158,-35.308346939691184,0,28.306513032543567,19.51222203460588,21.592825451854633,31.429964987001018,,,,2144885
2026-06-23,28.05,28.375,27.9,28.3,28.698374290931614,28.80254978354979,29.63307231740912,29.657090884279924,29.669776135392343,30.46745541154415,0,1,0,0,29.72293139123985,28.525800462478657,19.485916213533375,66.7678348787817,4,7,28.152198094263284,,,27.64034874007852,29.14190457696,28.699759693100013,28.59738982226306,28.802129563936965,29.211609047284778,28.152198094263284,0,4,0,-4.616739031469706,0.10042933175396407,-1.3711410268669737,4,8.278515285860406,9.314949165172123,0,1.0697710065666575,29.14190457696,28.152198094263284,1,1,0,0,10,8,0,0,1308,0,,2,,-1.8034346540317125,-1.3521756721931257,0,-3.4753044912767774,3.2925518261301057,,,,,,1.4369317699202795,22.542575022153915,42.857142857142854,-21.393140509764596,0,28.67761817269162,19.443682091684863,20.698258385028428,30.127856022541394,,,,2809907
2026-06-24,28.45,29.01,28.22,28.53,28.642249527287742,28.454808658008666,29.528017810989205,29.612891241759144,29.65843507931879,30.46098995795253,0,0,0,0,29.676655160799623,28.525859227482574,53.05615825468834,87.89951692555054,4,8,28.525859227482574,,,28.015302684311006,29.40474,28.680084234100008,28.577972925465694,28.78219554273432,29.190640777271575,27.9777487499986,0,4,3.5,-3.8047694569888484,0.08129898472181776,-0.9984365696380135,4,8.265113860476518,51.53094310878591,0,1.3756272316842968,29.40474,27.9777487499986,1,1,0,0,8,8,0,0,1308,0,,3,,-1.650391877774542,-0.9829841891420976,0,2.9310960401679367,1.8079222732686513,,,,,,1.058488993747413,25.732594376746036,53.57142857142857,-10.123922421649349,1,28.631194273374145,18.49068203918804,24.82089325651021,28.04670568486665,,,,2130153
2026-06-25,28.57,28.81,28.294,28.34,28.541499684858493,28.1938696969697,29.414873257561663,29.562973938160745,29.64531632231064,30.44561467324047,0,0,0,0,29.64354504779085,28.52417177139658,55.21802646567755,86.07510455673376,4,9,27.787968092145682,27.688543305556678,27.887392878734687,27.290844159200656,29.14190457696,28.653626776600014,28.55420199001101,28.75305156318902,29.15075070954504,27.85,0,0,7,-4.403111466644325,0.08310749267204373,-1.0790421360331042,4,8.009452880715424,25.79392567781131,0,1.616552178124323,29.14190457696,27.85,1,1,0,0,8,8,0,0,1372,0,,0,,-1.6648599413763499,-1.0637087328631267,0,0.8364905028330156,3.514661389717746,,,,,,0.6965727389282185,28.2233785026688,57.142857142857146,1.7221489322317134,2,27.745558660456034,17.60575341901242,23.67074342971359,26.747078255978515,,,,1394771
2026-06-26,28.48,29.025,28.48,28.73,28.604333123238995,28.07020086580087,29.34964723303198,29.53030829352699,29.63620869721302,30.425300477307538,0,0,0,0,29.617044432589722,28.52640119642111,58.6348678876824,93.94027704930394,4,10,28.537491704951744,,,28.045296267217076,29.651999781921266,28.75,28.651560912453068,28.848439087546932,29.24219543773467,27.85,0,4,3.5,-3.057775393848676,0,-0.572375908530978,4,8.19250490176656,22.57073614187623,0,1.8285419388327773,29.651999781921266,27.85,1,1,0,1,8,8,0,0,1364,0,,1,,-0.8962754993067035,-0.5575937708807885,0,1.0956581291172531,4.399259295507815,,,,,,0.8283531764444084,30.181778318301788,60.317460317460316,6.349999454597087,2,28.379669462233505,16.48386248535129,24.15014982514842,25.085268448556654,,,,1682179
2026-06-29,29.175,29.24,28.45,28.555,28.587888748825996,28.023619913419918,29.273966544171792,29.492060909467106,29.625450401718364,30.400288576741193,0,0,0,0,29.584016352053865,28.526739882209274,60.869320598894774,85.56917840281773,4,11,28.462146352904497,,,27.96983987500802,29.40474,28.68454354966717,28.586082254087874,28.783004845246463,29.176850027563646,27.85,0,0,3.5,-3.6132797550861038,0,-0.6781554574851835,4,8.058870051111414,41.944591545965494,0,1.695170766862539,29.40474,27.85,1,1,0,0,8,8,0,0,1364,0,,2,,-0.420028692552802,-0.6633867663589189,0,1.1555617047470803,1.446039772628279,,,,,,0.9218435335305634,31.716562737443482,62.698412698412696,13.611250200685818,2,27.916744760240324,15.468538396596484,24.369723199485026,23.28820969805215,,,,1861261
2026-06-30,28.43,28.695,27.78,28.06,28.411925832550665,27.97157186147186,29.158350682822096,29.435901658115455,29.609873780805742,30.368918301231012,0,0,0,0,29.47787032757515,28.513802611377855,58.367765566988986,69.45797921589768,4,12,27.85,27.750402011247797,27.949597988752206,27.352010056238985,29.14190457696,28.70442694985774,28.632202714100007,28.87,29.268391955008813,27.85,0,4.5,5.5,-5.23431404091439,0,-1.098013862925194,4,7.514752623555953,41.44067480305633,0,1.5150354047745564,29.14190457696,27.85,1,1,0,0,8,8,0,0,1364,0,,3,,-0.76473679516411,-1.083048483313808,0,0.8905187261167327,1.2657374009912992,,,,,,2.0611556900123187,33.13844969287986,64.68253968253968,27.299552022097274,3,26.031866700620853,15.083381714760142,22.37076782336236,27.38425556012206,,,,4480576
2026-07-01,28.29,29.82,28.06,29.25,28.69128388836711,28.043643506493503,29.16707918921999,29.428611397012887,29.606292947165883,30.339533531973675,0,0,0,0,29.47055261408982,28.52339692857191,46.42069677297705,61.59430498143822,4,13,28.605046081836065,28.388649817010545,28.821442346661584,27.955857287359503,29.651999781921266,29.45422158854999,29.45422158854999,29.67061785337551,30.103410383026553,28.340499610000002,0,1.5,4.5,-1.2034365389875334,0,0.22821745887681374,4,8.68443093769648,47.64921182229379,0,1.7155594613243121,29.651999781921266,28.340499610000002,1,1,0,0,10,8,0,0,1364,0,,4,,-0.10573493776269048,0.24670066277303807,1,-0.4908307241189416,-0.5536992693734865,,,,,,0.9698611634067259,34.14601410625235,66.66666666666667,13.50317929539948,2,30.083751237826657,14.695051930708717,28.40528647844608,23.40707031349366,,,,2134435
2026-07-02,29.2,30.195,28.86,30.17,29.184189258911406,28.299040692640695,29.262595456913324,29.457685459875126,29.611901972567217,30.317662618088317,0,0,0,0,29.48577737980464,28.53813261018997,70.01008777287103,46.258862217065996,4,14,30.00448695210003,29.892097614859612,30.11687628934045,29.442540265897932,31.28464362,30.35806023,,,30.920006916202098,29.67231351596357,0,6.5,0,1.8847084795492444,0.009423542397746223,1.154838530214661,4,9.1880435631866,63.2295854333332,0,2.2780749479134292,30.305,29.67231351596357,1,0,0,0,8,10,0,0,1492,0,,0,,0.5252826386812179,1.1714840210079818,2,4.01686051466148,-1.2516025923127205,,,,,,0.6679110667964583,34.77488046777524,68.25396825396825,9.257680707729945,2,31.828316547190745,14.724481300499589,28.37183631672446,20.92459354728551,,,,1478933
2026-07-06,30.4,30.4,29.64,30.02,29.46279283927427,28.66539090909091,29.334729222921577,29.47973701046826,29.615962649457096,30.301854842712554,0,0,0,0,29.496466113296023,28.55046781303301,62.13356734231521,56.790282938235485,4,15,29.901631578947402,29.790484337224154,30.01277882067065,29.345895370331164,30.955,30.136895485650008,,,30.80264919689299,28.91354660428,0,3.5,2.5,1.3642553352906472,0.014243154929036462,0.9078809277759777,4,8.595487693587717,43.585214528516275,0,1.8954468050146354,30.305,29.67231351596357,1,1,0,0,8,8,0,0,1492,0,,1,,1.0593750260206658,0.9190551193887805,3,0.6675935093016152,0.7836953850851217,,,,,,0.6238300530409683,35.02662906638411,69.04761904761905,17.63517348392134,2,29.7756428022539,14.960133243684615,28.286476927021784,19.64711413209565,,,,1387185
2026-07-07,30.53,30.77,30.21,30.47,29.798528559516182,29.12800043290044,29.44285024931,29.518570853194994,29.6244605335421,30.294535399845216,0,0,0,0,29.51627843675627,28.566915501011373,62.43335842750998,52.32637836776579,4,16,29.973872522871037,29.79,30.193681686071354,29.350381673599365,31.348202279121956,31.389907491144907,31.28000290954475,31.499812072745065,31.9394303991457,29.67231351596357,0,2,2,2.854193633333994,0.14548640024596451,1.289174338168236,4,8.626132269903236,52.33343397568053,0,2.20425008299053,30.305,29.67231351596357,1,1,0,0,16,8,0,0,1492,0,,2,,2.0497234566343563,1.2920303622266176,4,1.134381071563289,-0.29407092366242726,,,,,,0.6402989597944351,34.34568224301704,66.26984126984127,14.93846991943748,2,29.881798728563698,15.545488933811471,29.56885086017343,18.45002576230476,,,,1440271
2026-07-08,30.49,30.55,29.96,30.1,29.899019039677455,29.54717662337663,29.505435939851903,29.541371996206955,29.629192269526754,30.292903870624944,0,0,0,0,29.528154123729305,28.580204431959547,61.652571121965366,68.99610574562205,4,17,29.972634841711617,,,29.43602428428231,31.18450210884398,30.35806023,30.25073811851414,30.46538234148586,30.894670787429305,29.67231351596357,0,0,3,1.5889995454161157,0.06412814933485755,0.8054983781444132,4,8.689070839946561,36.15150213521843,0,1.2779225166973567,30.305,29.67231351596357,1,1,0,0,15,8,0,5,1492,0,0,3,,1.4494652128622159,0.8093308025532833,5,1.029234532220742,2.2037441154575306,,,,,,0.6459901829281491,33.16828654390331,63.492063492063494,10.194286117702966,2,30.099824330705243,15.70580403623083,28.11747723312396,19.624268273672353,,,,1469737
2026-07-09,29.99,31.285,29.99,31.13,30.309346026451635,29.99860432900433,29.660156326532675,29.603671133610604,29.64412567978022,30.302424500984635,0,0,0,0,29.565361945539475,28.605779604761864,78.47719208033365,60.67405612039896,4,18,31.03,30.918781253620274,31.141218746379728,30.473906268101363,32.30301855262,31.201259033479502,,,31.75735276537814,30.03865,0,5,0,5.012373568613189,0.1515732218253766,1.7687067726347905,4,9.373406021382694,61.60539513403473,0,2.2892157915062428,31.201259033479502,30.03865,1,1,1,0,13,8,0,5,1492,0,1,4,,2.0120908318584854,1.7609575012680019,6,4.453162871520934,-0.054467006850819455,,,,,,0.7453814781508747,31.316628139544576,60.714285714285715,-3.553395397405665,1,32.47043093801374,16.56645030193008,31.09486800824926,17.58409420859501,,,,1717936
2026-07-10,31.41,31.6,30.791,30.93,30.51623068430109,30.420850649350644,29.78109381924385,29.655684030331756,29.65692044913564,30.320093931953004,0,0,0,0,29.581535119507176,28.61775498098468,76.20233070677229,74.11478175036243,4,19,30.04294557338155,29.82195004439063,30.263941102372474,29.37995898640878,31.207821650915243,31.723831804995886,31.6,31.92,32.36199105798185,30.03865,0,0,3.5,4.292689637306775,0.14582253122137837,1.3977125904901009,4,9.381846224552651,45.69221634009698,0,1.757013038306811,30.305,30.03865,1,1,0,0,13,8,0,5,1500,0,2,0,,1.994872664278756,1.397023873022241,7,1.829602897571191,2.4213263961621476,,,,,,0.3872391868322821,28.14702319639178,55.15873015873016,-13.39289181272897,1,32.49966865944688,17.639021160194375,31.607503765624614,16.434625881621876,,,,887052
2026-07-13,31.07,31.54,31.02,31.41,30.81415378953406,30.83441341991342,29.936227741220627,29.724480735024628,29.67436402675618,30.347365229106856,1,0,0,0,29.610805324524552,28.63736483732571,68.72693032376755,78.70111454247171,4,20,31.03,,,30.489742521985356,32.30301855262,31.495163970969998,31.38711247536707,31.603215466572927,32.03542144898464,30.279310000000002,0,3.5,6,5.848940761388743,0.1558365550914425,1.7374863974472923,4,9.105739880331955,44.74281115542703,0,2.250508360269353,31.454064277692503,30.279310000000002,1,1,0,1,16,19,1,5,1500,0,3,0,,2.0127348102759903,1.732505368291378,8,1.0505300734132441,1.961517002497827,,,,,,0.5356785451842834,24.49413702464966,48.80952380952381,-22.34735018460949,0,31.543208226482182,18.634979814296933,30.014300352566373,15.606224428565278,,,,1217640
2026-07-14,30.93,31.24,30.87,31.15,30.92610252635604,31.18503506493506,30.051825099199615,29.78038345129817,29.68904697176358,30.381018330673633,0,0,0,0,29.63085856665022,28.651832212329452,74.95879361222705,79.81470852775138,4,21,31.03,,,30.504225198986404,31.68178280055966,31.68178280055966,31.57662784035694,31.786937760762378,32.20755760157326,30.279310000000002,0,7,0,4.920848519071322,0.14213702090418326,1.316658054391709,4,8.57191411379649,49.96133745672229,0,2.667440124281247,31.68178280055966,30.279310000000002,0,1,0,0,8,8,1,5,1500,0,4,0,,1.940262226470613,1.3151638057431416,9,2.3899286106595987,1.747144239208212,,,,,,0.45407676548558024,20.1518125964825,35.317460317460316,-32.13502682841807,0,29.69398152642453,19.29261368018817,28.638123660641206,16.1642986740733,,,,1004075
2026-07-15,31.15,32.05,30.85,31.66,31.170735017570692,31.500090909090904,30.204984613561557,29.85409390418844,29.708658444681355,30.422628453775758,0,0,0,0,29.66915567436231,28.67719070428553,79.35553826769602,63.12801821286996,3,0,31.03,30.921641822668903,31.1383581773311,30.488209113344517,31.990424929936776,33.38192008278,33.2735619054489,33.4902782601111,33.92371096943548,30.279310000000002,0,5.5,2,6.568258741646369,0.24043116243582674,1.6872720751141825,0,8.660919658915123,64.3205224481737,0,1.77268564974496,31.990424929936776,30.279310000000002,1,1,0,0,15,8,1,5,1532,0,0,0,,2.660718949820759,1.6785933023749362,10,2.2865480237208846,-0.2901173033803072,,,,,,0.6827047584470686,18.655240396508294,30.952380952380953,-37.82064440677201,0,30.002305779026205,20.63446877286581,32.48072471529771,14.565998309202103,,,,1482531
2026-07-16,31.96,32.66,31.95,32.54,31.627156678380462,31.848556277056268,30.427367031317598,29.959423555004577,29.736830997470594,30.475916047879075,0,0,0,0,29.70821079468285,28.700840149786416,87.97571654523983,35.17741663197668,2,0,30.05836389982686,,,29.510629505075336,32.45809247902782,33.755801465000005,33.6462545860497,33.86534834395031,34.30353585975153,30.79584,0,2,0,9.42658954737928,0.21056731070540535,2.3619900442517316,0,8.957836963873804,87.26605043289761,0,4.381190230512343,30.305,30.79584,1,1,0,0,11,10,1,5,1276,0,1,1,,2.3074749037480715,2.3343501216781415,11,4.020738847064597,-2.963145629537534,,,,,,0.5051287178428036,22.582810902903038,44.04761904761905,-27.224663685935525,0,31.03085749469592,22.336852214346298,34.80517602701488,13.378802858465804,,,,1083346
2026-07-17,32.64,32.91,32.19,32.42,31.891437785586977,32.17120562770562,30.617141599763542,30.055916748925966,29.763529196500738,30.53797595616,0,0,0,0,32.42,28.722012772700047,92.61713329186384,28.91462353354868,2,1,30.092770056843776,29.984619383532777,30.200920730154774,29.55201669028879,32.83297530045454,33.38192008278,33.273769409469004,33.490070756090994,33.92267344933498,30.79584,0,2,4,8.925254750406355,0.1113962454578435,1.9944699989418895,0,8.99426356672156,81.34152476238206,0,5.067384528861996,30.305,30.79584,1,1,0,0,10,10,2,5,1276,0,2,0,,1.5341597736464938,1.9786347306930037,12,4.318514577735854,-1.1974349997907843,,,,,,0.47783715738501814,24.285457929169734,49.20634920634921,-22.054676468024276,0,31.157042948454816,24.090411250949884,34.800245179678896,12.583555014218883,,,,1013115
2026-07-20,32.43,32.48,32.04,32.21,31.997625190391318,32.43118246753246,30.768842399786063,30.14039060190926,29.787872189570383,30.60526441746894,0,0,0,0,32.322205357905695,28.739233704845702,94.32995052016871,25.71353448894879,2,2,30.12576810367791,30.021413907031985,30.230122300323835,29.603997120448284,33.116030316357325,32.322205357905695,32.217851161259766,32.42655955455162,32.843976341135324,30.79584,0,2,4,8.13125487787502,0.10170951161584893,1.594551163766358,0,8.36625233563647,78.97425443121806,0,5.730986024118234,30.305,30.79584,1,1,0,0,10,10,1,5,1276,0,3,1,,1.4884258978117906,1.5829211274194397,13,3.812331646829353,-1.2080653999138589,,,,,,0.5239885711020212,25.754724225426045,53.96825396825397,-11.134063569198496,1,28.981548228528307,25.43150651937288,33.490137361168806,13.393231859478298,,,,882999
2026-07-21,31.83,31.95,31.19,31.21,31.735083460260878,32.505269264069256,30.810857409330247,30.182336068501055,29.802022715047293,30.670217880270958,0,0,0,0,31.945219695915878,28.752592609883497,95.81100055860048,52.32078266053438,2,3,30.955000000000002,30.84899253168593,31.061007468314074,30.424962658429635,32.30301855262,32.30301855262,32.19701108430593,32.40902602093408,32.83305589419037,30.279310000000002,0,0,2,4.724435312378337,0.023622176561891688,0.51826731737042,0,8.467146726006181,61.0891918490233,0,2.5432520445185287,32.30301855262,30.279310000000002,1,1,0,0,8,8,1,5,1276,0,4,0,,0.5181870235656538,0.5150479768782295,14,4.335367487109175,2.2007903377427303,,,,,,0.5977416958366158,28.22362192621674,57.53968253968254,-3.775638689720014,1,29.33105664916636,25.216092617484488,30.612986627318016,19.401813195260477,,,,972237
2026-07-22,31.645,31.645,30.84,30.95,31.47338897350725,32.40876926406926,30.824109084632127,30.212440536402973,29.813445374599063,30.730789406354642,0,0,0,0,31.73866026026037,28.76173488658715,97.39621968356013,68.20057884253991,2,4,30.93,30.82437699370836,31.03562300629164,30.4018849685418,31.92,31.64244004957341,,,32.27617808732325,30.03865,0,0,5,3.8122216708615526,0.019061108354307764,0.2387126357934695,0,8.533273280878165,67.09699171533147,0,1.874591596581665,31.92,30.03865,1,1,1,0,19,8,1,5,1276,0,5,0,,0.5933337069161853,0.23528117713989902,15,5.6620550811918955,2.658960751424196,,,,,,0.49308395692040285,29.982469509191574,58.73015873015873,1.4287616974109194,2,29.560125754701893,24.494172114619847,28.529815080616224,21.040182275394898,,,,751255
2026-07-23,30.62,30.845,29.6,29.75,30.898925982338167,32.073027272727266,30.72181298133383,30.194305613406776,29.81281407733937,30.779312429769806,0,0,0,0,31.28205320600999,28.767604007487677,60.42604463451375,79.39426531263737,4,0,29.290718137049993,,,28.74005775069595,30.760615876840003,30.132870565386842,29.912606410845225,30.35313471992846,30.793663029011693,28.715138198840002,0,0,3,-0.2106948950757269,0,-0.8896897218060832,4,9.58299362548209,19.78279886528912,0,2.145503232239832,29.82745280731585,29.82745280731585,1,1,0,0,8,8,0,5,1276,0,6,1,,-0.8451009456940051,-0.8826019851049344,0,-1.136995569263707,2.8391075038228104,,,,,,0.7333526465240489,31.18608202071532,61.507936507936506,-6.056011548667015,1,33.19646369588731,23.19043654859896,25.407326406653002,28.7902723342379,,,,1078773
2026-07-24,29.69,30.27,29.69,30.19,30.662617321558777,31.65544848484849,30.671164125968705,30.194136765822197,29.81656717109719,30.81901419380601,0,0,0,0,31.130138447835574,28.773524187133688,69.17230156137224,86.61564293316718,4,1,30.019468083496225,,,29.374803652987435,31.28464362,30.232258501677503,30.124814429926037,30.33970257342897,30.76947886043483,28.91354660428,0,3.5,0,1.2524340134795908,0.0062621700673979545,-0.3831439482465699,4,9.615057963483972,35.521912900926935,0,2.454694569743939,31.28464362,29.841670344283855,1,1,0,1,8,19,0,5,1276,0,7,2,,-0.43979862212708626,-0.3809529867773625,0,2.121235538842403,3.4506654888016772,,,,,,0.5275017981752551,31.912766516464806,63.095238095238095,-4.18755451688157,1,33.30753782094795,21.97982495157957,24.182748331184754,27.402643595858095,,,,759200
2026-07-27,30.52,31.09,30.52,30.92,30.748411547705853,31.306579220779224,30.694862780638353,30.222601990691913,29.82754660223055,30.854408210198045,0,0,0,0,31.09582960316395,28.785982814809845,84.01096736348487,44.470593256274164,2,0,30.85,30.7421947905165,30.957805209483503,30.310973952582486,31.92,31.09582960316395,,,31.634855650581464,30.03865,0,3.5,1.5,3.6625653874186046,0.018312826937093026,0.3431745064072931,0,9.785092001582695,94.35949523725787,0,1.9850617704402087,31.92,30.03865,1,1,1,0,19,10,1,5,1276,0,8,3,,-0.2754528844558706,0.3395740190539019,1,5.498025280856263,-4.54358168859345,,,,,,0.7561296772482584,32.201353498268034,63.492063492063494,-5.001097038800136,1,33.896553006954136,20.909084307210062,29.17153508357655,25.360072409692272,,,,1064913
2026-07-28,31.23,32.03,31.145,31.81,31.102274365137234,31.134833766233772,30.801066325339463,30.28485289301772,29.847272506685968,30.891116141494113,0,0,0,0,31.198546750438034,28.803935179728498,90.86792635051339,23.25501475611364,2,1,31.81,29.94964728440001,30.3542228,29.799899047978013,32.91,32.91,32.799984448336744,33.02001555166325,33.46007775831626,30.79584,1,4,0,6.575902347105143,0.03287951173552572,1.141227965316522,0,10.026312263032896,92.88604300117645,0,0.547236196716137,32.91,30.79584,0,1,0,0,8,10,1,5,1276,0,9,0,,0.45098944205470554,1.1287098057044151,2,4.573501048196631,-4.722522083149126,,,,,,0.7997281065741652,32.07664632478298,63.095238095238095,-7.6457031036461345,1,34.73216450424773,20.800144688779728,34.17241865393514,23.075518743254253,,,,1095704
2026-07-29,31.81,33.035,31.805,32.64,31.614849576758157,31.19267142857143,30.976202865783325,30.377211603095457,29.875060839952774,30.9337144032338,0,0,0,0,31.379834827339522,28.82657916230902,94.97267642496885,11.87845751887187,2,2,32.64,32.30686055916984,32.53313944083016,30.899884473358693,33.755801465000005,32.91,,,33.47569720415081,31.027589999999996,1,5,6.5,9.255007629472656,0.04627503814736328,1.791564772956851,0,9.91962933829253,96.94972430277578,0,0.6412226360359381,32.91,31.027589999999996,0,1,0,0,10,10,1,5,1276,0,10,1,,0.6398773963524242,1.7652563015903393,3,5.795319814850875,-6.6126564891570885,,,,,,0.9126406616565271,32.0233302921627,62.698412698412696,-6.807614810983977,1,34.362604012347006,21.464971023887443,38.7865040808152,20.835639869170826,,,,1095958
2026-07-30,32.23,32.23,31.18,31.8,31.67656638450544,31.295666883116876,31.05465973570872,30.433007226503477,29.89421446343583,30.976389011425734,0,0,0,0,31.422671156487965,28.842338534054782,96.30596908092797,7.057943401745353,2,3,30.21986324229407,29.98367570932377,30.3542228,29.511300643383162,32.89980879590075,32.905701873304615,32.78760810681946,33.02379563978977,33.49617070573037,30.79584,0,2,0,6.3750982281042115,0.03187549114052106,0.8463050535709755,0,9.785500488391017,92.14224841674071,0,3.782228356006757,32.89980879590075,30.79584,1,1,0,0,8,10,1,5,252,0,11,2,,-0.4263324083748054,0.8366445446644037,4,4.523073721269734,-4.596285633650893,,,,,,0.8650490710618369,31.570388653336313,61.111111111111114,-6.866427480901213,1,33.89796804676661,21.322094441834277,34.50507754673332,23.261070732426244,,,,989276
2026-07-31,31.55,31.87,31.01,31.27,31.54104425633696,31.355164502164502,31.07516833230789,30.46583047252295,29.907903871759853,31.015637500688438,0,0,0,0,31.40990783897575,28.8537974934082,96.30123573009092,15.579417540952049,2,4,31.03,30.91266293112093,31.14733706887907,30.443314655604652,32.30301855262,31.87,,,32.456685344395346,30.279310000000002,0,3.5,3.5,4.554301545439592,0.02277150772719796,0.28887758058933455,0,9.573234569936652,77.44040237163031,0,2.169848905859415,32.30301855262,30.279310000000002,1,1,0,0,8,10,2,5,252,0,12,0,,-0.6788780371306659,0.2839299031535134,5,3.9042057627441107,-1.089541463002698,,,,,,0.7946804471808452,30.353737425317867,59.12698412698413,-8.470129163802282,1,33.16265733581014,20.989739407795362,32.2470553792966,23.032446657404208,,,,885211
2026-08-03,31.71,32.23,31.545,31.79,31.62402950422464,31.43192251082251,31.143247538754757,30.517758689286755,29.92663119641896,31.05488834611452,0,0,0,0,31.445670038106226,28.870915239664757,97.24393405734077,9.450636608396126,2,5,31.79,30.678312721755148,30.91336727824485,30.208203608775747,32.90048294368927,32.48,32.36247272175515,32.59752727824485,33.06763639122425,30.79584,1,2,0,6.226456935132783,0.03113228467566392,0.7387240209490189,0,9.65361658132179,91.62954769994101,0,0.7020391182140688,32.90048294368927,30.79584,1,1,0,0,8,10,1,5,252,0,13,1,,-0.23263063941844792,0.7301873960570467,6,4.882245869449153,-4.0544850618204835,,,,,,1.00017334389282,29.807397513389954,56.74603174603175,-10.866001186046967,1,33.441108791277415,20.982680147189832,32.63015996810723,21.35265814960024,,,,1099739
2026-08-04,31.54,32.75,31.54,32.72,31.989353002816426,31.62942424242424,31.29341443982573,30.60412109362845,29.954425910882453,31.100207404400606,0,0,0,0,31.599240374050737,28.903319783007873,98.42039658021922,5.299409842372794,2,6,32.72,31.027589999999996,31.27,30.801023294647937,33.035,33.04914666788874,32.92921062380424,33.169082711973246,33.64882688831126,31.027589999999996,1,5.5,0,9.232605883836392,0.04616302941918196,1.506660990301189,0,9.932585293514157,96.7023602648268,0,0.16414998635546582,33.035,31.027589999999996,0,1,0,0,8,10,2,5,237,0,14,0,,0.9798573128001142,1.4869433793385871,7,6.906133049356159,-5.500588227608717,30.514247347999998,31.660044007999996,27.993494696,,30.514247347999998,1.4459749265527038,32.000977258367975,63.492063492063494,-6.9941395493765715,1,34.407484757755896,21.38891550149806,33.562018703299564,19.429258313713213,30.514247347999998,31.660044007999996,27.993494696,1601582