time,open,high,low,close,Sprint Line EMA,Hull Baseline HMA,MA 20 Fast,MA 50 Mid,MA 200 Slow,Weinstein MA 150,Golden Cross,Death Cross,Zone 0 Long,Zone 0 Short,AVWAP Resistance,AVWAP Support,Buy Score,Sell Score,Stage 1 Base 2 Up 3 Top 4 Down,Stage Age Bars,Long Entry,Long Entry Zone Bot,Long Entry Zone Top,Long Stop Loss,Long Target,Short Entry,Short Entry Zone Bot,Short Entry Zone Top,Short Stop Loss,Short Target,Entry At Market 0No 1L 2S 3Both,Long Rev Zone,Short Rev Zone,Ext Pct vs MA200,Exhaustion Gradient,Ext Z Self Relative,Regime 0 Hlt 1 Ext 2 Clmx 3 Dist 4 Dn 5 Ign 6 Sqz,Exp Move Pct 21b,Dir Prob Pct Above 50 Bull,Long Ignition Fresh Breakout,RR To Target,Long Target T1 Waypoint,Short Target T1 Waypoint,Long RR Valid,Short RR Valid,Long In Zone,Short In Zone,Action Long Code,Action Short Code,MTF Long Aligned 0 To 3,Bear Warning Mask,Reversal Pattern Mask,Weak Level Mask,Bear Warning Age,Reversal Pattern Age,Weak Level Age,Z Velocity,Z Elasticity,Trend Bars Up,Buy Sigma Evidence,Sell Sigma Evidence,VP POC,VP VAH,VP VAL,VP HVN Above,VP HVN Below,RVOL Vs Avg,Energy IV30 Ann Pct,Energy IV Rank Pct,Energy IV HV Spread,Energy State 3 Exp 2 Warm 1 Sqz 0 Dorm,HV20 Ann Pct,ADX 14,DMI DI Plus,DMI DI Minus,POC,VAH,VAL,Volume
2025-05-23,107.82379034,109.6211758,107.71743617,109.38042863,111.52587714528377,118.17028201614069,109.81459291371608,108.99266094829885,115.40211905918723,105.04981407204625,0,0,0,0,120.72262263152908,105.1599552888944,60.75052089740902,82.06967759350545,3,0,108.35419276208769,107.76895154700006,108.91602783,105.78566330063487,114.19196349706002,111.96948537260006,111.47366331100876,112.46530743419136,114.44859568055655,105.26208301,0,4,0,-5.2180068080888855,0,0.10164222579108308,0,13.623240576168962,26.125088075568257,0,2.7055683408169613,114.19196349706002,105.26208301,1,1,0,0,8,8,1,0,0,0,,,,0.4591994411616112,0.0969351527852126,0,-0.7342355072112987,2.378108422374825,,,,,,0.6586485973231097,92.37451569824084,89.28571428571429,95.74069475780507,3,47.19228968331709,23.78796600297087,27.27180533638347,27.771174208744114,,,,2248682
2025-05-27,110.3762904,111.73955748,109.33208583,110.54065593,111.19747007352251,116.0658210555896,109.88374177240979,109.05336663385576,115.35374629173263,105.14625039802074,0,0,0,0,120.68820585061316,105.29389809474442,68.3404226034597,66.11629931874826,2,0,109.01231212918216,108.53041064654381,109.49421361182051,106.60280471599042,115.55271152476,112.01202107480007,,,114.42152848799182,106.47215565,0,1.5,3.5,-4.172461247647911,0,0.3213635989073865,0,13.574703756861869,54.17374330797304,0,2.714413477115688,115.55271152476,106.47215565,1,1,0,0,8,8,0,0,0,0,,,,-0.3312110912273734,0.3147822325329796,1,1.0918178083659313,0.4486891530980784,,,,,,0.8232348448565278,89.97473443839434,88.4920634920635,91.33727733105572,3,47.02415320916174,22.52460639343212,29.980236621372207,26.532437124589443,,,,2832705
2025-05-28,111.44950065,111.63571713,108.77614358,109.03236044,110.47576686234834,113.92794078409784,109.8026578359898,109.05254286154769,115.29084693002385,105.21068169056605,0,0,0,0,120.66036256704274,105.35868073207482,77.83745919045754,78.37219732766863,2,1,108.91602783,,,106.55096855569695,114.19196349706002,109.05254286154769,108.57953100668708,109.52555471640831,111.41760213585074,106.11245507,0,0,5,-5.428433094799321,0.029447816637931612,0.02950059359075855,0,13.694082744854356,38.37937315328326,0,1.2431349283683808,114.19196349706002,106.11245507,1,1,0,1,8,14,0,0,0,0,,,,-1.235582533103453,0.02557364296081673,0,2.1344845739875673,3.4653972265697646,,,,,,0.5794535649621003,87.08588409333349,87.6984126984127,83.57950496098522,3,47.437694154280024,21.205591449796437,28.361984147807256,26.149684137946736,,,,2006680
2025-05-29,109.13871461,111.23679231,108.56826952,110.87905556,110.61019642823223,112.13132429141902,109.90517190494316,109.12417081050661,115.24694850843157,105.2533224768682,0,0,0,0,120.6300666075288,105.48035897381942,79.10514744740973,45.60606780163972,2,2,109.0770631543726,108.61401176423418,109.54011454451101,106.76180620368048,115.55271152476,112.04401378180006,,,114.35927073249218,106.47215565,0,1.5,0,-3.7900291547519935,0,0.38121205696579724,0,13.550149826623333,75.0443631802139,0,2.796945871796904,115.55271152476,106.47215565,1,1,0,0,8,10,0,0,0,0,,,,-0.9316783891530855,0.3732946343793396,1,1.4396822860722773,-2.1135809695929044,,,,,,0.7602627014339648,82.87775345045809,86.11111111111111,76.5644434810556,3,46.939095899764446,19.923617546678138,26.902631296114187,25.204987580408854,,,,2609976
2025-05-30,110.55032449,111.14977527,109.40943432,109.71882826,110.31307370548815,110.61230464401861,109.88742489113905,109.14749071048675,115.19194233680538,105.26918351550917,0,0,0,0,120.57134028493857,105.6375247426655,83.79868153382071,37.74185378320357,2,3,109.2259521981328,108.78043714880783,109.67146724745777,106.99837695150798,114.19196349706002,112.03941906770007,,,114.26699431432489,106.11245507,0,0,2,-4.751299410164259,0.008632123626846483,0.14710549325893787,0,13.599135654184831,71.30666278937612,0,2.229334926598602,114.19196349706002,106.11245507,1,1,0,0,8,10,1,0,0,0,,,,-1.0690569890147719,0.13917100231431012,0,2.2798545067857336,-0.6975084703398621,,,,,,1.291541698653507,76.97044522492916,84.12698412698413,63.38871969625188,3,47.10878778413909,18.733213208068292,25.964316213654335,24.325883237804014,,,,4559857
2025-06-02,111.26096372,111.51718058,107.50472783,110.49231313,110.37282018032543,109.51748201223722,109.94503329484009,109.20022884458531,115.14517985713567,105.2695776947392,0,0,0,0,120.53765010297731,105.74716715475672,91.15913774609314,22.023123360041527,2,4,109.2483720122169,108.798853995433,109.6978900290008,107.00078192829743,114.19196349706002,112.05129070670007,,,114.29888079061955,106.11245507,0,3,3.5,-4.040869737585746,0.008899574831588264,0.2905596446154386,0,13.2343864189365,93.22852002424885,0,2.1995076060409526,114.19196349706002,106.11245507,1,1,0,0,8,10,0,0,0,0,,,,-1.0711965986527061,0.28227254399105484,1,5.157252065635474,-3.1584061642357892,,,,,,0.8019316173947,69.86025512616153,80.15873015873017,52.382724162539894,3,45.84525936919509,17.719755722162432,23.895024611643553,26.170402344121683,,,,2841393
2025-06-03,110.70502147,113.86664086,109.3900972,112.12629991,110.95731342355029,109.04569058257964,110.15277297247437,109.31497672950353,115.11514125069651,105.26955908098975,0,0,0,0,120.51725990687474,105.85021107427228,95.1806452464525,12.15721014337341,2,5,112.12629991,111.62193367136503,112.53669112503512,105.73106738531963,115.50353870429655,116.51899951465006,116.06162078781502,116.97637824148511,118.80589314882529,106.11245507,1,1.5,3,-2.596392888219147,0,0.5748263740417864,0,13.261979470519242,96.463825580247,0,0.5280869430881779,115.50353870429655,115.50353870429655,0,1,1,0,5,10,0,0,0,0,,,,-0.6390807453454,0.5653530211792351,2,5.990663769374656,-4.563830178467576,,,,,,0.5883496767755018,66.86977831761938,78.57142857142857,45.5562670646201,3,45.94084450374944,16.810640090453262,26.393323605619265,23.883438807987464,,,,2065648
2025-06-04,111.59452906,112.81760201,108.11384717,108.75197218,110.2221996757002,108.69641130304417,110.0193633731911,109.29289811971907,115.05182613556521,105.25285093606671,0,0,0,0,120.46658289981346,105.93151429628739,91.57182957874056,14.552763288467649,2,6,106.06708026223554,105.60037363338871,106.53378689108236,103.7335471180014,112.8045721862,109.28776718527944,108.82106055643261,109.75447381412626,111.62130032951357,106.11245507,0,0,3.5,-5.475666199458766,0,-0.08644208708298892,0,13.600717151325057,76.31324179742057,0,2.8872492943209096,112.8045721862,106.11245507,1,1,0,0,8,10,0,0,0,0,,,,-0.8959289971783915,-0.09153298291865433,0,2.2119097946071857,-1.6790594721802146,,,,,,1.0303081985313784,64.6384078796876,77.77777777777777,37.19497940478325,3,47.114266250936886,15.633233510425923,24.018251665726872,24.175821208684077,,,,3686241
2025-06-05,109.29341159,109.69949114,107.67876193,108.51025816,109.65155250380013,108.49087162388574,109.8756390671729,109.26220635659283,114.98673590695262,105.22480613172549,0,0,0,0,120.4270844390376,105.9859396685674,93.60924585795391,16.207395679820532,2,7,105.97867347260015,105.5272608064388,106.4300861387615,103.72161014179343,112.8045721862,109.27471963183513,108.82330696567378,109.72613229799647,111.53178296264184,102.7426219145947,0,1,5,-5.632369417106842,0,-0.10680015776073176,0,13.61225479443364,83.20936496715912,0,3.0242388950425036,112.8045721862,107.50472783,1,1,0,0,8,10,0,0,0,0,,,,0.11273953672655433,-0.1137941344317852,0,3.6796238973319735,-1.5942977266453116,,,,,,0.7809465579551791,62.26101383888568,76.58730158730158,32.036953622844955,3,47.15423381906421,14.669929281029384,23.058281475946515,24.070116058482036,,,,2836579
2025-06-06,109.67048546,111.18844951,109.20639454,110.50198169,109.93502889920009,108.54299259040563,109.93529074553739,109.3108249971186,114.94211148688343,105.20338004185218,0,0,0,0,120.39458170428497,106.07878423913354,95.35828170189072,9.259017607511954,2,8,110.50198169,108.80294814066224,109.68911079478329,105.66174392351576,113.86664086,111.92294138847764,,,114.13834802378028,105.92803857,1,1.5,2,-3.8629269459610747,0,0.28366240215787386,0,13.331855226321581,93.7317357606909,0,0.6951433653318172,113.86664086,105.92803857,0,1,0,0,8,10,1,0,0,0,,,,0.21438506729104284,0.27495053907588735,1,4.244843302561294,-4.552357749043506,,,,,,0.775183250369048,62.17572242889514,76.19047619047619,34.62931254499726,3,46.1829012222833,13.928772023105292,24.81427454900159,22.77108864272462,,,,2821122
2025-06-09,111.91359157,113.78929237,110.74369571,112.2519912,110.7073496661334,108.93172514562684,110.15592888405763,109.426164848212,114.9153441208448,105.20311950187389,0,0,0,0,120.3681642234276,106.20240165457506,97.04002358158125,5.792513596262637,2,9,112.2519912,111.64038520664387,112.52195250475627,107.21742651755034,115.30739921353982,116.15138485945005,116.15138485945005,117.03295215756246,118.79608675378729,108.26966924151999,1,1.5,4,-2.3176651832013047,0,0.5896445323286038,0,13.331784562656761,95.3734916785676,0,0.6068862366970618,113.86664086,115.30739921353982,0,1,1,0,5,10,0,0,0,0,,,,0.412711380986904,0.5797434326151508,2,5.3557674456930116,-4.543308173093013,,,,,,0.7661917652024904,64.84944633131427,77.77777777777777,40.41948067874144,3,46.18265643616786,13.965419897291573,28.430238182359872,21.25480291885504,,,,2803994
2025-06-10,113.56691547,116.03239848,113.26235581,114.76581701,112.06017211408893,109.83331032835932,110.59496584843309,109.63556297220369,114.91385628889608,105.23770909526232,0,0,0,0,120.35319974396779,106.34165950472753,95.71517487905128,3.4036723775168465,2,10,109.31485141387193,108.87179867474832,109.75790415299555,107.09958771825384,113.86664086,116.09548308340005,115.65243034427644,116.53853582252367,118.31074677901816,110.82038845,0,0,6.5,-0.12882630839914058,0,1.0022026789745822,0,11.680124141860865,93.7991888668703,0,2.054739331995441,113.86664086,115.30739921353982,1,1,0,0,8,10,0,0,0,0,,,,0.5730985676228799,0.9885902873790138,3,3.3239280201264236,-5.666997035478796,,,,,,0.6522428385148831,71.21150776301778,80.15873015873017,75.99976968150274,3,40.4611369048297,14.54735477474107,30.78469691198726,19.635521901649106,,,,2314736
2025-06-11,115.62631893,117.23613431,114.33073178,116.9412432,113.68719580939262,111.23461541989528,111.19937321524898,109.92206023603883,114.93402929298666,105.31748323375038,0,0,0,0,120.34372083239917,106.51843778573168,96.82298173594873,1.9972911468050012,2,11,116.9412432,115.6164978907317,116.49119230856843,110.8319541086531,120.99552619085978,118.05471788600002,,,120.24145393059183,115.30739921353982,1,3,0,1.746405237300611,0.01332240975640374,1.3054081570769127,0,10.311667467578577,96.57772978239736,0,0.6636259849942592,120.99552619085978,115.30739921353982,0,0,0,0,8,10,0,0,0,0,,,,1.0367230685592055,1.2875649226106949,4,4.702791224470673,-6.393780344599965,,,,,,0.7753393925790464,71.43396283551483,80.15873015873017,99.97938161814538,3,35.72066392920238,15.361778611416415,31.416175543590974,18.4708479095591,,,,2414199
2025-06-12,115.74234166,117.95644209,115.10421664,117.49235117,114.95558092959509,112.869405210984,111.7987044490348,110.21893439031182,114.95948523206143,105.44165866749496,0,0,0,0,120.33572905745596,106.70052882249033,96.77929065125633,1.3053922626397374,2,12,117.49235117,115.57299306567228,116.43614190812781,111.65162127017788,120.62675264834797,118.05471788600002,,,120.21258999213885,115.30739921353982,1,5,0,2.203268336514943,0.011016341682574716,1.2789617262239281,0,10.31140638181991,95.66710306863527,0,0.5366455104255763,120.62675264834797,115.30739921353982,0,0,0,0,8,10,0,0,0,0,,,,0.8546456075538231,1.2612925438676539,5,4.078540490337364,-6.34346955212742,,,,,,0.7942791876762852,72.68050338288937,80.55555555555556,103.47422378256901,3,35.719759501604095,16.280771366392013,31.052572523987717,17.38092203294369,,,,2442456
2025-06-13,117.95644209,119.33904629,116.98968269,118.1014705,116.00421078639673,114.57011206328487,112.39896788246006,110.52805345343684,114.9907487670658,105.60996590010528,0,0,0,0,120.32787300146141,106.93382089853925,96.88655233358033,1.5609323180118033,2,13,118.1014705,115.53726985073142,116.38071812586871,113.61588958945089,120.34094269042009,120.3371174156029,119.91539327803426,120.75884155317155,122.4457381034461,115.41697063653827,1,2,5,2.705193040559749,0.02315679093552108,1.264438782956412,0,10.328117384236831,93.44544855106616,0,0.49926023743175224,120.34094269042009,115.41697063653827,0,1,0,0,8,10,1,0,0,0,,,,1.0770466058617787,1.247185941811509,6,4.191966724085839,-4.879922792431487,,,,,,0.988665302853943,72.26590692466573,80.15873015873017,101.9861861749705,3,35.777648112067126,17.4406802477875,32.435217993248884,16.51639900539285,,,,3074949
2025-06-16,118.1498133,120.247891,117.54552825,119.52274894,117.17705683759782,116.28546568286625,113.07742322127338,110.88078660977266,115.03584329614972,105.82582025916408,0,0,0,0,120.32405728726796,107.27327551108198,97.67065470880726,1.3680985951844205,2,14,119.52274894,115.50879580002561,116.34025424747452,113.8458789051278,120.1272302926544,120.1928392908589,119.77711006713444,120.60856851458335,122.27148540948116,115.41697063653827,1,2,6.5,3.9004413887757847,0.037105561127275186,1.3929779472840298,0,10.372971079173755,95.62465632484772,1,0.10648144997880195,120.1272302926544,115.41697063653827,0,1,0,0,8,10,0,0,0,0,,,,1.14082683346717,1.373316422750279,7,5.099221331415785,-5.469139177984467,,,,,,1.319376355783166,70.09759894264124,78.57142857142857,95.07847515518189,3,35.933025869143016,18.71349012110206,32.50464733061284,15.557814433452348,,,,4164309
2025-06-17,120.37358229,121.59182096,119.50341182,120.41225654,118.25545673839855,117.95153327165667,113.77597877543782,111.25456974429137,115.08933994534226,106.08962806028474,0,0,0,0,120.3246073043246,107.72620885684152,99.50575491625297,2.485971145009856,2,15,120.41225654,115.48704762704878,116.29640920575133,113.9373639103796,120.63245048356559,121.09500410613217,120.69032331678089,121.49968489548344,123.11840805288854,115.41697063653827,1,2,8.5,4.625030082877943,0.026536982753503902,1.4100678403368188,0,10.207882847792384,96.10911014402907,1,0.03400735057107803,120.63245048356559,115.41697063653827,0,1,0,0,8,10,0,0,8,0,,0,,1.0272946587129135,1.3906047366808283,8,6.6332523262965095,-4.452443823092704,,,,,,1.6999998319697627,66.2677570145631,75.7936507936508,87.40275491712265,3,35.361143460174574,20.176286982636093,33.9720736147627,14.840955731919369,,,,5513888
2025-06-18,120.41225654,122.20094029,119.42606333,120.68297624,119.06462990559903,119.50773755926407,114.43378805777708,111.62431117549563,115.14499801792591,106.39720169572506,0,0,0,0,120.32693821662795,108.17873960595111,98.86667640628744,32.372293464100494,2,16,120.68297624,115.45253804637386,116.25363945802624,114.27416494678106,121.37580269227718,121.90946289249578,121.37580269227718,122.6836711,124.28587392330473,115.41697063653827,1,2,8.5,4.809569080206097,0.08667901324281184,1.3165135323043333,0,10.13641143711795,84.08467639290025,0,0.10810529762519953,121.37580269227718,115.41697063653827,0,1,0,0,8,10,0,0,8,0,,0,,1.5010493427342508,1.2984178818441425,9,5.51815692055248,-0.5422864561562211,,,,,,1.706901157559051,60.255060125288175,72.22222222222223,71.60054817814029,3,35.11355923102109,21.659670111790756,33.228534985324224,13.922982374821892,,,,5788636
2025-06-20,121.1857414,122.11875752,119.83214289,120.644302,119.59118727039936,120.81637391914455,115.02526557608402,111.97803630586836,115.19971746053362,106.74229166000747,0,0,0,0,120.32993865221036,108.78647345219638,99.58451633458229,69.30988793162875,2,17,115.79633463385005,115.40397849067216,116.18869077702794,113.83455391796062,122.34466150261751,122.2990339577314,121.9066778145535,122.69139010090929,124.26081467362083,115.62196402334068,0,4,8.5,4.726213448684578,0.08823327261075048,1.1797137071955608,0,5.686616262370703,80.80045275461357,0,3.3379504731233838,122.34466150261751,115.62196402334068,1,1,0,0,8,8,1,0,8,0,,0,,1.5168176429386206,1.1646711671177967,10,6.865758230067988,1.5261960783516204,,,,,,2.45827086902223,56.65124063753978,71.03174603174604,187.58410558174654,3,19.69901657914697,23.037097303148663,31.499492389712362,13.198501756141214,,,,8494407
2025-06-23,121.30176413,121.30176413,116.43847804,117.01859169,118.73365541026624,121.4024075746225,115.21510615836173,112.17570514446176,115.21781571157308,107.09753111126254,0,0,0,0,120.31342524350825,108.99387293775162,96.25376473272118,30.597311513477077,2,18,115.74642859135005,115.33867568973845,116.15418149296165,113.70766408329202,121.23604126434,118.7709787142623,,,120.80974322232034,115.62196402334068,0,0,3,1.5629318845401732,0.007814659422700867,0.4465757844840699,0,6.692121627288693,77.43584959234427,0,2.6926173431471554,121.23604126434,115.62196402334068,1,1,0,0,8,10,0,0,8,0,,1,,0.8003174167782323,0.44075444256490603,11,3.0826518524027238,-1.5849745974320688,,,,,,1.286161021236089,55.661757776287445,69.84126984126983,140.1056991004459,3,23.182189337789058,22.736796496475105,28.14506580966241,19.22408721647977,,,,4503077
2025-06-24,116.64151782,117.91776784,114.85283406,115.50062764,117.65597948684416,121.232140452,115.24229868042252,112.30609426193385,115.22062976061216,107.4486183299815,0,0,0,0,120.2912947907319,109.14226264906205,96.54987461334622,44.5818019593783,2,19,112.3160346442394,111.91004146970718,112.72202781877161,110.28606877157836,115.62196402334068,115.70167974555007,115.29568657101785,116.10767292008228,117.7316456182111,111.9714944471,0,0,3.5,0.24301019701904628,0.0012150509850952316,0.15043016276497675,0,6.891076872544465,68.84821372802136,0,1.6285640185505268,115.62196402334068,115.62196402334068,1,1,0,1,8,10,0,0,8,0,,2,,0.3946547725053943,0.14877700526651033,12,4.1259273640991765,0.9014194313218268,,,,,,1.1595621914689143,53.92783185350295,68.65079365079364,125.90988907323283,3,23.871390524219706,21.83694480945684,26.24798160023858,21.41544714986492,,,,4171302
2025-06-25,115.25891362,116.97991744,114.5724458,115.66499317,116.99231738122944,120.54820445695972,115.28255529847752,112.43781578774036,115.22505128707373,107.79264659429616,0,0,0,0,120.27672042538012,109.2429205578751,96.30027695415635,47.15444793950257,2,20,115.66499317,112.03334227175775,112.830320160889,110.43938649349526,,115.67374529485005,115.27525635028442,116.07223423941568,117.66619001767816,110.82038845,1,2,5,0.3818109673305314,0.001909054836652657,0.17294922960368875,0,6.842318364174772,69.91174365296172,0,0,,115.62196402334068,0,1,0,1,8,10,0,0,8,0,,3,,0.11111531963503654,0.17257255685822925,13,3.8151098277075066,0.42544486450782526,,,,,,0.7965651823702482,52.39248751508862,67.85714285714286,121.04216115350785,3,23.702486096624543,20.893268138985206,24.832113513441463,20.888495452711144,,,,2866850
2025-06-26,116.02272992,116.88323184,114.92051399,116.18709546,116.72391007415295,119.64662413524029,115.36870198052728,112.58484636312309,115.23462386590882,108.13024707238118,0,0,0,0,120.2629868373159,109.35567539066966,95.82223249370182,39.693874139843786,2,21,116.18709546,115.26439941280698,116.03949884289314,111.82011626965539,119.59255087524,117.61299602180003,,,119.55074459701541,115.62196402334068,1,3.5,0,0.8265498355767703,0.0041327491778838515,0.2544344026266279,0,6.633681111775363,74.46862843971549,0,0.7798194740129427,119.59255087524,115.62196402334068,0,0,0,0,8,10,0,0,8,0,,4,,-0.08014416739975487,0.25438152480697324,14,3.585836068923631,-0.5507611048156857,,,,,,0.8396157108175313,50.57618435144106,67.46031746031746,120.0902723380521,3,22.979745453609848,20.016996944975833,23.709252217148528,19.943957120565376,,,,3066272
2025-06-27,115.67466173,116.33212387,114.08901776,115.29758786,116.24846933610196,118.64398809915672,115.36192920714373,112.69122838260846,115.23525037331271,108.45411831072805,0,0,0,0,120.20848922782646,109.65826709662929,99.74855994035096,39.82846486516403,2,22,112.5923082823055,112.21241295664049,112.9722036079705,110.69283165398049,115.60924338948418,115.62650505120006,,,117.52598167952506,110.82038845,0,3,5.5,0.05409584869676336,0.0002704792434838168,0.08657587600834697,0,6.556150444721979,89.28519950430349,0,1.5882980933748443,115.60924338948418,115.60924338948418,1,1,0,0,8,10,1,0,8,0,,5,,-0.24239629089631584,0.08825378035568437,0,7.537604357654249,-0.11015673056546349,,,,,,2.5154904612551006,47.730210218371774,65.87301587301587,110.16181637685835,3,22.71117134464751,18.85318363849258,22.459322186640357,20.846771854984098,,,,10132728
2025-06-30,114.58211436,116.18709546,114.26305185,115.34593066,115.94762311073464,117.65558744871171,115.36040553598718,112.79533435427086,115.23635166969765,108.76423429882539,0,0,0,0,120.19765986330182,109.7165677118642,97.04704403451808,39.798226785359404,2,23,115.34593066,112.26103808862239,113.00091590075023,110.78128246436667,115.60924338948418,115.60642971750006,,,117.4561242478197,110.82038845,1,1,3.5,0.09509064519538538,0.0004754532259769269,0.0967529427736672,0,6.42740352392522,73.60403736362788,0,0.057685218706685165,115.60924338948418,110.82038845,0,1,0,0,8,10,0,0,8,0,,6,,-0.30239055356578187,0.09878697446635129,0,3.9087702212282736,-0.10977734995289001,,,,,,0.5279486647408574,43.65861375369171,62.301587301587304,96.08471997527782,3,22.265178928371444,17.77249985390099,21.41637209624786,19.878704234337892,,,,2060675
2025-07-01,115.32659354,120.30106809,114.93018255,119.06832658,116.98785760048976,117.12950096277837,115.71354087351222,113.04133404939749,115.27448077328275,109.08400140276447,0,0,0,0,120.19433575065715,109.841930035258,96.36900324634138,21.060372315709024,2,24,119.06832658,117.33199425300003,118.33778934941765,112.80482204133592,122.20094029,122.56990029282724,122.17843125916073,122.96136932649375,124.52724546115977,115.60924338948418,1,5,0,3.291141093212853,0.016455705466064268,0.7324586896864651,0,7.054469701202413,90.78317276250928,0,0.5001375333349954,122.20094029,115.60924338948418,0,1,0,0,8,10,0,0,8,0,,7,,-0.037732618297642365,0.7294944453479152,1,3.6938790490745133,-4.545358903110126,,,,,,0.7008079794346362,40.11868395645741,60.317460317460316,64.16920025786081,3,24.437399885875628,18.18345377378513,28.17599223176059,17.44359452248971,,,,2731525
2025-07-02,120.41225654,122.3459687,118.88462393,122.26862022,118.74811180699318,117.312805574858,116.33783414460629,113.40318840902896,115.34407420061326,109.43157710415468,0,0,0,0,120.19908241927972,109.97039307316442,97.54206532262575,13.496107624582917,2,25,122.26862022,120.24989017614895,121.03871382385104,115.95803103838337,123.82528618668066,123.4706358537558,,,125.40293348208482,115.60924338948418,1,7,0,6.0033825468512205,0.030016912734256104,1.208557507172122,0,7.340707830612285,91.48108754716128,0,0.24667521872844694,,115.60924338948418,0,1,0,0,8,10,0,0,40,0,,0,,0.22143765645573854,1.1997947711409334,2,5.348771507782473,-3.244912864826963,,,,,,0.5456462090867982,34.74970299925043,54.36507936507937,36.65405873539146,3,25.428957852278376,19.106823054909086,30.597392529185143,16.076769584442765,,,,2128468
2025-07-03,121.86254066,124.18299526,121.15673572,123.07111077,120.18911146132879,118.08607572400217,116.97909858511997,113.78232261926311,115.42096013662706,109.80947398055075,0,0,0,0,120.20306274886558,110.05201662757919,98.4985120283602,7.075163160392664,2,26,123.07111077,122.29041137481688,123.07693082518311,118.01065791853513,140.05823114,124.2746890253271,,,126.24098765124265,115.90186563970049,1,6,5.5,6.62804279596812,0.0331402139798406,1.2259916791375374,0,6.358939563594178,97.28903186845888,0,3.356837988339849,124.2746890253271,115.90186563970049,1,1,1,0,2,10,1,0,40,0,,1,,0.28110030352536186,1.2159640523162576,3,6.5021315140857725,-6.257226787580449,,,,,,0.3414023759950803,30.485921796914273,51.98412698412698,38.39615064680634,3,22.02801281280996,20.395049775078398,32.66588657861955,14.972163414076595,,,,1290860
2025-07-07,122.22994597,124.14432102,121.0890558,122.21060885,120.8629439242192,119.11422629693377,117.47733765796569,114.11284364791946,115.48851883029246,110.2106279267781,0,0,0,0,120.2075595093557,110.17350098584159,98.80740804725446,4.633347338848068,2,27,122.20094029,121.80849139143712,122.5933891885629,120.23869579718557,124.19056457881753,124.19056457881753,,,126.15280907163196,115.90186563970049,0,3.5,1.5,5.820569947377612,0.02910284973688806,0.9634242118911076,0,6.442925384013836,94.6364229486076,0,1.0139533050562004,124.19056457881753,115.90186563970049,1,1,1,0,1,10,0,0,40,0,,2,,0.18890566222175237,0.9554473669048287,4,5.853248254537976,-4.624547387612064,,,,,,0.5585311407807313,25.05142829200403,36.111111111111114,12.242871102153334,2,22.318948228974364,21.557350168433327,30.39527823796335,14.085425168620787,,,,2091014
2025-07-08,122.43298575,126.24239872,122.43298575,125.69129075,122.47239286614612,120.57535762549483,118.2596189048261,114.56690039702066,115.59003894889652,110.65518377077602,0,0,0,0,120.22991652193113,110.45178330012666,98.52221811686789,2.9036404576363086,2,28,125.69129075,122.2832561417809,123.0840860582191,119.28465141849425,,140.05823114,,,142.06030593109554,115.90186563970049,1,4.5,0,8.738860106768659,0.044361146165510595,1.4468567626287785,0,6.710571904302015,94.38836239879672,0,0,,115.90186563970049,0,1,0,0,8,10,0,0,40,0,,3,,1.0053347650533384,1.428770265267156,5,4.920509730537146,-5.470668345605806,,,,,,1.0073049460756625,19.605956707542376,17.46031746031746,-15.659167771058154,1,23.246102972190645,23.10526777479517,32.341036393552024,12.819116632585668,,,,3821506
2025-07-09,125.69129075,127.83771125,125.36720059,126.18438735,123.70972436076408,122.24465432399006,119.01435875674743,115.0224881206669,115.69545535089755,111.14331575182888,0,0,0,0,120.2499269846263,110.68171591231075,98.3666064051123,2.0305223123351204,2,29,126.18438735,122.28979907933225,123.07754312066774,120.71431099666128,,140.05823114,,,142.02759124333872,116.3752592875,1,2,0,9.065984456597825,0.07559587085662833,1.380059220051852,0,6.642494193599512,94.23388935833138,0,0,,116.3752592875,0,1,0,0,8,10,0,0,40,0,,4,,1.2421275885891137,1.3609795705259535,6,4.900611200750331,-5.489798577685726,,,,,,0.8292066474919005,15.379342638105259,10.317460317460318,-33.16315112006171,0,23.01027486459122,24.859715221677607,34.14619983805105,12.101203864542395,,,,3160624
2025-07-10,126.35842145,130.19684009,125.51812682,129.93578895,125.78507922384271,124.31816550741387,120.05449496562862,115.60732344730742,115.83715021258016,111.69463405636019,0,0,0,0,120.27777520780505,110.92017074168531,98.44711600931961,1.2170186979514643,2,30,129.93578895,122.27615856946923,123.09118363053076,121.66477777662189,,140.05823114,,,142.0957937926538,117.83320091062,1,2,0,12.171085624556992,0.14077833819988506,1.8428307375069868,0,6.861424374935613,96.2963590967853,0,0,,117.83320091062,0,1,0,0,10,10,0,0,40,0,,5,,1.6393832806168007,1.8131672968110573,7,5.164614193776559,-6.904891042808503,,,,,,0.7077859051695851,18.936901397333667,17.46031746031746,-20.32831288422828,0,23.768671259360012,26.90279487571748,35.81469817491845,10.860706008162113,,,,2711868
2025-07-11,128.68854461,129.11396128,127.07389495,127.34461465,126.30492436589515,126.21233451433291,120.7487920784259,116.06760937682478,115.95165234628583,112.28587899657848,1,0,0,0,120.29034007027155,111.04522572261203,98.02829995583357,1.4954782060914362,2,31,122.98100852116278,122.20094029,123.07111077,120.58511181945717,128.8453778168413,140.05823114,,,142.07801672817854,117.83320091062,0,0,0,9.825614446346535,0.08217073518267803,1.2315731920953086,0,7.205238692989506,92.08276086105283,0,2.44767201002604,128.8453778168413,117.83320091062,1,1,0,0,8,10,2,0,40,0,,6,,1.2643413036075628,1.2146254418918316,8,4.505953835675783,-4.912093076386839,,,,,,0.4427199079891959,19.262377297133252,18.253968253968253,-22.826021512982116,0,24.95967899383799,28.799940268754504,33.549211290300235,10.17370351273367,,,,1680021
2025-07-14,126.37775857,126.99499949,124.19266382,124.73410323,125.78131732059677,127.46698891313333,121.12834552143295,116.40747188087086,116.03903991726806,112.89458992051019,0,0,0,0,120.29941330910323,111.16411871046962,96.93150178772103,16.053388059820016,2,32,122.98100852116278,122.20094029,123.07111077,120.58795846628166,129.30105618259924,125.63443516,,,127.65066243964792,117.83320091062,0,0,1.5,7.4932223835454295,0.04603396091511908,0.691853612393326,0,7.623852963019515,72.69642014908206,0,2.641001030691118,129.30105618259924,117.83320091062,1,1,0,0,8,10,1,0,40,0,,7,,1.0685427919791355,0.6839482230744817,9,3.741116583015369,-0.6511398752531977,,,,,,0.5128843278064729,19.249471846512147,18.253968253968253,-27.112394439856775,0,26.409801362768654,29.075309923271703,31.20781867691276,15.843240869918256,,,,1933220
2025-07-15,125.45924529,125.75897067,123.902607,124.01862973,125.19375479039785,128.04435058122988,121.40361068415362,116.70594865926807,116.11843882087733,113.51143016007975,0,0,0,0,120.3072341257262,111.27832020790088,96.5657453842162,27.907489926204757,2,33,122.98100852116278,122.58999163646031,123.37202540586524,121.02592409765042,129.62008336691343,125.63443516,,,127.58951958351236,117.83320091062,0,0,3,6.803562801347505,0.03401781400673753,0.5113308210427512,0,7.668976670330666,70.41657165070636,0,3.3957995705491753,129.62008336691343,117.83320091062,1,1,0,0,8,10,1,0,40,0,,8,,0.9739603803424713,0.5084699850958123,10,3.868567035446799,-0.11387832393448127,,,,,,0.5370172346564515,19.224942906983998,18.253968253968253,-27.633591549158957,0,26.566114470146218,29.193742333887133,29.884961552910994,15.833989927471213,,,,1995192
2025-07-16,123.2838191,124.27968087,119.46473758,119.57109175,123.31953377693189,127.5535564367697,121.22908507137709,116.81830721184579,116.15279357639099,114.10538641575604,0,0,0,0,120.30457607158728,111.4033718526538,92.11273797282705,39.016426382079594,2,34,117.10295939860004,116.69688172628703,117.50903707091304,115.07257103703499,123.387361435,120.30457607158728,,,122.33496443315232,116.35060089500635,0,0,5,2.9429323810114543,0.014714661905057273,-0.24119235860655866,0,8.518789736024862,55.30442088602281,0,3.095172409063596,123.387361435,116.35060089500635,1,1,0,0,8,10,1,0,40,0,,0,,0.03317631909458649,-0.23651141592773017,0,2.1741263580029635,0.4466860320344757,,,,,,0.9345963194778489,19.1910077186871,18.253968253968253,-34.967678415934046,0,29.50995328358265,27.50425506950928,26.72110529478877,23.91537794721115,,,,3438405
2025-07-17,119.36805197,121.31143269,118.92329817,121.03104443,122.55670399462126,126.5621861579294,121.2102240579126,116.98351259294988,116.20133338587964,114.68333540308198,0,0,0,0,120.30656111000879,111.51229201008337,93.39923520622929,51.51825269195393,2,35,121.03104443,116.7414768434982,117.53826635136524,115.14789782776417,129.6468999967687,123.45678774539618,123.05839299146267,123.8551824993297,125.44876151506374,117.83320091062,1,2,0,4.156330141309073,0.17078165070654536,0.019983312298976014,3,8.574688246713722,61.245064502961675,0,1.46449785281474,129.6468999967687,117.83320091062,1,1,0,0,8,8,1,0,40,0,,1,,-0.15621067560569732,0.023628505489838268,0,3.4002241760893064,0.868314314338649,,,,,,0.738337528617831,19.149013828188544,18.253968253968253,-35.533001490417725,0,29.703591404743722,25.749289148687165,25.29095535876912,23.8488341440292,,,,2609129
2025-07-18,122.25895166,123.09044789,121.14706716,121.72718081,122.28019626641417,125.43062090962465,121.25945803430187,117.16953879754008,116.25631694233854,115.24640565789086,0,0,0,0,120.31138984701082,111.65452913533565,94.78663037755126,53.66100634812909,2,36,121.07616438444444,120.68783886775618,121.4644899011327,119.13453680100315,129.7016770143259,122.6836711,,,124.62529868344129,117.83320091062,0,3.5,5,4.70586374276326,0.1735293187138163,0.13479891895363408,3,8.590257613182526,67.47984644216463,0,4.442413521234504,129.7016770143259,117.83320091062,1,1,0,0,8,8,1,0,40,0,,2,,-0.16722941846648373,0.13596606681077095,1,3.859128164302362,0.410935377616389,,,,,,0.9558310352411442,19.143251538817296,18.253968253968253,-35.669208498822904,0,29.757525272274975,24.67680584164455,28.183807250611196,22.71957233728061,,,,3256700
2025-07-21,122.1235918,123.52553312,121.45646111,121.87220922,122.1442005842761,124.3332689725407,121.31781529008265,117.35395724547969,116.3121964674894,115.7940699095486,0,0,0,0,120.31546054481332,111.76282174120828,87.91401948168595,59.289659729640775,2,37,121.07616438444444,120.69710254743035,121.45522622145853,119.18085519937395,129.7659859555865,122.6836711,,,124.57898028507049,118.80992417338,0,0,6.5,4.780249123800778,0.17390124561900389,0.1504759426917139,3,8.590195837593686,47.12784609926247,0,4.584909754879324,129.7659859555865,118.80992417338,1,1,0,0,8,8,1,0,40,0,,3,,-0.05906665307696896,0.15063425827880958,2,1.4969373861179012,0.9206006732441481,,,,,,0.8061718925079473,19.134022629076668,17.857142857142858,-35.69975979341387,0,29.7573112753579,23.81307582946172,27.835065533190686,21.612317280848607,,,,2505373
2025-07-22,121.82386642,123.34183047,121.63532948,121.97856339,122.08898818618407,123.36676447329307,121.38074368055096,117.53531434918636,116.3685782279124,116.32725407384964,0,0,0,0,120.3193039247677,111.858086067559,91.09636142408394,57.4772986896251,2,38,121.97856339,120.7089417769492,121.44338699193968,118.69754862003813,129.80176104824588,122.6836711,,,124.51978413747617,118.92329817,1,0,5,4.820876260170711,0.17410438130085354,0.15896112781608002,3,7.9480902281249675,64.3233367728399,0,2.3843835540968286,129.80176104824588,118.92329817,1,1,0,0,8,8,1,0,40,0,,4,,-0.41051757201673794,0.15862872647237147,3,3.29607981477594,0.40343283186895007,,,,,,0.7432350202860502,19.122760269499757,17.46031746031746,-30.546015002594295,0,27.5329921965083,23.01104081814909,26.680146975044682,20.715589867635636,,,,2225129
2025-07-23,122.48132855,123.81558995,121.97372911,123.61255017,122.59684218078938,122.69517661103032,121.59329667954611,117.77363732255161,116.44065755071924,116.8564671122314,0,0,0,0,120.32708900790594,111.9694137297356,93.34586977295639,44.976012215582664,2,39,123.61255017,120.5958359736119,121.31071118824589,119.11422825146397,129.7935121057622,127.34461465,126.987177042683,127.70205225731699,129.131802686585,120.47803581418,1,2,0,6.159268394853262,0.1807963419742663,0.4068103300511206,3,7.856670896055381,72.59096646376824,0,1.3740594932284822,129.7935121057622,120.47803581418,1,1,0,0,8,10,1,0,40,0,,5,,-0.2864754754893713,0.4040523432075854,4,3.6632934085515023,-0.5360531252687896,,,,,,0.7869126335654874,19.103976381924582,17.063492063492063,-29.80687333973659,0,27.21630634063123,22.42554980980966,26.636054116932492,19.76249561292131,,,,2281539
2025-07-24,122.52967136,122.88740811,118.49788149,120.1995482,121.79774418719292,121.9078033383091,121.46055872911315,117.86877108245154,116.478059447727,117.35852126591125,0,0,0,0,120.32662708065712,112.08755160786274,93.43696545453454,69.60830555127428,2,40,117.56189602378689,117.04160786460002,118.3170420923756,115.53131572742258,123.387361435,120.32662708065712,,,122.21449225212892,116.56144716618257,0,3,6,3.195012665834391,0.16621595328554586,-0.1694222478875047,3,8.460480893737866,37.90900988801829,0,2.868867299482537,123.387361435,118.92329817,1,1,0,0,15,8,1,1,552,0,0,0,,-1.0019271196509913,-0.16774274894567964,0,3.1210477025419667,3.826690105233469,,,,,,1.1967690927580836,18.309943168575145,15.079365079365079,-37.52571071315782,0,29.307965528839453,21.14106313447915,23.414477963430663,25.59169293418178,,,,3508238
2025-07-25,121.64016376,122.58768272,118.67191559,120.82800465,121.47449767479527,121.22709480034071,121.40031548348333,117.98481945764952,116.52134248456554,117.83785595636378,0,0,0,0,120.32851775651329,112.21673831251935,95.3201819405163,57.32532596346573,2,41,117.56285381872867,116.93148462700005,118.33398529545391,115.38922167354957,129.30861832113104,121.93973420777778,121.72718081,122.6836711,124.22593405345047,118.92329817,0,2,5.5,3.6960286189673126,0.16848014309483655,-0.047016141539688305,3,8.46305622062902,74.57983845595807,0,5.403749907017759,129.30861832113104,118.92329817,1,1,0,0,8,8,1,1,552,0,1,1,,-0.6825405658901084,-0.0449513635355906,0,4.291200957090831,-0.1652798356391143,,,,,,1.2380977593927167,17.3652664479663,13.88888888888889,-40.76701727536353,0,29.31688672288261,19.948325507386535,21.291307430847255,23.271097599891583,,,,3666550
2025-07-28,121.39844974,123.58837877,121.39361546,123.4578532,122.13561618319684,120.99858610825932,121.59627145648491,118.19944823185935,116.59036249168429,118.31096822205382,0,0,0,0,120.33715301958833,112.3373473271367,96.298705705185,41.121193197865665,2,42,123.4578532,121.03104443,122.33782688862583,118.33224325216341,123.81558995,125.63443516,125.25176363402042,126.01710668597957,127.54779278989787,118.80992417338,1,3.5,0,5.890273056493441,0.1794513652824672,0.3788820568526757,3,8.61518570833013,79.63705611067849,0,0.06979398620665499,123.81558995,118.80992417338,0,1,0,0,8,10,1,1,552,0,2,2,,-0.1393097519842661,0.3806902433519627,1,4.327886664915028,-1.0307208488616606,,,,,,1.0390640141792908,16.258329236079273,10.317460317460318,-45.52206372087972,0,29.843878726938105,18.60173510051004,22.254872324142266,21.77230809361586,,,,2690475
2025-07-29,123.13879069,124.25937689,121.89638062,124.15398958,122.80840731546456,121.19886888102292,121.83986365872444,118.43295965727663,116.6656224627123,118.7827945236388,0,0,0,0,120.34650861764499,112.4491739783395,97.7237957196698,33.09976569322742,2,43,124.15398958,123.4391539234654,124.19202597653461,118.88489240772316,128.41368202846985,125.63443516,,,127.51661529267302,120.47803581418,1,5,0,6.418657835285681,0.18209328917642842,0.4556914546326757,3,8.611834879505786,86.20823692633878,0,0.8084292828915853,128.41368202846985,120.47803581418,1,1,1,0,14,10,1,1,552,0,3,3,,0.010512074660790054,0.4577974146365055,2,5.903775338271132,-1.0192514737719125,,,,,,0.9192884313125309,14.946112576217384,7.142857142857143,-49.89951479589465,0,29.832271115395635,17.611888543161754,22.59906929553539,20.552031435223675,,,,2395738
2025-07-30,123.00343084,123.35633331,119.66777735,120.27689669,121.96457044030971,121.32676510650387,121.69100966170306,118.50527091346186,116.70155553960075,119.23015687272401,0,0,0,0,120.34628189206357,112.54669710453986,97.29249543996467,53.088025098016814,2,44,117.83887832990033,117.05967191937177,118.49788149,115.50125909831466,123.81558995,120.34628189206357,,,122.29429791838496,118.10615316921907,0,0,4,3.0636619485213465,0.16531830974260672,-0.19551057133835714,3,8.770931947440781,63.94241842768791,0,2.556751561307755,123.81558995,118.49788149,1,0,0,0,15,8,1,1,552,0,0,4,,0.0767011920034856,-0.18712914638997824,0,4.1325824970264105,1.4313284980058336,,,,,,1.214738470262407,13.424930811543511,3.1746031746031744,-55.814915311489024,0,30.38339952539294,16.887015803042,20.275638052580206,23.546368055389348,,,,3193780
2025-07-31,120.21888532,120.88601602,118.89429249,119.4840747,121.13773852687314,121.21141833944675,121.4808253796361,118.54365537567904,116.72924229741567,119.6491060669388,0,0,0,0,120.34284340794136,112.65134734277383,90.56190431510694,75.04125151352957,4,0,118.28132141804733,117.9017637673555,118.66087906873915,116.38353316458819,123.387361435,121.93973420777778,121.72718081,122.6836711,124.20190170276732,118.49788149,0,3,2.5,2.360019090645051,0.16180009545322524,-0.29540505291721225,4,8.353264192969924,30.795106846035758,0,2.690521457093954,123.387361435,118.49788149,1,1,0,0,8,8,1,1,552,0,1,5,,-0.16823737026657257,-0.2855656519002478,0,2.6343068595655357,4.452270348431251,,,,,,1.4439654427359832,13.880701662848246,3.1746031746031744,-52.03056759337926,0,28.93655598253948,16.48983121864769,19.32567260028049,24.262677239875394,,,,3926259
2025-08-01,117.84041936,118.32868168,115.22023937,115.63598749,119.3038215145821,120.45682441860822,120.9241741520517,118.42962918408378,116.71836414012795,120.01751813101507,0,0,0,0,120.33252745456693,112.67594079054095,60.708259990422846,84.26591561940725,4,1,115.43270083435009,,,113.48011909319159,118.94220522,118.22432827059191,117.8286237134,118.94220522,120.5042706129268,111.62419261588,0,0,1.5,-0.927340490163551,0,-0.874809873556855,4,8.878052620765306,18.61594242894417,0,2.8948695465485765,116.68590919864835,116.68590919864835,1,1,0,0,8,8,0,1,552,0,2,6,,-0.6572811582923723,-0.8617834608364519,0,-0.6358999356384247,3.372813705154037,,,,,,0.7827571567097206,14.696708183391902,6.746031746031746,-52.21278365687782,0,30.754476422871065,17.235513347892155,17.441686043987502,30.29757301631349,,,,2162494
2025-08-04,116.29344963,117.97577921,115.63598749,117.4343398,118.68066094305473,119.52589059703465,120.59180897566583,118.3905982278452,116.72548827604707,120.34778215384004,0,0,0,0,120.326365721688,112.71375417406146,45.87441519225493,89.05994993837339,4,2,115.38289797995009,,,113.46533137566007,121.23604126434,118.21683923777093,117.83332591691293,118.60035255862893,120.13440584206094,115.80165262911616,0,3.5,0,0.6072808385059388,0.0030364041925296944,-0.49351849557309346,4,9.05581284772075,18.358235176454254,0,1.2595059818268963,116.68590919864835,116.68590919864835,1,1,0,0,10,8,0,1,552,0,3,7,,-0.4768121515348794,-0.4905967479656554,0,-0.6242977116012196,3.454581587252631,,,,,,0.7607837623658824,15.382435160227386,8.73015873015873,-50.96490381432457,0,31.370255912174677,17.927932467904874,16.49159070251268,28.647183087943265,,,,2102215
2025-08-05,118.43987013,118.57522998,115.82935871,118.02412201,118.46181463203649,118.69312322169351,120.34726735988814,118.37622661145912,116.73841000474312,120.64462271662684,0,0,0,0,120.32284887232358,112.74394833196409,66.17772695810027,91.44124886401524,4,3,115.35495289575009,114.59368045576379,115.35495289575009,113.0711355757912,121.23604126434,118.2916618298156,117.91102560982245,118.67229804980875,120.19484292978133,115.32468780337477,0,5.5,0,1.1013615871628235,0.005506807935814118,-0.3419246398889615,4,8.529071523525017,40.035720122730055,0,1.558955175886436,116.68590919864835,116.68590919864835,1,1,0,1,8,19,0,1,680,0,4,0,,-0.425817391402679,-0.3478247598111913,0,2.9144425939148477,3.4473323812146774,,,,,,0.5713266101916622,14.011444551499064,3.1746031746031744,-52.576835232118256,0,29.54557044026844,18.27874743318682,16.83550014945775,26.802023380987237,,,,1512750
2025-08-06,118.82661256,119.19401787,115.32659354,115.86803295,117.59722073802433,117.79564429451298,119.92067360656546,118.27786607571562,116.72974953653672,120.8963266176434,0,0,0,0,120.31350826562247,112.76819165720663,38.42280734450935,89.41398200026538,4,4,115.3119470026001,,,113.37205453789979,119.59255087524,118.30873294302567,117.92075445008561,118.69671143596574,120.248625407726,115.22023937,0,0,3,-0.7382150565370621,0,-0.6492510601914278,4,8.626344424960788,15.15442384709472,0,1.592095247147006,116.68590919864835,116.68590919864835,1,1,0,0,10,8,0,1,680,0,5,1,,-0.823577201509952,-0.6577788291737444,0,-2.3934972543548847,2.40079021016088,,,,,,0.8022070701014093,13.697526300747803,2.7777777777777777,-54.16209864003505,0,29.88253365524123,18.30107107299156,16.761139577734934,24.416609553678423,,,,2080758
2025-08-07,117.50201973,118.28923395,115.12355377,115.34593066,116.84679071201622,116.91995185736364,119.48498380213066,118.16288821627579,116.71598019448162,121.10288725069717,0,0,0,0,120.3055740136856,112.78336407435103,40.24212843832419,90.99522410135728,4,5,115.2614387538501,,,113.31878502859266,118.94220522,118.37183234155162,117.98330159650014,118.7603630866031,120.31448606680907,115.22023937,0,0,5,-1.1738320084351224,0,-0.6686645821907089,4,7.8732354807736575,22.757711901214826,0,1.6223132978235575,116.68590919864835,116.68590919864835,1,1,0,0,10,8,0,1,744,0,6,0,,-0.5287577434824332,-0.6761848293701339,0,0.012998211870499432,3.184506357098569,,,,,,0.625622899927886,8.08931102016028,0.3968253968253968,-70.34023746366333,0,27.2736877453079,18.39200151118177,15.541792992847709,23.10693199063334,,,,1587566
2025-08-08,115.70366742,116.83488903,114.93501683,115.18156513,116.2917155180108,116.03254204559134,119.07513440478488,118.04597358544144,116.70071238289474,121.26678030092484,0,0,0,0,120.2968551967608,112.79833359985612,49.30672881986399,95.25761379013643,4,6,114.1548148926875,,,112.2661064245913,116.62691531360332,115.21363644965011,114.83589475603087,115.59137814326935,117.10234491774631,111.62419261588,0,0,8.5,-1.3017463405968095,0,-0.6297537776489698,4,7.739869871455933,10.909976142625077,0,1.9004753218416148,116.62691531360332,114.1548148926875,1,1,0,1,10,8,0,1,744,0,7,0,,-0.6130088056736414,-0.6330098328985623,0,0.8907142655818414,6.932446782393446,,,,,,0.6674481263258095,7.129706653858467,0.3968253968253968,-73.40822181630597,0,26.81169572266654,18.54496345323783,14.843861874836774,22.514914535806767,,,,1694173
2025-08-11,115.81969014,116.69943249,114.15669768,114.44675451,115.67672851534054,115.11540915295716,118.63433631956727,117.9048277393457,116.67828494137339,121.38849218198025,0,0,0,0,120.28688587404011,112.80859188607134,52.8712343518211,92.1817038220864,4,7,113.0996885061197,,,111.23237283886967,116.62691531360332,114.44675451,114.7947176902001,115.5416439571001,119.68713755760008,110.89919058056,2,0,7,-1.9125499080609982,0,-0.6862452737573463,4,7.565192191067908,30.99233433417321,0,0.6769665303502328,116.62691531360332,113.51485536784205,1,0,0,0,8,8,0,1,744,0,8,0,,-0.9580866311423172,-0.6862605602495453,0,0.7851540687978442,2.6221243428138092,,,,,,0.6726913797822881,9.18980680899559,1.1904761904761905,-64.93322772923963,0,26.206594487905864,18.972858313294815,13.941496933710667,23.006989738295644,,,,1699625
2025-08-12,115.27825074,117.67605382,114.70780565,116.06140417,115.80495373356037,114.48997171833423,118.38929516246563,117.8325366189792,116.6721468242453,121.48161863491302,0,0,0,0,120.2794882545749,112.8292917549776,55.7578909595396,93.40986960308858,4,8,115.13028103935011,,,113.25217991485007,119.19401787,116.40870001820005,116.03307979330005,116.78432024310005,118.28680114270009,113.25513410796721,0,3.5,3.5,-0.5234691148396553,0,-0.3519530159978104,4,7.7798823496552005,25.50139352386859,0,1.6791246589942526,116.62691531360332,113.25513410796721,1,1,0,1,8,19,0,1,744,0,9,0,,-0.8522111261280767,-0.35214223176140236,0,0.9057204424934673,3.6476386931697222,,,,,,0.6956808377544403,15.80823192079108,11.904761904761905,-41.34302715204129,0,26.950303013022285,18.80340118964673,15.192781359014324,21.24094741392511,,,,1749152
2025-08-13,115.93571287,118.51721862,115.57797612,118.51721862,116.70904202904025,114.44068717217576,118.40147834889747,117.85938689352903,116.69050574758614,121.56429955553737,0,0,0,0,120.2753368174737,112.87769623397627,55.47189264760492,76.98589441893029,4,9,117.95661589008176,,,116.08144866286744,121.52845320668,118.8991267686,118.52409332315713,119.27416021404287,120.77429399581432,116.62691531360332,0,5,0,1.5654340177128228,0.007827170088564114,0.08989033369160918,4,7.307059002951237,48.527845489137796,0,1.21173803702414,119.19401787,116.62691531360332,1,0,0,0,8,8,1,1,744,0,10,1,,-0.18897839731723087,0.0861932277763879,1,0.7175792463844788,0.39191257823350945,,,,,,0.9588856050854242,20.838147727761445,26.58730158730159,-17.676111584858464,1,25.31239489403025,18.18128681384583,16.132250220674724,19.75459675502518,,,,2359186
2025-08-14,117.14428298,118.87495537,115.82935871,118.66224703,117.3601103626935,114.84264691625455,118.42631346138343,117.89087160476319,116.71012506382907,121.64035874240606,0,0,0,0,120.27196835339807,112.92109582630349,57.58057762886736,68.88761387355892,4,10,117.98224298062121,,,116.10505213302933,124.27968087,119.04586250699998,118.6704243374816,119.42130067651836,120.92305335459186,116.62691531360332,0,5,0,1.6726243460910653,0.008363121730455328,0.11019627941452202,4,7.190159175468066,49.376447783153125,0,1.2885995030818356,119.19401787,116.62691531360332,1,1,0,0,8,8,1,1,744,0,11,2,,-0.08893677208373564,0.10796682913440454,2,0.9633790380105292,0.40462068819138464,,,,,,0.8607513351465723,24.270641440317224,36.904761904761905,-2.5566678914320446,1,24.90744201283647,17.407634680001088,15.814558276326355,18.323779693848447,,,,2095643
2025-08-15,119.44540046,120.71198192,118.50755005,119.51308038,118.077767035129,115.62707190579958,118.52981507268025,117.95448763516464,116.73801516647754,121.71821306864892,0,0,0,0,120.27023031425726,112.97501824198028,72.06948362841064,40.773608601402074,1,0,117.95448763516464,117.586184050344,118.32279121998528,116.11296971106147,124.27968087,120.27023031425726,,,122.11174823836043,116.74009825738358,0,2,5.5,2.377173545023022,0.01188586772511511,0.24396822710866506,0,7.205359146109762,79.21677168176835,0,3.4347714741444975,119.19401787,116.74009825738358,1,1,0,0,8,10,1,1,712,0,12,3,,0.4435836321828696,0.24247826340861997,3,2.483285418061226,-2.5751960081464795,,,,,,0.9650865348200431,26.76284208284652,44.44444444444444,7.222511518758281,2,24.960096255686416,16.567981430138044,19.42281362938412,17.344542785552445,,,,2303677
2025-08-18,118.3721902,119.43573189,118.19815611,118.7686012,118.308045090086,116.4561798772,118.55255660861546,117.98641365731504,116.75822000263199,121.7940916020026,0,0,0,0,120.26746141977362,113.01299410816107,84.73551875866595,24.843012798263572,1,1,118.06359982174138,117.70986324056865,118.4173364029141,116.29491691587772,122.17848988989999,119.45251735350327,,,121.57493684053966,116.74009825738358,0,7.5,3.5,1.721832687516734,0.00860916343758367,0.10321111292068026,0,7.220793515787393,89.85270915470723,0,2.326527866875773,119.19401787,116.74009825738358,1,0,0,0,8,15,1,1,712,0,13,4,,0.15153442854534377,0.10521487866962666,4,4.681904729903488,-3.0991680291655417,,,,,,0.7891463539840166,28.553162070326692,50.79365079365079,14.150721603347913,2,25.01356248061533,15.626076055672474,18.77817713612999,17.549816441452954,,,,1858168
2025-08-19,118.68072632,121.16594271,118.37804409,119.28609078,118.63406032005733,117.26930535532165,118.62241700589018,118.0373813876164,116.78337294569037,121.87166816566948,0,0,0,0,120.26590527640928,113.04821168168407,90.6740221383154,29.950906567021477,1,2,119.28609078,118.0373813876164,118.81134589802075,115.55115101414543,122.17848988989999,119.78264876057371,,,121.54945693298282,116.74009825738358,1,7.5,5.5,2.1430429445410004,0.010715214722705002,0.18410277165237487,0,7.240036890721955,79.72751189852228,0,0.7744165344626944,,116.74009825738358,1,1,0,0,8,15,1,1,712,0,14,0,,0.14536945371639137,0.18624008223655433,5,4.317498324481346,-0.8219407713113471,,,,,,0.6888406487549597,29.771460849363457,53.57142857142857,18.704926473340155,2,25.080223486806847,15.542502619870751,21.827194066381207,16.313549837458766,,,,1600468
2025-08-20,119.95980284,121.35116471,119.24215304,120.65304279,119.30705447670489,118.18280770774113,118.81580993771017,118.13995634457262,116.8218771232457,121.9573627937951,0,0,0,0,120.26656404086069,113.09383028623023,93.93250878461083,17.250806448322624,1,3,120.65304279,119.38845718209343,120.08236114023823,116.46653720742076,123.78659608664809,122.6836711,,,124.41843099536202,117.83320091062,1,6,5,3.2794933287302577,0.016397466643651288,0.39567587953382455,0,7.202455797557313,91.90344513316181,0,0.7484889808071277,123.78659608664809,117.83320091062,1,1,0,0,8,10,1,1,712,0,15,1,,0.5489901702692581,0.3931100736105304,6,4.575130523818279,-4.057750255938092,,,,,,0.7495194068869645,30.501701529913984,55.55555555555556,22.251118812904654,3,24.95003876127657,15.544589949734888,21.11920171264248,15.428148721309867,,,,1720422
2025-08-21,120.06720621,121.75636834,119.36420232,121.51226977,120.0421262411366,119.18575629740477,119.07261563602349,118.2722039298835,116.86854769684524,122.05495869809896,0,0,0,0,120.26923771943792,113.1571830195221,95.93667292370853,10.880684492034993,1,4,121.51226977,120.68751610996847,121.37457275003152,116.61597575974784,123.96385610902422,122.6836711,,,124.4013127001576,117.83320091062,1,7.5,0,3.973457499617851,0.019867287498089255,0.5027403525532392,0,6.664770847322001,92.69309772452496,0,0.5007024361467948,123.96385610902422,117.83320091062,0,1,0,0,8,15,1,1,712,0,16,2,,0.7075826295169557,0.49710671353818336,7,4.999418711830719,-4.070125016533984,,,,,,0.9757699070980888,30.7871055714321,55.95238095238095,33.349998795367256,3,23.08744345673116,15.726303934975286,20.85928672780033,14.468914717814966,,,,2174688
2025-08-22,122.04928663,127.56591438,121.93211931,126.87267443,122.3189756374244,120.75895382905537,119.81547837830696,118.60947728282925,116.96809124642887,122.19518570679816,0,0,0,0,120.28661983000666,113.2829388747986,99.63715542418444,0.55180968920288,2,0,126.87267443,120.65800344881,121.40408541118998,120.05471343156596,,130.19684009,129.82379910881002,130.56988107118997,132.0620449959499,122.142928925,1,2.5,0,8.467765078515402,0.08400463799876318,1.3236554604881352,0,7.906434226186314,97.92987567586756,0,0,,122.142928925,0,1,0,0,8,10,1,1,712,0,17,3,,1.3333265008494892,1.305377986591631,8,7.047087791543162,-6.485585154995084,,,,,,1.2271839924936705,29.666113528047163,53.57142857142857,8.3151907752582,2,27.38869157291243,17.73922210237804,31.74184957560157,12.372494638113263,,,,2674117
2025-08-25,126.39424123,127.83930479,125.9308445,126.46258883,123.7001800349496,122.5351311785303,120.44853651656344,118.91744244154182,117.06256385920072,122.36928764735613,0,0,0,0,120.29906467858795,113.37498489439417,98.38783894163866,5.536128208260667,2,1,126.46258883,121.77949390416288,122.50636394583714,120.64762849660598,,130.19684009,129.83340506916286,130.56027511083713,132.01401519418562,122.142928925,1,6,8,8.02991550920185,0.08628720529089151,1.1211657007558515,0,7.661676310678507,92.22760029121598,0,0,,122.142928925,0,1,0,0,8,10,1,1,712,0,18,4,,1.369101021959058,1.107571865755809,9,5.671776951100862,-3.3892042888442946,,,,,,0.9553342326376778,28.41945700290232,50,7.078271683051461,2,26.540825282484086,19.671356024253576,30.925260822737837,11.792404335286307,,,,2051202
2025-08-26,125.60336185,127.01913358,125.11516471,126.82385472,124.7414049299664,124.27751825912469,121.0557096787955,119.22749782501077,117.15969113144749,122.57320932594102,0,0,0,0,120.31681932647953,113.50097706618233,98.90217234648162,3.0826784389800532,2,2,126.82385472,119.01012492681532,119.71907512390571,118.41507430218124,,130.19684009,129.84236499145482,130.55131518854517,131.96921558272592,122.142928925,1,6,0,8.248710367211356,0.06620943956056151,1.0645032880045566,0,7.649880680222094,97.18819874679154,0,0,,122.142928925,0,1,0,0,8,10,1,1,1736,0,19,0,,1.1997271017960378,1.0525737258504846,10,6.410718450153172,-6.3094914172452965,,,,,,1.2822004330872372,27.032248860101017,46.82539682539682,2.0086247654203095,2,26.49996401996846,20.96813725168326,29.44216415225697,13.281417055527454,,,,2777492
2025-08-27,126.68715952,130.18265109,126.16967054,129.48941114,126.32407366664425,126.07770965813897,121.85891934176735,119.62992579814761,117.28237491262712,122.81695868374437,0,0,0,0,120.33504268169676,113.609807873196,97.39643463212303,1.8197964305717014,2,3,129.48941114,120.39024102317939,121.12021228744189,119.78828981806349,,132.50312487,132.13813923786876,132.86811050213123,134.3280530306562,124.04365195994,1,6,0,10.408244407113047,0.07576899883677074,1.3747426221747263,0,7.062063378238851,94.1015658288713,0,0,,124.04365195994,0,1,0,0,8,10,1,1,1736,0,20,1,,1.189822214409644,1.358241630095471,11,3.759940695017229,-6.4732388903519364,,,,,,0.9638651203698271,27.040608629222184,47.22222222222222,10.533578042074087,2,24.463705154762387,22.91509062447103,34.29071408376237,11.977596937393903,,,,2031923
2025-08-28,129.68469,130.20217897,128.39584953,129.69445394,127.44753375776283,127.74312624682338,122.60516073207522,120.02461317625946,117.40587818653133,123.0938967149933,0,0,0,0,120.35314833972224,113.71591715761073,97.31180439522646,36.08284539505289,2,4,129.69445394,120.54788634780193,121.25797269033139,119.94514691606292,129.861396767521,129.9996623109876,129.64461913972286,130.3547054822523,131.77487816731124,124.04365195994,1,4.5,0,10.466746591635644,0.07560732550402999,1.2627434182744315,0,6.983509752778507,62.67396178130939,0,0.017123558332004993,129.861396767521,124.04365195994,0,1,0,1,8,10,1,1,1736,0,21,0,,1.186188740366814,1.2480880176042444,12,4.302911043048444,1.5917651141688496,,,,,,0.9857950124243943,27.744838135669664,49.20634920634921,14.687960161280309,2,24.191587413930282,24.727083306133153,32.78215663359077,11.433511041661264,,,,1982338
2025-08-29,129.68469,131.16880932,128.93774836,130.42674966,128.44060572517523,129.29090520704636,123.35007396330616,120.43254009719047,117.5354390967151,123.40207338701933,0,0,0,0,120.36817363063233,113.80061139629258,98.15280782155457,25.457471458958892,2,5,130.42674966,126.52307129811133,127.22227756188867,125.12465877055662,131.32459845353955,132.50312487,132.15352173811132,132.85272800188866,134.25114052944338,124.04365195994,1,8,0,10.968020081736528,0.0743891453810066,1.2441953142091073,0,5.811542531941918,87.76534471985302,0,0.16933862739455852,131.32459845353955,124.04365195994,0,1,0,0,8,10,2,1,1768,0,22,0,,1.1563923597785917,1.2307030978592657,13,5.678516873461153,-1.8904413965293863,,,,,,0.7733631631879035,29.234868190523045,53.57142857142857,45.21754703463984,3,20.131773871341753,26.61613577255439,33.38294106100058,10.782036100863708,,,,1530729
2025-09-02,129.59681451,130.78801555,128.89869259,130.68061218,129.18727454345014,130.6622271896537,124.04822046013415,120.83442527690849,117.66623683883734,123.73815664834724,0,0,0,0,120.38937228999221,113.91793938186697,98.70103951857476,22.931760498800802,2,6,130.68061218,126.53117399538908,127.21417486461092,125.21660522622537,132.67278021329065,132.50312487,132.1616244353891,132.8446253046109,134.21062704305456,124.04365195994,1,6,0,11.060416046948049,0.0884145104526737,1.1528765302018336,0,5.737790499665427,87.49667782021106,0,0.36459837078253166,132.67278021329065,124.04365195994,0,1,0,0,8,10,1,1,1768,0,23,1,,1.2648994417434676,1.145178951016045,14,6.072460544457541,-1.3748089171094389,,,,,,1.067719055003128,30.780398273708347,57.142857142857146,54.85988230247904,3,19.876289337213066,28.344056475687847,31.733937799358237,10.351552143362888,,,,2113980
2025-09-03,128.39584953,130.68061218,126.60904798,127.44874707,128.60776538563343,131.39984674374847,124.37208013726423,121.09381044526502,117.76357524909766,124.07742295455839,0,0,0,0,120.40506370658562,114.01909944105807,97.91554221786569,53.50459428724834,2,7,126.87267443,126.51921363178987,127.22613522821014,125.10537043894932,132.50312487,127.56591438,,,129.33321837105066,124.04365195994,0,0,6,8.224250835129558,0.0411212541756478,0.5425145300016008,0,6.491653621879703,54.81821632408354,0,3.185898107236563,132.50312487,124.04365195994,1,1,0,0,8,8,1,1,1768,0,24,0,,0.8460764028507494,0.541424728751344,15,4.255672494381324,2.658667222246173,,,,,,1.1348019851269038,32.119453508349515,58.333333333333336,42.83090418416126,3,22.48774779646833,28.51766400723607,28.47011947264688,15.070641138942497,,,,2290953
2025-09-04,127.55615044,129.05979765,126.86291049,128.47396108,128.56316395042228,131.70824183213244,124.76273546514383,121.38322811721541,117.87014625239021,124.4232827207154,0,0,0,0,120.41938230220583,114.10501502468021,96.84141968804167,28.348786861960942,2,8,128.47396108,126.52484576773345,127.22050309226655,124.08028119186757,131.16880932,132.26323636,131.91540769773346,132.61106502226656,134.00237967133276,124.04365195994,1,3.5,2.5,8.99618365188443,0.0494253627038666,0.6457747188287014,0,6.061807671676106,88.58609494417061,0,0.6133465133131173,131.16880932,124.04365195994,0,1,0,0,8,10,1,1,1768,0,25,1,,0.7949685333640877,0.6413832645525928,16,3.718774002966895,-4.109020059398196,,,,,,0.9131946011489364,33.287083245075806,58.73015873015873,58.519599375280805,3,20.998717746107626,28.678871000816564,26.864607121045218,14.220764111964261,,,,1832221
2025-09-05,127.70260958,129.12814525,126.78479895,128.44466925,128.5236657169482,131.65737900676965,125.11339582560633,121.6601473773246,117.97536538669479,124.77175885381247,0,0,0,0,120.43357036114485,114.18957653107239,95.92385214579417,23.054251354365803,2,9,128.44466925,124.18923778026148,125.11516471,122.94216536775406,131.16880932,130.73954259019675,130.39563609755638,131.08344908283712,132.4590750533986,124.04365195994,1,3.5,2.5,8.874144046080605,0.05325960911929192,0.5805940219042002,0,6.004768607981714,77.19242986206355,0,0.49507281199556324,131.16880932,124.04365195994,0,1,0,0,8,10,2,1,1768,0,26,2,,0.6893431721235034,0.5708132257630381,17,3.4876837893288513,-1.6036166920722885,,,,,,0.9059556999664072,34.2641658531272,58.73015873015873,64.72262855029581,3,20.80112863343794,28.779726321408045,25.230206308894033,13.558389789527887,,,,1828616
2025-09-08,128.92310245,129.32342411,126.77991698,127.13630089,128.06121077463212,131.20138937309304,125.30605345078668,121.87489849546874,118.06651897379236,125.1110727902023,0,0,0,0,120.45168148138478,114.30553244765359,97.54873491341192,17.070736203376583,2,10,126.60904798,126.26699635174465,126.95109960825535,124.89878983872327,130.19684009,130.66271312509488,130.19684009,131.16880932,132.5370158330214,126.60904798,0,0,5,7.6819254053055435,0.051742960359861055,0.32559718475737687,0,6.171797756739136,89.63482693248628,0,2.0978073563337474,130.19684009,126.60904798,1,1,0,0,8,10,1,1,1256,0,27,3,,-0.023226227024181426,0.31486432844251183,18,5.9434263796976285,-2.3358169184136885,,,,,,1.3512990853169653,35.02784938525462,59.523809523809526,63.83668963899595,3,21.37973457742361,28.942690418241707,24.064829716222537,12.658205581411604,,,,2802391
2025-09-09,128.24939039,132.0280363,127.06795329,129.16720102,128.42987418975474,130.7759852576255,125.67378179071176,122.16087114348957,118.17697352151582,125.45096506167819,0,0,0,0,120.47540492396877,114.43878139533129,98.55710195498034,14.033569831022835,2,11,129.16720102,124.77237449371711,125.49618614279845,123.37670782734915,131.16880932,130.80260355105625,130.42674966,131.16880932,132.61643261816272,126.60904798,1,2,6,9.299804497433033,0.06427680026494295,0.5989523142362391,5,6.142593985927927,91.65973166366366,0,0.34567147104851265,131.16880932,126.60904798,0,1,0,0,3,10,1,1,1256,0,28,0,,0.2227735811503809,0.5858234624831923,19,6.805737853546131,-2.348144691279154,,,,,,1.328742722515291,36.06692385946359,60.317460317460316,69.49881635353924,3,21.278569747788385,29.938626718300515,27.792557240803987,11.109219575937937,,,,2830762
2025-09-10,128.85475485,130.53415303,125.32997145,128.31773799,128.39249545650316,130.29441351439047,125.92558714302493,122.40231690217625,118.27787665055547,125.7819106947691,0,0,0,0,120.49364711885552,114.54455790125527,98.75866084362269,31.54492093057444,2,12,125.13428031825778,124.75175900279143,125.51680163372413,123.22167374092606,131.16880932,130.7699514087169,130.38743009325057,131.15247272418324,132.6825579860486,126.60904798,0,3.5,6,8.488367921168114,0.0646640618280628,0.4088628010423282,0,6.20668696320495,77.2313531073072,0,3.1551334567514786,131.16880932,126.60904798,1,1,0,0,8,10,1,1,1256,0,29,0,,0.0947295100697999,0.39643983551881484,20,5.634278051587321,0.38966186340192754,,,,,,1.1203862220740421,36.00648581054774,59.92063492063492,67.46739765136863,3,21.50059433389271,29.780508926937703,24.416519548691614,13.816440049328174,,,,2424723
2025-09-11,128.33726587,130.21194292,128.01505576,129.39177171,128.7255875410021,129.9172900849961,126.25569995892731,122.67641316914974,118.38846267104745,126.10931474438424,0,0,0,0,120.5120124207451,114.64449101429426,97.70509144583764,18.042876542483395,2,13,129.39177171,124.7594668899676,125.50909374654796,123.39475685735718,131.16880932,130.6636896362089,130.28887620791872,131.03850306449905,132.53775677765975,126.60904798,1,2,4.5,9.294241001782575,0.07313787167557954,0.5268300057119263,0,5.991163219912115,87.31799053188516,0,0.29632036165741465,131.16880932,126.60904798,0,1,0,0,8,10,1,1,1256,0,30,0,,-0.07146781840127456,0.5135431231043665,21,4.043474738240558,-3.6207844067386232,,,,,,1.000869397563245,34.83353435163532,57.93650793650794,67.84011465337565,3,20.753998186651465,29.633685263529376,23.138732906826636,13.093386032642742,,,,2155893
2025-09-12,129.55775874,130.15335926,127.60497015,127.69284564,128.38134024066807,129.47559133315497,126.39257097617232,122.87313601114387,118.48104359611165,126.42088908870447,0,0,0,0,120.52149262710454,114.70050146544084,97.60676450863352,45.842921590572885,2,14,126.60904798,126.2382534652484,126.9798424947516,124.75507540624204,132.0280363,128.44466925,,,130.29864182375798,124.04365195994,0,0,9,7.774916361549225,0.06998569291885724,0.21568490058838471,0,6.239722229582918,60.27354092476455,0,2.922906410107157,132.0280363,124.04365195994,1,1,0,0,8,10,2,0,1256,0,,0,,-0.2653311052631217,0.203004864683481,22,4.449371891209993,1.809991308193741,,,,,,0.6518698210052749,33.05757709102128,56.34920634920635,52.9379059677605,3,21.615031853509134,29.239924626094044,21.718845229992358,13.277390493656727,,,,1380843
2025-09-15,127.70260958,129.01097794,127.08748118,128.08340336,128.28202794711206,129.03477881282464,126.55360263177496,123.07746022090294,118.57658946440904,126.71831624257958,0,0,0,0,120.53398194570518,114.77210195004785,97.22426081082119,27.255963973154795,2,15,128.08340336,126.24756470951638,126.97053125048362,124.19561501613103,132.0280363,128.44466925,,,130.25208560241813,125.32997145,1,2,4,8.017445887532844,0.07564278499321977,0.24929064311755994,0,6.2291522043122045,84.03533019433253,0,1.014621319656112,132.0280363,125.32997145,1,1,0,0,8,10,1,0,1256,0,,1,,-0.3016433240854136,0.23730297381525414,23,4.1240832691671585,-2.699648031086858,,,,,,0.8280578535029307,30.900537982150617,54.36507936507937,43.2011398738071,3,21.57841621189681,28.546882233374532,20.686982410435515,13.924769776469805,,,,1730320
2025-09-16,129.03050582,130.43163163,128.39584953,129.89949674,128.82118421140802,128.85463435329132,126.87225921351069,123.3449910647891,118.68925520844478,127.01282590117589,0,0,0,0,120.54975648530755,114.85432861221538,96.42980975860976,16.7451246703151,2,16,129.89949674,128.08803988928307,128.80129861071694,125.54281464426452,132.0280363,130.627642786,,,132.41078958958468,125.32997145,1,3.5,7,9.445034861721503,0.08722517430860752,0.4930135409728563,0,6.2272444662645,84.00113094443127,0,0.4885689415079256,132.0280363,125.32997145,0,1,0,0,8,10,1,0,1256,0,,0,,-0.15036359522815326,0.48158143497149297,24,3.67600880610067,-3.1743137563603847,,,,,,0.8477213731351158,29.242374626495682,50.79365079365079,35.558295116031694,3,21.571807613444495,28.46907059398068,23.02753793982332,13.106129292315467,,,,1767569
2025-09-17,129.19649285,131.57401296,128.88404668,129.99713617,129.21316819760534,128.90563102622855,127.16986654270015,123.60585950028756,118.80177143691796,127.3043708637484,0,0,0,0,120.57926012423067,115.00588836180344,99.84908278636749,3.00149353495191,2,17,129.99713617,128.08949585897713,128.79984264102288,126.04265955181708,132.0280363,131.3328142619834,,,133.4638546081206,125.32997145,1,4.5,8,9.423567172166807,0.09156228030527849,0.45346681978109205,0,6.23839060343369,96.38729589606413,1,0.513569892071631,132.0280363,125.32997145,0,1,0,0,3,10,1,0,1256,0,,0,,0.1857930348485311,0.44383076178278685,25,8.219578294009523,-4.19411409513189,,,,,,1.5153985559019638,27.482647341205997,45.23809523809524,27.17313526148375,3,21.610418965214834,28.803809787974888,24.34215823093187,12.219865841523026,,,,3287562
2025-09-18,130.93447469,130.93447469,127.84906873,128.24939039,128.89190892840355,128.929363207916,127.27267833768109,123.78795875086452,118.89577759565509,127.58186030438301,0,0,0,0,120.6023627886991,115.13288748830662,98.63320729324235,25.672167126293555,2,18,126.60904798,126.25169584940734,126.96640011059266,124.82228732703669,132.0280363,128.44466925,,,130.2314299029633,125.32997145,0,0,7.5,7.867068943486795,0.08822423360632287,0.14087437867067598,6,6.434487363274879,79.21370991417444,0,3.0328563095525443,132.0280363,125.32997145,1,1,0,0,8,10,1,0,1128,0,,0,,-0.09950447819546233,0.13578115015837888,26,5.86957995321286,-0.01936924529277953,,,,,,1.4182711147744897,25.75185269191374,38.492063492063494,15.53242895981765,2,22.28971806770398,28.437637857723104,22.465621814705983,13.86376627487566,,,,3180381
2025-09-19,128.61065628,128.88892865,125.34949934,126.65786769,128.14722851560236,128.7296085744818,127.21412494266384,123.90050419945807,118.973012322962,127.83656697660065,0,0,0,0,120.65492105233956,115.44543422299694,98.70651293608454,87.37662546290045,4,0,125.5832156827278,125.2197866569096,125.94664470854599,123.76607055363687,130.19684009,126.65786769,,,131.79636085654548,125.32997145,2,7.5,7.5,6.459326545567181,0.03229663272783591,-0.1170815539730533,6,6.600403332400199,67.3317916848553,0,2.5389410748828127,130.19684009,125.89419251676277,1,0,0,0,8,8,1,0,1128,0,,1,,-0.25651942337788997,-0.11692973134439844,0,6.219745612935013,2.399570115120151,,,,,,3.5612443972596433,24.848642047552595,35.714285714285715,8.677981122209474,2,22.864467844328143,26.717638387324875,20.51211894271829,18.799076493372624,,,,9244775
2025-09-22,126.17943449,128.14198702,125.59359791,126.51140855,127.60195519373491,128.3436847152987,127.14719957193395,124.00289260536168,119.04802124064398,128.06807508925866,0,0,0,0,120.67334887845152,115.55350719415917,90.87690112919779,73.77908432445358,4,1,125.57070694325981,125.21048365937506,125.93093022714456,123.76959052383609,130.19684009,127.69284564,,,129.49396205942372,125.8269737586654,0,6.5,4,6.269224159777938,0.03134612079888969,-0.1315066635844479,6,4.991088711716256,37.53103764950375,0,2.568480913754786,130.19684009,125.8269737586654,1,1,0,0,8,8,1,0,1128,0,,2,,-0.1377473988324029,-0.13020441518708534,0,2.5621174773876954,2.9103540361945632,,,,,,1.2782022118898824,26.8328891820128,42.46031746031746,55.19635782073041,3,17.289638467552095,25.1204960219551,19.21647263123071,17.61163436776728,,,,3362105
2025-09-23,127.21441244,130.79777949,127.05818935,129.15743708,128.12044915582328,128.13764818998612,127.33865076317834,124.20503160436711,119.14861244302563,128.29316342980385,0,0,0,0,120.70353793207804,115.70263556715558,91.1331575645341,38.05061915911727,2,0,129.15743708,125.26820654886288,126.01373498572025,123.77714967514811,131.06272723664412,131.68123733400904,131.30847311558034,132.05400155243774,133.5450584261525,126.11171839035583,1,2,3.5,8.400286358148215,0.042001431790741076,0.2773367617593439,6,5.391728998669811,85.02913481676771,0,0.3541242341303102,131.06272723664412,126.11171839035583,0,1,0,0,8,10,1,0,1128,0,,3,,-0.0731134458860837,0.2758290634097382,1,2.709516366197951,-4.5455727699886515,,,,,,1.4035497572419346,31.92601730483307,54.36507936507937,70.9330595959616,3,18.67749713267716,24.740184739160174,23.604786536381035,15.803473058768333,,,,3815635
2025-09-24,129.87996886,134.43973021,129.50405705,133.36569648,129.86886493054885,128.57979164954628,127.91265511716135,124.56427336419584,119.2900759657816,128.53651715580875,0,0,0,0,120.73887524120157,115.85361878933735,93.86835225585507,22.290833382027483,2,1,133.36569648,131.18071142565552,131.9673144943445,127.072871930488,141.1617167205,134.43973021,,,136.4062378817225,126.69161178354,1,3.5,0,11.799489941020742,0.05899744970510371,0.8779170754683895,6,6.219719845873615,84.40234047477823,0,1.2388745592954113,,126.69161178354,1,1,0,0,8,10,1,0,1128,0,,0,,0.44178833904738196,0.868515306835983,2,4.02384505478943,-3.108082614983228,,,,,,1.099364038895284,36.732859805274195,60.317460317460316,70.48779544909736,3,21.545741563795133,25.489823297207582,29.041992229021417,13.908376360896426,,,,3000972
2025-09-25,133.24852917,136.27535148,131.78393773,135.79691827,131.8448827103659,129.71604366735104,128.6635373221936,125.00476924285483,119.45432315288825,128.80919215971076,0,0,0,0,135.79691827,116.14243581077022,99.9241014290095,2.9138021905475426,2,2,135.79691827,131.16870248391226,131.97932343608775,129.311950652596,143.089119054,136.27535148,135.87004100391226,136.68066195608776,138.30190386043876,127.8260257284,1,4.5,0,13.681041159301566,0.06840520579650783,1.1436268841467405,6,6.140808016044419,97.04178556918788,1,1.1244775940637899,,127.8260257284,1,1,0,0,3,10,1,0,1128,0,,1,,0.5740730151548067,1.130520720777305,3,9.137024445853623,-4.234853864118265,,,,,,1.78752128726893,38.06759713327271,61.111111111111114,78.95313934968532,3,21.27238296663034,26.623547744474745,30.212226594959695,12.532264789975377,,,,5158939
2025-09-26,136.48039428,138.98972761,135.40245498,136.1679481,133.2859045069106,131.2626699793489,129.37824311055613,125.44254096274288,119.62062787873016,129.10961698385356,0,0,0,0,135.93016942199742,116.30364771651057,96.92661801520737,7.003689599303415,2,3,131.57401296,131.16562401229353,131.98240190770647,129.5320682214676,134.82789889834822,138.98972761,138.58133866229352,139.39811655770646,141.0316723485324,129.50351017673998,0,0,0,13.833166164321831,0.06916583082160915,1.0737879203846805,0,6.14031532381371,90.94783618957034,0,1.5935230160473692,134.82789889834822,129.50351017673998,1,1,0,0,8,10,2,0,1128,0,,2,,0.7926959269438872,1.0615193968805796,4,4.1752357659792905,-5.227918554456797,,,,,,0.9862007171087482,38.86337906759189,61.904761904761905,82.70871431694395,3,21.270676230678177,28.224665915733777,33.7771518326414,11.549381518545816,,,,2891069
2025-09-29,136.32417119,136.32417119,133.18018157,134.32256289,133.63145730127374,132.68353755209827,129.8491307085984,125.79077711675296,119.76691578929007,129.4224749447683,0,0,0,0,135.51415344984923,116.44356694725522,97.40658825349311,8.239177688605906,2,4,131.57401296,131.16672331552255,131.98130260447746,129.53756473761277,135.41078966115938,135.4446330499731,135.03734340549565,135.85192269445056,137.48108127236034,129.50351017673998,0,2,5.5,12.153312126963483,0.06076656063481742,0.6867534945454773,0,6.333741731077698,84.08632110425934,0,1.884053156363436,135.41078966115938,129.50351017673998,1,1,0,0,8,10,1,0,1128,0,,3,,0.5608860346643628,0.680194626360405,5,4.6739887685816335,-2.569344361919743,,,,,,0.9382285124459898,38.89376955179257,61.904761904761905,77.2674769034662,3,21.940724960491647,28.609712127259428,31.449153103838434,15.625021894003604,,,,2810472
2025-09-30,133.09230608,133.97106095,131.02410769,132.80915174,133.35735544751583,133.65615180470823,130.1310374734938,126.0660074941352,119.89668928133693,129.73636884305947,0,0,0,0,135.05162976241238,116.54423142602633,97.4778605629454,24.724329368610338,2,5,131.57401296,131.1663649401281,131.98166097987192,129.53577286064044,135.6614889925775,135.4618087824214,135.0541607625495,135.8694568022933,137.50004888178097,129.50351017673998,0,4.5,2.5,10.769657224115713,0.05384828612057857,0.39104458780136964,0,6.46083740674374,70.3516725675282,0,2.0053947686839253,135.6614889925775,129.50351017673998,1,1,0,0,8,10,1,0,1128,0,,4,,0.2175715367682701,0.38822339010978874,6,4.471885715199669,-0.033749662879621334,,,,,,0.7462276615742534,38.350453568131556,60.714285714285715,71.35274653401612,3,22.380997295843407,28.03597157250322,29.177111995583324,19.21856656291662,,,,2240035
2025-10-01,132.15496756,133.22900128,131.06140595,131.4129079,132.70920626501055,134.09138019555627,130.25312037125627,126.27568986299265,120.01127852132363,130.04070679861402,0,0,0,0,134.51655947026742,116.63587529091306,95.97053196546713,53.11783566483024,2,6,129.59681451,129.19893067610107,129.99469834389893,127.60739534050539,135.7878654239568,131.57401296,,,133.56343212949463,127.8260257284,0,0,3.5,9.500464888931683,0.04750232444465842,0.14375252848453357,0,5.997933697545358,45.59976608525543,0,3.1119891719599515,135.7878654239568,127.8260257284,1,1,0,0,8,8,1,0,1128,0,,0,,0.06851500028225407,0.14426436822869929,7,3.342392357423515,2.4181129475088916,,,,,,0.7527961347124346,37.39823211386333,58.73015873015873,79.99431526720223,3,20.777451809156037,27.503212485943884,27.757903532220528,18.283753263919746,,,,2258532
2025-10-02,130.83683526,132.98490271,130.12406743,131.7546459,132.3910194766737,134.20895878039826,130.3961228025652,126.49055088405176,120.12812794797713,130.3365233991423,0,0,0,0,134.22260634034248,116.71097922772891,97.1523509768258,42.420410169328356,2,7,131.7546459,129.20180777780814,129.99182124219186,126.96401357246515,135.94955333687597,133.59279622095085,132.98490271,134.22260634034248,135.8026332691099,127.8260257284,1,4,5,9.678430980842286,0.048392154904211435,0.17515024628708017,0,5.960769985274457,76.55415628975182,0,0.8756479625382859,135.94955333687597,127.8260257284,1,1,0,0,8,10,1,0,1256,0,,0,,0.28373104282258044,0.17725752896991026,8,4.9973974282336435,-0.5820422639698697,,,,,,0.6097837576806043,36.01391396051565,57.53968253968254,74.41239110921977,3,20.648712933453893,26.604643085198802,25.96293435710288,19.220153344411685,,,,1829381
2025-10-03,133.7562542,134.87910764,129.78232943,129.87020491,131.55074795444915,133.9416871157892,130.34603538422567,126.62308633604972,120.2250640371515,130.61215514827518,0,0,0,0,133.76881737952186,116.78208410222118,97.36069535820144,68.66009226531601,1,0,129.59681451,129.1845155960897,130.0091134239103,127.53531994044853,135.9661097645232,133.76881737952186,133.35651846561157,134.18111629343215,135.83031194907332,125.20118494715999,0,0,7.5,8.022570792616097,0.19011285396308047,-0.12107584697603004,0,6.162722272185149,46.49497235876211,0,3.08964930036609,135.9661097645232,125.20118494715999,1,1,1,0,19,15,1,0,1258,0,,0,,0.25929912482516465,-0.1131229606574767,0,4.923031838827133,3.898048728443827,,,,,,0.6649790894761026,34.156179144210846,53.96825396825397,59.994872009760094,3,21.348296176721984,26.332980390551175,27.199320078698374,17.098754293573634,,,,2000691
2025-10-06,129.93855252,131.98898053,128.65947599,129.78232943,130.9612751129661,133.40046626433332,130.29234910287084,126.746978222087,120.32016120523954,130.86801189938902,0,0,0,0,133.4602432971838,116.8383660635679,97.27759115386621,79.22260900370335,1,1,129.59681451,129.18423779940474,130.00939122059526,127.53393095702364,135.91896224736962,133.4602432971838,133.04766658658855,133.87282000777907,135.52312685016017,125.20118494715999,0,6.5,4,7.864158533348453,0.18932079266674226,-0.12499625513251156,0,6.060071822774657,52.46933057573036,0,3.0647138217026018,135.91896224736962,125.20118494715999,1,1,1,0,19,15,1,0,1258,0,,1,,0.26817528598528384,-0.11471025639925872,0,4.72683675105213,2.8980992071102083,,,,,,0.5459258467159658,31.75913102948599,50.79365079365079,51.28651429668181,3,20.992704589124482,25.591140654771603,25.239505754622282,18.296690912078365,,,,1609952
2025-10-07,129.46988325,129.75791957,126.262428,129.24531257,130.38928759864407,132.60135896908486,130.19263133783554,126.84495211808358,120.40896868150581,131.10094665070864,0,0,0,0,133.1043733862223,116.90202934592084,72.66958353693587,88.77409237150158,1,2,125.70534099898659,125.29080636209454,126.11987563587863,123.63266781452639,135.91941160129645,129.59681451,129.18227987310797,130.01134914689203,131.6694876944602,125.20118494715999,0,7,0,7.338609395341009,0.18669304697670505,-0.19339382678938685,0,5.8728539531474055,11.522324620313647,0,2.120753814830097,135.91941160129645,125.20118494715999,1,1,0,1,8,15,1,0,1258,0,,0,,-0.05866076988567246,-0.18168493926483814,0,-0.10343445888287839,5.430419723383921,,,,,,0.6606138530548158,28.725077741760536,45.63492063492063,41.195673338772316,3,20.344162864566073,23.96042388720381,23.325987978738624,22.072487976619882,,,,1918022
2025-10-08,129.42106354,129.70421788,127.32191345,128.20057067,129.65971528909606,131.52533230347964,130.00291127423216,126.89811362992344,120.48649705950078,131.30420653784242,0,0,0,0,132.74943561972447,116.95535549554556,43.690490542916294,94.09721072366423,4,0,125.40658263880175,125.00038704356271,125.81277823404079,123.37560466260656,132.0280363,128.20057067,129.19061891476096,130.00301010523904,132.95378264191228,124.91413445590572,2,6,7.5,6.402438280440431,0.18201219140220215,-0.3277088540811993,4,5.89276771729348,5.192387890020278,0,0.6914137710488177,132.0280363,124.91413445590572,1,0,0,0,10,8,1,0,1258,0,,0,,-0.5717449707138026,-0.31971990609637685,0,-1.9032243887014806,6.679535092254054,,,,,,0.6174491052205361,24.83588611042631,32.53968253968254,21.666135671162646,3,20.41314616710796,22.446186888747995,22.104514410796778,20.916654377342972,,,,1772564
2025-10-09,129.00121399,129.90193773,127.39016341,127.99552787,129.10498614939738,130.35377285309391,129.81173190240054,126.94114948247547,120.56121378398336,131.47626215986296,0,0,0,0,132.46182160631253,117.00152097936633,42.48542918086179,96.75211099616872,4,1,126.09299444311722,125.69338626253811,126.49260262369633,124.0949535402217,132.0280363,127.99552787,129.1972063294209,129.9964226905791,133.09880317463282,124.75924683689111,2,0,7.5,6.166422726414434,0.18083211363207216,-0.32591407574128145,4,5.827585017790429,8.853199440050723,0,0.6341576418914651,132.0280363,124.75924683689111,1,0,0,0,10,8,1,0,234,0,,0,,-0.81124238291797,-0.32024264369239475,0,-0.02984945182592158,6.64907004008497,,,,,,0.5549390836430487,20.793140309735893,23.015873015873016,3.000858146857484,2,20.187346672480402,21.114859849487896,21.30575058434009,19.742783189294197,,,,1577050
2025-10-10,126.95078598,128.61065628,123.7482127,123.76774058,127.32590429293158,128.79711208077748,129.23611368121954,126.81670207453526,120.59311952324721,131.59239503081324,0,0,0,0,131.8527822526744,117.03656679252923,26.380940398818623,98.04213598759301,4,2,121.69283729154681,121.03104443,122.52179611940801,119.37312677427761,129.11396128,123.76774058,125.83580418026074,126.66476300812192,130.39941120288955,,2,0,6,2.6325059583028696,0.19328440955669435,-0.920541728200163,4,6.597163859876543,4.947733574369359,0,0,129.11396128,,1,0,0,0,10,8,0,0,234,0,,0,,-1.2409750381214402,-0.9101761361017509,0,-2.4491709752235415,6.489570022110989,,,,,,0.6839416130472082,17.437605582199144,14.682539682539682,-23.697466890767824,0,22.853245982326754,20.639156887587035,19.074078268762868,25.520187597429494,,,,1963583
2025-10-13,124.97846951,126.90196626,124.53909207,126.72621529,127.12600795862106,127.4717768690883,128.99707573919864,126.81315357318093,120.65414535177212,131.67598518839358,0,0,0,0,131.6391034495209,117.06762716015072,52.05317232973012,98.2784270631025,4,3,126.11144303859997,,,124.04715354177934,130.19684009,126.81315357318093,126.4002956738168,127.22601147254505,128.87744307000156,123.7748962017496,0,5.5,0,5.032624383127918,0.1751631219156396,-0.39440358839911566,4,7.052369214523621,20.952119964428665,0,1.4718174830181392,130.19684009,123.7748962017496,1,1,0,1,8,8,0,0,234,0,,0,,-0.7847365628659432,-0.38735969083893185,0,2.1063137767082347,5.412801866467031,,,,,,0.42845536491301595,13.736426003263785,3.5714285714285716,-43.77258897367986,0,24.43012358657905,20.197432708679088,17.781207239591183,23.790389138031482,,,,1219136
2025-10-14,125.11028274,129.83114914,124.65137742,127.7514293,127.3344817390807,126.5739823165602,128.87844274498923,126.84994869972284,120.7247650925505,131.73808492603078,0,0,0,0,131.39713431849344,117.12188429727087,69.39823300313388,94.63857098572029,4,4,126.57604082488021,,,124.4279607689039,132.0280363,129.81934157976744,129.38972556857217,130.2489575909627,131.96742163574373,124.04365195994,0,7,4,5.820399983435619,0.1791019999171781,-0.2049493747135258,4,6.946206736320841,41.07814825512561,0,2.6887683276787455,132.0280363,124.04365195994,1,1,0,0,8,8,1,0,234,0,,0,,-0.5400466756184985,-0.19936645252720234,0,2.9445993966783446,2.9046373725670893,,,,,,0.6801822705759084,13.410529046126182,2.7777777777777777,-44.267620813304404,0,24.062365974369772,18.874732164460674,21.954695232354734,21.229364923263827,,,,1941314
2025-10-15,128.80593514,129.19649285,125.68908927,126.51140855,127.06012400938714,125.93550118151991,128.65301091689503,126.83667261541999,120.78234363441567,131.7754195121343,0,0,0,0,131.12153510545505,117.16746241456603,76.5088832547691,96.71479378211791,4,5,126.48753055939999,,,124.33630427617199,130.19684009,126.51140855,126.40642735877438,127.26691787206559,132.63845490316479,123.7482127,2,0,6,4.74329669651475,0.17371648348257374,-0.36926996494726316,4,7.000067882587622,22.228762020157205,0,0.4509833434788259,130.19684009,123.7482127,1,0,0,1,8,5,0,0,234,0,,0,,-0.5282449275520118,-0.36563186326898206,0,2.6135834529315476,5.690969088463716,,,,,,0.670013580856221,13.124349713540367,2.380952380952381,-45.8766188617995,0,24.2489464581457,17.646510230543573,20.356686898188656,19.68415093976778,,,,1864622
2025-10-16,126.93125809,127.55615044,124.65625939,125.32997145,126.48340648959143,125.4187117443394,128.33653096766693,126.77758629520744,120.82759366243143,131.78480477255232,0,0,0,0,130.7660744359489,117.21313489380054,73.12178178014844,93.9459382752512,4,6,122.65392412440923,,,120.79743010340206,129.11396128,125.32997145,125.73675035238915,126.67676932939999,130.95939313579586,123.7482127,2,0,5.5,3.7262827563605514,0.16863141378180274,-0.5094373368548133,4,6.9362084341977965,31.801888679805586,0,0.28098068296981454,129.11396128,123.7482127,1,0,0,0,8,8,0,0,234,0,,1,,-0.6754270006814369,-0.5068777262581268,0,1.5529270225583085,2.933934683802974,,,,,,0.791157047411634,13.051479427628157,2.380952380952381,-45.6815980059611,0,24.0277308398367,16.66193178634486,19.117696839496492,20.653837353425793,,,,2161453
2025-10-17,125.98415563,127.76119324,125.35926328,126.21849026,126.39510107972762,125.06123181458092,128.134812805032,126.75566096049343,120.88123442459629,131.77591392537565,0,0,0,0,130.54998442068467,117.25390691746207,64.92407397885694,95.16265025119341,4,7,123.19942295966857,122.36596980189452,123.7482127,120.69906348634643,130.19684009,126.82686517929262,126.4101386004056,127.24359175817965,128.91049807372772,123.7482127,0,2,4,4.415288990726681,0.1720764449536334,-0.32758461282826434,4,6.87530041990034,20.88373923088251,0,1.4775407354697643,130.19684009,123.7482127,1,1,0,0,8,8,0,0,234,0,,2,,-0.40731514005739883,-0.32756204908453235,0,0.8009274449432611,4.195522537663081,,,,,,0.7452002417606203,13.500404583885084,4.365079365079365,-43.31547899991332,0,23.816739289134045,15.66222591627148,18.561167981033297,19.57797649172065,,,,1756900
2025-10-20,126.31612969,127.99552787,126.31612969,127.26323215,126.68447810315175,124.95864870226578,128.0518051236004,126.7755657130231,120.94473688952567,131.75834266265747,0,0,0,0,130.3814852851938,117.30517750250264,73.35291682011233,82.2358879671509,4,8,126.96071378947788,126.55788698756493,127.36354059139083,124.94657977991314,132.0280363,131.9980632672093,131.59523646529635,132.40089006912223,134.01219727677403,123.7482127,0,3.5,1,5.224282943577622,0.02612141471788811,-0.14215581793476775,4,6.925105319036392,52.02989492444963,0,4.095978980560534,132.0280363,123.7482127,1,1,1,0,14,8,1,0,234,0,,3,,-0.29528862096975655,-0.14266313788099824,0,2.442174564147999,0.9061482991761763,,,,,,0.872680693089633,13.950279002565521,5.9523809523809526,-41.84783504114053,0,23.98926852067302,14.631417641725111,18.34948469364513,18.806845707165536,,,,1997926
2025-10-21,127.4780389,127.55615044,123.92396367,125.56430608,126.31108742876783,124.91116888769048,127.8149004527813,126.72806533525748,120.99070275211746,131.72458561121616,0,0,0,0,130.11137387878645,117.35390885112804,64.36321399843911,83.94685324070139,4,9,123.22026202499664,122.40729462912259,123.7482127,120.7813598373745,129.11396128,127.0518870525335,126.64540335459648,127.45837075047052,129.08430554221863,123.7482127,0,2,3,3.7801279138388133,0.018900639569194067,-0.3840859639552092,4,6.704861152730337,31.45559360990085,0,1.6254892234548244,129.11396128,123.7482127,1,1,0,0,8,8,0,0,234,0,,4,,-0.41502825348562566,-0.3830671891187576,0,0.7276983190354551,2.2028740740554005,,,,,,1.0454600199938302,12.75045608425266,2.380952380952381,-45.10341761860309,0,23.226320348447544,14.613996160836829,16.88551903526929,22.560875755962748,,,,2315049
2025-10-22,126.11108689,128.35679376,124.72948896,128.2982101,126.97346165251189,125.22369621590306,127.86092994299261,126.78963963975718,121.06341426801679,131.6939165831454,0,0,0,0,130.0218355266779,117.41340800971453,75.13495015903177,46.389370501687054,1,0,127.20758617816809,126.79775038008371,127.61742197625246,125.15840718774619,132.0280363,131.9980632672093,131.58822746912492,132.40789906529366,134.04724225763118,124.04365195994,0,3.5,0,5.976038157957808,0.02988019078978904,0.06102044461923075,0,6.2179071866294375,77.28974806882837,0,2.3523811947922892,132.0280363,124.04365195994,1,1,0,0,8,15,1,0,234,0,,5,,-0.03398647921634542,0.0576039081168347,1,2.4100815820353585,-3.1124485439945033,,,,,,0.9876477034907295,9.878815966762746,1.9841269841269842,-54.13619979766069,0,21.539462327979685,14.223502214962805,17.29542640027858,20.778036896553463,,,,2144748
2025-10-23,129.13790919,133.73672631,129.01097794,132.60410894,128.8503440816746,126.21153461120608,128.31266127604093,127.01765804368827,121.17824705082259,131.6937686255127,0,0,0,0,130.17952307039315,117.52139959171537,87.04039294068465,23.99144632803685,2,0,127.50692307798357,127.07780308503023,127.93604307093692,125.36132311321681,134.87910764,135.34606371573895,134.9169437227856,135.7751837086923,137.49166368050572,127.8260257284,0,1.5,0,9.428971096095626,0.047144855480478136,0.6936883763150982,0,6.867904413846982,93.5743917923197,0,3.435954829919953,134.87910764,127.8260257284,1,1,0,0,8,10,1,0,234,0,,6,,0.4218462551682585,0.6835434897683063,2,5.615765716484647,-5.05754650120622,,,,,,1.3746190885035932,9.884126984380247,2.380952380952381,-58.45455155410434,0,23.79111877261904,14.49527187192812,26.532182632574138,18.426844499290652,,,,2824646
2025-10-24,133.60979506,134.11214992,131.76440984,131.79370167,129.83146327778306,127.51168054056537,128.64418893260844,127.20495387217109,121.28387346494375,131.71772404426744,0,0,0,0,130.236675481709,117.5821288130134,90.94322706025588,13.126237831649878,2,1,127.70570186336282,127.28627133347756,128.12513239324807,125.60854921393654,134.45668847648946,134.5078907993392,134.08846026945395,134.92732132922447,136.60504344876549,127.8260257284,0,0,1.5,8.665478686326775,0.04332739343163388,0.5001892365117371,0,6.871827804962151,87.04102137938881,0,3.219120274803803,134.45668847648946,127.8260257284,1,1,0,0,8,10,2,0,234,0,,7,,0.7918063757140636,0.49083495566337787,3,3.443325235845017,-4.581973590332773,,,,,,0.850984255747262,9.867130851885381,1.9841269841269842,-58.54966964283046,0,23.804709798117916,14.855171309133732,26.00535633790181,17.505922339522634,,,,1697882
2025-10-27,132.11591179,132.91655511,130.91982878,132.22331516,130.62874723852204,128.923441017971,128.98505809712194,127.40175235404674,121.39272363106372,131.76726914960625,0,0,0,0,130.335181710817,117.67335374744252,94.8574651001183,7.365492360458807,2,2,132.22331516,127.60484174158158,128.41943998154704,125.97564526165063,134.0060828488539,134.11190403565948,134.0060828488539,134.87910764,136.50830411993095,128.59394186,1,2,3.5,8.921944581993706,0.044609722909968536,0.510067586773924,0,6.768140812395177,92.93726297232139,0,0.2853492130441966,134.0060828488539,128.59394186,0,1,0,0,8,10,1,0,234,0,,8,,0.5067037708012944,0.49957706170875915,4,5.409576820092758,-5.04803535919334,,,,,,1.2636938275229261,9.748525928643646,1.9841269841269842,-58.420530651513936,0,23.445527519697883,14.825615166354414,24.86707436094131,18.591110444376465,,,,2501817
2025-10-28,130.90518287,132.5383976,130.50486121,130.50486121,130.58745189568137,130.04028181099434,129.12980125072937,127.52344289741745,121.48339166667502,131.8301388662188,0,0,0,0,130.34278520447486,117.74855276690572,94.93264130006608,12.39961730027537,1,0,128.1116344923768,127.71527159176783,128.50799739298577,126.12981998933195,133.62440080003842,133.77648647760952,133.62440080003842,134.56921227882745,136.15466388126333,126.69161178354,0,0,1.5,7.426092916534636,0.03713046458267318,0.2010457339673759,0,6.798967969957588,78.62681454024388,0,2.7816762361925647,133.62440080003842,126.69161178354,1,1,0,0,8,10,1,0,234,0,,9,,0.2181923875261051,0.19298412746110452,5,3.9281146517321135,-2.073591410385413,,,,,,1.1917933165362222,9.905160584493457,3.5714285714285716,-57.94400594992476,0,23.552315925999938,14.617964027462765,23.727964475149655,18.674256140962203,,,,2367039
2025-10-29,129.4112996,135.49911801,127.71422868,134.74241244,131.9724387437876,131.28678269402207,129.66433564970754,127.80653974222461,121.61532222163348,131.92871502020148,0,0,0,0,130.68504864752032,117.93398884455057,99.92423851532604,2.1982558015473304,2,0,134.74241244,127.368980536927,128.24409894752222,126.73213563424237,,134.87910764,134.44154843470238,135.31666684529762,137.0669036664881,129.50351017673998,1,7,0,10.79394436372379,0.053969721818618956,0.799397029264661,0,7.456988451056069,96.97815188559129,0,0,,129.50351017673998,0,1,0,1,8,10,1,0,1259,0,,0,,0.7805470421319703,0.7861613747702154,6,9.13943668964442,-4.620370910375935,,,,,,2.1259349094147924,9.75808391918707,2.380952380952381,-62.224479664309094,0,25.831765737366908,15.33648530153676,26.00015624344193,15.70777967786395,,,,4455928
2025-10-30,134.0296446,138.0328612,132.84820751,133.83436574,132.5930810758584,132.47632893337013,130.06148137259254,128.04292507547072,121.73690474420428,132.05303339262022,0,0,0,0,130.84644213987752,118.05355367443381,98.11067262086937,12.620979767760089,2,1,128.76350073047954,128.3109042033282,129.21609725763088,126.50051809472276,134.73432361692667,134.75187319548104,134.2992766683297,135.20446972263238,137.0148558312378,129.50351017673998,0,0,4,9.937381783457635,0.04968690891728818,0.579252135538065,0,7.497722729149396,82.48044808436224,0,2.6384749012669366,134.73432361692667,129.50351017673998,1,1,0,0,8,10,1,0,1259,0,,1,,0.8103336662580243,0.5661826995937179,7,5.433079231987802,-1.5869499998877536,,,,,,1.432896054299798,9.605950870622769,1.9841269841269842,-63.01544801453627,0,25.972873415901475,16.63733613643763,28.33928853501391,14.10118873571565,,,,3093927
2025-10-31,133.47309986,134.40067443,132.05732813,132.92631905,132.70416040057228,133.42863587477058,130.33432305615514,128.23443072153069,121.84824219998335,132.19372863918164,0,0,0,0,130.9104738568808,118.12255169377919,95.197658886884,22.29200267055012,2,2,131.86091392860465,131.41972298999983,132.30210486720947,129.6549592355805,134.87910764,134.60775324010012,,,136.81370793312428,128.59394186,0,3.5,4,9.09170017556327,0.04545850087781635,0.3826825264280146,0,7.373478282613473,62.81044015560455,0,1.3682029467512313,134.87910764,128.59394186,1,1,0,0,8,10,2,0,1259,0,,2,,0.6117944862299499,0.3679318310635902,8,2.8688870539102407,-0.567295353402809,,,,,,0.8898535838219812,9.44564310685755,1.9841269841269842,-63.019864022163986,0,25.542478027984483,17.481995327273587,26.995345658668633,15.033000418628209,,,,1917690
2025-11-03,133.49262774,135.65045913,131.40314395,134.66430089,133.35754056371485,134.31005532209522,130.7467018974737,128.4865824928432,121.97576517202332,132.3575937972461,0,0,0,0,131.0629257756544,118.22740250362607,96.52311148424485,20.220521035387584,2,3,134.66430089,130.60232922024974,132.15496756,127.82234589322124,134.87910764,135.73164926715873,134.87910764,135.84924121573235,137.63964024412172,130.46092346,1,3.5,0,10.402505530571538,0.05201252765285769,0.5902775336136034,0,7.463465156654056,78.65474250919803,0,0.03139552220105816,134.87910764,130.46092346,0,1,0,0,8,10,1,0,1259,0,,3,,0.6712841129042287,0.5754740062644397,9,4.649714041079623,-1.5683765415271176,,,,,,1.195087597833818,9.283511294587923,1.9841269841269842,-64.09283333910453,0,25.854201703689668,18.577326266400807,27.20122012796966,13.759343982537835,,,,2636850
2025-11-04,132.15496756,133.35593254,130.22512424,132.54552528,133.08686880247657,134.77545218232382,130.91801841009527,128.64575671979054,122.08093691439124,132.52646347781834,0,0,0,0,131.12139279152913,118.31856253137892,96.71684776652705,22.051263013492473,2,4,132.54552528,131.40565007692496,132.31617778028433,126.5830134265626,136.1643598931323,134.11214992,,,136.3884691783984,128.59394186,1,3.5,2.5,8.571844736862559,0.0428592236843128,0.21262151260955262,0,7.65151443017604,73.55078081575985,0,0.6069312232974533,136.1643598931323,128.59394186,0,1,0,0,8,10,1,0,1259,0,,4,,0.6317045255682773,0.19758554351859262,10,4.154408905275923,-1.1055459414398847,,,,,,1.1879722728194162,9.120723599967222,1.1904761904761905,-65.58947726166613,0,26.505623495822654,19.042402326165092,24.83306787017754,14.871764290801401,,,,2665553
2025-11-05,132.77985991,134.67328372,131.87181322,132.72127625,132.96500461831772,134.9132053551403,131.08975725199096,128.80558101509288,122.18681093763114,132.6978493124472,0,0,0,0,131.1719829494052,118.39409340088608,94.43358434005572,33.490874536161215,2,5,131.86091392860465,131.41315579400924,132.30867206320005,129.6221232556276,136.50755205439512,134.11214992,,,136.35094059297705,128.59394186,0,3.5,4,8.621605909451265,0.04310802954725633,0.20770773848335145,0,7.587864246030881,56.996167151625606,0,2.0755125442842663,136.50755205439512,128.59394186,1,1,0,0,8,10,1,0,1259,0,,5,,0.3484073355267115,0.19363959259101662,11,2.8439313551674656,0.16869368549811153,,,,,,0.9742401208979854,8.957357037279678,1.1904761904761905,-65.92234435792538,0,26.28513279012159,19.8246623455895,26.072696201181916,14.040982364518188,,,,2207154
2025-11-06,133.39498831,137.09552268,133.13136185,134.9376913,133.62256684554515,135.03669260474157,131.45622716132516,129.0460559282265,122.3136853690975,132.8821164895844,0,0,0,0,131.28065702803482,118.47522579354556,94.50881715539879,17.925891561974233,2,6,134.9376913,129.18085503971767,130.09051740450204,127.6603923817253,137.17226696748648,137.17226696748648,136.7174357850943,137.62709814987866,139.44642287944734,130.46092346,1,2,5,10.321008555018132,0.05160504277509066,0.5017626346836738,0,7.71976668611425,85.26500311167453,0,0.3070611352620152,137.17226696748648,130.46092346,0,1,0,0,8,10,1,0,1227,0,,6,,0.12415921900894186,0.4915678201373798,12,3.3735207304238175,-4.5229752002972745,,,,,,0.905620034552042,8.679830871703267,1.1904761904761905,-67.54239542425375,0,26.742056245855,21.125033710422585,28.588847536233487,12.83530117366841,,,,2074206
2025-11-07,135.4161245,137.43726069,133.42428014,134.69359272,133.97957547036344,135.1302738689498,131.76454769072276,129.26752795927644,122.43686852681792,133.07297773489393,0,0,0,0,131.3786184141622,118.55626429946004,94.4481910053369,27.365773270657435,2,7,132.7828117960465,132.32463837177164,133.24098522032136,130.49194467467214,137.3764218152682,137.91168673905355,137.4535133147787,138.3698601633284,140.20255386042788,130.46092346,0,2,2.5,10.010648214591859,0.050053241072959304,0.4051869936745339,0,6.744677157435462,62.9239116385432,0,2.0051839656530808,137.3764218152682,130.46092346,1,1,0,0,8,10,2,0,1227,0,,7,,0.18042983734415083,0.3983912745043563,13,3.323232851667295,-0.2807510911229354,,,,,,0.9241098199054751,8.737789543279115,1.5873015873015872,-62.60187828728727,0,23.364247034654902,22.408396909081713,27.019091650260318,11.831551999807122,,,,2123965
2025-11-10,134.41043838,136.56826976,132.53576133,135.37706873,134.44540655690895,135.31268545721863,132.10859731351107,129.50711779342245,122.56562673779486,133.27107168198762,0,0,0,0,131.48011877388518,118.63218885814297,95.7074430685038,15.375972021023639,2,8,135.37706873,129.39323237604373,130.31613495737565,127.99384807934476,137.87056827393457,138.11120426091142,138.0328612,138.98972761,140.83553277266378,131.44615412426,1,2,3.5,10.452720173832018,0.05226360086916009,0.4542195861410916,0,6.431824793861087,86.12780657406333,0,0.33772518280532315,137.87056827393457,131.44615412426,0,1,0,0,8,10,1,0,1227,0,,8,,0.20288831188919357,0.4493358021497894,14,4.179619772858851,-4.028029564931131,,,,,,0.8258465678026481,8.586176446423305,1.1904761904761905,-61.46325932740274,0,22.280494656697243,23.145082263843516,24.91093858253472,12.627585712453396,,,,1927362
2025-11-11,136.30464331,139.56091827,136.26314655,137.52513617,135.47198309460597,135.75741741835412,132.6244581569862,129.82154988662157,122.7144775779163,133.48783997637355,0,0,0,0,131.65153018149616,118.72972071183806,92.24987824719061,23.583333174879453,2,9,137.52513617,132.15496756,133.16746891437998,130.29158242538358,138.0328612,138.50338655754055,138.0328612,139.43507912484876,141.29846425946516,133.16746891437998,1,0,9,12.069202334076532,0.060346011670382664,0.7140420442267261,0,6.536440473298007,57.810920716362126,0,0.07019026165083692,138.0328612,133.16746891437998,0,1,0,0,8,10,1,0,1227,0,,0,,0.5947207618564408,0.7066226667752876,15,2.319600322089558,-0.5778765153929458,,,,,,0.9438703229307052,9.58334466997398,4.761904761904762,-57.676149216465234,0,22.642894000803413,24.513723014168335,28.64916647693399,11.614990836967069,,,,2215758
2025-11-12,136.79284045,138.40389104,134.59605093,134.76194032,135.2353021697373,135.9871858198779,132.82802788679706,130.01529068793053,122.83435282908131,133.7036353669618,0,0,0,0,131.73133973329703,118.80621820995101,94.13958629305452,27.70804097500891,2,10,130.25535579012544,129.78878566860735,130.72192591164352,127.92250518253498,138.0328612,138.5830055956589,138.0328612,139.51614583869508,141.38242632476744,130.46092346,0,0,4,9.710302709467129,0.05299595799178009,0.23061068073234134,0,6.841743190825406,67.51718476153539,0,3.3339063309792323,138.0328612,130.46092346,1,1,0,0,8,10,1,0,1227,0,,1,,-0.11150172214490203,0.22826839822282297,16,3.8076126226613063,-0.575291555518011,,,,,,0.8729974086869948,10.401435520548892,7.936507936507937,-56.113000515713985,0,23.70049363769602,24.984314069175266,26.56152580718124,13.95887244165324,,,,2057815
2025-11-13,135.0743865,137.27127366,135.0743865,136.20700388,135.55920273982488,136.2160251680619,133.14983512424496,130.25810296997247,122.96741403356806,133.92619310771812,0,0,0,0,131.86370924943452,118.90427993629166,91.19463293743465,15.50766551184673,2,11,136.20700388,132.3271633498154,133.2384602422776,130.50456956489106,138.0328612,138.62562279337737,138.0328612,139.53691968583954,141.3595134707639,131.44615412426,1,2,2.5,10.766746581185933,0.06272262179481855,0.4087729283066228,0,6.748235993893508,78.09096700553302,0,0.32018910154954205,138.0328612,131.44615412426,0,1,0,0,8,10,1,0,1227,0,,2,,0.1232131848104949,0.4070066081559005,17,2.2483860735396064,-4.060545164891314,,,,,,1.03073601105173,11.079295854447677,8.333333333333334,-52.6051367365842,0,23.37657520577723,25.421291477395986,25.255464812042213,13.272498512515654,,,,2444206
2025-11-14,138.23790401,139.86848248,136.24605965,138.96043578,136.69294708654994,136.7148366925554,133.7032256628883,130.59937092330688,123.12654857830867,134.1691273163964,0,0,0,0,132.08291780611071,119.02535202042552,93.5243257550391,23.24398414965066,2,12,138.96043578,137.57706729814257,138.48865510185746,132.5997084351405,146.861906604,139.7366027295097,,,142.0155722387969,133.16746891437998,1,1.5,7,12.859848168017935,0.07763257417342302,0.7572743512416302,0,6.928254860524939,67.23843098335685,0,1.242227562290604,139.54133324763194,133.16746891437998,1,1,0,0,8,10,2,0,1227,0,,0,,0.49020574004260403,0.753029599711016,18,3.7475824798710633,-0.6280537628320714,,,,,,1.0906448306799992,13.353583242703609,10.714285714285714,-44.36048445800926,0,24.000178852430437,26.43994701669059,28.531705481973344,12.320529849508347,,,,2634105
2025-11-17,138.57640352,138.57640352,134.10095582,134.55883991,135.98157802769995,136.8792058490117,133.7847127340418,130.75464421690268,123.24030272091257,134.40314937926,0,0,0,0,132.16198794344268,119.12485731223275,95.61068421621184,48.447369100502314,2,13,130.62098186181407,130.1543564533036,131.08760727032455,128.2878548192617,138.0328612,134.69359272,134.22696731148952,135.16021812851048,137.02671976255237,130.46092346,0,0,6,9.184119917912849,0.06369837736734202,0.03670771150492576,0,7.835202051097786,56.33858205819809,0,3.1768005783677977,138.0328612,130.46092346,1,1,0,1,8,10,1,0,1737,0,,0,,-0.11588705106561968,0.040387159603532716,19,4.556902932952461,1.8105262977807859,,,,,,1.1454761390558035,15.105549731479528,16.666666666666668,-44.34608611972512,0,27.141936080138485,26.390849597516734,25.878742915810243,15.279446073914727,,,,2813228
2025-11-18,133.93848083,136.91226565,133.69230658,136.29190657,136.0850208751333,137.02657792287965,134.02349309937114,130.9717917601614,123.37016942587861,134.63794413112657,0,0,0,0,132.27098417970464,119.21769581485871,95.95202384009512,25.786797311832224,2,14,136.29190657,134.23154806325812,135.15563737674188,129.99594932606504,138.0328612,138.0380925494458,,,140.34831583315517,131.44615412426,1,3.5,0,10.473955903809337,0.07459200174126891,0.27598589175097593,6,7.701713115944004,85.12033372536243,0,0.27651944931441597,138.0328612,131.44615412426,0,1,0,0,8,10,1,0,1737,0,,1,,0.27336624045885194,0.2790912624041581,20,3.903032706474261,-4.138109951078817,,,,,,0.9708513459994347,16.506773587252475,21.03174603174603,-38.12941334880986,0,26.67951684426925,26.165170683484284,24.268499423802897,15.118394329536505,,,,2387895
2025-11-19,133.67753613,133.76615886,131.01393085,132.43189447,134.8673120734222,136.67902884322945,133.87191227752626,131.029050689959,123.46033584422808,134.84803515196103,0,0,0,0,132.27602689322316,119.30472045216108,89.46681051253793,58.555936099925695,4,0,130.74374743636548,130.2675811861766,131.21991368655435,128.36291618542108,138.2389627422226,134.69359272,134.21742646981113,135.16975897018887,137.0744239709444,130.19160690577735,0,4.5,1.5,7.266753783248639,0.036333768916243195,-0.315831276157695,6,8.130967150354381,34.28736324602399,0,3.1481505893725257,138.2389627422226,130.19160690577735,1,1,0,0,8,8,1,0,1737,0,,2,,-0.12688507162092105,-0.30787763933168205,0,2.552431447285299,2.9586515993688947,,,,,,1.1714872673888854,17.673858516442014,23.80952380952381,-37.25219409081966,0,28.166496438174633,24.864387445630516,21.866716908076338,18.644380990271554,,,,2927209
2025-11-20,132.75684447,134.91333082,129.93076419,129.97015207,133.2349254056148,135.70965392345843,133.50031606728567,130.98752525388218,123.52511013503178,135.01969995182722,0,0,0,0,132.2240214607555,119.35618623282038,71.59518629654617,73.111273252956,4,1,129.70116076028148,,,127.26795287413668,138.46601320071846,131.25229155830505,131.1735922932,132.2240214607555,134.17058776967133,125.20118494715999,0,0,3,5.217596590622601,0.026087982953113004,-0.6483913300108818,6,7.6605538993091535,26.124107612802852,0,2.07350665349768,138.46601320071846,129.70116076028148,1,1,0,0,8,8,0,0,1737,0,,3,,-0.5839228660332862,-0.6375419153247075,0,0.6389583285354359,2.4349745548135235,,,,,,0.8742464250501122,18.096674531713365,24.206349206349206,-31.805715032799437,0,26.53693713544666,24.012139232253165,21.972485974350302,16.939971866412957,,,,2155228
2025-11-21,129.89137631,132.48112932,128.67035208,131.67367781,132.71450954040986,134.62738938160564,133.32635051897273,131.01443319725936,123.6061904104046,135.16458176518591,0,0,0,0,132.21094988815307,119.41997263982262,68.80471885466785,75.16871706065103,4,2,130.70676851249317,,,128.27723720571586,138.4728483522789,132.21094988815307,131.7250436267976,132.69685614950853,134.64048119493037,129.68232322272104,0,3.5,0,6.526766477317393,0.032633832386586965,-0.3430829650091699,6,7.764076040913527,36.195010170239186,0,1.0407878500591,138.4728483522789,129.68232322272104,1,1,0,0,8,8,1,0,1737,0,,4,,-0.3887535244923655,-0.3350982947912812,0,1.3252391622252082,1.448167733732348,,,,,,0.931249021917578,18.543799493072793,25,-31.05253237663862,0,26.89554835338089,22.735553218167176,20.433898329752488,18.069796482204676,,,,2324951
2025-11-24,131.6441369,132.16602629,128.6309642,131.16163539,132.19688482360658,133.48322436521516,133.12018717335627,131.0202058322688,123.6813689674155,135.27994363989035,0,0,0,0,132.17940230994714,119.49879221993834,75.91704095596617,84.4915361393759,4,3,130.31697003079154,,,127.90316140262331,138.53226741026873,131.53552984939074,131.0527681237571,132.0182915750244,133.94933847755897,126.69161178354,0,3.5,1.5,6.048013928884639,0.030240069644423197,-0.38944817731208686,6,7.765010229027902,31.450523851277293,0,2.006753149079039,138.53226741026873,129.51673618773123,1,1,0,1,8,19,1,0,1737,0,,5,,-0.5001170754172826,-0.38049995268426784,0,2.556946273348495,3.4454488470665465,,,,,,1.2024970641081703,18.929182872388488,25.396825396825395,-29.62811055896499,0,26.898784475936736,21.534835865185766,19.097926130985762,16.96123673006073,,,,3034154
2025-11-25,130.65943994,132.56975205,129.05930738,132.07740357,132.15705773907106,132.5502240853697,133.0208744492271,131.06166456708178,123.76491160027703,135.37308023145488,0,0,0,0,132.17762314643127,119.54845398210112,77.70567216814896,87.73682947916302,4,4,130.79379958504308,,,128.39568957897615,138.41310411865774,132.17762314643127,131.6980011452179,132.65724514764466,134.5757331524982,127.8260257284,0,5,0,6.716355922080555,0.033581779610402776,-0.2230228750571448,6,7.6789054719149465,32.97602203884923,0,1.8145945794906233,138.41310411865774,129.79315371534224,1,1,0,1,8,19,1,0,1737,0,,6,,-0.6081703979547289,-0.21482189207378863,0,2.2466435094287314,2.901938765445013,,,,,,0.7182368172468111,18.76628206863012,25.396825396825395,-29.45141697837496,0,26.600508847750703,20.566462489089403,18.601448158170335,15.852821387855652,,,,1791598
2025-11-26,131.89031114,134.29297173,131.83122933,132.89470205,132.40293917604737,131.9623048072394,133.0088580302531,131.13354838994132,123.85575528634392,135.44995414039062,0,0,0,0,132.18541579556938,119.58156042347724,76.16707317738458,78.35489425641669,4,5,131.7543994221738,131.28705629247565,132.22174255187196,129.41768377368308,138.3411092384041,139.01830044031823,138.55095731062008,139.48564357001638,141.35501608880895,129.6803775565959,0,5,3.5,7.297962652408693,0.03648981326204347,-0.08707041514595748,6,6.9727332200405945,44.01673341628619,0,3.9961742412919055,138.3411092384041,129.6803775565959,1,1,0,0,8,8,1,0,1609,0,,7,,-0.26129664553854537,-0.07876566680787063,0,1.878526148884959,0.8851405549652955,,,,,,0.4847166443312394,18.843742980612994,25.793650793650794,-21.985828662367098,0,24.154256409467298,20.266265648509233,21.018798539030378,15.107239606922063,,,,1128452
2025-11-28,133.35750962,135.81432854,133.16057023,134.86409597,133.22332477403157,131.81292934244243,133.18554735784804,131.27984437347303,123.9652910145395,135.5235480348338,0,0,0,0,132.20951588788245,119.61316531848327,80.25875595624498,69.81563704022952,4,6,131.41959343284432,130.4995342903692,131.67367781,128.65941600541896,138.40744396352085,138.68519712263205,138.57640352,139.60525626510716,141.4453745500574,130.46092346,0,2,5.5,8.79181976363223,0.04395909881816115,0.2041140376949997,6,7.104951787509815,51.24254904564664,0,2.531667153438992,138.40744396352085,130.46092346,1,1,0,0,8,8,1,0,1545,0,,8,,-0.20562784452415253,0.20997977581886998,1,2.6860495039225416,0.431926257854787,,,,,,0.4245569308429995,18.927250309912715,26.19047619047619,-23.098330655403913,0,24.612274962588625,20.463855501992352,22.780498952139713,14.251170863409211,,,,942731
2025-12-01,134.87394294,138.55670958,134.73608536,137.62124746,134.6892990026877,132.2817513882108,133.60799498662442,131.5285268474545,124.10117117817593,135.61182897464974,0,0,0,0,132.31406783780065,119.694342647454,87.07521761352109,35.720956455712944,2,0,131.65976381186726,131.1984807794681,132.12104684426643,129.35334864987144,138.87253357880076,138.87293877687782,138.57640352,139.79550484167615,141.6406369712728,133.16746891437998,0,2,0,10.894398621277213,0.05447199310638606,0.5793971635406994,6,7.327513068438858,85.77625687572667,0,3.1272642869256915,138.87253357880076,133.16746891437998,1,1,0,0,8,10,1,0,1545,0,,9,,-0.20000482034335093,0.5822586673597657,2,3.203319831937132,-5.029974770627622,,,,,,0.9265647007446768,19.63075734762619,31.349206349206348,-22.662553221055525,0,25.38324985532205,21.38423867917905,26.40397886753768,13.197270950019233,,,,2064231
2025-12-02,137.23721565,137.60155353,134.16496113,135.46476112,134.94778637512513,132.9456332213476,133.7848298564697,131.6828889757896,124.21424172486074,135.69996990762507,0,0,0,0,132.3730349657052,119.76421335869742,91.20329503911913,20.132976023620685,1,0,131.74171892337756,131.28252497963192,132.2009128671232,129.4457492046493,138.93863769843733,138.8996228746631,138.57640352,139.8180107621544,141.654786537137,131.44615412426,0,3.5,2.5,9.057350621726274,0.04528675310863137,0.20534667726538067,6,7.426567813199395,85.20809142032806,0,3.1345878459782806,138.93863769843733,131.44615412426,1,1,0,0,8,10,1,0,1545,0,,10,,0.020819147088356835,0.21147967629723746,3,4.0219917527501,-4.059504294349548,,,,,,0.9271861162177311,20.289212835848407,32.93650793650794,-21.134615699575374,0,25.726385556634085,21.96089615970233,24.629524170880366,13.420855201346264,,,,2037846
2025-12-03,136.22297778,138.13328989,134.97733612,137.70987019,135.86848098008343,133.9040917900368,134.15864322156784,131.91924118026844,124.34852658521038,135.8020010227668,0,0,0,0,132.47809821699371,119.84912158822858,92.22529650745889,10.45659584118485,2,0,137.70987019,131.67367781,132.9223281788707,130.4367096300646,139.34303152389197,139.06286359916717,138.57640352,139.86848248,141.68677261998386,133.16746891437998,1,2,0,10.745075934320544,0.05372537967160273,0.5048186318061694,6,7.389287588730118,88.27513351159601,0,0.22454630561688946,139.34303152389197,133.16746891437998,0,1,0,0,8,10,1,0,1545,0,,11,,0.07058158182297909,0.5089046168792799,4,3.0604164764076893,-6.020696460356485,,,,,,1.005826416823228,20.91563328410093,35.317460317460316,-18.289507873096444,1,25.597243070837365,22.63961723613677,24.147202834233713,12.588919793657443,,,,2186601
2025-12-04,137.58185959,138.42869897,135.07226091,137.2864505,136.3411374867223,134.9561665796498,134.45652962903756,132.12971997712066,124.47726214655157,135.91578309937177,0,0,0,0,132.57061900368035,119.93095702208505,93.00484246707182,5.610960737676424,2,1,133.49262774,133.04055647482517,133.9446990051748,131.23227141412588,138.55670958,139.17773225966954,138.57640352,139.86848248,141.6767675406993,133.16746891437998,0,2,2.5,10.290384068993834,0.051451920344969176,0.3886294138352655,6,7.406030930181945,88.5764052792121,0,2.240390942804845,138.55670958,133.16746891437998,1,1,0,0,8,10,1,0,1545,0,,12,,0.41895281860467276,0.39055576619527205,5,3.178579046092506,-6.046588484454019,,,,,,1.0030371681469699,21.50685465422102,36.507936507936506,-16.16975110491732,1,25.65524370700344,23.351736014426198,23.129907423183514,11.754389362270645,,,,2179132
2025-12-05,137.57201262,140.34885805,137.09935807,137.22736868,136.63654788448153,135.96171387847835,134.72041906246255,132.32962776939044,124.60412887822767,136.03948328714492,0,0,0,0,132.66512945049797,120.01791057834158,84.88272433941168,11.821818085123187,2,2,132.3886409080844,132.2249845406,133.16746891437998,130.4298091278078,138.55670958,140.0912032825149,139.64240942931684,140.53999713571295,142.33517254850514,133.16746891437998,0,0,9,10.130675376021209,0.05065337688010605,0.33844510336735656,6,7.240368463102375,55.61395744610675,0,3.1488506231222306,138.55670958,133.16746891437998,1,1,0,0,8,10,2,0,1545,0,,0,,0.6708492099892585,0.3359390439397614,6,1.1531236290710511,-1.5788470305707756,,,,,,1.0731658249346148,22.127189215223552,38.095238095238095,-11.778394187240208,1,25.081372087225397,24.517483654428602,25.45469564360449,10.994497684088758,,,,2346077
2025-12-08,136.29190657,137.90680958,135.44506718,136.93195959,136.73501845298767,136.81237587490867,134.93104196984706,132.51011137019867,124.72679386043436,136.17084155245323,0,0,0,0,132.756370467898,120.1089668849533,87.20387236790577,18.070168351757516,2,3,132.47201077294054,132.2402647704,133.16746891437998,130.48539680137867,138.55670958,140.12009583631757,139.68137884406224,140.5588128285729,142.31368079759423,133.16746891437998,0,2,2.5,9.785520297445359,0.0489276014872268,0.2578363799786543,6,7.241774562215772,60.83468712221805,0,3.0628490960806514,138.55670958,133.16746891437998,1,1,0,0,8,10,1,0,1545,0,,1,,0.45538429252100154,0.25245974104391633,7,2.4207048334101415,-1.0737271408843918,,,,,,1.1449012167574613,22.70820771757957,38.492063492063494,-9.47943956331164,1,25.086242957435157,24.715817287704347,24.17940833971724,13.810408915973568,,,,2525909
2025-12-09,136.45930505,138.41392852,135.78084884,137.7394111,137.0698160019918,137.52962880965976,135.1985056965283,132.71518194783795,124.8562726389375,136.31259479939985,0,0,0,0,132.81098992396866,120.1580204370091,90.63000429548666,10.175996026521537,2,4,137.7394111,133.8119422407036,134.86409597,132.0883834237552,138.55670958,140.31121379349554,139.88032408925844,140.74210349773264,142.46566231468103,134.0074115263,1,5.5,3.5,10.318375031359697,0.051591875156798486,0.34123371789015705,6,7.24725862099775,83.84883078167536,0,0.1446282918478084,138.55670958,134.0074115263,0,1,0,0,8,10,1,0,1673,0,,0,,0.5874661555198355,0.3351310040101596,8,3.2420432112984288,-4.569483455294124,,,,,,0.6017984782637427,23.321375608126193,39.285714285714285,-7.105547149838541,1,25.105240294319316,25.04760329327112,23.910976728367018,13.056903462780657,,,,1309099
2025-12-10,137.69017625,141.64865804,136.76948459,141.60927016,138.58296738799453,138.4984989099251,135.8090546930494,133.06396972086392,125.02296913168439,136.48492306416497,0,0,0,0,132.96376449157106,120.2538112447716,93.69893850373887,7.309317819166704,2,5,141.60927016,132.484604103,133.49262774,131.822181082485,,141.64865804,141.20498212311912,142.09233395688085,143.86703762440433,134.81068792012,1,5.5,0,13.266603043833936,0.06633301521916968,0.8520735825112138,0,7.595343270169887,83.43260499822632,0,0,,134.81068792012,0,1,0,1,8,10,1,0,1705,0,,0,,0.8740365260432709,0.8398731705473013,9,4.092232696230781,-3.6513039900756428,,,,,,0.9725480152020664,22.946686550297624,38.492063492063494,-12.78685382887262,1,26.311040889721177,26.1799595044017,28.072781174288366,11.774860520694276,,,,2110475
2025-12-11,139.82696866,142.74167167,139.2854838,141.23508532,139.46700669866303,139.51355217961253,136.32581951466375,133.3844056267124,125.18428372062286,136.68075316219418,0,0,0,0,133.15804788569466,120.3828009910773,96.71233659895785,8.316986594884742,2,6,141.23508532,134.40938391424245,135.29507111469977,133.73733699467124,,142.74167167,142.29882806977133,143.18451527022864,144.95588967114332,134.81068792012,1,3.5,7,12.821738577981678,0.06410869288990839,0.7024989358143426,5,7.261623366550325,90.41003591815249,0,0,,134.81068792012,0,1,0,0,3,10,1,0,1705,0,,1,,0.7423000617599074,0.6908428443193133,10,7.421444182137118,-2.5928313048014933,,,,,,1.3208807157582665,22.56383173655338,36.904761904761905,-10.300812439153143,1,25.155001232589036,27.468297630463866,28.32029997788601,10.954348935340969,,,,2923550
2025-12-12,141.47141259,141.84559743,138.62563837,139.27553836,139.4031839191087,140.24672718646792,136.60674511898148,133.6154304397825,125.32449520957188,136.88335019439404,0,0,0,0,133.25156560514088,120.45925622844787,92.9750064926371,40.1760831038298,2,7,137.22736868,136.78740713103767,137.66733022896236,135.02756093518832,142.33777478127394,142.23885660344686,141.79889505448452,142.6788181524092,144.43866434825856,134.81068792012,0,0,7.5,11.131936439958306,0.05565968219979153,0.3454067069174914,0,7.381144786044554,39.789213459811705,0,2.3231148782555917,138.55670958,134.81068792012,1,1,0,0,8,10,2,0,680,0,,0,,0.336537248862919,0.33370830205809965,11,2.380335801031557,1.701609733250164,,,,,,0.8832137359204011,22.177805827017913,36.507936507936506,-13.263033476371398,1,25.56903557490255,28.302057300686595,26.469687636413298,11.57761744214256,,,,1932238
2025-12-15,139.1967626,139.61033533,137.34060883,139.34446715,139.38361166273913,140.68501334099997,136.86748055050705,133.84009854606555,125.46399741793435,137.0901563333467,0,0,0,0,133.39247431030773,120.57687475501302,95.43176257414959,32.47813558456159,2,8,139.34446715,136.798567540785,137.65616981921502,133.9101997162798,142.39584687990236,142.4956515660959,142.06685042688088,142.9244527053109,144.639657262171,134.81068792012,1,3.5,0,11.063309011132727,0.055316545055663635,0.3102345348416877,0,7.108782983427683,73.34985172581895,0,0.5615070967925161,,134.81068792012,0,1,0,0,8,10,1,0,680,0,,1,,0.06168417530152383,0.2980079951491798,12,4.675252675102303,-1.0404935830201476,,,,,,1.3566851929619346,20.596561113086462,32.53968253968254,-16.3609992684902,1,24.62554661455562,28.39307696228372,25.218713325615063,13.706162578469812,,,,2992371
2025-12-16,138.01512625,138.81273079,129.44826268,129.7633657,136.17686300849275,139.82971466103723,136.1908981837921,133.68022666974926,125.5067772018355,137.24036246878907,0,0,0,0,133.25819658573928,120.67095470926648,49.77574235788045,81.38819072920822,4,0,128.943703084776,128.4571716298799,129.43023453967209,126.51104581029551,133.71053942404,133.328475788483,132.8419443335869,133.81500724337909,135.76113306296347,128.59394743578284,0,0,5,3.3915208350216908,0.016957604175108453,-1.0958979560242368,4,9.604825395685333,21.39566185157422,0,1.946237311094827,133.71053942404,128.59394743578284,1,1,0,0,10,8,0,0,680,0,,2,,-0.6815149530385286,-1.1137388823279322,0,0.42803951221842684,2.7615382681598355,,,,,,2.148815945968241,18.8435370190115,25.793650793650794,-43.36533605650882,0,33.27209116630968,27.145247906523256,20.63874326720618,25.70060854474908,,,,4971410
2025-12-17,130.00953995,130.964696,128.01060511,129.97015207,134.1079593623285,138.17539527075283,135.59844617295474,133.53473354819047,125.551188892066,137.3391382848497,0,0,0,0,133.14926431739215,120.7583202410572,73.87939863034596,86.40650926549789,4,1,128.45991147619026,127.98175645655459,128.93806649582592,126.06913637801196,135.48617034346,129.97015207,132.7766625151219,133.73297255439323,135.64559263293586,127.86922697598482,2,9.5,2.5,3.5196506038130133,0.017598253019065067,-0.9726993380407477,4,9.490353384391732,31.545257230302635,0,0.3701783272536659,135.48617034346,127.86922697598482,1,0,0,0,8,8,0,0,684,0,,0,,-0.882378540026116,-0.9997830593666116,0,1.8262795839967438,2.2859626079874618,,,,,,1.8990196292354973,17.24527176066501,23.015873015873016,-47.543774767949046,0,32.87554848709945,26.35413003423589,19.500276493823645,26.967453811684013,,,,4603904
2025-12-18,130.22617328,130.42685452,125.97720588,127.15391875,131.78994582488568,135.8520526620429,134.79420546600667,133.28450551688888,125.56713645284145,137.37451875546762,0,0,0,0,133.03592548407218,120.79307734550943,37.585994090283606,61.4929086223246,4,2,126.87689777661991,,,124.45824729974007,132.0280363,129.33186388189998,128.84813378652402,129.81559397727594,131.7505143587798,126.87689777661991,0,7,5,1.263692349753065,0.022876452192174185,-1.299267303046462,4,9.314207265429081,3.0150506777533224,0,1.0150148310999778,132.0280363,126.87689777661991,1,1,0,0,10,8,0,0,700,0,,0,,-1.1324639235472709,-1.3438763176674338,0,-4.797258030182778,5.050488112783057,,,,,,1.110208335402084,17.854983996142835,24.603174603174605,-44.66206558012085,0,32.26536043190068,26.104398720966337,17.89870858713565,28.50580114073165,,,,2677692
2025-12-19,127.46902178,128.65243059,126.04121119,126.91759148,130.16582770992378,133.27406699221214,134.04405175305365,133.03482261348148,125.58057381629577,137.35027302573292,0,0,0,0,132.83366379212447,120.85268501587058,39.80494790794593,62.509069486534734,4,3,126.25027339950107,,,123.88781137632692,131.00371402654,129.3982708298,128.92577842516516,129.87076323443483,131.76073285297414,126.25027339950107,0,9,2.5,1.0646691785785856,0.02565332222690441,-1.2317763171434604,4,9.146902762232399,23.051939948935807,0,1.3325071046303454,131.00371402654,126.25027339950107,1,1,0,0,10,8,0,0,700,0,,1,,-1.1626398106720919,-1.2830051203437267,0,-0.11146524522198842,1.8281869712350427,,,,,,1.901845645738404,19.386992516067405,32.142857142857146,-38.814888280298135,0,31.685800632157235,25.87250535864461,17.015522525019463,27.099223334607437,,,,4842574
2025-12-22,128.48325965,129.05438389,126.96190285,127.01606118,129.1159055332825,130.85785936073682,133.37471931752472,132.79879275334494,125.59485727265104,137.27345603681852,0,0,0,0,132.77524837383925,120.87103518509494,23.53986161639842,74.4807497851852,4,4,125.45042458267916,124.99260313185754,125.90824603350079,123.16131732857103,131.00371402654,129.47359069459998,129.01576924377835,129.9314121454216,131.7626979487081,125.45042458267916,0,0,5,1.1315781061510297,0.02267676953979912,-1.1205171678167614,4,9.028140266352008,9.374301509247125,0,1.757526260379747,131.00371402654,125.45042458267916,1,1,0,0,10,8,0,0,764,0,,0,,-1.1361510320723518,-1.175221394719106,0,-2.7483306179994242,2.8952722643501745,,,,,,0.5933036975513044,21.581042710886578,36.111111111111114,-30.99453236808312,0,31.274395278360185,25.497418917810354,17.090346817668866,25.96993454601099,,,,1485806
2025-12-23,127.01606118,127.7545839,126.63202936,127.14407178,128.45862761552166,128.71231806850432,132.78132431395093,132.57703898968435,125.61027234237591,137.15090790652997,0,0,0,0,132.7109837289079,120.89243399045344,17.695376455542352,81.27573355243213,4,5,124.95892327412129,124.78920950647483,125.82920872814717,123.04863859842308,131.00371402654,129.88974440750852,129.5886715375,130.7600298615344,132.50060076958616,125.97720588,0,3.5,0,1.2210780289078749,0.03251278488080587,-1.0212471686181572,4,9.029472277852783,12.945458475042841,0,1.498565215742101,131.00371402654,125.97720588,1,1,0,0,10,8,0,0,764,0,,1,,-1.211259157890132,-1.070131160932578,0,-2.2355022909130593,2.178842602619499,,,,,,0.7006542078327622,23.306160297888088,40.07936507936508,-25.48945548697081,0,31.279009501551403,25.23890550403439,16.69669834123259,26.048617290155725,,,,1708191
2025-12-24,127.14407178,128.06968693,126.44493694,126.44493694,127.78739739034778,126.85535479650176,132.17785884976513,132.33656439950065,125.61857746275028,136.98408409140106,0,0,0,0,132.6705574700529,120.90319037474329,15.9060866806159,81.67556158522318,4,6,125.97720588,125.55863808000585,126.39577367999415,123.88436688002922,130.19684009,132.6948770267103,132.27630922671614,133.11344482670444,134.78771602668107,125.97720588,0,0,2,0.657832220313723,0.08246257742157671,-1.0572059234293725,4,8.991843843567041,11.294816010888837,0,3.209836564974218,130.19684009,125.97720588,1,1,0,0,10,8,0,0,764,0,,0,,-1.6333873305600648,-1.0973238793220914,0,-1.9674972151310883,3.012122114873395,,,,,,0.40548441142555813,24.668343748391457,43.25396825396825,-20.80448041930097,0,31.148660781567056,24.859323415325722,16.790179154537032,25.14582595959512,,,,971951
2025-12-26,126.25784452,127.00897136,125.41592862,125.79503695,127.12327724356518,125.3052452649944,131.5699710497875,132.08003391128494,125.62033327854381,136.7752258146567,0,0,0,0,132.6109547291888,120.9160013875388,28.48139796939815,83.57190322503159,4,7,122.6836711,122.28077740411257,123.08656479588743,120.66920262056284,129.11396128,126.81592817189188,126.01014078011703,126.91759148,128.5291662635497,124.54568493008101,0,0,3.5,0.13907276544857372,0.0836545883427734,-1.0820220343134956,4,8.95249049017642,14.405822021934085,0,1.3251183550408077,124.54568493008101,125.97720588,1,1,0,0,10,8,0,0,764,0,,0,,-1.6636737961242443,-1.11282671515857,0,-0.04216205886143154,3.99089526161604,,,,,,0.5474416520338262,26.20976356805022,47.22222222222222,-15.486008792665896,1,31.01233676652552,24.81205653941464,16.197425468637874,26.53848453791847,,,,1317396
2025-12-29,126.57294755,126.8141983,125.21406574,126.62218239,126.95624562571012,124.23302707247493,131.0987530821887,131.8660005182934,125.630301926419,136.53606928214302,0,0,0,0,132.54857107465622,120.93408967023514,59.26681492748325,88.98191299734961,4,8,125.97720588,,,124.03519351695121,130.19684009,126.91759148,126.52918900739024,127.30599395260975,128.85960384304877,124.54568493008101,0,6,0,0.7895232665777968,0.054691661509034095,-0.874753207135193,4,8.821607650615059,42.814433765067676,0,1.2213653193202751,130.19684009,124.54568493008101,1,1,0,1,8,19,0,0,764,0,,0,,-1.405952361409161,-0.8967213885435968,0,3.377388853829446,2.190723021576612,,,,,,0.6557976655052372,27.54178908885065,51.58730158730159,-9.87323414172043,1,30.558945310607193,24.828522678820253,15.601623486059815,26.026340775665062,,,,1599692
2025-12-30,127.08498997,127.77427784,126.68126421,127.57733845,127.16327656714009,123.74448566031947,130.76338026007548,131.6978176920858,125.64967542416606,136.2806011999638,0,0,0,0,132.50103045699075,120.95355218861731,61.28902020439915,78.1263575169369,4,9,126.44739868,126.07645267463023,126.81834468536978,124.59266865315114,131.00371402654,130.1939691277306,129.9863422306,130.93586113847016,132.41964515994925,124.54568493008101,0,5,0,1.5341567889662782,0.04729243545526815,-0.6622739039204414,4,8.554877064524511,37.24910882592247,0,2.537783628832613,131.00371402654,124.54568493008101,1,1,0,0,8,8,0,0,764,0,,1,,-1.316973212083494,-0.6803424179983192,0,1.167455752477724,0.7806116147080187,,,,,,0.6152023031117135,27.922628986846142,52.77777777777778,-5.778088682951179,1,29.63496345652429,24.36139619157896,17.47986648406583,25.304613942838227,,,,1482782
2025-12-31,127.81366572,128.18785056,126.03136422,127.06529603,127.13061638809339,123.74111808263896,130.41118176197304,131.5161501759256,125.66376120133854,136.01282242179806,0,0,0,0,132.4544802376502,120.96968217260817,58.806310986145085,85.95139038459118,4,10,126.44739868,126.0836944755495,126.8111028844505,124.62887765774748,130.19684009,130.1238857743755,129.760181569925,130.487589978826,131.94240679662803,124.54568493008101,0,4,3.5,1.1153054908295432,0.005576527454147716,-0.697056905505967,4,8.46171135470284,19.88431774303392,0,3.0674381962244333,130.19684009,124.54568493008101,1,1,0,0,8,8,0,0,764,0,,0,,-0.4278571015054651,-0.7105641830782612,0,0.7790743888919023,3.4367582558024186,,,,,,0.5638395136359421,27.84826956347765,52.77777777777778,-4.994360744749585,1,29.31222797065558,24.148740562696943,16.554489958585304,25.560437625679224,,,,1339292
2026-01-02,127.02590815,128.6309642,126.75511648,128.57188238,127.61103838539559,124.20594577618832,130.23601039226133,131.40068869373243,125.69269773047945,135.7482372066856,0,0,0,0,132.41085567666508,120.99621248184394,63.32576287912603,81.70147360383181,4,11,125.5529765722935,125.19850259923231,125.90745054535469,123.78060670698758,132.0280363,130.24643081829998,129.8919568452388,130.60090479136116,132.0188006836059,125.20118494715999,0,3.5,0,2.2906538736994384,0.011453269368497193,-0.4100667818375192,4,8.360528024231977,34.46840106236898,0,2.84661005013714,132.0280363,125.20118494715999,1,1,0,0,8,8,0,0,252,0,,1,,-0.2878030231198802,-0.4206565096045101,0,1.4355567692441298,1.4653155237608908,,,,,,0.7546875995956066,27.298276745632162,50.79365079365079,-5.743588312704373,1,28.96171863214645,23.716627009563275,16.888426972174525,24.352725326052106,,,,1777165
2026-01-05,133.91878689,139.81702322,133.72184749,137.8378808,131.0199858569304,125.9234921574238,130.9599980501412,131.65312759986057,125.813545323211,135.54859037096352,0,0,0,0,132.57133213695008,121.15410945848404,94.15721022527296,30.686992372862328,4,12,137.8378808,133.06638305285392,133.92549794639612,130.9649616516624,142.74167167,143.17611324228494,142.74655579551384,143.60567068905604,145.32390047614044,134.0074115263,1,3,7.5,9.557266227494706,0.051736450996314506,1.0656814300911217,4,11.095702491932007,59.61817325078761,0,0.7134946249420259,142.74167167,134.0074115263,0,1,0,0,8,10,0,0,252,0,,2,,1.0316009588707278,1.0500515101440149,1,4.146343267413446,-1.2663916336439094,,,,,,1.9380004061354603,26.193448322270164,47.22222222222222,-31.852920304670047,0,38.43664092338967,24.305484189826846,36.19178976019899,18.660616501780762,,,,4819526
2026-01-06,137.60155353,138.44839291,134.03695052,134.55883991,132.19960387462027,127.99970268413203,131.30274489393727,131.76707710221896,125.90056317979597,135.38915560152267,0,0,0,0,132.60721071067474,121.23178979423238,77.8486575089036,69.56382109524324,4,13,131.08213835634533,130.46092346,131.95866365731308,128.7078728580645,138.98972761,134.87394294,,,137.06525619241938,130.46092346,0,0,1.5,6.87707545663582,0.03438537728317911,0.4291298636224618,4,11.358051575301143,43.34566073770456,0,3.3305412808215484,138.98972761,130.46092346,1,1,0,0,8,8,0,0,252,0,,3,,0.6982405705304228,0.4199260459863742,2,2.047758300453242,1.9278869187782326,,,,,,1.1893261196743452,24.469234964547592,43.25396825396825,-37.8092303068663,0,39.345444806818605,24.85228014292873,32.93913335529639,16.983535202786868,,,,2996351
2026-01-07,135.88818081,140.91998229,133.43628537,135.77001718,133.38974164308019,130.25503470388486,131.7281993973718,131.9240551444849,125.99876670218606,135.27434082787383,0,0,0,0,132.68489426680244,121.34836290375274,63.919810384038364,56.39473718860884,4,14,131.35664939603328,130.795689499,132.15496756,128.90058190720274,139.86848248,142.9377506205145,142.46397372256519,143.4115275184638,145.30663511026106,131.44615412426,0,2,4,7.75503660358003,0.03877518301790015,0.5582736802362526,4,11.40017623829015,46.12101357821863,0,3.4656348502946277,139.86848248,131.44615412426,1,1,0,0,8,8,0,0,252,0,,4,,0.8175146957886621,0.5487213764691485,3,1.2025138458456324,0.16293065618351843,,,,,,1.6062300320716654,21.967418055434685,36.904761904761905,-44.37412868623994,0,39.491368919915956,25.836187226487645,32.95142906053242,14.588276736838194,,,,4179487
2026-01-08,136.46915202,142.633355,134.59832626,142.01299592,136.26415973538678,133.05765404868703,132.70770382809832,132.3196998807796,126.15811226654242,135.23674988915883,0,0,0,0,132.84363642139655,121.46449808279004,87.0749249703287,13.91752301551028,4,15,131.71691940420766,131.205242385219,132.2285964231963,129.1585343092644,143.91866475622243,143.35312936676263,142.74167167,143.91866475622243,145.96537283217702,136.04612620474,0,0,0,12.5674705879872,0.1224651849938527,1.4482476304602567,4,12.262550350336097,59.982303282277904,0,4.7693153685627765,143.91866475622243,136.04612620474,1,1,0,0,8,10,1,0,252,0,,5,,1.4770226564313336,1.4274436195012776,4,2.9834663056043578,-2.6095429021235357,,,,,,1.0976284128074258,18.5969987677281,26.19047619047619,-56.22043564382725,0,42.47872047430731,27.048614105733964,31.32113849046533,12.542880308986303,,,,2945912
2026-01-09,142.66289591,143.45065348,139.53155957,139.98452017,137.50427988025785,135.72019065846018,133.4007339558985,132.62028106859216,126.29568846458677,135.25510162392698,0,0,0,0,132.9537158317961,121.55976451830541,67.19928117520755,59.382285643869736,4,16,134.03823023006387,133.82945788140003,134.87394294,131.78897559979933,143.45065348,143.50865815619053,142.99853758579036,144.0187787265907,146.0592610081914,134.81068792012,0,0,6,10.838716564145862,0.09553090071829598,0.9662875009296552,4,12.037541274622415,40.13351327902438,0,4.184685505717549,143.45065348,134.81068792012,1,1,0,0,8,8,1,0,252,0,,0,,1.3306985431805334,0.9526230299781479,5,0.7301520580023046,1.6948979963393656,,,,,,0.9986908415914642,17.918733427726906,25,-57.02866003938257,0,41.69926617170689,28.312632550947164,30.603159855810855,11.682496777601525,,,,2710328
2026-01-12,139.57094745,139.67926412,135.75032324,136.72517323,137.24457766350523,137.78713863897488,133.71734722009865,132.78125723178462,126.39946443240183,135.30233404592866,0,0,0,0,133.00453410934287,121.62857045389455,66.18791618176532,75.04797495638496,4,17,134.0477495136978,133.53626079716548,134.5592382302301,131.49030593103626,142.74167167,142.785395078313,142.2739063617807,143.29688379484531,145.34283866097454,132.18044225668,0,0,2.5,8.16910802902993,0.046670070544559294,0.3533916177044949,4,12.25453565256342,38.55050535438991,0,4.146700593330941,142.74167167,132.18044225668,1,1,0,0,8,8,1,0,252,0,,1,,1.046596243195277,0.3460866403291719,6,1.275745044798176,2.8588852743283137,,,,,,0.8934643132975102,16.83696127211518,21.825396825396826,-60.33785204763108,0,42.45095674680814,27.995075765430695,28.341208591200054,17.41956023267421,,,,2401431
2026-01-13,136.41991717,138.52716867,135.45983763,135.59277172,136.69397568233683,139.07469130043938,133.8959590772321,132.89151270191073,126.4909401268058,135.366803369872,0,0,0,0,133.0444875939408,121.70190308530333,64.14167859523374,86.743347255017,4,18,134.0766655231467,133.57432483065242,134.57900621564096,131.56496206067527,139.86848248,142.587975625589,142.22852651958442,143.45065348,145.46001624997714,131.44615412426,0,0,1.5,7.195639137530101,0.035978195687650504,0.129361404410205,4,12.207628286170927,33.40176807483317,0,3.8794094368712537,139.86848248,131.44615412426,1,1,0,0,8,8,1,0,252,0,,2,,0.8228570838618998,0.12460099223049781,7,1.0981349035653865,5.3452372460353565,,,,,,1.023208726240704,15.297028638598123,17.063492063492063,-63.82694740017257,0,42.28846486312604,27.595864924769614,26.796087099348544,16.98617840263851,,,,2794256
2026-01-14,137.20767474,141.07654911,136.53315732,139.22630351,137.53808495822454,140.01652495732682,134.4036109279719,133.1399358708554,126.61766016046943,135.46632126780298,0,0,0,0,133.12235391703967,121.77762679391265,68.25637973903113,81.30622872551282,4,19,134.19632495155747,133.6809034389735,134.71174646414144,131.6192173886376,142.20550536070417,142.5717253957912,142.20550536070417,143.45065348,145.5123395303359,134.81068792012,0,2,2.5,9.958044820565286,0.06250090327174926,0.6501853789685416,4,12.519708683135605,43.88151658475435,0,2.639257352570949,142.20550536070417,134.81068792012,1,1,0,0,8,8,1,0,252,0,,3,,1.1016854333513826,0.6444752953381849,8,1.723925021340877,1.3473558225218745,,,,,,0.8562868740246005,13.091862611540076,9.920634920634921,-69.81323370108487,0,43.36954307030421,27.78096042448955,28.666855988560183,15.372581937126379,,,,2309162
2026-01-15,138.15298382,139.55125351,137.26675656,137.86742171,137.64786387548304,140.55019064094026,134.73349766911744,133.32532747239048,126.7295980863354,135.5859651066197,0,0,0,0,133.17368854915844,121.83776788594245,81.23570254769734,80.77428158153272,5,0,134.87394294,134.37493995554703,135.37294592445298,132.37892801773512,142.74167167,142.8643652251161,142.36536224066313,143.36336820956907,145.359380147381,133.16746891437998,0,2,2.5,8.78865221057269,0.045394649289935786,0.3613782975189858,0,10.126358311833078,43.053270013291936,0,3.1533794286320087,142.74167167,133.16746891437998,1,1,0,0,8,8,1,0,252,0,,4,,1.0116111058965787,0.360683071186103,9,3.4704209282584637,2.1186795875091766,,,,,,0.7867671040184889,9.88252396635947,7.142857142857143,-71.82759242489354,0,35.078734183484585,27.952834817086625,27.495066813939697,14.744210792865582,,,,2004993
2026-01-16,136.87287777,138.62514602,135.90787475,136.16389596,137.15320790365536,140.5766282623065,134.86972607777292,133.4366438836693,126.82347169701863,135.70976847240533,0,0,0,0,133.21251701098495,121.90259209304173,88.8024252939787,84.12794018955243,5,1,134.87394294,134.3863216752401,135.3615642047599,132.43583661620048,142.74167167,143.28532830005958,142.79770703529968,143.77294956481947,145.7234346238591,132.18044225668,0,0,1.5,7.36490188921467,0.03682450944607335,0.051557432623093244,0,10.24346282124329,42.56809943659387,0,3.2269834392369563,142.74167167,132.18044225668,1,1,0,0,8,8,2,0,252,0,,5,,0.6544468185716726,0.05518336257570851,10,4.121625051899073,2.8423050850135123,,,,,,0.9992190719469952,6.490031178890991,0.3968253968253968,-81.71018280843924,0,35.48439610367242,27.569622095889855,26.127063601940243,16.498795599670093,,,,2438204
2026-01-20,136.87287777,138.09084945,134.69669749,136.35098838,136.88580139577024,140.18646191236235,135.01079867798504,133.55093190313323,126.91827285804332,135.83460614520203,0,0,0,0,133.24768872698985,121.9594298830563,77.93365135641031,79.64829073009354,3,0,134.87394294,134.3908468373658,135.3570390426342,132.45846242682902,142.74167167,143.41216254626264,142.92906644362844,143.89525864889683,145.82764305943363,132.18044225668,0,3.5,4,7.432117779058539,0.037160588895292695,0.059821009565855225,0,9.924059168825476,31.734067056082708,0,4.649890664958363,142.74167167,132.18044225668,1,1,0,0,15,8,1,1,252,0,0,6,,-0.3022575211108758,0.06385711714162821,11,1.0481611020783719,1.3768357604042607,,,,,,0.8820644958486583,6.1157159595262724,0.3968253968253968,-82.21035266188527,0,34.37794939545097,26.749200272934132,24.488096153042378,17.70231069411334,,,,2128095
2026-01-21,139.07859897,141.6289641,138.25558925,139.47247775,137.74802684718017,139.8704773454809,135.43572049436742,133.78314938732407,127.04319031965483,135.97463345607574,0,0,0,0,133.33015201588427,122.04157652253522,87.3364961606854,49.08373562476195,2,0,134.4322745826043,133.93656056122967,134.92798860397892,131.9537044757312,143.45065348,139.98452017,139.48880614862537,140.48023419137462,142.4630902768731,134.81068792012,0,2,5,9.783513306830297,0.04891756653415149,0.5093187099701814,0,10.085585825491222,71.98748185296935,0,3.638540976665407,143.45065348,134.81068792012,1,1,0,0,8,10,1,1,252,0,1,7,,0.3471867028230437,0.5084330617103678,12,4.080121096001073,-1.5354142252323633,,,,,,1.1094266311095267,5.618185462380295,0.3968253968253968,-83.91932335321471,0,34.93749414769458,26.844755130981508,28.53283692797006,16.019450178006217,,,,2549432
2026-01-22,138.68472018,140.93967623,137.90680958,139.75803987,138.41803118812012,139.69787701816665,135.8473699587134,134.01745881801725,127.16970623557866,136.1257823998982,0,0,0,0,133.4140805227687,122.12417814696065,92.22762418932354,45.185466983602964,2,1,139.75803987,133.43628537,134.87394294,131.95987917386287,143.45065348,139.98452017,139.49713512649143,140.47190521350856,142.42144538754286,134.81068792012,1,3.5,6,9.89884620091972,0.049494231004598606,0.48596691184969804,0,10.081172438128469,63.593780656578346,0,0.4735236620385567,143.45065348,134.81068792012,0,1,0,1,8,10,1,1,252,0,2,8,,0.25122972080029454,0.486475685764836,13,4.2502813618926325,-0.029473739725703663,,,,,,1.0829471560125892,4.9557478280070315,0,-85.809178644171,0,34.92220572540304,26.796633537275465,26.94754937618703,15.768349039631387,,,,2545989
2026-01-23,141.51080047,144.63228984,139.2952323,139.37400806,138.7366901454134,139.60513263127834,136.183240254074,134.2275195726048,127.29114207462763,136.2842986536662,0,0,0,0,139.37400806,122.18859340655027,90.29894489089662,34.927730152468065,2,2,135.02991162166524,134.52968749608584,135.53013574724463,132.5287909937683,143.45065348,141.07654911,140.5763249844206,141.5767732355794,143.57766973789694,134.81068792012,0,0,6,9.492306996733898,0.04746153498366949,0.3645856864885326,0,10.10290965840168,56.808090233389954,0,3.3667875769012094,143.45065348,134.81068792012,1,1,0,0,8,10,2,1,252,0,3,0,,-0.404560373787038,0.36645529129056825,14,2.263960562076008,-1.0483878542337908,,,,,,0.8643869252224682,4.064026691843849,0,-88.38766759347091,0,34.99750566526008,27.520281940233378,30.971473137292907,14.266226186952936,,,,2046792
2026-01-26,140.90028835,141.05783986,137.80833989,138.24160655,138.5716622802756,139.48138691508265,136.3792751394003,134.38493474818893,127.40010192015372,136.44048274860899,0,0,0,0,138.92563307169263,122.22779170222093,93.20670630890328,44.492313717731804,2,3,135.01486744910326,134.52136022561882,135.5083746725877,132.5473313316811,142.74167167,141.07654911,140.58304188651556,141.57005633348444,143.54408522742216,134.69669749,0,0,7.5,8.509808443199715,0.042549042215998575,0.1425994578605442,0,10.134085157385584,55.83033379126469,0,3.131384447158141,142.74167167,134.69669749,1,1,0,0,8,10,1,1,252,0,4,0,,-0.3156438089459371,0.14861786368978055,15,3.8377064955289137,0.6568445490750865,,,,,,0.5622111021585174,2.8143500088645026,0,-91.98316517980133,0,35.10550076164294,27.611025265525125,29.150653772469283,16.11760919477993,,,,1341659
2026-01-27,139.33462018,140.31931714,137.77879898,137.86742171,138.33691542351707,139.27866210905972,136.5210033842193,134.52150286433837,127.50425435587358,136.59049804577313,0,0,0,0,138.58246538633242,122.27394327479955,94.76700837295712,48.965054391943596,2,4,134.76754014484834,134.28660023946995,135.24848005022673,132.36284061795635,142.74167167,138.58246538633242,138.10152548095402,139.0634052917108,140.9871649132244,134.69669749,0,0,7.5,8.12770319428093,0.045082960415849097,0.05920879399538051,0,10.112670521295618,56.50916769260534,0,3.3160615020613426,142.74167167,134.69669749,1,1,0,0,8,10,1,1,220,0,5,0,,-0.027055067318804832,0.06385746945199992,16,3.9157701752821694,0.623638812345498,,,,,,0.6770665926788721,2.415922579752442,0,-93.10353507105727,0,35.0313182861761,27.683605178225367,27.775783357701478,15.412275530312241,,,,1626204
2026-01-28,139.11798685,140.18145957,137.22736868,139.90574442,138.8598584223447,139.25819916933983,136.84335967334127,134.73264959201137,127.62765226695942,136.74844537304068,0,0,0,0,138.9140232516242,122.32742104183846,96.97222287835592,25.61692494533787,2,5,139.90574442,134.66164228340003,136.04612620474,132.7697908173517,144.63228984,141.07654911,140.6035862434879,141.5495119765121,143.44136344256043,136.04612620474,1,5.5,0,9.62024446501486,0.05699011121396319,0.3433420114908619,0,10.161721228716338,91.19063991133817,0,0.6623565234849466,144.63228984,136.04612620474,0,1,0,0,8,10,1,1,220,0,6,0,,0.2967728214912249,0.3454745057073934,17,5.949654950346041,-4.577295767590108,,,,,,0.6969041676958285,2.302900207071751,0,-93.45789938267339,0,35.20123492097587,27.522303949400833,26.226805882987108,15.593763790325276,,,,1676528
2026-01-29,142.78105955,145.69576256,141.77174516,141.87513834,139.8649517282298,139.5694981129766,137.32257668921352,135.01274718997172,127.76941829753693,136.92572200255222,0,0,0,1,139.66930268055444,122.40810791639657,95.69806636152184,19.3860422101463,2,6,137.2145282338,136.7236518386459,137.70540462895408,134.76014625802958,144.61107862504,145.02921768970492,144.61107862504,145.69576256,147.65926814061632,137.2145282338,0,0,10.5,11.039981421544125,0.06853324044105397,0.58786862045809,0,10.19903309280153,70.13136649709013,0,3.0136101325134046,144.61107862504,137.2145282338,1,1,0,0,8,10,1,1,220,0,7,0,,0.12037538925926722,0.5854173854580508,18,3.3324086420668895,-2.076412062673188,,,,,,0.9366219865139664,2.280463546397694,0,-93.5453379236552,0,35.33048700961719,28.498584698006198,33.494721804239994,13.951508368110371,,,,2291065
2026-01-30,140.90028835,141.56988228,138.48778079,141.36309592,140.36433312548655,140.05954939418658,137.7073880445265,135.26178047350223,127.90467877139228,137.11542194502812,0,0,0,0,139.96114616129722,122.47174861715304,97.35560760333541,10.061928876648249,2,7,141.36309592,138.88795000066048,139.8600661193395,134.59931631528397,143.89051657100248,144.50367201580042,143.89051657100248,145.47578813447942,147.42002037183744,137.2145282338,1,5,0,10.522224267231334,0.07038889911393445,0.4369204358481873,0,10.195211776821315,93.57872761528368,0,0.37366987079830816,143.89051657100248,137.2145282338,0,1,0,0,8,10,2,1,220,0,8,1,,0.20544783504392403,0.4333155967655974,19,5.704651619301253,-6.095768139324956,,,,,,0.7562146969942477,3.738764159977298,1.5873015873015872,-89.41377314443378,0,35.31724958275817,28.201064117383773,31.410560902047568,19.1158254622714,,,,1869832
2026-02-02,138.8422717,140.90521183,138.04466716,140.06329593,140.26398739365771,140.48004611502898,137.93176022409543,135.45007519728645,128.02566003665206,137.3060459009042,0,0,0,0,139.9809329783643,122.55371610012848,96.2024096242533,20.25017170200396,2,8,140.06329593,138.89303960525618,139.8549765147438,134.1969195220494,142.70396749877938,144.99969570790847,144.63228984,145.69576256,147.6196363789753,137.22736868,1,3.5,2.5,9.402518127929774,0.0692348128618711,0.1861126284233926,6,10.271384507932918,61.775374463187696,0,0.4501367428793873,142.70396749877938,137.22736868,0,1,0,0,8,10,1,1,220,0,9,2,,0.2479651356608857,0.18142368155366495,20,3.4997972630562697,-0.6620093808535285,,,,,,1.0369827244721417,4.826765890472235,2.380952380952381,-86.4344744176057,0,35.58111966363133,27.773346562387275,29.475593849838656,18.760828502556034,,,,2607096
2026-02-03,141.05783986,145.83362013,139.27553836,145.82377316,142.1172493157718,141.37215172340387,138.6833805037054,135.85688688209873,128.2027556896207,137.5317440976702,0,0,0,0,145.82377316,122.72960843650576,99.90364302505193,15.739150025171954,2,9,145.82377316,142.23650380336287,143.2468395366371,137.74108729380603,153.1253011365,145.83362013,,,148.35945946318563,137.95695035302,1,4.5,0,13.744647980141595,0.09538990656737466,0.9987432084812016,6,8.595986198025686,91.01988034187114,0,0.9033541693162702,,137.95695035302,1,1,0,0,3,10,1,1,248,0,10,0,,0.8076891253053529,0.9889513416805237,21,8.818535528890976,-1.7970214712474153,,,,,,1.7140566111576923,6.601663810367361,4.761904761904762,-77.82992963105025,0,29.77736967228262,28.318591734500554,34.76975826626069,16.58624994874517,,,,4261516
2026-02-04,147.70454436,153.60287916,146.12902922,152.32277311,145.51909058051453,143.17897303184972,139.98237027573344,136.5026079106439,128.4427558629578,137.82695157202835,0,0,0,0,152.32277311,122.97295002321944,99.93631457757239,3.9060362267717217,2,10,152.32277311,142.21981168239694,143.29689318472305,141.50871262398496,,153.60287916,153.06433840883693,154.14141991116304,156.2955829158152,142.75835243356,1,1,0,18.591953346532865,0.13838594211635497,1.8176370441475198,0,9.019973475466413,95.36596955114433,0,0,,142.75835243356,0,1,0,0,11,10,1,1,232,0,11,1,,1.114520514180636,1.796193303240428,22,9.371110291693087,-3.83040452668236,,,,,,1.8187470202010307,7.4235149866252526,5.555555555555555,-76.2417905799901,0,31.246104684862903,29.856413298255802,43.16626219772874,14.44709964477335,,,,4674396
2026-02-05,149.96934737,152.22430342,147.89163678,152.0667519,147.70164435367636,145.48761168441038,141.13326376375883,137.1129664984618,128.6778205001423,138.18036917701193,0,0,0,0,152.23352633867296,123.10041226992128,98.98862989897926,6.524442740858153,2,11,152.0667519,142.21871516167644,143.29798970544354,141.50762158586807,,153.60287916,153.06324188811644,154.14251643188354,156.3010655194177,142.75835243356,1,1.5,0,18.176350290166628,0.13280659896433322,1.5583423105029954,0,9.048357670202234,89.96488613798233,0,0,,142.75835243356,0,1,0,0,10,10,1,1,232,0,12,2,,1.0509543356635562,1.5437199664633008,23,5.6635775268988064,-4.683628118476463,,,,,,1.0061197215744786,7.976860752083343,5.9523809523809526,-74.55094686591592,0,31.344430419691648,31.28439046459996,40.0015108350244,13.387904894982675,,,,2501431
2026-02-06,152.34246705,156.71452157,152.33262008,155.38518067,150.26282312578425,148.30257682660437,142.49058918340086,137.8295239169535,128.94356537745432,138.60285355949213,0,0,0,0,153.0270292464633,123.23637073693862,98.76483890217548,3.455621196351703,2,12,155.38518067,144.13875774699457,145.22393713888542,143.4180639582596,,156.71452157,156.17193187405456,157.2571112659454,159.42747004972713,144.68134744294,1,2,0,20.506347265288962,0.19332360234574442,1.8383091185012699,0,8.248614470702405,93.55700543694913,0,0,,144.68134744294,0,1,0,0,10,10,2,1,232,0,13,3,,1.4063349281543966,1.8131993080592617,24,5.177006342346827,-6.961524139890658,,,,,,0.9816919385061651,12.844757676834117,15.476190476190476,-55.047454765065574,0,28.57403871060885,33.077235617054704,44.33101235327359,12.363981062982432,,,,2414620
2026-02-09,156.56681702,156.61605187,153.75058371,155.08977158,151.87180594385617,151.0881170072485,143.6905113164103,138.50639637432786,129.20372663320103,139.0832277416641,0,0,0,0,153.40024717153358,123.35363097597929,98.80360599482506,2.650760136866485,2,13,144.68134744294,144.15192961670496,145.21076526917503,142.0342583117648,154.60217752917418,156.71452157,156.18510374376496,157.24393939623502,159.36161070117518,144.68134744294,0,2,0,20.035060614224665,0.20573194181993,1.5738318596440968,0,8.040087718432309,89.60341489222058,0,3.7478262327456164,154.60217752917418,144.68134744294,1,1,0,0,10,10,1,1,232,0,14,4,,1.4888975544348977,1.5550597745749195,25,5.489538994130028,-4.858096317912925,,,,,,0.8718052925478735,14.330639194591404,21.825396825396826,-48.54659124123331,0,27.851680851270583,34.74202040147697,42.18868095465301,11.766481853352458,,,,2118541
2026-02-10,154.77466855,155.20301173,153.40101629,154.90267915,152.8820970125708,153.51692236536232,144.7583368243712,139.14938785572676,129.45943760351744,139.61129017734012,0,0,0,0,153.5745812662134,123.43766547723978,98.06225993122484,9.392928604832903,2,14,154.90267915,144.17365593072174,145.18903895515825,143.45278765106812,156.44020066623173,156.5530873330115,156.04539582079323,157.06077884522975,159.09154489410275,144.68134744294,1,2,0,19.653446683744335,0.21013354898359698,1.3556600207130984,0,7.49421648343442,72.24965343044441,0,0.134282627601768,156.44020066623173,144.68134744294,0,1,0,0,8,10,1,1,232,0,15,5,,1.5038194134078913,1.351079202212638,26,4.350050889626963,-1.7576138185118346,,,,,,0.643944254080023,15.350429498476814,25,-40.87057250939957,0,25.960727424457154,36.1579796401727,40.8516800244219,12.008360938535413,,,,1536992
2026-02-11,157.03947156,159.05810034,155.66611471,159.02855943,154.93091781838052,155.93073432726106,146.1174056439549,139.92896321158062,129.7536577211939,140.20330108546608,0,0,0,0,154.3050382287715,123.56356165776877,97.73530913962014,16.85402533219807,2,15,159.02855943,,,144.89304356853964,,159.05810034,158.54957053231522,159.5666301476848,161.60074937842404,146.1296791228,1,2,0,22.561908637450586,0.2494283056477347,1.7466202418560406,0,7.5847524635819275,68.45422367557248,0,0,,146.1296791228,0,1,0,1,10,10,1,1,232,0,16,6,,1.6662834330171872,1.7373405347739121,27,4.395494005659636,-1.0739732182803667,,,,,,0.8718238397369298,20.560485909241823,43.25396825396825,-21.746938140916335,0,26.274353259514214,37.86665877302248,44.63978716258418,11.13223942210212,,,,2048391
2026-02-12,158.70360943,161.28351547,153.68165492,153.86874734,154.57686099225367,157.5514517464736,146.85562866262586,140.47562141269512,129.99360886167952,140.8168090615142,0,0,0,0,153.86874734,123.68216346097468,94.10110730709113,21.926257326239547,2,16,147.50498567314,146.96490566823624,148.04506567804376,144.80458564862124,160.00665543998204,161.28351547,160.74343546509624,161.82359547490375,163.98391549451875,147.50498567314,0,0,5,18.36639407690032,0.1496097481622794,0.8440862811830417,0,8.348835508974188,55.069135626526894,0,4.62956215869165,160.00665543998204,147.50498567314,1,1,0,0,8,10,1,1,232,0,17,7,,0.9591938823934592,0.8478378035922679,28,2.560286292530697,-0.886265629118252,,,,,,0.9690508073776497,24.058207346360348,51.98412698412698,-16.814671502926572,1,28.921214571156916,39.65333256034027,42.708791441528554,9.733211716423945,,,,2275184
2026-02-13,153.21884735,157.36442156,152.62802917,157.32503368,155.49291855483577,158.86187367547578,147.85271485475673,141.13638267807963,130.2655633374837,141.4644762625027,0,0,0,0,155.39826238263726,123.78635773200469,95.62428547694655,14.110541767376283,2,17,157.32503368,154.84138859053581,155.9289727494642,148.62436040857287,161.28351547,161.28351547,160.7397233905358,161.8273075494642,164.00247586732098,147.50498567314,1,3.5,0,20.772543141284643,0.2082765335403936,1.2043832873611011,0,8.365025255223106,78.8306126962199,0,0.4549626984614629,161.28351547,147.50498567314,0,1,0,0,8,10,2,1,232,0,18,8,,1.3375327648939852,1.1998901820569123,29,4.264028694509839,-3.1605671266988438,,,,,,0.7725269183537555,26.52776237968179,58.333333333333336,-8.453290434810429,1,28.977297497286468,40.91060299294547,39.3874459308466,10.706244217100608,,,,1806093
2026-02-17,157.55151398,159.77692912,153.91798219,155.73967157,155.57516955989053,159.63907282124893,148.6038535895418,141.7090606738412,130.5190370512401,142.1275626557973,0,0,0,0,155.56932425982941,124.00935478508549,99.89812535498136,25.134668200481393,2,18,155.38518067,154.8279188557654,155.94244248423462,152.59887159882697,161.28351547,156.71452157,,,159.50083064117302,147.50498567314,0,3.5,4,19.32333787358438,0.2036918773679261,0.8477691757551794,0,8.31295632780804,87.72083200729163,0,2.1168989689707276,161.28351547,147.50498567314,1,1,1,0,3,10,1,1,2280,0,19,0,,1.3232681706667004,0.8516384166574886,30,8.74421748289313,-1.0152571029207502,,,,,,1.6929140338871789,28.31902152715357,64.28571428571429,-1.6595657600423717,1,28.796925441729442,42.317666299904865,39.5553876465969,9.701213344247417,,,,4098397
2026-02-18,157.27579883,157.97001019,154.44971855,154.99130188,155.38054699992702,159.78659364050782,149.2121819981569,142.2299328780043,130.76254217391434,142.79430686025813,0,0,0,0,155.42955776336223,124.14636859670568,97.79407584740858,23.63647758969833,2,19,142.3450741062033,,,139.6006312347569,161.28351547,156.71452157,156.1656329957107,157.26341014428928,159.4589644414464,147.50498567314,0,0,5.5,18.52882278310358,0.163755225026629,0.6425780157758652,0,8.377469589377016,68.26512164063081,0,6.900650605933557,161.28351547,147.50498567314,1,1,0,0,8,10,1,1,2280,0,20,1,,0.663454827036893,0.6504217423841314,31,4.636088853780076,-0.8424962927782775,,,,,,1.066948069727955,29.557972196911305,66.26984126984127,1.8523733361308847,2,29.020405935328338,43.62422508493859,37.29031531010351,9.145689778840874,,,,2608623
2026-02-19,155.78890642,156.63377641,152.72649887,153.03175493,154.59761630995135,159.29605853676756,149.57595084880862,142.65353374278843,130.98412638044255,143.44632427875285,0,0,0,0,155.0079344068494,124.25864340463897,98.56206233690959,25.788602680741732,2,20,152.62802917,152.0834605158385,153.17259782416147,149.90518589919262,161.28351547,156.71452157,,,159.43736484080736,152.62802917,0,0,3,16.832290414733357,0.15971700762922236,0.30229710502853413,0,8.402567656595975,76.95207332216542,0,3.178841174150098,161.28351547,152.62802917,1,1,1,0,1,10,1,1,2280,0,21,2,,-0.11499190025958819,0.3129637764969333,32,6.225331435036039,-0.8232048061177067,,,,,,0.9462128493721267,30.32395684857182,67.06349206349206,4.179730321327435,2,29.107348190518373,44.13719960880285,34.901406046826146,11.385129633399513,,,,2301713
2026-02-20,152.65757008,154.64665794,151.64333221,153.36655189,154.1872615033009,158.3989522874944,149.93696047177923,143.0736521015026,131.20683708203018,144.07965721104634,0,0,0,0,154.73556230575463,124.38609756207885,98.31900885498226,18.428460627195275,2,21,153.36655189,152.0955428685465,153.1605154714535,147.3834417983719,161.28351547,157.32503368,156.7925473785465,157.8575199814535,159.98746518726753,152.62802917,1,3.5,4,16.88914640485971,0.16444573202429857,0.30068808559629584,0,8.40212548175069,77.4148501456824,0,1.3232187706319885,161.28351547,152.62802917,1,1,0,0,8,10,2,1,2280,0,22,3,,-0.0596409870392632,0.30856561467737803,33,4.8017502485938035,-2.338375474288742,,,,,,1.0693331854084351,29.791531205520727,66.66666666666667,2.3559371877808446,2,29.105816451922646,44.186107180184415,33.14381068529348,12.628008910801517,,,,2604329
2026-02-23,153.06871373,156.06694642,151.15758859,153.73388456,154.03613585553393,157.36501376341297,150.29857228970502,143.4917004332084,131.43098680817914,144.69318747414536,0,0,0,0,154.57911186971253,124.52874132446402,98.383952416703,14.639740516995992,2,22,153.73388456,152.089744052311,153.16631428768898,146.8513076484882,161.28351547,154.57911186971253,,,157.27053745815743,147.50498567314,1,5,4,16.969284255904956,0.16929086572396923,0.30288818546001905,0,8.370218308928132,78.97882770130906,0,1.096919221835713,161.28351547,152.62802917,1,1,0,0,8,10,1,1,2280,0,23,4,,-0.31376998473311357,0.30816346770102065,34,5.094094188824573,-2.368066368021257,,,,,,1.1721367810121008,29.103167061844132,64.28571428571429,0.3720614998993528,2,28.995286763013546,44.44064260346746,32.800690969417275,11.599686804663678,,,,2905001
2026-02-24,152.68152474,153.71402871,150.91435448,153.24741634,153.77322935035596,156.31373299900088,150.57941458020932,143.87427752759237,131.64806570899327,145.28387108174243,0,0,0,0,154.46686011912385,124.61077310218934,98.60739832250349,17.293885279579982,2,23,153.24741634,152.1030186135745,153.15303972642548,146.71427002859616,161.28351547,154.46686011912385,,,157.09191290125125,147.50498567314,1,5,0,16.406887951359554,0.17092332864568666,0.1935514934570655,0,8.303039914929993,76.05089018867481,0,1.2300503841422774,161.28351547,152.62802917,1,1,0,0,8,10,1,1,2280,0,24,5,,-0.3283498862853907,0.19557894681583804,35,5.476170425164838,-1.4127275393674534,,,,,,0.6856891551494471,28.254769397925028,62.301587301587304,-1.7655046530005765,1,28.76257397986223,44.57472388396053,31.227890369417334,11.457134316199062,,,,1712099
2026-02-25,153.85301963,154.15582128,148.65078808,150.81507525,152.78717798357064,155.0921465121403,150.6018584535227,144.14646567356914,131.8387822218391,145.83673477985013,0,0,0,0,154.01658964308066,124.73506855899463,97.9845688503566,25.551873125943683,2,24,146.1296791228,145.59301723826206,146.66634100733796,143.4463697001103,161.28351547,154.01658964308066,153.47992775854271,154.5532515276186,156.69989906577038,146.1296791228,0,5,3,14.393559094190032,0.1653011288042835,-0.1629457546017771,0,8.537932296373294,63.97324402799446,0,5.647442750754387,161.28351547,152.62802917,1,1,0,0,8,10,1,1,2282,0,25,0,,-0.5234712823935345,-0.16015020226924004,36,4.371084625751934,-0.4557053198393879,,,,,,1.1165699808952805,27.235899517658886,58.333333333333336,-7.912985414387677,1,29.576265057803518,43.77403866270588,28.367773269975345,14.173741296393061,,,,2856661
2026-02-26,149.91163428,153.12828127,148.06504064,151.36111101,152.31182232571376,153.87016964832083,150.67416822080625,144.42939294166447,132.033034249582,146.35795558120557,0,0,0,0,153.76017027062156,124.84409926088662,96.65371845925036,19.544787639472812,2,25,151.36111101,145.5861427243898,146.67321552121024,143.41199713074886,161.28351547,153.76017027062156,153.21663387221133,154.30370666903178,156.4778522626727,146.1296791228,1,2,0,14.638818891249713,0.17097187223402635,-0.0921735937106493,0,8.470545390961073,68.86373297672449,0,1.2482403209620074,161.28351547,146.1296791228,1,1,0,0,8,10,1,1,2282,0,26,1,,-0.8121988931328853,-0.09007164170635563,37,3.5794462048281774,-2.0323065477992444,,,,,,0.9529981789077692,26.015989351378877,53.96825396825397,-11.337831497359938,1,29.34282996992591,42.80119788657973,26.008342929298845,13.95706638002287,,,,2476283
2026-02-27,151.11291294,153.21763257,148.63093224,153.21763257,152.61375907380918,152.98481812188402,150.91640292072947,144.7740297898345,132.24382627267073,146.8613057271298,0,0,0,0,153.68301785920505,125.0421798515945,99.53366114612132,19.24936275599457,2,26,153.21763257,151.0976671585298,152.18899726147023,144.48699174647655,161.28351547,153.45094281512135,,,156.17926807247244,147.50498567314,1,5,0,15.859951189013413,0.18152197816728927,0.14317127652739264,0,8.45014800512864,82.09723909668678,0,0.9238592061040499,161.28351547,147.50498567314,1,1,0,0,3,10,2,1,2282,0,27,2,,-0.2183370653307258,0.14534277092515316,38,6.711118193050745,-1.4718505293827981,,,,,,1.5766678033554384,24.55420079097837,51.58730158730159,-16.11759682905297,1,29.27217135271919,41.91749979374171,24.202595180368665,12.909575262817121,,,,4251372
2026-03-02,158.36029658,159.48215186,154.64725346,159.02546741,154.7509951858728,153.0234947062905,151.68869477685047,145.33290969650764,132.51031026408694,147.38320111108166,0,0,0,0,154.16128633070645,125.2054267963814,98.49741952700629,10.280299296431487,2,27,159.02546741,152.80392970568838,153.92917407431165,150.14627598550697,161.52352122919166,159.77692912,159.21430693568837,160.33955130431164,162.59004004155815,147.50498567314,1,0,0,20.009882320152734,0.20671607826743033,0.8689557717409939,0,9.034964173298254,90.95962697618899,0,0.2813379844814286,161.52352122919166,147.50498567314,0,1,0,0,8,10,1,1,2282,0,28,3,,-0.01745013300362335,0.8639143831845084,39,5.559807998911906,-5.48268522922605,,,,,,1.0689388612087027,22.088687558080572,46.82539682539682,-29.424680258317782,0,31.298033985434227,42.23617373174308,31.738010817708332,11.62616700446933,,,,2939487
2026-03-03,160.83234936,162.20240271,155.11386583,158.6283505,156.04344695724853,153.72141224009914,152.34961436953137,145.85429953193872,132.77019126145922,147.9210497188343,0,0,0,0,154.52606198550293,125.3641444214605,96.22468403173073,12.241606055369616,2,28,153.36655189,152.78082649671063,153.9522772832894,150.43792492355314,160.2086404321622,159.98655970196884,159.40083430867946,160.57228509525822,162.9151866684157,148.0885083608378,0,2,8,19.475877072150418,0.2084904964718632,0.7086345157895424,6,8.941120201667797,65.95822201226241,0,2.336278611291797,160.2086404321622,148.0885083608378,1,1,0,0,8,10,1,1,2282,0,29,0,,0.08295587596660592,0.7021274229353938,40,3.2173964236834536,-1.9580506475911899,,,,,,1.0557463961856302,19.113922771095538,38.095238095238095,-38.288334077517064,0,30.97294893173822,42.90294165384211,32.45520796089235,10.36990251162824,,,,2919711
2026-03-04,157.53627899,163.88518562,157.16894585,163.53274436,158.53987942483235,155.32437869092078,153.41467436862362,146.5475718781372,133.07628631716608,148.50218155152865,0,0,0,0,163.53274436,125.53861703865851,97.4906038052125,6.826130398904714,2,29,163.53274436,,,147.6262328313231,,163.88518562,163.28133132828486,164.4890399117151,166.90445707857563,149.11281782583998,1,5,0,22.886465264176238,0.22998788187643673,1.249632834559686,6,8.594130005690607,89.73970258259847,0,0,,149.11281782583998,0,1,0,1,8,10,1,1,2282,0,30,0,,0.5698560423306543,1.2320633381373722,41,5.392995254172812,-5.222545656734903,,,,,,1.0481685828750247,19.224772437076002,40.476190476190474,-35.42436794471553,0,29.770939633416667,43.731703002865466,31.720364956006435,9.340107732502524,,,,2823384
2026-03-05,165.61760815,168.39742653,163.1554833,165.24034708,160.77336864322157,157.55685986515886,154.54092891256423,147.28062188605338,133.39632672276642,149.133032417458,0,0,0,0,165.24034708,125.81627797237364,99.85410336216695,1.9003258838383847,2,30,153.36655189,152.75902698313953,153.9740767968605,150.32892735569763,163.0984856106042,168.39742653,167.7899016231395,169.00495143686047,171.43505106430237,151.90138270821998,0,1,0,23.87173705570922,0.23935868527854612,1.3116814984877099,0,7.645090773998155,94.49008570320407,0,3.2037974445841835,163.0984856106042,151.90138270821998,1,1,0,0,3,10,1,0,2282,0,,1,,0.8956154111015591,1.2927491557864503,42,8.264756029767268,-4.818611540447582,,,,,,1.6247456835438834,18.982458789703667,37.698412698412696,-28.323102915984844,0,26.483371298081753,44.98521669104049,35.908137686567414,8.620555891573604,,,,4350130
2026-03-06,165.40912177,166.61347809,160.43523245,164.76380679,162.1035146921477,159.90632712911514,155.51453632946286,147.9662369803258,133.70844095229114,149.8052104701516,0,0,0,0,165.02850376504568,126.0330618515982,98.66443198491484,10.523611142620538,2,31,153.2548624,152.63556922184384,153.87415557815618,150.15839650921922,164.51937091384644,165.02850376504568,164.40921058688951,165.64779694320185,168.12496965582648,151.90138270821998,0,2,0,23.2261819945906,0.24057535441739747,1.0880438828056906,0,7.655559072859463,75.9535811232218,0,3.6378597120622653,164.51937091384644,151.90138270821998,1,1,0,1,8,10,2,0,2282,0,,2,,0.8163000020739468,1.0740227100188549,43,5.288498408929743,-1.7042544700206244,,,,,,1.276951123782481,20.870808835885416,46.03174603174603,-21.300541313027164,0,26.51963454907495,45.13354512189204,32.70965698700783,11.77457170094479,,,,3481513
2026-03-09,166.80895889,166.80895889,160.57422337,161.82514164,162.01072367476513,161.82198513517014,156.11554635903784,148.5097234375679,133.988209118338,150.49563881835482,0,0,0,0,163.82402892507238,126.3010798632338,99.27331097829101,6.871745142866378,2,32,153.2548624,152.62413716742643,153.8855876325736,150.10123623713213,165.16910577043478,164.55846219149242,163.82402892507238,165.16910577043478,167.69200670072908,151.90138270821998,0,0,6.5,20.775658324589212,0.23276718051183498,0.5806894900355754,0,7.721759489294091,85.1948484599428,0,3.7779504466059053,165.16910577043478,151.90138270821998,1,1,0,0,8,10,1,0,2282,0,,0,,0.5204382163970447,0.5745137531800303,44,6.116177882436974,-3.035412706523117,,,,,,1.6607009465163556,25.344505352483054,55.15873015873016,-5.2505001740756505,1,26.74895951856894,45.29690322032938,30.099453419221565,10.735357851987308,,,,4719134
2026-03-10,160.83234936,164.66452756,159.46686286,161.3287455,161.7833976165101,163.15724813092166,156.61204151531996,149.01243018511428,134.260254256464,151.19642202391782,0,0,0,0,163.2658606705826,126.50093769858606,97.88010178405003,18.48424890754054,2,33,161.3287455,152.6227812492174,153.8869435507826,151.2154470874783,165.68575642950145,165.68575642950145,165.05367527871886,166.31783758028405,168.84616218341446,151.90138270821998,1,3,2.5,20.161209580185766,0.23413938123426214,0.4357970702586895,0,7.728893118615574,63.79956816121646,0,0.43081997106966247,165.68575642950145,151.90138270821998,0,1,0,0,8,10,1,0,2282,0,,1,,0.5177753041478906,0.43118015512905683,45,4.10226876655409,-0.8014233028998922,,,,,,1.2399706509045998,29.04054515652427,63.888888888888886,8.466803112785566,2,26.77367113542328,45.030549045592124,27.88953619446728,11.511383609784701,,,,3616432
2026-03-11,162.16269102,168.27829146,161.4578085,168.27829146,163.9483622310067,164.73433171258745,157.72311293862282,149.76795415667843,134.5987421888375,151.9454705265246,0,0,0,0,164.21671398573736,126.74893032409427,97.89086116699156,22.31575226909136,2,34,168.27829146,,,151.842850983418,,168.39742653,167.74844451534472,169.04640854465526,171.64233660327636,151.90138270821998,1,4,0,25.022187223645247,0.30742140144380004,1.235230493525038,1,8.69554529051579,68.27183217472147,0,0,,151.90138270821998,0,1,0,1,8,10,1,0,2282,0,,0,,1.3562615003823681,1.219688752959349,46,4.683730328180655,-0.9444385758478296,,,,,,1.2495767498455566,29.861050222544737,66.66666666666667,-0.8671405399091177,1,30.122252485379242,45.29425098763071,30.194750534410815,10.410774066507981,,,,3784895
2026-03-12,168.32793107,177.09428691,168.27829146,172.83520803,166.91064416400448,166.85880614285975,159.16236009018255,150.67255234778906,134.97920453551572,152.76182061803004,0,0,0,0,172.83520803,127.21596791515746,99.92307776606427,0.6282513295860251,2,35,172.83520803,,,156.12237549066077,,177.09428691,176.4129465084451,177.7756273115549,180.5009889177745,157.58825044242,1,4,0,28.04580425907281,0.36856807717749684,1.6386855539791516,1,8.707216265304396,96.93639971333062,0,0,,157.58825044242,0,1,0,0,11,10,1,0,2218,0,,1,,1.6889346692792844,1.6139277236356553,47,9.119147978669938,-6.311577121180299,,,,,,2.006726445509082,28.984142297003864,63.095238095238095,-3.9072773230320283,1,30.16268192799468,46.43056237888408,38.2592473738961,9.208032794201,,,,6527694
2026-03-13,171.64385729,174.91014389,170.9192182,171.49493845,168.43874225933632,169.02939730082466,160.3368913625461,151.4891165086601,135.34254517148074,153.6256918153112,0,0,0,0,172.35818514220318,127.46254730273206,98.42532523566373,18.62316183767501,2,36,164.76380679,164.09550029489543,165.43211328510455,161.42227431447722,168.39742653,172.35818514220318,171.68987864709862,173.02649163730774,175.69971761772595,159.46686286,0,0,0,26.711772881700817,0.3270832498473186,1.2703006311532559,1,7.905215485045989,68.05656416223404,0,1.0874111703587546,168.39742653,159.46686286,1,1,0,0,8,10,2,0,2090,0,,2,,1.3748617501771827,1.2544030957191672,48,4.711300187982213,-0.9703085819725267,,,,,,1.086652678637327,28.102463705497083,60.714285714285715,2.6219020591697406,2,27.384469729759797,47.485708670762214,36.21931223369171,8.717072021097527,,,,3607149
2026-03-16,171.97147874,173.41599151,169.76747988,172.22960473,169.70236308289088,171.01458286557485,161.46953073087505,152.3024689879283,135.70958058997346,154.52981312372938,0,0,0,0,172.3277662879811,127.67855614882438,97.57161345003794,27.48679554651232,2,37,172.22960473,164.11066047642078,165.4169531035792,161.77926371273242,,172.3277662879811,171.67461997440188,172.9809126015603,175.59349785587722,159.46686286,1,2,0,26.910424438173187,0.28566323330197707,1.1966704630104499,0,7.705638314418469,59.79839052700063,0,0,,159.46686286,0,1,0,1,8,10,1,0,2090,0,,3,,0.8877097244914144,1.1854206373650968,49,4.071087409079093,-0.30691542416577894,,,,,,0.9274738360031958,27.245869636501453,57.93650793650794,2.0707793895898314,2,26.69311413064438,48.05597805870075,34.41285605206536,9.85674082252327,,,,3140642
2026-03-17,173.36138793,173.94713538,170.27380394,171.46515468,170.28996028192725,172.48917582886014,162.421494916506,153.05394685820562,136.06535744659064,155.45777662538768,0,0,0,0,172.14032739044728,127.92509129878792,97.31930187257845,59.35847445056288,2,38,164.76380679,164.12451618239072,165.40309739760926,161.5673537519536,175.64776904065212,172.14032739044728,171.501036782838,172.77961799805655,175.33678042849368,160.41693032172,0,2,0,26.01675981140516,0.2856393546125814,0.9517269736176169,0,7.612544547209408,34.87016735861851,0,3.405012406283987,175.64776904065212,160.41693032172,1,1,0,0,15,8,1,3,2090,0,0,4,,0.8570970958644142,0.9466627058900772,50,4.225829683846907,3.5627548684861514,,,,,,1.0950511427857563,26.379704534977055,54.76190476190476,0.03441963433173655,2,26.370627861296214,48.64072020878959,33.38918457090895,9.351059274766262,,,,3685490
2026-03-18,173.63936977,176.13624236,171.49493845,171.49493845,170.69161967128483,173.44170848037356,163.28563239588638,153.7771229990603,136.41789059090317,156.39968006405564,0,0,0,0,172.00486192132686,128.22295911352262,98.27438220378991,54.360923174033815,2,39,164.76380679,164.12847365721996,165.39913992278002,161.58714112609977,176.932426279648,172.00486192132686,171.36952878854683,172.6401950541069,175.1815275852271,160.41693032172,0,0,0,25.712938169002815,0.2885646908450141,0.830937082071678,0,7.5624329458116835,68.01496666688564,0,3.8306264420372536,176.932426279648,160.41693032172,1,1,0,1,4,8,1,3,2090,0,1,5,,0.43053015524130783,0.8281776232902791,51,6.037469296921942,0.40604466619577506,,,,,,1.3020935371865587,25.51246007005806,52.77777777777778,-2.6131815337593243,1,26.197036181957216,49.40725477996031,34.27380048085214,8.737213455715112,,,,4505826
2026-03-19,173.11318986,177.72471,172.00126251,177.05457522,172.81260485418989,174.63034507210955,164.5969602838972,154.68996426262657,136.8222357115907,157.38227084400876,0,0,0,0,172.99683410487052,128.6087059455166,98.9424983942626,32.55133025796732,2,40,177.05457522,164.11823163500782,165.40938194499216,163.29764047683278,177.09428691,177.72471,177.07913484500781,178.37028515499216,180.9525857749609,160.41693032172,1,2,0,29.404825391989313,0.311468571404391,1.3731093255674283,1,7.771182311398202,85.4636477620016,0,0.0028866670331277136,177.09428691,160.41693032172,0,1,0,0,4,10,1,3,2090,0,2,6,,0.7323063685984887,1.361101157827139,52,6.952605829563702,-2.383196207334033,,,,,,1.4546063587055078,27.309720400184744,58.333333333333336,1.4470758292067907,2,26.920165196444458,50.27265371983331,33.51767540381228,7.984412371068492,,,,5247863
2026-03-20,177.02479145,177.58075512,173.65922562,174.20526137,173.27682369279324,175.63315264629998,165.51203657781176,155.45527003154317,137.194206116152,158.37810426161332,0,0,0,0,173.220547686038,129.02149983283894,98.49738759151887,48.972571602802944,2,41,171.49493845,170.8604621498287,172.12941475017132,168.32255694914343,177.09428691,177.27955022288623,176.64507392271491,177.91402652305754,180.4519317237428,161.25043141132,0,0,4,26.977127024237095,0.3037745240100744,0.8694807416197475,1,8.108354344436934,62.16637576362053,0,1.7650299809427425,177.09428691,161.25043141132,1,1,0,0,4,10,2,3,2090,0,3,7,,0.5400138000632054,0.8626109710393843,53,5.137099769316146,0.385196104415232,,,,,,1.605186724803863,29.556294294544177,64.68253968253968,5.226866897538606,2,28.08816338067321,51.07623844971537,31.667998174621392,7.543791547180581,,,,6069209
2026-03-23,169.88661495,177.30277329,169.76747988,175.48596341,174.01320359852883,176.56968727882125,166.4619343713535,156.24078741893362,137.57521862653854,159.38940446957446,0,0,0,0,173.41401098880286,129.23269822311119,91.01489703657042,35.512720450286785,2,42,175.48596341,170.8385024801088,172.15137441989123,164.98298789174046,177.09428691,177.2408969309302,176.58446096103899,177.89733290082143,180.5230767803863,161.25043141132,1,3.5,0,27.556376186014948,0.31111521426340805,0.9021365034063921,1,8.097904440849256,45.88102272833638,0,0.15313027219799702,177.09428691,161.25043141132,0,1,0,0,15,10,1,3,2090,0,0,8,,0.8946553915632407,0.8928073769804021,54,1.7036641894940678,-0.6730426172096087,,,,,,0.8079359074832119,31.318908190209577,69.04761904761905,11.646045013383457,2,28.0519638527771,50.313970509049255,28.422283151996748,12.06400571601789,,,,3061111
2026-03-24,177.49140382,184.03390494,176.97515183,182.79291459,176.93977392901922,178.07544632585027,168.0172658207484,157.28204730799504,138.02514594955807,160.45481380253491,0,0,0,0,182.79291459,129.56744501715883,90.31670548226471,32.44911976804882,2,43,182.79291459,170.80906985715458,172.18080704284543,169.9550245078688,,184.03390494,183.3480363471546,184.71977353284544,187.4632479042271,165.1870916941,1,2,0,32.434501939815036,0.4057689549865212,1.6161348217208569,1,8.707536226648914,51.18406144836691,0,0,,165.1870916941,0,1,0,0,15,10,1,3,2090,0,1,9,,1.5265493400773462,1.592586304300564,55,2.4340505239236547,-0.7289776408857076,,,,,,1.081875590983963,37.87323309941479,75,25.558600939887977,3,30.163790306605005,50.43979937522253,34.0220796695963,10.72156802155619,,,,4235516
2026-03-25,180.58891573,183.89491402,178.46434025,179.98331244,177.9542867660128,179.40597106676324,169.15688930829617,158.17229299944623,138.4426401434928,161.5473926205283,0,0,0,0,181.70953587961924,129.764426076575,81.88949381830653,56.162282680221175,2,44,171.49493845,170.8095732051257,172.1803036948743,168.06811222562843,177.09428691,184.03390494,183.3485396951257,184.71927018487432,187.4607311643716,165.1870916941,0,2,8,30.005692071063635,0.3322506825775404,1.0934491483273079,1,8.692425277069558,23.11191863707709,0,1.633975023354681,177.09428691,165.1870916941,1,1,0,0,8,8,1,3,2154,0,2,0,,0.6847804083981653,1.0798832820808635,56,0.9176067607535461,2.278037079308124,,,,,,0.6807109246017464,42.58779129599664,76.98412698412699,41.43390357233268,3,30.1114444417609,50.55664046524056,31.615132961301356,9.963053459605215,,,,2658212
2026-03-26,180.0528079,186.21794868,180.00316829,182.68370744,179.53076032400855,180.81710151523254,170.44515770179177,159.1335249382915,138.88284976833367,162.67388842378543,0,0,0,0,182.02335346849466,130.01802648332773,84.67698343345714,46.4458616850215,2,45,177.09428691,176.40220993047384,177.78636388952614,173.63390201236925,185.5147719586535,185.80413844563836,185.1120614661122,186.4962154251645,189.2645233432691,169.76747988,0,2,0,31.537988847960158,0.34435661090646746,1.25078324219143,1,8.694204945531897,45.9855369016984,0,2.4333955030317145,185.5147719586535,169.76747988,1,1,0,0,8,10,1,3,2154,0,3,1,,0.5165115879061397,1.234064576683332,57,2.1502212259760705,-0.28512198809225364,,,,,,0.8304298264159408,46.03927141912265,77.38095238095238,52.86495955438131,3,30.117609394155696,50.91395825918576,32.06918304413976,9.161687013825977,,,,3276081
2026-03-27,181.93911323,187.17112855,180.64351931,186.92293048,181.99481704267237,182.6091921489537,172.01446939495446,160.22330554777025,139.36086052168358,163.8486015524181,0,0,0,0,183.29599066517076,130.313519399393,86.54937734062082,53.2116150804939,2,46,174.20526137,173.50433623508286,174.90618650491712,170.7006356954143,187.1369765238514,187.17112855,186.47020341508286,187.87205368491712,190.6757542245857,169.76747988,0,1.5,0,34.12871431783107,0.36175468270026645,1.5542262028982277,1,8.796065872280108,37.7691595901218,0,3.6898991089483864,177.09428691,169.76747988,1,1,0,1,10,8,2,3,2154,0,4,2,,0.9440316122597544,1.5317083153697337,58,2.2706556232714825,0.979362955710684,,,,,,0.9124327385488245,51.891915293400146,78.17460317460318,70.30233571706805,3,30.4704659950236,51.344538051765696,30.616802686911985,8.399888812289753,,,,3568429
2026-03-30,188.13413706,189.23613649,183.41837373,183.47794127,182.4891917851149,184.09808960813638,173.10622862114928,161.13525204668122,139.79983644952753,165.04035822393425,0,0,0,0,183.3268441092856,130.5296670458452,84.03587342225896,55.31892724829241,2,47,174.20526137,173.50245800579123,174.90806473420875,170.69124454895612,188.23032428992025,189.23613649,188.53333312579124,189.93893985420877,192.75015331104387,169.76747988,0,0,5,31.243316108056923,0.35177213609584024,0.9789484022611986,1,8.745634549123743,33.79713421256107,0,3.991176944837162,177.09428691,169.76747988,1,1,0,0,8,8,1,3,2154,0,5,3,,0.6137265554300704,0.9642403210254907,59,1.539088822589055,0.8390176223870325,,,,,,0.7185349723690785,55.26465233055531,79.36507936507937,82.41707746017168,3,30.2957667670241,51.95254816753899,30.977342208032006,7.779051671132506,,,,2805294
2026-03-31,183.68642765,186.0194895,177.33752102,180.86689757,181.94842704674326,185.0216571903589,173.84533994961126,161.90904206720353,140.20846392336307,166.22752811390717,0,0,0,0,182.79605945258444,130.85955218926193,90.46845820701341,57.41729305052225,2,48,174.20526137,173.47514067037756,174.93538206962242,170.55465787188783,188.45428683502547,182.79605945258444,182.065938752962,183.52618015220688,186.4466629506966,169.76747988,0,2,5.5,28.998558652536506,0.3449927932626825,0.5628342592259639,1,8.959973236017065,50.728645592814786,0,3.90319723092198,177.09428691,169.76747988,1,1,0,0,8,8,1,3,2154,0,6,4,,0.4711873241395331,0.5518828076886355,60,4.150166235340878,0.9537655878855396,,,,,,1.1419939113913362,54.63713822755252,78.57142857142857,76.0315886694026,3,31.038257758477766,50.49922046478316,27.688449739594617,14.389355354316953,,,,4551745
2026-04-01,178.71253832,179.95352867,171.90198328,174.37403606,179.42363005116218,184.6835989557074,173.89569196012448,162.3978653610387,140.54841986502115,167.36629688475497,0,0,0,0,181.00276301575795,131.21418801822298,94.68139205397466,62.7208418227908,2,49,174.20526137,173.44724827133274,174.96327446866724,170.4151958766637,188.30117938645293,177.65655615243242,,,181.4466216457687,169.76747988,0,6.5,3,24.06687761233037,0.3203343880616519,-0.23156007058049838,1,9.56311965609873,57.0270724705358,0,3.7191753127317746,177.09428691,169.76747988,1,1,1,0,19,8,1,3,2154,0,7,5,,-0.0336940831012364,-0.23595152664108257,61,5.551462228705441,1.446523893344045,,,,,,1.3818487882641604,54.86298188610744,78.96825396825396,65.61100613380574,3,33.12761824644721,47.782987779755864,24.764633666376504,19.272356590531302,,,,5706991
2026-04-02,179.33799746,179.98331244,173.55994639,174.93992766,177.92906258744145,183.4602773001364,173.99514297916025,162.88971094139012,140.89062392268264,168.45983645224632,0,0,0,0,180.40208515635751,131.39746315148665,88.81796100096575,56.11046030236813,2,50,169.44994288279068,168.68872209429608,170.21116367128528,165.6438389403177,188.22225785605244,180.40208515635751,179.64086436786292,181.1633059448521,184.2081890988305,168.40207079200002,0,0,3,24.167189263071755,0.3208359463153588,-0.17691785320931083,1,9.533383070482289,36.68665812800028,0,4.932160355311944,188.22225785605244,168.40207079200002,1,1,0,0,8,8,1,3,2154,0,8,6,,-0.42657623469767214,-0.1949989422989419,62,1.6698775245306314,0.4133366465150117,,,,,,0.7260066613796697,54.85685015673969,78.57142857142857,66.10901382402112,3,33.02460769218462,45.26613089959798,22.933764323570305,17.820349183268792,,,,2947467
2026-04-06,174.20526137,176.08163878,172.41823527,176.05185501,177.3033267282943,181.94013954780257,174.1910203154307,163.40587345388462,141.24048691857635,169.5135938957493,0,0,0,0,180.09650131659438,131.53973815726687,90.74278803916823,43.77700380423701,2,51,176.05185501,168.93520381403067,170.41431748391352,165.97697647426503,188.06421568007957,180.09650131659438,179.35694448165296,180.8360581515358,183.79428549130145,169.36878718658,1,4,0,24.64687629651973,0.32323438148259864,-0.06775724869383114,1,9.519569092883064,52.348336268758416,0,1.192308237511001,188.06421568007957,169.36878718658,0,1,0,0,8,10,1,3,2282,0,9,0,,-0.13985372573249757,-0.10340418287453204,63,2.9422909760318476,-0.5992849917085837,,,,,,0.5621790478408649,52.29680513046934,76.58730158730158,58.58687628207318,3,32.976754670071664,42.65429549542109,21.91945475002569,18.41056729892658,,,,2247672
2026-04-07,170.85955139,175.8731524,170.27380394,173.44081132,176.0158215921962,180.0826780554008,174.1195718396754,163.7994004290264,141.56088815640146,170.50978994618148,0,0,0,0,179.38738898753397,131.76514999705424,63.7398517734692,47.026210811291946,2,52,169.76747988,169.02915879157226,170.50580096842774,166.0758744378613,187.20721037197572,179.38738898753397,178.64906789910623,180.1257100759617,183.07899442967266,166.53683072542,0,4.5,0,22.5202904409419,0.1126014522047095,-0.37546670109996066,0,9.452427535839794,19.328419885594403,0,4.724158842357809,187.20721037197572,166.53683072542,1,1,0,0,8,10,1,3,2282,0,10,1,,-0.4670466464468337,-0.4606167625818735,0,-1.164693138665358,0.4546890988785319,,,,,,0.9652496744944052,47.737973544836905,75.39682539682539,45.79075995122209,3,32.74416949387521,39.726965418003275,20.387846041559204,19.717416627821564,,,,3815599
2026-04-08,165.49847308,167.63297648,161.98895237,166.78910304,172.94024874146413,177.4428940973125,173.42143195399203,163.91664366867244,141.81191517016862,171.40948221013736,0,0,0,0,178.18408075184539,131.9509084886631,34.317781537327484,51.69441044235381,4,0,163.10739013970394,162.31955753125317,163.8952227481547,159.16822709745014,186.33030073486873,178.18408075184539,177.39624814339462,178.97191336029616,182.12324379409918,165.3564365331314,0,6.5,0,17.612897928823358,0.16056197118164478,-1.1278833762123577,4,10.3560608906126,4.034956779026508,0,3.2564390153738474,186.33030073486873,165.3564365331314,1,1,0,0,10,8,1,3,2282,0,11,2,,-1.579979852300224,-1.3314413742723512,0,-3.5154859840692687,3.906235717169075,,,,,,0.954714218415678,42.10240617915284,73.41269841269842,17.360431721191617,2,35.874447257636035,38.30950569965623,17.7418124051689,26.547684663812433,,,,3781849
2026-04-09,166.79903096,168.7746876,158.74748557,159.90905254,168.5965166743094,173.71028178814282,172.13453867646896,163.7594832322539,141.9919861887739,172.17494230223144,0,0,0,0,176.77434539381682,132.0800776976948,18.311827620427525,20.743109208376957,4,1,158.36029658,157.53920913974216,159.18138402025787,154.25485937871076,169.36878718658,163.2595364548467,162.43844901458885,164.08062389510457,167.36497365613596,151.90138270821998,0,0,5,12.6183644810813,0.18172407778781674,-1.9056050764826522,4,10.31596577519395,3.1787147265988693,0,2.766612467743965,169.36878718658,163.23434843030591,1,1,0,0,10,11,0,3,2282,0,12,0,,-1.9490580430592819,-2.1452152932494517,0,-4.555175714318743,3.7838179172506723,,,,,,0.840552215879691,38.74884184344731,72.22222222222223,8.432185394100602,2,35.735553703555155,37.46255492211428,15.807305356492064,27.177812463219144,,,,3309653
2026-04-10,159.03539533,160.43523245,155.39184767,158.10217059,165.09840131287294,169.28559655910644,170.79812266823382,163.53762783451845,142.15228653107465,172.80371665520292,0,0,0,0,175.5818363681253,132.1859716070165,9.92778626419034,18.019848703350693,4,2,151.07260484868,150.2651362900477,151.88007340731227,147.03526205551856,169.36878718658,158.36029658,157.55282802136773,159.1677651386323,162.39763937316144,151.07260484868,0,9.5,1.5,11.22027963682362,0.2215056070296513,-2.0565042594137974,4,9.873067352784489,2.872977109603781,0,1.805071331486673,169.36878718658,151.07260484868,1,1,0,1,10,6,0,3,2280,0,13,1,,-2.3232336707642656,-2.2809482479845657,0,-5.100534821192256,3.548551867291387,,,,,,0.7790029328057511,37.93392592685242,71.42857142857143,10.913668279143321,2,34.20130856314458,37.11613295311008,14.925776967603678,29.372674839717522,,,,2927059
2026-04-13,159.89912462,161.46773642,157.25829715,159.24388171,163.14689477858195,164.96122847682335,169.69771876744966,163.36924563355694,142.32235215474554,173.31591302431772,0,0,0,0,174.50866238848394,132.30664031756174,5.747491034163454,27.03898359999651,4,3,158.30543102050035,,,154.36854845943975,169.36878718658,161.46773642,160.68035990778787,162.2551129322121,165.4046189810606,151.90138270821998,0,7.5,3.5,11.88957974560164,0.25300162647136154,-1.853222452889211,4,9.933194965232998,3.787440727704812,0,2.4299311862639934,169.36878718658,158.28714250066713,1,1,0,0,10,6,0,3,2280,0,14,0,,-2.5484298219468267,-2.0083028699835843,0,-5.080114952172902,2.5709519338612297,,,,,,0.8619510978347596,36.93892281783518,70.63492063492063,7.350641495999785,2,34.409596722541835,36.53864898315508,15.384139606406375,27.970612681652483,,,,3222139
2026-04-14,158.22130566,159.08503495,156.03319148,157.61570237,161.3031639757213,161.0975417989965,168.54705053912113,163.14361648596648,142.4745247937033,173.7126770352209,0,0,0,0,173.69534222355367,132.3932567698222,5.9261650116724836,20.570388348608294,4,4,156.00581277955473,,,152.20680173044488,169.36878718658,158.36029658,157.60049437017804,159.12009878982198,162.15930762910986,151.07260484868,0,9,1.5,10.627287648946684,0.23759036902944297,-1.9530326781190352,4,9.91674584173187,9.58143911448225,0,1.9183128548751152,169.36878718658,156.00581277955473,1,1,0,1,10,16,0,3,2280,0,15,1,,-2.4756314462776765,-2.1252934921531303,0,-3.2041294904516997,1.0455554054858547,,,,,,0.6696427571391261,35.746374659644616,69.04761904761905,4.057214744019116,2,34.35261528725398,36.17150686210268,14.803705339473714,28.354941957852812,,,,2481173
2026-04-15,156.76190101,160.69335844,155.77923521,160.27638568,160.9609045438142,158.2677434142857,167.75936817158578,163.0311760622031,142.65165773784554,174.02345319581653,0,0,0,0,173.11930783868314,132.4818727775092,26.067851128589744,33.296157487699986,4,5,158.36029658,157.61088985632603,159.109703303674,154.61326296163014,169.36878718658,163.65308677696012,162.90368005328614,164.4024935006341,167.40012039533,155.39184767,0,9.5,0,12.35508105664209,0.20135595962739322,-1.5060726533408224,4,10.139695139492643,28.764056148084627,0,2.204741122806935,169.36878718658,155.39184767,1,1,0,0,10,16,0,3,2280,0,16,0,,-2.116644434753462,-1.6430551053758369,0,0.23745337524898913,-0.03772676381681861,,,,,,0.6356238238660905,34.29761125437884,67.85714285714286,-2.355372534072164,1,35.1249343097209,35.407899504918824,15.853167842832603,26.694823043609844,,,,2311457
2026-04-16,160.73307013,163.84050997,160.70825033,162.15276309,161.35819072587614,156.60832077238007,167.22540578286333,162.99672849466572,142.84569858712072,174.2732773542313,0,0,0,0,172.63632185599013,132.58273268739296,21.137650826034097,48.12971177221234,4,6,158.36029658,157.63259636971347,159.08799679028655,154.72179552856727,169.36878718658,163.80537750225244,163.0776772919659,164.53307771253898,167.44387855368518,156.16151813,0,4,2.5,13.516027919527465,0.12893122847226846,-1.187766898313221,4,10.245920802225505,15.93572129878092,0,2.1008264843684765,169.36878718658,156.16151813,1,1,0,0,10,10,0,3,2280,0,17,0,,-1.490808710997049,-1.2989609588793138,0,-1.750497399695135,0.46140992022901883,,,,,,0.7017141001229287,32.555152932687164,66.26984126984127,-8.277027160341836,1,35.492910799562885,33.92194235784928,19.021325072572818,25.527450797726022,,,,2480744
2026-04-17,155.94781134,157.29790956,152.47303836,155.24292882,159.3197700905841,155.09486996959913,166.08421750068587,162.69265791918863,142.96905411182598,174.4309162638008,0,0,0,0,171.5657315873562,132.6968686500735,14.8060987721404,14.81502908743322,4,7,150.37277377391908,149.61062603642085,151.1349215114173,146.56203508642795,163.231752585,158.15953192111112,157.3973841836129,158.92167965860935,161.97027060860225,151.14496706475737,0,6,0,8.584986999056294,0.18644900643464127,-2.1161822470772313,4,10.33328473418243,10.228066231339383,0,1.8407362539392425,163.231752585,155.39184767,1,1,0,0,10,16,0,3,2280,0,18,1,,-2.1481925715148784,-2.240124401441934,0,-2.7327332590350957,1.1464658818855766,,,,,,1.0684942822036663,32.92205549412918,66.66666666666667,-8.027514528200204,1,35.795548337359655,33.739551384318496,16.864342742485654,32.280248468081346,,,,3694416
2026-04-20,154.70682099,155.98752303,153.52539818,154.62739761,157.7556459303894,153.7222069975091,164.99309179681103,162.37637320118122,143.08505752971826,174.50611573127267,0,0,0,0,170.98797816425733,132.7600602836059,22.77273009515338,14.448007110418846,4,8,149.72699286018724,148.99730098920674,150.45668473116774,146.07853350528478,161.28351547,158.15953192111112,157.42984005013062,158.88922379209163,161.80799127601358,148.96912090390106,0,6,0,8.066768312186927,0.19818020278198104,-2.090302662975965,4,10.285480885355067,22.10737843384484,0,3.1675075657028193,161.28351547,148.96912090390106,1,1,0,0,10,16,0,3,2280,0,19,2,,-2.262770889768371,-2.1902079118446456,0,-0.6431103929980724,0.11124908523852517,,,,,,0.6501572930271623,33.210544095977035,67.46031746031746,-6.790373792598967,1,35.629950947426984,33.57018833746848,16.35627460396589,31.307748916775598,,,,2119584
2026-04-21,156.41442371,158.92618818,154.45862292,158.23123359,157.91417515025958,152.97391667812207,164.34910530092426,162.2138187066251,143.23576574922356,174.53134181251488,0,0,0,0,170.62742056588885,132.8224924381468,52.78381156727919,42.64885820585287,4,9,158.10217059,157.38471059141096,158.819630588589,154.51487059705485,163.84050997,158.36029658,,,161.94759657294514,151.90138270821998,0,6.5,0,10.46908065338263,0.14194578969768007,-1.444230988475623,4,10.613133687929125,30.95203036819652,0,1.5996262903256384,163.84050997,151.90138270821998,1,1,1,0,8,8,0,3,2280,0,20,0,,-1.7168030914461354,-1.5020262248440122,0,2.53488016687844,1.7432323454715406,,,,,,0.5652815203277711,33.396821436822016,68.25396825396825,-9.16130704846812,1,36.76497355002819,32.70786228380249,19.10398616417381,29.56711664030649,,,,1807446
2026-04-22,159.60128693,160.68621034,158.65813427,159.49207978,158.44014336017307,152.98925596379826,163.88653144178863,162.10708384675743,143.397520117689,174.52289711205106,0,0,0,0,170.29860662223075,132.8926800563076,48.99206353629815,60.277112098417206,4,10,158.15953192111112,,,154.71887046560852,163.84050997,162.10708384675743,161.41895155565692,162.79521613785795,165.54774530226007,153.54351073589999,0,3.5,1,11.223736400114808,0.059921136398068814,-1.1825410830064214,4,9.575385803636955,19.37139790755742,0,2.4889322072538587,163.84050997,153.54351073589999,1,1,0,0,10,8,0,3,232,0,21,1,,-1.0304196351799582,-1.220239776103445,0,0.18322617397180796,1.395795355119011,,,,,,0.6311456562059906,32.930029138467944,67.06349206349206,-0.7237850390559263,1,33.170109427945896,31.50598510477761,20.7790997781792,28.625299917510514,,,,1945784
2026-04-23,160.26645776,161.39824096,156.86118024,158.38015243,158.42014638344872,153.56511072872382,163.36211439304685,161.96092967355125,143.54660103621944,174.4826271296304,0,0,0,0,169.89881220846792,132.97127917440164,56.45444122669852,51.53734737949882,4,11,158.15953192111112,157.4800424658035,158.83902137641874,154.76208464457298,163.84050997,164.7313073735727,164.05181791826507,165.4107968288803,168.12875465011084,152.47303836,0,3.5,1.5,10.33361381370346,0.0516680690685173,-1.3025752967602964,4,9.532097061866592,28.85540032389057,0,1.6721313346406221,163.84050997,152.47303836,1,1,1,0,8,8,0,3,232,0,22,2,,-0.5003415819268004,-1.313540769059571,0,1.2023408997292444,0.6708027995803736,,,,,,0.7463449131994235,32.63182505345254,66.66666666666667,-1.1760326375111516,1,33.0201528276619,30.680558748971915,19.540301549070143,29.27994950611082,,,,2287087
2026-04-24,159.83955708,161.78542995,158.89640441,161.6762228,159.50550518896583,154.75987864784634,163.20155328894714,161.94976469811786,143.7269952826252,174.43940140585104,0,0,0,0,169.6153366896809,133.06519765562692,69.9071523932962,41.30017437060235,1,0,155.45655424093022,154.79519548314457,156.11791299871587,152.14976045200194,163.84050997,163.56520118238257,162.90384242459692,164.22655994016822,166.87199497131084,156.16151813,0,4,0,12.488417699179877,0.062442088495899384,-0.7368661387753174,0,9.681727879967829,59.20805902643271,0,2.5353730121124385,163.84050997,156.16151813,1,1,0,0,8,10,0,3,232,0,23,0,,-0.00045720510120217855,-0.7439838627841772,0,2.148465741814868,-2.5473278431323365,,,,,,0.8055105503439876,32.534986112209765,66.26984126984127,-2.9920938553198493,1,33.53848918632078,29.81900197881021,19.164705066402128,27.933879326103565,,,,2434498
2026-04-27,162.07333971,165.77645491,161.95420464,162.91721315,160.64274117597722,156.2992151125892,163.1744732757141,161.98770385309362,143.91794272409163,174.40378067512043,0,0,0,0,169.3623862688707,133.17597406539858,75.9483343651005,36.536857817707066,1,1,161.98770385309362,161.33697579131052,162.63843191487672,158.73406354417807,169.36878718658,164.40101969766155,,,167.6546600065771,157.58825044242,0,3.5,5,13.201460545008144,0.06600730272504073,-0.5299440740515934,0,9.313413531136767,46.116872494903994,0,2.2685615595740254,163.84050997,157.58825044242,1,1,0,0,8,10,1,3,232,0,24,1,,0.010606398012385141,-0.5336691398492517,0,2.0208498339482928,-1.0189313864700913,,,,,,0.9292434554274708,29.709245020840218,61.111111111111114,-7.91431867135695,1,32.26261085565669,28.08964438702474,23.562564168550523,26.362351276869813,,,,2771426
2026-04-28,165.55804061,165.99486922,163.37399688,163.9397892,161.74175718398482,158.03317453618874,163.24736050659845,162.06425621963896,144.11716507708576,174.38085244348915,0,0,0,0,169.16112033359292,133.29205976376437,81.57595965177208,22.912712043467927,1,2,162.25628365211043,162.06425621963896,163.5197367681005,159.53734998765884,169.36878718658,165.25046698640006,,,168.4090997763752,157.58825044242,0,0,4.5,13.754519881314259,0.06877259940657131,-0.3733631143410441,0,9.315621318675296,65.36748465627188,0,2.615916536494163,163.84050997,157.58825044242,1,1,0,0,8,15,1,3,232,0,25,2,,0.27802161021822935,-0.37661792713278414,1,2.5587738444899566,-3.0385322663801646,,,,,,0.9481232940255366,27.573888217604253,54.36507936507937,-14.553247494487561,1,32.270258856034786,26.43536150923164,22.846329246902105,25.21563211322123,,,,2828851
2026-04-29,163.95964504,175.88298105,163.8107262,172.23953266,165.24101567598987,160.64131120014505,164.10375785454147,162.46328666828057,144.3969896301496,174.41889596602408,0,0,0,0,169.30572901209501,133.48625890008103,89.50648491255293,12.173066899568814,1,3,165.78394644590642,164.39516400159422,166.53683072542,161.61759911296983,177.0501037923822,177.0501037923822,176.3557125702261,177.7444950145383,180.5220599031627,166.53683072542,0,3,3,19.281941473409354,0.09640970736704678,0.8501501104267754,0,10.75339931611467,89.71669548236048,0,2.704085004486406,177.0501037923822,166.53683072542,1,1,0,0,8,10,1,3,232,0,26,3,,0.8144385501409733,0.8378993397331104,2,4.850708855536736,-5.640890425303484,,,,,,1.2761159251164818,27.574864431595316,54.76190476190476,-25.975243109444918,0,37.25086793917405,25.98233674603454,32.014232255146595,21.301495228152156,,,,3756734
2026-04-30,171.33609168,178.08707919,170.23905621,177.85873696,169.4469227706599,164.24929025795194,165.41375586458514,163.06702981697546,144.72994233989934,174.54520299079735,0,0,0,0,169.6754863505764,133.69805946805644,93.88984516952483,6.347854313691329,2,0,177.85873696,,,161.6283612455255,,178.71253832,177.99767483710505,179.42740180289493,182.28685573447473,169.36878718658,1,1.5,0,22.890076569157632,0.13395500973737956,1.5371989280465126,0,10.652328860289323,92.2669234907526,0,0,,169.36878718658,0,1,0,0,10,10,1,1,232,0,27,4,,1.156037015132731,1.5146209045647645,3,4.948646090973784,-6.558385527648956,,,,,,1.2727304042009162,27.986756661752498,56.34920634920635,-24.156671727235356,0,36.900749609906754,25.870714008729408,31.62906110554767,19.21350135565805,,,,3613548
2026-05-01,176.71702584,178.95080847,171.53465014,174.92007181,171.27130578377327,168.01316993658656,166.319119287958,163.53185499317252,145.0303416381093,174.73059647586123,0,0,0,0,169.82375000064775,133.83004604570908,93.63993694057541,6.992291896489624,2,1,166.88547106540005,166.47557924740005,168.34550607524068,163.5555092277188,177.85007488580175,178.03655346616895,177.30653596124864,178.76657097108927,181.6866409907705,168.40207079200002,0,2,1.5,20.60929446506706,0.17940076967377314,0.8907990835317593,0,10.792679541585644,66.87704052462666,0,3.2927115549278057,177.85007488580175,168.40207079200002,1,1,0,0,13,10,1,1,232,0,28,5,,1.6108343787875026,0.8781436748726124,4,3.090940360493832,-2.8836799487133726,,,,,,0.8643285650002026,29.664356373047067,61.904761904761905,-20.655829391931125,0,37.38693863167102,25.887668594442285,29.816565465898552,17.470754885700067,,,,2431721
2026-05-04,174.91014389,179.36778123,173.86274803,177.18363821,173.24208325918218,171.7277129959775,167.35383537577152,164.06721904089125,145.35027493733207,174.98045168076928,0,0,0,0,170.0210088515254,133.96485341372323,95.46927270690827,4.032316439012922,2,2,177.18363821,,,162.49771253345446,178.1114410317968,178.2414080130299,177.51438253346106,178.96843349259876,181.8765354108742,169.36878718658,1,3.5,2.5,21.901137294988203,0.22144093443738347,1.0725807122510547,0,10.852404991403203,87.76291020521961,0,0.06317632556717685,178.1114410317968,169.36878718658,0,1,0,0,13,10,1,1,232,0,29,6,,1.8954819836995396,1.0593123195597864,5,4.338690222874157,-5.592726365576513,,,,,,0.8402033073091404,30.106106240297525,64.28571428571429,-19.917435094542075,1,37.59383365884886,25.964009022623845,28.31283664403775,16.289607864898418,,,,2368941
2026-05-05,177.47154797,180.10244751,176.64753038,178.96073639,175.1483009694548,175.10923699313375,168.45925451998377,164.65127854477785,145.68470738959743,175.29721459993334,0,0,0,0,170.18851676911444,134.06431624506115,96.77847537330953,3.7171000444502016,2,3,178.96073639,178.0065957574539,179.41848088254608,170.99998987963133,186.0194895,179.30511301093316,,,182.83482582366358,169.36878718658,1,3.5,3.5,22.841126976638744,0.19579596092402593,1.1607883218885475,0,10.769510310423689,83.28202849034399,0,0.8866948722467366,179.30511301093316,169.36878718658,1,1,1,0,19,10,1,1,232,0,30,7,,1.6527226083266575,1.146556951656139,6,4.810058083782829,-4.021639931548912,,,,,,0.6220852699443584,29.76463842840133,63.095238095238095,-20.216325934817178,0,37.3066780605814,26.14613197658348,28.004840670028127,15.577803126310428,,,,1687776
2026-05-06,172.29910019,174.18540553,168.66548045,170.48229032,173.5929640863032,177.03221031213764,168.6519245961758,164.87994567321795,145.9314495083079,175.61651846868162,0,0,0,0,170.1960772485836,134.17745238547388,92.05420564424557,38.85988511819447,1,0,167.80115549000004,167.05371546817153,168.54859551182855,164.0639553808575,179.7078949021761,179.4926826681921,178.74524264636358,180.2401226900206,183.22988277733464,163.231752585,0,3,0,16.823543447565367,0.08411771723782685,-0.22586894264598187,0,11.17687438191303,28.251115520412345,0,3.186005315328939,179.7078949021761,163.231752585,1,1,0,0,8,15,1,0,232,0,,8,,0.6993961025122246,-0.22871303497071951,7,2.5739350137130135,1.394809790893949,,,,,,0.9002668512266576,29.381887670991535,60.714285714285715,-24.112769918942135,0,38.717828598576716,24.482518846918158,24.560739640457342,23.19699454019792,,,,2379379
2026-05-07,167.17629203,168.98317398,164.2475548,167.09686865,171.4275989408688,177.4595871888939,168.50382402987336,164.96688382917017,146.1420506937974,175.90955573127928,0,0,0,0,170.11519569696426,134.28359302401302,93.88965535861935,52.78008941688186,1,1,164.83815538812217,164.08843665785284,165.5878741183915,161.08956173677552,179.98849253806213,168.6137475226444,,,173.11205990426035,160.41693032172,0,5.5,1.5,14.338664235735942,0.07169332117867971,-0.7397221825843594,0,10.476227032088616,43.29181881497003,0,4.04160561508109,179.98849253806213,160.41693032172,1,1,0,0,8,15,1,0,232,0,,9,,0.4864986900766052,-0.7364397640172291,0,4.144961428544909,0.9262143730446947,,,,,,0.9523779685961834,29.4228374499724,61.111111111111114,-18.924613460398344,1,36.29071498240798,23.311126507070835,22.73708291366322,26.736005562231338,,,,2477480
2026-05-08,166.86852642,170.72056047,165.61760815,170.32344356,171.05954714724587,177.09865003467266,168.67712112798066,165.17694499508508,146.38266156808797,176.19152519289753,0,0,0,0,170.1214052396743,134.41992376666903,96.28731447434876,32.72037922334185,1,2,170.32344356,167.7643085423214,169.24776747567873,159.6837724165707,180.10244751,179.56712119979852,178.82539173311986,180.30885066647718,183.27576853319184,164.1421202635,1,5,0,16.354930109517294,0.08177465054758648,-0.25367266414514184,0,10.504310417988616,80.77237548815106,0,0.9191077259976392,180.10244751,164.1421202635,1,1,0,0,8,15,1,0,168,0,,10,,0.46381588030381715,-0.2498382730175822,1,5.7574345900917985,-2.5750675022541127,,,,,,1.1217985083662223,30.537432421324517,66.66666666666667,-16.078285355033834,1,36.3879986848627,21.890674728746667,23.431796147929894,25.09369805490752,,,,2917678
2026-05-11,172.2593885,175.06899066,170.32344356,174.09605422,172.07171617149726,176.6567663568463,169.19320999388725,165.52671398429743,146.65841671885326,176.47995953706913,0,0,0,0,170.21781328347006,134.54465410514396,96.98650576882879,22.610646801968983,1,3,174.09605422,165.04196417441926,166.50420366789393,162.39813827220274,180.10244751,174.92007181,174.18895206326266,175.65119155673733,178.57567054368664,166.53683072542,1,2,0,18.70853246271244,0.09354266231356222,0.25990839290360196,0,10.657044359789905,75.54697269608006,0,0.5134584071901275,180.10244751,166.53683072542,0,1,0,0,8,10,1,0,168,0,,11,,0.700939950553064,0.27417604049940564,2,4.8401954892135475,-2.5944354015525732,,,,,,0.9496383559400847,31.591329341595088,68.65079365079364,-14.426261711705868,1,36.917084579342905,20.851293121464725,27.384225772228444,23.639430149848195,,,,2432410
2026-05-12,175.5653868,176.36944926,173.83792823,174.16554968,172.7696606743315,176.30250927611905,169.66676615446943,165.86549185471713,146.93211953438706,176.76717565685806,0,0,0,0,170.34199102515728,134.7107291481612,98.06274129568041,57.69376663706086,1,4,169.05101717348512,168.34951739946118,169.75251694750906,165.54351830336537,180.10244751,174.92007181,174.21857203597605,175.62157158402394,178.42757068011974,168.40207079200002,0,0,1.5,18.534701760182127,0.24267350880091063,0.19438166717379846,0,10.554896493524573,39.50093014980468,0,3.1508008258139713,180.10244751,168.40207079200002,1,1,0,0,8,8,1,0,2216,0,,0,,0.6199129881482139,0.22690600248671325,3,6.178208703575929,3.403881925451456,,,,,,1.2525442845403607,32.58451617382255,71.03174603174604,-10.881744809568994,1,36.56323399083029,20.10081331147893,28.157086684150837,22.877749391280105,,,,3256854
2026-05-13,174.89028804,175.74408941,169.60863312,170.58156955,172.040296966221,175.56071508421167,169.7538902873771,166.05043607806155,147.16743744499016,177.02504095950977,0,0,0,0,170.34949314758566,134.86458443715867,93.40550518714238,77.33532556430416,4,0,169.46547246840007,168.75929896135997,170.17164597544016,165.93460493319958,180.10244751,178.90431673341465,178.19814322637455,179.61049024045474,182.43518426861513,164.2475548,0,0,1.5,15.909859213089748,0.22954929606544874,-0.3835135452490295,4,10.77953195434763,14.55283858737765,0,3.0125670067075876,180.10244751,164.2475548,1,1,0,0,8,8,1,0,2216,0,,1,,-0.49213199928451157,-0.3652799798062304,4,3.193709264441077,4.444246294601442,,,,,,1.2620820184135713,33.48886989077713,74.2063492063492,-10.317033577240032,1,37.341394053484656,18.73010923627444,25.972822617695744,26.45037501752042,,,,3347001
2026-05-14,170.99854231,172.34873981,169.45971427,170.27380394,171.45146595748068,174.46533899597534,169.80340587334118,166.21605834715717,147.39735153946788,177.2479912936358,0,0,0,0,170.3479758935678,134.96352044922807,92.44171459320619,88.45979250588266,4,1,169.60029366000006,168.91876624685568,170.28182107314444,166.1926565942782,180.10244751,170.3479758935678,,,173.75561295928966,164.2475548,0,4.5,3,15.520260141449421,0.22909078781122938,-0.4337631632330422,4,10.751507641617957,7.508497368818951,0,3.081946124968317,180.10244751,164.2475548,1,1,1,0,14,8,1,0,2216,0,,2,,-1.011915896831858,-0.41818280513117917,5,3.6045836029149676,7.124930665989175,,,,,,0.8290608160685086,34.302739073040264,75.7936507936508,-7.898053473452434,1,37.24431498649467,17.48458367999191,24.989787169340833,25.644360851220625,,,,2186443
2026-05-15,172.14025343,175.26754911,171.87219951,174.92999974,172.61097721832044,173.72096440405326,170.29165290826106,166.55778153903336,147.67130823798064,177.4612570517295,0,0,0,0,170.43316182396262,135.06877115726968,94.72059804666411,87.34312476057127,1,0,174.92999974,169.30015736604662,170.65502515420758,166.45272835735608,176.36944926,179.83124571682927,178.71253832,180.10244751,182.81218308632197,169.36878718658,1,2,0,18.45903027966031,0.24229515139830154,0.2509243806911986,0,9.85366249526094,34.49671293406642,0,0.1698010426971928,176.36944926,169.36878718658,0,1,0,0,8,15,1,0,2216,0,,3,,-0.3215944450957523,0.295512462801852,6,4.484560701470282,2.4456366393287827,,,,,,0.8084261685055678,34.09101972267023,74.60317460317461,-0.12617428647132742,1,34.13408816485573,16.687519746823828,27.192009177429735,23.95651293697158,,,,2066210
2026-05-18,173.49,180.07,171.8424,179.8,175.00731814554698,173.88589963414853,171.19720977414096,167.07708422377715,147.9909967132246,177.69307642983645,0,0,0,0,170.59745364945536,135.1816052888092,96.84612288197908,55.47365663737435,2,0,179.8,178.01003184692524,179.41504479307474,168.55989643080414,183.48886207952052,180.10244751,,,183.6149798753737,173.5087778753,1,5,0,21.49387732580419,0.25746938662902097,0.9179661084894778,0,10.019325604947358,71.96784983365279,0,0.32818755243768727,183.48886207952052,173.5087778753,0,1,0,0,8,8,1,0,2216,0,,4,,-0.07518507577675045,0.9714053419002374,7,5.6491675021838805,-1.126004927316481,,,,,,0.7783771357419436,33.20592302552089,73.01587301587301,-4.327649617415511,1,34.7079620106892,16.734233597566693,30.45227545411609,21.451393597014057,,,,1984138
2026-05-19,181.01,183.6999,177.7574,182.38,177.46487876369798,175.07337575658096,172.26223741469897,167.67719856794275,148.33317585040646,177.95802074195873,0,0,0,0,170.88623426605014,135.35153652291015,98.24298137483626,33.62022045481788,2,1,182.38,178.00715284500203,179.41792379499796,172.1143162000162,184.63386599816994,184.63386599816994,183.92848052317197,185.3392514731679,188.1607933731598,175.19263300434,1,3.5,0,22.95293952576708,0.26476469762883537,1.1807894118151587,0,9.91446332939302,85.56145354211108,0,0.21955342109538756,184.63386599816994,175.19263300434,0,1,0,0,8,10,1,0,2216,0,,5,,0.004882989776748484,1.2196032229448621,8,7.057024823670576,-2.246270423520113,,,,,,1.0928142541243768,31.651312777444694,69.04761904761905,-7.842243472287399,1,34.3447084325744,17.293399489546584,32.756326617398216,19.83785199751508,,,,2842200
2026-05-20,182.95,184.715,177.3,179.34,178.08991917579866,176.5824190247407,172.9363100418705,168.13456332998422,148.64170146383526,178.2334395106872,0,0,0,0,171.04646004310385,135.47602167792184,98.88669128002,44.19053472642277,2,2,178.71253832,177.99133216464475,179.43374447535524,175.1065075432237,184.97635928701106,180.10244751,,,183.70847828677628,173.5087778753,0,3.5,3,20.652547860960592,0.253262739304803,0.5706150035234753,0,10.196610457792719,66.15936416190642,0,1.7370403512226202,184.97635928701106,173.5087778753,1,1,1,0,1,10,1,0,2216,0,,6,,0.5489522677787504,0.5808922678173892,9,6.701786228501472,0.6946834929925358,,,,,,0.856559141959709,29.817255498700806,64.68253968253968,-15.584690815003793,1,35.32209475577027,17.95075620117367,31.00605728413546,18.016774810790753,,,,2240362
2026-05-21,181.28,181.63,173.23,174.05,176.74327945053244,177.46840365073894,173.04237575216857,168.36654123861229,148.89452035474238,178.48585565933752,0,0,0,0,171.11398066178788,135.60802346322006,97.8811593982232,67.15842760235256,1,0,169.93913329021757,169.19444186024484,170.6838247201903,166.21567614035388,176.36944926,179.83124571682927,179.08655428685654,180.575937146802,183.55470286669296,169.45971427,0,0,3,16.894832385587126,0.23447416192793563,-0.3313430515018585,0,10.743325155921575,31.00368357225758,0,1.7269746128320138,176.36944926,169.45971427,1,1,0,0,8,15,1,0,2216,0,,7,,0.3782070459223468,-0.3321439363715429,10,4.578926009964809,2.9484528861373063,,,,,,1.0308287025091232,28.203004207186645,56.74603174603175,-24.21800590294717,0,37.21597002457799,17.660705951308927,27.883348733030907,21.08203159869663,,,,2718401
2026-05-22,174.37,178.19,173.51,177.69,177.05885296702164,178.0863285580294,173.4850066329144,168.7321670723922,149.18104254026733,178.74060965488195,0,0,0,0,171.2156697757142,135.70839741042298,97.55214582463967,70.74246942919876,1,1,177.69,174.34435068894473,175.81092048746555,167.64372080591676,183.87262427869405,178.71253832,,,182.37896281630202,170.854587425,1,3.5,0,19.110308504539013,0.24555154252269507,0.2129351327488781,0,10.744886515991434,42.74812185459751,0,0.6154143399016134,,170.854587425,0,1,0,0,8,15,2,0,2216,0,,8,,0.40429920319733864,0.20293560650551723,11,4.590913447731197,1.4173450782245895,,,,,,0.7276000894748692,25.573229842175603,47.61904761904762,-31.29424349222215,0,37.2213787345178,17.39137357643452,26.294436095306445,19.88068714194585,,,,1899285
2026-05-26,175.7,179.93,173.79,173.88,175.99923531134775,178.04618144836925,173.5226250488273,168.93404287347485,149.42680331101093,178.97203475947833,0,0,0,0,171.2530714481861,135.79204317012415,89.71319560546279,84.65621279655548,4,0,169.88001088581987,169.14428205079236,170.6157397208474,166.2013667106823,183.15318916537157,175.62855612470588,174.89282728967837,176.3642849597334,179.30720029984346,166.53683072542,0,0,3,16.364665606941458,0.2318233280347073,-0.44163181198350226,4,11.05567762716644,8.60531010299119,0,3.6081712847520233,183.15318916537157,166.53683072542,1,1,0,0,8,8,1,0,2216,0,,9,,-0.33292348286677886,-0.4452040306557374,12,2.4504675246969754,5.464081883397371,,,,,,0.6833074083089454,22.89894951576847,42.46031746031746,-40.20848331086407,0,38.2979907247096,17.43088968615322,26.44676515053833,18.399315720554785,,,,1748725
2026-05-27,171.35,176.55,170.02,174.63,175.5428235408985,177.74132132369093,173.62808932989137,169.15741374118173,149.67758138751827,179.1825325143199,0,0,0,0,171.31661662055205,135.90796616635518,92.96118120410775,87.41697967218491,1,0,174.63,169.07308058447833,170.55604127810088,164.08815722550986,182.34585349850252,175.62855612470588,174.8870757778946,176.37003647151715,179.3359578587622,168.40207079200002,1,3.5,3,16.6707788709382,0.233353894354691,-0.3339127397473644,6,11.05183149100121,28.873172107849502,0,0.7319264443190018,182.34585349850252,168.40207079200002,0,1,0,0,8,15,1,0,2208,0,,10,,-0.27651412901338884,-0.3384492251593515,13,4.311918408328874,2.956176149968503,,,,,,0.9416112636283375,21.480051631316854,39.285714285714285,-43.89385324212734,0,38.28466731820758,16.633623691602466,24.367221346524943,21.492217130664503,,,,2389073
2026-05-28,177.25,179.4,176.03,176.71,175.931882360599,177.5888143809831,173.92160463180647,169.4535935944687,149.9465606771947,179.38399347897501,0,0,0,0,171.4099541454598,136.021624043948,94.99058804659472,52.11782993906438,1,1,174.92999974,174.19889298938955,175.66110649061045,171.2744659869477,182.52441890166224,182.52441890166224,181.7933121510518,183.2555256522727,186.17995265471455,170.854587425,0,0,0,17.848651680928985,0.08924325840464492,-0.034074131454402516,6,9.987749629988084,70.3782259080491,0,2.0775130732471094,182.52441890166224,170.854587425,1,1,0,0,8,15,1,0,2208,0,,11,,0.27140728692518234,-0.038971285622018646,14,4.49398943273194,-2.1313768202726977,,,,,,0.9084540919072193,24.619498974969233,46.03174603174603,-28.84245757505456,0,34.59857962483323,16.39262243523611,26.42828876779311,20.240227355919508,,,,2235864
2026-05-29,175.97,177.41,174.34,175.88,175.91458824039933,177.37510928396452,174.10811847639633,169.70560953194052,150.20460484956092,179.5712103552555,0,0,0,0,171.5212573729762,136.1847817044287,97.13919974491867,59.45688883853369,1,2,170.86006712535945,169.44747601708286,171.8424,166.62229380052972,182.32259771214683,177.50015138341462,176.79385582927634,178.2064469375529,181.03162915410604,169.36878718658,0,2,1.5,17.09361385834645,0.08546806929173226,-0.20712790642721815,6,9.457548378119878,63.051578245388455,0,2.7048475008388824,182.32259771214683,169.36878718658,1,1,0,0,8,15,2,0,2208,0,,12,,0.21474493813980752,-0.21183965396875395,15,6.583247192614027,0.9319606553858033,,,,,,1.3490799208293793,28.637701147112082,60.317460317460316,-12.588422468402394,1,32.761908611888515,15.801054698682124,25.402629936685006,21.59112001934799,,,,3299111
2026-06-01,178,182.6199,177.25,180.24,177.3563921602662,177.5614695912788,174.69210719293002,170.11872288362912,150.50346450279912,179.77077743400187,0,0,0,0,171.64332015788347,136.28737746255837,96.23354046903114,30.283959634484866,2,0,180.24,176.78412783314334,178.2161749336859,171.52181159782987,182.94796831262857,184.18040357869475,183.46438002842348,184.89642712896602,187.7605213300511,173.5087778753,1,5,4.5,19.75804051782997,0.10323464703359429,0.4247221043434185,6,9.613599854665809,84.54941921844164,0,0.3106113549868336,182.94796831262857,173.5087778753,0,1,0,0,8,10,1,0,2208,0,,13,,0.1649129375800176,0.41697783192676696,16,3.580946207309685,-5.54494640113039,,,,,,0.7780541757484685,32.856586418102715,75,-1.3389401477057932,1,33.30248678383591,16.112454860548908,29.764253417071227,19.776510038951088,,,,1881281
2026-06-02,179.54,183.2,179.2701,182.56,179.09092810684413,178.1912415645671,175.44143031741288,170.60661610387896,150.82243500525882,179.99276388537888,0,0,0,0,171.74866265799352,136.362254321434,96.61736692061761,15.518140201657312,2,1,182.56,176.8001839795913,178.20011878723793,173.67036076941346,183.82643312256306,184.32419314273537,183.62422573891206,185.02416054655868,187.82403016185194,175.19263300434,1,3.5,0,21.04299999773546,0.11410388887756619,0.6809357522114061,6,9.612758894485081,88.92533358385195,0,0.14246170060598717,183.82643312256306,175.19263300434,0,1,0,0,8,10,1,0,2208,0,,14,,-0.09377121136251922,0.6718937859151306,17,4.195345149920325,-6.069614703891306,,,,,,0.55363877785236,36.02032811324765,82.93650793650794,8.170538555862521,2,33.299573612315584,16.48989828245889,29.012170697860483,18.785141084054587,,,,1309328
2026-06-03,184,187.52,182.21,184.68,180.95395207122942,179.30414130042035,176.32129409670688,171.15851351157,151.15932619923635,180.24382781580002,0,0,0,0,171.92228741397994,136.47227287883322,93.47012494440415,8.843804711473268,2,2,184.68,170.15174855008155,171.8424,169.30098980733115,184.715,184.80744387248185,184.11006342607448,185.50482431888923,188.2943461045187,175.19263300434,1,2,7,22.175723221061173,0.12421194943863921,0.8764115947818728,0,9.628532237474175,73.89740383876133,0,0.0022758291698565243,184.715,175.19263300434,0,1,0,1,8,10,1,0,2208,0,,15,,-0.14654101520209523,0.8648004455011383,18,2.538169078911561,-4.638338886435305,,,,,,0.778209218125001,36.92568262511951,84.12698412698413,10.70769810921879,2,33.35421407524022,17.46047232113072,32.570709131455466,17.508051998260658,,,,1846606
2026-06-04,182.38,186.19,181.18,184.14,182.01596804748627,180.6714574578671,177.06593275416336,171.66759141307705,151.48749210770166,180.51591377804627,0,0,0,0,172.03754768211581,136.54913651142797,95.48703285742448,4.79015246200636,2,3,184.14,170.32637547520923,171.8424,169.4747435978332,184.715,185.27103922243475,184.57873952219933,185.96333892267018,188.7325377236118,175.19263300434,1,3.5,6,21.55459004436068,0.12555072799958117,0.6517649796712847,0,8.091102829336757,89.63534219191445,0,0.03920831550650972,184.715,175.19263300434,0,1,0,0,8,10,1,0,2080,0,,16,,0.09329187965861586,0.6410789347908689,19,4.44690615377341,-6.098164910435302,,,,,,0.5647211864240168,37.4803321642249,85.31746031746032,33.72268478576268,3,28.028402379351114,18.10550044153833,30.466190505589697,17.705177858578054,,,,1309822
2026-06-05,183.63,186.05,181.11,183.08,182.37064536499085,181.96510928945585,177.63870106329065,172.11513684785834,151.80184542006285,180.80037511016735,0,0,0,0,172.2120515351719,136.67649122131678,95.89023120330995,4.263872120563561,2,4,171.26889715771216,170.58194029320785,171.95585402221647,167.8341128351906,184.715,186.0207662637594,184.715,186.20087195531244,188.94869941332968,175.19263300434,0,2,4,20.604594425966905,0.12524519435205675,0.3755418664867464,0,7.7671493325012735,77.54376746142195,0,3.914686215994127,184.715,175.19263300434,1,1,0,0,8,10,2,0,2080,0,,17,,0.5186846103925841,0.3652408186107711,20,3.903057393593841,-3.891515182316845,,,,,,0.9663423078090925,37.680293302598386,85.71428571428571,40.04319055877807,3,26.90619454773379,18.686256563324847,28.510060963289245,16.65937011395667,,,,2229359
2026-06-08,185.03,188,182.16,183.42,182.72043024332723,183.0853154923844,178.18930096202487,172.55846481460898,152.1164539233458,181.09876514682978,0,0,0,0,172.36394225916803,136.78744818055102,95.3036640778277,19.586785537420603,2,5,171.40924842933697,170.0291856809718,171.88525542920007,167.2690601842415,184.715,186.43468360607977,185.0546208577146,186.6718813448494,189.4320068415797,175.19263300434,0,0,5.5,20.578671977476283,0.12956002655404808,0.33363400679349225,0,7.617342935072109,47.742381455480604,0,3.2138035236502267,184.715,175.19263300434,1,1,0,0,8,10,1,0,2080,0,,18,,0.18354265520904312,0.3265894124259549,21,3.4085583409097007,-0.3906811400580895,,,,,,0.8583061606510035,37.57659101802806,85.71428571428571,42.40434705649499,3,26.387249964441455,19.525765950953428,28.878849111407774,15.400489447883956,,,,1938079
2026-06-09,182.11,182.99,176.961,179,181.48028682888483,183.52535863603072,178.266510394213,172.8110740375655,152.3839518942578,181.38174806117777,0,0,0,0,172.44110262230402,136.87425206536113,93.96889912605224,42.5507108931488,1,0,176.04332211512195,175.344909053381,176.7417351768629,172.55125680641714,184.715,179.93,,,183.42206530870482,170.854587425,0,5,1.5,17.466437754686666,0.11844329988454445,-0.4122978735071487,0,7.855437478672484,37.474371078507666,0,2.4832519206504573,184.715,170.854587425,1,1,0,0,8,15,1,0,2048,0,,19,,0.13640040030174747,-0.40839380587472307,22,3.3757347877539328,0.8556514359144034,,,,,,0.7576588118353155,37.79021086556204,86.5079365079365,38.87315935746008,3,27.212033657482998,18.995257431646202,26.49425322451427,20.775279475539374,,,,1682402
2026-06-10,180.875,185.98,179.7,181.72,181.56019121925655,183.72099068327103,178.5954141661927,173.16044368315116,152.67585287043434,181.66320124965452,0,0,0,0,172.56943988115566,136.9852114189496,93.84550887833748,35.5781939285883,2,0,181.72,170.02,171.6916379942001,169.1699,184.715,187.63484070136596,187.08266973976802,189.0565363874563,191.89992775963702,175.19263300434,1,2,4,19.023405852013457,0.13067258481562286,-0.0190684613354456,0,7.972011677793965,49.4086564461632,0,0.23864351678472745,184.715,175.19263300434,0,1,0,0,8,10,1,0,2048,0,,20,,0.329181930621793,-0.012635916300403262,23,3.164402209797157,-0.7794842180139179,,,,,,0.9398700799256449,40.029245056576215,89.68253968253968,44.950210454703466,3,27.61585852894311,19.00561939758827,27.92702559236009,18.95386986087448,,,,2029321
2026-06-11,185.28,185.75,177.87,178.1,180.40679414617102,183.32684457948747,178.54823186465055,173.354151774008,152.92882945878821,181.9187873098157,0,0,0,0,172.64510906938045,137.0869863799926,89.22543958143476,59.82246985446827,1,0,176.04332211512195,175.31289197515142,176.7737522550925,172.39117141526933,186.0194895,179.93,,,183.58215069985263,170.97569299808418,0,0,3,16.459401821286413,0.08229700910643206,-0.6066016591137706,6,7.95202068758074,20.994055148334485,0,2.7315870030447,186.0194895,170.97569299808418,1,1,0,0,8,15,1,0,2048,0,,21,,-0.22626730261697045,-0.5939647857896522,0,2.271972019080229,2.217603587229022,,,,,,0.9721669768830945,41.38075019333619,90.47619047619048,50.220857075384295,3,27.546607707457277,18.588436216983133,25.237013746386623,19.365118555983695,,,,2035295
2026-06-12,177.61,181.87,176.705,179.45,180.08786276411402,182.6939130526892,178.63411454420765,173.59320464561551,153.19272170297938,182.15453593248057,0,0,0,0,172.76671478659054,137.225986902211,93.57123047868686,38.891479145771434,1,1,179.45,176.42646938677154,177.8752146467168,170.910018960219,186.0194895,187.34341245472302,186.0194895,188.7921577146683,191.6896482345588,173.5087778753,1,3.5,0,17.14002989510822,0.08570014947554111,-0.39396284757774325,6,7.9579772828232045,74.68358277976984,0,0.7692627734649483,186.0194895,173.5087778753,0,1,0,0,8,15,2,0,3072,0,,0,,-0.010061521105085661,-0.38126804456438557,1,5.133761998950589,-2.025368961611364,,,,,,1.2770029512943257,41.952361579554385,90.87301587301587,52.1819326085298,3,27.56724195865742,17.932356129615396,23.63033801014825,19.568239677337534,,,,2706708
2026-06-15,173.59,174.5,171.02,173.26,177.81190850940934,181.28428897793032,178.12229411142596,173.58013779676784,153.39239611389502,182.33012277344372,0,0,0,0,172.77638727375222,137.35783015160783,80.79271122817471,49.59713789279133,4,0,171.91512689026763,171.16722730529304,172.66302647524222,168.1756289653947,186.0194895,173.58013779676784,,,177.31963572164076,166.53683072542,0,5.5,1.5,12.95214390637273,0.06627686426795597,-1.3267019569087064,6,8.368029030210309,11.343574699481401,0,3.7717262833383356,186.0194895,172.15324670527934,1,1,0,0,8,10,0,0,3072,0,,1,,-1.0121291578887386,-1.3077986784061943,0,1.4458987784414994,3.599837284337758,,,,,,1.3974708674654404,41.79339404360679,90.87301587301587,44.1762881935058,3,28.987702879071144,17.141912684266565,21.252204713489576,24.385775962899555,,,,3029347
2026-06-16,170.65,173.04,170.41,172,175.87460567293957,179.26366052675758,177.53921848176634,173.5181716086593,153.57754640131895,182.43997089522725,0,0,0,0,172.76743172277415,137.43309950823362,66.00936781893589,49.776840009929806,4,1,171.38045858489167,170.6605339702724,172.10038319951093,167.78083551179537,186.0194895,173.31797430575656,,,176.91759737885286,165.1870916941,0,9,1.5,11.99553843016913,0.10096116218654345,-1.4301578145242604,6,7.853778070862581,14.143624731676482,0,4.066823280615387,186.0194895,171.10641413599507,1,1,1,0,8,10,0,0,3072,0,,2,,-1.3278677602855824,-1.4104869807350902,0,0.5054010781801601,1.953865337857597,,,,,,0.8351702078225108,40.54916337115715,90.47619047619048,49.04336598589713,3,27.206285300208542,16.520314071263982,20.501025078503496,24.280364858021514,,,,1802858
2026-06-17,171.65,171.94,166.91,167.17,172.97307044862637,176.52079264081644,176.55167386445527,173.26922370243736,153.7127946958332,182.4574278781793,0,0,0,0,172.61717688061907,137.58680919167458,67.04516561498667,24.207181198550877,4,2,166.63945217899996,165.9255043225678,167.35340003543212,163.06971289683915,173.7249484665,173.37520620570774,172.66125834927558,174.0891540621399,176.94494548786855,169.0171997697328,0,0,1,8.754772386251842,0.16126658322612136,-2.060747653372193,4,8.06973277578306,18.9215697914183,0,1.984877809678888,173.7249484665,169.0171997697328,1,1,1,0,8,11,0,0,3072,0,,3,,-1.9399417703588973,-2.0301138586797802,0,1.3869713825757026,1.8401663294101838,,,,,,1.9314621130796668,35.529368833866016,81.74603174603175,27.097707138013305,3,27.954374342320165,16.561286100688456,19.196030093957592,27.11186594676212,,,,4311264
2026-06-18,165.69,167,164.1,166.14,170.69538029908423,173.41499826839828,175.5600858773643,172.98964630234178,153.83644847995427,182.38457329649307,0,0,1,0,172.39794058547199,137.77813854638458,49.92289692261937,25.996910984559594,4,3,160.41693032172,159.72656802646156,161.10729261697844,156.9651188454278,172.76922151286,166.91843611349995,166.2280738182415,167.6087984087584,170.37024758979214,160.41693032172,0,11.5,3.5,7.997813029107297,0.16126111312165528,-2.051615439855974,4,7.966648771962471,12.683699741353266,0,3.578495313541394,172.76922151286,160.41693032172,1,1,0,0,10,11,0,0,3072,0,,4,,-1.9701763838089503,-2.0202045144094423,0,0.43588783261351693,2.329804009104996,,,,,,2.343013956147246,30.184383771069033,68.25396825396825,9.374484770067223,2,27.5972808781904,17.046728658278706,18.433855073769873,29.669614207837515,,,,5626599
2026-06-22,166.32,169.135,164.81,168.41,169.93358686605615,170.6768064935065,174.87912531761532,172.81005232970094,153.9814589428403,182.24510010094667,0,0,0,0,172.30888992598253,137.91602148089763,31.898743520780723,38.9254886967704,4,4,166.7055389886681,166.02587221449957,167.38520576283665,163.30720511782536,175.19263300434,172.24348301853345,171.56381624436492,172.923149792702,175.6418168893762,166.08689551814948,0,6,0,9.3703106570225,0.1285746943347241,-1.5445946536809747,4,7.647704716928879,15.09908921148245,0,1.8116488062596434,175.19263300434,166.08689551814948,1,1,0,0,10,8,0,0,3072,0,,5,,-1.6537851283968927,-1.5235558846556723,0,-0.5712387233813008,0.7587531373469936,,,,,,1.54632607455373,26.70840412746879,51.58730158730159,0.8152438109021024,2,26.49242626200995,16.98451881968712,20.191197025976532,27.983899994560588,,,,3796780
2026-06-23,168.5,171.81,166.9554,170.34,170.0690579107041,168.6713619047619,174.44682766831863,172.71318753245777,154.14423049564786,182.06075259571887,0,0,0,0,172.2711795851365,138.04315106205843,60.807750430330096,61.50406979688316,4,5,167.52820445219993,,,164.15588550070308,186.0194895,172.30128584369993,171.62682205340056,172.9757496339993,175.67360479519678,165.33795909896043,0,3.5,1.5,10.506893091149083,0.11394705112902817,-1.141503133836477,4,7.415210506452892,31.406745535890526,0,2.064848208277789,186.0194895,165.33795909896043,1,1,0,0,8,8,0,0,3072,0,,6,,-1.491300685386262,-1.129716687029202,0,2.0176980348647344,0.5546126838609196,,,,,,1.314202933635286,22.596935774890063,42.46031746031746,-12.029827466528273,1,25.68704269198991,16.322362551675695,22.434775784329222,26.185505227547445,,,,3320204
2026-06-24,167.38,170.25,165.47,168.64,169.59270527380272,167.2360181818182,173.8937964618121,172.55345468804765,154.28846700812898,181.8298336143431,0,0,0,0,172.20205639068254,138.16421622357336,45.61151734679275,48.84821527544325,4,6,167.79585306879994,,,164.4470033281243,175.19263300434,172.29819375819216,171.62842381005703,172.96796370632728,175.6470434988678,164.59445645413956,0,5,1,9.301753572491503,0.07860133055483946,-1.3252015413847744,4,7.18011427730581,15.848460844397053,0,2.300412947909201,175.19263300434,164.59445645413956,1,1,0,0,10,10,0,0,3072,0,,7,,-1.2567405015390556,-1.3137599626674565,0,-0.6634662504779962,0.5336866754816577,,,,,,1.2902702929209717,20.287807412153676,36.507936507936506,-18.433254553510135,1,24.872645464888706,15.982624976995208,20.978287435847275,26.465673248569882,,,,3363944
2026-06-25,166.92,173.03,166.87,171.76,170.31513684920182,166.5966696969697,173.69057775116332,172.52233881792813,154.46231310755059,181.58005983449462,0,0,0,0,172.1951964260233,138.27393150730563,55.426633198884886,76.3011333839907,4,7,164.52510089964142,163.84817166208737,165.20203013719546,161.14045471187117,186.0194895,172.40908377458948,171.73215453703543,173.08601301214352,175.79372996235972,165.1870916941,0,3.5,0,11.198645510639995,0.08085667597893074,-0.7651517702195105,4,7.432061173678774,16.802042376849073,0,2.13375096829463,186.0194895,165.1870916941,1,1,0,1,8,19,0,0,3072,0,,8,,-1.1989075874058461,-0.7625318940341997,0,1.279576807562898,2.298449060150646,,,,,,1.0603556612635345,20.230910309811243,36.507936507936506,-21.419366442465037,0,25.74541511554323,15.048809106080952,22.94058567099361,24.315356867007,,,,2785539
2026-06-26,171,173.61,170.75,171.65,170.76009123280122,166.54100346320348,173.4962370129573,172.4881294525192,154.63333486767445,181.31742343034722,0,0,0,0,172.18615354703948,138.39197773231774,61.5079470687595,81.72682644841456,4,8,163.99452021348372,163.3404073500407,164.64863307692676,160.7239558962685,186.0194895,173.11137257542126,172.18615354703948,174.41959830230735,177.03604975607954,165.1870916941,0,3.5,5,11.004525736243972,0.055022628681219855,-0.7493232454582227,4,7.312236993713025,17.29114981959337,0,2.019091129424342,186.0194895,165.1870916941,1,1,0,0,8,8,0,0,1024,0,,9,,-0.8856882644200373,-0.7472673139882466,0,1.4199457175775794,2.372682614056119,,,,,,1.1353508938909762,20.61140738198473,38.492063492063494,-18.629541065221176,1,25.330331980191325,14.055739511675707,22.836708951574515,23.366117002738314,,,,3027489
2026-06-29,173.99,177.99,173.58,174.05,171.85672748853415,167.1591484848485,173.5489763450566,172.5493792779106,154.82653551575729,181.06071273332364,0,0,0,0,172.21312995876323,138.5032964741222,61.46539064133897,86.378252948578,4,9,172.69656064442603,,,169.37657234986904,186.0194895,174.5,173.8360023410886,175.1639976589114,177.819988294557,168.40207079200002,0,0,6.5,12.416130361766237,0.06208065180883119,-0.35798649047089426,4,7.459632576522453,33.592089541325755,0,1.8367321408925836,186.0194895,168.40207079200002,1,1,0,1,8,19,1,0,1024,0,,10,,-0.7825537861281487,-0.35991420757847414,1,1.0601614896918266,2.909685586362845,,,,,,1.0170637549207413,20.99805882166413,40.476190476190474,-18.741072105195972,1,25.840925256665635,13.853563861708379,26.779484057133804,21.374108287889488,,,,2680616
2026-06-30,175.075,175.63,168.83,169.05,170.92115165902277,167.75465454545457,173.12050240743216,172.41214871799252,154.96806252555075,180.78448818132924,0,0,0,0,172.15169961409387,138.63323359688624,63.06754820078972,77.28533531576649,4,10,168.86522368759995,,,165.47880598551131,175.19263300434,173.2443525682792,172.15169961409387,174.59891964911466,177.30805381078557,164.1,0,0,3,9.086993310074757,0.04543496655037379,-1.1166276706841094,4,7.494769759744393,18.54787577120475,0,2.2502521771603567,175.19263300434,164.1,1,1,0,0,8,8,0,0,1024,0,,11,,-0.6838355122210712,-1.1082548554734042,0,1.2460694345611696,2.014028558652121,,,,,,1.3461076708667767,21.331526505227753,40.87301587301587,-17.83761900086103,1,25.96264402981615,13.055226815559534,24.37886873238639,25.719936195174903,,,,3668122
2026-07-01,169.71,174.59,169.685,174.5,172.11410110601517,168.83170865800867,173.25188313053386,172.49402523885556,155.16241016211242,180.52813209838646,0,0,0,0,172.1821515675481,138.73614829129247,59.675122948022015,73.29411879731549,4,11,173.01580463157705,172.33743420118915,173.69417506196496,169.6239524796376,186.0194895,178,177.3216295696121,178.6783704303879,181.39185215193945,168.40207079200002,0,3.5,0,12.462805790193528,0.06231402895096764,-0.23021461726256928,4,8.13092061929109,38.73378883694022,0,2.8297015253191176,186.0194895,168.40207079200002,1,1,0,0,8,8,1,0,1024,0,,12,,-0.034910563827211305,-0.22508175289451784,1,0.7768576094295252,0.4436532580389014,,,,,,0.8914614572134145,21.62508196479404,42.46031746031746,-23.22365769996834,0,28.166335249843133,12.313913844135607,22.601250967295556,23.844532705397377,,,,2481464
2026-07-02,176,179.16,174.59,176.42,173.54940073734343,170.38654155844154,173.55360854667347,172.64798503341024,155.37392846895708,180.30663404764715,0,0,0,0,172.2250672280674,138.82125969385982,59.21342221147336,66.45953294038239,4,12,172.68465466638898,172.01313212388595,173.356177208892,169.3270419538738,185.7957844089716,178.71253832,178.04101577749697,179.38406086250302,182.07015103251518,170.854587425,0,3.5,2.5,13.545433097064164,0.06772716548532082,0.036192868768455656,4,8.12038926627633,39.51413593838949,0,2.340338677450857,185.7957844089716,170.854587425,1,1,0,0,8,8,1,0,1024,0,,13,,0.6438682675227542,0.04598752625093566,2,0.9116147668152257,0.3398159594002494,,,,,,0.7018856971007158,21.688886581977314,42.857142857142854,-22.897264552749892,0,28.12985357285512,12.140806853740564,27.277167956480646,22.36713944479691,,,,1957660
2026-07-06,175.44,179.24,175.44,177.33,174.8096004915623,172.201683982684,173.9132648755617,172.8315934634726,155.5923968424003,180.12444723499024,0,0,0,0,172.27530519445324,138.90643170194087,62.44852217496301,67.41084082281452,4,13,172.95861079261243,172.3011255745739,173.61609601065098,169.67118470241974,184.66080343288175,178.71253832,178.05505310196145,179.37002353803854,181.9999644101927,170.854587425,0,3.5,2.5,13.970864642966946,0.06985432321483474,0.12751268055872328,4,8.153666516385425,26.155063830001232,0,2.390304961818742,184.66080343288175,170.854587425,1,1,0,0,8,8,1,0,1024,0,,14,,0.8397257827653986,0.13842403422012078,3,1.3056358440126195,0.847286747198601,,,,,,0.6813936755303794,21.771925986469324,43.25396825396825,-22.91794554140625,0,28.245129348705376,11.994881932177325,25.97820830458174,21.21291564251953,,,,1921339
2026-07-07,178.57,180.89,175.88,178.84,176.15306699437485,174.19723203463204,174.38247774455584,173.06721724921877,155.82371627680428,179.98821676518173,0,0,0,0,172.3588533147688,139.0217935162346,71.89289920678873,64.12035740398079,4,14,178,177.34474586896422,178.65525413103578,174.7237293448211,183.87865581578995,184.50831278173408,183.87865581578995,185.81882104380566,188.43983756794879,173.5087778753,0,3.5,4,14.770719293018109,0.07385359646509054,0.3015723468613581,4,8.206371011044187,44.408485225595584,0,1.7943132404208966,183.87865581578995,173.5087778753,1,1,0,0,8,8,1,0,1024,0,,15,,0.750687168544489,0.31396007270954657,4,2.402768348142461,0.4068888692542044,,,,,,0.8880410136449572,21.71412531556998,43.25396825396825,-23.616321518429487,0,28.42770307377781,12.171764000133441,26.45306736448458,19.764776473312402,,,,2516789
2026-07-08,182.435,189.873,181.62,187.81,180.03871132958324,176.99810346320348,175.66128938793148,173.64536559238667,156.14198775663706,179.94631434957793,0,0,0,0,172.6514625434199,139.23463125683696,74.14691716762232,86.7362016453307,4,15,179.20802017248,178.50106097937532,179.91497936558466,175.6732242069567,185.07321791087196,189.873,188.4590816137907,189.873,192.70083677241863,179.20802017248,0,0,0,20.281548030963144,0.15472243611977302,1.5623581107493618,4,9.615142592339332,36.856509541044325,0,3.7714269548868953,185.07321791087196,179.20802017248,1,1,0,0,10,8,1,0,1032,0,,0,,1.4265175677196582,1.5688742811213623,5,1.8448248529972675,2.3237772686766585,,,,,,1.3036969703675987,23.67191535869811,48.41269841269841,-28.929880273084642,0,33.30783098390249,13.691756114448172,34.112169111225626,17.01071800313483,,,,3817292
2026-07-09,188.98,190.66,187.22,189.82,183.2991408863888,180.35148398268402,177.0097380176523,174.27966498092053,156.4770923560735,179.99959193744058,0,0,0,0,172.87005302993157,139.38446376120456,66.95785295864263,65.33602588777205,4,16,188,187.31282360640282,188.68717639359718,184.56411803201408,200.193,190.66,,,194.09588196798592,180.23674680816,0,1.5,0,21.30849132092293,0.20776900643024793,1.6454192822217792,4,9.267070389601463,41.00383929029167,0,3.5487249310684046,200.193,180.23674680816,1,1,0,0,8,8,1,0,1032,0,,1,,1.8098123986050663,1.665988240514415,6,1.0305789778594305,0.10070001598365924,,,,,,0.8741050514073768,27.129301837783576,57.53968253968254,-15.49049990735766,1,32.102073504213685,15.20066321975135,33.61003844986605,16.250400771894643,,,,2599507
2026-07-10,191.84,193.04,186.085,188.36,184.98609392425922,183.6363987012987,178.09071534930445,174.83183498166875,156.79433521820212,180.12747327815063,0,0,0,0,173.06959821875378,139.53270471262553,59.74823892141424,81.50527061879686,4,17,188,,,184.49904710115595,193.04,188.7861811667189,188.0859905869501,189.48637174648772,192.28713406556295,181.8744174084,0,3.5,5.5,20.131891077486745,0.1415777647638334,1.2198590236932323,4,9.23301922455204,30.636992299524273,0,1.974252141638649,188.7861811667189,181.8744174084,1,1,0,1,8,19,2,0,1032,0,,2,,1.3273464750111974,1.2404072396732768,7,0.5755098485067007,4.803616280077031,,,,,,0.8864918011341048,28.295468371211534,63.492063492063494,-11.53275064388205,1,31.984116808368658,16.893298787925957,33.66413319390221,14.809191908880463,,,,2664498
2026-07-13,192.24,198.58,191.12,198.29,189.4207292828395,187.611258008658,180.0144567446088,175.7517630216033,157.2072274050857,180.38049222513334,0,0,0,0,198.28999999999996,139.73837420529279,47.84811780074228,62.62040344364375,4,18,188,187.25857303307183,188.74142696692817,184.2928651653591,193.10686639315517,198.58,197.83857303307184,199.3214269669282,202.2871348346409,185.40864,0,2,0,26.132877777338926,0.29058427807850506,2.478915323835704,4,10.165313887085231,37.9162357543543,0,3.5529757042883245,193.10686639315517,185.40864,1,1,0,1,16,8,1,0,1064,0,,0,,2.2793591135344835,2.4683358399496043,8,0.325162011858918,0.507954866228632,,,,,,1.0109921921716518,37.996537473332,92.06349206349206,7.902773009167586,2,35.21368025463419,19.05710283978433,36.1924690935952,12.986573064459284,,,,3092127
2026-07-14,200,201.655,198.46,201.45,193.43048618855966,191.97469956709955,182.05593705464605,176.7595370207561,157.64745399806992,180.76215730597576,0,0,0,0,199.80654488161161,139.9370623561258,71.21007174522947,39.98555902283105,5,0,187.30899,186.59047745928098,188.027502540719,183.71642729640487,197.4614348912136,201.655,200.93648745928098,202.37351254071902,205.24756270359512,187.30899,0,2,0,27.785127441681578,0.30023360972303165,2.607797510418179,1,10.217265810476892,67.7696817255713,0,2.8259617796103966,188,187.30899,1,1,0,1,16,10,1,0,1064,0,,1,,2.29046378011699,2.5669296697581574,9,2.4869266789937505,-3.0231661143787605,,,,,,0.9306906594875994,47.61316204228635,97.22222222222223,34.52459998591454,3,35.39364699636476,21.34930502541593,38.50021713177296,12.443538771321663,,,,2853348
2026-07-15,200.36,200.455,194.2,196.16,194.34032412570645,195.71381948051948,183.39918114467977,177.52033949053038,158.03066341102445,181.22422809881527,0,0,0,0,198.7358477170351,140.09340858739662,73.99692551054143,45.475187856239984,3,0,187.30899,186.5770676407609,188.0409123592391,183.64937820380453,200.10910504248758,199.48253705635426,198.7358477170351,200.94638177483245,203.87407121178882,187.30899,0,2,5,24.127808974518036,0.2835993917213545,1.5302628046880524,0,9.890408642352966,36.733716633942734,0,3.497670177966582,188,187.30899,1,1,0,0,15,10,1,1,1064,0,0,2,,2.3036827747901145,1.5127416214330742,10,1.6948562759852255,-0.04853672182626689,,,,,,0.8134932658788321,53.59708185857605,98.41269841269842,56.4358499117865,3,34.26138055234731,22.391209522396554,35.0952090404833,16.539703427767794,,,,2471343
2026-07-16,198.31,202.72,197.62,201.32,196.66688275047096,199.16720519480518,185.1059257975674,178.45365951050957,158.46140307857644,181.78526612696842,0,0,0,0,199.35069037847458,140.27391664394054,81.86578740872226,28.591972026485912,2,0,187.30899,186.57077638070655,188.04720361929344,183.61792190353276,203.51948652934695,202.72,201.98178638070655,203.45821361929345,206.41106809646723,187.30899,0,2,6,27.046710485184338,0.28088349800051393,2.02588588873066,0,9.971111588889249,61.4189876959972,0,4.39181724792946,188,187.30899,1,1,0,0,11,10,1,1,1064,0,1,3,,2.1651995645967377,1.9929048581694444,11,2.4507770140326812,-2.2537386449819454,,,,,,0.8534178768369414,56.74031234461038,100,64.26972215699327,3,34.540943759790025,23.608025457226546,35.05016096757666,15.22740840557717,,,,2627834
2026-07-17,205.62,207.14,203.45,206.86,200.064588500314,202.568819047619,187.17774238827528,179.56763364735232,158.94298115739656,182.4647182324962,0,0,0,0,200.67430687746634,140.4499998349962,84.24393476081154,23.473999600970217,2,1,188.324,,,184.6367581961376,207.48482858479116,207.14,206.4025516392275,207.87744836077246,210.8272418038624,190.69871999999998,0,2,0,30.14730093375601,0.32923454357815635,2.4923360020606626,1,9.371424576580315,52.188771358797716,0,5.19652076105236,207.48482858479116,190.69871999999998,1,1,0,1,11,10,2,1,1064,0,2,4,,2.42798431127501,2.4412804696205668,12,2.050599125398115,-1.5498800299734332,,,,,,0.7925899315029259,64.48164670882791,100,98.62773146661246,3,32.463567011873515,25.18245837411518,37.93181628829859,14.154409341281129,,,,2363338
2026-07-20,206.07,211.045,206.07,208.8,202.97639233354266,205.87741818181811,189.23700501796336,180.7140009552993,159.43907089712397,183.2540410122719,0,0,0,0,208.8,140.61172695347346,85.92516430099855,15.166384009033264,2,2,188.328,,,184.68203439641348,211.08842625610393,211.045,210.3158068792827,211.77419312071729,214.6909656035865,193.11201,0,3.5,0,30.959117376396122,0.3378840942403092,2.40362703005671,1,9.205466382758539,65.24532746642265,0,6.242633291360349,211.08842625610393,193.11201,1,1,0,0,11,10,1,1,1064,0,3,5,,2.464708058866629,2.355410779762187,13,2.16756436941355,-3.0381187544048163,,,,,,0.7552802803761379,72.30398297067129,100,126.73877832950073,3,31.888670964610156,26.990131582986205,40.40261498238919,13.292177115097994,,,,2119652
2026-07-21,210.88,212.39,209.38,212.27,206.0742615556951,209.2439718614719,191.43062358768114,181.951491113915,159.96475178371975,184.1554272995745,0,0,0,0,210.58344431978094,140.7905750203029,86.62422115587492,19.484359911178657,2,3,193.11201,,,189.5662026538125,214.93103254477188,212.39,211.6808385307625,213.0991614692375,215.9358073461875,193.11201,0,2,0,32.69798354514971,0.3594951458055551,2.516147805449427,1,9.217169770252449,48.97994586364231,0,6.153470962891422,214.93103254477188,193.11201,1,1,0,1,11,10,1,1,1064,0,4,6,,2.568041824638452,2.463232619204658,14,2.1331328983910236,-1.1113961189679291,,,,,,0.8214316223584308,80.4901259850702,100,152.08929130592753,3,31.92921268813039,28.781760386443406,40.26984515184911,12.691380586970034,,,,2241421
2026-07-22,216,216.08,210.27,211.41,207.85284103713008,212.09820519480522,193.33342134123532,183.1067267565066,160.47664480079717,185.14322304869756,0,0,0,0,210.89099943185465,140.99321221258637,74.35070221343628,19.21195395763604,2,4,196.22364,195.5132579214223,196.93402207857767,192.6717296071116,216.08,216.08,215.36961792142233,216.7903820785777,219.63191039288841,196.22364,0,0,0,31.738796173379246,0.23401452243730256,2.0602435421142573,0,9.348606702119815,36.360141312124284,0,5.590332470029711,216.08,196.22364,1,1,0,0,11,10,1,1,1064,0,5,7,,1.6025643325632506,2.0251525400214274,15,0.21710072909552736,-1.4985906325301417,,,,,,0.9600466439335071,85.510388005767,100,164.04707731711673,3,32.38452357610088,30.74090323229549,41.96702287669352,11.764604155240159,,,,2584333
2026-07-23,214.58,215.31,205.755,206.98,207.56189402475337,213.79881471861472,194.6330954992129,184.04293355036907,160.93936475302806,186.17147862559148,0,0,0,0,209.50579368154507,141.27110974643787,86.85499611716799,23.212856443821167,2,5,188.326511627907,,,184.60174662022493,216.08,209.50579368154507,208.76084068000867,210.25074668308147,213.23055868922714,196.22364,0,0,6.5,28.607441888206957,0.1538249288151678,1.2297882077867393,0,9.670161585336153,78.39525489731646,0,7.451070957457288,216.08,196.22364,1,1,0,0,8,10,1,1,1064,0,6,8,,1.0507461994375085,1.2136211694520598,16,6.285227797049368,-0.8717390035038082,,,,,,1.403402680240632,88.25932083700206,100,163.47306709438686,3,33.49842236640603,31.420645314288485,37.160932248447494,15.828729276908103,,,,3809027
2026-07-24,206.21,210.635,205.35,206.77,207.29792934983558,214.49631471861477,195.78899116595454,184.93419105819774,161.39539097439098,187.22359691192472,0,0,0,0,209.13907635290278,141.39144389009846,92.13389530145221,25.668163859603418,2,6,206.77,,,189.42916507500902,216.08,209.13907635290278,208.40014678004752,209.87800592575803,212.833724217179,196.22364,1,3,4,28.113943497189915,0.16882220465800202,1.0240580605076952,0,9.693257291157657,65.06767346982852,0,0.5368830301580673,216.08,196.22364,0,1,0,0,8,10,2,1,1064,0,7,9,,1.1549087862653085,1.0102084549492802,17,4.397838961390337,-0.8111270182786547,,,,,,0.6262810627924345,89.51531750959587,100,166.58578797812817,3,33.57842823824505,31.953967517037952,34.7878623986404,15.307284427423863,,,,1664715
2026-07-27,203.9,208.95,200.8,207.82,207.4719528998904,214.46202510822513,196.93480153110173,185.83167376179782,161.857327382606,188.2953069133676,0,0,0,0,208.96120194687947,141.53305125041197,94.97819308759932,24.157666763735815,2,7,207.82,206.1010832537773,207.61891674622274,195.67733206043638,216.08,208.96120194687947,,,212.7557856779931,196.22364,1,5,0,28.397029260680455,0.15531847963673562,0.9961272025775941,0,9.648617186891377,69.7156091948729,0,0.6802458933334606,216.08,196.22364,0,1,0,0,8,10,1,1,1064,0,8,10,,0.38322258500411654,0.9824620340654858,18,4.6332971969859145,-1.1977897105880582,,,,,,0.7435051171164375,88.8103445253357,99.60317460317461,165.70997338451676,3,33.42379038095631,31.40062402449719,31.452268324680276,19.19258769450287,,,,1935721
2026-07-28,208.49,210.11,205.18,205.85,206.93130193326027,213.79551818181818,197.78386805194918,186.61670616329593,162.29506541859996,189.36387861396994,0,0,0,0,208.56528368095582,141.68096322535624,96.80071168093552,27.875381739821968,2,8,191.12,190.37127373565033,191.86872626434968,187.37636867825165,216.08,207.23776460976543,206.86,208.56528368095582,211.5601887383545,196.22364,0,0,4,26.83688161994381,0.15196218587749685,0.6028144047636086,0,9.820202270904051,69.85947169773397,0,6.66732320968593,216.08,196.22364,1,1,0,0,8,10,1,1,1064,0,9,11,,-0.02359629794626135,0.5954094824812549,19,5.255422477614984,-0.5900468084958593,,,,,,0.8131278768442046,86.34855514436363,98.80952380952381,153.83062477461615,3,34.01817854761816,31.03948134836158,30.986481047238904,18.06424931028421,,,,2093098
2026-07-29,210,211.656,206,206.81,206.89086795550685,212.92376839826838,198.64349966604925,187.4086000392451,162.7380000910517,190.42427479099305,0,0,0,0,208.35232195492515,141.84307680020405,97.50430544128932,20.274732580177137,2,9,191.12,,,187.38457448694794,216.08,207.2054159931532,206.45833089054278,207.9525010957636,210.94084150620526,196.22364,0,0,5.5,27.081566618915108,0.15763005531679777,0.6067729408968764,0,9.01040518162158,77.53678351645095,0,6.681969674615786,216.08,196.22364,1,1,0,1,8,10,1,1,40,0,10,12,,0.4752925790440824,0.5988593141558533,20,4.898264120008893,-2.1334507385647767,,,,,,0.9068922558389464,82.8814113587514,98.01587301587301,165.53525726231265,3,31.212959142700907,30.908803332504498,30.68402567683806,16.810794010562827,,,,2271113
2026-07-30,205,211.68,203.91,210.6,208.12724530367123,212.28794978354978,199.78221398356837,188.31806670437274,163.21423889611586,191.49312179369008,0,0,0,0,208.56761174171635,141.99217790733564,97.38083767342872,11.154248686546476,2,10,210.6,206.09690311900462,207.6230968809954,198.39044990407388,216.08,216.08,215.31690311900462,216.8430968809954,219.89548440497694,200.8,1,5,0,29.032859770307585,0.1718309655182046,0.9502532597991227,0,8.766678426842155,87.10834179082926,0,0.44882898689514317,216.08,200.8,0,1,0,0,8,10,1,1,40,0,11,13,,0.3450195238265774,0.9370345070086745,21,4.317924552316564,-4.726312303148817,,,,,,0.7997659550555702,78.30716349223485,97.22222222222223,157.8551403419229,3,30.368664897817215,30.29276270632118,27.894466009716936,17.72787624679971,,,,1982902
2026-07-31,213.5,213.99,208.86,211.68,209.31149686911417,211.9243021645021,200.91533646132376,189.23422095126008,163.696485275259,192.57034785192465,0,0,0,0,208.95159911363376,142.21351753665832,96.05488192995495,7.052385389553629,2,11,206.31647500000003,205.56208146764718,207.07086853235288,202.54450733823575,216.08,216.08,215.32560646764716,216.83439353235286,219.8519676617643,200.8,0,2,5.5,29.312489296306975,0.177673557592646,0.9297361975048125,0,8.77523973059509,80.47342115088145,0,2.588443453259419,216.08,200.8,1,1,0,0,8,10,2,1,40,0,12,14,,-0.012232277141541837,0.9151381599518666,22,3.4117137371042494,-4.217651726339222,,,,,,1.1528962455385703,72.39035157167015,96.82539682539682,138.13930017727924,3,30.398322123975436,30.053646946567508,28.934816702033032,16.65151489012869,,,,2913538
2026-08-03,209.15,211.59,205.06,206.19,208.27099791274279,211.1924632034632,201.41768536976912,189.89915346297536,164.1193063172962,193.6128213962473,0,0,0,0,208.73675768383237,142.35215727299567,97.39980611970148,22.118910080828922,2,12,205.35,204.5903845771009,206.10961542289908,201.55192288550458,216.08,207.0878302810885,,,211.64552281848296,200.8,0,0,5.5,25.634213686820857,0.16372662398965984,0.12961482320410783,0,9.458891678574698,67.36107964283684,0,2.825113781668315,216.08,200.8,1,1,0,0,8,10,1,1,40,0,13,15,,-0.5697156314067362,0.11465673894850675,23,5.380250128046255,-0.2590264409857703,,,,,,0.7872074662365124,65.43686569589417,96.03174603174604,99.70623043514294,3,32.76656194116367,28.960740531302033,26.683342741926865,19.822374249810856,,,,1992177
2026-08-04,202.43,206.84,200.6,205.89,207.4773319418285,210.18292987012984,201.84362009645778,190.52624548403514,164.53493511015893,194.61538834107114,0,0,0,0,208.4075454896893,142.58275867430442,98.37384088110056,24.815893268731777,2,13,205.89,200.03892853587942,201.56107146412054,194.51142828703541,216.08,208.4075454896893,207.64647402556875,209.16861695380987,212.21290281029218,200.8,1,4.5,0,25.134519220585673,0.16567259610292837,0.02869284397563949,0,9.500481527641648,77.22902442798713,0,0.8955429782447735,216.08,200.8,1,1,0,0,8,10,2,1,1064,0,14,0,,-0.8426135193054181,0.013131786219939406,24,6.261530118783493,-0.8516730798890869,175.9511739776,180.7122211328,153.5062373888,,182.75266991360002,1.3018190524990956,56.796011683209294,95.23809523809524,72.57647698588781,3,32.91063340448983,27.05858233257939,24.729986912124783,23.60356112951955,175.9511739776,180.7122211328,153.5062373888,3348645