time,open,high,low,close,Sprint Line EMA,Hull Baseline HMA,MA 20 Fast,MA 50 Mid,MA 200 Slow,Weinstein MA 150,Golden Cross,Death Cross,Zone 0 Long,Zone 0 Short,AVWAP Resistance,AVWAP Support,Buy Score,Sell Score,Stage 1 Base 2 Up 3 Top 4 Down,Stage Age Bars,Long Entry,Long Entry Zone Bot,Long Entry Zone Top,Long Stop Loss,Long Target,Short Entry,Short Entry Zone Bot,Short Entry Zone Top,Short Stop Loss,Short Target,Entry At Market 0No 1L 2S 3Both,Long Rev Zone,Short Rev Zone,Ext Pct vs MA200,Exhaustion Gradient,Ext Z Self Relative,Regime 0 Hlt 1 Ext 2 Clmx 3 Dist 4 Dn 5 Ign 6 Sqz,Exp Move Pct 21b,Dir Prob Pct Above 50 Bull,Long Ignition Fresh Breakout,RR To Target,Long Target T1 Waypoint,Short Target T1 Waypoint,Long RR Valid,Short RR Valid,Long In Zone,Short In Zone,Action Long Code,Action Short Code,MTF Long Aligned 0 To 3,Bear Warning Mask,Reversal Pattern Mask,Weak Level Mask,Bear Warning Age,Reversal Pattern Age,Weak Level Age,Z Velocity,Z Elasticity,Trend Bars Up,Buy Sigma Evidence,Sell Sigma Evidence,VP POC,VP VAH,VP VAL,VP HVN Above,VP HVN Below,RVOL Vs Avg,Energy IV30 Ann Pct,Energy IV Rank Pct,Energy IV HV Spread,Energy State 3 Exp 2 Warm 1 Sqz 0 Dorm,HV20 Ann Pct,ADX 14,DMI DI Plus,DMI DI Minus,POC,VAH,VAL,Volume
2025-05-23,484.83,487.985,483.23,486.22,489.70538091343815,497.5062887445889,485.00848433561606,481.9460498301931,467.35312709036305,478.06427737530265,0,0,0,0,486.7268844868067,471.61381278722945,98.39899004232737,67.04879630970476,5,12,486.22,482.70414898650364,485.05670349137796,473.81978198050285,495.9223882,486.7268844868067,,,492.6082707489924,472.46254999999996,1,6.5,3,4.0369630191837915,0.03351814842925229,-0.2001306848000051,0,4.07827670720717,62.62504481324873,0,0.7824369043144778,495.9223882,472.46254999999996,0,1,0,0,8,8,3,0,3200,0,,1,,-0.16241649161432592,-0.19387584210504547,18,4.938590688529761,1.379506122968542,,,,,,0.5067769741726127,38.01616166141735,69.84126984126983,169.09210365726028,3,14.12756492841504,15.27057869354378,20.551192615036403,20.701242213057082,,,,156326
2025-05-27,491.46,495.69,488.0101,494.95,491.4535872756254,495.8952541125542,485.9552953512717,482.4560086603816,467.6277228407077,478.17939912653094,0,0,0,0,486.78430528045254,471.97780743561015,98.32491939910324,40.87879482215294,5,13,494.95,492,494.47475,478.5956118390383,499.43,499.58500000000004,,,505.4690551006011,484.45754999999997,1,5.5,0,5.8427411004029235,0.0469914832797924,0.4446852681970479,0,4.29495782215544,84.30186655318707,0,0.2739325956989263,499.43,484.45754999999997,0,1,0,0,8,10,2,0,3200,0,,0,,-0.1733688192344326,0.44372465188183907,19,5.121190963366654,-2.093501148073967,,,,,,0.5787380889696606,35.9224285865702,67.85714285714286,141.44385897593125,3,14.87817032867719,15.103397424925433,24.92044771639605,19.213863243795664,,,,176628
2025-05-28,495.29,498.4,493.72,496.24,493.0490581837503,495.04265974025975,486.93479103210296,482.9965573403666,467.9124221159245,478.33524874207944,0,0,0,0,486.9466243348172,472.888845790664,96.16655867757048,27.06796656719698,3,0,496.24,492,494.4812,484.64368956482133,499.43,499.58500000000004,,,505.2576940219867,484.45754999999997,1,3.5,1,6.054034162199987,0.05249239303322216,0.4701023515481029,0,4.272826392534471,80.2200815682831,0,0.27508749596102416,499.43,484.45754999999997,0,1,0,0,15,10,2,1,3200,0,0,1,,-0.06769741021591252,0.4632369557386114,20,3.7706530424243008,-2.604549308681445,,,,,,1.4072863398011182,35.60981972741368,67.06349206349206,140.5824285458665,3,14.801504807581884,15.245278541397125,26.135323878984074,18.50620565049148,,,,441797
2025-05-29,495.96,498.25,494.745,497.49,494.5293721225002,494.91040476190466,487.94004902904555,483.56492764074443,468.2067263734775,478.5332258525411,0,0,0,0,487.09292243343157,473.6234404566898,96.90570895839522,14.631638150262402,2,0,497.49,492,494.48745,486.06664031019125,499.43,499.5762676056338,,,505.0002424117643,487.71254999999996,1,3.5,0,6.254347060183818,0.05793840196758576,0.4860569779993348,0,4.25448039096699,90.67989841176255,0,0.16982744592475274,499.43,487.71254999999996,0,1,0,0,8,10,2,1,1152,0,1,2,,0.10053774141136496,0.4757130756423086,21,4.526315352617635,-4.622199184637224,,,,,,1.1366466197178238,33.92832001572088,65.07936507936508,130.21054152486045,3,14.737952393920656,15.37702529240656,25.381360543992063,17.972330478524984,,,,362138
2025-05-30,495.42,500.53,491.74,498.86,495.9729147483335,495.34257142857143,488.98004435961263,484.1647343999309,468.51173407125384,478.7793390174367,0,0,0,0,487.33857664165146,474.7305699570956,99.64993915194135,1.5011471090679311,2,1,498.86,483.23,487.71254999999996,481.48733200464085,499.43,500.388064516129,499.3022727664191,501.47385626583895,505.8170232646787,487.71254999999996,1,4.5,0,6.477589294301568,0.06349905758261895,0.5092239650214392,0,4.244996583967126,96.20595802660965,0,0.0328101590470882,499.43,487.71254999999996,0,1,0,0,8,10,3,1,1160,0,2,0,,-0.09687530759693076,0.4965710992826585,22,7.0950822987384745,-5.138420462813694,,,,,,1.6722108120526449,30.7030626765054,62.301587301587304,108.79194070705552,3,14.70509952277477,15.015263292748013,23.546769735345418,19.144312773043495,,,,556459
2025-06-02,497.96,498.9,488,494.24,495.395276498889,495.5106614718614,489.48099251584,484.5598428548356,468.76773671731104,479.0419258307938,0,0,0,0,487.4082006844022,475.1396221990942,98.34145447154756,31.776453233400197,2,2,492,490.89444337526936,493.10555662473064,486.4722168763467,499.43,497.9985135135135,,,503.5262966371668,484.45754999999997,0,3.5,5,5.433877224799271,0.06272494167955191,0.08451020371410357,6,3.6564267248111704,66.74563582672742,0,1.3441193031266259,499.43,484.45754999999997,1,1,0,0,8,10,2,1,1672,0,3,0,,-0.48576386926712256,0.07407577906803225,23,5.056362619818168,0.7337970589341261,,,,,,0.8284990623743332,27.249370578715837,59.92063492063492,115.1339630590017,3,12.666233723051224,14.112057061559291,21.47396295401518,20.479507925579895,,,,271645
2025-06-03,494.24,499.205,490.78,498.73,496.50685099925937,496.0029082251082,490.3618503714743,485.11553529190087,469.06586869027313,479.34571086444254,0,0,0,0,487.54750502374924,475.73497372498105,98.80186047857106,18.985821510887384,2,3,498.73,483.2390158979025,487.71254999999996,481.1010158611444,499.43,499.43,498.32818849132155,500.53181150867846,504.9390575433924,487.71254999999996,1,2,0,6.3240865067746554,0.07162043253387329,0.3741359518014405,6,3.724523797190782,90.60346303995347,0,0.03970733619625507,499.43,487.71254999999996,0,1,0,1,8,10,2,1,1672,0,4,1,,-0.15110999167746542,0.36494871769470116,24,6.095917486543065,-3.1832573145665615,,,,,,1.0201334280779233,30.96274505120647,63.095238095238095,139.9816750217441,3,12.902128901467588,13.317181672274488,20.255043857868895,19.08132466009593,,,,335434
2025-06-04,500.93,500.93,497.075,498.11,497.04123399950623,496.671745021645,491.09976938371483,485.6251221431989,469.3548650217132,479.68366617750024,0,0,0,0,487.7243846073891,476.49021585405313,98.77926536957916,11.60817548836243,2,4,492,490.9424696705128,493.0575303294872,486.7123483525642,499.43,502.08789001293275,,,507.3755416603685,487.71254999999996,0,2,4.5,6.126523260168311,0.075077060745286,0.25770971213868515,6,3.6647109995616436,90.02650019205142,0,1.405160645104741,499.43,487.71254999999996,1,1,0,0,8,10,2,1,3720,0,5,0,,-0.10408901790108113,0.2500055799996432,25,5.3931545253493685,-3.719489067399754,,,,,,1.4091170988585302,35.651129477395656,67.46031746031746,180.82963708667145,3,12.694931292594584,12.834506248902638,21.052190920491473,18.460281119566744,,,,464305
2025-06-05,500.11,501.185,494.49,500.02,498.0341559996708,497.6821372294371,491.94931515669435,486.18962715719107,469.65999074289016,480.0651291572454,0,0,0,0,487.861821414082,477.0143949050743,99.13591501965297,6.5051714513242125,2,5,499.43,498.38823076547624,500.4717692345238,494.2211538273811,510.745,503.8909283157304,,,509.0997744883493,488,0,3.5,0,6.464252833009583,0.0812101530539368,0.3411187501856686,6,3.543264472079683,95.43490312620722,0,2.1722661075074594,503.8909283157304,488,1,1,1,0,1,10,2,1,3720,0,6,1,,0.31777175778235406,0.33238914621629834,26,6.597958558205101,-5.230706782598083,,,,,,0.9359366279345819,38.12110561244532,70.23809523809524,210.57843354031894,3,12.274228180591452,11.958970313346873,19.844214850776087,19.616525137587203,,,,313420
2025-06-06,502.73,503.02,498.3001,500.67,498.9127706664472,498.9155220779221,492.77985657034253,486.7574849157326,469.96854804893104,480.4905781549307,0,0,0,0,487.97117769079205,477.4135418183907,96.96555718098287,11.321642517453151,2,6,498.9216216216217,497.91212251099245,499.9311207322509,493.8741260684755,510.745,503.6870759597781,,,508.7345715129243,491.8992082,0,5,6.5,6.532660978809263,0.08599663822737966,0.3214344292358011,6,3.5412485015426434,71.58384627521156,0,2.342424724080963,499.43,491.8992082,1,1,0,0,8,10,3,1,3720,0,7,2,,0.4103380447090768,0.31282147299952273,27,3.429516486708131,-1.757316611531926,,,,,,0.7309084541436788,42.75374734953833,75.7936507936508,248.51956210314498,3,12.267244653798022,11.438235456236292,20.638785797077787,18.79762505827684,,,,241465
2025-06-09,501.1,507.75,498.64,505.36,501.06184711096483,500.5559129870129,493.97796546840516,487.4869953111941,470.3207017996879,480.9846196024108,0,0,0,0,488.1146755032732,477.865667793609,97.20318128712232,6.62642485677063,2,7,505.36,497.89973022144875,499.93719285547445,490.4901494638971,,514.745,513.7262686829871,515.7637313170129,519.8386565850643,495.9223882,1,7,8.5,7.45008630626587,0.09502820930910713,0.6018564298858087,6,3.5940566805279,89.88001716381443,0,0,,495.9223882,0,1,0,0,8,10,2,1,3752,0,8,0,,0.750941870102803,0.5899968431970373,28,4.4127366229441405,-4.796698536284182,,,,,,0.7159966111962268,45.700951234979314,78.57142857142857,267.07067866639403,3,12.450177551913333,11.652852226479318,23.13647105370736,17.296752973723162,,,,235327
2025-06-10,506.6,506.6,498.01,500.56,500.8945647406432,501.733903030303,494.6048258999856,487.9996621617355,470.6215903389945,481.5084558043097,0,0,0,0,488.2902722955334,478.48502257395364,97.3031735010921,28.275432856285928,2,8,498.9184615384616,497.8958003155211,499.9411227614021,493.80515542375906,505.22015520162114,505.22015520162114,,,510.3334613163237,491.8992082,0,5,7,6.361461155966196,0.0940295280020532,0.15375440017021888,6,3.3394945812542183,62.38814017990232,0,1.2324107968110833,499.43,491.8992082,1,1,0,0,8,10,2,1,3752,0,9,1,,0.024483785963245446,0.1427370383623922,29,4.392754122497449,0.4359701759084625,,,,,,1.2606337038835491,47.766944634003615,80.55555555555556,312.9106616554284,3,11.568348572666515,11.733663482927,21.40130728709526,16.54958552293261,,,,408111
2025-06-11,500.68,501.62,493.855,498.24,500.0097098270955,502.19239567099555,494.9510329571298,488.40124403774587,470.89640038537266,482.039795493829,0,0,0,0,488.45505552339927,479.1082145804062,98.37068274134757,31.856489005423654,2,9,492,490.9810556501267,493.0189443498733,486.90527825063333,499.43,500.1944694868239,,,505.28919123619056,488,0,3,9,5.806712387745982,0.09570022860539658,-0.06714258978226997,6,3.3753937691438396,80.33589705393356,0,1.4583720889023306,499.43,488,1,1,0,0,8,10,2,1,3752,0,10,0,,-0.16647141498288245,-0.07875918267773388,30,6.461508475677748,-0.3598149223955339,,,,,,1.4653875317588876,49.77118756046385,84.12698412698413,325.66009332904923,3,11.692707007417086,11.056815975684883,19.945133279434494,19.064377183555465,,,,487105
2025-06-12,495.28,502.05,494.74,494.95,498.3231398847303,501.751154978355,494.9509345802603,488.65805799705,471.13573968502067,482.5517976310279,0,0,0,0,488.5410863287931,479.5031738861068,98.60708826820618,45.64454639380756,2,10,489.07202136886036,488.06059090112086,490.08345183659986,484.0148690301628,503.973,500.34382653061226,,,505.4009788693098,487.64923176003055,0,0,5,5.054649500991036,0.025273247504955177,-0.3398276392584039,6,3.41954045843574,66.38428065447022,0,2.946515673873748,503.973,487.64923176003055,1,1,0,0,8,10,2,1,3752,0,11,0,,-0.3991086007680946,-0.346379470641038,0,5.490845547383543,0.9491710211193083,,,,,,1.190477554541543,51.07399664850348,86.11111111111111,331.1629891797296,3,11.845635625096143,10.500189090880973,19.037658601318338,17.834148229394383,,,,394812
2025-06-13,490.05,493.93,486.49,487.47,494.7054265898202,499.923912121212,494.2384646202355,488.6114674873617,471.29826963840355,482.9993306944556,0,0,0,0,488.5316006978248,479.63494396761183,98.8435672382927,36.09286456887075,2,11,486.3762754031057,485.36155425449044,487.39099655172095,481.3026696600294,495.9223882,489.522533421926,,,496.01876801638707,477.0158918,0,0,3,3.4313154542247712,0.01715657727112386,-0.8973891112305159,6,3.5886270643370004,79.64996303787697,0,1.8815243596571116,495.9223882,486.3762754031057,1,1,0,0,8,10,2,1,3752,0,12,1,,-0.8536588397669607,-0.8966170973901307,0,5.799146543593414,-0.9173697963402038,,,,,,0.8026526039918049,51.30418059565351,86.9047619047619,312.69936867800624,3,12.43136880969686,10.810790372962368,17.620497696826956,23.76578404047463,,,,266328
2025-06-16,490.62,492.26,487.3,488.6,492.6702843932135,497.53210909090905,493.7014679897369,488.61101778197497,471.47042615941444,483.39473924623076,0,0,0,0,488.5324580125021,479.84254712743723,98.22567777800822,38.17201739216598,2,12,486.74066408363404,485.754137302777,487.7271908644911,481.80803017934886,501.22451,489.8395841757745,,,494.7722180800597,479.5027118,0,8.5,3,3.633223398575099,0.018166116992875497,-0.7618460256749512,6,3.533486746863806,66.33809051917379,0,2.9363310145079384,501.22451,485.4407044280305,1,1,0,0,8,10,1,1,3752,0,13,2,,-0.5598498093948002,-0.7612286858669587,0,4.504985280619877,-0.08668070440777031,,,,,,1.143309756802158,50.12572915098515,84.92063492063492,309.51198195852487,3,12.240357146878758,11.099205849180805,16.829504140731245,22.69892529703727,,,,381717
2025-06-17,486.55,491.28,483.55,490.65,491.99685626214233,495.1525103896103,493.4108519907143,488.69097786895634,471.66126769016654,483.7555937427199,0,0,0,0,488.555492259965,480.0577619378738,97.66768467726132,35.04847621189129,2,13,488.99766557040545,488.0125871310382,489.9827440097727,484.0722733735692,501.22451,492,,,496.92539219683624,484.93055830833424,0,6.5,0,4.025925724795173,0.020129628623975868,-0.566565250742728,6,3.553895958266027,67.74630463990448,0,2.482410322054822,501.22451,484.93055830833424,1,1,0,0,8,10,2,1,3752,0,14,3,,-0.6834051430666828,-0.5721414135574758,0,4.245970617626655,-0.5696315013856228,,,,,,0.9910961350496948,48.08910142091759,81.34920634920636,290.61717023365514,3,12.311056729060882,11.881816618438258,15.650373356672869,24.50749508302443,,,,334923
2025-06-18,490.78,494.775,487.665,488.94,490.97790417476153,492.85165844155836,492.98505656302723,488.70074344272274,471.8331953748415,484.07777661414536,0,0,0,0,488.55991352773816,480.24296260632747,98.5733875822232,21.45798329071397,2,14,488.3390694077691,487.3608715712138,489.3172672443244,483.4480802249926,501.22451,490.2077874999998,,,495.9127913462212,484.2508976833827,0,0,1.5,3.625604301021721,0.018128021505108605,-0.6712122910769864,6,3.5560285471696833,89.97320531772,0,2.634526495704944,501.22451,484.2508976833827,1,0,1,0,1,10,2,1,3752,0,15,4,,-0.7411648936662627,-0.6797371740054526,0,6.562835211138716,-2.8406516493019742,,,,,,1.0640553905847296,45.08619881325611,78.17460317460318,266.00562504326126,3,12.318444233726462,11.9258859185729,17.824796972840364,22.91703122613231,,,,358152
2025-06-20,491.21,492.53,484.735,486.59,489.515269449841,490.5694264069264,492.37600355702466,488.61796919006696,471.9800292517088,484.3515202956448,0,0,0,0,488.5167566495751,480.49069451539367,99.85522538024907,23.122478804207294,2,15,486.49,485.5120752231987,487.46792477680134,481.6003761159933,495.9223882,488.5474350171261,,,493.4370589011328,477.0158918,0,0,5.5,3.095463757535305,0.015477318787676525,-0.8155250806988829,6,3.3607588784666564,89.92353785790955,0,1.9290621167922632,495.9223882,483.7813291850811,1,1,1,0,1,10,1,1,2728,0,16,5,,-0.9584034159354772,-0.824007412437362,0,8.275064644200217,-1.1618776918130633,,,,,,1.9754651100069103,40.92636934109911,72.61904761904762,251.54039921510628,3,11.642010258984891,12.379463979854059,16.556218786926284,23.961167751481945,,,,697668
2025-06-23,486.97,493.11,486.495,491,490.0101796332273,488.8838787878787,492.2449555992128,488.7113821630055,472.1692826919903,484.6094743348438,0,0,0,0,488.5489416345844,480.730930891604,98.82957481264393,12.278294494383323,2,16,487.9486447318929,486.9815092248631,488.9157802389227,483.1129671967438,501.22451,492,,,496.8356775351491,484.21933353757584,0,5,1.5,3.9881284103552157,0.019940642051776078,-0.4430241619282225,6,3.4761055965095538,90.44108559747059,0,2.7453992065452657,501.22451,484.21933353757584,1,1,0,0,8,10,2,1,2728,0,17,6,,-0.7623294919399426,-0.45187669350109727,0,5.090560014293665,-4.578762304428171,,,,,,1.1453503412731139,35.19839739779427,66.66666666666667,192.30706099759436,3,12.041583011258131,12.683384597018337,16.08059305929857,22.497870767724052,,,,418163
2025-06-24,495,496.99,490.44,494.63,491.5501197554849,488.1469627705628,492.4721026850021,488.9434848232798,472.3927724164481,484.87701932595127,0,0,0,0,488.648672305969,481.1279945566775,98.92038782555571,6.890799216830332,2,17,489.44022377258693,489.2510999999997,491.9133737725869,485.4249538310318,503.973,506.1702378145011,503.973,507.75,511.5761461689679,485.4045761947282,0,3.5,3.5,4.707359824707092,0.023536799123535464,-0.16570838405106597,6,3.517276442415175,93.06207556286948,0,3.619377137514326,503.973,485.4045761947282,1,1,0,0,8,10,2,1,2728,0,18,7,,-0.8080282870051523,-0.17296386174688222,1,5.701996031681371,-5.136476924022077,,,,,,1.4002671682405055,28.047736388251902,60.714285714285715,130.19754658234302,3,12.184203005056382,12.208284370416434,18.71913122517844,21.122362740465924,,,,537951
2025-06-25,497.43,498.775,492.16,497.23,493.44341317032325,488.56234025974027,492.92523576262096,489.26844620275904,472.6399090093193,485.1713767088804,0,0,0,0,488.73579027955185,481.4106122314394,98.50368558653666,4.184676857099703,2,18,487.64707976681393,486.6998047633035,488.59435477032434,482.91070474926187,505.3724056540002,506.95165100711773,506.0043760036073,507.89892601062814,511.6880260246698,487.71254999999996,0,3.5,0,5.202711519266957,0.026013557596334787,0.007735384632499769,6,3.07863289121534,90.88009429645733,0,3.7423822694570723,505.3724056540002,487.71254999999996,1,1,0,0,8,10,2,1,2728,0,19,8,,-0.4326777022193434,-0.0005848147929951324,2,4.809564366471667,-5.1589457677112325,,,,,,0.8578415029215244,25.155714929850415,57.53968253968254,135.87838010580694,3,10.664697170875273,11.44072378238483,19.234452869055758,19.805385574663354,,,,336417
2025-06-26,500,507.94,494.265,506.67,497.8522754468822,490.8163346320347,494.23426092808563,489.95086007716066,472.9785168798733,485.5492548861542,0,0,0,0,488.9014090992821,481.81120476050853,98.49538099034723,2.9006893576121997,2,19,506.67,487.27898457337733,489.2824060084681,484.84258965051043,507.0376068814029,507.58221439884284,506.58050368129744,508.58392511638823,512.5907679865697,495.9223882,1,1.5,0,7.123258650811751,0.03561629325405876,0.6730177451469112,6,3.5923189178372357,91.23947260425001,0,0.01684152519776467,507.0376068814029,495.9223882,0,1,0,1,8,10,2,1,2728,0,20,0,,0.17227926538585017,0.6603796376921477,3,5.127841858347859,-5.037977161819496,,,,,,0.8011865510723548,22.22871072477494,49.6031746031746,78.62768331846391,3,12.444157765369877,11.913728875967054,25.05903202550964,17.39131315879456,,,,308874
2025-06-27,506.53,509.79,503.065,509.69,501.7981836312548,494.4511056277057,495.70623607779174,490.72494399570337,473.3438052691283,486.0249989185904,0,0,0,0,489.1310001507086,482.33580619926323,98.33146737548263,2.5781598596212416,2,20,509.69,506.75979540513646,508.74020459486354,495.14336324109144,522.5,522.5,521.5097954051364,523.4902045948636,527.4510229743179,498.69376,1,5,0,7.678603654738097,0.03839301827369049,0.7922209525127738,0,3.6232738005280587,89.10340503854454,0,0.8806159260253048,,498.69376,1,1,0,0,8,10,3,1,2728,0,21,0,,0.4987852479234517,0.7780511164306718,4,4.868031911938266,-4.585234832243613,,,,,,0.9674285366475908,18.247119132689235,37.301587301587304,45.37928573956964,3,12.551388624495557,12.587949053422756,25.207612517593265,16.336727881314175,,,,373514
2025-06-30,510.26,513.8449,508.12,512.31,505.3021224208365,498.98803333333336,497.28754692752585,491.5714167801856,473.73152859978376,486.60758207600855,0,0,0,0,489.41933834787415,482.9655946851373,97.23441883476958,3.4532306625295464,2,21,512.31,506.7794091261981,508.7205908738019,500.3552730095849,522.5,522.5,521.5294091261981,523.4705908738019,527.3529543690095,498.69376,1,3.5,8.5,8.143530474790907,0.04540372269897923,0.86702340555193,0,3.6416058342746784,81.5170250912854,0,0.8523824933994808,,498.69376,1,1,0,0,8,10,2,1,2728,0,22,1,,1.0374885626001975,0.8528713778955265,5,3.8459065156323513,-3.6876631064481424,,,,,,1.1223601834827097,13.136159624406801,17.063492063492063,4.132155433836876,2,12.614892652205983,13.700349421131552,27.61022609692853,15.476370767450911,,,,426011
2025-07-01,510.42,513.06,507.7,511.57,507.39141494722435,503.55471428571434,498.6477805534758,492.3556749456685,474.108030802771,487.2826718061924,0,0,0,0,489.61480253631987,483.38935521053054,96.1742098409429,10.518474289449461,2,22,511.57,506.80087990289826,508.69912009710174,500.107039223186,513.6485867577461,513.6485867577461,,,518.3941872432548,498.69376,1,5,6,7.90156815816798,0.0395078407908399,0.6853106968457947,0,3.4817089287011576,67.23022497597196,0,0.1813307048865111,513.6485867577461,498.69376,0,1,0,0,8,10,2,1,2728,0,23,2,,0.9284640385729063,0.672487161390127,6,3.5182698421640364,-1.6197462133705622,,,,,,0.7997547932760162,10.20590542265222,7.5396825396825395,-15.380889618330917,1,12.06099352335322,14.645735096449307,26.218045551312017,15.091114056688431,,,,304890
2025-07-02,510.57,511.13,504.47,509.51,508.09760996481623,507.3882116883116,499.682277643621,493.02839357525016,474.4602892027434,488.0263849299766,0,0,0,0,489.75939949979494,483.7065050378863,97.80926793455251,6.397100104145267,2,23,507.75,506.8052813384055,508.6947186615945,503.0264066920276,514.9655453848901,514.9655453848901,,,519.6891386928626,498.69376,0,5.5,0,7.3872801570289806,0.0369364007851449,0.4254872235821819,0,3.437723594177196,92.89010037097786,0,1.527554324524895,514.9655453848901,498.69376,1,1,0,0,8,10,2,1,2728,0,24,0,,0.7023482054388752,0.41397581474090306,7,6.476228651288906,-4.573134529014682,,,,,,0.6707780730238911,8.336619816874055,5.555555555555555,-29.995103394055572,0,11.90862385498639,14.85809022221536,24.45875266998577,17.131149690845934,,,,252954
2025-07-03,510.33,518.345,502.5,517.96,511.3850733098775,511.2983683982684,501.4230131061333,494.0061036311227,474.8931221459997,488.8772960303631,0,0,0,0,489.93330229856184,484.05792833333203,97.93069506404967,3.8781722711150888,2,24,517.96,508.4287880285194,510.46621197148056,501.66060845631057,517.9951061857086,522.5,521.4812880285194,523.5187119714806,527.593559857403,498.69376,1,5.5,0,9.06875165076827,0.07429804294422374,0.9636320234197919,0,3.752454752980176,90.37364213100214,0,0.0021538341240784566,517.9951061857086,498.69376,0,1,0,0,8,10,3,1,2728,0,25,0,,1.231634277523059,0.9486135306148119,8,4.785011627789395,-5.272740711311425,,,,,,0.592166616989486,10.652696559582859,8.73015873015873,-18.049148742086693,1,12.99888457052997,15.938348987767217,27.385689833331877,14.752068184960367,,,,215956
2025-07-07,517.8,520.96,512.94,515.48,512.7500488732517,514.6831047619047,502.76177376269203,494.84821721421594,475.2969716768853,489.8041258450935,0,0,0,0,490.1060915838545,484.4099335213025,95.49155956227142,25.789717394050356,2,25,509.4475,508.4299460264823,510.4650539735177,504.3597301324115,520.0268992760984,522.5,521.4824460264823,523.5175539735177,527.5877698675885,498.69376,0,2,2.5,8.45429925239074,0.07001935207518065,0.6430648006126529,0,3.8057696663166123,48.078251552185144,0,2.079378500095751,520.0268992760984,498.69376,1,1,0,0,8,10,2,1,2728,0,26,1,,1.2219828465058156,0.6304258781539723,9,3.0196936278068938,0.3173141793733064,,,,,,0.660709548589346,12.33793306874992,14.285714285714286,-6.414344494728745,1,13.183572847929648,17.218189737557402,27.753051599059525,13.713938040072872,,,,238477
2025-07-08,513.41,517.4,513.41,515.05,513.5166992488345,517.3391242424243,503.93208102338804,495.64044399012903,475.6925241975133,490.7910191156276,0,0,0,0,490.27443532424434,484.75091837326704,92.86173734399844,24.813794427886855,2,26,515.05,508.48126815904453,510.44226125272024,504.5592819716931,521.7597934524772,522.5,521.5195034531621,523.4804965468379,527.4024827341893,498.69376,1,2,2.5,8.273721742607194,0.04136860871303597,0.5057625643773502,0,3.8130437939145474,55.39108705013917,0,0.63959334664914,521.7597934524772,498.69376,0,1,0,0,8,10,2,1,2728,0,27,2,,0.9482933782111309,0.49374991799893203,10,2.5243503532415943,-1.1087850459324824,,,,,,0.6639200667652959,13.779221358328792,19.444444444444443,4.318722658668418,2,13.208771165090374,18.406613290934,26.7446824554811,13.21566087198572,,,,239573
2025-07-09,518.2,520.9207,516.375,519.86,515.6311328325563,519.6994857142857,505.44902568782726,496.59023050032005,476.1320015686823,491.8538283388894,0,0,0,0,490.4580128124589,485.1087070734238,92.52962510883286,24.0581961692503,2,27,519.86,507.75,509.69,504.4539513041233,523.9929620455766,522.5,521.5371219565077,523.4628780434923,527.3143902174614,502.5,1,2,0,9.184007436435653,0.04592003718217827,0.7644831959633045,0,3.812428870580576,58.06240997148479,0,0.2682687902111307,523.9929620455766,502.5,0,1,0,0,8,10,2,1,2728,0,28,3,,0.9922178117407991,0.7502425141962811,11,2.8526541461850297,-1.1484039787596332,,,,,,0.6153900830126904,15.568444762704594,25.396825396825395,17.883455399949693,2,13.206641008175977,19.885893184139444,28.553433926683766,12.496229342083423,,,,221640
2025-07-10,520.87,530.44,516.86,527.52,519.5940885550375,522.3072294372296,507.55102324136755,497.8031626375624,476.64332493615814,493.0216652474283,0,0,0,0,490.96467581858576,486.0526429701771,96.0803743801212,19.463315362372608,2,28,527.52,508.44641366549666,510.4771157462681,505.90418159716916,527.9873181577798,530.44,529.4246489596144,531.4553510403857,535.5167552019285,502.5,1,2,0,10.673951024207943,0.08297210294486765,1.2000733633995901,5,3.8470963485422915,86.62786672764895,0,0.021619267384231915,527.9873181577798,502.5,0,1,0,0,3,10,2,1,2728,0,29,4,,1.2368187825906234,1.1830799848045896,12,7.0250245226764045,-1.886609878693457,,,,,,1.3582110905767149,19.672499068865633,40.476190476190474,47.61682063598281,3,13.326732674575908,22.07722424281969,33.51454681870986,11.003969278852436,,,,495082
2025-07-11,523.85,534.5,523.545,530.73,523.3060590366916,525.2203757575759,509.7585448374278,499.09441116157956,477.18150080744016,494.29479426584805,0,0,0,0,530.73,486.8451430071164,95.57746829495235,17.378939879857857,2,29,530.73,516.9193615339276,519.0006384660725,514.079784542841,532.2205966969068,533.1670731361718,532.2205966969068,534.5,538.6625538642897,504.73838,1,3.5,0,11.221830498866844,0.056109152494334215,1.263494919467076,0,3.7828150993529084,67.79932922657804,0,0.08952416866568984,532.2205966969068,504.73838,0,1,0,0,8,10,3,1,2728,0,30,5,,0.8905250772446901,1.248269824426576,13,3.506997716043954,-1.8422430363152267,,,,,,1.115087009342798,23.54885226228445,54.76190476190476,79.70659199100676,3,13.104055895435893,24.392750027253488,33.84785987660978,9.969675640688157,,,,401699
2025-07-14,528.85,536.75,526.525,536.73,527.7807060244611,528.7461428571427,512.3272548529109,500.5703166062235,477.7740231874656,495.691240908265,0,0,0,0,533.1450395578211,487.4342057652497,93.86650627930328,18.04746231237577,2,30,536.73,516.9023982100756,519.0176017899245,514.3178862190252,537.1992259644297,536.75,535.6923982100756,537.8076017899244,542.038008949622,508.4904804,1,1.5,0,12.339720024795419,0.06505940917496902,1.5172560264825528,0,3.717939154437851,60.706453489964,0,0.020936265495315666,537.1992259644297,508.4904804,0,1,0,1,8,10,2,0,2728,0,,6,,1.0268864724079354,1.499440342331614,14,2.8448944550742974,-1.5180952332991324,,,,,,0.7643649257258958,28.425249761914586,61.904761904761905,120.70460166399779,3,12.879319029872056,26.690113948266152,32.82554720866089,9.109070084145708,,,,270608
2025-07-15,537.56,542.3017,532.98,535.03,530.1971373496407,532.1411787878787,514.4894210573956,501.9216767393128,478.34373439953066,497.1807309077585,0,0,0,0,533.7951380858001,488.15812965158784,96.1349219465944,19.750231088124565,2,31,517.96,516.8947117307845,519.0252882692156,512.6335586539224,540.5512431380228,542.3017,541.2364117307844,543.3669882692155,547.6281413460777,513.1201088,0,0,0,11.850529551020065,0.059252647755100335,1.1912863463619767,0,3.2236245588035395,74.13506005603988,0,4.241338948500511,540.5512431380228,513.1201088,1,1,0,0,8,10,2,0,2728,0,,7,,0.8017891497493218,1.181071282166501,15,5.054879040670057,-1.290443578776102,,,,,,0.9875243575521245,31.80809742377703,64.68253968253968,184.84107368947977,3,11.16696304074907,29.156762208048555,34.91401692641727,8.397391334690628,,,,353939
2025-07-16,536.45,541.395,533.41,540.06,533.4847582330938,535.631058008658,516.9247142900246,503.4172972593397,478.95782659456023,498.77924914663976,0,0,0,0,535.679136554271,489.1241620037185,97.58796113194386,19.50133552489801,2,32,540.06,516.8995091071571,519.020490892843,514.3150115616213,544.3371860840256,542.3017,541.241209107157,543.3621908928429,547.6041544642148,513.1201088,1,2,0,12.757318079523305,0.07941564079698718,1.3795024133986915,0,3.2466097757016015,78.97842673857559,0,0.1661366480805845,544.3371860840256,513.1201088,0,1,0,0,8,10,2,0,2728,0,,8,,1.0894768476394097,1.3708956458948403,16,5.743197925302355,-1.4715865885939268,,,,,,1.221221307086636,35.136317829791956,67.06349206349206,212.417628832199,3,11.246586167729939,31.447221306417934,32.56681867674243,7.832851817964125,,,,441339
2025-07-17,539.86,559.45,539.72,559,541.9898388220626,540.9039428571429,520.9318843576413,505.5970110923068,479.75426613093276,500.58534544690815,0,0,0,0,559,490.6732267228319,99.90077065925762,1.7247171756240627,2,33,559,524.8679177423601,527.1897222576399,522.2435781536483,,559.45,558.2890977423601,560.61090225764,565.2545112881996,526.02882,1,1.5,0,16.517984198068554,0.23151638781164424,2.5099971345983922,5,4.3779381238393285,96.54326536830726,0,0,,526.02882,0,1,0,1,11,10,2,0,2216,0,,9,,2.1203006234593005,2.4725614084974428,17,8.77933191299002,-4.950279291080026,,,,,,1.4469551520586945,44.02352322918049,77.77777777777777,190.28497283503307,3,15.165622525764967,34.37277386622248,41.51119069931645,6.644258409633693,,,,537579
2025-07-18,559.24,564.85,558.795,563.66,549.213225881375,547.4012190476191,525.0012287045325,507.8739910494712,480.5891490550031,502.59991016673956,0,0,0,0,563.66,493.19530474675474,99.97102716121309,0.6144549987578043,2,34,563.66,529.8631169975803,532.1272033331974,527.2138014125924,,564.85,563.7179568321915,565.9820431678086,570.5102158390425,531.6924,1,4,0,17.285211517642797,0.20944154012394695,2.492521870644466,5,4.251360666368121,98.52973916367354,1,0,,531.6924,0,1,0,0,11,10,3,0,2216,0,,10,,1.877457193619197,2.4559183702476615,18,10.421702529398164,-6.341368354016775,,,,,,2.1861579483211395,51.58625064106251,88.0952380952381,250.28004010236614,3,14.727145350898926,37.256872008694316,43.78780867426166,6.3269514106733915,,,,867934
2025-07-21,561.65,564,556.75,559.27,552.5654839209167,553.7712930735931,528.2649212088628,509.88952081223704,481.37204309425675,504.7663895654401,0,0,0,0,561.6012815583523,495.15188351606577,99.82935962128946,13.339331014538843,2,35,531.0372225723787,529.9213074879851,532.1531376567723,525.4576471504107,563.843682103839,562.8120230954132,561.6012815583523,564.85,569.3136603375744,531.6924,0,3,0,16.182484633925892,0.19607168992440988,1.8718401200844412,5,4.349211058503614,89.44793550546848,0,5.879741207958965,563.843682103839,531.6924,1,1,0,0,11,10,2,0,168,0,,11,,1.779051911816021,1.8483605929266693,19,8.055545746804357,-2.055044327391982,,,,,,1.913980156720034,56.33065526557244,91.26984126984127,273.88986811318296,3,15.066109052337351,39.516821813871516,41.24775994999531,7.596166026001008,,,,766459
2025-07-22,556.78,561.59,553.33,555.95,553.6936559472778,558.92570995671,530.9015953794473,511.6958141137179,482.1141123171995,507.0366271990897,0,0,0,0,560.0868720990906,496.5255030772557,99.57820795924975,15.834890793952333,2,36,531.0348767413442,529.9249198772644,532.144833605424,525.4850924209453,566.8391766668635,566.0177973238394,564.9078404597597,567.1277541879192,571.5675816442383,531.6924,0,2,0,15.315023102709214,0.17751352343926277,1.405221435759708,0,4.528188924839405,81.58173033528239,0,6.451475923833007,566.8391766668635,531.6924,1,1,0,0,3,10,2,0,168,0,,12,,1.6297294856279558,1.3888993600379138,20,6.7978065990322065,-1.2325869950152615,,,,,,1.4612206699353587,59.38256342583729,92.06349206349206,278.56789489291367,3,15.686106568185073,40.928909513601155,38.507092817102546,9.842518352693428,,,,598312
2025-07-23,566.73,570.56,519.225,546.58,551.3224372981852,561.4425722943722,532.3947767718809,513.063821403376,482.7555639359338,509.3324766674711,0,0,0,0,546.58,498.73455854233396,99.62862735354436,16.61835463397686,2,37,530.9872911638973,529.4982687186804,532.4763136091143,523.5421789378127,567.7289534610949,568.8916201453707,567.4025977001537,570.3806425905876,576.3367323714554,531.6924,0,7.5,7.5,13.220859754303385,0.0927709654381836,0.5950847650800891,0,5.082811514476314,84.4959449227997,0,4.935004494421116,567.7289534610949,531.6924,1,1,0,0,8,10,2,0,2218,0,,0,,0.9363382103341191,0.5905495557764734,21,7.01599843882644,-1.7105605603093723,,,,,,2.7556905324010166,60.647275084308205,92.46031746031746,244.44244583748076,3,17.607375576738175,38.0861169202749,26.65390867824165,27.263069822172742,,,,1222693
2025-07-24,548.98,555,545.7301,549.93,550.8582915321234,562.2456246753246,534.0647980317017,514.5095538973612,483.42396628483,511.6544109839041,0,0,0,0,547.6048948145205,499.71148986573485,99.22340425335705,14.132971011562482,2,38,549.93,535.7345093365842,538.6653706634157,529.8727866829213,568.6529397601194,569.4448082209822,567.9793775575664,570.9102388843979,576.7719615380609,537.19994,1,2,2.5,13.757289326442926,0.09989755774332575,0.710264238559483,0,5.083996603059814,79.92788512585713,0,0.9334766233042389,568.6529397601194,537.19994,1,1,0,0,8,10,2,0,2218,0,,1,,0.720808253827969,0.7161233681071411,22,5.490725479246232,-2.2116160023985527,,,,,,1.1875890349683633,60.03193253237254,92.06349206349206,240.8681703945168,3,17.611480844014356,35.446380940757656,25.148506094058863,25.723262049192783,,,,538957
2025-07-25,551.2,556.43,545.07,555.89,552.5355276880823,562.5631086580086,536.1433886953491,516.1323164896215,484.1450213466725,514.0132529956238,0,0,0,0,549.5843414799581,500.79033856036807,98.9192684527984,11.00323227880324,2,39,555.89,535.737754383971,538.6621256160289,532.4950301435379,570.56,564.255,562.7928143839711,565.7171856160289,571.5659280801444,537.19994,1,2,0,14.8189024961499,0.10965006803630506,0.9841491878938856,0,4.916138848834856,81.7684200560572,0,0.6270578714145183,570.56,537.19994,0,1,0,0,8,10,3,0,2218,0,,2,,0.8445878769829326,0.9965482794379908,23,5.247493823660609,-2.839547775980884,,,,,,1.1866370348944373,58.39799782021724,90.47619047619048,242.91240339589325,3,17.030004526490284,32.96461575362631,24.277213613520427,23.93889644366979,,,,553010
2025-07-28,556,561.745,552.33,556.96,554.0103517920548,562.6996528138528,538.1259231053159,517.7334021174795,484.86954849745183,516.3900297533613,0,0,0,0,550.8243050319325,501.688167433501,98.66358292898322,11.189970833841516,2,40,556.96,535.7581337136875,538.6417462863125,533.8910994189995,570.56,564.255,562.8131937136875,565.6968062863125,571.4640314315626,537.19994,1,2,4.5,14.86800969991768,0.11434004849958841,0.9090503428773533,0,4.9213058488222075,78.39567825661864,0,0.5895382812998385,570.56,537.19994,0,1,0,0,8,10,2,0,2218,0,,3,,0.6080509984319082,0.931518688353482,24,5.0587540395794734,-2.2971019563843704,,,,,,0.9936821300574984,56.32903216913934,89.28571428571429,230.41618307290258,3,17.047903539491884,31.139517389048336,26.15314692756961,22.54317255107762,,,,467770
2025-07-29,559.8,561.97,549.77,552.48,553.5002345280366,562.2576354978355,539.4929780476667,519.0960137991469,485.5422893084225,518.7360068209241,0,0,0,0,550.9680421779572,502.14315442628,98.6274774919989,50.309146869009346,2,41,537.19994,535.752191305567,538.647688694433,529.9611965278347,570.56,564.255,562.807251305567,565.702748694433,571.4937434721653,537.19994,0,0,6,13.786175203589297,0.11337532046239093,0.4891023480709089,0,5.0760350818223055,40.78160324464158,0,4.608542922991723,570.56,537.19994,1,1,0,0,8,8,2,0,2282,0,,0,,0.48706869947399706,0.510027912499485,25,5.224490148396928,3.287011986769742,,,,,,0.5717192448863054,53.634744135362446,87.6984126984127,205.0218671198718,3,17.58390132543655,29.1849060370928,24.18538488147963,22.425830849167905,,,,264517
2025-07-30,553.25,558.735,545.57,550.59,552.5301563520244,560.9464168831169,540.5498372812223,520.3310720815333,486.18953021082626,521.0270059814167,0,0,0,0,550.922781087654,502.81364975226245,98.92524937612579,48.582477898416414,2,42,537.19994,535.7380572837407,538.6618227162593,529.8905264187035,570.56,550.922781087654,,,558.2321946689505,537.19994,0,3,7,13.245959813500674,0.11511868795639227,0.2787629028945593,0,5.101223032769007,69.1428209341773,0,4.56398582854345,570.56,537.19994,1,1,0,0,8,10,2,0,2282,0,,1,,0.16195215389706805,0.2995882542783577,26,6.026283129978816,0.2720882469286713,,,,,,0.8852184721650077,50.38921424577049,83.33333333333333,185.14952416477368,3,17.67115494699303,27.249186668098186,22.24072653328431,23.187837068729937,,,,414411
2025-07-31,549.55,560.13,549.55,551.02,552.0267709013496,558.9354359307359,541.5469956353916,521.5345594508849,486.8346095122111,523.2564248182013,0,0,0,0,550.9322478114724,503.40740721004704,98.3762605262338,42.57218489237526,2,43,551.02,535.7480131920449,538.651866807955,529.9403059602248,570.56,564.255,562.803073192045,565.706926807955,571.5146340397752,537.19994,1,0,4,13.184229147574387,0.11925447907120526,0.24322078303779046,0,5.047184970722795,63.362557531313364,0,0.9269584256360661,570.56,537.19994,0,1,0,0,8,10,2,0,2282,0,,2,,-0.6795892932521064,0.2608671701145978,27,4.636292959778967,-0.29474435004436333,,,,,,0.78750933081046,46.48757339899891,77.38095238095238,165.8869565071723,3,17.483961608979833,25.30737251481778,21.65156554613194,21.679205604694978,,,,373412
2025-08-01,545.87,550.94,535.51,544.69,549.5811806008998,556.0541004329004,541.8463293844019,522.442615943007,487.4102850394528,525.3767586186558,0,0,0,0,550.281525773952,504.0062896972971,98.50459230463642,23.128676395811446,2,44,522.442615943007,520.9559160499059,523.9293158361081,515.0091164775015,561.97,555.89,554.4033001068989,557.3766998931011,563.3234994655055,531.6924,0,5,2.5,11.751847820755533,0.13612510657216095,-0.23395109197671765,0,5.091780030908819,86.41823014165696,0,5.317466455794643,561.97,531.6924,1,1,0,0,8,10,3,0,2282,0,,3,,-1.1567047175248442,-0.2209599434118499,28,5.264974706493693,-3.911074985585714,,,,,,0.9188621252813555,43.5182486561699,73.41269841269842,146.72386104448648,3,17.6384434289974,24.765391961951295,19.634779773190264,28.091751594894454,,,,446277
2025-08-04,547.25,555,546.35,552.26,550.4741204005999,553.8375917748917,542.8381075382683,523.6119251217126,488.0555558350801,527.4317515200808,0,0,0,0,550.5004517043225,504.8275702199448,97.93943529897089,12.93158822239256,2,45,552.26,535.7273793849776,538.6725006150224,529.8371369248877,561.97,555.89,554.4174393849776,557.3625606150224,563.2528030751123,537.19994,1,2,4,13.155150760462883,0.12799797602453664,0.2522993275073259,0,5.149768417341617,84.4787674119341,0,0.4330401504693393,561.97,537.19994,0,1,0,0,8,10,2,0,2282,0,,4,,-0.6215581467473038,0.25755582653865444,29,4.377608397869485,-4.321994307485467,,,,,,1.0644726857853613,40.01451960754115,68.25396825396825,124.30517058894492,3,17.83932109209849,23.823623592560324,20.86905724816986,26.335663569984966,,,,532655
2025-08-05,552.26,555.97,547.18,552.16,551.0360802670666,552.3866402597403,543.725906820338,524.7314574698808,488.6934110009002,529.4242168485401,0,0,0,0,550.5934528913456,505.2558722180282,98.56795601040311,20.26932430498558,2,46,537.19994,535.7540801431934,538.6457998568065,529.9706407159671,561.97,555.89,554.4441401431934,557.3358598568066,563.1192992840329,537.19994,0,4,4,12.986995030097278,0.13160164181715306,0.18294723188788153,0,5.144476252062232,75.25719328563598,0,3.426343138775407,561.97,537.19994,1,1,0,0,8,10,2,0,2282,0,,0,,-0.4767175926338057,0.17965287435318344,30,5.9811354933458745,-0.8453829657570034,,,,,,0.5684763620059065,36.96616507006855,65.07936507936508,107.43049737625698,3,17.820988493806595,22.843600193189907,20.335273216446396,24.906147907863826,,,,285775
2025-08-06,555.06,556.45,547.74,548.96,550.3440535113778,551.2875800865801,544.2243918850677,525.6815963926306,489.29307855313004,531.3399315238343,0,0,0,0,550.5181600694516,505.5942339438494,97.46258431226106,23.734187334072843,2,47,537.19994,535.7795879901081,538.6202920098918,530.0981799505408,561.97,555.89,554.4696479901081,557.3103520098919,562.9917600494591,537.19994,0,0,5.5,12.194515733455454,0.13208368977838839,-0.08612375894093194,0,5.1862232833662425,61.97161763571462,0,3.487876220471085,561.97,537.19994,1,1,0,0,8,10,2,0,2282,0,,1,,-0.19581226060110585,-0.09248177277763715,31,3.927084128776383,-0.8727292533417172,,,,,,0.4889747761722253,34.32766079024245,61.904761904761905,91.0743436506323,3,17.965604452374027,21.878476864615287,19.52360175341665,23.54247345322975,,,,246415
2025-08-07,551.94,556.3925,544.7081,550.13,550.2727023409185,550.5371683982684,544.7868307531564,526.6403573184098,489.89842105508893,533.1913109132995,0,0,0,0,550.502671645651,505.90296513590295,96.6386765591568,13.147800165227599,2,48,534.154345408432,532.8853476619454,537.0007919982312,527.1924544823472,561.97,555.89,554.4667767051004,557.3132232948996,563.0061164744977,537.19994,0,2,5.5,12.294707710057724,0.13702909410584418,-0.042281188173322694,0,5.032963778760201,81.82586037389775,0,3.9954166025997617,561.97,537.19994,1,1,0,0,8,10,2,0,2282,0,,2,,-0.2995354556835509,-0.05084087817009208,32,3.734473186807592,-4.411550992970711,,,,,,0.45314987172569604,34.44824462751658,62.301587301587304,97.58440734999766,3,17.434697954933025,21.27690714437266,18.092484261014324,23.718823172433954,,,,222178
2025-08-08,554,554,544.98,545.93,548.8251348939457,549.4172735930736,544.8957040147606,527.3968138941584,490.4559492037945,534.9552278753429,0,0,0,0,550.3384113018004,506.1604057112039,97.52074824715032,16.70789201514895,2,49,544.69,543.2878997975934,546.0921002024068,537.6794989879664,561.97,550.3384113018004,,,557.348912313834,535.9190349255972,0,0,5.5,11.310710143543362,0.13655355071771683,-0.36225956074032717,6,5.1055919759341295,72.84813154344566,0,2.464873761566917,561.97,535.9190349255972,1,1,1,0,19,10,2,0,2282,0,,3,,-0.7582986151345517,-0.3644733132982669,33,5.0544397956042655,-1.3861716289209614,,,,,,0.4317025794577656,35.361729435098674,63.888888888888886,99.93865652209276,3,17.686289410067776,20.718306689861652,17.0532638538974,22.356429555394588,,,,207470
2025-08-11,545.62,545.99,540.51,542.03,546.5600899292971,547.7632151515152,544.6227798228786,527.9706643296817,490.9691238385826,536.6093707185265,0,0,0,0,549.9597532741144,506.4644784891153,96.9316429607662,17.12485582910533,2,50,536.2088708175244,534.8579920581467,537.559749576902,529.454477020636,556.45,549.9597532741144,548.6088745147367,551.3106320334921,556.7141470710028,537.0242201046361,0,7,0,10.400017777534375,0.05200008888767187,-0.6284093186819893,6,5.064358941761224,67.18530957766475,0,2.99673513140444,556.45,537.0242201046361,1,1,0,0,8,10,2,0,2274,0,,4,,-0.982226347495828,-0.627410001346948,0,3.9215205178623336,-1.6236047146874362,,,,,,0.5735553052321576,37.56891020005999,66.66666666666667,114.1477397889798,3,17.543453989792383,20.645741610003363,16.435597884413884,24.501110007337736,,,,275791
2025-08-12,545.04,552.8248,542.555,552.3,548.4733932861981,547.086567965368,545.3539436492711,528.9247559245961,491.5793813128256,538.2201172343321,0,0,0,0,550.0420387904314,506.773079322909,97.97727007800596,9.32137842616692,2,51,552.3,534.6039514903523,537.3054906149109,530.6876870035318,556.45,562.4837421684016,561.1329726061223,563.8345117306809,569.2375899797979,539.9166546744514,1,4,0,12.352149214438606,0.061760746072193035,0.06985577492448261,6,5.363039826656561,91.17175795089882,0,0.19202016927472187,556.45,539.9166546744514,0,1,0,0,8,10,2,0,2242,0,,0,,-0.32122422041752424,0.06633658505220737,1,5.718019354320459,-5.1233950941695205,,,,,,0.4650719424801805,39.5633200377323,69.84126984126983,112.95659003207712,3,18.578114925569093,19.6701839012076,19.78065538566345,22.75286992936241,,,,220525
2025-08-13,554.05,554.05,540,550.12,549.0222621907988,546.9836441558442,545.8078537779119,529.7559419667688,492.1618750311059,539.7761925058015,0,0,0,0,550.0465790641352,507.28035166201437,98.18577995475383,5.431524313045358,2,52,543.2741949249179,541.89446247423,544.6539273756058,536.3755326714784,556.45,562.1479413411496,560.7682088904617,563.5276737918375,569.0466035945891,541.6405736844386,0,5,2.5,11.776232152324067,0.05888116076162034,-0.12386729765344694,6,5.325228469674263,89.34095034175326,0,1.9099072531798493,556.45,541.6405736844386,1,1,0,0,8,10,2,0,2242,0,,1,,-0.3382964543315838,-0.12591163454353724,2,5.04722218786969,-5.102356049089379,,,,,,0.8225781907394338,41.54124090196068,71.03174603174604,125.19077588689025,3,18.447132542776167,19.036749290576534,17.982181651356107,22.337560227758225,,,,387845
2025-08-14,548.77,548.77,539.63,541.92,546.6548414605325,546.4811753246755,545.4375819895394,530.2329638504249,492.65698075218944,541.2314525189693,0,0,0,0,549.7727065745827,507.52142487586576,98.52889188695386,9.223711709142378,2,53,540.4271278298256,539.0522869827583,541.8019686768929,533.552923594489,556.45,544.69,,,551.5642042353367,526.02882,0,7,1.5,9.999456248969754,0.04999728124484877,-0.6970504199798047,6,4.23369807826979,79.33041534949902,0,2.330869380896397,556.45,540.4271278298256,1,1,0,0,8,10,2,0,2242,0,,2,,-0.7364521848455577,-0.6946078334809669,0,5.524511140825723,-2.0927383137684004,,,,,,0.5090923278220113,41.65995523528064,71.03174603174604,184.05882900542912,3,14.665960350939985,18.489046841035243,16.757149691130238,21.05610666370902,,,,232265
2025-08-15,541.63,542.2421,535.35,538.47,543.9265609736883,545.3005809523811,544.7740027524404,530.5559848758984,493.1128316899786,542.5713445841636,0,0,0,0,548.8651436163733,508.06952695358996,96.19402845389394,45.753712486186735,4,0,528.3277163967385,526.02882,530.5559848758984,520.6761218537499,556.45,545.62,544.2818254634375,546.9581745365625,552.3108726828126,526.02882,0,9.5,0,9.198131826051856,0.045990659130259286,-0.8997009165120451,6,4.127587165316871,42.150875138397524,0,3.6753494249157233,556.45,539.4310084680442,1,1,0,0,8,10,2,0,2242,0,,3,,-0.6075761000802704,-0.8928582296755309,0,4.075779588419771,1.8675850963287688,,,,,,1.3585062849595584,40.06003599339451,69.44444444444444,180.1718248239205,3,14.298381365996038,18.444858837779623,15.986564009515035,22.943534004983785,,,,601713
2025-08-18,538.42,539.435,534.55,536.59,541.4810406491256,543.280916883117,543.9945739188747,530.7926129199808,493.5454403298793,543.7918223324484,0,0,1,0,548.428955627012,508.29942147375084,86.45075122752118,69.3820747895247,4,1,528.7191230227578,526.0361730227578,530.7926129199808,520.8913461726685,554.05,546.0261140665559,544.7399073540336,547.3123207790783,552.4571476291676,537.7122424817708,0,11.5,0,8.721498802896512,0.047345312597911346,-0.9763664060928576,6,4.0891499188105795,20.210551312023156,0,3.2360244118294084,554.05,537.7122424817708,1,1,0,0,8,8,2,0,2242,0,,4,,-1.0299025486674303,-0.967013883517467,0,2.0291554822645708,3.271058254051291,,,,,,0.6598714831256474,37.97585009819146,66.66666666666667,168.09199604099132,3,14.165230838292144,18.489189033638564,15.444449658106432,22.720847324133118,,,,276093
2025-08-19,536.3,543.24,536.3,543.15,542.0373604327503,541.6818826839828,543.9141383075533,531.2772163348835,494.03901803803967,544.9416369645458,0,0,0,0,548.2612172628758,508.55694785003766,92.47431808603591,69.52021379848233,4,2,543.15,528.9120748246248,531.4246730050234,523.8868784638275,554.05,546.0018627368012,544.7455636466019,547.2581618270004,552.2833581877977,537.3356602355065,1,8,0,9.940709168476829,0.04970354584238415,-0.486965044029776,6,4.30280975531616,64.6994990629304,0,0.5658480625547565,554.05,537.3356602355065,0,1,0,0,8,8,2,0,2242,0,,0,,-0.7194576308577898,-0.4796911398701853,0,6.017547897863418,0.9281084732228682,,,,,,0.6354982916618793,35.72409251045225,64.28571428571429,139.6726278913673,3,14.905370223021192,17.940449999913646,17.386914757615113,21.60018976237376,,,,254986
2025-08-20,543,543.715,534.6296,541.81,541.9615736218335,540.565102164502,543.7137441830245,531.690266674692,494.51435119189,546.0143702400848,0,0,0,0,548.0528085263405,508.8131224602396,94.65155271659167,69.66195373534563,4,3,530.5972869420364,529.3496038582798,531.8449700257929,524.3588715232538,554.05,545.9717313532058,544.7240482694492,547.2194144369623,552.2101467719883,536.7662671824054,0,8,0,9.564059909306346,0.04782029954653173,-0.567807823570427,6,3.973546649301831,57.106412745157485,0,3.759402265413814,554.05,536.7662671824054,1,1,0,0,8,8,2,0,2242,0,,1,,-0.6323152123542204,-0.5598931241744266,0,4.998440379932587,0.9372897552456722,,,,,,0.757845657444835,33.38544256160413,59.523809523809526,142.5426948661047,3,13.764769365671684,17.63319156791053,16.2564832130286,21.39118547984665,,,,267897
2025-08-21,540,543.1979,538.835,542.44,542.1210490812224,539.9876476190475,543.5924352132126,532.111824844312,494.99122331933387,547.02143625016,0,0,0,0,547.9097423955208,509.0215650136303,95.63217816865483,80.42835475160064,4,4,531.2709814236699,530.073464095896,532.4684987514438,525.2833947848004,554.05,545.9510470933282,545.31,547.9097423955208,552.6998117066164,536.1915695471884,0,6.5,0,9.585781412947506,0.19792890706473754,-0.5091945465286289,6,3.918268701009307,38.62352197292497,0,3.804373940655131,554.05,536.1915695471884,1,1,0,0,8,8,2,0,2242,0,,0,,-0.6513406636961171,-0.5018374925069542,0,4.567611630181904,2.9368665512338987,,,,,,0.6428719305111941,31.252438884073886,58.333333333333336,130.24970183775983,3,13.57328093571005,17.34788016676478,15.727670326529141,20.695344049015098,,,,216902
2025-08-22,545.44,553.675,544.055,551.06,545.1006993874815,540.7587883116882,544.3036318595733,532.8548905366919,495.5491215947634,548.0219963720643,0,0,0,0,547.9632051016206,509.1973204451719,97.63900277337478,55.87211827868826,2,0,551.06,534.55,537.19994,531.6633139873592,554.05,554.05,552.8377071242099,555.26229287579,560.1114643789501,537.19994,1,7,9.5,11.201892201239886,0.20600946100619943,0.0720238293838423,6,4.0989683510864126,80.76597841762822,0,0.15415004388128126,554.05,537.19994,0,1,0,0,8,8,2,0,2242,0,,0,,-0.060500519968331966,0.07350090683945441,1,7.079457366946739,-0.6071901619949596,,,,,,0.4633002749217297,32.7503268236252,59.12698412698413,130.64840208703546,3,14.199242885396979,16.657552166544512,22.14268092100321,18.982885169337287,,,,146908
2025-08-25,551.48,552,540.66,541.13,543.7771329249877,541.21928008658,544.0013812062806,533.1794046332922,496.00266267342244,548.9554726784697,0,0,0,0,547.7519824010571,509.44628983065667,91.78326906659049,74.8703731427282,4,0,535.8323576128046,534.55,538.47,529.6421978899226,554.05,555.1574590552323,553.930508527713,556.3844095827516,561.2922116928289,536.3560005936309,0,0,4,9.09820465143153,0.19549102325715764,-0.6306789965446179,6,4.454007112431895,23.96156972674993,0,2.9430003752332548,554.05,536.3560005936309,1,1,0,0,8,8,2,0,2242,0,,1,,-0.3361899499237368,-0.6218318697940682,0,2.8523790710620496,3.457970252350701,,,,,,0.8979192709383443,33.35597416485206,59.12698412698413,116.18825674309035,3,15.429133232010372,15.543857583104097,20.315430031120645,19.88694189511844,,,,276117
2025-08-26,541.11,545.03,541.11,544.77,544.1080886166584,541.7432264069264,544.0745829961586,533.6339377849278,496.4879098110003,549.8505100594923,0,0,0,0,547.676415637433,509.6764314073619,88.60666623352043,81.24473566439441,4,1,535.9725919445942,534.55,538.47,529.8527551834995,554.05,547.676415637433,,,553.5479716580585,536.336577464282,0,4.5,0,9.724726269241762,0.1986236313462088,-0.36634743158535454,6,4.467442081461189,41.037306286048036,0,2.9539036351963284,554.05,536.336577464282,1,1,0,0,8,8,2,0,2242,0,,2,,-0.6334583266158184,-0.3594707411441954,1,2.7983170673824604,2.429125174637252,,,,,,0.7592398807299651,34.882701230096316,61.507936507936506,125.4034476331729,3,15.475673329924074,14.50971261276657,19.70993461509166,19.29421744193763,,,,232247
2025-08-27,543.57,545.682857,540.82,541.29,543.1687257444389,541.9495069264069,543.8093846155721,533.9341755188522,496.9337017531794,550.6879334888418,0,0,0,0,547.554232459736,509.8341735281426,85.7429177699416,87.49209785342107,4,2,535.5824383528668,534.4485881543935,536.7162885513401,529.9131873605003,553.675,554.6501467935559,553.5162965950826,555.7839969920292,560.3193977859224,535.8899275448108,0,0,2.5,8.925999200764972,0.19462999600382486,-0.5988013227247906,6,4.496364688310323,22.6663987129918,0,3.30911777834588,553.675,535.8899275448108,1,1,0,0,8,8,2,0,2242,0,,3,,-0.6891154727935026,-0.5885453413588628,0,2.542783819002599,3.428337060965393,,,,,,0.6077933028800302,36.61318497420797,64.68253968253968,135.0635865425338,3,15.575864179024155,13.644977776951258,19.469281025212634,18.555386688912446,,,,178759
2025-08-28,541.94,543.31,539,542.09,542.8091504962927,542.0427095238097,543.6456336998033,534.2540117730148,497.38301815364525,551.4743408507684,0,0,0,0,547.446156461279,510.00303267481615,92.57656359200033,81.27751605107292,1,0,535.812924058141,534.7215810167015,536.9042670995805,530.3562088509435,553.675,554.3399093295196,553.2485662880802,555.4312523709591,559.7966245367171,535.6601938472329,0,8,5,8.988441545976638,0.1949422077298832,-0.5240012431970357,6,4.499555094121443,67.82938756278996,0,3.2734117987866873,553.675,535.6601938472329,1,1,0,0,8,15,2,0,2242,0,,0,,-0.2721847985373306,-0.5143625737235562,0,6.836323417283335,1.4692954719596367,,,,,,0.6618302678156449,37.26221215118598,65.07936507936508,139.06083786144572,3,15.586916068947401,12.783977784592249,18.782769428684876,19.390091198931817,,,,188534
2025-08-29,540.63,544.41,534.5,538.17,541.2627669975284,541.7970857142858,543.1241447760125,534.4075799387789,497.7888587690319,552.1930838875929,0,0,0,0,547.1907528052426,510.2125395950944,85.64077445827292,89.11801584571208,4,0,534.9692418587559,533.8673697488479,536.071113968664,529.4598813092155,553.675,553.1089155341807,552.0070434242726,554.2107876440888,558.6182760837212,534.8561589213318,0,7.5,2.5,8.112102253719671,0.19056051126859835,-0.7685684422274893,6,4.411497378915121,16.101293283648424,0,3.3130444901398426,553.675,534.8561589213318,1,1,0,0,8,8,2,0,2242,0,,1,,-0.2910062324002661,-0.756436867079069,0,2.1829780090934072,4.435916721018264,,,,,,0.9776638361791262,36.82757207726704,64.28571428571429,140.98856721568927,3,15.28187519547584,12.645863292202522,17.274482148430295,21.479426524400985,,,,269882
2025-09-02,534.85,537.91,528.81,537.91,540.1451779983522,541.2138575757575,542.6275595592493,534.5449297451013,498.18807410466343,552.8505381028559,0,0,0,0,546.9628513822345,510.3996324821892,91.9360347950601,87.67371227012774,1,0,535.1776152261722,534.0708768384004,536.284353613944,529.6439232873132,553.675,552.8391845633664,551.7324461755946,553.9459229511382,558.3728765022254,534.3140614454068,0,7.5,0,7.973279161032552,0.18986639580516276,-0.7458185222153969,6,4.144364528198763,49.61570291656335,0,3.342684229299887,553.675,534.3140614454068,1,1,0,0,15,15,2,1,2242,0,0,2,,-0.2112503945917487,-0.7332943140145497,0,5.3561030485895555,2.4459680456584563,,,,,,0.9427240894713206,34.26762059287346,58.73015873015873,138.69063446479967,3,14.356499855852952,13.240827871213803,15.97006082634851,24.447870394801317,,,,246761
2025-09-03,537.64,545.23,533.9301,544.64,541.6434519989015,541.1086346320346,542.8192205536066,534.9408148531365,498.65028232252746,553.4909680724991,0,0,0,0,546.897980068419,510.6681086934909,94.26119084911055,77.33468968190118,1,1,544.64,534.5141664673414,536.7713216874891,526.5827582388189,552.8422367227269,552.5109100516571,551.3823324415832,553.639487661731,558.1537981020263,534.648763277272,1,7.5,0,9.222839995852311,0.19611419997926155,-0.2629309958268405,6,4.366220106374654,53.19165040402945,0,0.4542353052147632,552.8422367227269,534.648763277272,0,1,0,0,8,8,2,1,2242,0,1,3,,-0.20422751813099008,-0.2565559200852212,1,4.306872516737737,0.9439854586894003,,,,,,1.1023280508332685,33.595139424659784,57.53968253968254,122.1161819347135,3,15.125030122539377,12.618494863120237,20.333485579086243,22.262293040867522,,,,288699
2025-09-04,546.31,549.7,544.425,547,543.4289679992677,541.5997121212121,543.2173900246917,535.4137240745822,499.13137404071125,554.1266968525916,0,0,0,0,546.9008805602273,510.96417122126553,95.4085968467372,71.86672759754263,1,2,547,544.7749368620744,546.9650631379257,535.6644948965944,552.5577387735807,552.4249679628525,,,557.9002836524809,537.19994,1,7.5,7,9.590386108524683,0.19795193054262342,-0.11682156899671754,6,4.358608045970588,53.5610076413572,0,0.4902947617138787,552.5577387735807,537.19994,0,1,0,0,8,8,2,1,2242,0,2,4,,-0.02882446359981839,-0.11115681684869434,2,4.294653892924233,0.908154210223154,,,,,,1.1427911930946173,32.56242219573953,55.95238095238095,115.66430178961002,3,15.098661171799122,12.006494143855996,23.10355468518193,21.30480099149008,,,,302501
2025-09-05,549.1,549.98,542.985,549.03,545.2959786661785,542.7215385281385,543.770971927102,535.9476956795005,499.6278777815997,554.7658104875876,0,0,0,0,546.9529277882774,511.2356163781075,96.3487210328301,72.71051538292821,1,3,545.87,544.7907003004976,546.9492996995024,540.4735015024879,552.3543465520819,552.255847653022,,,557.6523461505341,539.95416,0,7.5,0,9.887783371446544,0.19943891685723272,-0.005155844860621372,6,4.370190045403271,52.76071444371761,0,1.2015840558598003,552.3543465520819,539.95416,0,1,0,0,8,8,2,1,192,0,3,5,,0.03786069121526536,-0.0017792860352506114,3,4.623746235781189,1.3639073301972386,,,,,,0.9988403133383073,31.71364336973395,54.76190476190476,109.4860903790523,3,15.138782394740408,11.232453567367815,21.76663153047542,21.263214146717054,,,,266616
2025-09-08,547.13,548.89,544.435,546.3,545.6306524441189,543.8340450216449,544.0118317435685,536.3536683979514,500.0922770076534,555.3891237656886,0,0,0,0,546.9395869589896,511.44767901637437,93.86092500017267,84.13974092111249,4,0,545.87,544.826766350462,546.913233649538,540.6538317523101,552.3940470795944,546.9395869589896,,,552.1557552066795,537.19994,0,7.5,6.5,9.239839349016655,0.19619919674508327,-0.22325595348976734,6,4.329505417061959,38.44744186376549,0,1.2507355533410482,552.3940470795944,537.19994,0,1,1,0,5,8,2,1,192,0,4,6,,-0.4865323862739632,-0.21858851305272195,4,3.246759427667711,3.91495371598118,,,,,,0.8490938569788465,30.586317673009596,52.77777777777778,103.93806036643174,3,14.997846707991988,10.513701603485929,20.910624893881458,20.427005181658565,,,,227495
2025-09-09,545.25,546.27,539.1,544.76,545.3404349627459,544.6815792207792,544.0830858632286,536.6833284607768,500.5367319628011,555.9853861007587,0,0,0,0,546.9128747876194,511.56957335410596,96.45178730507843,75.73859511714907,1,0,536.1926722672036,535.1596695926327,537.2256749417746,531.0276588943487,552.512858806249,546.9128747876194,,,552.0778881604743,534.98214119375,0,6.5,0,8.835169371842513,0.19417584685921258,-0.33801105757607275,6,4.2749943524045095,67.66600038415892,0,3.159756879782208,552.512858806249,534.98214119375,1,1,0,0,8,15,2,1,192,0,5,0,,-0.09830547907119737,-0.3348705825908373,5,6.185515176371101,0.964649803463786,,,,,,0.5292121481899744,29.57283662044661,52.38095238095238,99.6948273617287,3,14.809014840869239,10.447376809388796,19.609317074884668,23.767004509109338,,,,138148
2025-09-10,543.1,550.77,542.5,544.97,545.2169566418306,545.2716731601731,544.1675538762544,537.0082959721188,500.978854032823,556.5545109264076,0,0,0,0,546.8754181419167,511.76446477417767,94.68130002832581,85.42030129166329,1,1,544.97,541.3051439450413,543.3712560549587,534.2355515603299,551.2527263673302,551.7713363199595,,,556.9366165947532,535.5092736326689,1,6,8,8.781038483571372,0.19390519241785686,-0.32548365685871655,6,3.8075419757086566,25.394944129202482,0,0.5852863705704495,551.2527263673302,535.5092736326689,0,1,0,0,8,15,2,1,192,0,6,1,,-0.25751366791975894,-0.3236793171507683,6,3.430759106506433,3.954832858846032,,,,,,0.8486818256067601,28.225167636783688,50.79365079365079,113.99380803919325,3,13.189712307757153,9.70579056535029,22.097003163521276,22.068220955112455,,,,221589
2025-09-11,546.23,568.08,546.23,566.11,552.1813044278871,547.9502246753248,546.2573106499444,538.1495392673298,501.626925136974,557.2272071682858,0,0,0,0,547.579976749326,512.3827549808625,98.93566884285521,56.004496082685094,2,0,566.11,543.4290000000001,545.87,540.7118550000001,,570.56,569.3943943775382,571.7256056224617,576.3880281123085,544.56108,1,4,0,12.854787419040209,0.21427393709520104,1.0609856507434088,6,5.4040642700345,65.28700425523762,0,0,,544.56108,0,1,0,0,8,8,2,1,128,0,7,2,,0.8879873236645779,1.0504787102133895,7,5.6028309984475175,0.7617927062711298,,,,,,1.6581776679637938,26.994348696343284,49.6031746031746,44.19882617655217,3,18.720227766134737,10.92517318982044,31.444828091354353,18.161632945313674,,,,437024
2025-09-12,565.31,565.5075,553.95,556.29,553.5508696185914,550.8971000000001,547.2128048737593,538.8609298842973,502.17083632964096,557.9285821153326,0,0,0,0,547.7832133678806,512.7061668585027,97.42999190807416,72.64785261476243,1,0,548.4682222222223,545.87,549.03,541.1063219737136,558.3111957934879,558.3111957934879,,,564.2657933263458,544.56108,0,0,6.5,10.777042343979023,0.2038852117198951,0.27041322651236777,6,5.4883744724190455,56.390115673979594,0,1.337015341013292,553.675,544.56108,1,1,0,0,8,8,2,1,128,0,8,3,,0.3888466589516058,0.26904423972903,8,5.0745769077616325,1.4353473711837066,,,,,,1.070795309914965,25.67264825238104,49.20634920634921,35.03187923682079,3,19.012286874387634,12.057457055399864,28.578127287292816,16.50590858847688,,,,285041
2025-09-15,555.02,558.93,554.835,556.66,554.5872464123943,553.785990909091,548.112537742925,539.5589326339327,502.71301706267934,558.6544320961175,0,0,0,0,547.9295288353884,512.9374771214765,94.09112677008194,40.800586878914345,1,1,556.66,545.87,549.03,541.300334689877,559.8076446525395,559.8076446525395,,,565.5197262901933,544.56108,1,4.5,4,10.731168898814172,0.05365584449407086,0.23059510510618333,0,5.4294322996271,73.20968378203814,0,0.20492924741433027,,544.56108,0,1,0,0,8,10,2,1,128,0,9,4,,0.5915367651398414,0.22902713048626905,9,2.895005831383278,-3.092463718107127,,,,,,0.8310575740212915,24.235409892726498,47.61904761904762,28.85620128689672,3,18.80810519841933,13.10886350200933,27.66349769581974,15.977644707593287,,,,204728
2025-09-16,556.19,560,553.87,554.88,554.6848309415961,556.0156575757576,548.7570579578845,540.159758805151,503.2320915197671,559.3856718026174,0,0,0,0,548.0602610259104,513.19261978101,94.58833732993756,63.10636218226536,1,2,547.135097647059,544.56108,549.03,540.0988907834571,560.5827649331736,560.5827649331736,,,566.1605014538521,544.56108,0,0,4,10.263238245449646,0.05131619122724823,0.05348022657881012,0,5.426571159527972,39.22550687916422,0,1.911209767819537,560.5827649331736,544.56108,1,1,0,0,8,15,2,1,128,0,10,5,,0.5165249655926482,0.05402808829826407,10,3.8001289548094963,2.3563978233163434,,,,,,0.9740325752060828,22.633075104616744,43.25396825396825,20.40026399816105,3,18.798193918380804,14.190918803244118,27.162644560423974,15.193732873989598,,,,238099
2025-09-17,556.7,558.82,546.57,550.87,553.4132206277308,556.8678341991341,548.9582905333241,540.5797682637725,503.7061005593714,560.0913325265958,0,0,0,0,548.112025827877,513.4199499112884,94.49556832976324,68.95160308026038,1,3,547.6469578313254,545.87,549.03,541.2890385846389,560.9792327306828,560.9792327306828,,,566.7054344998843,539.95416,0,7,4,9.36337665719207,0.046816883285960356,-0.250861709232153,6,5.3791189317053005,46.223991725329604,0,2.0969556834660548,560.9792327306828,539.95416,1,1,0,0,8,15,2,1,128,0,11,6,,0.00969318108248806,-0.24797404687690844,11,3.767072178868477,1.4504086208699554,,,,,,0.9754328200117417,22.095698196671353,41.26984126984127,18.5785020162837,2,18.633814579338402,14.010770760349262,24.568504178595724,19.43392803780905,,,,237593
2025-09-18,550.87,564.03,550.87,562.63,556.4854804184872,558.1771995670995,550.260358101579,541.4444832338206,504.2924080164921,560.8366761383846,0,0,0,0,548.3358445626502,513.6710102471519,95.47330332971666,37.89541700052018,2,0,562.63,545.87,549.03,543.73500045723,563.3359487686066,563.3359487686066,562.1550112971835,564.5168862400297,569.2406361257223,548.54916,1,4.5,0,11.568207463793513,0.05784103731896757,0.5037533647410336,0,5.7370763896412535,79.3368149030333,0,0.0373616716427358,563.3359487686066,548.54916,0,1,0,1,8,10,2,1,128,0,12,7,,0.4389127144865798,0.4995563133731043,12,3.9631739083881583,-3.0422018848237666,,,,,,0.8404032483944686,22.019563991654064,40.476190476190474,10.796861803810021,2,19.87381558752494,14.413992412894666,26.063068045024405,17.50030614867485,,,,201931
2025-09-19,566.5,567.23,559.78,565.41,559.4603202789915,560.0597056277054,551.7031811395238,542.3843074207297,504.9005432601091,561.6249498845602,0,0,0,0,548.8515494862456,514.1988234124947,99.4669180802345,9.60615147801201,2,1,548.3185319148937,545.87,548.54916,541.2175893918569,565.9837489044496,567.5542622369759,566.3911595849402,568.7173648890116,573.3697754971547,548.54916,0,5.5,0,11.98443090379451,0.05992215451897255,0.5957504412177511,0,5.744420670527736,88.21759656466729,0,2.487728485654775,565.9837489044496,548.54916,1,1,0,0,8,10,3,1,128,0,13,8,,0.4689711335431297,0.5931634224206597,13,6.531873704374374,-2.5490300607166256,,,,,,1.6328590784551926,21.92168389773943,39.682539682539684,10.163329127208595,2,19.899256922805833,15.112279462363645,27.029004644217064,16.499463392176658,,,,407938
2025-09-22,562.85,568.52,562.29,567.92,562.2802135193276,562.532948051948,553.2476400786168,543.3857071297207,505.52760253115275,562.4602353367712,0,0,0,0,549.1975487495533,514.5320624234873,97.42707180991161,16.5689081206478,2,2,567.92,546.0644765957447,549.0000000000001,543.3341542127661,568.08,568.667081572795,568.08,570.56,575.1025955647042,548.54916,1,6,0,12.342035757583053,0.06171017878791527,0.6595603220077311,0,5.569611058298182,79.24969899300949,0,0.006507809468290135,568.08,548.54916,0,1,0,0,8,10,2,1,128,0,14,9,,0.7128028888312539,0.6568110304615018,14,4.382704550280071,-2.583024233208647,,,,,,0.978957512224222,22.809436905239355,43.65079365079365,18.222209768877303,2,19.29369866273983,15.890183389655977,26.719311505975476,15.69130634793442,,,,249600
2025-09-23,568.96,573.29,565.935,567.91,564.1568090128851,565.131029004329,554.6440553092247,544.3474441050257,506.1483229039771,563.3312237540702,0,0,0,0,567.91,514.9175220968845,96.22938280552899,28.452039579623353,2,3,550.2647851063831,549.6236000000001,552.63717,545.1427969756319,568.08,569.1305033358562,568.0103025797641,570.2507040919484,574.7315071163166,552.63717,0,4.5,8,12.20228820312418,0.06101144101562091,0.5527201830783127,0,5.176918644497301,56.506379188237965,0,3.4781835566268797,568.08,552.63717,1,1,0,0,8,10,2,1,136,0,15,0,,0.7833101810057231,0.5522232890531511,15,3.4948419706131792,-0.08202519778346518,,,,,,1.1442200728752046,23.407014222308334,44.84126984126984,30.522100985106192,3,17.933372237839855,17.072089009404895,28.95487590264563,14.771433299976765,,,,292684
2025-09-24,569,571.85,562.84,563.92,564.0778726752567,566.8676320346319,555.527478613108,545.1149953165933,506.7231654621465,564.2037822422417,0,0,0,0,565.9209889379318,515.2667600521183,87.74613827040326,57.06437958251679,1,0,550.7196489361703,550.2014000000001,552.63717,545.7188686202296,568.08,567.5042637167819,566.3836308718393,568.6248965617245,573.1074279414951,552.63717,0,0,7.5,11.287590233947222,0.06088239561418056,0.20433440395744826,0,5.23916126711717,25.511847746244094,0,3.471528434970676,568.08,552.63717,1,1,0,0,8,15,2,1,136,0,16,0,,0.5866123969261893,0.20523721113012885,16,1.7877939037257304,2.3849265654123624,,,,,,1.1244717902257857,23.747743118448128,46.42857142857143,30.84886285268339,3,18.148987007387753,17.627754072093964,26.87630363287068,16.17696394311905,,,,290932
2025-09-25,562.56,568.33,559.315,566,564.7185817835044,567.9298476190476,556.5248616023358,545.9340151080994,507.31298471127934,565.0816683272112,0,0,0,0,565.9483279695204,515.6476386187538,87.1982714817571,30.15203336800396,2,0,551.1280659574469,550.0069872442859,552.2491446706078,545.5226723916419,568.08,568.08,566.9589212868391,569.201078713161,573.685393565805,552.63717,0,2,4,11.568206818542297,0.06672992298160038,0.28007334068749634,0,5.17111470755051,75.0479141953703,0,3.0242183431982883,568.08,552.63717,1,1,0,0,8,10,2,1,136,0,17,1,,-0.2919709586939502,0.2801243125398872,17,2.0538608217182617,-4.0890135351737,,,,,,1.1642168021251074,22.98830206421309,43.65079365079365,28.33115426357248,3,17.913266810488317,17.558351570495603,24.946642093450595,17.822896781434725,,,,308784
2025-09-26,568.09,579.46,568.09,577.11,568.8490545223362,569.7937034632034,558.4853509735419,547.156602750919,508.0074823758437,566.0219343468196,0,0,0,0,569.4678111371971,516.2557051073867,93.3246851471539,23.452428551318604,2,1,577.11,565.41,568.08,558.8005581308039,577.3076126442958,579.46,,,585.2659011682475,556.45023,1,2,0,13.602657445315256,0.08134662055990961,0.9256496547031119,5,5.447371817348669,85.32491495575583,0,0.010792936546483355,,556.45023,0,1,0,0,3,10,3,1,168,0,18,0,,0.6530033870825102,0.9197715945883631,18,6.492670525648842,-1.6976631790879544,,,,,,1.4871653375911995,23.585323849363057,46.03174603174603,24.986815017722535,3,18.87024951073341,18.58018172177245,30.922844572766845,15.978281956068841,,,,410980
2025-09-29,579.13,585.96,577.39,579.35,572.3493696815575,572.4065372294372,560.4724604046331,548.4190889175496,508.717358173099,567.0209642443688,0,0,0,0,571.5316829575495,516.7739911295257,94.52935149283155,39.82338171213891,2,2,579.35,565.41,568.08,560.833893671493,580.21794635355,580.21794635355,,,586.0042295812084,560.46723,1,0,7,13.88445679946057,0.08720006177508065,0.9349949745422211,0,5.336819919669839,51.68598803412239,0,0.0468752089748871,,560.46723,0,1,0,0,8,10,2,1,168,0,19,1,,0.7339252004908845,0.9282698565434806,19,3.707868346823532,0.7720703987037472,,,,,,1.228538558111036,23.937338153396134,46.82539682539682,29.4799977755418,3,18.48728650342763,20.030054110150665,33.82636171967075,14.88727970875587,,,,344065
2025-09-30,579.66,586.28,577.55,586.04,576.9129131210383,576.1060225108225,562.9074641756205,549.8944187639203,509.48673769376467,568.1112340587416,0,0,0,0,573.6028814809034,517.224741955231,91.05622916325908,20.77238490507037,2,3,586.04,566.9274581148635,569.2325418851366,564.0928208242892,,586.28,585.1274581148634,587.4325418851365,592.0427094256828,560.46723,1,2,0,15.025565268442548,0.11166464901057514,1.222565436210794,0,5.372324138813684,80.44075493014391,0,0,,560.46723,0,1,0,1,8,10,2,1,168,0,20,2,,1.1145168035691213,1.2124460504637053,20,2.164706983210402,-4.95290056609493,,,,,,0.9748255490244639,26.681263619014562,49.20634920634921,43.36844105760746,3,18.610276726308026,21.40006368184205,31.786583528337754,13.88045271235225,,,,274355
2025-10-01,581.63,581.63,571.75,575.07,576.2986087473589,578.9287264069266,564.0658009207995,550.8816964594528,510.1393074679561,569.2088004099228,0,0,0,0,573.8170516718002,517.6719756166087,90.96880311820652,25.36151428970671,2,4,565.6838461538462,565.41,568.08,560.6187729980642,585.2961095007306,585.7009934064523,584.5031866559683,586.8988001569363,591.6900271588721,560.46723,0,2,2.5,12.728031653613073,0.09030682493473204,0.3660449126557958,0,5.769888327643421,54.846714196736926,0,3.8720592464683845,568.08,560.46723,1,1,0,0,8,10,2,1,168,0,21,3,,0.8051761501339045,0.3662838192082215,21,2.625648412919454,-0.6928656906601623,,,,,,1.1590123984714398,28.34785489612244,51.19047619047619,41.828062571094186,3,19.98747947495405,21.71955235722729,28.400705559258466,16.725297575878585,,,,328499
2025-10-02,575.07,585.5399,572.635,582.17,578.2557391649059,581.2995805194807,565.7900103569137,552.1086887551605,510.85603077673267,570.3453799388094,0,0,0,0,574.5067261886319,517.977949235128,90.63262465510854,14.176495720538139,2,5,582.17,564.32646,568.08,562.5304568499527,587.7209690236999,587.1344251080751,585.9069536611971,588.3618965549531,593.2717823424649,564.32646,1,2,2.5,13.95969997943212,0.10090961100827173,0.7365661623508339,0,5.8471786603980025,78.46736247027194,0,0.28264247193991343,,564.32646,0,1,0,0,8,10,2,1,168,0,22,4,,0.5752498960513284,0.7354376726587155,22,2.534141218278788,-4.19870872412579,,,,,,0.7273648669275811,28.060282804497227,50,38.53357979667727,3,20.25522104148373,22.360542701217632,28.57878458396085,15.15529966009978,,,,202521
2025-10-03,583.66,590.09,583.35,587.62,581.3771594432706,583.736487878788,567.8690569895887,553.5012891961346,511.6198513660189,571.5378769814671,0,0,0,0,587.62,518.298321460409,92.45221650001447,8.051074143725822,2,6,587.62,575.8994907993276,578.3205092006724,571.0574539966381,590.9341817089421,590.09,,,596.142546003362,564.32646,1,2,6,14.854808395542435,0.10982959753326774,0.96312876416721,0,5.879900910966501,84.8328504841776,0,0.20010098135089693,590.9341817089421,564.32646,0,1,0,0,8,10,3,1,168,0,23,5,,0.6853807213759129,0.9590460856759288,23,3.29437639920251,-4.800614576302273,,,,,,0.7175310612146778,26.68673243769971,48.41269841269841,31.01914802646602,3,20.368574242529007,23.328805887122464,30.26539790845521,14.269972898721482,,,,197296
2025-10-06,592,595.53,588.48,593.62,585.4581062955137,586.6931952380953,570.3215277524849,555.0745719727568,512.4357732429739,572.8015491570666,0,0,0,0,590.3951904196314,518.5953348883625,93.79265723126659,11.166102944762718,2,7,593.62,575.9153307422328,578.3046692577673,574.5052918757245,594.6139529762296,595.53,594.3353307422327,596.7246692577672,601.5033462888362,570.04296,1,2,0,15.842810161993153,0.11921405080996578,1.1973500675545767,0,5.847688109609906,70.63701918295482,0,0.051999380255630695,594.6139529762296,570.04296,0,1,0,0,8,10,2,1,168,0,24,6,,0.8312058698695289,1.189296597219047,24,3.5237591193517055,-1.9495116800251489,,,,,,0.6240376213224248,25.6080263836938,47.22222222222222,26.415778756597692,3,20.256985825321514,24.632758337086972,32.54188498818559,13.426378046489521,,,,169788
2025-10-07,595.93,595.99,588.03,588.57,586.4954041970092,589.4210012987013,572.0594774903435,556.3881181699036,513.1933277380688,574.0872528365402,0,0,0,0,589.7970624777937,518.8849236824384,93.01093990152133,33.49464207316756,2,8,577.11,575.9295928320734,578.2904071679267,571.2079641603665,596.1855566491912,589.7970624777937,,,595.6990983174272,570.04296,0,0,5.5,14.68777324018584,0.11788331064537363,0.7228449130824867,0,5.946426561860497,44.99414686268375,0,3.232029958390703,596.1855566491912,570.04296,1,1,0,0,8,10,2,1,168,0,25,7,,0.6062107440806292,0.7173741245600616,25,2.8585424179887315,0.7519853692092867,,,,,,0.6527601784699021,23.71625351801445,43.65079365079365,15.132888721919802,2,20.59902585723899,25.87690917680708,30.9305054401064,12.617985913476542,,,,178934
2025-10-08,586.5,592.14,583.96,588.01,587.0002694646728,591.541510822511,573.5785748722155,557.6281919671623,513.9377722381874,575.3777991795587,0,0,0,0,589.2782444809816,519.2401988338333,91.92318307543309,27.646651466230452,2,9,588.01,575.9408719154967,578.2791280845033,571.2643595774832,596.9234753887401,589.2782444809816,,,595.1238849034984,570.04296,1,2,4,14.412684134740603,0.1209523095625919,0.57521912983266,0,5.9561413524957905,59.23602526849913,0,0.5322863243112985,596.9234753887401,570.04296,0,1,0,0,8,10,2,1,168,0,26,8,,0.760782091418601,0.5712327865967428,26,2.61827199282855,-1.2632509767075375,,,,,,0.8145898031038122,20.80185028319272,30.952380952380953,0.8199197254704452,2,20.632678879169436,26.31438587330065,28.99826928225553,14.937975479498178,,,,223367
2025-10-09,590.78,591.325,576.15,576.44,583.4801796431152,591.6292939393941,573.8510915510521,558.3659099292344,514.5596849522353,576.5915928376724,0,0,0,0,586.410930494077,519.5299216254255,94.2194334247005,54.645027772683136,1,0,558.0167743044686,556.7956642974298,559.2378843115075,551.9112242692744,568.08,578.3216866817863,577.1005766747475,579.5427966888252,584.4272367169806,564.32646,0,0,5.5,12.025877047384473,0.1134627185702557,-0.2337360003549947,0,5.222648830216335,47.8036330692202,0,1.6482095204402378,568.08,564.32646,1,1,0,0,8,15,2,1,168,0,27,9,,0.1561492773163493,-0.23015913785380393,27,4.428578268268195,1.989829430196265,,,,,,0.8399158375859016,20.530937192429317,30.555555555555557,13.482090220044189,2,18.091786248049708,25.518003041291937,25.78069956947038,18.99105174166492,,,,221250
2025-10-10,577.27,579.52,565.8487,567.44,578.1334530954101,589.1406865800866,573.2405114033329,558.7217565986762,515.0858572412678,577.6702407718226,0,0,0,0,582.7232668218854,519.7906633294689,84.07887368790165,75.7457840946046,4,0,557.5354043513004,556.27945130905,558.7913573935507,551.2556391400486,595.99,580.4575415088444,579.52,582.7232668218854,587.7470789908868,556.45023,0,0,9,10.164158464597364,0.05082079232298682,-0.8054175819386425,4,5.160032961992843,15.628115967127613,0,6.1235721965844805,595.99,556.45023,1,1,0,0,8,8,2,1,168,0,28,0,,-0.7176067490594762,-0.7943307107791057,0,1.8303531759753344,4.386170050040746,,,,,,0.9154001285239733,19.960680266626476,28.571428571428573,11.66890027669588,2,17.874878517803456,23.873835743556775,23.275091803271383,24.46852019166562,,,,239028
2025-10-13,571.49,573.8,567.67,567.82,574.6956353969401,585.2063805194807,572.7242722220631,559.0785504575516,515.6105750796631,578.6160700640206,0,0,0,0,580.614382778754,520.0112916795943,65.82262118334476,86.30375998251455,4,1,557.8945999240218,556.6715720990751,559.1176277489685,551.779460799288,595.99,573.8,572.5769721750532,575.0230278249467,579.9151391247337,556.45023,0,0,7.5,10.12574750086738,0.0506287375043369,-0.7398091496424436,4,5.160029950667212,10.32701947764798,0,2.837183201576827,595.99,556.45023,1,1,0,0,8,8,2,1,168,0,29,0,,-0.7897581395392259,-0.7275460423823524,0,0.31010368880293626,4.3928196482289765,,,,,,0.776518257090359,19.304176704155317,27.38095238095238,7.99619113826121,2,17.874868086265476,22.34710896708841,22.19441915939931,23.33243614823134,,,,202684
2025-10-14,562.37,577.555,562.37,571.93,573.7737569312934,581.1274567099568,572.6486272485332,559.5825288709809,516.1709673674277,579.4559410241515,0,0,0,0,579.5487641836826,520.2459614806735,76.13188725793104,92.06897539808213,4,2,571.75,,,565.3937547413186,595.7291040921178,579.5487641836826,578.2775151319463,580.8200132354189,585.905009442364,560.46723,0,5,2.5,10.802434882565008,0.20401217441282504,-0.44940606432044017,4,5.175938797568477,18.611763787055462,0,3.0020135169612874,595.7291040921178,560.46723,1,1,0,0,8,8,2,1,168,0,30,1,,-0.8870582606143648,-0.4381674134452377,0,2.909899532338722,4.900640087350672,,,,,,0.7731263728715185,18.552737606930865,25.396825396825395,3.473287363811016,2,17.929977948511127,21.513394027176155,19.82735562287218,24.566437329203826,,,,200339
2025-10-15,575.85,577.365,561.52,565.02,570.8558379541956,576.843793939394,571.9220913201015,559.7957630329032,516.6570273936225,580.1532620121368,0,0,0,0,577.496901197463,520.515558736583,61.87859303129762,95.66889259913876,4,3,557.8903974347512,556.5684786724247,559.2123161970777,551.2808036231186,594.1049449096827,577.4036052285257,576.0816864661992,578.7255239908523,584.0131990401584,555.8950550903166,0,0,3.5,9.360749983476275,0.19680374991738137,-0.8676914653177016,4,5.285128319327527,5.950782272287093,0,3.254140988263888,594.1049449096827,555.8950550903166,1,1,0,0,8,8,2,0,168,0,,0,,-0.7178473314630263,-0.8537269391106282,0,0.31325391255443513,6.367884110444321,,,,,,1.0300231611353272,17.694312296229427,23.80952380952381,-3.3531888904713267,1,18.308221547192773,20.83031220322729,17.705410000573217,22.511421273374978,,,,268500
2025-10-16,567.93,571.645,559,561.49,567.7338919694638,572.3419606060606,570.9285588134252,559.8622036982796,517.1031266235367,580.697392936578,0,0,0,0,575.103975959992,520.8203371746146,57.799021748386764,95.64869552367018,4,4,557.9363992856338,556.5960015063306,559.276797064937,551.2344103891178,594.2014154073397,572.797991986664,571.645,575.103975959992,580.4655670772048,555.6845845926596,0,0,5,8.583756525761254,0.21290228886410253,-1.0349872560322744,4,4.898517199566279,7.030166874993597,0,2.2319191128778813,594.2014154073397,555.6845845926596,1,1,0,0,8,8,2,0,168,0,,0,,-1.1598680498823701,-1.0214278020293335,0,0.6387378208195349,6.215831442815109,,,,,,1.2502387426190884,16.702018255910012,20.238095238095237,-1.5731256704224075,1,16.968961342797616,20.47017826800697,16.214082249413092,22.293889086114728,,,,334171
2025-10-17,561.08,566.065,559,562.26,565.9092613129759,567.9725225108225,570.1029817835752,559.9562349257981,517.5524487466856,581.1089717796783,0,0,0,0,573.6345298175178,521.0850061860328,63.155464584348906,95.06593249521413,4,5,557.894400270759,,,551.355723081137,594.4013970990894,567.44,566.1322645620756,568.7477354379245,573.9786771896221,555.1696029009098,0,4,0,8.638264848631087,0.23548493705053491,-0.9185741430203506,4,4.8729739015449995,20.7513678948269,0,1.8765870746097393,594.4013970990894,555.1696029009098,1,1,0,0,8,8,2,0,168,0,,1,,-1.3383489024590358,-0.9076431914112888,0,1.4765308001219344,3.210002134493703,,,,,,1.1050486964936956,15.995780451609908,18.650793650793652,-5.240943864822653,1,16.880476762866156,20.135768185302386,15.431974439701994,21.218513712111395,,,,288780
2025-10-20,566.25,574.705,562.19,571.83,567.8828408753172,565.0503999999999,570.267459708949,560.4218727718452,518.0925238835346,581.4552300304164,0,0,0,0,573.4886736817112,521.3328984045743,71.31323460583805,90.85469720293494,4,6,566.64435,,,560.0140158239224,594.3962135193633,573.4886736817112,572.1626068464957,574.8147405169268,580.1190078577889,560.46723,0,7,0,10.37217748553065,0.2231084600206401,-0.2692053932373426,4,5.14999181992714,41.4821788917095,0,1.9639196661750196,594.3962135193633,560.46723,1,1,0,0,8,8,2,0,168,0,,0,,-1.169980580743895,-0.26522878520301413,1,2.2447385843070515,2.3130607331083746,,,,,,0.853873825284415,17.5812522007186,23.41269841269841,-1.4509047228041108,1,17.84009498135583,18.791543877350744,19.949017017847407,19.430534861160194,,,,221961
2025-10-21,571.83,580.14,571.7,573.75,569.8385605835448,563.8407129870129,570.5991302128587,560.9445444278513,518.6463296160367,581.7554164415963,0,0,0,0,573.5174598692563,521.7221506813262,79.72791795857779,93.80474249247462,4,7,559.0672368921486,557.7605319737341,560.373941810563,552.5337123000764,594.4279660402149,595.2987745373593,593.9920696189449,596.6054794557738,601.8322991294315,560.46723,0,0,6,10.624517563781378,0.20312258781890688,-0.15975834913778572,4,5.158503081479648,38.22272611019093,0,5.331202790546542,594.4279660402149,560.46723,1,1,0,0,8,8,2,0,168,0,,1,,-0.8795655576084055,-0.15679353379651859,2,3.114671916958141,4.346665427109424,,,,,,1.2959539656900438,18.989332477957245,26.19047619047619,6.266256360703629,2,17.869578856246733,18.18457953111028,22.51224120025826,18.309983793594107,,,,339940
2025-10-22,559.775,560.76,531,543.73,561.1357070556966,560.8231536796536,568.0401654306817,560.26946425421,518.8959183760761,581.8362078087899,0,0,1,0,567.422161974853,522.0973458246452,85.97561359373734,27.440094929305545,4,8,541.5944000000001,539.9993347186153,543.1894652813849,533.619073593076,562.4,560.1077321494483,558.5126668680635,561.7027974308331,568.0830585563724,551.110737508198,0,11.5,3.5,4.7859466117297735,0.3099573509284166,-2.0407636329870913,4,7.467946006660433,32.33491674618331,0,2.6087458918216537,562.4,551.110737508198,1,1,0,0,8,16,1,0,40,0,,2,,-2.088220942958142,-2.0093276531765834,0,2.8576879903011108,2.776131411478366,,,,,,2.761944336844727,20.147972640624026,29.761904761904763,-22.117558045312045,0,25.869723823433947,19.484275069241814,17.125099892902522,36.71075436744074,,,,793947
2025-10-23,544.12,545.68,535.32,536.69,552.9871380371311,556.021058008658,565.0544353896644,559.3447793814959,519.0729739146226,581.6841217696983,0,0,0,0,564.9129434763972,522.2046418295367,43.5232294143205,19.143156802629324,4,9,534.85,533.2763679529999,536.4236320470002,526.9818397649991,554.47276,542.0189,,,549.887060235001,521.45,0,0,3,3.3939401530612376,0.2809162698316432,-2.3014349400680434,4,7.52493671845125,4.7782132951041305,0,2.493945142691631,554.47276,521.45,1,1,0,0,10,11,1,0,40,0,,3,,-1.911572552530696,-2.2683137265437323,0,-3.7313305495483315,3.2535076912693626,,,,,,1.192519812499233,20.823669510208237,30.952380952380953,-20.115267097495543,0,26.067145440196366,20.691135211792528,16.118465754310098,34.55285170813641,,,,344958
2025-10-24,542.68,542.68,531.175,532.09,546.0214253580874,549.7693285714286,561.9149653525535,558.2759645037902,519.2024965622383,581.302027930754,0,0,0,0,562.66859622314,522.2695512507394,22.700697557399945,17.12872437284013,4,10,515.2134999999995,512.0855940555706,518.3414059444284,505.8297821667128,554.47276,542.3525,540.7885470277855,543.9164529722144,550.1722648610722,518.60783,0,0,3,2.48217285608081,0.25395989159680693,-2.3789688990557583,4,7.173297743402586,2.9539063484063135,0,4.183763908664939,554.47276,537.3265586422775,1,1,0,0,10,11,1,0,40,0,,4,,-1.732392218531223,-2.350358560231217,0,-4.834552405807293,3.811218790273444,,,,,,1.0910203348522653,22.10199848531027,36.507936507936506,-11.05489252234971,1,24.849032298784905,22.02811612153151,15.059776240588647,34.64972985577726,,,,310094
2025-10-27,534.93,535.19,526.6001,528.46,540.1676169053916,542.7535329004329,558.7287781761198,557.1067109938376,519.2946110243055,580.701240177196,0,0,0,0,560.5024456519383,522.3094792612338,12.273424881865878,17.152474023918423,4,11,515.5459999999996,514.0170624186576,517.0749375813416,507.9013120932896,554.47276,542.656,541.1270624186579,544.184937581342,550.30068790671,530.366555013834,0,0,1.5,1.7649690139506513,0.26886455702972883,-2.3867048072158727,4,7.128546698571218,2.6878604188358324,0,1.6075796862000071,554.47276,530.366555013834,1,1,0,0,10,11,1,0,40,0,,5,,-1.8803176956798047,-2.358504450574794,0,-4.857910051334359,4.237370673919026,,,,,,1.0858170155013502,24.197049450941773,45.23809523809524,-2.012474598111444,1,24.69401013210546,23.501371257961384,14.304338202696066,35.58322286859222,,,,306580
2025-10-28,529.67,529.94,524.21,525.45,535.2617446035944,535.8958995670997,555.5593707307751,555.8652713470204,519.3558586758049,579.8926662573396,0,0,0,0,558.6110932829988,522.327619025935,8.541438898316754,17.49708637449769,4,12,523.2770110389807,521.8061225705917,524.7478995073698,515.9225686970357,551.62996,542.9103,541.439411531611,544.381188468389,550.2647423419451,524.0239384234312,0,0,1.5,1.173403789019202,0.2981738374165879,-2.3588554926403593,4,6.925293055297983,6.730390715318819,0,2.5680208911086297,551.62996,524.0239384234312,1,1,0,0,10,6,1,0,40,0,,6,,-2.138454547771935,-2.3246363353295685,0,-3.5403964040382516,2.6204688134196443,,,,,,0.9777084609420087,26.317615052980127,47.61904761904762,9.702809786821613,2,23.989918858160014,24.989201956971446,13.806802070241442,35.796396583212,,,,276143
2025-10-29,523.5,525.715,513.78,515.33,528.6178297357296,528.6532541125541,551.7280020897489,554.2756528628236,519.3158003805233,578.8412929130433,0,0,0,0,555.6936018326894,522.2738913007631,4.777507967585522,9.711474764516923,4,13,508.3962147349774,,,501.30284997455556,545.18422,516.1639499999997,514.6915624936385,517.6363375063609,523.5258875318057,502.08796000000007,0,0,3.5,-0.7675099385774025,0.15799956084667455,-2.772191796660887,4,6.936736108773878,2.1220915791288206,0,1.911995305473139,510.56423345049024,516.0117400711869,1,1,0,1,10,6,1,0,40,0,,7,,-2.2639964867733964,-2.713536869666691,0,-5.668662672283238,4.4572896858188225,,,,,,1.3001771117118326,31.35214560837926,54.36507936507937,30.47324723636945,3,24.02955875818797,26.851280258214956,12.807549265355737,39.53043158782086,,,,369913
2025-10-30,515.77,527.45,515.77,517.75,524.9952198238198,521.9709225108224,548.4920018907252,552.8432743191835,519.3002202772345,577.5935579346567,0,0,0,0,552.8522424447991,522.2325623447514,23.635908517834324,15.543009244886846,4,14,516.4230499999996,514.9476187440928,517.8984812559065,509.0458937204654,545.18422,543.5896612244898,542.1142299685829,545.0650924803966,550.966817504024,510.56423345049024,0,0,1.5,-0.29852101283664517,0.1251828738817195,-2.3565337592516253,4,6.772292104585507,29.88613558876835,0,3.898679777164245,545.18422,510.56423345049024,1,1,1,0,10,16,1,0,40,0,,8,,-2.001462991053756,-2.311388025350399,0,0.036648329398905055,0.693139311193369,,,,,,1.4976751023369679,35.591856143276345,61.904761904761905,51.71353662791189,3,23.459908017679314,28.351718280030582,12.918125306566065,36.63110476311953,,,,444201
2025-10-31,517.02,530.07,516.01,526.82,525.6034798825465,517.2026398268399,546.4280017106561,551.8227537576469,519.375043956068,576.2367569217661,0,0,0,0,551.2154043552168,522.2698085499038,32.46835250712053,40.82725082344955,4,15,516.7122499999996,513.7210919533154,516.7122499999996,507.73877585994717,545.18422,532.09,530.594420976658,533.5855790233421,539.5678951167104,513.1201088,0,6,0,1.433445085698379,0.08675324270867428,-1.5825585831912503,4,7.005428864534823,29.181832613990174,0,2.5367955693319795,545.18422,513.1201088,1,1,0,0,10,8,1,0,40,0,,9,,-1.636688138241459,-1.5606922486908268,0,-0.02872582986668437,0.7438273743380711,,,,,,1.2980042344303804,38.857830701313425,67.85714285714286,60.12280939075614,3,24.267517444367723,29.39316782088635,13.397939221774642,33.55636793561503,,,,398006
2025-11-03,521.56,525.71,516.06,518.32,523.175653255031,513.3398692640693,543.7510491667841,550.5089202769549,519.3645460062564,574.7443165300754,0,0,0,0,549.4213482749999,522.2406055369902,33.9396081548648,20.51575901103816,4,16,516.9434499999996,513.9738032423644,516.9434499999996,508.03450972709385,545.18422,532.09,530.6051766211824,533.5748233788177,539.5141168940881,513.78,0,0,0,-0.20112000603210206,0.16427328741143948,-1.9649141907991987,4,6.882838806930586,34.009802303573025,0,3.1699359446697866,545.18422,513.78,1,1,0,0,10,16,1,0,40,0,,10,,-2.314186299291516,-1.9350686936393333,0,-0.36137008825125827,-0.29501023961528783,,,,,,1.154039314594188,41.79758515084802,71.03174603174604,75.30446168533805,3,23.842853027821054,30.36022810882386,12.53106227242728,31.38519508688863,,,,365134
2025-11-04,514.23,517.98,510.16,511.2,519.1837688366872,509.9237714285715,540.650949246138,548.9673939915841,519.2833067425125,573.101101632839,0,0,0,0,547.719973803033,522.171314200636,26.851582562969263,15.415540177407731,4,17,509.1801362576737,507.7285145487716,510.63175796657583,501.92202771316323,545.18422,517.1299999999997,,,524.38810854451,499.89499793811234,0,0,3.5,-1.5566274974675178,0.20276818671522068,-2.2207764317716356,4,6.917227240400727,20.032050996902335,0,4.960532557694682,511.20171449164746,513.78,1,1,0,0,10,7,1,0,40,0,,11,,-2.6221454937217654,-2.1831441876147757,0,-1.428184171656615,0.9662545688246673,,,,,,0.9655125446919159,45.13497089928274,75,88.36078888928618,3,23.96197805574703,31.58446496971587,11.9021261050118,33.43891299598984,,,,311904
2025-11-05,509.7,516.49,508.27,512.69,517.0191792244582,507.44834025974035,537.9880016988868,547.5447510899534,519.2177017002984,571.3475335674898,0,0,0,0,546.0808121833971,522.1061423663615,33.254176396731694,23.328639065786327,4,18,509.01118742110634,507.589860119983,510.4325147222297,501.9045509154895,530.07,517.2914000000001,,,524.3980365056169,497.4413054457424,0,3,3.5,-1.2572186346732641,0.053376377912791845,-1.9237831126770433,4,6.963561741364206,29.565381066234576,0,2.9632601248494312,511.20171449164746,511.20171449164746,1,1,0,0,10,8,1,0,40,0,,12,,-1.4270110233023348,-1.8947657950604035,0,-0.11971610019617529,0.6368417656643053,,,,,,1.045265641409623,47.30559329398776,77.38095238095238,96.1058007156279,3,24.122485475371217,32.82201672082259,11.287537867502401,32.89950355530639,,,,343971
2025-11-06,512.69,513,503.995,506.68,513.5727861496388,505.13454502164495,535.0062872513738,545.9422118315239,519.0929484495492,569.4813088315118,0,0,0,0,544.253698951422,521.9967323516768,32.58504607928277,20.070894050502567,4,19,492,490.599794291814,493.400205708186,484.9989714590701,511.20171449164746,508.89514507325634,507.49493936507037,510.2953507814423,515.8961736141863,493.65030221287583,0,0,3.5,-2.3912766464319706,0.04854116693020946,-2.114096401798668,4,6.850783934543771,20.286993921578773,0,2.742699073341736,511.20171449164746,493.65030221287583,1,1,0,0,10,11,1,0,40,0,,13,,-1.3883293354416757,-2.082617463604494,0,-0.5701848828554963,1.8084864667833505,,,,,,1.0642169823075098,49.60010790290067,80.55555555555556,109.00261870163075,3,23.731811692612855,34.195346665068456,10.639391530461282,33.7363701984743,,,,357455
2025-11-07,507.14,514.595,504.85,513.17,513.4385240997592,503.9970718614719,532.9266408464811,544.657027053817,519.034013639106,567.5790044185859,0,0,0,0,542.9240665072192,521.9368130871238,36.647468364492184,44.85668146324153,4,20,509.3238355017987,,,502.38783578522094,530.07,517.2569,515.8697000566845,518.6440999433155,524.1928997165777,491.12677863532474,0,4.5,0,-1.1297937100483317,0,-1.5261422981982702,4,7.033054037564352,24.98724507309236,0,3.7673186897948767,511.2789021586417,511.2789021586417,1,1,0,0,10,8,1,0,40,0,,14,,-0.9223484610340178,-1.5075425619513787,0,-0.06129523415384375,1.49811924190994,,,,,,1.0096983107648128,49.2357376767469,80.15873015873017,102.09048764300444,3,24.363213850877777,35.20897131027098,10.998665683795373,31.620333906083392,,,,344466
2025-11-10,516.67,521.31,512.92,520.15,515.6756827331728,504.5930917748918,531.709817908721,543.6959671693536,519.0451179810054,565.7011177932094,0,0,0,0,542.0198401230181,521.9251654452507,34.410183096625865,72.06032044074757,4,21,517.2856,,,510.4704752631778,530.07,526.82,525.4569750526356,528.1830249473645,533.6351247368223,511.2789021586417,0,3.5,0,0.21286820369149062,0.0010643410184574531,-0.9732744034879921,4,7.25564872964657,26.090556787466735,0,2.28038347667939,530.07,511.2789021586417,1,1,0,0,10,8,1,0,40,0,,15,,-0.46989637718591454,-0.9596368054253157,0,-0.5544499150819839,0.8549759631414005,,,,,,0.9576592099448141,48.29107462695674,78.17460317460318,92.13213024914378,3,25.134304483240875,35.10662568671216,14.792886634573007,29.882506727323662,,,,332950
2025-11-11,519.22,519.245,512.56,514.91,515.4204551554485,505.76341515151506,530.1098352507476,542.5671057117319,519.0039725284581,563.8263600867512,0,0,0,0,540.8585578680637,521.8739966243662,41.46138473247234,60.9854325060984,4,22,513.78,,,507.11283060152215,530.07,517.3171500000001,515.9837161203045,518.6505838796957,523.9843193984779,503.995,0,1.5,3.5,-0.7888133319121505,0,-1.2108628429936563,4,7.170819021411837,29.732432431635907,0,1.9981718183194446,530.07,511.2789021586417,1,1,0,0,10,8,1,0,40,0,,16,,-0.5625082969638147,-1.1971999160712496,0,0.3606478596343514,1.2308329465602568,,,,,,1.0529484745728472,47.039561266163524,75.7936507936508,89.36681624851764,3,24.840445753933274,35.03832801991813,14.041081656878044,28.60486941700714,,,,375290
2025-11-12,514.76,523.855,514.76,519.43,516.7569701036323,507.7750316017315,529.0927080840097,541.6597682328404,519.008211607777,561.993024396362,0,0,0,0,539.6234239206722,521.8488046877151,55.05995354043703,71.41155247093988,4,23,513.78,,,507.18303020141343,530.07,526.82,525.5006060402827,528.1393939597174,533.4169697985866,511.2789021586417,0,5,0,0.08126815391155033,0.00040634076955775166,-0.8338522147601942,4,7.26266473527391,40.213618963150985,0,2.3557933893661547,530.07,511.2789021586417,1,1,0,0,8,8,1,0,40,0,,17,,0.07523702371324141,-0.8199966089614512,0,1.4856038421763218,0.9292436464474898,,,,,,1.449135211037172,45.4469409690473,73.41269841269842,80.64171043780736,3,25.15860863966636,34.28198787948974,16.296556874143892,26.844312139989924,,,,535871
2025-11-13,518.95,521.48,503.785,505.41,512.9746467357548,508.4965229437228,526.8372120760088,540.2382086942977,518.8729060196399,560.1211102769661,0,0,0,0,537.8898574970558,521.6933832734219,36.47093390198307,39.24477437278533,4,24,503.995,,,497.0792869727411,511.2789021586417,509.3205039274601,507.9373613220083,510.7036465329119,516.236216954719,488.0516677077699,0,0,3.5,-2.5946442497674567,0,-1.6233130852435826,4,7.622204905870729,17.554682698609298,0,3.0754364930784646,511.2789021586417,503.995,0,1,0,0,10,8,1,0,40,0,,18,,-0.6393670559748226,-1.6046521496694612,0,-1.5924912741087631,1.4815511176563998,,,,,,1.3131115061127787,43.48181037060521,70.23809523809524,64.67829999548785,3,26.404092325337704,34.4236908224046,14.43506372730987,30.86265810387676,,,,496210
2025-11-14,501.33,505.54,496,501.23,509.05976449050326,507.7350445887446,524.3984299735317,538.7084750200115,518.6973547159619,558.1967428658247,0,0,0,0,536.1931379935297,521.5097468398336,31.539356169959767,37.86466064177318,4,25,492,490.63047472350905,493.36952527649095,485.15237361754527,510.8848275641852,509.23480000000035,507.8652747235094,510.6043252764913,516.0824263824551,486.71502761931214,0,3,2,-3.3675426637806845,0.023915465090117743,-1.7348581221612605,4,7.595022259852557,14.87643629599134,0,3.288697589925362,510.8848275641852,503.995,1,1,0,0,10,8,1,0,40,0,,19,,-1.191323720720942,-1.7114998858866395,0,-0.9128191482888921,2.8144792245403747,,,,,,1.2273607633438155,40.63462926344085,65.87301587301587,54.44598673318215,3,26.309928877362438,35.041132342116875,13.53726495872995,34.018536862420305,,,,475249
2025-11-17,501.83,502.68,496.6,499.55,505.8898429936688,506.07377056277056,522.0319128331954,537.1728485486385,518.5068337735145,556.2182150467866,0,0,0,0,534.2059519047914,521.2682850769431,21.342067971139514,44.422145113037395,4,26,492,490.6740122432584,493.3259877567416,485.3700612162921,510.745,517.2047500000001,515.8787622432585,518.5307377567417,523.8346887837081,488.2986014708161,0,3.5,3.5,-3.65604318761879,0,-1.6796641454124206,4,7.221888645062132,5.645205265381776,0,4.359941995273961,510.745,510.8848275641852,1,1,0,0,10,8,1,0,40,0,,20,,-0.9039380969466889,-1.6565722010173434,0,-2.328049466294278,4.845181144097957,,,,,,1.4518248197680332,33.54477339559875,52.38095238095238,34.086005072204486,3,25.017356119704736,35.61447089613541,12.983051623031075,32.62582372224062,,,,588793
2025-11-18,499.55,505.14,494.55,504.17,505.31656199577924,504.4995857142858,520.3307782776529,535.87861919379,518.3641787110914,554.2232077325253,0,0,0,0,532.6933230017853,521.0863924130571,55.67956068768802,66.47946902211551,4,27,503.995,502.66917208302567,505.32082791697434,497.36586041512834,510.8848275641852,517.1881000000001,515.8622720830258,518.5139279169744,523.8172395848717,494.54820921307225,0,1.5,0,-2.7382638102781574,0,-1.239537323947439,4,7.330767518505529,53.36009363681295,0,3.4152080367404576,510.8848275641852,510.8848275641852,0,1,1,0,8,8,1,0,40,0,,21,,-0.39193691972190736,-1.2270727014395617,0,3.372161117103886,1.2291665004817105,,,,,,1.3796011815157834,22.695638810987436,34.12698412698413,-10.62782209450424,1,25.394523601054388,35.762207787756154,13.713791004835942,30.299060109677026,,,,575770
2025-11-19,502.98,504.31,492.01,493.94,501.5243746638528,502.2141238095238,517.8173708226384,534.2339674607001,518.1211520572497,552.1617922513875,0,0,0,0,531.4497280763021,520.8975985545866,30.042294180402326,39.88789221775123,4,28,492.7690170993955,491.4280697479193,494.1099644508717,486.0642803420147,507.75,517.0854500000002,515.744502648524,518.4263973514763,523.790186757381,493.12517836963457,0,0,4,-4.667084515124715,0,-1.7601917836836198,4,5.635584251375818,3.4140455947337927,0,3.573633462042966,507.75,510.8848275641852,1,1,1,0,10,8,1,0,552,0,,0,,-0.9033291986269385,-1.7402769118572432,0,-3.6631649151696117,5.2630598401277515,,,,,,0.9557406986001648,21.992707160120357,30.158730158730158,12.654649746423855,2,19.52223650743586,36.078208287466936,12.59065360676945,29.508850917949484,,,,379047
2025-11-20,498.17,502.9299,483.82,484.47,495.8395831092352,498.5780077922078,514.6414307442919,532.2824393249864,517.7863147233467,549.9904304457016,0,0,0,0,529.7026038698974,520.5951941391428,15.557750453487637,22.869325067125512,4,29,441.38,,,434.3010524752892,501.22451,492,490.58421049505785,493.41578950494215,499.07894752471077,442.31300064309124,0,0,3,-6.434375296525083,0.007986181413165205,-2.181288717241906,4,5.766494580721955,3.37245033596011,0,7.018981166828024,442.31300064309124,489.00870168325747,1,1,0,0,10,11,1,0,552,0,,1,,-1.0638894513053216,-2.148329376390198,0,-5.591638676521994,3.5070957777013643,,,,,,1.1344662612520824,21.012890956533678,28.174603174603174,5.19214126000353,2,19.97572319076203,36.89466212695133,11.07328889789078,31.117549563731757,,,,456242
2025-11-21,485.94,496.29,483.02,494.87,495.51638873949014,495.24646709956704,512.7584373400737,530.8152848416536,517.5582916912736,547.7875730988194,0,0,0,0,528.0535237438743,520.3129460841993,39.32542784682643,60.76588414161905,4,30,492,490.5668561739823,493.4331438260177,484.8342808699114,507.75,509.18340000000023,507.7502561739825,510.61654382601796,516.3491191300889,487.73969947929425,0,1.5,0,-4.383717168772024,0,-1.3304785110882127,4,6.3207283061406265,37.8195276500821,0,2.9925399155912427,507.75,487.73969947929425,1,1,0,0,10,8,1,0,552,0,,2,,-0.8741840655960238,-1.315919949315987,0,1.154950817243361,1.1216598303037302,,,,,,1.4615562934307769,21.912776113233875,29.365079365079364,0.07823920683885936,2,21.895645134148666,37.700467621731036,10.157828095366904,29.043376557140697,,,,609679
2025-11-24,493.99,498.16,490.2,492.35,494.4609258263268,492.14321818181816,510.814776641019,529.3068422988437,517.3074629182261,545.5479900009831,0,0,0,0,526.4938511166541,520.0200274396025,60.11815167008951,58.24456645162553,4,31,492,490.598152161555,493.401847838445,484.9907608077749,503.973,501.86790697674417,,,508.87714616896926,486.1261654319883,0,1.5,2,-4.824493112362313,0.033466778048575646,-1.366276998653154,4,6.313806412300136,42.22005360598564,0,1.708173978893587,503.973,486.1261654319883,1,1,1,0,8,8,1,0,552,0,,3,,-1.2677342243886052,-1.347574172895674,0,2.365639294689972,1.7604657675482258,,,,,,1.3641430567391921,25.358256477677642,40.476190476190474,15.941123686061465,2,21.871666990516008,38.1204790687094,10.83387258267258,27.570924122685632,,,,588256
2025-11-25,493.5,499.97,489.68,497.77,495.5639505508845,490.36135670995674,509.572416960922,528.0701033851635,517.1130603021243,543.3123396996482,0,0,0,0,525.9192629284782,519.91164938358,66.74435462471153,78.75444613071741,4,32,492,,,485.0320457500767,510.25679511068773,501.23,499.83640915001536,502.6235908499847,508.1979542499233,485.5863302551506,0,5,0,-3.74058630250473,0,-0.9081695142488362,4,6.470900212582667,41.20238320010115,0,2.2450878957796845,510.25679511068773,485.5863302551506,1,1,0,0,8,8,1,0,680,0,,0,,-0.812609986699544,-0.8945982644334962,0,1.7913403608799179,1.3399834051254902,,,,,,0.637516045226869,29.828582607880467,46.82539682539682,33.069122011165376,3,22.415855877802855,38.18933844639225,11.279275467633553,25.7532610303945,,,,274874
2025-11-26,497.8,500.57,495.27,497.68,496.26930036725633,489.75192251082245,508.4398058217866,526.878334624961,516.9196965180236,541.0875529476604,0,0,0,0,525.2502200931856,519.78105530622,52.114316880409305,77.19519527316939,4,33,492,,,485.2931496250712,510.25679511068773,501.23,499.88862992501424,502.5713700749858,507.93685037492884,484.6131680905567,0,0,3.5,-3.7219894400662894,0.0002272771297630316,-0.8324394279793359,4,6.229094343598318,27.241075444341703,0,2.4775909675217203,510.25679511068773,484.6131680905567,1,1,0,0,8,8,1,0,680,0,,1,,-1.0018182170381043,-0.8202403542269152,0,-0.24199524919285054,1.330430281386118,,,,,,0.776660044114119,34.01031006305604,53.17460317460318,57.61409754780769,3,21.57821577650438,38.14344906639789,11.280738790374809,24.84472644694324,,,,333452
2025-11-28,500.55,504.5248,497.69,499.52,497.35286691150424,490.20288658008667,507.59030050542594,525.8054587573155,516.7465652093865,538.8967619272327,0,0,0,0,524.87070058107,519.70612657734,42.58565768937231,86.44832664283133,4,34,494.255,,,486.7733111500529,509.8357443220333,505.14,503.8333277875132,506.44667221248676,511.67336106243386,484.1133879324989,0,0,6.5,-3.333658386757985,0,-0.6446011444391816,4,6.219101545745923,13.345560788377213,0,3.2183453304612057,509.8357443220333,484.1133879324989,1,1,0,0,10,8,1,0,744,0,,0,,-0.3229100719508009,-0.6342014396590637,0,-0.5008109796227882,3.957276854739457,,,,,,0.5044841425420417,37.15153592455997,60.317460317460316,72.44813506482225,3,21.543599709324155,37.38594303783326,13.455467163652298,23.68271527377984,,,,210706
2025-12-01,496.89,500.54,491.28,492.56,495.7552446076695,490.6406220779221,506.158843314433,524.5017152766364,516.5059028689947,536.7056782082564,0,0,0,0,523.9490082098447,519.5077335797228,51.79132741884945,83.99339025889846,4,35,492,,,485.51991472773994,503.973,494.87,493.573982945548,496.166017054452,501.35008527226006,483.990900693542,0,0,3.5,-4.636133437388469,0,-1.0179217767149562,4,5.989862127305497,32.61781139736388,0,1.6788512572557075,503.973,483.990900693542,1,1,0,0,8,8,1,0,736,0,,1,,-0.44624747940975595,-1.0029571385660676,0,1.0362479953635466,1.8383904423766642,,,,,,1.0017310299263873,39.49900785662905,64.28571428571429,90.3613333167529,3,20.749491069651437,37.265841625384674,12.597084321255814,26.587894033885426,,,,419464
2025-12-02,495.44,498.52,492.35,495.72,495.74349640511304,491.2431346320348,505.1646677606775,523.3730205599056,516.2990779648255,534.5468099406268,0,0,0,0,523.3709813313367,519.3810122687893,52.502292217508675,80.71734977151358,4,36,492,490.74146630658026,493.25853369341974,485.7073315329014,507.75,505.71999999999997,505.14,507.75,512.7841347736788,483.6868543577524,0,1.5,2,-3.98588315244435,0,-0.7298454382969896,4,5.90424194082322,32.47764426550266,0,3.1190154701384833,507.75,483.6868543577524,1,1,0,0,8,8,1,0,736,0,,2,,-0.22771529739322283,-0.718159883612452,0,0.6116102188249242,1.4484136909559293,,,,,,0.7391859677017343,41.166745937837945,66.26984126984127,101.27589694908224,3,20.452894043369785,37.154318885253836,12.045677250496391,25.424072915204118,,,,307392
2025-12-03,499.02,505.04,494.4578,503.96,498.482330936742,492.8149653679655,505.0499374977558,522.6117256359878,516.1763010696532,532.473984521841,0,0,0,0,522.9693786547876,519.2967166026388,52.29477873957502,87.21081402722409,4,37,492,490.73687764182455,493.26312235817545,485.68438820912274,509.8357443220333,505.14,503.87687764182454,506.40312235817544,511.45561179087724,483.6973252638724,0,0,0,-2.366691582766933,0,-0.15560391699813025,4,6.05322043305367,36.69366381553834,0,3.3951856836895806,509.8357443220333,483.6973252638724,1,1,0,1,8,19,1,0,704,0,,3,,-0.06262650390748646,-0.1503465805611843,0,0.5513855468190356,3.4203647165216564,,,,,,0.7621772372748367,43.206626639126114,69.84126984126983,106.05029832269737,3,20.968970678926073,35.91332735964458,15.753398543042529,23.522304433499144,,,,317153
2025-12-04,504.61,519.5,504.06,518,504.98822062449466,496.5823471861471,506.28327678368385,522.4308736502628,516.1944473276666,530.5689127627184,0,0,0,0,522.8524129990783,519.2885105961814,71.8428459168961,59.89457991583242,4,38,516.71635,515.4047006674085,518.0279993325915,510.1581033370425,523.855,522.4526417739107,,,529.0108884368682,509.8357443220333,0,1.5,0,0.3497814983637944,0.00638404874342938,0.7178028779891388,4,6.673210231628615,60.435220958621954,0,1.0884997724042191,522.2949292959452,509.8357443220333,1,1,1,0,14,8,1,0,704,0,,4,,1.0370811300128833,0.7135600053746841,1,3.589770389377418,-1.1497578888594568,,,,,,0.8852726171514876,44.755493081436725,71.42857142857143,93.6069379008288,3,23.11667834153847,33.80814305822039,23.93007349066539,21.034048114487636,,,,369505
2025-12-05,518.24,522.96,511.87,522.3,510.7588137496631,502.1426441558441,507.8086789947616,522.4257413502525,516.2551990955504,528.8458810806944,0,0,0,0,522.840866313701,519.3056973401892,76.6120008276642,61.88758535135456,4,39,516.8229,515.5059220483079,518.1398779516921,510.2380102415395,523.855,523.4000498827845,,,529.9849396412451,510.32453866234573,0,1.5,0,1.170893952262304,0.09089996324299482,0.9007433713993923,4,6.584914581929351,51.03494583560613,0,1.0679146132955228,523.855,510.32453866234573,0,1,0,0,8,8,1,0,704,0,,5,,1.6803639478534664,0.8930659181261029,2,2.4066260587114723,0.5802469326673583,,,,,,0.8051011391129892,44.25859325108817,70.63492063492063,94.02461800790041,3,22.810813238805615,32.21017845445814,24.4766134802257,19.45258931431536,,,,335144
2025-12-08,521.5,524.725,508.8605,513.73,511.7492091664421,507.32633636363624,508.3726143285938,522.0847318855367,516.2300727363908,527.2407892043744,0,0,0,0,522.5756382379318,519.2604214110102,71.11237682201372,74.61085148141959,4,40,511.0932000000003,,,504.2704229028584,523.855,523.1965199180456,521.8319644986173,524.561075337474,530.0192970151875,510.32453866234573,0,1.5,3.5,-0.4842942843563046,0,0.2786660125014616,4,6.7095128303636375,30.481202131484235,0,1.886619051513808,523.855,510.32453866234573,1,1,0,0,8,8,1,0,704,0,,6,,0.7838607684540987,0.27581279885606474,3,1.3014457406739686,2.39443899052218,,,,,,1.1363057559691447,44.985586164990174,71.42857142857143,93.5493748851103,3,23.24243423245016,30.347185662802367,21.93582496570073,19.402497101994015,,,,480760
2025-12-09,513.99,520.68,510.11,512.94,512.1461394442947,511.5065705627705,508.8076034401563,521.726114948849,516.1973356942376,525.7369680635618,0,0,0,0,522.3816766045371,519.2244100457838,64.4368815076686,83.39855669436011,4,41,511.0932000000003,,,504.28588912408287,523.6218628865994,522.5351783072559,521.1737161320724,523.8966404824395,529.3424891831735,510.32453866234573,0,1.5,3.5,-0.6310252821930472,0,0.19511204416368072,4,6.559290282929185,23.248809507529355,0,1.79375378434797,523.6218628865994,510.32453866234573,1,1,0,0,8,8,1,0,704,0,,7,,0.8598254727579693,0.19083913731709784,4,0.8573142289410094,3.110570183885062,,,,,,0.8012688532128563,45.57656598882978,73.41269841269842,100.58300141763755,3,22.722048063252366,28.617263784836293,20.41525868125072,18.057538206052687,,,,339262
2025-12-10,512.97,519.7299,510.38,516.2,513.4974262961965,514.7651792207793,509.5116412077605,521.5094045586981,516.1973622047427,524.3392084224826,0,0,0,0,522.2769797392652,519.2097332214387,64.38939166449565,88.5385085264802,4,42,511.0932000000003,,,504.35471936521975,523.8413259913331,522.4976646493795,521.1499685224235,523.8453607763356,529.23614528416,510.32453866234573,0,3.5,2,0.0005110051795038404,0.0000025550258975192023,0.3658869293559367,4,6.5167704716139525,23.509268820359353,0,1.8065090109783246,523.8413259913331,510.32453866234573,1,1,0,0,8,8,1,0,704,0,,0,,0.7479571824501545,0.35902986891472305,5,1.2269797351324998,3.414540655208097,,,,,,0.6927334983857587,45.75510127847115,73.80952380952381,102.68260294720423,3,22.574755116199917,27.010907755296365,19.150662545893802,16.938987940000654,,,,290366
2025-12-11,516.23,526.74,511.28,523.11,516.7016175307976,517.9884203463205,510.80672299749756,521.5721730073766,516.2661446703671,523.0767907648217,0,0,0,0,522.293022743614,519.2315553624778,78.76062497012985,70.14186612449546,5,0,517.2089,517.2089,519.987835664347,511.6510286713059,523.855,524.5646873720038,,,531.5120265328715,510.32453866234573,0,3.5,0,1.325644805549406,0.013299601894256538,0.7393009967803438,0,6.595453210168285,59.996324661631405,0,1.1957995439166909,523.855,510.32453866234573,1,1,0,0,8,8,1,0,704,0,,1,,1.053371022932076,0.7295838582587296,6,3.2261636555132887,0.34311642610134696,,,,,,0.8227335677260446,45.41463159178711,72.22222222222223,98.77443550234027,3,22.84732011790944,26.335417986296495,21.752768467208984,15.256195977902827,,,,336662
2025-12-12,524.08,524.08,514.251,518.22,517.2077450205318,520.6098359307359,511.5127493786883,521.4407152423814,516.2855860169307,521.9027499298425,0,0,0,0,522.2382108018336,519.2275624723296,73.78069526835537,84.45435041251328,4,0,517.2957,,,510.4058047077658,526.245619696063,523.0452452349219,521.6672661764751,524.4232242933688,529.9351405271561,510.6341645971557,0,3.5,3.5,0.3746790604775719,0.0018733953023878595,0.3580425271304972,4,6.021816026108251,33.875488084261505,0,1.8013453196821632,523.855,510.6341645971557,0,1,0,0,8,8,1,0,704,0,,0,,0.7450413859849264,0.3540280646576922,7,1.494428420232862,5.664236785607167,,,,,,0.6016857192277136,44.60092240094084,69.44444444444444,113.80887794184751,3,20.860182622104006,25.7081774865109,20.367406590740185,14.28457931588652,,,,238455
2025-12-15,518.08,520.97,512.3601,514.29,516.2351633470212,522.1431385281385,511.7772494378608,521.1602950367978,516.2657294396478,520.7814648089062,0,0,0,0,522.1206226107068,519.2059098411899,60.30750979897707,91.76939710322995,4,1,511.88640000000026,,,505.10426955006847,523.855,517.2920499999999,517.2920499999999,520.0049021799726,525.430606539918,502.08796000000007,0,0,5.5,-0.38269622153542016,0,0.07397940497515273,4,6.010666020399135,9.063324403612327,0,1.8681556029532498,523.855,510.6341645971557,1,1,0,0,8,8,1,0,704,0,,0,,0.8865373629368665,0.07321969368315415,8,0.27093782131939204,6.065594636133299,,,,,,0.6895938662683113,41.361206462518716,63.492063492063494,98.64607020335775,3,20.821557869318262,24.817744354198684,19.213103965600876,14.719685434063877,,,,266082
2025-12-16,515.4,515.6,505.83,506.54,513.0034422313474,521.7261935064935,511.27846377711217,520.586950133394,516.1689560123876,519.6566504532685,0,0,0,0,521.8485081476015,519.1395238216946,39.562801533169065,94.3876154393183,4,2,491.4342857142857,490.08751505929837,492.781056369273,484.700432439349,510.6341645971557,506.54,517.25995,519.9534913099747,526.3741652398987,482.71565620097806,2,0,3.5,-1.8654659293683928,0,-0.4126973416986371,4,6.219047857575842,8.729817602396878,0,1.201177035224883,510.6341645971557,,1,1,0,0,10,8,1,0,704,0,,1,,0.390007147744532,-0.40928964037803206,0,-1.5091647786564872,4.457473753355813,,,,,,0.8584837020669661,36.92333034312949,55.15873015873016,71.39034142513285,3,21.543413728047465,23.070168535378066,17.96864543537532,18.095476782901756,,,,319698
2025-12-17,504.51,509.8399,501.3425,502.82,509.60896148756495,519.3666528138527,510.47289579833955,519.8902069909079,516.0361305794286,518.5018643769383,0,0,0,0,521.5682039329513,519.0666273350442,29.184978885379536,96.70261652174759,4,3,491.4342857142857,490.1078433203689,492.7607281082025,484.80207374470166,510.6341645971557,502.82,514.745,519.9621347878336,524.043078302669,482.62902143682993,2,0,2,-2.5610862876188367,0,-0.6064251227349444,4,6.201193178432677,5.742032959785149,0,0.9513689897016915,510.6341645971557,,1,1,0,0,10,8,1,0,704,0,,2,,-0.14485905632384474,-0.603585792217972,0,-1.5101195519156132,5.97076324161477,,,,,,0.7659799445246693,30.036917756940497,41.26984126984127,39.82649833349745,3,21.48156330518986,22.02815790579302,16.940877687555535,20.08108812931364,,,,273680
2025-12-18,505.53,507.61,500.02,504.46,507.89264099171,516.0606125541125,509.90023905564055,519.2851008344018,515.9209452005288,517.3220596461437,0,0,0,0,521.3429692079023,519.0077758605935,22.00145233368402,98.11141956082558,4,4,491.4342857142857,490.1348213485058,492.7337500800656,484.9369638853862,510.6341645971557,504.46,517.34645,519.9453787315598,525.1432361946794,483.7361671575935,2,2,6,-2.221453753166414,0.15,-0.45600755239869223,4,5.824460855457217,3.925004517540337,0,1.0019627802605426,510.6341645971557,,1,1,0,0,10,8,1,0,704,0,,3,,-0.6762402351082283,-0.46000669578226183,0,-1.8919378211381397,6.933058530890966,,,,,,0.7066854405988803,16.4673751716516,13.492063492063492,-18.38348884007322,1,20.17652425669597,21.225578902656423,16.057400610971087,19.942532009628255,,,,247859
2025-12-19,502.71,513.23,501.965,510.01,508.59842732780663,513.1574298701298,509.9106924789129,518.9213713899154,515.8621298253992,516.1473005895618,0,0,0,0,521.0719626880356,518.9408159050151,59.82531553812907,97.9403009130946,4,5,508.8605,,,502.3243708017362,523.855,512.6651333333336,510.42,513.1934000000003,518.4223033586113,487.22399840152826,0,3,6,-1.134436797556725,0.15,-0.08232406607125786,4,5.485801997988086,46.609483769250026,0,4.419034841789014,510.60968755412995,510.60968755412995,1,1,0,0,8,8,1,0,704,0,,4,,-0.6185125190249842,-0.09078152165457136,1,5.4088220116303365,4.86032160296097,,,,,,1.3141163212070972,11.721467507800416,8.333333333333334,-38.31902406058441,0,19.00337556155645,19.758092564683587,18.660468842489237,18.4081169674699,,,,461234
2025-12-22,512.75,518.8246,509.16,518.14,511.7789515518711,511.9232891774891,510.6944360523498,518.8907293746246,515.8847952002708,515.0243851867741,0,0,0,0,521.0366003699359,518.937784932972,77.1706572773692,97.56375672055616,5,0,508.8605,,,502.3597818158979,526.74,518.9844563671277,517.6843127303073,520.2846000039481,525.4851745512298,510.60968755412995,0,3.5,0,0.4371527947152833,0.15218576397357642,0.40894064776328476,0,5.316076909838787,28.60302827628546,0,1.288283628950222,510.60968755412995,510.60968755412995,1,1,0,1,8,14,1,0,704,0,,5,,0.09211084988134657,0.39818574868176726,2,3.5459122412170903,4.973284226520685,,,,,,0.7086656710016966,8.553835163102411,5.9523809523809526,-53.55071871815124,0,18.415430609569064,19.10429359156822,21.263986350699955,17.18636262347287,,,,235471
2025-12-23,517.63,521.589,512.9,518.9,514.1526343679141,512.0300354978356,511.47591833307837,518.8910929285609,515.914797238079,513.9579096722107,0,0,0,0,521.0093508145746,518.9376323735029,88.43119125227207,84.48156298045271,5,1,517.81535,516.5304934086668,519.1002065913332,511.39106704333375,526.74,521.0093508145746,,,527.4336337712408,510.60968755412995,0,5,7,0.5786232102475206,0.1528931160512376,0.4014450102108571,0,5.2602147470916805,79.78032652338639,0,1.3892056218880109,526.74,510.60968755412995,1,1,1,0,19,8,1,0,704,0,,6,,0.15831419275265834,0.39340945422583434,3,7.4551286012717295,1.4698136840291818,,,,,,0.7994762126727434,6.667868324076906,4.761904761904762,-63.407429573524176,0,18.221918401371724,18.819570485696815,21.901058718050127,16.148640468868713,,,,252212
2025-12-24,520,522.76,518.44,520.4,516.2350895786094,513.061358008658,512.3258308727852,518.9502657548918,515.9594261212823,512.9583801461541,0,0,0,0,521.0064473154326,518.9398455284394,93.1023627369336,84.32011060779756,5,2,517.97525,516.7435974509048,519.2069025490952,511.8169872545241,526.74,521.0064473154326,,,527.1647100609084,510.60968755412995,0,3.5,8,0.8606440068552804,0.1543032200342764,0.4402360575497378,0,5.187410706433101,55.92996538398964,0,1.4232504136721131,526.74,510.60968755412995,1,1,0,0,8,8,1,0,704,0,,7,,0.08104673776940838,0.43452488831983116,4,4.792984604875496,2.4767742875501666,,,,,,0.30894546906898857,7.6541110690440295,5.9523809523809526,-57.40550212614194,0,17.969717806537783,18.691679343052765,22.064075952457053,15.64291656740946,,,,94680
2025-12-26,520,523.56,515.15,517.35,516.6067263857396,514.1468844155844,512.8043231706152,518.8875102350921,515.9732626772894,512.0033754225094,0,0,0,0,520.9834384813004,518.9366542840883,95.24188038202178,82.58585538728096,5,3,515.3343,514.1155333472688,516.5530666527312,509.2404667363439,526.74,518.1349999999999,,,525.5968166109247,504.73838,0,1.5,8,0.2668233845232526,0.15133411692261625,0.19991827999000533,0,5.24600886214559,56.6157956914293,0,1.8716790411749735,526.74,510.8740135323994,1,1,0,0,8,8,1,0,704,0,,0,,-0.34251459970889453,0.1985803764371306,5,4.571326173113647,2.1705283001477045,,,,,,0.42498210791855057,8.567381948649693,7.142857142857143,-52.855776607664765,0,18.17270777238551,18.039834393201502,20.704688821620344,17.089366192950624,,,,125829
2025-12-29,517.24,518.99,515.688,516.27,516.4944842571598,515.0565398268398,513.1343876305566,518.7848627748924,515.9762152874656,511.0839228636202,0,0,0,0,520.946147828424,518.9298880821608,95.76672916181622,89.80790758113366,5,4,514.8821,513.7209059653211,516.043294034679,509.07612982660515,526.66894,518.31135,,,525.537476138716,510.8740135323994,0,0,9.5,0.05693764631586728,0.15028468823157934,0.10364474980286044,0,5.257487951291558,32.4660848082322,0,2.0301241046693064,526.66894,510.8740135323994,1,1,0,0,8,8,1,0,704,0,,0,,-0.18281112304671354,0.10325383397464387,6,4.092365858067145,4.898592397301273,,,,,,0.5432775106168777,9.648374957705084,8.333333333333334,-47.02325587160856,0,18.212472503636366,17.434549796911046,20.179007001509675,16.655475628245917,,,,159462
2025-12-30,515.71,519.5299,511.56,518,516.9963228381065,516.0746844155844,513.5977792847893,518.7540838425437,515.9963524487844,510.2127802635303,0,0,0,0,520.9146915947082,518.9266806292117,97.68721306794015,80.30667256555657,5,5,514.4395000000001,513.290088574941,515.5889114250591,508.6924428747048,526.74,518.4440999999999,,,525.6317457002363,510.8740135323994,0,4.5,0,0.3883065338944444,0.15194153266947222,0.18814065349161488,6,4.993110968985815,78.17354607729987,0,2.140312812597625,526.74,510.8740135323994,1,0,0,0,8,8,1,0,704,0,,1,,0.058383497388259396,0.18447332655845586,7,7.1326135372479635,1.4312710997805431,,,,,,0.7674963318773749,10.2631846476305,9.523809523809524,-40.66372191748161,0,17.2966437722258,16.207910194259703,18.929728889662524,18.830948709237685,,,,217525
2025-12-31,519.05,519.05,510.7,510.73,514.9075485587376,516.4076125541126,513.3246574481427,518.439413887934,515.9439509318811,509.3492247735146,0,0,0,0,520.8012893895274,518.8969725246742,97.9943370449582,89.64547842963862,5,6,510.01,508.868135819588,511.15186418041196,504.3006790979401,520.11984,518.51125,,,525.3687461111753,510.8740135323994,0,0,9,-1.0105653768134706,0.15,-0.27981721574420576,6,5.240576834228199,30.558067981688907,0,1.7707605113512443,510.8740135323994,510.8740135323994,1,1,1,0,15,8,1,1,704,0,0,2,,0.07900437411136237,-0.28344074699531246,0,5.161027244104551,6.205823466239169,,,,,,0.8206868906001836,10.474276391183805,9.920634920634921,-42.302856295139826,0,18.153890675703405,15.165410559287315,17.69378601737648,18.273914564795685,,,,229400
2026-01-02,513,519.42,510.73,518.77,516.1950323724917,517.1061731601731,513.8432615007006,518.4523780491916,515.9720708231062,508.5470852341417,0,0,0,0,520.7832679367414,518.8966036339751,98.54630064272763,90.5278370004756,5,7,518.6125,517.474608261046,519.7503917389539,512.9230413052301,526.0579815892337,520.7832679367414,,,526.4727266315113,511.18366006054055,0,5.5,0,0.5422636873407557,0.15271131843670377,0.22341333481544237,6,5.2152098057537,57.631151245980746,0,1.3086449851684667,523.56,511.18366006054055,1,1,1,0,1,8,2,1,704,0,1,0,,0.595191898186614,0.21371276781377038,1,6.016060903121753,3.4030414036616055,,,,,,0.6758150768839509,11.639549001178091,10.317460317460318,-35.5721342057798,0,18.066016711393644,14.135042435190858,16.77762585896737,17.0278733732235,,,,184420
2026-01-05,518.77,538.94,515.16,524.09,518.8266882483279,518.4637008658008,514.8191413577767,518.6734612629488,516.0528462378016,507.83651204297047,0,0,0,0,520.8462858531334,518.9294349786968,98.96533842950629,89.33256413970055,5,8,518.7293500000001,517.4604148138285,519.9982851861716,512.3846740691423,526.9905637308096,526.9905637308096,,,533.3352396616674,513.1201088,0,3.5,8,1.5574284340822715,0.15778714217041134,0.5096439639534465,6,4.553241649618213,64.81740347629871,0,1.3020702429623867,523.56,513.1201088,1,1,0,0,8,8,1,1,712,0,2,0,,0.7510324201608717,0.4978477743373917,2,6.528818884179582,2.9239946241310504,,,,,,1.4706439843970631,12.934964315196297,11.507936507936508,-17.99243589495218,1,15.772891752554944,15.432186755121457,27.705151621724415,14.178726750499601,,,,403842
2026-01-06,522.98,534.385,522.12,532.73,523.4611254988853,520.9693112554112,516.5249374189409,519.2246980761664,516.2187880662813,507.26014383998717,0,0,0,0,520.9982970572408,518.9884987117484,99.05850536669169,65.57484735446597,5,9,532.73,517.6087441128407,520.1843558871592,512.1251058054512,,535.3571,534.0692941128407,536.6449058871592,541.7961294357964,521.45,1,1.5,0,3.1984910885496007,0.165992455442748,0.9646334128564487,6,4.763216143510229,80.76104374613924,0,0,,521.45,0,1,0,0,8,8,1,1,200,0,3,1,,0.8696591208334076,0.9491507176804068,3,6.098185339941667,-0.1903798585686921,,,,,,1.0110515119836714,13.220146241230355,11.904761904761905,-19.87918707510388,1,16.50026473598401,16.63667790934273,25.3492364172238,12.973034813200517,,,,274575
2026-01-07,533.42,536.43,530.11,531.48,526.1340836659235,523.9117432900432,517.9492290933275,519.7052981516109,516.3706409213431,506.79499705129695,0,0,0,0,521.1240577005378,519.0390473415829,98.56067917598537,61.720688821995125,5,10,523.56,522.3077516762091,524.8122483237908,517.298758381046,531.9170764219743,533.5796974100227,,,539.8409390289767,521.45,0,0,6.5,2.926068579673268,0.16463034289836634,0.7765778011854562,6,4.412672709990736,69.15880619469573,0,1.334731500646132,531.9170764219743,521.45,1,1,0,0,8,8,1,1,200,0,4,2,,0.44861245678684497,0.7628089396732163,4,4.9825231338462554,0.6730623026251152,,,,,,1.000390491203394,13.40625917232047,11.904761904761905,-12.296834020335,1,15.285946661753199,17.940437051739654,25.665045711435205,12.388446431092746,,,,260671
2026-01-08,535.26,552.835,533.05,548.91,533.7260557772823,528.6502861471861,520.897873941582,520.8505805770379,516.6944156385437,506.5331117873645,0,0,0,0,521.7529301810041,519.2705371410117,99.77490168557814,14.048861683662231,5,11,548.91,534.4423997707657,537.1493430863771,527.2544534751083,562.4,562.4,561.0465283421943,563.7534716578057,569.1673582890286,537.19994,1,4.5,0,6.234939528356136,0.20012244553330974,1.72089310486697,0,5.345505893771939,92.92904053118228,0,0.6229350981511428,,537.19994,0,1,0,0,10,10,2,1,232,0,5,0,,1.1515819831322325,1.6946239721661878,5,7.875512913067818,-2.16498346951532,,,,,,1.8719425721211134,15.44225358858951,12.698412698412698,-16.606683787832015,1,18.517375600343758,20.307706554264104,32.87153302323671,10.643230236170139,,,,503106
2026-01-09,548.91,557.78,544.31,549.02,538.8240371848549,534.2569398268397,523.5761716614313,521.9552636916638,517.0160632441302,506.45424220178563,0,0,0,0,522.2616044597307,519.4629288841727,99.56309442912033,49.38811320341853,5,12,549.02,534.4699838405481,537.2241097764731,528.9617319686982,,562.4,561.0229370320375,563.7770629679625,569.2853148398124,537.19994,1,2,8.5,6.190124259399998,0.19095331724904507,1.52622635081653,0,5.345114376623822,82.4215634346578,0,0,,537.19994,0,1,0,0,10,10,3,1,232,0,6,1,,1.0800215676163607,1.503478580580001,6,6.988439666992029,0.21736440825812234,,,,,,1.5345543733962592,17.12807158366009,16.666666666666668,-7.4959295279707465,1,18.51601934515861,22.7669018035538,33.20687697225485,9.713687779969874,,,,422573
2026-01-12,545.74,554.36,543.9249,549.63,542.4260247899033,540.0524887445887,526.0574886460569,523.0405474684613,517.3405800277708,506.54530104595847,0,0,0,0,522.7118890513345,519.6368572731911,99.29813449930973,40.06841345427121,5,13,549.63,534.5261877113601,537.2699314375761,529.0387002589281,,562.4,561.028128136892,563.771871863108,569.25935931554,537.19994,1,3.5,0,6.241424164038305,0.21038857645883885,1.3827478806789348,0,5.238067911363022,82.01719745164567,0,0,,537.19994,0,1,0,0,8,10,2,1,232,0,7,2,,1.2334516451091786,1.3627136131209616,7,6.229850032309901,-0.48828151265157005,,,,,,1.3655393364314043,18.642984011477733,19.444444444444443,2.7433399075932443,2,18.145199511953887,24.98162682800839,30.951635356690186,9.304618811068167,,,,378916
2026-01-13,552.5,560.29,550.36,555.01,546.6206831932689,546.0400709956709,528.8148706797657,524.294251489306,517.715400126997,506.8217596881489,0,0,0,0,523.1598321407081,519.8103371870419,99.03500478813467,32.86725394991947,5,14,555.01,538.5851004128283,541.3232195871717,533.1088620641415,,570.56,569.1909404128282,571.9290595871717,577.4052979358585,539.95416,1,2,0,7.203687559584769,0.09838456666712433,1.5315685011579816,0,5.130475237767466,82.08940170894152,0,0,,539.95416,0,1,0,0,10,10,2,1,232,0,8,3,,1.4989290309536039,1.509681510691602,8,5.599765794139818,-1.1678617895940628,,,,,,1.149586549684045,21.486255827036867,23.80952380952381,20.896164689560006,3,17.772487557574532,27.347164802473422,32.66720014475547,8.65775118425113,,,,323904
2026-01-14,555.01,562.71,552,562.54,551.9271221288459,552.2283991341991,532.0267877578832,525.7940847642352,518.1614160461313,507.30990030535673,0,0,0,0,523.7511721924715,520.0394529620156,98.73361566908646,35.36582032626012,5,15,562.54,547.1822653833406,549.9160546166595,541.0648430667244,,580.14,578.7731053833405,581.5068946166595,586.9744730832972,548.54916,1,2,0,8.564625342524092,0.13315404810749093,1.7822353332736187,0,5.086054730443877,76.42198440803253,0,0,,548.54916,0,1,0,0,10,10,2,1,232,0,9,4,,1.7226473711589636,1.756073419837559,9,5.2696157706440845,-0.41041106949759015,,,,,,1.2437933387702116,26.29453498963527,35.317460317460316,49.24295607370558,3,17.618610406409648,29.661968455982056,31.962620057607577,8.052073579771776,,,,356042
2026-01-15,568.44,570.94,563.24,569.72,557.8580814192306,558.8750861471862,535.6166174952276,527.5166696754417,518.6744367819907,508.0291952000905,0,0,0,0,524.3610684602229,520.276844445602,98.95382714169233,33.23847966833303,5,16,569.72,555.105970713102,557.794489286898,549.7289335655098,,581.63,580.285740713102,582.974259286898,588.3512964344902,556.45023,1,2,0,9.841542130880992,0.2159699484838287,1.9759977606976762,0,4.701541538344355,82.60503257074951,0,0,,556.45023,0,1,0,0,16,10,2,1,232,0,10,5,,2.33409790263539,1.9466621454406234,10,6.134111370161613,-0.8099047641565285,,,,,,1.113906837498884,32.45379149918881,44.84126984126984,99.2666139974055,3,16.28661763661592,32.1747726896237,35.64570250282423,7.602825786307443,,,,318812
2026-01-16,570.5,582.69,570.31,581.72,565.8120542794871,566.4307043290044,540.0074158290155,529.6422904724832,519.3017558189858,509.0238285247845,0,0,0,0,581.72,520.8268651530695,99.71816136505832,7.118428458913698,3,0,581.72,580.2659556621661,582.9940443378339,559.8952905946575,595.99,595.99,,,602.8102216891696,570.04296,1,4.5,0,12.019648206768524,0.23829463841836893,2.406724518456162,5,4.711243303651548,94.90004157879498,0,0.6538460483009579,595.99,570.04296,0,1,1,0,14,10,3,1,232,0,11,6,,2.4255711790762104,2.364147581625192,11,7.9250245451345585,-3.524851037828878,,,,,,1.9911897620839276,41.360874988398564,63.095238095238095,153.43323162658467,3,16.320225537486255,34.916720482692384,40.31063281056529,6.95736701742185,,,,602652
2026-01-20,570.68,580.15,564.05,566.23,565.9513695196581,572.157135064935,542.5048047976807,531.0771026108172,519.7687035222796,510.16617303745016,0,0,0,0,573.0856510205911,521.333043226632,99.58315923393543,79.12487868441472,2,0,552.63717,551.21278954344,554.06155045656,545.5152677171997,579.4075226827905,579.595337379511,578.170956922951,581.019717836071,586.7172396623113,552.63717,0,0,7.5,8.9388407118146,0.1123309703703523,1.2623841252247483,5,5.820763177928024,69.37573756924198,0,3.7588767185758867,579.4075226827905,552.63717,1,1,0,0,3,8,2,1,232,0,12,7,,1.5410941344902345,1.2549562992402392,12,6.861392069822342,2.2166256866716547,,,,,,2.312526354531517,47.800034000350635,76.58730158730158,137.05965741763217,3,20.163715125994834,36.42256473028237,35.84572869782952,10.110763855959043,,,,759010
2026-01-21,607.41,627.5999,592.12,621.79,584.5642463464387,581.8609324675324,550.0557757693301,534.6344711358831,520.7838408006648,511.7638901401067,0,0,0,0,621.79,522.7924598209726,99.95507102461231,1.7441316978528323,2,1,621.79,594.1194154689085,597.8605845310915,591.8606475025362,658.979895,627.5999,625.7293154689086,629.4704845310915,636.9528226554575,570.04296,1,3.5,0,19.395025591432706,0.34697512795716356,4.112202331126465,1,10.535914557365514,98.01202238559345,0,1.2425893611681553,,570.04296,1,1,0,0,11,10,2,1,232,0,13,8,,3.3510812119136006,4.016664084027517,13,9.836524208093154,-4.935090853029704,,,,,,2.8245115423938736,67.59261457447089,95.23809523809524,85.19803861032558,3,36.49747863512325,39.11173443021207,47.99405706831825,7.149043695522648,,,,1003656
2026-01-22,628.87,630.755,618.565,621.62,596.9161642309591,593.4896523809524,556.8714161722511,538.0456683462406,521.7871856683199,513.7587200543387,0,0,0,0,621.62,523.6468807471242,99.7288891479772,1.754056429582266,2,2,595.99,594.1441893639865,597.8358106360135,586.7609468199324,611.2677480932015,630.755,628.9091893639865,632.6008106360135,639.9840531800676,574.32023,0,2,0,19.132860498253013,0.34566430249126506,3.515959923131108,1,10.563705089492567,95.8181909397995,0,1.6553971241814422,611.2677480932015,574.32023,1,1,0,0,11,10,2,1,2280,0,14,0,,3.3598800547253,3.50963174293071,14,7.436910519256637,-4.927390530279674,,,,,,1.612279626181029,80.01883699774716,96.82539682539682,118.66805580763,3,36.593747862350114,41.661735866253245,46.69024763550694,6.727496222461496,,,,602491
2026-01-23,625,626.2282,604.05,610.66,601.4974428206394,604.1298363636364,561.9941384415605,540.8932891954076,522.6714922785854,516.0309247756002,0,0,0,0,616.8766505616666,524.2171130511693,98.56413377878971,8.638488659110575,2,3,595.99,594.0780133379875,597.9019866620125,586.4300666899372,620.1874019301016,618.6642278117316,616.7522411497191,620.5762144737441,628.2241611217944,574.32023,0,2,0,16.83438048970851,0.23035146912200416,2.498789364725811,0,10.880185703436943,87.02078236241444,0,2.5311266454789423,620.1874019301016,574.32023,1,1,0,0,11,10,3,1,2280,0,15,1,,2.169436533387693,2.5530665821467755,15,4.396446443242341,-3.9623803177427472,,,,,,1.1969503484514477,87.12384727884064,100,131.15863115913967,3,37.690068868274615,42.481282158085875,41.85465628678761,12.808942950252813,,,,459705
2026-01-26,613.06,614.99,606.53,607.53,603.5082952137597,612.8095956709958,566.3308871614119,543.5064935406858,523.5158555394951,518.5202415767727,0,0,0,0,614.7960128897405,524.5768010482763,97.31798112170657,15.209383057021586,2,4,595.99,594.1390480995598,597.8409519004402,586.7352404977988,627.1405177028188,614.7960128897405,612.9450609893003,616.6469647901807,624.0507723919417,574.32023,0,0,8.5,16.04806111821129,0.2158548417990434,2.0645249029134716,0,10.950183173458202,71.23998597546037,0,3.365891646931488,627.1405177028188,574.32023,1,1,0,0,11,10,2,1,2280,0,16,2,,2.04936073410834,2.103150956700682,16,3.8225627539039397,-1.264689287746573,,,,,,0.7709327614234027,91.31903564998497,100,140.74058387648537,3,37.93254721723081,43.242289429073324,40.14660468476941,12.286221287543913,,,,304162
2026-01-27,607.74,616.81,598.72,616.02,607.6788634758398,619.5006372294372,571.0631836222298,546.3501604606589,524.4362947878583,521.2378782803504,0,0,0,0,615.0456970930619,525.0290406841294,96.61060547579467,12.60855428664349,2,5,616.02,608.7797410924484,612.5402589075516,585.9358574791737,630.755,632.898252351975,631.0179934444234,634.7785112595266,642.2995468897332,574.32023,1,3.5,0,17.463266010066782,0.2634960088674825,2.257215725636007,0,10.869675201270478,77.79578925251184,0,0.48979291963530125,630.755,574.32023,0,1,0,0,11,10,2,1,2280,0,17,3,,2.3383263194260775,2.272572441964703,17,3.7641876807871864,-2.4884886416267764,,,,,,0.862976088960306,93.93066080585879,100,149.45958042556484,3,37.65365942074386,43.163344274225004,36.69793411381656,14.939457036584061,,,,350156
2026-01-28,615.87,621,610.57,620.31,611.8892423172265,624.9419233766233,575.7533566105889,549.2505463249468,525.3902620038995,524.1735616197908,0,0,0,0,616.2583534071721,525.7154376224365,96.80416370354084,11.452686705273294,2,6,620.31,608.8209203001306,612.4990796998693,595.857362401045,630.755,630.755,628.9159203001307,632.5940796998693,639.9503984993469,574.32023,1,5,0,18.06652023470431,0.26131449395807793,2.210563439795821,0,10.812578707757737,79.70898166931435,0,0.4271522839910909,630.755,574.32023,0,1,0,0,11,10,2,1,2280,0,18,4,,2.261188475609784,2.21072079420515,18,4.19375484832325,-2.446228273453407,,,,,,1.2132000373109215,94.86519833885676,100,153.27190339141697,3,37.45587136534767,43.25470784077746,36.87387880737459,14.182971639768093,,,,513752
2026-01-29,621,627.32,617,625.32,616.3661615448177,629.779899134199,580.4739893143424,552.233662155341,526.3845877551045,527.317906127094,0,0,0,0,617.8588776944739,526.3791897510973,97.32787163730465,11.055523846063771,2,7,625.32,608.8601402786927,612.4598597213072,601.6607013934636,630.755,630.755,628.9551402786927,632.5548597213073,639.7542986065364,574.32023,1,2,0,18.795271470015827,0.25340899871901384,2.1917841913039955,0,10.796129544483442,81.59668046701935,0,0.22971940505871077,630.755,574.32023,0,1,0,0,11,10,2,1,2280,0,19,5,,2.1332389087292554,2.194234773896317,19,4.651625264777716,-2.394830677614235,,,,,,1.0960163779566523,94.9527050404587,100,153.89177477684188,3,37.398889792281516,43.58076331861119,38.121305242350026,13.456881981672321,,,,478426
2026-01-30,621.5,627.4,615.66,620.3,617.6774410298784,633.1078718614717,584.2669427129764,554.9029303061119,527.319069468984,530.5975260840163,0,0,0,0,618.2462866487248,527.042907218622,97.54962364032966,12.741227214230566,2,8,610.66,608.883880258786,612.4361197412139,601.7794012939304,630.755,630.755,628.978880258786,632.531119741214,639.6355987060696,598.72,0,2,4.5,17.6327646608056,0.1927219628614889,1.6947942554880342,0,10.67336659033775,79.10010648115815,0,2.2627978884200455,630.755,598.72,1,1,0,0,10,10,3,1,2280,0,20,6,,1.6586873386819094,1.7024697960214727,20,4.601663115896891,-1.9336986463109624,,,,,,1.1339822726428384,93.58706077381724,98.80952380952381,153.11842459970939,3,36.97362644454634,43.738990424331256,35.87149652631179,13.336315210728685,,,,510963
2026-02-02,618.87,619.995,606.06,613.23,616.1949606865857,634.0278658008658,587.0253291212643,557.1902663725389,528.1739045986459,533.9328116863734,0,0,0,0,617.6037588185577,527.6030373719727,98.22283487855131,19.689195718161425,2,9,610.66,608.8836030974442,612.4363969025558,601.7780154872211,630.755,617.6037588185577,,,626.4857433313366,598.72,0,4.5,4,16.10380495151259,0.10718569142422962,1.1638565450930352,0,10.857291669416966,78.77871540337755,0,2.262444836634028,630.755,598.72,1,1,0,0,8,10,2,1,2280,0,21,7,,0.944880358601865,1.1731034385667745,21,5.553561446252676,-0.910813454608957,,,,,,1.017126363839483,90.49917460481225,98.01587301587301,140.62042547270494,3,37.610761608048996,42.89109559389816,33.304049717671475,17.206965594033395,,,,472984
2026-02-03,618.24,641.81,613.58,640.42,624.269973791057,635.9467415584415,592.1105358716201,560.4541774951844,529.2907811698036,537.4606914270734,0,0,0,0,620.4921070946226,528.4266397227041,95.45828558752109,12.55327827340583,2,10,640.42,628.8503100190553,632.6596899809447,609.9449603048856,656.7179102753078,641.81,,,651.3334499047232,598.72,1,3.5,0,20.99587273834354,0.3248205610195573,2.3062530445230514,1,11.40809282534379,75.12524946620674,0,0.5347953747840608,656.7179102753078,598.72,0,1,0,0,16,10,2,1,2280,0,22,8,,2.509840689733828,2.2843898316371587,22,3.6205130496876237,-2.1480638198503557,,,,,,1.1349114116156602,87.44406969532294,97.61904761904762,121.27211774378983,3,39.51879278191485,43.0258697144145,39.068346716935274,14.901682874622894,,,,535211
2026-02-04,645.79,646.64,625.32,629.73,626.0899825273714,636.8859826839828,595.6933419790848,563.1708764169418,530.2901763820444,541.0755648342284,0,0,0,0,621.5849621980184,529.2044677286939,97.34557204791983,32.9968417145171,2,11,610.66,608.7010021605514,612.6189978394485,600.8650108027571,646.64,630.755,628.7960021605514,632.7139978394486,640.5499891972429,584.13716,0,0,5,18.75196412205736,0.12931537616584235,1.5345790437206916,0,11.69269349425894,65.49807391708477,0,3.6733067566963418,646.64,584.13716,1,1,0,1,10,10,2,1,2280,0,23,9,,0.08024098427610701,1.5312515819515335,23,4.650993892768401,0.43319712834905544,,,,,,1.1666847139394152,82.36881503412393,94.44444444444444,103.35629919715062,3,40.5046784187731,43.32151962086817,37.473429767936786,13.453676287451332,,,,567269
2026-02-05,624.22,630.595,621.6125,628.47,626.8833216849142,637.2541484848485,598.8149284572672,565.7316263613754,531.2670900498847,544.7417684061571,0,0,0,0,622.04364262648,529.6621948559489,97.89459166672727,26.31516874848792,2,12,628.47,608.7607296847978,612.5592703152022,601.1636484239887,646.64,630.755,628.8557296847978,632.6542703152022,640.2513515760113,584.13716,1,2,0,18.296429756450415,0.1314821487822521,1.293439254625024,0,11.689412707818764,79.1900154984084,0,0.6654129516138768,646.64,584.13716,0,1,0,0,8,10,2,1,2280,0,24,10,,0.0425902392243314,1.292658089431889,24,5.089487598589198,-1.4391471987509614,,,,,,0.6980411360711218,74.28380543584716,92.06349206349206,83.44709069998682,3,40.49331344116677,43.23339672100228,35.89103125322725,14.628480626159034,,,,342251
2026-02-06,636.66,648.28,617.64,647.56,633.7755477899428,639.364974025974,603.4573162232417,568.9405821903412,532.4242334324729,548.5406106144969,0,0,0,0,623.3836197612404,530.1127554832974,96.95487531643738,20.226312118336367,2,13,647.56,618.2628204215979,622.337179578402,614.9651267455662,664.270895087571,648.28,646.2428204215979,650.317179578402,658.4658978920105,587.6948,1,1.5,0,21.6248170796549,0.15884486711938028,2.0055963263316188,0,11.641328071751433,75.11883234278122,0,0.5126847696914412,664.270895087571,587.6948,0,1,0,1,10,10,3,1,2280,0,25,11,,1.0502106982132906,1.9858246257321064,25,3.8026782194419777,-1.9652266733378059,,,,,,0.5939688812948792,69.09786955238195,90.87301587301587,71.34502756305959,3,40.32674337570261,43.77431042553147,38.82224946387961,12.664032138084766,,,,284739
2026-02-09,645.68,658.175,643.1028,656.38,641.3103651932952,643.1405277056276,608.4975718210283,572.3695789671905,533.6576241445875,552.5093313689215,0,0,0,0,656.38,530.7311914190492,97.06205337547232,16.313645064624144,2,14,656.38,,,592.7286791836476,669.0078422026872,658.175,656.1487600343409,660.201239965659,668.3061998282955,594.42111,1,1.5,0,22.99646258256444,0.21982835473177176,2.157486663316423,0,11.620480677771916,78.633984835263,0,0.19839089025538467,669.0078422026872,594.42111,0,1,0,1,11,10,2,1,2280,0,26,12,,1.4476572234404854,2.1284968993362727,26,4.274541146172408,-2.1666593226978526,,,,,,0.7694667399370236,62.71845094694959,89.28571428571429,55.804719019250626,3,40.25452588454676,44.56882377845544,40.60406533643393,11.822947400085688,,,,366721
2026-02-10,656.63,664.66,651.85,659.92,647.5135767955301,648.2894454545454,613.3949459333113,575.8029288116144,534.9139661929001,556.6483745406988,0,0,0,0,658.2070921033187,531.4026084383942,97.32177325928211,14.772059585605373,2,15,659.92,,,593.6285998809147,672.6405741343792,664.66,662.6641164604594,666.6558835395406,674.6394176977029,598.4288399999999,1,2,0,23.369371844372495,0.2015797123857751,2.047054854897563,0,11.598119663707493,79.20336854652145,0,0.1918887534661834,672.6405741343792,598.4288399999999,0,1,0,0,11,10,2,1,2280,0,27,13,,1.2511961586446343,2.0196981988580305,27,4.490050010048195,-2.0676435501852657,,,,,,0.8197066388741997,54.065184371266625,84.92063492063492,34.56728183368041,3,40.17706505961007,45.48520645366893,41.17829152542178,11.145428104948833,,,,391167
2026-02-11,661,668.365,652.75,661.43,652.1523845303534,653.9102,617.9697129872817,579.1608531719432,536.172832200931,560.9354184167329,0,0,0,0,659.3635784847446,532.13127046887,96.88776510287565,14.481162247925749,2,16,661.43,,,593.6316685117274,675.3600714908425,668.365,666.3722599275694,670.3577400724306,678.3287003621527,598.4288399999999,1,2,0,23.361341768269373,0.19224786439652508,1.8610196378983048,0,11.617973617238167,75.82425103901859,0,0.20546333788836887,675.3600714908425,598.4288399999999,0,1,0,0,10,10,2,1,2280,0,28,14,,1.1413070222192034,1.8363872671888077,28,3.9642332567272858,-1.9594350704616006,,,,,,0.8795990512971047,45.019740254490024,67.85714285714286,11.861844462320805,2,40.24584117210255,46.436514597468346,39.95734604571939,10.365651742050362,,,,424157
2026-02-12,669.38,674.63,645.78,646.3,650.2015896869023,657.397958874459,620.6678355599215,581.7937608906906,537.2686249153496,565.2448666565377,0,0,0,0,655.7079665238368,532.8198953567882,96.72664055538058,44.45450701062394,2,17,620.3,618.1920092184573,622.4079907815426,609.7600460922868,674.63,655.7079665238368,653.5999757422942,657.8159573053795,666.24792043155,604.99904,0,0,5.5,20.293642700954102,0.16369043572699274,0.9868614611894257,0,12.030519654977654,50.00613617299503,0,5.154671498159118,674.63,604.99904,1,1,0,0,8,10,2,1,2218,0,29,0,,0.47135270553168196,0.9765205026478722,29,4.008473342118805,1.8644352323289524,,,,,,0.94239127513212,36.830695272306805,52.38095238095238,-11.623884754183095,1,41.67494256775459,46.60928317192872,35.07469460479461,12.05120629410409,,,,459302
2026-02-13,647.03,661.15,643.1,660.29,653.5643931246015,660.5625627705627,624.4413750304052,584.8720447773302,538.492718199774,569.6412572795547,0,0,0,0,656.3889351405185,533.2977093879377,96.85359365675379,25.194106743800823,2,18,660.29,645.4414192742818,649.6785807257181,626.3927083885092,674.63,674.63,672.5114192742818,676.7485807257182,685.2229036285909,604.99904,1,3.5,0,22.618185480279923,0.1911771606913774,1.4560313730761263,0,12.10566777944073,82.97989945328858,0,0.42304264790107693,674.63,604.99904,0,1,0,0,8,10,3,1,2218,0,30,1,,1.091356532986489,1.43600448222519,30,4.185912853662498,-3.2444676372161214,,,,,,0.5898189111654654,29.919651774277238,38.492063492063494,-28.65276281876918,0,41.9352633070817,46.50087525267253,32.40655797575689,12.263931786705754,,,,286513
2026-02-17,656.22,663.68,646.06,649.35,652.159595416401,662.0842848484848,626.8136250275095,587.4005920409643,539.5957757301245,574.0321944237397,0,0,0,0,655.3211755004625,533.8187778041636,98.21924324109725,29.764056362936277,2,19,647.56,645.4354250404045,649.6845749595954,636.9371252020227,674.63,655.3211755004625,,,665.9440502984397,604.99904,0,0,5.5,20.340082188628628,0.17281152205425426,0.8151876634275828,0,12.247156970692567,82.2014031448243,0,2.548274409216848,674.63,604.99904,1,1,1,0,1,10,2,0,2218,0,,2,,0.9706170638713852,0.8026199805578516,31,6.866972019692502,-0.42459320740689827,,,,,,0.7290354308749374,29.391561817326306,37.698412698412696,-30.721774172796955,0,42.42539624302172,46.498500873725526,31.070141290821002,11.355806959255805,,,,344738
2026-02-18,651.87,664.58,645.3,662.66,655.6597302776006,663.6238748917749,630.22756550108,590.3519413726912,540.8202953746008,578.4816913710663,0,0,0,0,656.0041252046263,534.2088957376147,97.8043456293657,18.23193584552472,2,20,662.66,645.4150375375184,649.7049624624815,628.3406006002962,671.9314400816507,673.0183187793864,670.8733563169048,675.1632812418679,683.7431310917939,604.99904,1,3.5,0,22.528685714541552,0.18819898412826333,1.263730919779899,0,11.833596761953402,83.03553791504176,0,0.27015158318099236,671.9314400816507,604.99904,0,1,0,0,8,10,2,0,2090,0,,3,,0.4750441761765061,1.2463593969805697,32,4.385541575645715,-3.071656165515644,,,,,,0.5221668666505963,28.770741921252625,37.698412698412696,-29.815102174064318,0,40.992781655971676,46.53265780243355,28.951255042431974,10.444452523305666,,,,233188
2026-02-19,660.65,668.69,655.32,666.35,659.2231535184004,665.7413476190476,633.66779735812,593.3322573972915,542.0693471619182,582.9844993133197,0,0,0,0,656.8543258832962,534.5927347187408,97.08318404634275,15.395225588040415,2,21,666.35,643.1,647.56,634.6554965679259,674.63,674.63,672.5188741419814,676.7411258580186,685.1856292900927,643.1,1,3.5,0,22.92707630283301,0.1946353815141651,1.25658609611709,0,7.670241704827524,76.26312114387555,0,0.2612440361384804,674.63,643.1,0,1,0,0,8,10,2,0,2082,0,,4,,0.9436796892261095,1.2400670140584609,33,3.9289123476037657,-2.1474278335075065,,,,,,0.5504172344034508,29.268614864753484,38.095238095238095,10.154564362277089,2,26.570496678189986,46.73358594466462,29.05242702402715,9.853864086697794,,,,224357
2026-02-20,664.02,675.19,663.135,668.72,662.388769012267,667.9780168831169,637.0061023716323,596.2886394601428,543.3295526627946,587.522619807372,0,0,0,0,658.3071879674839,535.2509890426218,96.58551021327813,10.86089901471315,2,22,668.72,658.2220349175542,662.3579650824457,646.5912793404337,674.63,674.8672362469956,,,685.2070616592245,643.1,1,3.5,5,23.07815702692435,0.206696894900267,1.194219945852591,0,7.6601965588636896,80.67494202550911,0,0.2670737315058051,674.63,643.1,0,1,0,0,8,10,3,0,2082,0,,5,,1.0548933225696064,1.1783345399746743,34,3.8282295453895365,-3.153407929802931,,,,,,0.960640489198415,37.342457676799576,55.55555555555556,40.72535754291792,3,26.535699271832375,47.17601174245173,30.346716079563375,9.340987872170121,,,,380927
2026-02-23,666.31,675.17,661.445,672.42,665.7325126748447,670.3574406926406,640.3788545267149,599.2741830107254,544.6140347258514,592.1000843612682,0,0,0,0,659.4076654054217,535.7143900091967,96.05544859941946,7.051727535760234,2,23,672.42,658.2472020663004,662.3327979336996,645.1026165304029,674.63,674.8243703713645,,,685.0383600398627,643.1,1,5,0,23.467255179805218,0.20622516478791497,1.1927763949824068,0,7.32142173511264,83.79458106055903,0,0.08090086674881067,674.63,643.1,0,1,0,0,8,10,2,0,2082,0,,6,,0.5287602324768695,1.1761917406433038,35,3.6412962316025608,-4.087793791637781,,,,,,0.6803875619788335,44.68633818356019,68.25396825396825,76.19302857288689,3,25.362148857708355,47.374756982975086,28.52625825428932,9.519292609360093,,,,263109
2026-02-24,672.55,685.17,672.35,683.22,671.5616751165632,673.5459168831169,644.4589636194088,602.5661758338342,545.9931985594251,596.7559693261001,0,0,0,0,661.5070672071452,536.3297135034946,95.77037862864313,7.652044809081543,2,24,683.22,672.6186519187074,676.6413480812926,656.2592153496598,687.3325682401004,685.17,,,695.2267404064627,643.1,1,1.5,0,25.13342690030586,0.21900046783486266,1.4771449163613508,0,7.323039592949035,77.43199520058235,0,0.1525388928192216,687.3325682401004,643.1,0,1,0,0,8,10,2,0,2050,0,,7,,0.5747067222325521,1.4558997078144367,36,3.6288474371180266,-2.7713896926007693,,,,,,0.8412547626562368,47.81531589156563,75.7936507936508,88.48857193099799,3,25.367753281652476,47.952840173883686,31.341948738729798,8.977556925134087,,,,326246
2026-02-25,686.34,691.87,668.01,677.38,673.5011167443754,676.4502354978355,647.5943004175604,605.5000512913309,547.3005299170427,601.4214865085961,0,0,0,0,677.38,536.9226159987115,91.57689223217588,13.094916844208662,2,25,674.63,672.549283924514,676.710716075486,664.2264196225703,690.0226773022955,691.87,,,702.2735803774297,643.1,0,3.5,5,23.76746649645564,0.21661511026005598,1.054528467690229,0,7.408295809955484,59.975655932441434,0,1.4795557629073164,690.0226773022955,643.1,1,1,0,0,8,10,2,0,2050,0,,8,,0.27802403969766454,1.0410378899391877,37,2.1403899405488085,-1.5337706061802017,,,,,,0.8534810518871588,50.30817137429566,81.34920634920636,96.03318381506395,3,25.66308948068505,48.72372311189821,31.008019670893677,8.058382860676513,,,,330133
2026-02-26,679.71,683.335,667.44,678.82,675.2740778295836,679.1502904761903,650.5681765682689,608.3753433975533,548.6091813606542,606.0862526303873,0,0,0,0,677.8806934079417,537.2398474111429,93.32129352251697,19.119267499359587,2,26,674.63,672.5559868584774,676.7040131415226,664.2599342923868,692.5461297543594,691.87,,,702.2400657076132,643.1,0,3.5,4,23.734713720320613,0.2208957908238253,0.97253331507953,0,7.408947620369448,65.78169144647306,0,1.727677553788907,692.5461297543594,643.1,1,1,0,0,8,10,2,0,2050,0,,9,,0.2717659556022462,0.960767162133791,38,3.5044750758126266,-1.0146230079921548,,,,,,0.4757151467139347,52.28002831417956,83.73015873015873,103.69889198196078,3,25.665347418192823,49.36360144084784,28.886216780980575,7.7523509298957665,,,,175976
2026-02-27,673.69,682.95,671,681.1,677.2160518863891,681.7590354978354,653.4759692760528,611.2272907152962,549.9274979640309,610.7488530802297,0,0,0,0,679.3520932248392,538.0143110728416,94.82523102814797,14.281644295211033,2,27,681.1,672.597434225729,676.662565774271,654.7394738058318,695.1685530325557,691.87,,,702.0328288713552,643.1,1,5,0,23.852690131263223,0.2259301173229828,0.9328321123593951,0,7.400239436908445,77.75218725279848,0,0.5336977315600051,695.1685530325557,643.1,0,1,0,0,8,10,3,0,2050,0,,10,,0.8297382731923434,0.9248423624154697,39,3.9164706284490247,-2.574115144619397,,,,,,1.159940577160595,54.60311011110029,86.11111111111111,113.000677815937,3,25.63518138580065,49.95777417487249,27.369879054307948,7.345403136263389,,,,426046
2026-03-02,680.22,692.88,676.75,688.59,681.0073679242594,684.6398818181817,656.8201626783334,614.2611224519513,551.3072243524484,615.4413344195095,0,0,0,0,681.4557027495239,538.5354520954203,94.77840833439697,10.341833736856064,2,28,688.59,672.5985996381769,676.6614003618231,660.4987971054153,697.7316811824007,692.88,690.8485996381769,694.9114003618231,703.0370018091155,643.1,1,3.5,0,24.90131991446339,0.23561771068342807,1.1022275183680539,0,7.310505136376376,78.06418504128736,0,0.32542861253417465,697.7316811824007,643.1,0,1,0,0,8,10,2,0,2050,0,,11,,0.6069629360407346,1.0940919017824955,40,3.4124240554300487,-3.136526274726007,,,,,,0.7731598584956612,55.419076474338944,86.11111111111111,118.83726311530731,3,25.32433265039425,50.86977804537908,29.793980275049794,6.824644530812674,,,,274854
2026-03-03,677.47,687.695,668.25,686.25,682.7549119495062,687.3471056277057,659.6230043280159,617.0842156891297,552.6499385379961,620.1336057281937,0,0,0,0,682.275825357069,538.9973052726091,94.25170839481433,14.111522021797354,2,29,686.25,672.5620925211642,676.6979074788358,653.1634803386283,697.1586816213301,692.88,690.8120925211642,694.9479074788358,703.2195373941787,643.1,1,5,0,24.17444609067273,0.23642778600891923,0.8647949281869729,0,7.160133278018525,67.27046556612581,0,0.32970169522138926,697.1586816213301,643.1,0,1,0,0,8,10,2,0,2050,0,,12,,0.8845877947351332,0.8583975467682617,41,3.1650572203540066,-1.5925551943787983,,,,,,0.7234461411916899,55.76491545498846,86.11111111111111,124.82744174689522,3,24.803429252985552,50.56598812045349,27.17742238381365,9.895324232403723,,,,249082
2026-03-04,686.73,693.38,676.88,682.77,682.7599412996708,689.1114056277058,661.8274801063001,619.6601287993599,553.9446655177176,624.7822536980931,0,0,0,0,682.3491939187023,539.4540246526326,94.54014247810008,19.798152403447332,2,30,668.72,666.6524787696526,670.7875212303475,658.3823938482627,698.8532214071467,693.38,691.3124787696526,695.4475212303474,703.7176061517373,643.1,0,2,5,23.255993333175624,0.23627996666587814,0.6123732338855072,0,6.022296117504215,64.84653856241135,0,2.914912888423654,674.63,643.1,1,1,0,0,8,10,2,0,2050,0,,13,,0.343661603222107,0.6042915641002541,42,3.4385637694868163,-0.9905624559137762,,,,,,0.7687707202564011,52.58350456148943,82.93650793650794,152.05585976807947,3,20.86184570748418,50.537688312635765,27.69595450379101,9.19023193119906,,,,253873
2026-03-05,675.13,679.11,652.05,654.86,673.4599608664472,686.9236822510823,661.1639105723667,621.0405159052673,554.9487981991333,629.2060331542901,0,0,0,0,677.8641059894663,539.9334593002393,98.75365425757634,24.4717755227914,2,31,645.0621621621622,642.8680353054109,647.2562890189134,634.091527878406,674.63,675.9030949305244,673.7089680737731,678.0972217872757,686.8737292142805,643.1,0,0,1.5,18.00367928087942,0.09001839640439711,-0.5691117888567432,0,7.275441883903087,77.12472077914589,0,2.6951803399023184,674.63,643.1,1,1,0,0,8,10,2,0,2050,0,,14,,-0.6232395873374115,-0.5743462524039996,0,5.389883392641783,-1.0626479820578076,,,,,,1.0466240417758044,50.54529144035445,79.76190476190476,100.55371264749323,3,25.20286998086955,47.9540072052446,24.23370953808968,18.145454126754412,,,,333390
2026-03-06,644.54,655.64,640.655,647.64,664.8533072442981,681.250816883117,659.8759190892841,622.0836329285902,555.8710987145648,633.3590672124359,0,0,0,0,674.1925493024418,540.3113375497614,97.17532242856127,22.66614665063245,2,32,647.64,637.6034846382457,641.9458809436409,623.2854147784195,674.63,692.8331166691739,690.6619185164764,695.0043148218715,703.6891074326618,643.1,1,7,0,16.509025473288318,0.0825451273664416,-0.8285458907942107,0,7.383115163680751,72.77420440261507,0,1.1082102098821343,674.63,643.1,1,1,0,0,8,10,2,0,2050,0,,15,,-0.9112517562810247,-0.8347247413472014,0,4.560881358329978,-1.156269675307954,,,,,,0.8953959103244572,49.771119509160464,77.38095238095238,94.60193027896105,3,25.575861163254533,44.69376316506991,22.740367942932156,21.71322733016428,,,,282545
2026-03-09,640.78,654.74,631.47,654.06,661.2555381628654,674.3932922077922,659.3220220331618,623.3376081078611,556.8481027074547,637.2889604853532,0,0,0,0,672.5389965892234,540.6045470757505,96.47649380851901,27.146220482622034,2,33,654.06,638.1881298172563,642.6358906722661,618.477913159922,693.38,672.5389965892234,670.3151161617185,674.7628770167283,683.6583987267478,640.4120102447612,1,7,0,17.45752509883587,0.08728762549417934,-0.5240953983555867,0,6.822902216915339,63.34765382705891,0,1.1050504198003324,693.38,640.4120102447612,1,1,0,0,8,10,2,0,130,0,,0,,-0.826611023458616,-0.5368045503133217,0,3.7221883598382846,-0.5879992770154211,,,,,,0.6676705506755045,48.33177874918644,75.39682539682539,104.490439582116,3,23.63522658954339,41.948951291064205,20.615830373507112,23.37230130620464,,,,208128
2026-03-10,654.04,665.4,650.65,655.29,659.2670254419103,667.6394090909091,658.9380199347654,624.5906430840234,557.8276240735497,641.0098159530256,0,0,0,0,670.8772776323001,540.9869819646357,95.8375710727022,19.873750832609396,2,34,655.29,638.0699729203042,642.4634294285275,629.2830599038575,693.38,670.8772776323001,668.6805493781884,673.0740058864118,681.8609189028584,640.2667011744159,1,3.5,0,17.471772949272196,0.09979617381755222,-0.45548488371675167,0,6.687173039674782,72.25226983539197,0,1.4646090566283052,693.38,640.2667011744159,1,1,0,0,8,10,2,0,130,0,,1,,-1.0994984725695298,-0.4679385112440801,0,3.5427576917324775,-2.1422428450233886,,,,,,0.8802587604802117,44.38261391430193,66.26984126984127,91.59302397839284,3,23.165046927443058,39.22489287278346,23.712629396280562,21.97110450192936,,,,270146
2026-03-11,650.19,659.32,643.22,655.37,657.9680169612735,661.9830632034633,658.5982085124068,625.7976766885715,558.7981949782906,644.5296960470457,0,0,0,0,669.2712783459542,541.4425721235058,95.86109795424146,16.387476779004004,2,35,655.37,637.5457522829598,641.9128904691671,625.7514472551704,693.38,669.2712783459542,667.0877092528506,671.4548474390579,680.1891238114727,639.7293213760635,1,3.5,0,17.28205385943691,0.08641026929718455,-0.4412608471138582,0,6.662656156516634,73.12817024335162,0,1.283317261564554,693.38,639.7293213760635,1,1,0,0,8,10,2,0,130,0,,2,,-0.9292906314848425,-0.45180146923279807,0,3.7578875255696538,-2.1062967115420963,,,,,,1.0673050582694867,43.6086724609967,65.07936507936508,88.94475561171646,3,23.08011795289677,36.6436201475597,22.15156568344413,23.562802383280133,,,,323963
2026-03-12,665.5,668.34,645.57,646.57,654.1686779741824,656.4668480519481,657.4526648445585,626.6122776027452,559.6715462720389,647.8036629368462,0,0,0,0,666.3805186332069,542.0292567779964,68.32261689017837,51.37921821108752,4,0,626.6122776027452,624.3813741591489,628.8431810463414,615.4577603847638,693.38,666.3805186332069,664.1496151896106,668.6114220768031,677.5350358511882,637.6636839790481,0,0,3,15.526687805872935,0.10666482140921148,-0.7819482906324434,4,6.782998749976357,17.83868903220879,0,5.985711536634098,693.38,637.6636839790481,1,1,0,0,8,8,2,0,2178,0,,0,,-1.2322510590387743,-0.78891772151831,0,-0.05719507186046169,2.2819315567050253,,,,,,1.4958573482604796,40.97877685777334,59.92063492063492,74.40006051880457,3,23.496996925270466,34.394347482826255,23.74288467243175,21.415510042530407,,,,456459
2026-03-13,651.65,654.7475,635.42,638.91,649.0824519827883,650.4033398268399,655.6866967641243,627.0945412261669,560.4599885976902,650.8035075391825,0,0,0,0,664.3605266958587,542.3650789017066,41.09520547693896,65.37105644909248,4,1,624.8654832421101,622.6213630801993,627.109603404021,613.644882432556,693.38,647.64,645.3958798380892,649.8841201619108,658.8606008095542,636.1093556543517,0,0,3,13.997433001166979,0.1350790275740642,-1.0420194594156138,4,6.486877291139185,11.340601663101886,0,1.027631634112685,693.38,636.1093556543517,1,1,0,0,10,13,2,0,2178,0,,1,,-1.5207349005458346,-1.044751037355909,0,-1.9950856216199604,2.0849336021277733,,,,,,0.959846023568785,38.75033379259868,56.74603174603175,72.44441849474063,3,22.471202101435672,32.23284542393149,21.917119011194334,23.807044388338593,,,,284507
2026-03-16,646.06,647.73,638.09,645.66,647.9416346551922,645.1644640692641,654.7317732627791,627.8225984329839,561.3077499051759,653.5910271472534,0,0,0,0,663.3621412682552,542.6389759540618,57.132184772414206,76.80312334999799,4,2,626.1521156798032,623.9822183866003,628.322012973006,615.3026292137886,693.38,647.64,645.4701027067971,649.8098972932029,658.4894864660146,634.189526151568,0,2,0,15.027807848559732,0.1403332741351973,-0.7026745128338273,4,6.1830151868985554,28.263751772062438,0,1.2397336860656842,693.38,634.189526151568,1,1,0,1,8,19,2,0,2178,0,,2,,-1.5215538791391892,-0.7042740250160257,0,1.77762967431853,2.2018513563774555,,,,,,0.7447728034067587,35.6616398317134,50.3968253968254,66.49851839447714,3,21.41859289535655,30.225736369243485,21.047751714699395,22.862711065749348,,,,218214
2026-03-17,648.05,649.9,630.4201,643.06,646.3144231034614,640.8871138528139,653.6201758091811,628.4201435924747,562.12120513,656.1676808268761,0,0,0,0,661.9317956109759,543.0155797080405,65.51892009585413,71.26378165049765,4,3,640.655,,,629.7108384601293,668.34,647.64,645.4511676920258,649.8288323079742,658.5841615398707,633.1264506075061,0,6,3,14.39881543897307,0.13704305375305786,-0.7711341682554957,4,5.9735718522794725,39.05640308401498,0,1.3261453917341732,668.34,633.1264506075061,1,1,0,0,8,13,2,0,2178,0,,3,,-1.52039181246554,-0.7666004266628453,0,1.828094326545774,0.6880510457339384,,,,,,1.0636656359250203,34.32056291129019,46.03174603174603,65.85542725171726,3,20.693059901622746,28.853931261653017,19.375267906072835,24.174673945693666,,,,309789
2026-03-18,642.89,646.29,633.44,633.87,642.1662820689743,637.0441848484846,651.7392066844972,628.6338634515934,562.8351234869154,658.4982108391201,0,0,0,0,660.2738906509458,543.3182358305635,55.720084121147856,66.02968989175251,4,4,629.2710416481239,627.1238223621478,631.4182609340999,618.5349452182439,668.34,647.64,645.492780714024,649.787219285976,658.3760964298799,628.9594398140252,0,0,1.5,12.620903271459735,0.14795399026398837,-1.0935142354214733,4,5.705282204045732,26.305748660282948,0,1.7399769374261922,668.34,628.9594398140252,1,1,0,0,8,8,2,0,2178,0,,4,,-1.6787957912535176,-1.0826789935687406,0,0.22198210759186798,0.9991671940524579,,,,,,0.9410449059696423,32.0436706041148,41.666666666666664,62.13415206692454,3,19.763677297851505,27.58011223317616,18.339991248577405,22.882951128756762,,,,276095
2026-03-19,629.55,637.5928,621.59,635.11,639.8141880459829,634.2028056277054,650.155472714545,628.8878295907466,563.5542764870456,660.6195308940546,0,0,0,0,658.6769773013626,543.6676047685652,59.534422737446214,69.39586165602351,4,5,628.9627910259836,626.8260624032916,631.0995196486756,618.2791479125237,668.34,647.64,645.503271377308,649.776728622692,658.3236431134599,625.3449525609865,0,3.5,0,12.697219504570512,0.06348609752285256,-0.9640810772976368,4,5.664974100591897,33.61199977368581,0,2.0868394050831682,668.34,625.3449525609865,1,1,0,0,8,8,2,0,2178,0,,5,,-0.8464038392775819,-0.9549119446031765,0,1.169610839684983,0.8111718292733335,,,,,,1.0625889555297434,26.57697286925698,31.746031746031747,35.43064953031011,3,19.62404593157394,27.122121377214953,17.113603759895494,26.30443946051998,,,,316659
2026-03-20,633.38,636.96,611.76,616.18,631.9361253639886,630.043214285714,646.9197134083978,628.389483332286,564.0779155269755,662.4444064491336,0,0,0,0,653.7989440315691,544.2271857595283,22.515024823112988,45.908084737649524,4,6,610.66,608.4508948503574,612.8691051496426,599.6144742517871,668.34,628.389483332286,626.1803781826434,630.5985884819286,639.4350090804988,598.4288399999999,0,0,3.5,9.236682209823687,0.0716375354646068,-1.6580237325695437,4,6.266481680534697,11.624235961331372,0,2.71246874211792,668.34,617.888242397293,1,1,0,0,10,8,1,0,2178,0,,6,,-1.2036329953239069,-1.635822186352621,0,-1.2078682568155013,2.855638809355836,,,,,,2.0784045348666704,26.412948784402268,31.349206349206348,21.675318529497893,3,21.70772931077139,27.217485164653276,15.370562761326672,27.59830581909111,,,,647033
2026-03-23,629.09,636.87,623.28,623.8,629.2240835759924,626.0079982683981,644.7178359409313,628.2095035937649,564.672165123722,664.0551584756593,0,0,0,0,652.5572811387489,544.4575026191576,33.71331489206375,70.47515468285029,4,7,612.5890560350005,610.66,617.061144170051,601.7158237298991,668.34,637.195583333333,634.9595392658078,639.4316274008582,648.3758036709592,613.2542477712076,0,0,3,10.471179301590466,0.07089087166483235,-1.2122637074742206,4,6.410389256152844,13.414500188795309,0,2.141401049275645,668.34,613.2542477712076,1,1,0,0,10,8,1,0,2178,0,,7,,-1.1482798012550401,-1.1980806047969794,0,-0.9269105652619412,2.629738961485406,,,,,,0.7842908526576228,26.472082778575302,31.349206349206348,19.210109616595318,2,22.206239775900773,27.30603725298886,14.100714354911917,25.31825497070597,,,,243386
2026-03-24,622.71,632.01,617.74,626.06,628.1693890506616,622.7397696969697,642.9408991846522,628.1252093351859,565.2829893513467,665.4830630613721,0,0,0,0,651.5062908272495,544.6925137341882,27.562262156876262,86.13418669956553,4,8,610.393755817253,608.1900184688367,612.5974931656693,599.3750690751715,668.34,637.9169999999997,635.7132626515834,640.120737348416,648.9356867420812,610.3019474783748,0,2,0,10.751607919140445,0.06705777767319351,-1.0280658380524674,4,6.1248907730230835,11.961008011227847,0,2.5062017977296795,668.34,610.3019474783748,1,1,0,0,10,8,1,0,2178,0,,8,,-1.1063979046199304,-1.014935559014596,0,-1.2937526481541353,2.7324176246199716,,,,,,0.7932816246286428,25.367949652215295,28.571428571428573,19.562887757967342,2,21.21724401937159,27.679499771019696,13.285471064149855,26.09902479446903,,,,242869
2026-03-25,633.96,636,622.96,625.37,627.2362593671078,620.2930415584415,641.2674802146853,628.0171619102766,565.8808700543184,666.7372649143659,0,0,0,0,650.5442845787788,544.9157461816991,21.679746809956203,88.62222121204,4,9,608.3009317487811,604.99904,611.76,596.3480155630252,668.34,628.0171619102766,625.854405801033,630.1799180195203,638.8309424564951,611.76,0,0,1.5,10.512659659262082,0.0676281245699495,-0.9800176378664155,4,6.116392345334049,10.539260917642409,0,1.5033744989361444,668.34,611.76,1,1,0,0,10,8,1,0,2178,0,,9,,-1.1205186101891127,-0.9668177113303797,0,-1.7911908004977075,2.749846544503664,,,,,,0.7764688353398861,24.257088432311505,27.38095238095238,14.486087103579429,2,21.187804602287873,27.625539346290957,14.21747240014437,24.69402486890577,,,,233989
2026-03-26,619.67,626.32,609.5,611.08,621.8508395780718,617.4200874458875,638.392482099001,627.3529594824226,566.3306126408426,667.7493713804804,0,0,0,0,648.7731250729621,545.1486403343735,30.485126708099124,57.628082404170975,4,10,610.66,,,599.867739492797,632.1339399999999,627.3529594824226,625.194507380982,629.5114115838633,638.1452199896256,611.76,0,0,1.5,7.901636669522012,0.07576051667569902,-1.4832085418384353,4,6.365673155873013,12.033910165071234,0,1.444827936836366,632.1339399999999,611.76,1,1,0,0,10,8,1,0,2178,0,,10,,-1.2900186666247118,-1.462526545161967,0,-0.14015620920459027,3.9345812862243577,,,,,,0.9714716487293289,23.41107994465465,23.80952380952381,6.1662527834616805,2,22.05133866069875,28.271171872263544,13.228263655158182,28.5437020332392,,,,298715
2026-03-27,605,611.32,592.445,593.31,612.3372263853812,612.397544155844,634.0989123752865,626.0179414635041,566.5990642563565,668.4391774876144,0,0,0,0,646.386647952867,545.3178812774058,16.09624820009478,26.858603114216894,4,11,576.4695280555308,574.32023,580.8151355296346,565.6290150517922,612.95348,595.99,593.8171962629481,598.162803737052,606.8540186852598,574.32023,0,0,1.5,4.714256946170687,0.09873628668732562,-2.0780555252492725,4,6.734492547348188,3.5818215694481523,0,1.994636665104537,612.95348,595.2856190482526,1,1,0,0,10,11,1,0,2178,0,,11,,-1.6013200156517775,-2.0458830784674378,0,-4.963993411178947,3.4921505843257346,,,,,,0.9937502511222884,27.315315621179696,33.333333333333336,17.087551259504867,2,23.328966510402026,29.566891962231423,12.202254395154963,33.338106625673525,,,,299266
2026-03-30,603.04,603.04,579.04,584.07,602.9148175902542,605.2007341991341,629.3342540538307,624.3729241512099,566.7729044130097,668.7873996395301,0,0,0,0,642.9726549926716,545.5004498762448,8.68598576282738,20.96446794871689,4,12,578.8912482114462,576.6593590270408,581.1231373958516,567.7318022894192,612.95348,595.99,593.7581108155946,598.2218891844054,607.149445922027,564.32646,0,0,3,3.0518564759027247,0.14637015071020465,-2.264401404741291,4,6.515597368057872,2.326223683339464,0,2.8373756386507694,612.95348,588.2406918292537,1,1,0,0,10,6,1,0,2176,0,,12,,-2.048886946645528,-2.228319548613654,0,-5.35842339808265,4.700151277459183,,,,,,1.3106915596988309,34.37655991184971,46.42857142857143,52.30618926991566,3,22.570691366276574,31.211207374712135,11.030704832017316,35.49989406677793,,,,403118
2026-03-31,591.99,610,586.37,605.01,603.6132117268361,599.5173277056276,627.0176584296563,623.6135937923389,567.1533730258155,668.9578437008636,0,0,0,0,641.4625148683903,545.7117034489181,13.074080618461789,76.21962184189275,4,13,579.0268000000001,576.7228136144809,581.3307863855193,567.5068680724037,628.31,616.18,613.8760136144807,618.4839863855192,627.6999319275964,587.4551143361999,0,3.5,0,6.674848246465653,0.07501071700225737,-1.2113917212866014,4,7.826421672147461,11.970767964318142,0,2.4934943925309585,628.31,587.4551143361999,1,1,0,0,10,8,1,0,2176,0,,13,,-1.3330918061594328,-1.2036670732872794,0,-1.6309593694976514,2.572163910524944,,,,,,0.9822299998485575,40.093398344120295,58.73015873015873,47.88325556929314,3,27.111519955235142,32.07823984726443,12.61946446697354,31.932659705153696,,,,304834
2026-04-01,608.92,622.63,605.074,617.97,608.3988078178908,597.2045445887446,626.1559766744509,623.3922763887177,567.6590111051606,669.0492845167767,0,0,0,0,640.4017091919603,546.0153644177947,19.465699463541974,91.58219566833108,4,14,613.5401298701297,,,602.0564430802186,643.66652,623.3922763887177,621.0955390307355,625.6890137467,634.8759631786288,598.4288399999999,0,3.5,2.5,8.862889148344573,0.044314445741722865,-0.5962553131102428,4,8.295324417889963,12.839607792842493,0,2.1738172457515375,643.66652,598.4288399999999,1,1,0,0,10,8,1,0,2176,0,,14,,-0.6682009484681699,-0.594764258523646,0,-0.9645302668084748,2.9303641054276324,,,,,,1.1476218412016794,44.37157337287852,66.26984126984127,54.4119225521197,3,28.735846714104273,31.80009293978908,16.664974287346766,29.745343151329866,,,,362390
2026-04-02,606.81,629.74,605.54,623.13,613.3092052119272,598.2445956709959,625.8677884197413,623.3819910401405,568.2109612434177,669.1091020320371,0,0,0,0,639.833145814254,546.2588867030408,18.132592562513818,93.61223926015523,4,15,610.66,,,598.9162194093684,643.66652,623.3819910401405,621.0332349220142,625.7307471582668,635.1257716307721,598.4288399999999,0,5,3.5,9.6652550729403,0.0483262753647015,-0.3544327716262455,4,7.427881731907519,31.034818670330097,0,2.124797108355944,643.66652,598.4288399999999,1,1,0,1,10,8,1,0,2176,0,,15,,-0.5516337418659424,-0.362105194667061,0,-1.6932070122780762,3.938222241582122,,,,,,0.8734404789804975,47.456994571089126,73.41269841269842,84.4355468992681,3,25.730937104553053,30.98996608732847,17.8346953423079,27.008950582320914,,,,273181
2026-04-06,624,633.61,621.35,632.01,619.5428034746182,602.4794398268399,626.4527609511945,623.720344332684,568.8457775494534,669.2018354767885,0,0,0,0,639.5868814626551,546.5254234884446,33.5087289169758,65.8617700666172,1,0,623.720344332684,,,612.2680837842403,667.0638422564947,639.5415599705042,637.2511078608154,641.832012080193,650.9938205189479,608.27506,0,3.5,0,11.103927451593917,0.05551963725796958,0.011998459431405326,0,7.54764429475384,35.39909728968636,0,2.73015967792952,667.0638422564947,608.27506,1,1,0,0,10,8,2,0,2176,0,,16,,0.3083563433195425,-0.008873717118782449,1,-0.0594837161006076,-0.6464356632269338,,,,,,0.8641555642131056,47.30669874043443,73.01587301587301,80.93417088591829,3,26.145806791942032,29.944096746112344,18.49093912488748,25.71815062589311,,,,269723
2026-04-07,627.26,636.585,625.941102,635.07,624.7185356497455,608.361583982684,627.2734503844141,624.1654288686572,569.5047250365235,669.3460186234818,0,0,0,0,639.4547066815367,546.7881939398458,49.560458573050354,48.10143317947134,1,1,624.1654288686572,621.9435456775176,626.3873120597967,613.0560129129594,664.4376539897372,639.7312587973305,,,650.8406747530282,614.4427,0,6.5,0,11.512683228268514,0.057563416141342576,0.10945812781094709,0,7.4865077287350275,45.091284280108944,0,3.625053313484539,664.4376539897372,614.4427,1,1,0,0,10,10,2,0,2176,0,,17,,0.14792384736111516,0.08080282899586139,2,0.8614123763424686,-1.108143226964208,,,,,,0.8209260841063943,47.12448365963878,72.22222222222223,81.7091113249389,3,25.93402351485229,28.74460803372419,18.895536106402982,24.618129075390872,,,,258289
2026-04-08,653.55,660.98,650.43,660.31,636.5823570998303,617.5037865800866,630.4197884430413,625.5828630306706,570.408260110787,669.6924173633267,0,0,0,0,640.0572893068565,547.1297082536635,62.018643056377634,38.06201347738447,1,2,643.7415999999995,641.4470834653699,646.0361165346291,632.2690173268517,665.5007044046241,665.5007044046241,663.2061878699946,667.7952209392537,676.9732870777719,636.21,0,0,0,15.760946356518735,0.07880473178259367,1.0754550120812316,0,8.507954599939959,50.204098968594785,0,1.8966177908269017,665.5007044046241,636.21,1,1,0,0,8,10,2,0,2176,0,,18,,0.8856501498328816,1.091693649037054,3,1.4278683650789672,-1.2577882159985192,,,,,,0.8356939428171389,47.01198477360439,71.42857142857143,59.51179420004563,3,29.472419271170697,27.33007462547002,26.483178170079324,22.136063546565893,,,,262621
2026-04-09,657.73,663.9453,651.34,654.98,642.7149047332202,627.7684203463205,632.7588562103707,626.7356919314286,571.2497699604309,670.1813985610995,0,0,0,0,640.4829791688265,547.4584383175736,77.41386309350743,22.785892336961375,1,3,644.5207999999996,642.2776301821292,646.7639698178699,633.3049509106479,665.4243899147854,665.4243899147854,663.181220096915,667.6675597326557,676.640239004137,636.21,0,2,1.5,14.657376587717309,0.07328688293858654,0.7308634780766567,0,8.55015984705336,78.58694441991257,0,1.8637545626957235,665.4243899147854,636.21,1,1,0,0,8,10,2,0,2176,0,,19,,0.7286315753935322,0.7247867293271543,4,3.4103011065120405,-3.34786400743437,,,,,,0.8570826684632743,45.36998909705385,67.85714285714286,53.18061818073374,3,29.61862253586352,26.178674327487578,26.33471795204734,21.025423309125497,,,,266897
2026-04-10,654.57,654.57,640.68,645.74,643.7232698221468,637.0859350649351,633.9951556189068,627.4809589145099,571.9909662792326,670.7370146279264,0,0,0,0,640.6437520841683,547.7886142679122,86.727263540118,17.466171584917664,1,4,645.0293999999996,642.8187780262629,647.2400219737362,633.976290131316,665.30122591684,666.080398758676,663.8697767849393,668.2910207324127,677.1335086273596,623.00796,0,3.5,0,12.893391341562706,0.06446695670781354,0.2496456705222367,0,8.561846452737031,79.12500501257925,0,1.8340382170882075,665.30122591684,623.00796,1,1,1,0,19,15,2,0,2176,0,,20,,0.9169292031078395,0.23172296280490004,5,4.251593796247427,-2.6381789327107867,,,,,,0.9730502574942675,43.40385708347326,61.904761904761905,46.34243156159651,3,29.6591061254878,24.410537074943377,24.813707482125977,24.116571959709248,,,,295162
2026-04-13,643.88,657.555,643.3001,655.99,647.8121798814312,646.0275709956711,636.0899027028204,628.5989605257056,572.8267775600362,671.4088367643508,0,0,0,0,641.0674582194375,548.1250502929096,91.60927479800087,12.198336961293432,1,5,655.99,643.4628037029582,647.8227962970408,625.8601296236701,667.8786168125456,667.8786168125456,665.6986205155043,670.0586131095869,678.7785982977518,636.21,1,5,0,14.5180403042956,0.1870665814336204,0.616426121945585,0,8.605434123722617,83.75909212102252,0,0.394579089257726,667.8786168125456,636.21,0,1,0,0,8,10,2,0,2176,0,,21,,1.9158110392971393,0.6022534892245374,6,4.418937508904749,-3.4632189370565754,,,,,,0.9049700087529167,41.07399761735444,57.93650793650794,37.7855157574269,3,29.810098246949064,22.950701004039196,24.587556545941283,22.70856120620867,,,,274037
2026-04-14,657.31,658.69,646.68,647.59,647.7381199209542,652.6573147186148,637.1851500644566,629.3437071717564,573.5706902211305,672.1278977850466,0,0,0,0,641.2519831196075,548.4501055298737,94.10440746125244,39.74984892821189,1,6,646.1885999999996,644.0570855813185,648.3201144186808,635.5310279065939,663.9453,668.2005758920758,666.0690614733946,670.3320903107569,678.8581479854815,623.00796,0,0,0,12.905002128043307,0.18459670359034852,0.1702761942375678,0,8.660167754530539,55.332003846531485,0,1.6661111784537797,663.9453,623.00796,1,1,1,0,13,15,2,0,2176,0,,22,,1.9605735436010558,0.1566520337288021,7,4.462217734155696,0.9624626644286929,,,,,,0.9432546327578497,38.31251023710868,53.57142857142857,27.709639845909017,3,29.999701105833136,21.666980308970444,23.826039990072125,21.566139809476557,,,,288967
2026-04-15,644.7,646.18,626.95,634.77,643.4154132806361,655.5962103896104,636.9551357726036,629.5565029689424,574.1796385771391,672.7966315902678,0,0,0,0,640.995774181767,548.858519983608,91.95938778947907,53.21917745708282,1,7,626.3432514844711,624.17970238141,628.5068005875322,615.5255059691657,663.9453,645.183580642153,,,655.2735964122439,614.4427,0,4.5,1.5,10.552509589683181,0.05276254794841591,-0.4201316062111589,0,8.884917665806052,42.73690847242871,0,3.475959797938284,663.9453,614.4427,1,1,0,0,8,15,2,0,2176,0,,23,,0.7217950509380474,-0.42929972087010443,0,2.902355834113579,0.9255068146746385,,,,,,1.3477981287938385,35.25779116213136,46.03174603174603,14.554214142182605,2,30.778257636484707,20.992968752062886,21.79659735252895,27.871399962849328,,,,420350
2026-04-16,636.04,636.59,623.96,635.76,640.8636088537575,655.7284601731602,636.84131331807,629.7997773623172,574.7923784917945,673.400369410706,0,0,0,0,640.8160997655232,549.2266134683142,94.80481824592081,60.25056889520037,1,8,629.7997773623172,627.6779996237605,631.9215551008739,619.1908886695336,663.9453,645.0683020677928,,,655.0133109542264,618.5833,0,4.5,0,10.606894556984088,0.05303447278492044,-0.37210821229202273,0,8.767866724289183,58.87869623192462,0,3.218576763927159,663.9453,618.5833,1,1,0,0,8,15,2,0,2176,0,,24,,0.29141226914362356,-0.3818994058817713,0,4.969443616575492,0.9612874061705083,,,,,,1.1922764954801732,31.59851423859849,37.698412698412696,4.035629619621472,2,30.372781280922727,20.530459440584025,20.638155762825814,27.648306288315283,,,,377916
2026-04-17,635.76,645.33,631.05,635.83,639.1857392358384,653.7627311688311,636.7449977639681,630.036256681442,575.399718009289,673.9135451895146,0,0,0,0,640.6249463464839,549.6506732035047,96.2019271884534,43.96978810095018,1,9,635.83,618.6088592095462,622.8043035811515,610.2179704663355,663.9453,645.3889211585276,641.1934767869224,645.74,654.1308887432107,618.5833,1,3,1.5,10.502313452599827,0.05251156726299914,-0.3668576666551831,0,8.765813722151002,74.5616369080152,0,1.0977380751121293,663.9453,618.5833,1,1,0,0,8,15,2,0,2176,0,,25,,0.11231982684887634,-0.37724552323341337,0,4.939996465126182,-1.2799208987959467,,,,,,1.358835748797504,29.465697793513645,33.73015873015873,-2.9637801339750176,1,30.36566947289997,19.48088879334968,23.103785675030828,25.967836359733496,,,,439024
2026-04-20,635.26,646.36,635,645.73,641.367159490559,651.7454290043291,637.6007122626378,630.6516975958953,576.0995218101916,674.3806454478017,0,0,0,0,640.797498648989,550.0780573390659,97.41994189851044,37.02432226085195,1,10,645.73,619.7369918049126,623.8356187214033,612.9409846680747,663.9453,646.3666999999997,644.3173865417543,648.4160134582451,656.6132672912264,623.00796,1,3.5,0,12.086536362852538,0.060432681814262694,0.052755038445709924,0,8.281348305193653,77.19618576896974,0,0.5555305584997087,663.9453,623.00796,0,1,0,1,8,15,2,0,2176,0,,26,,0.14157871121626048,0.038555741832270556,1,5.559960102880493,-1.1247274750934402,,,,,,1.2890969975430155,28.813077488374827,32.93650793650794,0.43798081564783303,2,28.687432039539633,18.43424736480195,22.409045144860062,24.682586153396652,,,,400609
2026-04-21,644.47,646.6,632.6891,642.79,641.8414396603727,649.7194199134199,638.0949301423866,631.1277094548798,576.7631086578514,674.7695541744494,0,0,0,0,640.8700731033506,550.5369885942899,98.58189005449569,55.63917248408704,1,11,621.7863052631579,619.7591668733587,623.8134436529572,611.6506133141618,663.9453,646.3029166666664,644.2757782768672,648.3300550564657,656.4386086156626,623.96,0,2,1.5,11.447835402613658,0.05723917701306829,-0.1123682493626366,0,8.239725459784506,75.23235942422966,0,4.159458964320382,663.9453,623.96,1,1,0,0,8,15,2,0,2176,0,,27,,-0.055162028080291046,-0.12564225640492854,2,7.802735100468512,1.41228474777245,,,,,,1.3957117305212368,28.14065765241275,31.349206349206348,-1.4104514155832466,1,28.54324627353118,17.615365923375297,21.0360242098427,24.18810396906025,,,,448022
2026-04-22,665.01,687,650,656.69,646.7909597735818,649.1432385281387,639.8658891764451,632.130152221355,577.558401109017,675.1540518510574,0,0,0,0,641.642473418294,551.2723779482671,95.74360564647593,89.70836535390976,4,0,646.3220999999998,644.0450250666147,648.5991749333848,634.9367253330747,663.9453,656.69,673.5764218638199,679.549437919354,693.1231989341601,636.21,2,0,4.5,13.701055813409688,0.06850527906704844,0.4488185929574499,4,8.475608184415108,44.31008446696691,0,1.5478805498774078,663.9453,636.21,1,0,0,0,8,8,2,0,2048,0,,28,,-0.42207184070523235,0.434206994441702,3,4.251001917428052,2.7069768386575577,,,,,,1.8546870371129227,27.460549828457133,30.555555555555557,-6.470689237925469,1,29.360368000907144,18.133318759974127,33.230543261793315,19.995083365577017,,,,631381
2026-04-23,659.46,663.91,650.19,651.75,648.4439731823878,649.2002489177488,640.9977092548788,632.8995580165961,578.2966259736039,675.4910434500242,0,0,0,0,642.0902324614971,551.9288966561269,97.44881173808149,96.87510331936525,4,1,646.2403999999998,644.0034732761422,648.4773267238573,635.0557663807123,663.9453,663.9453,,,675.1299336192875,623.96,0,0,6.5,12.701677776994128,0.21350838888497065,0.15793342527048845,4,8.527803387261054,29.866100349745338,0,1.5829664701281476,663.9453,623.96,1,1,0,0,8,8,2,0,2048,0,,29,,-0.41212492996922606,0.14455601648183977,4,4.957023995500399,4.398695111667334,,,,,,1.6711082166770144,26.776924840928096,29.365079365079364,-9.357286613372974,1,29.541177487388225,18.614274965387327,31.410751175555554,18.90009992863221,,,,599420
2026-04-24,651.27,661.065,636.51,648.68,648.5226487882585,649.3037363636362,641.7293559925095,633.5183988786904,578.9969580534686,675.7540681305915,0,0,0,0,642.2990025612291,552.393543739699,98.276891797107,87.18669900836068,1,0,646.4857999999995,644.189412684989,648.78218731501,635.0038634249468,663.9453,668.34,666.0436126849895,670.6363873150106,679.8219365750527,623.96,0,4.5,2.5,12.03513092379604,0.2101756546189802,-0.02429207490151845,0,8.146864825833774,52.96323711046643,0,1.5206058565012013,663.9453,623.96,1,1,1,0,1,15,2,0,2048,0,,30,,-0.21355728401921467,-0.03747856200328281,5,6.360194419549284,2.871250820318191,,,,,,1.2099139248656958,26.400182112636827,27.38095238095238,-6.453877809209317,1,28.221567601479734,18.12751211460873,28.41189871844142,22.41458004401655,,,,442702
2026-04-27,648.16,657.49,639.027,655.49,650.8450991921724,650.137288311688,643.0398935170324,634.3800302952124,579.7580828489564,675.9918783423155,0,0,0,0,642.5678116293913,552.7176245586867,97.37481637382541,87.3929108439687,4,0,655.49,632.9895439902836,637.5839597181604,620.6493370884932,675.8363211290241,658.69,656.3927921360616,660.9872078639385,670.1760393196919,636.21,1,3.5,0,13.062675517845939,0.2153133775892297,0.22648919069065698,4,7.418163272778284,45.929524834154094,0,0.5839820321646155,675.8363211290241,636.21,0,1,0,0,8,8,2,0,0,0,,,,-0.3253952667362812,0.21643432747249805,6,4.51165252686994,2.4266716814181617,,,,,,0.7953782885893599,26.22648431400699,26.58730158730159,2.0594129692054706,2,25.697271374586823,17.67551803888575,26.373053718071297,20.80610414062765,,,,290684
2026-04-28,652.94,659.49,641.71,641.89,647.8600661281149,649.9854225108223,642.9303798487435,634.6745389110864,580.37631088031,676.1222746101117,0,0,0,0,642.5508975975746,553.0682758801021,90.38656010224273,92.1907794916754,4,1,635.2872834279347,,,623.8279254882209,668.34,645.3830606361404,643.0911890481976,647.6749322240831,656.8424185758541,623.00796,0,0,4,10.598931756257675,0.20299465878128836,-0.4108465193073461,4,7.58911925075022,15.25328898288749,0,1.952561457094975,668.34,623.00796,1,1,0,0,8,8,2,0,0,0,,,,-0.49416629454904953,-0.416356669611994,0,2.5921641365033654,4.449606454799922,,,,,,1.004124175247467,23.130054674800824,20.238095238095237,-12.01783203270327,1,26.28948025399686,17.36564665921247,25.325434818015587,19.36493743229149,,,,365063
2026-04-29,641.43,645.87,622.91,630.56,642.0933774187432,648.1313316017315,641.7522484345775,634.513184443985,580.8756510705557,676.0819297071854,0,0,0,0,642.2885649324969,553.3404468466576,90.95141683115075,94.9990737424256,4,2,621.9944890980375,619.6613226235193,624.3276555725558,610.3286567254462,649.7021199999999,645.0350485548968,642.2885649324969,649.7013815039334,659.0340474020064,619.7013930457481,0,6,5.5,8.553353689016888,0.19276676844508445,-0.8912250214130405,6,7.18866096521317,18.02980855859497,0,1.8096762336957608,649.7021199999999,619.7013930457481,1,1,0,0,8,8,1,0,0,0,,,,-0.4485161650330788,-0.8897837214265579,0,3.6111560235088707,4.883863012996217,,,,,,0.8972674335065981,18.713238032751057,11.904761904761905,-24.853230191959774,0,24.90225206027267,16.3870200219901,23.10025534865727,24.85785971283329,,,,327218
2026-04-30,641.25,654.045,632.65,645.85,643.3455849458288,646.7839688311687,642.1425104884272,634.9577654461816,581.522162005177,675.9804411400382,0,0,0,0,642.3839057139985,553.7471683297096,95.05363233831595,84.78696667051321,1,0,645.85,643.2134007736612,647.9657992263379,613.6404061892928,663.9960768512444,662.1538096348262,,,676.4110049928565,624.0649231487544,1,3.5,2.5,11.061975312000282,0.2053098765600014,-0.18815038059430428,6,7.270712763632315,63.103918008235944,0,0.5633749049394161,663.9960768512444,624.0649231487544,0,1,1,0,5,15,2,0,0,0,,,,0.023455074395727055,-0.1916997566984619,1,6.204820474370496,1.4347533114846955,,,,,,1.1205996288001814,13.918909961742049,7.142857142857143,-44.7365982229832,0,25.186487827701388,15.440773962577904,24.13353249234988,22.664279982329482,,,,411410
2026-05-01,648.15,648.15,634.2,640.33,642.3403899638859,645.2186307359307,641.9698904419104,635.1684413110372,582.1073146220409,675.7875670482881,0,0,0,0,642.354091067072,553.9561166674997,96.09835982149195,90.98741152551511,1,1,632.1684492538492,629.8374249722492,634.4994735354492,620.5133278458494,662.5267813258099,646.2510815264925,,,658.0040971263998,627.2542186741889,0,3.5,5.5,10.002053558760517,0.2000102677938026,-0.44128657598125565,6,7.317372708738143,25.05725847148362,0,2.6047203636268867,662.5267813258099,627.2542186741889,1,1,0,0,8,15,2,0,0,0,,,,-0.15874104715527057,-0.4389859694046555,0,4.701924605073016,4.723598297167447,,,,,,0.6205459365618832,15.357316908256358,7.5396825396825395,-39.41438133645915,0,25.34812261890472,14.562116907409434,22.844005958097537,21.453259986553793,,,,226371
2026-05-04,642.28,644.125,635.11,637.58,640.7535933092572,643.4305290043288,641.551805637919,635.2630122400161,582.659281640727,675.4869674564234,0,0,0,0,642.2933054836335,554.1350260645748,88.1713763526955,93.98311964989017,4,0,632.4504597578625,,,621.22539166472,662.146496753126,646.0692811842431,642.2933054836335,648.68,657.660054474514,628.191503246873,0,2,5.5,9.425872047317286,0.19712936023658642,-0.5506433786818714,6,7.210055420999952,14.054311104865768,0,1.5424145990653038,662.146496753126,628.191503246873,1,1,0,0,8,8,2,0,0,0,,,,-0.5670858669656765,-0.5447494840506072,0,2.3088527110625243,4.445130365359083,,,,,,0.5565484784757264,20.67840769991927,15.476190476190476,-17.20809650652128,1,24.976364629118653,13.746221070467282,22.02497372594064,20.68409054026405,,,,201116
2026-05-05,640.08,644,627.93,631.87,637.7923955395048,641.0073281385281,640.6297289104981,635.1299529364861,583.148940529874,675.046932856679,0,0,0,0,642.1440164712404,554.3243641054988,85.94862650727043,96.3693145848498,4,1,626.9291523097736,622.91,627.5990110280692,613.9974494165226,649.7021199999999,645.6516454557606,642.1440164712404,649.7021199999999,658.6146705834773,627.5990110280692,0,0,7.5,8.354822599155531,0.19177411299577765,-0.7754567699354175,6,7.253738919954859,10.885255581161154,0,1.3926251202809423,649.7021199999999,627.5990110280692,1,1,0,0,8,8,1,0,64,0,,0,,-0.6543079375245994,-0.7654625617083022,0,2.623962357683345,5.651894668719555,,,,,,0.6376946727175636,30.022987492673746,39.682539682539684,19.481691456299526,2,25.127688708403216,13.034919632534802,20.60666349163855,22.22928980491845,,,,229522
2026-05-06,635.26,647.46,633.38,644.13,639.9049303596698,639.3546575757575,640.9630880618793,635.4828959585847,583.7557172410196,674.5484888013037,0,0,0,0,642.1783299926191,554.5920743390644,92.42615701877071,91.82838850016515,4,2,644.13,640.6454186145495,645.0617813854496,615.7145489163992,660.1317356243046,648.68,,,659.7209069272504,628.2682643756943,1,5.5,0,10.342388258623801,0.201711941293119,-0.2085947513066079,6,6.3431192621590045,52.07291064006858,0,0.5631350203530489,660.1317356243046,628.2682643756943,0,1,1,0,5,8,2,0,320,0,,0,,-0.6929196499203328,-0.2037144093524428,1,6.102925700487919,2.3888241596235247,,,,,,0.7807228394848772,36.7263169569505,54.76190476190476,67.14133934021062,3,21.973209681056407,12.124718278067958,20.706705885316904,20.82802912456306,,,,281748
2026-05-07,644.36,646.94,626.765,630.78,636.8632869064465,637.1984207792208,639.9932701512241,635.2984686660911,584.2236205520543,673.9158367148982,0,0,0,0,641.9641002775818,554.8430338351246,89.57058110476261,95.26784808990163,4,3,626.2807237409082,624.0501356687046,628.5113118131119,615.1277833798899,649.7021199999999,644.7491216078154,641.9215999999996,649.2102977522227,658.1326500410373,626.8425110310596,0,0,5.5,7.968931383491968,0.18984465691745983,-0.7898738636354997,6,6.612870760210975,12.226905583757016,0,1.3379588698228575,649.7021199999999,626.8425110310596,1,1,0,0,15,8,1,1,320,0,0,1,,-0.9600187590301561,-0.7797134310328642,0,2.9413223340983237,5.600575825986103,,,,,,0.8601201859597266,41.624623619096965,65.87301587301587,81.706164560184,3,22.907656281144067,11.741414039926603,19.03450996291591,21.793879931459873,,,,312356
2026-05-08,634.81,635.98,620.32,621.38,631.7021912709644,633.9444147186147,638.2205777558695,634.7526463654601,584.5933357704419,673.1015539569761,0,0,0,0,641.7205920566083,554.982343673475,77.90167780647221,86.69266367368775,4,4,614.3332340425532,,,601.0667433545613,643.66652,622.91,620.698918218668,625.1210817813319,633.9654089066598,598.4288399999999,0,0,7.5,6.292693053210502,0.20133489601486676,-1.1466451313139556,6,6.629126594357086,3.688319794579513,0,2.2144056548873925,643.66652,598.4288399999999,1,1,0,1,15,19,1,1,320,0,1,0,,-1.158971445990514,-1.130990929216633,0,1.338246335434219,7.912665346669448,,,,,,0.55521556539155,45.51464281837042,75,98.20025239542395,3,22.96396814246502,11.809814107494523,17.83083111320429,23.018263797511395,,,,198958
2026-05-11,621.9,633.45,618.8486,632.58,631.9947941806429,631.4073870129871,637.6833798743581,634.6674445472067,585.0708150165071,672.2010245465082,0,0,0,0,641.5928251160856,555.176546231153,82.91160696900806,94.1754766713238,4,5,619.7568826104122,617.5733655991753,621.940399621649,608.839297554228,658.4251138592081,638.6649420708891,636.4814250596522,640.8484590821259,649.5825271270733,622.777886140791,0,5.5,0,8.12024523598096,0.1907314943676143,-0.5852404003245729,6,6.691407070421647,27.329891891362344,0,1.4551804129154908,658.4251138592081,622.777886140791,1,1,0,0,8,8,1,1,448,0,2,0,,-1.001042145501676,-0.5748058328266216,0,3.086694347537475,2.877784021363706,,,,,,0.6686537879593126,48.11918501384847,81.34920634920636,107.59179742430626,3,23.179714040191815,11.969500999271158,16.766218805577832,22.24559620582756,,,,238417
2026-05-12,631.15,634.56,620,632.17,632.0531961204285,629.5843532467534,637.1582960768002,634.5695055453555,585.539463623308,671.228809000426,0,0,0,0,641.4471611657178,555.3923871393608,84.32213483059562,92.70305850322052,4,6,620.118874970248,617.9613234598138,622.2764264806823,609.331117418077,649.7021199999999,638.27545689449,636.1179053840558,640.4330084049243,649.063214446661,621.9488429458424,0,5,0,7.963688064360847,0.18981844032180423,-0.5760773650331581,6,6.589666768803414,25.408029879470615,0,1.5134390877520163,649.7021199999999,621.9488429458424,1,1,0,0,8,8,1,1,448,0,3,1,,-0.578813783358333,-0.5646408042889768,0,2.831014747845659,2.942836026387163,,,,,,0.7533284698286198,49.968925141945384,84.52380952380952,118.90008549747265,3,22.82727529703149,12.016977390382442,16.215345739323862,20.90522148347593,,,,267812
2026-05-13,635.36,640.455,623.5,635.96,633.3554640802857,629.0526870129872,637.0441726409144,634.6240347396553,586.0411605026782,670.2213617145256,0,0,0,0,641.3660687382262,555.6109560845372,88.61428263581675,90.33195519253276,4,7,634.6240347396553,,,623.8499116554965,657.7117260668738,639.3255784466517,637.1707538298199,641.4804030634834,650.0997015308104,622.068273933125,0,3.5,4,8.517974992490949,0.19258987496245475,-0.387778616609492,6,6.316961581941438,43.81761128840615,0,1.6017363435266576,657.7117260668738,622.068273933125,1,1,0,0,8,8,2,1,448,0,4,2,,-0.075742489444653,-0.3773295875906298,0,3.869872246192621,2.471637556594643,,,,,,0.747871106621657,51.1413132611246,86.9047619047619,133.70769787827874,3,21.88259681876648,11.529298598905372,17.51876973682287,19.43655691973176,,,,259871
2026-05-14,640.48,640.48,627.345,638.56,635.0903093868571,629.6236458874458,637.1885371513035,634.7783863184923,586.5637360200644,669.2080283829798,0,0,0,0,641.3336736019229,555.7884163383319,88.85729925624952,92.96585921522225,4,8,635.8090489048224,,,625.2181221123892,657.7635253123216,640.5757976167976,638.457612258311,642.6939829752841,651.1667244092307,622.2964746876772,0,7,0,8.864554827875839,0.1943227741393792,-0.26725612528005555,6,6.3281111674030495,37.46369314708284,0,1.725941769532414,657.7635253123216,622.2964746876772,1,1,0,1,8,19,2,1,448,0,5,0,,-0.4891226380247791,-0.25796929336268076,1,3.241372093813698,3.924682659228478,,,,,,0.6060899384395639,51.68332718829321,88.0952380952381,135.76847874041204,3,21.92122011577216,11.074186592606548,16.559352484838918,18.360420257864035,,,,205376
2026-05-15,631.62,631.82,616.4,616.58,628.9202062579047,628.4189666666667,635.2258193273699,634.064724109924,586.8624053133971,668.0608999127127,0,0,0,0,641.0274253039413,555.9292106861792,80.61881373851652,79.36897462230945,4,9,610.66,608.4952564528338,612.8247435471661,599.8362822641692,636.2881518,621.4436387096774,,,632.2673564455082,598.4288399999999,0,0,6,5.063809577431212,0.17863178764816953,-1.2121838529664295,6,7.241655150759326,12.822150790849633,0,2.3677771746726903,636.2881518,618.641418755602,1,1,0,0,15,8,1,1,448,0,0,0,,-1.0265019180881079,-1.1944204724045742,0,1.7245417177998288,4.41087400458619,,,,,,0.6793210203959698,51.32146188229923,87.3015873015873,104.58347723064163,3,25.085829304016016,11.495399035232612,15.045830860301162,21.196590455821827,,,,222848
2026-05-18,618.2,620.28,611.68,617.61,625.1501375052699,626.1785177489177,633.5481222485728,633.4194408114956,587.1683515291842,666.7989608869345,0,0,0,0,640.7184645252672,556.0832048618353,74.63496253080697,90.82326834960709,4,10,614.2957754913247,,,601.7743471571132,636.2881518,617.61,619.910498262706,624.0843077074431,636.9752377789486,598.4288399999999,2,4.5,5.5,5.184483869325642,0.17592241934662822,-1.0764384003328342,6,7.029922132355591,12.666213184231395,0,0.990494421961162,636.2881518,615.4686062949778,1,1,0,0,8,8,1,1,448,0,1,1,,-0.8979588056368918,-1.060323567267744,0,1.4851446703748232,4.25533559684003,,,,,,0.7524554675796731,50.00443198023443,84.12698412698413,105.3370700337251,3,24.35236461298565,12.210836745461707,14.492233536356716,22.436077025567034,,,,240828
2026-05-19,616.8,616.8,602.76,606.45,618.9167583368466,622.2178956709955,630.9673487010897,632.3618156816331,587.3602087278988,665.3743558999383,0,0,0,0,640.2477950674739,556.2155838853354,55.89537141636529,60.68114474665461,4,11,595.99,,,585.6378530747173,628.31,608.92,606.8495706149434,610.9904293850565,619.2721469252826,587.6948,0,8,4,3.2500995110727375,0.17591750929579764,-1.4790094664631268,4,7.207998591307964,7.105670555654925,0,2.0503186588438402,628.31,587.6948,1,1,0,0,8,8,1,1,448,0,2,2,,-1.0773360939234715,-1.4572482416104815,0,-0.26071947780673677,4.496022550591039,,,,,,0.8190262494244677,47.87389858693419,80.15873015873017,91.7315041491132,3,24.969239562060576,13.43663142257924,13.564157985044114,24.84596471516761,,,,254197
2026-05-20,615.7,628.34,606.75,614.2,617.3445055578977,618.3165073593073,629.370458348605,631.6495876156866,587.6272713276212,663.8562690797294,0,0,0,0,639.664061316031,556.4688347522236,63.29656828488748,95.79058357483375,4,12,608.7384048536659,606.6204168532562,610.8563928540756,598.1484648516176,632.1339399999999,614.2,630.4683818300399,634.7043578308593,645.2839040032771,608.0757858376887,2,5.5,4,4.52203802800767,0.1976041163650068,-1.0242504957091643,4,6.947763043798336,12.775934513286742,0,0.19702203949882416,632.1339399999999,608.0757858376887,1,0,0,0,8,8,1,1,448,0,3,3,,-1.1999514097997477,-1.01118046698311,0,1.6143335658452056,4.459554421394458,,,,,,1.4141706725180458,45.417528247191,73.80952380952381,88.70694059470769,3,24.067757181616212,13.443373733958296,17.177259283227073,22.553196735815497,,,,424264
2026-05-21,606.35,610.93,599.57,607.12,613.9363370385985,614.4830805194804,627.2513670773093,630.6876430033068,587.8212288268488,662.2163182448395,0,0,0,0,639.0847512229359,556.6471111060482,65.26309775546761,77.77203824277615,4,13,604.7639200968009,,,594.2772793806133,628.31,608.92,606.8226718567624,611.0173281432375,619.4066407161876,587.6948,0,3.5,4,3.2831021111073055,0.16712006571664578,-1.2551501899435933,4,6.985100037187529,9.976700119051031,0,2.024022809061811,628.31,604.7639200968009,1,1,0,1,8,19,1,1,448,0,4,4,,-1.005636441288874,-1.2405606733285415,0,1.3981189247993968,5.139776986916209,,,,,,1.1946962587941579,42.644567043494455,66.26984126984127,76.23836545617948,3,24.197096320720103,13.917942508745664,16.107431702308837,24.205157099418916,,,,343109
2026-05-22,611.26,621.88,605.785,620.45,616.1075580257324,612.3615961038961,626.6036178318512,630.2861668070987,588.1458932166314,660.5535385193327,0,0,0,0,638.8174995329931,556.8301435438708,63.8233299004536,94.41261848574302,4,14,615.7328571428571,,,603.1855110591052,640.48,629.4924462234121,627.4012218761201,631.5836705707042,639.9485679598721,604.1637986539183,0,3.5,0,5.492532916738413,0.17746266458369206,-0.5816189750862567,4,7.423788050411869,17.29346242167182,0,2.4223749692177035,640.48,604.1637986539183,1,1,0,0,8,8,1,1,448,0,5,5,,-0.250674770811818,-0.5779038982953226,0,1.1144809032129532,2.9676194370908138,,,,,,1.0049227617128567,39.43255708602898,59.523809523809526,53.334101767567596,3,25.716756175872117,13.408726678142239,19.67570571294486,22.541820140772987,,,,280455
2026-05-26,625.01,634.575,621.5,627.97,620.0617053504883,612.3551805194804,626.7337494669131,630.1953367362321,588.5421529856202,658.9280080435423,0,0,0,0,638.5850069361566,557.140452402509,79.71131968382527,91.0038452471516,4,15,627.3506999999998,,,617.0108637447156,640.48,631.0893928847444,629.0214256336875,633.1573601358012,641.4292291400286,608.27506,0,3.5,5,6.699239266782506,0.18349619633391254,-0.22787619110894147,6,7.454191216144764,47.24344065434931,0,2.206450114051362,640.48,608.27506,0,1,0,0,8,8,1,1,448,0,6,6,,-0.37114368107375817,-0.22625582948505085,1,4.54453883866778,2.4261745712323797,,,,,,1.4977743569694328,35.70967652718113,52.38095238095238,38.291269688580634,3,25.822075831392738,12.892571877240089,23.95691409133944,21.167095372984296,,,,428307
2026-05-27,628,632,612.08,612.52,617.5478035669922,612.0237173160173,625.3800590414928,629.5021862759877,588.7807385280519,657.2485783575086,0,0,0,0,638.1211052530641,557.3439314456723,56.95872955975139,94.13629274024022,4,16,604.9822520875132,,,592.3935774030537,632.1339399999999,612.52,614.4818875525901,618.67811244741,646.0897991585588,603.8959768013099,2,0,5.5,4.031935815579857,0.17015967907789928,-0.8981088667035042,6,7.568311503205186,7.029272637599334,0,0.25689826614560995,632.1339399999999,603.8959768013099,1,0,0,0,8,8,1,1,448,0,7,7,,-0.8651992347054619,-0.8885541069331492,0,-0.4321618478185618,4.583619613078357,,,,,,1.2669465099334447,31.308875588163676,41.26984126984127,19.42021507172057,2,26.21740010211873,12.201118402408657,21.92608476318801,23.38146438157866,,,,362112
2026-05-28,614.24,636.83,611.92,634.06,623.0518690446614,613.8077073593073,626.2067200851602,629.6809240690862,589.2312784431956,655.6540882877086,0,0,0,0,638.0313864921868,557.7000616928419,92.83908027075495,69.04304724021122,4,17,634.06,627.9273197614766,632.2686357352379,599.3294722099096,650.8932257712584,639.8270363979165,,,650.6803263323197,614.4427,1,6,0,7.608001000090496,0.18804000500045248,0.0898405971811531,6,8.223587853508278,50.64883371066254,0,0.48468096635322133,640.48,614.4427,0,1,0,0,8,8,1,1,448,0,8,8,,-0.2761503233608486,0.09255964303301686,1,3.8563056642980307,0.889510085746498,,,,,,1.5717572150463819,25.41883389753495,26.984126984126984,-10.771485301470813,1,28.48734396556524,11.443566663026932,21.666211408159665,20.985744638725016,,,,459638
2026-05-29,632.82,634.34,619.65,619.83,621.977912696441,615.3748151515151,625.599413410383,629.2946133212789,589.5357433343081,654.0599882421285,0,0,0,0,637.5536395151647,558.0499879481699,86.05687870130406,97.85228452179861,4,18,601.224624780047,599.0778530779435,603.3713964821504,590.4907662695297,640.48,619.83,618.3032282978966,622.5967717021035,651.5141736168277,604.0097253257912,2,0,5,5.138663263121769,0.17569331631560883,-0.5563353874433159,6,8.132534303357668,16.955769070224328,0,0.49931157635768464,640.48,604.0097253257912,1,0,0,1,8,5,1,1,448,0,9,9,,-0.8230922125048398,-0.5482756367444224,0,2.866696224130987,4.912072442422261,,,,,,1.8699783248859683,20.606626216997615,15.079365079365079,-26.854036210080434,0,28.171925215424487,10.740125762172472,20.342476908876343,19.703584428612402,,,,560818
2026-06-01,611.82,614.03,603.75,609.47,617.808608464294,615.792670995671,624.0632787998703,628.5171775047581,589.7340941469021,652.4139734580976,0,0,0,0,637.0738009162806,558.2410716716719,74.16460693301119,85.93689672114667,4,19,600.2664970397498,598.1294947449394,602.4034993345601,589.581485565698,628.31,629.5666429827806,627.4296406879703,631.703645277591,640.2516544568324,602.3455547529101,0,3,1.5,3.3465770503988823,0.01673288525199441,-0.9735128590157298,6,8.243454534746991,26.083914016602304,0,2.547595601181734,628.31,602.3455547529101,1,1,0,0,8,8,1,1,448,0,10,10,,-0.4511576180269018,-0.9618204169525424,0,1.4359300570765994,1.8556471982433016,,,,,,1.2091849101187775,20.019813155075518,14.285714285714286,-29.89319911034352,0,28.556164168131698,10.95468654819218,18.975796827352205,25.022978251745236,,,,371411
2026-06-02,611.39,619.35,607.71,618.81,618.1424056428626,616.4797627705627,623.562966533216,628.1365038771206,590.0234066429528,650.7908955233218,0,0,0,0,636.8650163651993,558.3930246385245,68.82495108897541,88.67903425907588,4,20,600.439429505362,598.3511416601809,602.5277173505431,589.9979902794568,636.2881518,620.45,618.361712154819,622.5382878451811,630.8914392259053,602.111082179129,0,2,0,4.878890063164416,0.024394450315822082,-0.49930575034828767,6,8.426196993932814,18.435154056044873,0,1.7563591976259523,636.2881518,602.111082179129,1,1,0,1,8,19,1,1,448,0,11,11,,-0.16963029453641534,-0.49296152253140824,0,1.177457678235136,2.9749063459432694,,,,,,0.8117328447285239,19.42204607840886,13.492063492063492,-33.461539412995585,0,29.18920261615155,10.734717051338068,20.30601217598087,23.777650703345586,,,,251370
2026-06-03,618.84,625.9587,616.62,618.02,618.1016037619084,616.9963246753247,623.035064958624,627.7397782348806,590.3019797111821,649.197615742106,0,0,0,0,636.6129695730582,558.5698877226204,70.25616100088035,86.04851184507655,4,21,600.1903472661243,598.1678415884561,602.2128529437924,590.0778188777837,636.2881518,620.45,618.4274943223319,622.4725056776682,630.5625283883406,601.6341987765904,0,0,1.5,4.695566208736001,0.02347783104368001,-0.5085581534447092,6,8.389223389090482,27.342926783070066,0,1.8606426109125782,636.2881518,601.6341987765904,1,1,0,0,8,8,1,1,448,0,12,12,,0.18706870969484832,-0.5027092974733359,0,1.678675508786394,1.9740607728667445,,,,,,0.9520440742455379,19.036280986812546,13.095238095238095,-34.49571287851279,0,29.061122291899764,10.032929399941958,22.38634469059838,22.797376452647697,,,,298084
2026-06-04,621.25,623.94,615.4,618.59,618.2644025079389,617.5772385281385,622.6117254387551,627.3809634021402,590.5834525498768,647.6396794874773,0,0,0,0,636.4310728065024,558.7052911676981,62.239181401887194,87.03237937033865,4,22,600.7411499709265,596.8325679981143,603.75,589.0154040524899,636.2881518,620.45,618.4957090135939,622.4042909864062,630.2214549320306,603.75,0,2,3,4.742182892054186,0.023710914460270932,-0.45908617422433723,6,8.11843542199595,18.652674570824093,0,1.7090597169166586,636.2881518,603.75,1,1,0,1,8,19,1,1,448,0,13,13,,-0.06084128067284383,-0.45292333546843305,0,0.6657216451525243,2.4786261290549345,,,,,,0.732106561511421,18.383288052644293,11.507936507936508,-34.632747850476704,0,28.12308525772772,9.470974810060257,21.512903225365406,22.465279418611743,,,,227226
2026-06-05,611.26,615.022,599.835,602.27,612.9329350052926,616.3862714285714,620.6744182541117,626.3962197393112,590.6997366041069,646.0189232908216,0,0,0,0,636.0970460465009,558.8012375807743,53.95779773524353,82.76733863492058,4,23,599.0102050112329,,,589.0994343600617,622.69,603.75,601.7678458697658,605.7321541302342,613.6607706511712,584.13716,0,0,3,1.9587385398899575,0.00979369269944979,-1.143350716559262,6,8.279233044208954,6.256245453334095,0,1.9789419703383238,622.69,599.9475100147189,1,1,0,1,8,19,1,1,448,0,14,14,,-0.3741101171239721,-1.1292677964180633,0,0.20883142017626355,5.783115907218128,,,,,,0.7268390922970794,17.641788470087008,10.714285714285714,-38.48771216003166,0,28.680104560546106,9.985576702940211,19.69546085908607,27.578600267690174,,,,222319
2026-06-08,606.52,618.69,602.5,612.38,612.7486233368618,614.7972493506494,619.8844736584821,625.8465640632597,590.9154606179964,644.4027996836206,0,0,0,0,635.7337607045783,558.9883096231025,65.32393551575183,85.0941249465727,4,24,611.626976744186,609.6397979089685,613.6141555794035,601.6910825680984,628.31,633.8914668202876,629.9171091498526,635.7337607045783,643.6824760454484,599.2220477672857,0,3.5,0,3.6324213550878164,0.018162106775439082,-0.6167644105496344,6,8.372564779259228,34.43623755098464,0,3.5409443761843185,628.31,599.2220477672857,1,1,1,0,8,8,1,1,448,0,15,15,,-0.47468018452866834,-0.6083035557071484,0,2.0278572918581173,1.4489624676326955,,,,,,1.1277986425065225,17.032852650742093,9.920634920634921,-41.2729413134308,0,29.003415174677365,10.161119525076211,19.890463316503183,25.54394706104873,,,,353686
2026-06-09,616.45,621.44,601.8,619.26,614.9190822245745,613.9076584415584,619.8249999767219,625.5882674333279,591.1974958357278,642.836935363881,0,0,0,0,635.4926245111566,559.1917081819545,75.69453792797329,73.15865620512494,4,25,611.626976744186,609.606382111484,613.647571376888,601.5240035806761,636.2881518,621.8351354732687,,,631.9381086367786,599.412699129164,0,5,0,4.746722434032398,0.02373361217016199,-0.28239202214011744,6,8.242188443369557,49.783688731551855,0,2.4409819423143437,636.2881518,599.412699129164,1,1,0,0,8,8,1,1,448,0,16,16,,-0.49037504386453057,-0.2772748356271758,0,2.8676144873697695,0.42893805992509193,,,,,,1.0758100653014024,16.668211703380194,9.523809523809524,-41.6211083987179,0,28.55177829894621,10.095592104778847,19.379436682205487,23.327117667648913,,,,343008
2026-06-10,619.68,623.9,601.35,601.35,610.396054816383,611.9104051948052,618.065476169415,624.6377471418249,591.2985157776608,641.2086234001542,0,0,0,0,635.1018947156294,559.3039277664836,48.922280520419775,81.69910885441134,4,26,597.0026128403708,594.9250071100047,599.080218570737,586.6145841885402,622.69,621.62117465297,619.5435689226039,623.6987803833362,632.0092033048006,597.3823426555099,0,0,4.5,1.6999001272850793,0.008499500636425397,-1.0521803953789974,6,8.712018947365472,7.014763611370846,0,2.333342813141807,622.69,597.3823426555099,1,1,0,0,10,8,1,1,448,0,17,17,,-0.5793052729063842,-1.0400654629767716,0,-1.235926748572484,4.059171878867373,,,,,,0.8503709285784592,16.288234324987233,9.126984126984127,-46.028489326237796,0,30.17931890667945,9.826558864470023,18.558581530149542,21.0665033747966,,,,271277
2026-06-11,606.85,629.94,606.795,623.73,614.840703210922,611.7483532467534,618.6049546294707,624.6021492146945,591.6212171132064,639.6670705222047,0,0,0,0,634.9853547931635,559.458716209849,59.01927666616112,83.24306797637031,4,27,619.9850000000001,,,609.0626341090145,635.5661309020741,624.6021492146945,622.4176760364974,626.7866223928916,635.52451510568,604.99904,0,5,1.5,5.427253444943577,0.02713626722471789,-0.002920719175737418,6,9.521414456849493,40.35263933834455,0,1.7947676730801705,635.5661309020741,604.99904,1,1,0,1,8,19,1,1,448,0,18,18,,-0.5375883945268906,-0.0036577136218615127,1,1.514081043511359,1.8331664091507065,,,,,,0.7711299881004277,15.899303841135417,8.73015873015873,-51.79567387698536,0,32.98314719836829,9.173064261067635,18.85862998603669,18.604765127035034,,,,245442
2026-06-12,628.29,628.29,617.845,626.02,618.567135473948,613.1379402597403,619.311149426664,624.6577512062751,591.9634935598411,638.2308124746405,0,0,0,0,634.8853294149407,559.6343163021988,78.1099430380739,71.91025623357322,4,28,624.6577512062751,622.5360528979492,626.779449514601,614.0492596646457,643.66652,633.639739212338,,,644.2482307539674,608.27506,0,7.5,0,5.753143024978803,0.028765715124894016,0.07263107897500316,6,9.519191653326764,57.30950375560964,0,1.7918446481416797,632.6951851629968,608.27506,1,1,1,0,14,8,1,1,448,0,19,19,,0.007814554211705614,0.06834171043682348,2,4.829833645370503,0.3927793244158913,,,,,,0.8404257006553955,15.496449823093123,8.333333333333334,-53.00609651177896,0,32.97544718109507,8.56624784362256,18.029701754383193,17.78699548690208,,,,270223
2026-06-15,635.71,636.825,623.49,628.34,621.824756982632,615.7401510822511,620.1710399574579,624.8021531197545,592.3254488478029,636.9081582796352,0,0,0,0,634.8198940084986,559.7979836734814,82.84680092749338,56.98486580147933,4,29,624.8021531197545,622.7129421905947,626.8913640489143,614.3560984739557,649.7021199999999,634.0672525730168,,,644.5133072188156,608.27506,0,6,2.5,6.080196490333641,0.03040098245166821,0.141104262716023,6,8.825816101920768,53.350652606047525,0,2.383671895710384,634.1010737185137,608.27506,1,1,0,0,8,8,1,1,448,0,20,20,,0.4421782649613847,0.1344121140131145,3,2.7047746599784563,-0.607109800282419,,,,,,0.7581168800977504,15.493996739929388,8.333333333333334,-49.32217550581747,0,30.57352381357253,8.694260028027829,20.649769586096113,16.77332849875789,,,,244582
2026-06-16,630.97,641.83,628.36,630.07,624.5731713217547,619.1904077922078,621.1137980567476,625.0087353503524,592.7010165209591,635.7133362141132,0,0,0,0,634.7679330711918,559.9826967522037,87.58822335468525,59.0368685068012,4,30,625.0087353503524,622.9483073447041,627.0691633560007,614.7065953221107,635.657034970904,634.4988906338561,,,644.8010306620978,608.27506,0,0,4,6.30486239055058,0.031524311952752904,0.17635307398336575,6,8.827406725784277,52.20911319122875,0,1.0336007461906962,635.657034970904,608.27506,0,1,0,0,8,8,1,1,448,0,21,21,,0.1728923048268077,0.16879301237936697,4,3.4173366436585697,0.4213992163096672,,,,,,0.8348843950566165,16.702753197511637,11.904761904761905,-45.37841432737167,0,30.579033896267187,9.184397356280174,21.611491615256888,15.792810127141681,,,,270591
2026-06-17,630.21,634.7393,613.975,615.35,621.4987808811698,621.03130995671,620.5648649084859,624.6299614150445,592.926379540651,634.5525091169085,0,0,0,0,634.4975807916907,560.1699031804393,82.88592849005187,68.2603270000852,4,31,600.6391093411884,598.5404592288006,602.7377594535761,590.1458587792496,635.4139789580598,634.3006207444455,632.2019706320577,636.3992708568333,644.7938713063843,600.5670210419393,0,0,3,3.7818557637325703,0.01890927881866285,-0.5002041013978675,6,8.96646695258616,36.133022459487634,0,3.3140226102107153,635.4139789580598,600.5670210419393,1,1,0,0,8,8,1,1,448,0,22,22,,-0.29878167153154955,-0.5025557643172298,0,2.1418665302931243,1.467777334159573,,,,,,1.0620065888500407,17.203307961594096,13.095238095238095,-44.61400161791907,0,31.060752652533015,8.673170504349091,19.70232436439165,20.517672765041244,,,,349250
2026-06-18,631.83,631.83,612.06,619.58,620.8591872541132,622.0924649350651,620.4710682505348,624.4319237124937,593.1915896944754,633.4508268040623,0,0,0,0,634.1351622998471,560.5269915246336,94.69287508988918,87.82436154478148,4,32,600.7164353392869,596.4659065591383,601.35,587.9648489988409,635.6065429469298,633.1309863619352,631.0057219718609,635.2562507520096,643.7573083123069,600.912457053069,0,7.5,4,4.4485476132788815,0.02224273806639441,-0.29489139786075214,6,8.903297628896592,45.68478659482428,0,2.7361386008089843,635.6065429469298,600.912457053069,1,1,0,0,8,8,1,1,448,0,23,23,,-0.1776211703105064,-0.2989800114354628,0,4.282118027054171,2.4545357613979606,,,,,,1.843158009823373,17.371601558897435,13.492063492063492,-43.67537032721135,0,30.841927696312823,8.347862581572487,18.065910516882404,19.61806036368487,,,,624601
2026-06-22,617.3,624.88,608.05,616.65,619.4561248360754,622.3405696969697,620.1071569885792,624.1267502335724,593.4250067124408,632.3918361214635,0,0,0,0,633.8728859271537,560.7376430014652,74.78338830425412,85.97161922313781,4,33,601.1897320852471,596.9422767893948,601.35,588.4473661976901,635.3405805729003,631.7141101445554,629.94,635.9615654404078,644.4564760321124,602.1314194270988,0,6.5,0,3.913720019354265,0.019568600096771326,-0.4175883575609233,6,8.832087056728401,16.817835868407826,0,2.3216011044184857,635.3405805729003,602.1314194270988,1,1,0,0,8,8,1,1,192,0,24,24,,0.28501935765302283,-0.42038514623955997,0,1.023951788971745,3.4654636456377115,,,,,,1.1471318626920275,16.50394713850174,11.11111111111111,-46.057153524962416,0,30.595247038250108,8.360366982547562,16.78762718174879,19.915835481565225,,,,391511
2026-06-23,607.19,620.995,605.68,612.91,617.2740832240503,621.581967965368,619.4217134658574,623.686877675393,593.6188872426652,631.3547229488221,0,0,0,0,633.6065512838413,560.9051018078353,65.57640781296386,88.68621401908797,4,34,610.66,608.5512261126399,612.76877388736,600.1161305631999,632.1339399999999,631.522143214095,629.4133693267349,633.630917101455,642.066012650895,601.5856736750791,0,7,0,3.2497471310155186,0.016248735655077593,-0.5637011332765429,6,8.572655464394208,18.20695619143591,0,2.839229916346661,632.1339399999999,601.5856736750791,1,1,0,0,8,8,1,1,192,0,25,25,,-0.19873909516287386,-0.563592830510683,0,0.7815584399001416,2.97144823603253,,,,,,0.9762057832955694,15.409291238909026,7.936507936507937,-48.11083635778573,0,29.69654964022747,8.557578509078931,15.699052374684214,19.627876086196775,,,,335880
2026-06-24,612.03,618.74,607.645,612.17,615.5727221493669,620.2455701298702,618.7310740881567,623.2352354136129,593.8034754293053,630.3363348878224,0,0,0,0,633.3600540792902,561.05531792829,73.06793485522932,91.76801142167051,4,35,610.66,608.6027903188799,612.71720968112,600.3739515943998,632.1339399999999,631.105515692723,629.0483060116029,633.162725373843,641.3915640983231,601.1972390683579,0,9.5,0,3.0930308310196577,0.015465154155098288,-0.5665953378404218,6,8.468728427457869,22.91434509731532,0,2.90765466435894,632.1339399999999,601.1972390683579,1,1,1,0,14,8,1,1,192,0,26,26,,-0.45628364656936404,-0.5636494483391078,0,2.335513453392174,3.7043477937724365,,,,,,0.9097768394595772,13.758217749066926,6.746031746031746,-53.102105061965666,0,29.336535823719817,8.740703498000917,14.943083068230013,18.68271891887765,,,,307530
2026-06-25,618.07,633.19,617.79,627.19,619.445148099578,620.1426571428572,619.5366860797608,623.3903242209223,594.1356796538894,629.4203797600641,0,0,0,0,633.3066888445888,561.2020233649325,78.74496445464145,91.24753015522384,4,36,624.7416853851705,,,614.2519618656847,641.83,630.8042582745563,628.7063135706592,632.9022029784535,641.2939817940421,608.27506,0,6,6,5.563429613479246,0.17781714806739624,0.11202360480917314,6,8.451020026509964,40.41813957859019,0,2.1477399506961166,635.0146726595256,608.27506,1,1,0,0,8,8,1,1,192,0,27,27,,0.6809504141479484,0.1126681752304343,1,2.353290555366093,2.8610051422828446,,,,,,0.7036755452308566,11.214906706945204,3.9682539682539684,-61.691432597010895,0,29.27519212339467,8.649570927377363,19.756026523100424,17.011394602949252,,,,233331
2026-06-26,623.18,634.7825,617.515,624.29,621.060098733052,620.445774891775,619.9893826435931,623.4256056240233,594.4357226424079,628.5789957982917,0,0,0,0,633.1161092472854,561.5494816673588,98.28963508722435,92.26308726931656,4,37,624.29,619.3471260048846,623.5516572406937,600.6968750567639,633.1714885968457,626.9919999999995,,,637.503328089522,605.68,1,8.5,6,5.022288570559443,0.17511144285279723,-0.048747624210885555,6,7.698712935664508,50.97428724267311,0,0.37644392670382665,633.1714885968457,605.68,0,1,0,0,8,8,1,1,192,0,28,28,,-0.1972628835059214,-0.0441379898985914,2,5.501615777234694,3.1248552056668752,,,,,,1.7247917326396491,10.962029761077527,3.9682539682539684,-58.89617598219667,0,26.669123914917343,8.693604035500213,18.98353006211163,15.76382790546466,,,,582519
2026-06-29,624.28,641.78,617.45,641.22,627.7800658220347,622.8626956709958,622.0113462013461,624.1234250113165,594.9012378399958,627.9099691372256,0,0,0,0,633.2211495076145,561.8211688135307,93.95965899120964,68.1256035492674,5,0,641.22,634.6443640690885,638.9830359309111,606.5106251054189,659.49,643.0058139534884,,,656.0218295389564,623.00796,1,5.5,0,7.78595827572678,0.1889297913786339,0.6580386988748191,6,7.803870495775584,82.3997642291417,0,0.526370758778842,,623.00796,0,1,0,0,8,8,1,1,192,0,29,29,,0.2948746601095914,0.6603255559732328,3,6.567823195840964,-0.044746542857182825,,,,,,1.1041194626159172,10.330581044265,3.1746031746031744,-61.7858615797104,0,27.033400388742066,9.281100219816931,19.96260154315471,14.185275655100774,,,,361917
2026-06-30,645.43,672.44,645.43,666.9,640.8200438813565,629.2911493506493,626.2864560869322,625.8009377559707,595.6176434336277,627.5451981470062,0,0,0,0,633.8398436582976,562.3359972705346,99.6767047678088,70.05627185762505,5,1,666.9,640.9918666355824,645.5781333644178,630.2098661693175,687,687,687,691.5862667288353,700.7588001865059,643.2850000000001,1,2.5,0,11.967804740545033,0.21858032732002253,1.659033499414236,0,8.393725885345543,79.15211842282373,0,0.5478311987837775,,643.2850000000001,0,1,0,0,10,8,2,1,64,0,30,30,,1.0699304289383789,1.6469920535420266,4,7.391495117420092,1.3833052147939089,,,,,,1.5582136863834701,18.539359277061607,18.253968253968253,-36.239852150151144,0,29.076719396449068,11.516011228847274,29.473790538211027,12.460933909341254,,,,522538
2026-07-01,660.24,674.66,649.09,661.2,647.613362587571,637.3192575757575,629.6115555072244,627.1891362753444,596.2702041954822,627.421963049158,0,0,0,0,634.2178454294855,562.7040112481849,98.0361443431189,68.01876941321564,5,2,661.2,634.8778880917033,639.5931714827647,625.4473213095806,,687,687,691.7152833910613,701.145850173184,636.21,1,3.5,8.5,10.889324227113518,0.20444662113556758,1.216011720606573,0,8.411425128541921,73.6820947708204,0,0,,636.21,0,1,0,0,8,8,2,0,0,0,,,,0.8180328028385105,1.2103867806409412,5,6.27114154493807,1.191027869320511,,,,,,1.1627918513032673,23.81156209132009,32.142857142857146,-18.28012748636196,1,29.13803137339236,13.683470724948076,27.460410474876188,11.254272303283411,,,,398489
2026-07-02,663.87,674.5668,646.35,652.08,649.1022417250474,644.934648051948,631.7514073636792,628.165248578272,596.8255255467709,627.4610639580784,0,0,0,0,634.4112633791156,562.9668467063063,98.05061806590211,76.71670091928908,5,3,626.5435360050027,624.1023615734385,628.9847104365668,614.3376638471817,659.9661102510978,659.9661102510978,657.5249358195337,662.407284682662,672.1719824089188,623.00796,0,0,5.5,9.258061541957133,0.20043283935387732,0.6839991456038619,0,8.576384304745535,52.67025246089397,0,2.7382372856231676,659.9661102510978,623.00796,1,1,0,0,8,8,3,0,0,0,,,,1.0331402531527332,0.6851582963427252,6,4.984095427690557,2.6066648276708113,,,,,,0.9189683660226595,27.752122819616883,40.87301587301587,-6.5882835286217505,1,29.709466722111088,15.411836585537944,24.626422850676033,11.094953675726003,,,,315742
2026-07-06,655.11,662.5398,650,654.98,651.061494483365,651.4910662337663,633.963654281424,629.2168074575554,597.4041770338678,627.6641388148587,0,0,0,0,634.5670391022836,563.1571492996153,97.77009843885355,84.6417882127771,5,4,627.2612714318484,624.8825041025387,629.640038761158,615.3674347853002,663.9000212996455,663.9000212996455,661.5212539703358,666.2787886289551,675.7938579461936,632.96826,0,2,5.5,9.637666621615901,0.1981883331080795,0.7114547003200654,0,8.575994561224025,41.01285283486368,0,3.080482014054768,663.9000212996455,632.96826,1,1,0,0,8,8,2,0,0,0,,,,0.9800663930087599,0.712248808990396,7,4.629059926909196,3.6126467564685685,,,,,,0.6480807426525272,30.89354724909003,47.22222222222222,3.9902584659453115,2,29.708116610948743,17.01674774179996,23.46732005216104,10.572742555868814,,,,222517
2026-07-07,658.19,658.19,630.04,641.7,647.9409963222433,655.1161861471861,634.7004491117647,629.7063444200043,597.8449314912422,627.9340333586557,0,0,0,0,634.6397937307999,563.3775596991742,96.59426989501512,88.30190975008037,5,5,625.2714070615792,620.3510177357185,627.9825999999995,610.5102390839971,663.91,664.3205834665987,661.8603888036683,666.780778129529,676.6215567812504,618.5833,0,3,4,7.33552568545951,0.18667762842729754,0.06205609440516495,0,8.36967622072977,36.443437724694036,0,2.6175837167561196,663.91,618.5833,1,1,0,0,8,8,2,0,0,0,,,,0.6354927648449429,0.06793078362062181,8,3.7983101450298946,3.3495991798400144,,,,,,0.8716088956955871,33.482589115277364,51.98412698412698,15.483450787451696,2,28.99340891441005,16.61997290399996,21.069843320578652,16.73651619455049,,,,302771
2026-07-08,634.68,640.74,630.73,639.51,645.1306642148289,656.3966238095238,635.1585015773109,630.0908015015727,598.2595092873493,628.2408488016612,0,0,0,0,634.684356369036,563.5704978142768,95.9590955289439,89.65410663888281,5,6,639.51,623.710925987596,628.475751790181,611.6706967896602,659.49,663.5055080349555,659.49,665.1786363828536,674.7082879880235,618.5833,1,3,0,6.895083165796828,0.18447541582898414,-0.057664375111342474,0,8.269768252437137,36.43764369166195,0,0.7176903764092493,659.49,618.5833,0,1,0,0,8,8,2,0,0,0,,,,0.6946174641410613,-0.05151392264729997,9,3.769761179731997,3.3358731115609017,,,,,,0.7982686836818224,35.458942836319665,56.74603174603175,23.777532615230534,3,28.647317560082406,16.251539126042818,20.20361400210465,16.048439838392927,,,,274119
2026-07-09,646.02,654.36,631.06,631.52,640.5937761432193,655.1155735930736,634.811977617567,630.146848501511,598.590459443694,628.5237729260323,0,0,0,0,634.653127473019,563.7575627232382,89.93266836144949,92.62218630151354,5,7,627.3195392618785,,,615.2181579344491,654.045,635.7256805458926,633.3054042804067,638.1459568113785,647.827061873322,608.27506,0,0,5.5,5.501180320666876,0.17750590160333438,-0.40822516425066857,0,8.33804581378575,18.592155350456316,0,2.2683873686115508,654.045,608.27506,1,1,0,0,8,8,2,0,0,0,,,,0.4508987186503201,-0.39844878635364234,0,1.951691272208862,4.2016754881389975,,,,,,0.8752280560239984,36.74028787816186,59.12698412698413,27.200159187720608,3,28.883837970627805,16.742109707466035,23.491520068495827,14.668990437280382,,,,298603
2026-07-10,633.18,638.635,625,634.6,638.5958507621463,652.2822930735931,634.7917892730368,630.3214818936086,598.9487633298264,628.7910312303939,0,0,0,0,634.652300345157,564.0687233545282,94.45234173815305,92.15280765044938,5,8,634.6,626.4223155122959,631.1605964339126,606.0468763135335,654.045,636.2470941988603,,,648.0927965029018,614.4427,1,3.5,4,5.9523015745073575,0.17976150787253678,-0.2619603039851222,0,7.707722342176055,53.5674962948822,0,0.6810113041753256,654.045,614.4427,0,1,0,0,8,8,3,0,0,0,,,,0.03848183974405818,-0.2511836713284181,0,5.83964889441309,3.4501221647487785,,,,,,1.3612081700368073,37.68629406541353,62.301587301587304,41.145406239965155,3,26.700333414565424,16.675737415450563,22.28438065657226,16.199037191818313,,,,478510
2026-07-13,632.39,636.35,622.98,623.88,633.6905671747642,647.580484848485,633.7525712470333,630.0688747605259,599.1968353364948,628.9649594420762,0,0,0,0,634.5447754231527,564.2383697304065,59.470615543623616,95.03510559409493,4,0,615.8709302325582,611.2323479481998,617.45,601.9551833794833,643.66652,633.5200781606524,631.2007870184732,635.8393693028315,645.1165338715481,604.99904,0,0,5.5,4.1193750046499655,0.17059687502324983,-0.706565816214907,4,7.068065622806542,5.960930367165503,0,2.4594616555000255,643.66652,604.99904,1,1,0,0,8,8,1,0,0,0,,,,-0.219425969927528,-0.6925478586660034,0,-1.0614137168427575,4.954011850473241,,,,,,0.8735064526881561,38.33474452486832,63.095238095238095,56.56741357446538,3,24.484497539863778,16.441550980341432,21.137393160048276,16.142904249371263,,,,309881
2026-07-14,629.68,633.27,621.585,623.1,630.1603781165095,641.6427043290043,632.7380406520778,629.7955855542308,599.4346777709576,629.0347467088507,0,0,0,0,634.4317213290662,564.4047700088244,63.45679442858285,95.95915514711369,4,1,615.8709302325582,611.3550145399398,617.45,602.323183154703,643.66652,633.2140916020271,630.9561337557179,635.4720494483363,644.5038808335731,604.99904,0,0,5.5,3.947940135369494,0.16973970067684746,-0.690491564954997,4,7.0584361801204,15.498969313198266,0,2.499165486915233,643.66652,604.99904,1,1,0,0,8,8,1,0,0,0,,,,-0.7940994572749779,-0.6764973167085424,0,1.4110522426929535,4.402267801733901,,,,,,0.8682489155333302,38.271994266456325,62.301587301587304,56.52437472194772,3,24.451140171901837,16.100356567023773,20.1607266642315,15.948631689282879,,,,309731
2026-07-15,625.51,630.87,611.5201,624.15,628.1569187443397,635.4380056277057,631.9201320185465,629.5741900423002,599.6806013752266,629.0087470377421,0,0,0,0,634.3101783148103,564.608610464372,62.908318957066726,97.11954878950498,4,2,615.8709302325582,611.3320460179839,617.45,602.2542775888354,643.66652,632.9170973615641,630.647655254277,635.1865394688512,644.2643078979996,604.99904,0,3.5,5.5,4.080405230494123,0.23714132913961758,-0.598346131657904,4,7.049509625446914,11.266951517291545,0,2.460345410171067,643.66652,604.99904,1,1,0,0,8,13,1,0,0,0,,,,-1.5339144238971758,-0.5845260705298739,0,1.1131334152398757,5.213949602405001,,,,,,1.0325748232651353,38.02273841068143,61.904761904761905,55.701881571244314,3,24.4202176794398,14.96341341742044,18.625940853926327,18.694293786441737,,,,375089
2026-07-16,618.77,631.73,611.5,630.86,629.0579458295598,630.5079913419913,631.8191670643993,629.62461396221,599.9908441476124,628.9261630014926,0,0,0,0,634.2754719381504,564.8023439462021,80.61428235624186,67.83809354788701,2,0,627.8760069811048,625.588042881481,630.1639710807285,616.4361864829859,649.7021199999999,635.0489169266234,,,646.4887374247422,608.27506,0,5,0,5.144937819216631,0.19379434675377039,-0.27545788004118976,3,7.1301832583604146,76.35526664681329,0,1.907906948582304,649.7021199999999,608.27506,1,1,0,0,8,8,2,0,0,0,,,,-1.1445572612614978,-0.2605213337439746,0,4.986109953430329,-0.18131668976264448,,,,,,0.8813093535916722,36.95667376172938,58.73015873015873,49.624103417463,3,24.699679341514486,13.950706703739268,17.491109488211162,17.218459084432507,,,,322425
2026-07-17,614.22,637.83,610,635.52,631.2119638863732,627.6877406926408,632.1716273439803,629.8558055715351,600.3443680864422,628.8169177419691,0,0,0,0,634.2874858288438,565.0021610717605,89.40953178568493,38.354669616114755,2,1,630.2130789529983,627.8400587176334,632.5860991883633,618.3479777761737,659.49,662.6825738739807,660.3095536386157,665.0555941093456,674.5476750508053,614.4427,0,5,0,5.859242425422898,0.1792962121271145,-0.07024611173042437,3,6.707843545210827,88.66955400221231,0,2.467481786348902,659.49,614.4427,1,1,0,0,8,10,3,0,0,0,,,,-0.7064933821116948,-0.05080619632394196,1,4.895904003313221,-2.665944219630871,,,,,,0.8583083772908575,35.56186815844939,54.36507936507937,53.04213653600824,3,23.236651659056186,13.497750418579976,17.954738153678395,15.415491058186452,,,,312430
2026-07-20,635.67,643.485,621.98,626.59,629.6713092575822,625.6551857142858,631.6400437874107,629.7277347648082,600.6055186527462,628.6382730222565,0,0,0,0,634.1799396855121,565.2565392505988,92.14226320853598,65.89675163755658,4,0,625.4247999999997,623.0292722814465,627.8203277185528,613.447161407234,649.7021199999999,633.0504169115636,,,645.0280555043292,604.99904,0,0,1.5,4.326380717503415,0.18149620567176605,-0.4583986576996875,4,6.8618310752596265,43.07712135719104,0,2.0268870038092075,649.7021199999999,604.99904,1,1,1,0,14,8,1,0,0,0,,,,-1.078914416673992,-0.44188795397482344,0,4.331238142095282,3.3615182049601766,,,,,,1.2892541026455944,33.799365884357094,50,42.19289849709602,3,23.770080110609303,13.501178540615344,18.623332841514507,14.17989194632455,,,,458596
2026-07-21,630.89,661.96,622.48,647.48,635.6075395050548,626.5872030303032,633.1486110457525,630.4239020289334,601.0719314024701,628.5332219356337,0,0,0,0,634.580044568639,566.0036008522995,99.89581071732219,9.799590780067529,2,0,647.48,624.6791219346055,634.0525999999998,606.2493024672106,664.9724155036547,664.4049986937267,662.5398,668.34,678.6476743831973,623.00796,1,5.5,3,7.720884335631313,0.18860442167815655,0.4591140660433323,6,7.547112173558008,96.7040385905386,0,0.4242570839298443,664.9724155036547,623.00796,0,1,0,0,8,10,2,0,0,0,,,,0.03904049536244766,0.4814193831804314,1,8.714231677795098,-2.519591114927903,,,,,,2.6303976270787928,31.5967861761558,45.63492063492063,20.85690913833603,3,26.143963470048103,14.642980220342736,22.477087051616515,12.24020633917058,,,,1018052
2026-07-22,653.5,672,620.95,650.5,640.5716930033699,629.7159354978355,634.8011242794904,631.2111999885831,601.563752980555,628.5207118630333,0,0,0,0,635.103994937129,566.863246938793,99.90270908333213,24.948478218916918,2,1,630.0720354763679,624.3747223698834,633.7693999999997,612.9800961569144,665.5895550857799,663.9662983465745,661.1176417933323,666.8149548998167,678.2095811127857,623.00796,0,7,5.5,8.134839703519637,0.19067419851759818,0.5313867905441455,6,7.495808829556034,94.65430564981726,0,2.0780274810001953,665.5895550857799,623.00796,1,1,0,0,8,10,2,0,0,0,,,,0.21681565176590145,0.5447544798822342,2,8.805661935015769,-1.0284826768837672,,,,,,2.691951236900264,28.866409753086614,40.476190476190474,11.168986699396003,2,25.966243473228896,16.193787806277175,22.027453754231402,10.281693735021578,,,,1151680
2026-07-23,650.82,669.565,645.935,651.22,644.1211286689132,634.2225294372295,636.3648267290628,631.9958588125602,602.0578449906988,628.6062790733838,0,0,0,0,635.3375867432032,567.2450365634701,98.15363491766267,28.029593338515006,2,2,651.22,627.6718084108044,633.3841348668258,616.2471554987618,665.5991277719811,663.9707758933461,661.1146126653354,666.8269391213568,678.2515920333993,628.25438,1,0,3.5,8.165686307112365,0.19082843153556184,0.495962317495896,6,7.48580121835873,82.2456701987352,0,0.4111512225284385,665.5991277719811,628.25438,0,1,0,0,8,10,2,0,0,0,,,,0.5175279791266275,0.504032902928775,3,5.007385667473338,-1.0490430802626909,,,,,,1.1745508840254666,25.35604567434564,30.555555555555557,-2.219419347087666,1,25.931576091116643,17.633823421787724,20.40030606562001,9.522194503625537,,,,514665
2026-07-24,653.74,660.41,646.485,655.35,647.8640857792755,639.7688324675324,638.1729384691521,632.9117074865775,602.5881151897963,628.8101646072217,0,0,0,0,635.5017286201264,567.4719609242851,98.68941918917226,30.066536314856144,2,3,655.35,630.1239851554863,635.676949007506,619.0180574514467,667.2516028424858,668.14959037673,667.2516028424858,673.7025542287498,684.8084819327894,632.96826,1,2,3,8.755878763653572,0.19377939381826786,0.6078047673645036,6,7.161172350233252,84.91094052914141,0,0.3275795899594603,667.2516028424858,632.96826,0,1,0,0,8,10,3,0,0,0,,,,0.5514250525228448,0.6133116649158022,4,6.0300624842307196,-0.5586938379381055,,,,,,0.6655637552388859,20.827227571551347,21.428571428571427,-16.043038368451608,1,24.807028704722835,18.970999350476095,19.486784059515262,9.095792360564984,,,,293644
2026-07-27,657.78,660.05,642.3,651.65,649.1260571861836,644.9123891774892,639.4564681387567,633.6465424871038,603.0762931481069,629.1021288223953,0,0,0,0,635.6480797243582,567.7130280622865,98.08679326249893,42.08222149784207,2,4,632.8179131004306,630.0812691691357,635.5545570317255,619.134693443956,667.8745355028549,669.6143981944305,667.8745355028549,674.66,685.6065757251796,628.25438,0,2,1.5,8.054322049095058,0.1902716102454753,0.3710038815610705,6,7.172187655058658,67.48365891005014,0,2.5620156134697756,667.8745355028549,628.25438,1,1,0,0,8,10,2,0,0,0,,,,0.8033820130040713,0.37925062213887134,5,4.436114867422418,0.6590463593065011,,,,,,0.7642463373663207,14.671174597630488,6.746031746031746,-40.94963063818018,0,24.84518683995976,19.742633197621736,18.358282371798403,9.93444237722435,,,,327435
2026-07-28,648.6,650.75,638.73,649.67,649.3073714574557,649.12038008658,640.429185458875,634.2749133699625,603.5399121217575,629.4634456861289,0,0,0,0,635.8172292362123,568.0280325971419,98.60198341251206,36.671075259773616,2,5,649.67,630.2520233198412,635.5650763351031,617.4777879389521,668.4959295597082,670.0764604418342,668.4959295597082,674.66,685.2861060305239,628.25438,1,2,0,7.643253901149818,0.1882162695057491,0.23246159218279785,6,6.700427280145974,84.32899217930569,0,0.5847976375157947,668.4959295597082,628.25438,0,1,0,0,8,10,2,0,0,0,,,,0.7620812533281053,0.24057485362382258,6,5.854572505806223,-0.6106603327613382,,,,,,1.020234572569371,9.791265493551492,1.9841269841269842,-57.816199385079415,0,23.21096096326674,20.065635230412006,17.561091379691995,10.702923740244879,,,,441153
2026-07-29,646.64,648.11,629.17,631.35,643.3215809716371,650.3029852813852,639.5645011294583,634.1602108848659,603.8166294140783,629.7782945771627,0,0,0,0,635.7841692297449,568.1780985830467,96.62688434075007,63.957794065207615,2,6,628.4337999999996,625.7839896714851,631.083610328514,615.1847483574271,654.045,634.9520382425163,,,648.2010898850888,617.09024754919,0,0,3.5,4.559889417527155,0.17279944708763578,-0.5891442305176495,6,5.98423141570773,36.33384038282686,0,1.933059111771089,654.045,617.09024754919,1,1,0,0,8,8,1,0,64,0,,0,,0.09759650247409504,-0.5784401775623325,0,3.3912559055894285,3.2251496712103966,,,,,,0.6493233243500474,10.07292982146955,2.380952380952381,-51.408891635703334,0,20.729985712511237,19.39742579662329,16.348058556274548,13.184873834257859,,,,272657
2026-07-30,638.82,649.18,631.01,649.18,645.2743873144248,651.0309207792209,640.4802629266528,634.7492222227144,604.2680062358288,630.1542462533479,0,0,0,0,635.9937833274892,568.5883532037474,98.11851910428092,56.76064578437825,2,7,649.18,630.7468555664275,635.9923961765257,610.0278375596067,662.4683353800975,662.4683353800975,659.8455650750484,665.0911056851467,675.5821869053433,623.00796,1,3.5,0,7.43246263258943,0.18716231316294715,0.2158387344324165,6,6.676820182498435,84.72780343124916,0,0.33940233570312384,662.4683353800975,623.00796,0,1,0,0,8,8,2,0,64,0,,1,,0.4682365445223135,0.21925048610490222,1,6.951023008554701,0.416719275406643,,,,,,1.3643420568178257,10.161873468998122,2.7777777777777777,-56.064711775706435,0,23.129183578177184,18.859707031562976,15.701100099784945,12.369320016481726,,,,585669
2026-07-31,655.5,668.32,647.7856,655.57,648.7062582096165,652.1521493506494,641.9173807431621,635.5657233120197,604.7784738354723,630.619355884447,0,0,0,0,636.2354435100065,568.9388245557833,98.8937155555391,60.31614459580597,2,8,655.57,652.731227573883,657.9687724261171,626.8354205910634,672,662.4523568278581,,,675.5462189584435,632.96826,1,3.5,2.5,8.398368718782383,0.19199184359391192,0.44987544100269167,6,6.61237877919465,82.07313487094945,0,0.571784948238711,663.062662159681,632.96826,0,1,1,0,5,8,3,0,64,0,,2,,0.5168360601762645,0.44900065679908335,2,7.169633215210614,1.1997299194222448,,,,,,1.0708239484334083,11.380178162848315,5.158730158730159,-50.3178119013729,0,22.9059520089108,19.619311727112674,21.127536173413404,11.503331643410815,,,,467813
2026-08-03,656.17,671.12,653.71,670.56,655.990838806411,655.1817861471861,644.6452492438133,636.9380478880189,605.433016384373,631.24950311583,0,0,0,0,636.522445502658,569.2177356108568,99.3247988107158,44.05759053186082,2,9,670.56,649.7021199999999,655.35,633.0126905488446,672,672,669.4128363186055,674.5871636813945,684.9358184069722,649.7021199999999,1,3.5,0,10.757091511884049,0.24532658334706264,1.0225690368401885,6,6.971975343916514,91.66319176578472,0,0.03835161616235981,,649.7021199999999,0,1,0,1,8,10,2,0,64,0,,3,,1.3323290063011393,1.0152881577232944,3,7.577106474750583,-0.8326027072813529,,,,,,0.7233899159212995,10.748998153086232,4.365079365079365,-55.49369675684383,0,24.151631049561797,20.47848268673077,20.824424295216293,10.812168639886767,,,,319538
2026-08-04,675.63,687.2,672.98,684.83,665.6038925376074,660.760570995671,648.4723683634501,638.8161636571162,606.2230361218419,632.1091193578274,0,0,0,0,636.9599004571321,569.5634947528845,99.26558604218044,26.94611516245056,2,10,684.83,669.4490622958481,674.5509377041519,652.5724983667842,728.049,693.38,690.8290622958481,695.9309377041519,706.1346885207598,653.6017400000001,1,1.5,0,12.966673846811602,0.2221025474103283,1.4973741876735565,0,6.850348743963561,91.88957966692793,0,1.3398123788823417,,653.6017400000001,1,1,0,0,8,10,2,0,64,0,,4,,1.0581534254101623,1.4816609753171135,4,5.997792406870958,-2.5143126586199833,632.7798,659.078,613.342,,655.6478,0.7864725726613909,12.317953634198838,6.746031746031746,-48.09188471727931,0,23.73030414822106,22.052026990061282,25.239752969096763,10.182447522758505,632.7798,659.078,613.342,349230