time,open,high,low,close,Sprint Line EMA,Hull Baseline HMA,MA 20 Fast,MA 50 Mid,MA 200 Slow,Weinstein MA 150,Golden Cross,Death Cross,Zone 0 Long,Zone 0 Short,AVWAP Resistance,AVWAP Support,Buy Score,Sell Score,Stage 1 Base 2 Up 3 Top 4 Down,Stage Age Bars,Long Entry,Long Entry Zone Bot,Long Entry Zone Top,Long Stop Loss,Long Target,Short Entry,Short Entry Zone Bot,Short Entry Zone Top,Short Stop Loss,Short Target,Entry At Market 0No 1L 2S 3Both,Long Rev Zone,Short Rev Zone,Ext Pct vs MA200,Exhaustion Gradient,Ext Z Self Relative,Regime 0 Hlt 1 Ext 2 Clmx 3 Dist 4 Dn 5 Ign 6 Sqz,Exp Move Pct 21b,Dir Prob Pct Above 50 Bull,Long Ignition Fresh Breakout,RR To Target,Long Target T1 Waypoint,Short Target T1 Waypoint,Long RR Valid,Short RR Valid,Long In Zone,Short In Zone,Action Long Code,Action Short Code,MTF Long Aligned 0 To 3,Bear Warning Mask,Reversal Pattern Mask,Weak Level Mask,Bear Warning Age,Reversal Pattern Age,Weak Level Age,Z Velocity,Z Elasticity,Trend Bars Up,Buy Sigma Evidence,Sell Sigma Evidence,VP POC,VP VAH,VP VAL,VP HVN Above,VP HVN Below,RVOL Vs Avg,Energy IV30 Ann Pct,Energy IV Rank Pct,Energy IV HV Spread,Energy State 3 Exp 2 Warm 1 Sqz 0 Dorm,HV20 Ann Pct,ADX 14,DMI DI Plus,DMI DI Minus,POC,VAH,VAL,Volume
2025-05-23,121.59884664,122.7698641,121.59884664,122.07118982,123.42005444467266,125.70442857578658,121.37541381253256,119.18810678184073,120.92955022299066,116.56039403938891,0,0,0,0,118.51948639974421,113.98429574748823,98.65154825543166,33.31196986746441,2,6,122.07118982,118.9697370177331,119.57119338955953,117.76682427408021,126.12795971999999,122.73702678580003,122.43629859988681,123.03775497171324,124.24066771536613,120.6679426686184,1,3,5,0.9440534550109495,0.040275822830610306,0.30819867226115827,0,6.5798112448191555,90.71044516355074,0,0.9424780160331635,,120.6679426686184,1,1,0,0,8,10,1,1,192,0,7,4,,0.2545287885491035,0.3238725618091276,23,5.48266517389505,-1.1782951510918225,,,,,,0.8488508709451846,40.747298283414565,73.80952380952381,78.77004945394881,3,22.793134760479592,26.835736133838445,25.767362010000085,20.96835364964951,,,,1282306
2025-05-27,123.65550756,124.28529846,122.59273541,124.22625557,123.68878815311511,125.18276413239482,121.64692255133897,119.38568124412149,120.96235326126936,116.73522205979353,0,0,0,0,118.56792689666544,114.17111245208818,99.10178299615194,18.12978732906449,2,7,124.22625557,123.90311588105212,124.50114873774811,120.20060398321607,126.15499021,126.002462725,,,127.49754486673996,120.6679426686184,1,3.5,0,2.6982794404477835,0.05349139720223892,0.8019905786246935,0,6.705879178570723,97.73698024030021,0,0.47911116956369276,126.15499021,120.6679426686184,0,1,1,0,5,10,0,1,192,0,8,5,,-0.08844124944022987,0.8123778359334601,24,6.764909249954217,-4.219010779043662,,,,,,0.7958134058017342,47.38446363409095,82.53968253968254,103.98095541276477,3,23.229846893405476,26.254437631305606,28.58886540369378,19.58207610944758,,,,1151420
2025-05-28,124.60019391,125.11189902,123.35045259,123.64566708,123.67441446207674,124.71408323435541,121.83727917311622,119.55273951219515,120.98905290125673,116.9059189411694,0,0,0,0,118.60455627253825,114.31677493319151,98.90586320437629,35.134810666546144,2,8,122.73162151070004,122.43823619839476,123.02500682300531,121.26469494917364,126.12795971999999,124.20213230940011,,,125.6690588709265,120.6679426686184,0,0,4.5,2.1957475614851054,0.05542318225186997,0.6049296629829579,0,6.45840506879133,83.18751759923951,0,2.3152748735873576,126.12795971999999,120.6679426686184,1,1,0,0,8,10,0,1,192,0,9,6,,-0.12990789935872865,0.6091609055666715,25,5.343332802063884,0.5541942320023238,,,,,,0.7285484807557667,52.867117967020604,88.0952380952381,136.30327042378673,3,22.372571430013902,26.01835091429661,29.571918714661503,18.532360190767758,,,,985641
2025-05-29,124.55388325,124.55388325,122.80655525,124.05041586,123.7997482613845,124.37879193430085,122.04805409567658,119.72911897681495,121.0195142242293,117.07434640156885,0,0,0,0,118.63970632566657,114.44969950200473,98.87240293935409,21.842987964557928,2,9,122.72456399215004,122.43653363072372,123.01259435357636,121.2844121850184,126.15499021,124.20213230940011,,,125.64228411653175,121.59884664,0,5,3,2.5044734770253174,0.06141125627401548,0.6559702806074228,0,6.303211185863746,94.05853884256403,0,2.381989315891881,126.15499021,121.59884664,1,1,0,0,8,10,0,1,192,0,10,7,,0.15837656694185337,0.653803782748857,26,5.485547474808971,-2.719616094667481,,,,,,0.7032456825702932,58.27311598524408,91.26984126984127,166.87983480588895,3,21.83496404950496,25.4853246300662,27.97015796227897,19.214568223319443,,,,887629
2025-05-30,124.89940008,125.06722254,123.59630802,124.42554842,124.00834831425632,124.1845383340645,122.27448212656452,119.91329268046925,121.0534051117494,117.24411060887493,0,0,0,0,118.74803970291502,114.8368111889548,99.83730759827918,8.451469051929967,2,10,122.72469955965003,122.4441096301113,123.00528948918877,121.32174991195636,126.15499021,126.15499021,125.87440028046126,126.43558013953873,127.55793985769367,121.59884664,0,4,4.5,2.785665801914151,0.0672616623429041,0.6950903587351887,0,6.303187129271357,97.42075749698309,0,2.445056140103856,126.15499021,121.59884664,1,1,0,0,8,10,1,1,2240,0,11,0,,0.03425717954821896,0.6877362280598844,27,8.119247872137684,-2.7367052613200613,,,,,,2.0155801987577964,64.58374043493612,92.46031746031746,195.78242848149176,3,21.83488071502441,25.19424912046108,28.294481584125634,18.315219832029,,,,2624076
2025-06-02,123.52720465,124.20836641,122.23398449,124.08990349,124.03553337283755,124.02916592593115,122.44737939927266,120.07708133966653,121.08361902596084,117.41412962022765,0,0,0,0,118.800231441154,115.0222324307534,99.59118006583591,8.575561387265786,2,11,124.08990349,123.7172774431963,124.27750809680394,119.9930618755694,127.44180198231429,127.66446981792184,127.44180198231429,128.19887262338,129.3193339305953,120.81529975690786,1,3,0,2.4828168237972754,0.07019186189676416,0.5599821266562024,0,5.677446500161108,98.56072606230717,0,0.8181664823232746,125.11189902,120.81529975690786,1,1,1,0,1,10,0,1,2240,0,12,1,,-0.23115415416751556,0.555190225675528,28,8.041106638063997,-4.746447093297002,,,,,,1.08088976019889,71.40662190571308,95.63492063492063,263.0737196556181,3,19.667251591066282,24.13443284968578,26.317962599792185,21.37816036334995,,,,1382782
2025-06-03,124.06028777,125.98531014,123.48771701,125.52133038,124.5307990418917,124.08107318807792,122.74013663553241,120.29058130203255,121.12777535784183,117.59316600975762,0,0,0,0,118.84500092496171,115.16467101850151,98.6693566126877,4.949900618462479,2,12,125.52133038,122.40636171806435,122.97117577373572,121.22846078731445,,126.15499021,125.8725831821643,126.43739723783568,127.56702534917846,123.14395784136,1,5,0,3.6272068971616993,0.08035825670803072,0.8478317579254435,0,5.501286626984325,96.10879841044505,0,0,,123.14395784136,0,1,0,0,8,10,0,1,2240,0,13,2,,-0.007591349673911011,0.840778212903099,29,4.587149297535575,-5.308000971540205,,,,,,0.7554936279778384,76.03397394566502,96.82539682539682,298.9815319725548,3,19.05701588987213,23.87633122791133,29.857775180933007,19.690059084726734,,,,949050
2025-06-04,125.87671913,125.95569441,125.09683827,125.10671018,124.72276942126113,124.24222266879698,122.96552459214837,120.47944910116853,121.16736674910709,117.77859321351498,0,0,0,0,118.8906240184573,115.31110200296196,98.23097226316372,3.1482559483113555,2,13,122.66455219695004,122.39464874128119,122.9344556526189,121.31503491860575,125.11189902,126.15499021,125.88508675433114,126.42489366566885,127.50450748834429,122.42460597732,0,0,0,3.251158737360226,0.0829224603534678,0.6778478141639953,6,5.219931016806212,95.97534272852323,0,1.813497953914732,125.11189902,122.42460597732,1,1,0,0,8,10,0,1,2240,0,14,3,,0.07471275081796254,0.6711363188822235,30,4.614703944320035,-5.285361747273204,,,,,,0.8514613325351656,78.69901445484375,97.22222222222223,335.2250732258011,3,18.08237146622606,23.636665436263623,29.00947140381628,19.130635236432383,,,,1045719
2025-06-05,125.4324832,125.50158657,124.27746978,125.03760681,124.82771521750742,124.47209477045324,123.16286575575329,120.6582003838678,121.20587660045926,117.97056664947951,0,0,0,0,118.92657352224363,115.42540739163492,98.14250338714419,2.5358890881170795,2,14,122.64189269545004,122.38033844384681,122.90344694705327,121.33412143743391,125.11189902,125.11189902,,,126.41967027801613,122.42460597732,0,0,1,3.161340288946203,0.08691781255584213,0.6069857625330441,6,5.222060198905755,95.4145693587804,0,1.8887143370140407,125.11189902,122.42460597732,1,1,0,0,8,10,0,1,2240,0,15,4,,0.2698900805032865,0.5999968601299076,31,4.786347266756517,-4.802119414182083,,,,,,0.7112060723530537,79.69740533002425,97.61904761904762,340.56671762081544,3,18.089747169376007,22.9219671485312,27.7972474443793,21.12826495668779,,,,844309
2025-06-06,126.34069888,126.80467863,123.9911844,125.05735063,124.90426035500495,124.72968207038139,123.34329288663393,120.83071607979454,121.24419972513131,118.16987693205422,0,0,0,0,119.00711191380586,115.67634110571815,98.93559479188961,36.14081726489418,2,15,122.61162408845004,122.34363179919347,122.87961637770661,121.2716626421672,125.11189902,125.11189902,,,126.45186046628284,122.42460597732,0,0,4,3.145017174853197,0.09128064142982154,0.5617576152697998,6,4.9542940333490195,85.81967796445782,0,1.8659305000796185,125.11189902,122.42460597732,1,1,0,0,8,10,1,1,2248,0,16,0,,0.32970975310577316,0.5542726878304856,32,5.602737236882557,-0.3190099875699379,,,,,,1.557431695802543,79.46989355744219,97.22222222222223,363.05249677363946,3,17.162177962791677,22.808501145629695,29.53309865014036,19.147789147421847,,,,1921768
2025-06-09,125.4324832,126.76519099,125.126454,125.99518204,125.26790091666997,125.0585396453104,123.59585375838309,121.03324415666535,121.29147318100065,118.3822702179768,0,0,0,0,119.0576957973146,115.8234245216191,97.34306988969631,10.97040057851322,2,16,125.99518204,123.836187535165,124.3643846502129,122.77979330506918,126.55493804577952,126.65631000102869,,,127.97680278864846,123.14395784136,1,0,6,3.878021047679176,0.09939010523839589,0.7312364387147825,6,4.956173485254351,92.73984812906171,0,0.1740865730163608,,123.14395784136,0,1,0,0,8,10,0,1,2248,0,17,0,,0.6697236077846511,0.7225332347727281,33,3.8494009141938177,-4.389798058703593,,,,,,0.8505837758680882,78.55954399407362,96.03174603174604,357.5745179959632,3,17.16868857517251,22.703139857221156,27.827910770949924,18.04223031818187,,,,1066654
2025-06-10,126.19262024,126.982373,125.51155719,126.84416627,125.79332270111331,125.48997009662598,123.90521685472756,121.26112345522749,121.34672385850314,118.61159511014608,0,0,0,0,119.11249659592718,115.97512353915512,96.68733406544939,7.3156752033589125,2,17,126.84416627,124.85353236113846,125.37026567886153,123.44462391910777,126.85685390546834,126.85685390546834,,,128.148687199776,124.21641508,1,2,0,4.530359153253432,0.10709624021071161,0.8634772386914539,6,3.5841193520654917,91.3559565585436,0,0.0037321598494011988,126.85685390546834,124.21641508,0,1,0,0,8,10,0,1,2280,0,18,0,,0.4489477769035444,0.8533345853385894,34,3.808418468882773,-3.9202014831728897,,,,,,0.8493664478552082,76.79209740045945,95.23809523809524,518.5053251678252,3,12.41575363633655,22.700525609585217,27.164003439814536,17.12517819582989,,,,1044437
2025-06-11,126.76519099,126.99224491,125.15606973,125.39299556,125.6598803207422,125.80266109497579,124.0469100647535,121.42315765541464,121.38698526846828,118.84686403991938,1,0,0,0,119.14318344608148,116.06470397274562,96.24458041794503,19.231532015331133,2,18,124.10028609268895,123.84397977392467,124.35659241145322,122.81875449886756,126.90286075578041,126.94595668727915,,,128.22748828110053,123.14395784136,0,0,1.5,3.3001975316148924,0.10538987654696336,0.45310579353937724,6,3.7747510562529163,77.48992469616405,0,2.186894709895132,125.11189902,123.14395784136,1,1,0,0,8,10,1,1,2280,0,19,0,,0.31103369380846885,0.4485108124347263,35,3.73017635739979,-0.6176503120449848,,,,,,0.6073535343297272,76.03117524185969,94.44444444444444,481.4505226771985,3,13.07612123070867,22.44395877083954,25.426480473639277,17.268140463440226,,,,728654
2025-06-12,124.81055289,125.91620677,124.43542033,125.66940903,125.66305655716147,126.01979811971344,124.20143377572936,121.58967731716308,121.42959645017507,119.08797146102002,0,0,0,0,119.17761932939194,116.16287228566112,97.03235140272085,10.924470664529325,2,19,125.66940903,123.84906606062212,124.35150612475577,122.42566007346537,126.98086705388303,126.98086705388303,,,128.23696721421717,123.14395784136,1,2,0,3.4915808861842064,0.11079123776425437,0.48036040496682014,6,3.5632034173205964,93.99753477499786,0,0.4043031817370028,,123.14395784136,0,1,0,0,8,10,1,1,2280,0,20,0,,0.29069358866201134,0.4784993788676963,36,4.6318154294519385,-4.381949916350943,,,,,,0.671722367559789,75.19175846350946,93.65079365079364,509.1706942511971,3,12.343298713004643,21.699067899191867,24.088325573255762,18.920594552590824,,,,791061
2025-06-13,124.15900686,125.31402028,123.11534858,123.8924653,125.07285947144098,125.94629341568745,124.17200820661228,121.67998272825473,121.45410260788476,119.3232723488672,0,0,0,0,119.2043247358936,116.24723053200147,97.8837384503943,23.091650281665835,2,20,123.6238415282001,123.36776167297734,123.87992138342287,122.34344225208626,125.11189902,125.06294533666667,,,126.34334461278051,122.5099453706084,0,3.5,1,2.0076412733355755,0.010038206366677878,0.03697734395858324,6,3.7511018688224924,84.38514302402675,0,1.1621823907276168,125.11189902,122.5099453706084,1,1,0,0,8,10,2,1,2280,0,21,1,,-0.047778518554334216,0.039777151621673834,0,5.369957140358265,-0.3702417742853612,,,,,,0.7367011355034914,73.05821556055176,92.46031746031746,462.2372025001688,3,12.994198042334244,20.166253782696245,21.943241362824057,21.838310001224453,,,,854003
2025-06-16,124.89940008,126.47890561,124.69208998,125.95569441,125.36713778429399,125.89803228292685,124.3418830831254,121.84765769616631,121.49889456611477,119.56521241170918,0,0,0,0,119.2492927781904,116.37106146334627,97.03952858739603,13.961265381988008,2,21,125.95569441,124.79646897595386,125.31823228404615,122.60503674763086,126.97326083547651,126.76214380095439,,,128.0665520711851,123.14395784136,1,1.5,1.5,3.6681813935846352,0.018340906967923176,0.514821537081375,6,3.957819764725411,90.16034253096292,0,0.30369155193163283,126.97326083547651,123.14395784136,0,1,0,0,8,10,1,1,2280,0,22,0,,0.327822385785826,0.5133065748072996,1,3.866864628531718,-3.5341690251163023,,,,,,0.8732973802607542,68.54948373301806,90.47619047619048,399.98566431452525,3,13.710289839409423,19.39015587940378,23.9876018748709,19.905185056945104,,,,1010979
2025-06-17,125.26466074,125.67434498,123.64566756,123.76413048,124.832802016196,125.6544729877182,124.28685902568488,121.92281349161077,121.52143422694945,119.79944153027765,0,0,0,0,119.2736741277748,116.44714071599013,98.2088194159546,18.714843629804566,2,22,123.6238415282001,123.36096903828225,123.88671401811796,122.30947907861086,126.12795971999999,126.72186566839396,,,127.85616858967138,122.43654836979647,0,0,0,1.8455149639381045,0.009227574819690524,-0.025049416401089798,6,4.3285883809525005,90.32943580695539,0,1.9051960839131312,126.12795971999999,122.43654836979647,1,1,1,0,1,10,1,1,2280,0,23,1,,-0.2392878111907332,-0.023416103193777616,0,6.3252324193032425,-1.136063565270808,,,,,,0.7107470902449663,62.17283883297304,87.6984126984127,314.6329250715385,3,14.994670001724073,18.03889069198566,22.105510525475495,21.897620699770943,,,,824133
2025-06-18,123.87272148,124.64766639,123.39886982,123.52720465,124.39760289413067,125.27142789133116,124.21451098990536,121.98573079193976,121.54139214160668,120.02520526633919,0,0,0,0,119.29948903304778,116.52857432871305,97.82521033190638,52.454402662714415,2,23,122.31935554290001,122.31935554290001,122.93699156615001,121.29837213141944,126.12795971999999,123.6238415282001,,,124.90007079255082,122.31894986235699,0,0,2.5,1.6338569711951898,0.008169284855975949,-0.06510193911191643,6,4.269914732688111,57.42835756942367,0,3.7303291456782444,126.12795971999999,123.11534858,1,0,0,0,8,8,1,1,2280,0,24,2,,-0.20960588539210082,-0.06339936916575238,0,4.413162215528313,2.881992094040984,,,,,,0.8125335730516252,53.2769759836676,82.93650793650794,260.18841535993846,3,14.791418522005376,16.86092337319253,21.139869898580823,21.804366784300214,,,,931851
2025-06-20,123.58643611,124.52426752,122.7571957,122.86578671,123.88699749942045,124.760267121784,124.08606105848581,122.02024278872643,121.55457019701358,120.23901496167007,0,0,0,0,119.34596418210249,116.68328136478524,98.3550953482616,89.25474562494155,2,24,122.26097919840002,122.00818776519917,122.51377063160088,120.99702203239578,126.12795971999999,123.6420237367171,,,124.90598090272135,122.19102415031149,0,0,3.5,1.07870605840753,0.15539353029203765,-0.20060190846421655,6,4.169705374201773,61.75466021618959,0,3.0594237096061363,126.12795971999999,123.11534858,1,0,0,0,8,8,1,1,2280,0,25,3,,-0.3013983433939384,-0.19685142934426958,0,5.014535908992752,2.9227071838572605,,,,,,1.7081230198062345,45.42370360376345,75,214.4753064027103,3,14.444283121420934,16.141840452332495,19.820470941360774,22.70988211007041,,,,2027335
2025-06-23,123.02373726,124.01092822,121.75026092,123.88259339,123.88552946294696,124.28259957195758,124.06668318529668,122.09327614563912,121.57773460689404,120.44839054847907,0,0,0,0,119.38233071970916,116.79064038602199,97.48743601516833,71.62454288016039,2,25,122.24104579075001,121.98612635902779,122.49596522247222,120.96644863213893,126.12795971999999,123.8924653,,,125.16706245861107,122.27239891669296,0,1.5,0,1.895790204150802,0.159478951020754,0.06301297514159203,6,4.243457091898763,66.77727533202732,0,3.0495234537362,126.12795971999999,122.27239891669296,1,0,0,0,8,8,1,1,2280,0,26,4,,-0.14339500707876568,0.06394072714143659,0,4.142936685331292,1.3854878435828177,,,,,,1.0648853466537038,41.50460298880175,71.42857142857143,182.34872168191262,3,14.69976656581426,16.024136553856795,18.251085363301492,24.43850916355175,,,,1257148
2025-06-24,124.73157762,125.8471034,123.36925409,125.52133038,124.43079643529798,124.07713498863764,124.20522101336367,122.22770964502583,121.61697436583042,120.66405152976401,0,0,0,0,119.42648509445678,116.90673836098154,97.93136080307866,40.70744700848938,2,26,125.52133038,123.19389174972672,123.71156086060368,121.37997749298421,126.73148669339814,126.87027735707333,126.61144280163485,127.12911191251182,128.16445013426576,123.14395784136,1,3,0,3.2103709490626415,0.1660518547453132,0.4434307691238315,6,4.291801968409614,90.51655433681772,0,0.29221279770489933,126.73148669339814,123.14395784136,0,1,0,0,8,10,1,1,2280,0,27,5,,-0.032147200834123195,0.4395124180748877,1,5.031276743710852,-2.5209854272499364,,,,,,0.968372131834514,36.45272229476776,59.523809523809526,145.1882587371304,3,14.867238130619137,14.985873191642089,23.025028375281728,22.349649221250882,,,,1136132
2025-06-25,125.83723149,126.2617236,124.94875963,125.85697531,124.90618939353199,124.1237299300961,124.36253094637665,122.3700337887503,121.6591634299515,120.88772100453174,0,0,0,0,119.48243389574898,117.04965590124465,98.43535046949546,41.060040885703074,2,27,125.85697531,123.20065703966876,123.70479557066164,122.19237997768295,126.8575641250238,126.72899142127393,126.47692215577749,126.98106068677038,127.98933774875618,123.14395784136,1,0,6,3.450469131711145,0.16725234565855573,0.4863862753494197,6,3.949341030999756,83.41799892818418,0,0.27304210268454165,126.8575641250238,123.14395784136,0,1,0,0,8,10,1,1,2280,0,28,0,,-0.1116694060988865,0.4804544844830904,2,5.607487611610962,-0.022577388354592665,,,,,,1.1699847002799182,32.02520574388761,50.79365079365079,134.08666169816783,3,13.680918644216058,14.25278789746863,23.4228423350149,21.310242307786357,,,,1386419
2025-06-26,126.35057079,128.54213472,125.89152699,127.84122914,125.884535975688,124.56984696519999,124.69383553624554,122.58459046919147,121.72067652159377,121.13113436982094,0,0,0,0,119.56222078533267,117.23721061658215,98.36182792360344,36.14080114627566,2,28,127.84122914,122.00166346464971,122.51774137575026,121.39165514732646,,130.65588080406,130.3978418485097,130.91391975961028,131.94607558181139,124.21641508,1,2,6,5.028359021090726,0.17514179510545363,0.8990236156130343,6,4.1762356508875,83.0092420046276,0,0,,124.21641508,0,1,0,0,8,10,1,1,2280,0,29,0,,0.42059123017707745,0.8874098573226122,3,4.960561552543649,-0.6130418352158186,,,,,,1.266550432126919,25.635882377789326,34.523809523809526,77.20364496894338,3,14.466904663435256,14.680017544715549,29.137201229800485,19.33028802073105,,,,1535681
2025-06-27,127.99917969,129.15912907,125.69902476,126.58749662,126.11885619045866,125.09991056017054,124.87418421088883,122.74156718098789,121.76910259222468,121.38543105191584,0,0,0,0,126.58749662000001,117.54693789806421,98.39169325898376,32.64388485606189,2,29,122.26014139745001,121.98964000738547,122.53064278751455,120.90763444712731,127.56154939195562,127.56154939195562,127.29104800189108,127.83205078202016,128.91405634227834,124.21641508,0,5.5,7.5,3.9569923118436297,0.16978496155921813,0.5327401166148065,6,4.3264349152111645,82.8241211910336,0,3.919690019515761,127.56154939195562,124.21641508,1,1,0,0,8,10,2,1,2280,0,30,1,,0.17830321134458885,0.5238847458185336,4,5.045032627322754,-0.5257815345210173,,,,,,2.2942593193774,18.39947991775951,19.444444444444443,22.767878075765346,3,14.987210177571367,15.334763125178757,27.84600372737081,17.122588351354583,,,,3027206
2025-06-30,126.89352582,127.84616509,125.7385124,127.7030224,126.6469115936391,125.74717189813593,125.14359737175656,122.93613405232169,121.8281465704115,121.65680543550528,0,0,0,0,127.0973510013222,117.82245313545535,99.54796206077525,49.49751810216939,2,30,127.7030224,121.99366523305792,122.53366161264208,121.38369690689264,127.94331971685301,127.94331971685301,127.67332152706093,128.21331790664507,129.29331066581338,124.21641508,1,4.5,0,4.82226480084638,0.1741113240042319,0.7398473958145356,6,4.392136971760469,85.93548652483953,0,0.03802578568157549,127.94331971685301,124.21641508,0,1,0,1,8,10,1,0,2280,0,,2,,0.6329216251545875,0.7286973574874881,5,6.752838300161342,0.41320006320286906,,,,,,1.9368696611306753,12.362327322580198,7.5396825396825395,-18.74805984658178,1,15.214808777781686,15.94274116418031,25.905193603430067,15.929178584346824,,,,2548303
2025-07-01,127.1896831,130.19074362,127.05147637,129.32201558,127.53861292242607,126.57900805993593,125.54154196301783,123.18656077889732,121.90271243120343,121.95305307113497,0,0,0,0,127.56396626949903,118.00080333439558,98.39602717003756,44.85337189511901,2,31,129.32201558,121.9962940707181,122.55377762408195,121.3863126003645,,132.851412915,132.57267113831807,133.13015469168192,134.24512179840963,124.21641508,1,3.5,6,6.086249436806998,0.180431247184035,1.036972787568642,6,4.510008624714961,75.81496680984402,0,0,,124.21641508,0,1,0,0,8,10,1,0,2280,0,,3,,0.5486507030969776,1.0221336707713957,6,4.637812686374047,0.32055021253746074,,,,,,1.1206317566904958,12.112302656452757,7.5396825396825395,-22.471975320765715,0,15.623128161160297,17.412330221735075,30.810351989840562,14.327403315196163,,,,1479832
2025-07-02,129.56881331,130.21542339,128.85803582,130.02292116,128.36671566828406,127.55563265690994,125.96833998177804,123.45465334286213,121.98351052800737,122.27544012811246,0,0,0,0,127.9090522479521,118.14419274892605,98.6267871694831,28.199311249031453,2,32,130.02292116,129.05106439834893,129.59296676165107,126.6904263667914,132.851412915,132.851412915,132.58046173334893,133.12236409665107,134.20616882325538,124.21641508,1,3.5,0,6.590571624963025,0.18402026843289485,1.0942453201870872,3,4.416941363438076,90.59232561942723,0,0.848761042557142,,124.21641508,1,1,0,0,8,10,1,0,2280,0,,4,,1.0085392824646378,1.0782295228401955,7,5.507336452258006,-2.274955954416076,,,,,,0.8655595200582805,12.838153722855935,8.73015873015873,-16.094522228169176,1,15.30073371105459,18.785485074092637,29.513544454434573,13.686544618413972,,,,1151774
2025-07-03,130.11176834,130.98049639,129.81561105,130.58562,129.1063504455227,128.62751861684197,126.40808093589442,123.73429909412243,122.06910365708193,122.62332461406918,0,0,0,0,130.58562,118.23547247527338,98.04719483488799,19.73289000712826,2,33,130.58562,129.06001729221686,129.58401386778314,127.71962474773487,132.851412915,132.851412915,132.58941462721685,133.11341120278314,134.1614043539157,124.21641508,1,0,7.5,6.976799278253723,0.2009283149579762,1.1127379312779622,3,4.390616891455323,87.07074809052808,0,0.7905780420289337,,124.21641508,1,1,0,0,8,10,2,0,2280,0,,5,,1.1283545485336608,1.096235816309969,8,4.427138077828975,-2.3117425321796863,,,,,,0.5431436550126995,14.254272378516669,13.492063492063492,-6.280732317423732,1,15.20954306514149,20.328186750101423,30.949193310947464,13.143218576499054,,,,713729
2025-07-07,130.22035935,131.00517616,128.95675492,129.32201558,129.1782388236818,129.50425701042164,126.68559852104732,123.95342523082351,122.1412719349219,122.98581910042019,0,0,0,0,129.7653305551188,118.3839630374732,96.51682625553639,43.10340487513099,2,34,126.58749662,126.3259230202728,126.8490702197272,125.27962862136398,130.67452873685662,130.67452873685662,130.41295513712942,130.93610233658382,131.9823967354926,124.21641508,0,0,2,5.879047705434137,0.1831574819022121,0.7222162748650748,3,4.542647944656978,59.68710710333253,0,3.124957657132846,130.67452873685662,124.21641508,1,1,0,0,8,10,1,0,2280,0,,6,,1.0300979470003313,0.7093852664756345,9,3.482122152995042,1.3526480471306732,,,,,,0.987116629761471,15.5003205629257,17.063492063492063,-1.498923551223978,1,15.736194082088437,21.09169646749981,28.78519622188973,15.15585769083536,,,,1320651
2025-07-08,129.27265603,130.71395483,129.2430403,129.72676387,129.36108050578787,130.1658189718909,126.97523331618568,124.17983066765396,122.21674946661422,123.36162953415591,0,0,0,0,129.75205088728208,118.50554699562777,95.8573015535049,66.55528006727096,2,35,129.72676387,129.0659926433783,129.5780385166217,127.19485680702648,131.11458052927983,129.75205088728208,,,131.03216557039053,124.21641508,1,1.5,3.5,6.144832386854877,0.18072416193427437,0.7428955139954232,3,4.541843174754722,43.712608435178424,0,0.5481309640370199,131.11458052927983,124.21641508,0,1,0,0,8,8,1,0,2280,0,,7,,0.917747134461894,0.7309806956620015,10,3.5425034966545104,3.37069314548044,,,,,,0.8248575374516219,16.639150722574357,19.047619047619047,5.756823597105576,2,15.733406277370218,21.800669776512592,27.308606860880236,14.378410212251096,,,,1068370
2025-07-09,130.477029,130.48690091,128.71982909,129.8649706,129.52904387052524,130.61492718201603,127.25044639083467,124.40277733166754,122.29285116943397,123.74771764577966,0,0,0,0,129.77727409949964,118.60635250978964,97.2515041094224,67.04828403109747,2,36,129.32201558,129.06850256902985,129.57552859097015,128.0544505251493,131.52491712996283,131.52491712996283,,,132.79248218481354,124.21641508,0,1.5,0.5,6.191792372290854,0.18095896186145427,0.7017295940355737,3,4.503241460316721,72.14698953750106,0,1.7379001902370121,131.52491712996283,124.21641508,1,1,0,0,8,8,1,0,2280,0,,8,,0.6662366348325407,0.6908985186487901,11,5.277673222118143,1.4170269373748838,,,,,,0.6936705942442762,17.952455407489136,19.841269841269842,15.082158634678535,2,15.599686016038453,22.03773159155408,25.609050894915693,15.326284832829835,,,,892411
2025-07-10,130.31907844,130.82254583,129.52932568,129.91433015,129.65747263035016,130.88944960257749,127.50414960599328,124.61891665787665,122.3686867811809,124.14004386855821,0,0,0,0,129.8073824095349,118.7314264169791,97.53816931799243,67.41351289417324,2,37,129.32201558,129.07506403275988,129.56896712724011,128.08725784379936,131.00517616,132.851412915,132.60446136775988,133.0983644622401,134.08617065120063,124.21641508,0,1.5,2,6.16631882493942,0.1808315941246971,0.6454409935205003,3,4.470718671091795,67.58709853913399,0,1.363150463166239,131.00517616,124.21641508,1,1,0,0,8,8,1,0,2280,0,,9,,0.6165661643193087,0.6371627318642819,12,4.634764980242484,1.4314962317138975,,,,,,0.8715338202377615,19.04686344788457,21.428571428571427,22.98595089375967,3,15.487023769355602,22.419180417843517,25.6251887974613,14.609680250156734,,,,1124732
2025-07-11,128.85803582,129.66753241,128.62110999,129.27265603,129.52920043023343,130.96282096789872,127.67257878923202,124.80141624109717,122.43738299261193,124.53082720216273,0,0,0,0,129.71431128145767,118.84209714516864,95.48518709895703,63.62264598469221,2,38,129.27265603,125.49765364041988,125.97937115958013,124.87016537221778,131.00517616,130.8535299335696,130.6126711739895,131.0943886931497,132.0578237314702,124.95728919876,1,1,2,5.5826683569351765,0.17791334178467588,0.4419319907857071,3,4.320576654173825,59.39872443866349,0,0.3935318129380765,131.00517616,124.95728919876,0,1,0,0,15,8,2,1,2280,0,0,10,,0.20494857485276075,0.438905571775339,13,3.1000772183846426,0.9712810449693952,,,,,,0.8248471236104814,19.586247510960717,23.80952380952381,30.863611249018962,3,14.96691656605002,22.038323179771066,24.39673430766385,17.276033792741934,,,,1078928
2025-07-14,128.85803582,129.6576605,128.24597743,129.29239985,129.45026690348897,130.89276417112814,127.82684746168611,124.97753324536787,122.50559211557102,124.91789978747099,0,0,0,0,129.6581640577338,118.93797344251134,94.74694423150035,61.59103029985933,2,39,129.29239985,125.92618638476773,126.39870413595224,125.51225784052394,131.00517616,129.6581640577338,129.42190518214156,129.89442293332607,130.8394584356951,126.16244526035999,1,2.5,3.5,5.539998311282278,0.1776999915564114,0.4049153588338424,3,4.322045463140901,60.435728075785875,0,0.4530984036330886,131.00517616,126.16244526035999,0,1,0,0,8,8,1,1,2280,0,1,11,,0.4033852304397027,0.40618081021724,14,3.230772208531319,0.9561873464442372,,,,,,0.7230375754093367,19.866203330304685,24.206349206349206,32.68900036271242,3,14.972004669565198,21.39454528671739,23.09517864051539,17.772045830125588,,,,951560
2025-07-15,129.95381779,130.77318628,127.99917969,128.0090516,128.96986180232597,130.57034503995715,127.84420023676363,125.09641631809853,122.56035290646086,125.29169537304912,0,0,0,0,129.51234941649906,118.99822883826674,90.6922143096064,68.2631403620688,2,40,125.3445383475883,124.95728919876,125.7385124,123.98068456834591,130.65588080406,130.76695979108354,130.52280863348003,131.01111094868705,131.98771557910112,124.95728919876,0,0,4.5,4.445726994354874,0.02222863497177437,0.08597957639816145,0,4.17836315697834,43.22956150809129,0,3.894363558109653,130.65588080406,124.95728919876,1,1,0,0,8,8,1,1,2282,0,2,0,,0.03301640708080437,0.09005590248331909,15,2.0523721631005527,1.9002159377427237,,,,,,0.530231259548661,19.900792338010806,24.206349206349206,37.49077547565769,3,14.474274560720751,21.417902538724913,24.831749217182264,15.969160509933303,,,,693562
2025-07-16,128.04853924,128.76918864,126.86391009,128.74944482,128.896389474884,130.16696684822512,127.93041400659567,125.23967233778095,122.62193591057569,125.6567886591713,0,0,0,0,129.4236570321997,119.09365418114578,94.04212772635415,35.77581460028776,2,41,128.74944482,125.28751549078348,125.77496190044002,124.84987354274769,131.00517616,129.4236570321997,129.17993382737146,129.66738023702797,130.64227305634105,126.16244526035999,1,0,0,4.997074025884667,0.029429814573867785,0.24706535894804657,0,3.9053767108507125,91.96667852883625,0,0.5784562403458349,131.00517616,126.16244526035999,0,1,0,0,8,10,1,1,2282,0,3,1,,-0.09475051235033359,0.25284378513175454,16,4.3869021679856575,-4.068405727536494,,,,,,0.7882383159945191,19.68722273360838,23.015873015873016,45.522752174769835,3,13.528621771779322,20.580939239044096,23.09854040381999,19.013497405694057,,,,1031868
2025-07-17,128.65072572,130.87190538,128.07815497,130.76331437,129.51869777325598,129.96766538620346,128.2002140412056,125.45628575080914,122.70294465146549,126.02434706902038,0,0,0,0,129.56367820577842,119.20719319184607,96.05975994625669,38.15633213442895,2,42,130.76331437,130.33436139542732,130.8368786045727,126.74317669683712,132.66348075701947,130.98049639,,,132.2367894128634,126.16244526035999,1,3,0,6.569010826455529,0.041733943021166536,0.6728493375472969,0,3.634587738536279,77.85056722409952,0,0.4726620184438898,131.00517616,126.16244526035999,0,1,1,0,5,10,1,1,2282,0,4,2,,0.1078680766757098,0.6756411365062274,17,4.802765828988285,-0.070860492984812,,,,,,0.7850289052513512,19.31688417172676,22.22222222222222,53.423291425929975,3,12.590581255423402,20.86523817797285,28.27747168589091,17.125894453781807,,,,1035982
2025-07-18,130.7929301,131.26678176,130.05253688,131.01011211,130.01583588550398,129.96869873043073,128.4678233810908,125.67408286293427,122.78560303413747,126.39394668036151,0,0,0,0,129.69314942276327,119.31422670339596,97.44633614374679,22.39879423621288,2,43,131.01011211,128.62110999,129.32201558,127.64449785587291,,135.02835828496,134.78420525142823,135.27251131849178,136.24912345261887,126.16244526035999,1,0,0,6.698268259981513,0.04682467463324091,0.6642259163497095,0,3.603029653465069,91.98801601404374,0,0,,126.16244526035999,0,1,0,0,8,10,2,1,2282,0,5,3,,0.06274917086707776,0.6670475329751876,18,5.478558940052402,-3.084197837130458,,,,,,0.7371999817219331,18.803919825652372,18.650793650793652,50.65721375231795,3,12.481260841957567,21.302796917583983,28.46587309221449,16.36542916299105,,,,974433
2025-07-21,131.82948061,132.20461317,130.18087171,130.24997508,130.09388228366933,130.05364501631735,128.63755211432024,125.85352961654469,122.85987539280276,126.75975333370764,0,0,0,0,129.72585705919676,119.38293152088514,96.68891394148449,17.709539162894753,2,44,128.99319567296297,128.74841302164776,129.23797832427817,127.76928241638689,131.00517616,131.00517616,,,132.22908941657607,127.33373430622,0,0,4.5,6.015063635356876,0.047853095954562164,0.43973428773146483,0,3.6141948935180293,82.49050430880273,0,1.6438914083385043,131.00517616,127.33373430622,1,1,0,0,8,10,1,1,2282,0,6,0,,0.14149432294733094,0.43954728698136825,19,3.7738105298959637,-2.092221979996765,,,,,,0.5415767816720268,17.95141782100712,16.666666666666668,43.38263730439591,3,12.519938368058428,22.10603172223138,29.78539549132097,15.157382331521836,,,,679356
2025-07-22,130.06240879,130.44741327,127.40686512,129.37137512,129.85304656244622,130.06167972460173,128.70744001962308,125.9914843421704,122.92466643486443,127.11611410784427,0,0,0,0,129.69880652741614,119.47041809411968,97.18561712112441,24.21652851116881,2,45,128.99319567296297,128.7387497454024,129.24764160052354,127.72096603516016,131.00517616,129.69880652741614,,,130.97103616521895,127.33373430622,0,4,0,5.244438624164639,0.048444415343045416,0.2093081286374106,6,3.6921192138432595,78.96723930341116,0,1.5814601603778007,131.00517616,127.33373430622,1,1,0,0,8,10,1,1,2282,0,7,1,,-0.050742674131853294,0.21100118023500702,20,4.548205370730794,-0.644102760228053,,,,,,0.7709732251686932,16.711134825699297,15.476190476190476,30.659082646988605,3,12.78987613195557,21.00433549142786,26.607484498234992,23.274245397573782,,,,955483
2025-07-23,130.03279307,130.45679158,129.33188748,130.08215261,129.92941524496416,130.06182844380908,128.8383650282304,126.15190270561469,122.99588520277624,127.46782979933482,0,0,0,0,129.71679408943348,119.5300466235529,97.82231706470787,13.19945476061856,2,46,130.08215261,128.74688066790674,129.2395106780192,127.36136743955014,131.00517616,131.00517616,,,132.23675118528115,127.33373430622,1,2,0,5.761385753304715,0.05547359543319025,0.3499452479260941,6,3.5286836227116787,94.11764226898944,0,0.3392489638744111,131.00517616,127.33373430622,0,1,0,0,8,10,1,1,234,0,8,0,,0.040525896671044725,0.3527974909788842,21,5.102959828687528,-4.630250969140767,,,,,,0.5080578446411702,14.982799184181925,11.507936507936508,22.57153186708828,3,12.223718636745668,19.986064252914833,25.55652779617532,22.325210424401376,,,,616445
2025-07-24,129.68727623,130.46715709,129.12901974,129.55894141,129.80592396664278,130.01502191731123,128.9069913503037,126.28551206657097,123.06118924463915,127.81035696871321,0,0,0,0,129.70863208821717,119.5951067434681,95.99508549379881,49.424159292960766,2,47,128.99319567296297,128.62110999,129.32201558,127.65843506586256,131.53668654828846,129.70863208821717,,,130.91197574338898,127.33373430622,0,3,1.5,5.280098628369053,0.057511604252956386,0.20523316908738354,6,3.5741879235442933,44.01726569687415,0,1.905578320033651,131.53668654828846,127.33373430622,1,1,0,0,8,10,1,1,234,0,9,0,,-0.04625572561405213,0.2080012877180514,22,3.268925103948593,2.821902459137643,,,,,,0.607148331590783,12.665236041200586,8.333333333333334,2.292850769947651,2,12.381350158755643,18.916467589316905,24.287810528616415,21.969526497878707,,,,716333
2025-07-25,130.2697189,131.12363907,129.5490695,130.87190538,130.16125110442852,130.10593921333464,129.0941260197986,126.46537062788191,123.13890781315021,128.1502093215499,0,0,0,0,129.75541241632854,119.6540770182166,97.20796753616033,25.449160676149912,2,48,130.87190538,129.08447881573596,129.55955234426403,127.64877538588762,131.6653257836826,131.23296528590302,,,132.42064910722326,128.15321035553998,1,3.5,0,6.279897803368331,0.0669550445723972,0.4788341351945854,6,3.3802339649283657,94.81004798513604,0,0.24616456833324413,131.6653257836826,128.15321035553998,0,1,0,0,8,10,1,1,234,0,10,0,,0.2512067290555362,0.47729108371072854,23,5.069820897436296,-5.162972126529299,,,,,,0.5127477621218629,12.996842401469685,9.126984126984127,10.99424680301213,2,11.709473937451847,18.287335887935317,25.31792740880245,20.66925605049414,,,,580467
2025-07-28,130.85216156,131.28652558,130.20061553,130.56587618,130.296126129619,130.25905851395325,129.23429270172255,126.62617476718066,123.21280799590494,128.48341637698962,0,0,0,0,129.7991972159187,119.73451454229335,95.49825200103365,13.449758409300468,2,49,129.32201558,129.09175010202267,129.55228105797732,128.17068819011334,131.43868626591635,131.2294285504292,,,132.38075594031585,128.15321035553998,0,1.5,1,5.967779083761689,0.06983889541880846,0.3715899210467728,6,3.201434440182632,90.74005496939044,0,1.8384611575380987,131.43868626591635,128.15321035553998,1,1,0,0,8,10,1,1,234,0,11,1,,0.20195986797243443,0.3708667061627812,24,3.1795281254412773,-5.1850017040130965,,,,,,0.8066508410231289,14.46397044391467,10.714285714285714,30.42243071622201,3,11.090094214994288,17.79390153931429,24.88347775449127,19.79895032042006,,,,824339
2025-07-29,131.33588513,132.09602217,129.60839967,130.2697189,130.287323719746,130.39560796453247,129.3329047206061,126.76905885082063,123.28302601485116,128.80633330142496,0,0,0,0,129.8228907788681,119.81019337518433,93.58073051749389,12.683085361632102,2,50,128.31914199223334,128.0831131332187,128.555170851248,127.13899769716004,131.31313173361727,131.19207823282107,,,132.3722225278944,128.36942430638285,0,1.5,2.5,5.667197757059583,0.07278043322974237,0.27366006254071246,6,3.1288774641875094,76.71439161397052,0,2.5369692112081563,131.31313173361727,128.36942430638285,1,1,0,0,8,10,1,1,234,0,12,2,,0.35772827181563316,0.27778469227819513,25,2.7565902967809093,-2.2271594503384486,,,,,,0.8653846051004307,15.76906390733134,12.698412698412698,45.487853007537204,3,10.838749477260071,17.780909228817126,25.604067598704216,17.935818803251326,,,,809107
2025-07-30,130.65472337,131.28652558,128.45328753,128.92713919,129.83392887649734,130.3410928013913,129.2942603843579,126.85368945235707,123.33918634495214,129.10982764238074,0,0,0,0,129.73559018016235,119.94850369852438,96.47008364814752,65.9386092762029,1,0,128.31223060465638,128.06776418155349,128.55669702775927,127.08989848914187,131.3308377963438,129.73559018016235,,,130.95792229567684,128.31223060465638,0,0,3.5,4.5305575710703945,0.022652787855351974,-0.04302994540873317,6,3.0746158651639703,67.23441770804898,0,2.469547476805692,131.3308377963438,128.31223060465638,1,0,0,0,8,15,1,1,234,0,13,3,,0.031039150304716774,-0.040623226408246886,0,4.4106116959552795,0.8807461875850326,,,,,,1.830770746130479,17.84648053043375,16.26984126984127,67.56028704392061,3,10.650781784442673,16.9494531600545,22.95462332143935,20.298645833105542,,,,1735077
2025-07-31,135.94113095,142.97486653,133.27077941,142.76755643,134.14513806099822,131.60608314210043,130.57743143632382,127.4777626671666,123.53250346022625,129.47737722170498,0,0,0,0,142.76755643,120.63344848195477,99.99764896293722,2.682170140869377,2,0,142.76755643,141.80208440729731,142.5069457527027,137.1286656667569,150.12360985650002,142.97486653,,,144.7370198935135,134.80922693202,1,5,0,15.570843649231856,0.1785010557985064,2.9712286236061547,5,10.664877979562704,99.49514905043168,0,1.304521356301161,150.12360985650002,134.80922693202,1,1,0,0,11,10,1,1,234,0,14,4,,1.8051747004187768,2.906033559151401,1,13.770727226927265,-4.348474663652842,,,,,,3.316659988926087,26.846896259846893,37.301587301587304,-27.331269929990704,0,36.944221034250226,19.631678218152775,44.396880088498925,13.074584678245802,,,,3539216
2025-08-01,141.84946884,142.04690703,138.78917687,140.35881049,136.2163622039988,133.47731001436145,131.50899134619775,127.98290179747379,123.69992940082102,129.8853137123847,0,0,0,0,141.89123692890175,120.96631829785574,98.65767636248955,3.6111785461598354,2,1,130.90645706249998,130.5436787632046,131.26923536179535,129.09256556602318,138.21442847770834,141.89123692890175,141.89123692890175,142.61679352749246,144.0679067246739,134.80922693202,0,2,0,13.467171056500545,0.11599128747378624,2.1127020326589103,0,10.882997122228723,92.11257326658216,0,4.0288911599194055,138.21442847770834,134.80922693202,1,1,0,0,11,10,2,1,234,0,15,5,,1.3892434575302681,2.0766801004795727,2,5.289671831323683,-3.939141398298556,,,,,,1.7869362407858937,32.84598778384253,53.96825396825397,-12.874920043546354,1,37.69980790865205,22.12231577210117,40.04978296198828,11.794393606895134,,,,2023904
2025-08-04,140.90176552,142.55037442,140.04290939,142.12588231,138.18620223933254,135.81243073886623,132.52012381894082,128.53752848423952,123.88327221583772,130.33738168346497,0,0,0,0,141.9434895172216,121.24381106058479,97.20006865899657,6.319932482657698,2,2,142.12588231,,,129.89446740115235,,142.97486653,142.2563592414872,142.97486653,144.41188110702564,134.80922693202,1,2,0,14.725644364946053,0.16873620980572607,2.244727960361096,0,10.82339522482014,95.263246275574,0,0,,134.80922693202,0,1,0,0,11,10,1,1,234,0,16,6,,1.7608639038479663,2.2073471766495976,3,3.9113391039652727,-7.149846615305997,,,,,,1.3903790294371936,37.380992692768196,61.507936507936506,-0.29964837533781724,1,37.49334087957371,24.516603152509035,38.805221294325726,11.059386908380777,,,,1593744
2025-08-05,143.142689,143.46846201,140.39839685,141.77049356,139.38096601288836,138.181478353074,133.4011114133274,129.0564682911321,124.06125451776968,130.82454524176015,0,0,0,0,141.92076274502676,121.425022133888,94.5071010076794,5.559638226161791,2,3,134.80922693202,134.44822296628192,135.1702308977581,133.00420710332955,141.89692884910718,141.90606628197528,141.5450623162372,142.26707024771338,143.71108611066575,134.80922693202,0,2,0,14.274592910628495,0.1761178649355233,1.9180334710585805,0,10.846680735626403,81.87099302973613,0,3.9266615271641014,141.89692884910718,134.80922693202,1,1,0,1,10,10,1,1,234,0,17,7,,1.8379592030590466,1.8980471300831647,4,2.783142875671249,-3.5433434630153955,,,,,,0.9437118412314488,40.957536606996634,70.23809523809524,9.0049820850924,2,37.57400425516699,26.88867140837285,38.12938288070267,10.21963954357193,,,,1082407
2025-08-06,142.08639467,142.17228028,140.60560823,141.78036547,140.18076583192558,140.1882354324039,134.199135609201,129.5554446510877,124.23756407948342,131.34049187021284,0,0,0,0,141.906157447061,121.58261071181646,90.88253751977304,20.422336287245926,2,4,134.80922693202,134.46002082053107,135.15843304350895,133.0631963745753,143.27953896647256,141.906157447061,141.55695133557205,142.25536355854993,143.6521880045057,134.80922693202,0,3.5,0,14.120368119334037,0.15934270432142875,1.7076073060166488,0,10.850386023279015,57.350254980535,0,4.851182013016303,143.27953896647256,134.80922693202,1,1,0,1,10,10,1,1,234,0,18,8,,1.7099269097980685,1.6941249772025748,5,2.1252843841793805,-0.3687114202996551,,,,,,0.8317271339267309,43.81306708653987,72.61904761904762,16.564913092338834,2,37.58683974810895,29.091306217389253,36.60203483533806,9.810271615167686,,,,956635
2025-08-07,142.78730025,143.36974292,140.97086889,141.64215874,140.66789680128372,141.84026531310607,134.90799495499138,130.0294334388882,124.41074412585672,131.87792869322928,0,0,0,0,141.88171571675943,121.7337765495107,94.1714123114778,33.29264847371087,2,5,134.80922693202,134.46354559608386,135.15490826795616,133.0808202523392,144.45288992981438,141.88171571675943,141.53603438082328,142.22739705269558,143.61012239644023,134.80922693202,0,2,0,13.850423237330373,0.1641419705910162,1.4941304857176032,0,10.85648671737232,69.43585276005041,0,5.579510372857003,144.45288992981438,134.80922693202,1,1,0,1,8,10,1,1,234,0,19,9,,1.7591188352349147,1.483082239575327,6,4.423191921833172,0.23495475383648706,,,,,,0.8224079718477735,46.09350810304746,75.39682539682539,22.56312748305829,3,37.607973172371025,31.33689896349228,37.427077136576656,9.20242427556053,,,,938248
2025-08-08,141.87908457,142.58986206,140.521697,140.82279024,140.71952794752247,143.00438610517796,135.47130879165886,130.45270233304944,124.57404806729099,132.42505151315083,0,0,0,0,141.8228052296291,121.8248715395622,96.43476225489772,29.831303695425337,2,6,140.35881049,140.01935491859498,140.698266061405,138.66153263297497,143.46846201,141.8228052296291,,,143.52008308665413,134.80922693202,0,0,5.5,13.043440768603698,0.11644483793480193,1.1714316945804357,0,10.864440095708126,81.26161489730788,0,1.8321405108357247,143.46846201,134.80922693202,1,1,0,0,8,10,2,1,226,0,20,10,,1.4098210727342675,1.1569856788960742,7,5.331000604457267,-0.9291035558925665,,,,,,0.5345821264360483,47.89438110602859,76.98412698412699,27.258439370288755,3,37.6355244831099,33.12287528914185,35.391112898326696,9.883269124386398,,,,596999
2025-08-11,140.37855431,141.12881944,139.9540622,141.03997225,140.826342715015,143.76780907849133,136.00165769245325,130.86788938861613,124.73788810890998,132.97771021969285,0,0,0,0,141.75866279532306,121.97085974634703,97.51487911374082,24.88517374899788,2,7,141.03997225,140.03311284119536,140.68450813880463,137.34848100956282,143.46846201,143.08965617651165,,,144.71814442053488,134.80922693202,1,3.5,0,13.06907178583663,0.12555414644167767,1.0889699391303014,0,10.859787555238206,82.93786095276933,0,0.657861444556044,143.46846201,134.80922693202,0,1,0,0,8,10,1,1,194,0,21,11,,1.481670300099956,1.0735865744154243,8,5.227973787020896,-1.4134779831361908,,,,,,0.857374330557464,49.276198922098615,78.17460317460318,30.986110766929976,3,37.61940761015355,34.39829150724143,34.25136262847312,11.121080102905838,,,,957745
2025-08-12,141.92844412,141.94818794,141.07205596,141.59279919,141.08182820667665,144.2247750720801,136.5341473588863,131.2884740867096,124.90559866693079,133.53364297728385,0,0,0,0,141.7472015097852,122.10499446879284,98.01953569798204,38.38646718557054,2,8,140.35881049,140.0482678903064,140.6693530896936,138.80609749153197,143.46846201,141.7472015097852,,,143.29991450825324,134.80922693202,0,2,4,13.359849919591479,0.14226502828572113,1.0815372180636582,0,10.755529410290064,71.91981137782219,0,2.0027213806209647,143.46846201,134.80922693202,1,1,0,0,8,10,1,1,194,0,22,12,,1.6037262295021097,1.0652567614844075,9,5.161462239686182,0.5407284460458566,,,,,,0.7707301495794777,50.27754365717837,79.76190476190476,34.943396356173665,3,37.25824680184743,35.75983694286986,35.71278005406177,10.830680002485655,,,,867667
2025-08-13,141.46446437,142.21966545,139.20379707,141.69151829,141.2850582344511,144.39048896392814,137.02532554280188,131.6964366044857,125.07262274278222,134.08839933518374,0,0,0,0,141.74010728607746,122.38387188292755,99.3829099149172,41.54975874893456,2,9,141.69151829,140.04352210832022,140.67409887167977,136.6814900165618,143.46846201,141.74010728607746,,,143.31654919447632,134.80922693202,1,3.5,0,13.287396700231783,0.16907391320802118,0.9819584725217231,5,10.763860975349814,81.44147428767435,1,0.35467738364289536,143.46846201,134.80922693202,0,1,0,0,3,10,1,1,194,0,23,13,,1.821095437654898,0.9675870789531983,10,6.33562723623062,-0.015045467180956784,,,,,,1.5725225968026202,50.928706812622195,79.76190476190476,36.58529525364557,3,37.287108189827535,35.81237688114518,32.662708324233385,15.196353977611627,,,,1833318
2025-08-14,140.93138125,141.49408009,139.46046672,140.02316557,140.86442734630074,144.05973982226024,137.31083411682076,132.02297499529018,125.22138436295354,134.62663900619683,0,0,0,0,141.6519191281359,122.4899660498043,95.06801759371604,47.44057572776809,2,10,132.02297499529018,131.71028710899824,132.33566288158212,130.4595355638305,143.46846201,140.35881049,140.04612260370806,140.67149837629194,141.92224992145967,134.80922693202,0,4,6,11.820489992462926,0.05910244996231463,0.5392345202958091,0,10.824205920941179,52.99450610397891,0,7.320710213905753,143.46846201,134.80922693202,1,1,0,0,8,10,1,1,194,0,24,0,,-0.4916796086326836,0.5297796395848862,11,2.7172269980469714,0.7028769501012255,,,,,,0.6757433426985892,51.32148396175994,80.55555555555556,36.87134556082409,3,37.49614921331598,35.86116396668654,30.58189690646807,14.228254622496078,,,,779134
2025-08-15,140.34893858,140.4229779,138.9273836,139.00635888,140.24507119086715,143.34051992709658,137.47231266569497,132.29683318684744,125.3585482884963,135.13778100012138,0,0,0,0,141.52488867230022,122.5869442302825,96.20397804828437,44.09582017366085,2,11,134.80922693202,134.5055203742132,135.11293348982682,133.29069414298604,143.46846201,140.6972875207377,140.39358096293088,141.0009940785445,142.21582030977166,134.80922693202,0,0,7,10.88702029325918,0.054435101466295904,0.27159938085226565,0,10.87652055843766,70.5439092883955,0,5.702369511223166,143.46846201,134.80922693202,1,1,0,0,8,10,2,1,194,0,25,1,,-0.30341417290394657,0.2681839177064892,12,4.359813507831606,-0.059021128816641455,,,,,,0.6696505546170003,51.31718469275207,80.15873015873017,36.20160159321217,3,37.67737243356289,35.56238565717826,29.237256898327683,15.169853589620157,,,,765100
2025-08-18,138.85828024,139.76649592,138.49301958,139.04584652,139.84532963391143,142.4196173464277,137.62217303277163,132.56150037638284,125.49474031070031,135.61788894525054,0,0,0,0,141.3980124397366,122.69479583552992,96.10476019003687,44.49453031731379,2,12,139.04584652,134.51584337530656,135.10261048873346,133.84326415843003,143.46846201,140.6972875207377,140.40390396402424,140.99067107745114,142.16420530430494,134.80922693202,1,5,2.5,10.798146739656032,0.05399073369828016,0.244860195621896,0,10.84180777129777,65.1295269032314,0,0.8500808219142542,143.46846201,134.80922693202,0,1,0,0,8,10,1,1,194,0,26,2,,-0.535314545159519,0.24256687481200295,13,3.7993308067457363,0.16668646745947052,,,,,,0.7463803887106762,51.08976044389222,79.36507936507937,36.032143196650225,3,37.55712381156566,35.002425087000816,28.10414261917824,15.90383767134488,,,,859489
2025-08-19,139.42097908,140.38842622,139.10507797,140.01329366,139.9013176426076,141.5826554847277,137.84989880679336,132.85372756397567,125.63920352810628,136.0758287362687,0,0,0,0,141.2871329519708,122.88567691839356,97.20089316526693,28.982348828016615,2,13,140.01329366,134.52481202489324,135.09364183914678,133.85218796476877,143.46846201,140.79293813120793,140.590800365,141.2871329519708,142.42479258047788,134.80922693202,1,2,2.5,11.44076826997565,0.05720384134987825,0.4059739365454662,0,10.794898904895167,84.29298042064387,0,0.560803290986285,143.46846201,134.80922693202,0,1,0,0,8,10,1,1,194,0,27,3,,-0.3487337968015183,0.40469362533614917,14,4.9674902958850495,-2.04001576976426,,,,,,1.2421003070507817,50.63872938317323,78.17460317460318,35.41712756354712,3,37.39462673169612,34.71099543251614,28.87204046654875,15.233533946970502,,,,1461775
2025-08-20,139.38149144,140.86227788,138.64109822,140.0527813,139.95180552840506,140.92649615147008,138.0596971394797,133.13604339676093,125.78262221240372,136.51291008988716,0,0,0,0,141.20892944309543,123.04403784212018,98.22740182392542,23.70325248657405,2,14,140.0527813,139.75897787213228,140.32684090786773,136.36964607705823,143.46846201,140.78025648112003,,,142.3446555145663,134.80922693202,1,5,4,11.345095877790545,0.056725479388952726,0.36642336561127614,0,10.799660081470872,86.53166255376246,0,0.9273840093418739,143.46846201,134.80922693202,1,1,1,0,1,10,1,1,194,0,28,4,,-0.34002466272433324,0.3660262707724719,15,6.0807880114139845,-1.5438273991698552,,,,,,1.0223913999961252,49.95785351868543,77.38095238095238,33.537444510108145,3,37.41111993116198,34.61331518451542,28.345479169028476,14.169506757577512,,,,1234820
2025-08-21,139.29264426,139.68258469,138.35481285,138.42391621,139.4425090889367,140.2696299715376,138.09438467000544,133.34341095806442,125.9084062322803,136.92147416706322,0,0,0,0,141.0967988526865,123.13740972241507,97.93130270628095,31.10310757242557,2,15,134.80922693202,134.53041580426785,135.08803805977217,133.41517129325916,143.46846201,140.7620731421348,140.48326201438263,141.04088426988696,142.15612878089564,134.80922693202,0,0,2.5,9.940170281109452,0.05414529584999171,-0.002139710855390261,0,10.884064451737823,72.04373583067196,0,6.211541947979234,143.46846201,134.80922693202,1,1,0,0,8,10,1,1,194,0,29,5,,-0.5409982462741414,0.0025023402759407646,16,4.520728248857678,-0.18433841313422444,,,,,,0.6741499754213536,47.743177013107214,73.41269841269842,26.627953292229297,3,37.70350524652841,34.31025758342288,26.804185858328783,14.315828340246131,,,,817637
2025-08-22,139.28277235,142.40229578,138.89283192,141.89882839,140.26128218929114,140.01784841331818,138.45671264333825,133.6789175240227,126.06751491046657,137.32521906436153,0,0,0,0,141.14105798972253,123.3012004147286,98.02717642613308,16.340836515678646,2,16,141.89882839,138.67245394664084,139.26128853335914,137.1881516962535,143.46846201,142.2057046564286,,,143.67779112322438,134.80922693202,1,3.5,0,12.557805625641837,0.07167791701709808,0.6840696769948537,0,11.077633936558719,92.75806663510355,0,0.3332076731319096,143.46846201,134.80922693202,0,1,0,0,8,10,2,1,194,0,30,6,,0.0605261503339718,0.6837239222054713,17,4.835432351416382,-5.070322818412498,,,,,,0.9541452860579245,43.34073831487215,67.46031746031746,12.942831818930484,2,38.374049611537856,34.9526031877179,31.818141976056726,12.588633389615019,,,,1186121
2025-08-25,141.82972502,142.97486653,140.73394306,140.84253406,140.45503281286076,139.93272691089436,138.68393373063938,133.95984366268846,126.21453002638232,137.7179253876937,0,0,0,0,141.12909640864444,123.41627636161758,98.20671510286266,8.955738381691123,2,17,138.96687124,138.6734755080415,139.2602669719585,137.49989258020747,143.46846201,142.2057046564286,,,143.6726833162211,134.80922693202,0,0,5.5,11.589794004351175,0.07128230335508921,0.3987900775861329,0,11.120458887794458,93.04221245918674,0,3.06861367065605,143.46846201,134.80922693202,1,1,0,0,8,10,1,0,194,0,,7,,-0.11288781961979703,0.40291902000867524,18,5.040457034505827,-5.077141058271561,,,,,,0.7196157292606765,36.650428246180006,54.76190476190476,-4.859435984822815,1,38.52239959428177,35.71271134132116,31.390728448740653,11.730146244061796,,,,897193
2025-08-26,140.73394306,141.80010929,140.18111612,141.503952,140.80467254190717,140.0457149749381,138.9525068991499,134.25569104846537,126.36666357835861,138.10431769201566,0,0,0,0,141.152984997118,123.6156218963707,98.31132652598933,4.848833572819773,2,18,141.503952,138.35481285,139.00635888,137.20723608951127,143.46846201,142.2057046564286,141.9188104663064,142.49259884655078,143.6401756070395,138.35481285,1,2,0,11.978862140531959,0.07767208848043758,0.48476211743364445,0,11.102349819439937,94.71137353770065,0,0.4572119849032666,143.46846201,138.35481285,0,1,0,0,8,10,1,0,194,0,,8,,-0.09243091480424549,0.4878258875152246,19,5.065613727742781,-6.088300379229791,,,,,,1.1883338211771848,27.56244213243236,38.492063492063494,-28.334165093502456,0,38.45966794134624,35.99919607059617,29.809092110152363,12.859596596606222,,,,1524055
2025-08-27,141.61254301,142.97486653,141.61254301,142.76755643,141.45896717127144,140.44231018078705,139.31584494970707,134.58948969087848,126.52985654205654,138.49205122086414,0,0,0,0,141.2075060516897,123.73068035775847,97.46438207111181,2.7866741445638445,2,19,142.76755643,141.874980166583,142.43404999341703,139.37626370266378,150.6418851105,143.38397781005,,,144.78165237713512,138.56221267169158,1,3.5,0,12.833097524730317,0.08638770984587381,0.6798057491228013,6,11.004483059335826,92.76375111516401,0,2.3219253876338324,143.35484532730865,138.56221267169158,1,1,0,0,8,10,1,0,192,0,,9,,0.07237964167649581,0.6803947324965289,20,4.0295009527555425,-6.120202493794287,,,,,,0.6753625570391049,11.093356696948234,5.158730158730159,-70.89934874421007,0,38.120647539601286,36.62894145761964,32.160865083090265,12.255424446469092,,,,835795
2025-08-28,143.04473666,143.04473666,141.97561337,142.55967146,141.82586860084763,140.96577634077838,139.6247808078302,134.90204583868717,126.68935718800623,138.87908110435097,0,0,0,0,141.25804447237184,123.85985326552635,97.42025052633919,1.75206869629341,2,20,142.15451508,141.88540120245204,142.42362895754798,140.80894569226024,150.6418851105,143.35404510352532,,,144.6996144912651,138.5816785041558,0,3.5,2.5,12.526951453737608,0.08930142393535472,0.5654345404779366,6,4.171349944300863,93.32020105249462,0,6.307642034541747,143.31459099784442,138.5816785041558,1,1,0,0,8,10,1,0,192,0,,10,,0.28255631754014165,0.5650713711222639,21,4.378568625496772,-6.133337662651088,,,,,,0.8668370015220452,11.442067004994279,5.555555555555555,-20.816036131842782,0,14.449980079357399,37.23491911482638,31.25189921490102,11.8207120441018,,,,961010
2025-08-29,142.34188709,142.80081816,139.97595684,140.13434548,141.2620275605651,141.2854044437169,139.67331077660828,135.10723405991513,126.82313816603602,139.2507337591216,0,0,0,0,141.21136263650087,123.98830614761401,92.79287277153826,19.609191843144078,2,21,138.44455758147953,138.169444147685,138.71967101527406,137.06899041250688,143.31653359264058,142.15103020282893,141.84946884,142.40229578,143.50274951517812,138.55728940835965,0,0,4,10.495882302279135,0.0835905226225068,0.025435548581983682,6,4.177482924238351,54.33923118602338,0,3.54179433840349,143.31653359264058,138.55728940835965,1,1,0,0,8,10,1,0,192,0,,11,,0.08506027639262945,0.02873939430143426,22,2.237595010566551,-0.24301747914158597,,,,,,1.0482377560180562,19.120978049172752,18.253968253968253,32.13102272430671,3,14.47122534506446,36.3228932001287,28.386773207373395,17.226721773378102,,,,1114452
2025-09-02,139.14441651,139.42892209,137.7090195,138.93653142,140.48686218037673,141.27013155296237,139.60314131407415,135.25740258384002,126.94366944219486,139.60115267340097,0,0,0,0,141.10400891144596,124.12766126382395,92.28268432452846,53.651164812722726,4,0,138.33583295104202,138.05871578055425,138.6129501215298,136.95024709860314,143.24289634583127,142.15103020282893,141.87391303234116,142.4281473733167,143.5366160552678,138.35481285,0,6.5,2.5,9.447388775275801,0.04723694387637901,-0.21960395806067365,6,4.038873451210485,44.771806629648324,0,3.541508009880396,143.24289634583127,138.35481285,1,1,0,0,8,8,1,0,192,0,,12,,-0.08874376949036737,-0.21300506008744202,0,3.655773254214429,2.4382488521798997,,,,,,1.2655283426079742,31.656307353598763,46.42857142857143,126.26083477153848,3,13.991068045675235,34.16027712644536,26.168552841449067,23.184532926460864,,,,1328697
2025-09-03,138.95633,139.30775479,137.63972447,138.29307759,139.75560065025115,140.92048190230867,139.4783733403528,135.37644866251296,127.05659887650138,139.92744766935212,0,0,0,0,141.00003753486538,124.23433165591783,72.42578001415198,73.74677542602802,4,1,137.95882042554885,137.6866042108102,138.2310366402875,136.5977393518556,143.04473666,142.15103020282893,141.84946884,142.40229578,143.4911606389546,137.95882042554885,0,9,4,8.84367975599633,0.044218398779981655,-0.33094285211496927,6,4.052108243158533,18.868593645245497,0,3.1282102579505824,143.04473666,137.95882042554885,1,1,0,0,8,8,1,0,192,0,,13,,-0.3185545894671822,-0.3283646193188818,0,0.5771274453554307,3.4519030296504716,,,,,,1.0300458168453,39.25720795208723,60.317460317460316,179.67120099812126,3,14.03691470983848,32.11540982313952,24.736854132104096,22.143376539233824,,,,1081409
2025-09-04,138.46136551,140.51051849,138.13468895,140.51051849,140.00723993016743,140.62498505167315,139.57667287841443,135.57778473417912,127.19046872340186,140.2439859561189,0,0,0,0,140.98588734367542,124.3323734608725,77.37406866318344,38.00140497497594,2,0,138.1826945581846,137.90870959503442,138.4566795213348,136.81276974243372,143.04473666,142.15103020282893,141.84946884,142.40229578,143.4982356326007,137.95099685766388,0,3.5,0,10.472521958830852,0.05236260979415426,0.13425387518128143,6,4.399741425389496,78.707850591667,0,3.549130613529613,143.04473666,137.95099685766388,1,1,0,0,8,10,1,0,192,0,,14,,-0.012184022701740788,0.12881826575080935,1,1.611122681192691,-4.584990434697716,,,,,,0.8323661363510071,44.65066019635756,68.65079365079364,192.96120148219177,3,15.241151377880236,30.777296336285843,26.74119448632552,20.428967800325758,,,,870278
2025-09-05,141.21336806,141.68853397,138.10499108,139.14441651,139.71963212344497,140.2929525163874,139.5355056052321,135.7176526469564,127.30941347749737,140.54219192234243,0,0,0,0,140.91695039912872,124.4514518181422,84.4860679504261,52.35497308938866,1,0,137.80988581587982,137.52347528857968,138.09629634317997,136.37783317937902,143.02050157812042,140.13434548,,,141.5663981165008,137.80988581587982,0,3.5,4,9.296251321269768,0.046481256606348845,-0.15292755804418554,6,4.497366240502128,52.31020770195,0,3.6385644140655753,143.02050157812042,137.80988581587982,1,1,0,0,8,15,1,0,192,0,,15,,0.02167739343789914,-0.16514187501094618,0,3.185264535061143,0.9267095030312931,,,,,,1.107576656049428,48.59069355799516,74.2063492063492,211.8919886173972,3,15.57933365758943,30.033322685332752,27.426191835720633,18.14677657564165,,,,1170908
2025-09-08,139.09492006,139.40179804,137.80801239,138.61975415,139.35300613229666,139.88238847814455,139.44829118092426,135.83146054903654,127.42195418070635,140.8198390211291,0,0,0,0,140.8171193527166,124.58834922500618,78.94564200318422,69.95440444389004,4,0,137.6003991261584,137.32021626464754,137.88058198766927,136.19948481860408,143.01623888281546,140.30867072409785,,,141.93785079876005,137.63972447,0,3.5,2.5,8.78796753769232,0.0439398376884616,-0.25153830312758213,6,4.478660327713311,31.068016568366367,0,3.8659322183038034,143.01623888281546,137.63972447,1,1,0,0,8,8,1,0,192,0,,16,,-0.5485035349634487,-0.26659049813486857,0,1.7937065230635465,2.421121854998981,,,,,,1.2937369316173957,51.42388899078442,80.55555555555556,231.456216582131,3,15.514534474885064,29.15843102883554,26.033240857900545,18.17149885165183,,,,1421016
2025-09-09,137.85750884,138.37227191,134.95701695,136.1647303,138.29024752153111,139.1843252903528,139.1355710970267,135.8445299510351,127.50894697791325,141.06313877502902,0,0,0,0,140.65172591371456,124.6824516028708,59.15707119202196,83.411021293464,4,1,133.27077941,132.97790659931132,133.56365222068865,131.8064153565567,143.04473666,137.63972447,137.34685165931134,137.93259728068867,139.1040885234433,133.27077941,0,6.5,1.5,6.788373308098983,0.033941866540494914,-0.7267620544244446,6,4.781949795081259,12.061273223056105,0,2.98351017953966,143.04473666,136.83121466095992,1,1,0,0,8,8,1,0,64,0,,17,,-0.7536349516385316,-0.7392718721614856,0,-0.13579805319443006,4.395410912720454,,,,,,1.0851116113398362,51.517033641194956,80.55555555555556,210.99629351179226,3,16.56516000864864,27.33002078694201,23.126295168057887,24.834011894869217,,,,1205297
2025-09-10,136.51120544,137.4120408,135.62026936,136.34291751,137.6411375176874,138.32437641774158,138.86960408873844,135.8640745611906,127.59684718221263,141.27475440730996,0,0,0,0,140.5123395554956,124.77090991608515,44.36246844251767,89.83961794803209,4,2,133.27077941,132.98282812650336,133.5587306934966,131.83102299251692,141.68853397,140.23085460565844,139.9429033221618,140.51880588915506,141.6706110231415,136.26978564318534,0,4,4,6.854456454788177,0.034272282273940885,-0.6333286349499535,4,4.756528228443911,11.157156275382548,0,2.7512077142866262,141.68853397,136.26978564318534,1,1,0,0,10,8,1,0,64,0,,18,,-0.8201713824669743,-0.6419919917354063,0,-0.7172819454733319,4.1536685599102885,,,,,,1.0083511639950256,51.162267698344266,78.57142857142857,210.5053476961519,3,16.477097118600874,25.63221127661231,21.841447522875043,23.454287149868264,,,,1133434
2025-09-11,136.6398962,141.08467729,135.67976409,140.37192843,138.55140115512495,137.89253628545498,139.01268259743003,136.04085314428116,127.72396241850902,141.48216391489862,0,0,0,0,140.50582168403648,124.94699800123166,78.50571329065947,61.03567624422933,4,3,140.05515116,139.73950967175315,140.37079264824686,138.47694371876574,141.68853397,140.50582168403648,,,142.08402912527075,136.6805369805,0,4.5,0,9.902578789442652,0.04951289394721326,0.22154233924095032,6,5.676980641371501,49.431663747688944,0,1.0349607835599737,141.68853397,136.6805369805,0,1,0,0,8,8,1,0,64,0,,19,,-0.427094733748148,0.21307533068197831,1,2.167178983389358,0.41841613026674274,,,,,,1.5260540399705955,50.36704881908754,76.58730158730158,156.11703677539688,3,19.66563780888078,25.123072714202017,28.89093840822052,19.868381515367105,,,,1705612
2025-09-12,140.10464761,140.76790002,139.76807176,140.12444619,139.0757495000833,137.82359961236972,139.11856484434145,136.20099404803483,127.84735031673281,141.683771765931,0,0,0,0,140.49150798707666,125.08955406525665,60.008763414237706,77.56658429126952,4,4,139.14441651,,,137.63430298153247,141.68853397,141.78838706500002,141.48636435930652,142.09040977069353,143.29850059346757,136.6805369805,0,3.5,3.5,9.60293337550722,0.048014666877536104,0.13959654403286195,6,5.552787346906758,30.768633157249983,0,3.3824278693029504,141.68853397,136.6805369805,1,1,0,0,8,8,1,0,64,0,,20,,-0.4347621733473323,0.13345781866573572,2,0.9023614606764339,1.643162551904409,,,,,,1.2455476416039915,49.11860135278179,73.41269841269842,155.354977073307,3,19.235419616936184,24.650301191963884,28.036994313304053,19.281121702935128,,,,1432810
2025-09-15,140.56991423,141.42125315,139.79281998,140.3125327,139.4880105667222,138.0830739899238,139.23227606868988,136.36223085791582,127.97138198223796,141.88129662963055,0,0,0,0,140.48607942697302,125.20779539403793,67.06548268809183,56.23850194398645,1,0,139.14441651,138.84942727283817,139.43940574716186,137.66947032419085,141.68853397,140.48607942697302,,,141.96102561278218,136.6805369805,0,2,5,9.643680115508129,0.04821840057754065,0.15314470755549703,6,5.499904967570266,52.36440373774722,0,1.7248883277760307,141.68853397,136.6805369805,1,1,0,0,8,8,1,0,64,0,,21,,-0.06878125469231437,0.14805211821094666,3,1.4031063020901153,-0.830638854301968,,,,,,1.0190726172669302,47.814946176660285,71.03174603174604,150.9677186165817,3,19.052229681264315,24.456414677187617,28.63262565318572,18.33078381827571,,,,1194147
2025-09-16,140.61941068,140.68375606,138.53561019,139.30280514,139.42627542448147,138.40318290639652,139.23899312310039,136.4775474964289,128.08413246141967,142.0696398728629,0,0,0,0,140.4536612408696,125.30874150963135,81.43236206145096,34.32250915111682,1,1,139.14441651,138.85131805879618,139.43751496120385,137.67892425398082,141.68853397,141.78838706500002,,,143.2538793210192,136.6805369805,0,5,4,8.75883098318952,0.043794154915947604,-0.07428946715232404,6,5.553371634118407,81.41212674438904,0,1.7360156285716208,141.68853397,136.6805369805,1,1,1,0,19,10,1,0,64,0,,22,,-0.04434259033370792,-0.07499009756521262,4,4.169319529317047,-2.6059796802464494,,,,,,0.9364440784629497,46.06831186178832,68.25396825396825,139.47210817935343,3,19.237443647209762,23.577373844561826,26.758954381775055,20.961048894379825,,,,1109006
2025-09-17,140.15414406,141.95086515,138.89822117,139.57008597,139.47421227298764,138.6951123219567,139.27052577518606,136.59882351500033,128.1984205560324,142.25194887450763,0,0,0,0,140.42821155630995,125.41845474013469,84.9137030840105,24.3485499510546,1,2,139.14441651,138.84499791263215,139.44383510736787,137.64732352316074,141.68853397,141.78838706500002,,,143.2854800518393,136.6805369805,0,0,5.5,8.87036311730325,0.04435181558651625,-0.02278850418069435,6,5.510919624532896,72.19833654605728,0,1.6993717039388703,141.68853397,136.6805369805,1,1,0,0,8,10,1,0,64,0,,23,,0.08945520167955431,-0.0220760423009413,5,2.7071782224830887,-2.3793599457859376,,,,,,1.0250084559995802,43.8373915371332,64.68253968253968,129.63072888837593,3,19.090385572238752,23.26393615214897,28.101596552993065,19.05298737220903,,,,1200500
2025-09-18,139.95615826,141.89641905,139.95615826,140.74810144,139.89884199532509,139.07168451910826,139.4112472670731,136.76154029637286,128.32329300263905,142.43553047367462,0,0,0,0,140.43791349690446,125.54545731024146,80.7431023769291,16.74314871108233,1,3,137.20670797098947,136.9079055852193,137.50551035675963,135.7126960421387,141.68853397,141.78838706500002,141.48958467922986,142.08718945077018,143.2823989938508,136.6805369805,0,2,6.5,9.682426429865252,0.04841213214932626,0.2054388658478305,6,5.5770552043171335,69.30722504049328,0,2.9998595810798347,141.68853397,136.6805369805,1,1,0,0,8,15,1,0,64,0,,24,,-0.060468499913229036,0.20591004163005713,6,1.579103402031631,-3.062574324664295,,,,,,1.1098090219582288,41.055907277456285,61.507936507936506,112.51035044547339,3,19.3194859409874,22.97288686633703,26.148153265265584,17.728545530507546,,,,1303638
2025-09-19,141.45095101,142.36168567,140.18384193,141.44105172,140.41291190355005,139.58561066215802,139.60456197687566,136.9450505482798,128.45381796500084,142.62344505947883,0,0,0,0,140.49170929022594,125.78775732290583,98.41597623743473,39.91435462946031,1,4,140.12444619,139.827541798392,140.42135058160798,138.63992423196,141.68853397,142.15451508,,,143.63903703804,136.6805369805,0,4.5,8,10.110430317094753,0.05055215158547377,0.3151496935419492,6,5.448726000972741,77.51340118922303,0,1.0535969316783274,141.68853397,136.6805369805,1,1,0,0,8,15,1,0,64,0,,25,,0.24298599545710703,0.3177844729948551,7,5.505646474822075,-0.5453799238928626,,,,,,1.9399427686924349,38.72307400073189,53.57142857142857,105.1560052219646,3,18.874940540412748,22.893093650481646,25.834802937570018,16.56745741732577,,,,2435703
2025-09-22,140.5996121,142.48047715,140.47092133,142.09440485,140.9734095523667,140.2557094177195,139.84168986955416,137.14698601109234,128.58954519768739,142.81792873889646,0,0,0,0,140.52633581971537,125.88947119138668,93.86224322562154,26.109831937148854,1,5,142.09440485,141.55582944225685,142.14310823774312,138.1218061480549,143.4582682938278,142.15451508,,,143.6227120687157,136.6805369805,1,6.5,0,10.502299881029115,0.05251149940514558,0.40574189243769027,6,4.8682839107813525,81.27631939935381,0,0.3433176986036977,143.4582682938278,136.6805369805,0,1,1,0,5,10,1,0,64,0,,26,,0.420406657665986,0.40867009585514213,8,5.291376332025551,-1.5448927103366956,,,,,,0.8046826864326749,35.898454052632275,47.22222222222222,112.86743430142478,3,16.864230158286826,22.869187107012248,24.61740442485501,15.555123961141469,,,,1002953
2025-09-23,142.54977218,142.85170051,140.81739647,141.66873539,141.20518483157778,140.92469907139872,140.01569420483472,137.32430951614754,128.71968639363078,143.01541277253293,0,0,0,0,140.54942926973234,125.98290520507666,83.24173196989506,17.514716603997282,1,6,140.12444619,139.8336176060242,140.41527477397577,138.6703032701211,141.68853397,142.15451508,,,143.6086579998789,136.6805369805,0,2,4,10.05988233747744,0.0502994116873872,0.27202060504817555,0,4.815759171022509,67.21962999768625,0,1.075608015290756,141.68853397,136.6805369805,1,1,0,0,8,15,1,0,64,0,,27,,0.7318565503106821,0.2766443930049456,9,1.3006519209969056,-3.0979884986152335,,,,,,0.7665712374091548,32.460012620033936,42.46031746031746,94.5778054770967,3,16.682279122453526,23.009452571793567,24.219620116573356,14.583643150414666,,,,957773
2025-09-24,141.39155528,141.97066373,139.8274675,140.03535258,140.81524074771852,141.30725303265976,140.01756643104093,137.43062493041626,128.8322800870275,143.20457738247472,0,0,0,0,140.53811886424862,126.07489910377434,76.43852705138089,48.90016739270315,1,7,137.8132326632961,137.5240418689793,138.1024234576129,136.36727869171216,141.68853397,140.94513045789327,,,142.8020703980604,136.6805369805,0,0,4,8.695858278223987,0.04347929139111994,-0.08552920722424297,6,4.932942117152779,29.706670288058056,0,2.680100046655543,141.68853397,136.6805369805,1,1,0,0,8,15,1,0,64,0,,28,,0.46105304426677185,-0.08201526586058619,10,1.1066558932138713,1.872322790483834,,,,,,0.8690221447289672,28.188297468595948,34.523809523809526,64.95755215636436,3,17.088212755409995,22.44611606938082,22.617014070608118,16.674986395068203,,,,1065869
2025-09-25,139.32260372,140.31154277,138.65657951,140.02545329,140.55197826181234,141.40454369717185,140.01831756046562,137.5323829053019,128.94365494476853,143.38469770058117,0,0,0,0,140.52833139990165,126.15522358126661,45.68413547695818,72.20026856269754,4,0,137.98374741291192,,,136.56719357947685,141.68853397,140.94263153082596,140.52833139990165,141.64275879727597,142.77600186402404,136.6805369805,0,3,0,8.594295198145447,0.04297147599072724,-0.08584985284759822,6,4.833609673211012,8.527515270006951,0,2.324731928486756,141.68853397,136.6805369805,1,1,0,0,10,8,1,0,64,0,,29,,-0.13581861171279933,-0.08366323337673542,11,-1.8801626656321009,3.8935131845938695,,,,,,0.7654134961145659,22.643815160091204,24.603174603174605,35.23446928922166,3,16.74411507591574,21.18171358379598,21.437392995355466,19.495346820983112,,,,942890
2025-09-26,140.52041778,141.6588361,139.96605755,141.58954107,140.89783253120822,141.47550558299048,140.167957894707,137.69148714705474,129.0694846574574,143.56347880342634,0,0,0,0,140.54515179153518,126.22983016456114,64.86891388177676,42.49374115650084,1,0,141.44105172,141.16286334245135,141.71924009754864,140.0501098322567,142.84589493562243,142.7087585067415,,,144.52945972228613,136.6971780863778,0,3.5,0,9.700245139871809,0.04850122569935905,0.22706635315494192,6,4.980969933656177,69.65557682477156,0,1.0099941830795733,142.84589493562243,136.6971780863778,1,1,1,0,8,15,1,0,64,0,,30,,0.12754869817326905,0.2262299357306771,12,2.216304636565255,-2.559873607413638,,,,,,0.6500735376565433,14.450535446665594,8.73015873015873,-16.251045065608434,1,17.254585992130956,20.691325019736027,24.596884070797312,18.436156243573578,,,,795424
2025-09-29,142.32208851,142.90614661,141.52024604,142.50027573,141.43198026413882,141.65464197048396,140.39008340283016,137.88006709148397,129.203124369622,143.74396042631335,0,0,0,0,140.58662832689606,126.33667009929442,76.18975423797673,50.553173008722695,1,1,141.58698740727274,141.44105172,142.15451508,140.35828415446213,142.85170051,143.25773396442008,,,144.61119342134242,136.6805369805,0,5,4.5,10.291663940213814,0.051458319701069066,0.3768551281633081,6,4.69334238620439,50.63278962099641,0,1.0293071983282107,142.85170051,136.6805369805,0,1,0,0,8,8,1,0,0,0,,,,0.23290409550548677,0.3758207942829325,13,2.595838866299304,0.46396453898171053,,,,,,0.8899044272845072,13.309599141545606,8.333333333333334,-18.136159533506426,1,16.258214940445107,20.793284745845433,27.586650369381264,17.593386017540894,,,,1087688
2025-09-30,142.57947004,146.45999162,142.41118212,146.01452358,142.9594947027592,142.30918943582293,140.92574437208444,138.19906538515127,129.37040197370536,143.94628573183334,0,0,0,0,140.77477619525988,126.55297794459786,99.71434053107849,2.9370465038373186,2,0,146.01452358,141.15354487889297,141.728558561107,140.4477771544985,,146.45999162,146.172484778893,146.74749846110703,147.89752582553507,139.181697297,1,0,0,12.865478774408986,0.06432739387204493,1.0256666503851193,5,5.131915391409177,94.67818120409991,1,0,,139.181697297,0,1,0,0,3,10,1,0,0,0,,,,0.8907672437538743,1.0186273288732328,14,7.367019132163809,-4.223940382967895,,,,,,1.4753522231459741,15.367662818151926,9.920634920634921,-13.555431177528584,1,17.77747639613083,22.10285481735809,35.15452646796659,15.381256405663152,,,,1841048
2025-10-01,144.92560171,146.62827955,143.74758623,146.39069659,144.1032286651728,143.26170123668095,141.44621601188592,138.5203058245571,129.53975813904162,144.16936929834543,0,0,0,0,140.91106409882403,126.70822104371786,91.4100259250478,14.403409784963483,2,1,146.39069659,139.09523157104664,139.68061379953107,138.3997554131914,,146.62827955,146.33558843575778,146.92097066424222,148.09173512121112,139.181697297,1,1.5,0,13.008313967107622,0.0650415698355381,0.9847623205355798,0,5.077011701292175,86.16725876974878,0,0,,139.181697297,0,1,0,1,8,10,1,0,0,0,,,,0.9000651566348306,0.9780370253492395,15,3.4493225628838298,-4.7077359242588175,,,,,,1.048538526121865,17.03594899834328,13.88888888888889,-3.134852559125529,1,17.5872844345195,23.366775529794232,32.578657096542244,14.02961565512444,,,,1321001
2025-10-02,146.99455327,148.42005099,146.00957394,147.50931633,145.23859122011518,144.41134475058357,142.0236541374206,138.87281604045683,129.71855971308102,144.41632638455187,0,0,0,0,147.50931633,126.87291039337313,87.25824878847135,7.525859185127791,2,2,138.7455048346849,138.53561019,139.14441651,137.3623832996003,146.72032957959578,148.42005099,148.12674426740008,148.7133577125999,149.8865846029996,140.79274734828,0,2,0,13.714889107826659,0.07301888998357775,1.0926852581125313,0,4.918036208226404,85.27921111343862,0,5.765816338347374,146.72032957959578,140.79274734828,1,1,0,0,8,10,1,0,0,0,,,,0.8789491762026848,1.0838493931144701,16,1.6842559548030327,-6.26940597036462,,,,,,1.049428443972646,19.299667497742305,18.650793650793652,13.283714813378575,2,17.03657717222304,25.02259747661017,35.642460975903354,13.000157413752296,,,,1347144
2025-10-03,147.18263977,149.45947641,145.93542826,148.34085667,146.27267970341012,145.65809429736538,142.62529247385675,139.2441117514193,129.90385620021453,144.687614563919,0,0,0,0,147.908801992748,127.02892476897581,87.34373721323561,4.078427854381289,2,3,141.61692905544643,141.31310809740722,141.92075001348564,140.09782426525038,147.938135906243,149.45947641,149.1556554519608,149.76329736803922,150.97858120019606,140.79274734828,0,3.5,0,14.192804593398215,0.07985291185587996,1.1316025999642767,0,4.754649255888835,86.90269846510625,0,4.16113943658933,147.938135906243,140.79274734828,1,1,0,0,8,10,2,0,0,0,,,,0.8873099649157101,1.12008008696442,17,2.145939988712204,-6.305726872705106,,,,,,0.9675062441387469,21.541481484031614,22.61904761904762,30.787566697430556,3,16.470588166738036,26.810094471912404,35.00583113536846,11.653817586691517,,,,1245594
2025-10-06,148.4101517,149.63766363,146.92525824,148.39035312,146.9785708422734,146.83772408878443,143.17434586872753,139.6027878835205,130.08780144319746,144.9783695126416,0,0,0,0,148.07211745177298,127.19347804192256,85.76182858394816,3.4794959843398146,2,4,141.55157322982942,141.24523586352515,141.85791059613368,140.01988639830807,148.94915918883893,149.23248783918265,148.94915918883893,149.63766363,150.86301309521707,141.5452319598,0,2,0,14.069383503874718,0.08368025085270693,1.0134204808471128,0,4.708805368869861,76.31416021613215,0,4.829698739174964,148.94915918883893,141.5452319598,1,1,0,0,8,10,1,0,0,0,,,,0.791727206864036,1.0026787853240073,18,1.7889018538349404,-4.250607161174908,,,,,,1.0371524406387238,22.671459244442385,24.603174603174605,38.988257873588466,3,16.311780283671414,28.512521517233562,32.75774701026016,10.73250963876375,,,,1330568
2025-10-07,148.58833891,148.95461263,145.40571726,146.63817884,146.8651068415156,147.70933469512642,143.50423472313443,139.87868556808831,130.25248181530495,145.2734382845547,0,0,0,0,147.73822108734174,127.32661880087518,84.14747010549198,17.247919641442714,2,5,141.33463420875336,141.0184915170958,141.6507769004109,139.75392075046568,149.22702114134773,149.3960059366926,149.07986324503506,149.71214862835015,150.97671939498028,141.5452319598,0,3,4,12.579949952838207,0.08067752754196882,0.562450294372885,0,4.455810835675773,50.96040013785249,0,4.992927017363342,149.22702114134773,141.5452319598,1,1,0,0,8,10,1,0,0,0,,,,0.6020187958931132,0.5565507227909994,19,1.630523426917407,-0.6258071312015517,,,,,,0.9287626622502378,24.82841709681467,27.38095238095238,60.85392561581043,3,15.43538151261275,29.0298959050734,29.474481150862182,13.948325382030434,,,,1190843
2025-10-08,147.28163267,147.79639573,145.81158814,146.69757457,146.8092627510104,148.3014793523052,143.80836232759782,140.146092979928,130.41611457903326,145.57007207752466,0,0,0,0,147.5638398805133,127.44060840750308,82.67171838713625,23.74505972784077,2,6,141.43526509048613,141.12398252332198,141.74654765765027,139.87885225466542,149.36335522772913,147.5638398805133,147.25255731334917,147.87512244767746,149.12025271633402,141.5452319598,0,2,5.5,12.48423942357218,0.08464341934008313,0.5058224751228813,0,4.4618192695299435,50.573089721495656,0,5.09382212403977,149.36335522772913,141.5452319598,1,1,0,0,8,10,1,0,0,0,,,,0.8495819164743588,0.5013175265994995,20,1.510392251529117,-0.6743879349649922,,,,,,0.8061879816055795,26.428532532644617,29.365079365079364,70.98989728484287,3,15.456195338031431,29.510314979496105,27.796481915068405,13.154239161755596,,,,1029490
2025-10-09,146.18281151,147.31133054,144.5494287,145.33147259,146.31666603067362,148.48538887128313,143.9534204478266,140.34944119993082,130.56452610153045,145.85731802699826,0,0,0,0,147.28447484723563,127.53002997157732,86.281120224533,48.08644847299174,1,0,141.5357518836161,141.22204394767795,141.84945981955423,139.96721220392544,149.5706554548908,147.28447484723563,146.9707669112975,147.59818278317377,148.85301452692627,141.5452319598,0,6,4,11.310075507788683,0.08321704420561009,0.18251144081941323,0,3.755250590391508,46.489803506496266,0,5.122537654169776,149.5706554548908,141.5452319598,1,1,0,0,8,15,1,0,0,0,,,,0.6528122057516148,0.183070476157828,21,2.9134921531052584,1.287712064757427,,,,,,0.7112156287289484,27.09120190445437,32.142857142857146,108.25657750015229,3,13.008569635422226,29.11347399704644,25.61146630500816,15.712499806854117,,,,878810
2025-10-10,145.78683992,146.04422145,142.80220406,142.86654945,145.1666271704491,148.08080190037404,143.84990892422408,140.44815132738452,130.68693429405252,146.11840320003708,0,0,0,0,146.54855365363053,127.65148773936629,89.3423995878039,67.22988261309534,1,1,141.58326697830122,141.50146445419995,142.15451508,140.22047721392974,149.54912383196833,146.19940058957863,145.87915377951109,146.51964739964617,147.80063463991638,139.181697297,0,0,9,9.319688476694012,0.04659844238347006,-0.31839952274498773,0,4.192551497699564,41.04695818173277,0,5.8452573257628915,149.54912383196833,139.181697297,1,1,0,0,8,15,1,0,8,0,,0,,0.07130086292768606,-0.31418468585172643,0,3.331336981015099,2.4621985603568475,,,,,,1.1372501262373367,27.432053625487328,32.93650793650794,88.88144312347211,3,14.52342441472927,27.729198960023073,23.296487877936283,19.163584321272882,,,,1403575
2025-10-13,143.62879476,145.31167401,142.84675087,144.52963012,144.9542948202994,147.46872538769784,143.91464427620275,140.60820931925178,130.82467256097738,146.36225749406518,0,0,0,0,146.3632948508928,127.73217185522282,91.92741492342303,76.3748840941071,1,2,144.52963012,140.95895140871744,141.59771196920002,139.68143028775225,149.61379310612693,146.3632948508928,146.0439145706515,146.6826751311341,147.96019625209928,141.5452319598,1,4,5,10.475820264434258,0.2023791013221713,0.02163838384297632,0,4.324564926244305,45.35974144675151,0,1.0486702615493821,149.61379310612693,141.5452319598,0,1,0,0,8,15,1,0,136,0,,0,,0.17661262671370645,0.02513631988673685,1,3.794994500804351,2.3679635193720387,,,,,,0.6994819195659636,26.89809359877986,30.158730158730158,79.55125943073885,3,14.980732345770978,26.443800711358517,21.691145337474854,17.8430368937014,,,,851298
2025-10-14,143.06453524,145.98977536,142.54977218,145.09388964,145.00082642686627,146.7974952625316,144.02695335846914,140.784118351438,130.96665482047013,146.59041217616843,0,0,0,0,146.2504616246781,127.81996483265469,77.02631321578218,79.51914708631682,4,0,141.41319643865643,141.08591472146807,141.74047815584478,139.77678785271468,149.6017774967405,146.2504616246781,145.92317990748975,146.57774334186647,147.88687021061986,142.29734029,0,5,6.5,10.786894449503622,0.2039344722475181,0.11892144640993386,4,4.23118959277632,29.892880426324336,0,2.4157300130536155,149.6017774967405,142.29734029,1,1,0,0,8,8,1,0,136,0,,1,,-0.23487722162410976,0.12206785724948517,2,1.099821612704042,1.9026103602112738,,,,,,0.7499558041634944,26.316326872848755,27.77777777777778,79.5445237204787,3,14.657270702290507,25.566817107912115,21.505430663791063,16.16852649181696,,,,905080
2025-10-15,145.63835057,146.13331506,143.35161464,144.30194646,144.76786643791084,146.09449098860608,144.05314317766255,140.92207239491103,131.09934428952016,146.79657583263338,0,0,0,0,146.08303793905284,127.9076354768029,65.82537285063304,88.15807876571625,4,1,141.40354241783044,141.07480135526268,141.7322834803982,139.75983710499168,149.48794697660128,146.08303793905284,145.75429687648509,146.4117790016206,147.7267432518916,141.5452319598,0,3.5,6.5,10.070685129685458,0.20035342564842729,-0.05490831053778543,4,4.297242011656921,15.246083856540643,0,2.7607174739952822,149.48794697660128,141.5452319598,1,1,0,0,8,8,1,0,136,0,,2,,-0.3924706675943411,-0.04902840668418155,3,0.6873432858216786,4.364708667191863,,,,,,0.8011805366144766,25.682308883990757,27.38095238095238,72.52563280542297,3,14.886082993218553,24.820344353756326,20.270533009447472,14.946983317223882,,,,957152
2025-10-16,144.57912657,144.77711237,142.16369988,143.37141322,144.30238203194057,145.3463750936623,143.98821651502803,141.01812497628706,131.2214544281319,146.97470838512433,0,0,0,0,145.76826758203498,128.0323402160562,65.96798126586927,92.51714095363577,4,2,141.4884773109118,141.15988371272388,141.81707090909973,139.84550931997225,149.40851932071996,145.76826758203498,145.43967398384706,146.0968611802229,147.41123557297453,139.181697297,0,3,6.5,9.259125228277712,0.19629562614138857,-0.2360646581616842,4,4.30912640066378,17.96872333749254,0,4.008946200630703,149.40851932071996,139.181697297,1,1,0,0,8,8,1,0,136,0,,3,,-0.6651643432574315,-0.2290802651864234,0,1.3309684738529945,4.399179604486688,,,,,,1.2164211424514404,25.0138472188313,25.396825396825395,67.57168486674945,3,14.927251724372137,23.388803274017263,18.831084911608542,17.113381794124106,,,,1462918
2025-10-17,143.27242033,144.71771663,142.79725442,144.44053651,144.34843352462704,144.7123170146489,144.03129460978727,141.1523371932954,131.35298758317535,147.13340576462238,0,0,0,0,145.65767593767075,128.13526339211182,62.672559491882694,92.89952627736646,4,3,141.48543372087573,141.1631641099691,141.80770333178236,139.87408566634258,149.39621678007663,145.65767593767075,145.33540632676412,145.97994554857738,147.2690239922039,141.5452319598,0,2,0,9.963647700466149,0.19981823850233074,-0.01569158916135212,4,4.340818012323808,21.35192934128812,0,2.552176090262653,149.39621678007663,141.5452319598,1,1,0,0,8,8,1,0,136,0,,4,,-0.6259950625734418,-0.012504987093915055,1,0.9461043291457982,3.3277634212326777,,,,,,1.006128448990636,24.29192058272483,24.206349206349206,61.54728034844632,3,15.037034687509959,22.059515128545275,17.82914026312037,16.202830894553397,,,,1145085
2025-10-20,145.47996194,146.08876826,144.10396066,145.28197614,144.65961439641802,144.32061068986317,144.1504071364742,141.31428381865638,131.49158448423827,147.27942407909535,0,0,0,0,145.6387607851911,128.2034492390163,76.30853743998064,90.08924352038801,4,4,141.31428381865638,140.99731196924307,141.63125566806968,139.72942457158987,146.13331506,145.6387607851911,145.3217889357778,145.9557326346044,147.2236200322576,142.29734029,0,4,7.5,10.487661023975853,0.20243830511987926,0.13866892950865525,4,4.3527875637449105,46.83885797480635,0,2.1083389590437798,146.13331506,142.29734029,1,1,0,0,8,8,1,0,136,0,,0,,-0.516154485996508,0.13838797044389825,2,3.3614330218052064,2.387802905283277,,,,,,0.6481965894383626,23.510989199382884,22.22222222222222,55.92394235177963,3,15.078498429920273,21.555008593480114,20.694360620243735,15.296951049507058,,,,728835
2025-10-21,144.89590384,146.26200583,144.73751521,145.7076456,145.00895813094536,144.2153302430766,144.2987155615719,141.48657251596399,131.6330378286737,147.4170402266035,0,0,0,0,145.64242266374083,128.28072950559044,84.25636495044368,88.84270058048861,4,5,141.48657251596399,141.1786299895445,141.79451504238347,139.94685988386652,146.13331506,146.13331506,145.82537253358052,146.44125758641948,147.67302769209746,142.29734029,0,3.5,8.5,10.69230643270957,0.20346153216354784,0.19850081768631758,4,4.3342416485865565,47.88164979405018,0,2.4913576014340277,146.13331506,142.29734029,1,1,0,0,8,8,1,0,136,0,,1,,-0.22345047916873328,0.19360746607128093,3,3.733892675599856,2.426307789498229,,,,,,0.7275301183923878,22.662972005208584,20.238095238095237,50.94304896579912,3,15.014253495266013,21.17391665002648,20.28192855581382,14.62080277771521,,,,812763
2025-10-22,146.02442287,146.97475469,144.51973083,144.51973083,144.84588236396357,144.1978642101208,144.31976463475553,141.60551990082814,131.76126362968193,147.5407453465599,0,0,0,0,145.58436137073824,128.3539496317448,69.48528900144937,93.09218737698258,4,6,142.3017665982408,,,140.3477019938184,146.13331506,145.58436137073824,145.27649488317013,145.89222785830634,147.12369380857874,142.16369988,0,0,8,9.683018247438806,0.19841509123719403,-0.05835315939430484,4,4.239159308099026,14.477001690971782,0,2.222172031622371,146.13331506,142.16369988,1,1,0,0,8,8,1,0,136,0,,2,,-0.3946972949564751,-0.06437049347110245,4,0.6921737103477819,4.6207075564950895,,,,,,0.7542102075417222,21.749183336607622,18.650793650793652,48.10597976413214,3,14.68487860601208,21.178754888754494,20.904945244173565,13.579812923778894,,,,833818
2025-10-23,144.5494287,146.5619543,144.5494287,146.20261009,145.29812493930905,144.4082485439961,144.49908324954072,141.78579794746233,131.90495861933684,147.66311967934735,0,0,0,0,145.61773881128667,128.44231618193987,81.95065831426874,80.09645070446943,1,0,146.13331506,145.8292048977046,146.4374252222954,144.6127642485231,148.87277735080778,149.34117013891634,,,150.86172095039325,143.38551385795998,0,7,0,10.839358596005942,0.2041967929800297,0.25867998899535477,6,4.349832218286229,56.65031458862422,0,1.8016249573054013,148.87277735080778,143.38551385795998,1,1,1,0,19,15,1,0,168,0,,0,,0.020651896433946236,0.24926722273163077,5,3.7704139000288066,0.9503249743933417,,,,,,0.8331184376844873,20.76193929169452,17.46031746031746,37.78590342596214,3,15.068260812943567,21.183247539001936,19.651505845106115,12.765581058934671,,,,920106
2025-10-24,146.72727244,147.42022272,145.74724276,146.75697031,145.78440672953937,144.8140058598186,144.7141201124416,141.98074588324812,132.0527398301892,147.7879507819854,0,0,0,0,145.68262159576156,128.54318961031979,86.03684450799403,73.5183647945549,1,1,146.13331506,145.83598973108286,146.43064038891714,144.6466884154143,148.75343963769276,149.0152340300432,,,150.82696494566855,143.38551385795998,0,3.5,7.5,11.135119573224635,0.20567559786612316,0.3265770340868117,6,4.252015689343357,50.18120614782893,0,1.7624630819279818,148.75343963769276,143.38551385795998,1,1,0,0,8,15,2,0,168,0,,1,,0.4435089067473679,0.3160408220749158,6,2.947960041475719,0.940646940423318,,,,,,0.9222047412847891,19.69212669953436,15.476190476190476,33.69252939713573,3,14.729414417045392,21.621969306379786,21.2415830802416,12.124251295220539,,,,1029277
2025-10-27,147.50436669,148.88531761,146.88566108,147.89538863,146.48806736302626,145.42306544594805,145.01709806649478,142.21269265763056,132.21037812670474,147.92221195298455,0,0,0,0,145.87166196051822,128.71644546864675,91.85974510632875,61.418844812674934,1,2,147.89538863,145.83822415368408,146.42840596631592,144.5249338294727,148.85704650139192,149.08669125532558,,,150.81802725526364,143.38551385795998,1,1.5,9.5,11.863675700453284,0.20931837850226642,0.49781330601248,6,4.269019251325839,71.51205862229598,1,0.28531991327741707,148.85704650139192,143.38551385795998,0,1,0,0,8,15,1,0,168,0,,2,,0.3592365942821065,0.48625017023965117,7,4.988397026488708,-0.03630491856807272,,,,,,1.4729362925115759,19.20288081431854,13.492063492063492,29.851703103937293,3,14.788316483572006,22.67483864563717,24.306619893452883,11.3434804694101,,,,1688175
2025-10-28,151.2017514,151.51852867,144.98935314,148.9843105,147.32014840868416,146.2514851501619,145.3949278220667,142.4782462985078,132.37728292643902,148.07103775554262,0,0,0,1,148.9843105,128.96752900419887,99.45733373815298,50.199036276055466,2,0,146.13331506,145.8010058654745,146.4656242545255,144.47176908737254,149.30524724989655,149.30524724989655,,,150.96679322252402,145.19203119296,0,3.5,13.5,12.545224683897885,0.21272612341948943,0.6415004472472182,6,3.615221900616874,77.36250216632472,1,1.9090246325719513,149.30524724989655,145.19203119296,1,1,0,0,8,8,1,0,168,0,,0,,0.4251362740554704,0.6289740203845925,8,6.507986016825526,0.450615324127292,,,,,,2.017576030249562,21.166122603834417,18.650793650793652,69.0112933446665,3,12.523496025008294,24.53429131353651,27.11754868835459,9.353520722636633,,,,2365287
2025-10-29,150.49890183,152.35501866,149.84059906,151.40963649,148.68331110245612,147.40041428714198,145.96775721901273,142.8284968942526,132.56665957881276,148.24571219083472,0,0,0,0,149.86784689920154,129.1257269917451,95.26244171100505,33.911538891337045,2,1,151.40963649,142.1367972642378,142.81413412835659,141.4261132779166,,152.35501866,152.01635022794062,152.6936870920594,154.04836082029695,145.19203119296,1,0,0,14.213963730439188,0.22106981865219594,1.0216066177925038,3,3.9184850783092977,75.06438277022963,0,0,,145.19203119296,0,1,0,0,8,10,1,0,168,0,,1,,0.8711517765988683,1.0058637496864438,9,3.448867893000852,-2.2147894554344187,,,,,,1.1544939206219151,21.48057704290593,19.444444444444443,58.24759684195644,3,13.574030488664427,26.488938826327967,26.913062348071122,8.522324567974485,,,,1355449
2025-10-30,151.12255709,152.71634273,149.89504516,150.00393735,149.1235198516374,148.51967298222078,146.3521553267258,143.10988671604662,132.74016483026736,148.43356121782492,0,0,0,0,149.9071118427188,129.28828070380075,95.52687418268286,32.74100819266667,2,2,142.55371038800953,142.2140424013651,142.89337837465396,140.8553704547874,146.13331506,150.73079452892907,150.39112654228464,151.0704625155735,152.4291344621512,145.93228028204,0,0,6.5,13.00568862620258,0.21502844313101288,0.6363851977922245,3,4.013543848977666,66.52604084464377,0,2.107708004721486,146.13331506,145.93228028204,1,1,0,0,8,10,1,0,168,0,,2,,0.8038731636120358,0.6241521509416896,10,3.726692941081331,-0.5914425596133457,,,,,,1.276356781970587,21.175054711288734,19.444444444444443,52.30210504342286,3,13.903323729669733,28.400636084699567,25.866942314036734,7.89029946920745,,,,1508843
2025-10-31,149.64756291,150.32764412,148.24186377,149.33078564,149.19260844775826,149.41566798149694,146.63583440418049,143.3538435365938,132.9052456343443,148.62761872120223,0,0,0,0,149.7890272343835,129.42669071961743,92.72781524007739,57.2755517186323,2,3,146.57370585934225,145.93228028204,146.75697031,144.59616417628928,150.89036996317787,150.36747175632124,150.03344272988355,150.70150078275893,152.03761688850966,145.93228028204,0,2,8.5,12.358834993500903,0.21179417496750452,0.4301103078966938,3,4.014170578332429,34.53186662802095,0,2.1828435480416526,150.89036996317787,145.93228028204,1,1,0,0,8,8,2,0,168,0,,0,,0.5467244419626988,0.4167718005778024,11,2.4791114071204188,2.4447118577630835,,,,,,1.1350724738266849,19.97459507504046,17.46031746031746,43.64533866320103,3,13.905494783839819,28.84299252590902,24.424788988305515,11.869335282968686,,,,1347614
2025-11-03,148.9843105,149.06350482,146.6678767,147.58851065,148.65790918183885,149.86236807432036,146.72656547521092,143.51990891359014,133.05134777380357,148.81471309610484,0,0,0,0,149.4449563896156,129.53943929582732,92.21239001650213,76.02859309575368,1,0,146.6930056689744,146.35905988603227,147.02695145191652,145.02327675426372,150.79214138454435,150.79214138454435,150.45819560160223,151.12608716748647,152.46187029925503,143.38551385795998,0,4.5,5,10.925979420299143,0.2046298971014957,0.04259560716535169,0,4.191225045739489,29.61442816325186,0,2.4549707916390986,150.79214138454435,143.38551385795998,1,1,0,0,8,15,1,0,168,0,,1,,0.17125440940666112,0.019569405591621875,12,3.202490858462051,3.8658552344665713,,,,,,1.0315957166597731,18.33903826173821,10.714285714285714,26.312099225696393,3,14.51882945035197,28.186778374693322,22.685814743595717,15.232577653986285,,,,1219007
2025-11-04,146.36099872,148.63783536,145.58885412,148.18246803,148.49942879789256,150.0023568870567,146.8652228613813,143.70275436913562,133.20190618431297,148.99643798619454,0,0,0,0,149.27716642988833,129.65220616329282,91.80051915075612,78.32158462197302,1,1,148.18246803,146.41965475048232,147.0942858695177,142.89032964385842,150.93996055093433,150.93996055093433,150.60264499141664,151.27727611045202,152.6265383485228,145.19203119296,1,3.5,0,11.246507107006599,0.20623253553503298,0.13458111394402028,0,4.026423856379782,42.70368150444045,0,0.5210545000401596,150.93996055093433,145.19203119296,0,1,0,0,8,15,1,0,168,0,,2,,0.18692987810337994,0.10825860784552878,13,3.1493866304318563,1.9002107238026884,,,,,,1.0110720043050156,16.200592271053253,7.5396825396825395,16.150418365712802,2,13.947941384114387,26.930180152382743,20.85495643092262,16.859350651058328,,,,1194963
2025-11-05,148.09337443,149.71675895,147.60830923,149.16249772,148.72045177192837,150.06687754342295,147.0840109431545,143.91686195152246,133.36071804038946,149.1768388925534,0,0,0,0,149.26674708544255,129.74055201683805,85.8729710298521,84.14776713119892,1,2,146.57370585934225,145.93228028204,146.75697031,144.60409214240286,151.21816389534962,149.55793123309738,,,151.21816640764382,145.93228028204,0,3.5,8.5,11.848901169551922,0.2092445058477596,0.286040163718076,0,4.07166696786724,26.29022950328643,0,2.358055285695536,151.21816389534962,145.93228028204,1,1,0,0,8,15,1,0,168,0,,0,,0.49606630869632184,0.2653694405656014,14,1.8438490355724562,2.9257779176874323,,,,,,0.7645772656455361,13.333951922073146,3.1746031746031744,-5.464263257231719,1,14.104668119691949,26.244849265071462,22.57375154427565,15.90350787281961,,,,898634
2025-11-06,149.54857002,150.89982307,148.16266945,148.82592187,148.75560847128557,150.03681841481085,147.2499072219017,144.10937410518824,133.5146006655597,149.35176132994732,0,0,0,1,149.23041901930594,129.8255903883207,89.04783512779872,91.36957358840972,1,3,146.57370585934225,,,144.60120723737694,151.45875415951608,149.23041901930594,148.89765075814017,149.5631872804717,150.89426032513478,145.93228028204,0,0,10,11.467900235715481,0.2073395011785774,0.1701681995410785,0,3.944911192252653,19.23216117964023,0,1.9822435743792095,151.45875415951608,145.93228028204,1,1,0,0,8,15,1,0,168,0,,0,,0.19359284425518586,0.15053801371431633,15,3.297329282613827,5.664497819970489,,,,,,0.7554037691476378,10.642102467035533,0,-22.12472696276305,0,13.665573232657419,26.09121723717504,24.090212977676927,14.735536547533242,,,,888207
2025-11-07,148.63783536,150.47910325,147.99438153,149.78615297,149.09912330419039,150.04737208637357,147.4914544360063,144.33199288420047,133.67650665863871,149.52554687674427,0,0,0,0,149.27850087967343,129.92728736076305,92.41523601896665,46.829155920876644,2,0,149.78615297,148.99960152498892,149.66196975501106,145.34490860991144,151.63529855570255,151.63529855570255,,,153.2912191307579,145.93228028204,1,6.5,3.5,12.051217311131165,0.06470053100010026,0.31666578535055784,0,3.4707384379298802,87.03106351515979,0,0.4163575421158973,151.63529855570255,145.93228028204,0,1,0,0,8,10,2,0,168,0,,1,,0.244846877075621,0.300682356812584,16,3.7238284705614815,-4.565354848538143,,,,,,0.8825616671625598,6.609544946942547,0,-45.02578309222468,0,12.022990628553584,25.83891739250358,22.476482968770124,14.202144318958878,,,,1020830
2025-11-10,149.94454161,150.62264295,147.69740284,149.52877144,149.24233934946025,150.02165878879995,147.68548462686286,144.5357881216828,133.8342406365627,149.69401924097642,0,0,0,0,149.29710589341096,130.01955074476678,94.18798545413792,68.3224097198688,1,0,149.33078564,148.99713931793613,149.66443196206384,147.66255402968073,151.84907872704665,152.3558569510956,,,154.0509280182554,145.93228028204,0,3.5,6,11.72684264414593,0.06752310210961855,0.21164872398850706,0,3.352318810620591,42.78563909390577,0,1.509558427900024,151.84907872704665,145.93228028204,1,1,1,0,19,15,1,0,168,0,,0,,0.0378462595587738,0.19740760360077617,17,4.223835098797062,2.902544647902636,,,,,,0.8158227399906284,6.449751879174903,0,-44.45984713848605,0,11.612773006327464,25.403574408301644,20.71699820355123,13.885116643393372,,,,947562
2025-11-11,149.41987925,149.57826789,148.17256874,148.27156164,148.91874677964017,149.81390312360605,147.74130148525688,144.68228904396975,133.97789557192027,149.84812596917078,0,0,0,0,149.23729045161662,130.09085068811845,79.57088483017603,80.82566767170933,4,0,144.71074885712338,144.32431885279993,145.19203119296,143.03485754406276,150.89982307,149.30691452807233,148.98454920088804,149.6292798552566,150.9187411639938,145.19203119296,0,0,4,10.668674863911992,0.0666767076528933,-0.07961868646190744,4,3.491105261694282,20.4926942608823,0,2.5529317132545706,150.89982307,145.19203119296,1,1,0,0,8,8,1,0,168,0,,1,,-0.3010534049315078,-0.09206022706271237,18,1.262677817444156,3.337798886717681,,,,,,0.6831249943486664,6.263903565936481,0,-48.204563614100785,0,12.093543375651073,24.999327351542703,19.910408146803203,13.344517232643417,,,,789488
2025-11-12,148.55864104,150.45930467,147.49941704,148.36065525,148.73271626976012,149.50886615248655,147.80028755808956,144.8265386991082,134.12100760851808,149.9879830712315,0,0,0,0,149.15925325865217,130.2096444913338,73.26403225853974,88.3899495185458,4,1,144.81529425592,144.52567040599993,145.19203119296,143.22260320395827,150.89982307,149.28699013837928,148.96122333786886,149.6127569388897,150.91582414093136,145.19203119296,0,2,7.5,10.617015108509785,0.0708628533203267,-0.07805135044496389,4,3.4233824938587945,17.704283891546275,0,2.51404313699446,150.89982307,145.19203119296,1,1,0,0,8,8,1,0,168,0,,0,,-0.6288702948880303,-0.08842768010455869,19,1.3816653337964153,4.041599690393079,,,,,,1.1266788381058466,6.0468157815880055,0,-49.01050750971223,0,11.858944826210562,25.04378592066587,20.709925820300214,12.26195406872258,,,,1322696
2025-11-13,148.2121659,148.99420979,145.62845128,145.78683992,147.75075748650676,148.90984170344328,147.60853064017627,144.86419757051573,134.23708554196566,150.09794675372916,0,0,0,0,148.80297653818891,130.34289589946823,74.3885649958676,91.02507113351075,4,2,144.6761141755581,144.34356501695913,145.00866333415706,143.0133683825633,149.63766363,145.78683992,148.80297653818891,149.63766363,151.10762645758328,143.9890287775442,2,0,4,8.603996676033038,0.04301998338016519,-0.6031763163884775,6,3.841007783221285,23.81170849897057,0,0.3378844706054255,149.63766363,143.9890287775442,1,0,0,0,8,8,1,0,168,0,,1,,-0.801482600243332,-0.6112368390927585,0,1.9415569971645894,3.410433194257927,,,,,,1.4766647538950268,5.878720837195731,0,-55.81783155097969,0,13.305641265613538,23.79780795538271,18.83843535069746,16.17721301758901,,,,1755148
2025-11-14,145.1334868,145.28197614,140.96588582,141.29256238,145.59802578433784,147.70176281077184,147.0070098534928,144.72413344539746,134.30728929159784,150.15270463768834,0,0,0,0,147.96175602409846,130.45359909656293,15.03862750567856,56.634267137451275,4,3,140.00341576290003,,,138.24421636136918,145.93228028204,142.15451508,141.80267519969385,142.50635496030617,143.91371448153086,138.43666926,0,0,1.5,5.200963495909932,0.06838034012121125,-1.4626914920327971,4,4.935650223556944,9.912113188004689,0,2.1133737407850126,145.93228028204,138.43666926,1,1,0,0,10,8,0,0,168,0,,2,,-1.3390041811332927,-1.4675001710486,0,-1.8687662051614788,2.9157486791868363,,,,,,1.695294353728473,6.27366272356409,1.1904761904761905,-63.30675090217057,0,17.097593911178627,23.69161024592984,16.53373356260561,26.030186890209126,,,,2095577
2025-11-17,141.40145457,141.49054817,139.02562503,139.57008597,143.5887125128919,146.00163650826667,146.29873138839824,144.52201393655835,134.35965542770134,150.1490950047046,0,0,0,0,147.31196900890833,130.52214593681742,24.367130060695978,42.72136573488639,4,4,136.6805369805,,,134.9369534674713,143.46846201,140.12070433120002,139.77198762859427,140.46942103380576,141.8642878442287,136.6805369805,0,0,3,3.877972539980492,0.06172156329817567,-1.685142233207609,4,4.999639332324304,5.995398125264025,0,1.973044207515073,143.46846201,136.6805369805,1,1,0,0,10,8,0,0,168,0,,3,,-1.3386536047861857,-1.6912124961716328,0,-3.7902478516063276,2.7815225942279524,,,,,,1.2285353216285784,9.431828588358872,2.380952380952381,-45.541383963112445,0,17.319258686210866,24.207724552130337,15.49025496807676,29.355227061618184,,,,1570298
2025-11-18,138.87713568,139.32260372,136.62999691,138.74844492,141.97528998192794,143.99920903848528,145.57965648664603,144.29559946532078,134.4033249748884,150.08924060980448,0,0,0,0,146.68166434287824,130.58512629182476,15.765589964557838,41.38342545997012,4,5,135.79056458456,135.4405054226761,136.1406237464439,134.04026877514053,141.74107939796,140.2423138142,139.8922546523161,140.5923729760839,141.99260962361947,135.79056458456,0,0,0,3.2328961697364536,0.0814291534505952,-1.7058932827890683,4,4.985955318478176,7.882426583322157,0,2.5434267771666192,141.74107939796,140.22505932412156,1,1,0,0,10,8,0,0,168,0,,4,,-1.5221173808153035,-1.7115351163028614,0,-2.975678017713818,2.702302178470263,,,,,,1.2223864302778749,15.678168607928997,9.126984126984127,-9.227075976375216,1,17.271855871744926,25.320493794384774,14.328647003747278,33.26415382186186,,,,1611241
2025-11-19,138.87713568,139.39189875,136.90717703,137.58032873,140.51030289795196,141.86735499753635,144.81781574791785,144.03225551491605,134.4349369525512,149.97331530855843,0,0,0,0,146.1828976664112,130.62705977254905,9.11746283070745,35.634475198765266,4,6,130.7831321927,130.4358922413078,131.1303721440922,129.04693243573905,141.74107939796,140.34108687750003,139.99384692610784,140.68832682889223,142.077286634461,133.27077941,0,0,1.5,2.3397130602731337,0.11142164265196289,-1.7989566070968526,4,4.989270794203578,6.3367626623636255,0,4.072289170156265,132.50013473251872,138.78283012624092,1,1,0,0,10,8,0,0,168,0,,5,,-1.7977846188047777,-1.7976861806063458,0,-4.461623557872897,2.030601975071223,,,,,,0.947252491612404,19.766144098450948,20.634920634920636,14.365295919994756,2,17.28334101656024,26.31400638712326,13.591373857904518,31.138920937737662,,,,1269205
2025-11-20,139.07512148,139.53048881,136.51120544,136.64979549,139.22346709530132,139.7800387602944,144.03990905668758,143.74274727864483,134.45697534595865,149.80251693574766,0,0,0,0,145.59545672589945,130.67001394990814,7.809605835147691,31.046741007459175,4,7,130.82965926935,130.48026428439655,131.17905425430345,129.0826843445827,141.74107939796,140.41436467660003,140.06496969164658,140.76375966155348,142.16133960136733,137.1744972713097,0,0,1.5,1.6308712421941731,0.11637746576767029,-1.8330167112525397,4,4.7794530524706955,12.606914529125604,0,1.8545586197935238,132.50013473251872,137.1744972713097,1,1,0,0,10,8,0,0,168,0,,6,,-1.8657848764535954,-1.825515734144907,0,-3.1144953853269013,0.9821147149455719,,,,,,1.1101880228778591,23.02563365524134,28.174603174603174,39.072982234265865,3,16.556511038538805,27.34041306316108,12.542719070143068,29.74824998481927,,,,1520867
2025-11-21,137.28335004,139.22361082,136.24392461,138.97612858,139.1410209235342,138.14656338869872,143.557644249384,143.55582105516856,134.50194204480485,149.59843348770121,0,0,0,0,145.15657843543661,130.7377233241154,15.890239856739376,58.256672125708036,4,8,136.12270809179623,135.7716655503216,136.47375063327087,134.36749538442302,142.70156788478,140.88727587610555,140.5362333346309,141.2383184175802,142.64248858347875,136.2611012198113,0,5,0,3.326484708826522,0.09783524408608255,-1.2043580776656677,4,5.150146089912981,24.172379725415606,0,2.635677508977033,142.70156788478,136.2611012198113,1,1,0,0,10,8,0,0,168,0,,7,,-1.6496225643355995,-1.201810964031928,0,-1.0990360004825508,0.4500667857999475,,,,,,1.2464466498665923,25.890448731963133,32.53968253968254,45.12071389698857,3,17.840629388262947,28.365936482672705,11.592148305063331,28.173543423631752,,,,1752610
2025-11-24,138.97612858,140.89659079,138.10499108,140.4016263,139.56122271568947,137.14235715304935,143.25707111134741,143.43212714320117,134.5606453707272,149.37610050013922,0,0,0,0,144.6370401842833,130.88130335585385,90.63734499894257,66.20573143791438,4,9,140.4016263,137.18989046836285,137.89167661163717,135.29784650690266,143.46846201,140.93771924181388,,,142.6921845999997,137.54078354,1,4,0,4.340779514827944,0.07269603177493662,-0.8214707870281358,4,5.208552063920081,54.57291538991513,0,0.6008949904437026,143.46846201,137.54078354,0,1,0,0,8,8,0,0,168,0,,8,,-1.4079370736063752,-0.8171700792831107,0,3.4668498937989103,0.716634423821207,,,,,,2.1852512343138404,27.73851100560758,38.888888888888886,53.735976903663584,3,18.042953617154634,28.272387792159137,15.025666795359717,26.17229132250508,,,,3242476
2025-11-25,141.32486435,141.96517439,139.82584394,140.48104491,139.867830113793,136.7049239048983,142.99268766360004,143.31639842817367,134.61955481887918,149.14103946713615,0,0,0,0,144.41238571869204,130.9553222173904,57.653493428443205,67.87736660020786,4,10,137.54078354,,,135.81613131230958,143.46846201,140.9950642536486,140.6501338081105,141.3399946991867,142.71971648133902,137.54078354,0,2,2.5,4.354114897354279,0.049681956589855865,-0.745735234753183,4,5.116015386265512,36.09798508058777,0,2.0028853691125867,143.46846201,137.54078354,1,1,0,0,8,8,0,0,168,0,,9,,-1.2232910568246758,-0.7365083007994879,0,1.0951760121543757,0.7978262307156494,,,,,,1.169267546089183,28.39735897725998,40.476190476190474,60.23429966424856,3,17.72239716263196,27.58327741239309,16.959635721445366,24.722952029799465,,,,1695820
2025-11-26,140.48104491,141.33479163,139.54787989,140.0938807,139.94318030919533,136.6681976113312,142.71661080992385,143.19002518393157,134.67402572316894,148.8962212087673,0,0,0,0,144.2225393819916,131.01487122917356,48.754882271285524,73.05310020911216,4,11,136.6805369805,136.34428985482177,137.01678410617822,134.9993013521089,143.46846201,141.0549403277,140.71869320202177,141.39118745337822,142.7361759560911,136.6805369805,0,2,1.5,4.024424864206495,0.05507407684693519,-0.768121080226661,4,4.707568751185515,23.590404123022438,0,2.601897838309658,143.46846201,136.6805369805,1,1,0,0,10,8,0,0,168,0,,10,,-1.2796156202072217,-0.7597453995497818,0,-0.10860989096420104,1.5254024751675277,,,,,,0.9916647427068519,29.57503086901182,42.06349206349206,81.35849879213558,3,16.307496514353762,27.049469242758327,16.154919013149357,24.287968804598663,,,,1442557
2025-11-28,140.23286273,140.60017236,139.24013398,139.64715277,139.8445044627969,136.8612363746178,142.42428147278824,143.05108901083622,134.72350957438118,148.64422043914274,0,0,0,0,144.01561950802093,131.0750562334608,41.86327818030746,74.4128186148518,4,12,138.97612858,,,137.35426521167253,142.70156788478,141.29565877641392,140.91514009710002,141.9938945402639,143.29138523492588,136.6805369805,0,3.5,1.5,3.65462806838509,0.01827314034192545,-0.7988498938222053,4,4.672825983322471,22.991895746210073,0,2.3125021849712812,142.70156788478,136.6805369805,1,1,0,0,10,8,0,0,168,0,,11,,-0.9948758838416364,-0.791287028975651,0,-0.3870460481658129,1.3403321266373265,,,,,,1.0668198536887317,30.379445760286945,43.65079365079365,87.6763788137293,3,16.187144036085037,26.67531754656841,15.550144241406501,24.225816452816137,,,,1554309
2025-12-01,138.31689625,139.95489868,138.21762337,138.39631455,139.3617744918646,137.08714053022467,142.04066557537985,142.86854883590146,134.76005489752166,148.3822190236507,0,0,0,0,143.7963210670644,131.12060794808505,30.066384371667702,78.1937533908602,4,13,136.12461934014735,,,134.5410464217897,141.74107939796,138.97612858,138.65941399632845,139.29284316367153,140.55970149835764,135.79056458456,0,0,1.5,2.698321587389928,0.01349160793694964,-0.9877481964393234,4,4.703644095784534,15.215380763938477,0,2.01163076136955,141.74107939796,135.79056458456,1,1,0,0,10,8,0,0,168,0,,12,,-0.5491569327402674,-0.9790788093698001,0,-1.557593171299143,1.8395113808856753,,,,,,0.9564037482962586,30.11258239625971,43.25396825396825,84.80891834542122,3,16.293901109240366,26.72334065284387,14.788561690588892,25.921917366522365,,,,1395739
2025-12-02,138.88275163,139.41386151,137.58227697,138.40624183,139.0432636045764,137.32612974714024,141.69452998058176,142.69355640429748,134.7963353645115,148.1155021654407,0,0,0,0,143.62252214846822,131.15910422341383,35.77483293097785,73.6419107225787,4,14,136.12461934014735,,,134.5723916061367,141.74107939796,138.97612858,138.66568303319787,139.28657412680212,140.52835631401064,135.79056458456,0,5.5,1.5,2.6780449599959266,0.013390224799979634,-0.9059530404175101,4,4.641954066228729,28.0319415999069,0,2.0522529817252644,141.74107939796,135.79056458456,1,1,0,0,10,8,0,0,168,0,,13,,-0.29699915864111726,-0.8960931738378579,0,-0.018696012648842686,0.8924445774132053,,,,,,0.8173012985048,29.563357697451547,42.06349206349206,83.84943367868962,3,16.080200578218207,27.002691325796768,14.00954018078013,26.383709213230283,,,,1191619
2025-12-03,138.37645997,140.15344443,138.37645997,139.86555309,139.3173600997176,137.71832885995624,141.52034170528827,142.58265431354073,134.84677534187955,147.85652600171787,0,0,0,0,143.49282856301403,131.20981978889714,52.33078942910175,72.05862569950403,4,15,138.97612858,,,137.45544459216867,141.96517439,141.42517336712737,141.1970273315,142.12450113257736,143.34104832284243,136.6805369805,0,5,0,3.721837422805433,0.018609187114027165,-0.5377194154492922,4,4.790405261510614,37.85290724442159,0,2.47648541595793,141.96517439,136.6805369805,1,1,0,0,8,8,0,0,40,0,,14,,0.04087905873927755,-0.5303992829860054,0,1.4997731844528017,0.9800493967342481,,,,,,0.9023804686499637,28.801598362814477,41.26984126984127,73.56162641883385,3,16.594450603563313,26.76132503638818,15.449903448219684,25.00734779449433,,,,1321367
2025-12-04,139.76628022,140.40162661,138.94231536,139.84569851,139.49347290314506,138.18839253240083,141.36085187716557,142.47532271340188,134.89651587091558,147.60548134044413,0,0,0,0,143.39862192663904,131.24828629502207,66.16372477707318,71.20857853953461,4,16,138.97612858,,,137.49891705335304,141.96517439,141.47955747158076,141.31539380060002,142.15451508,143.33628430131756,136.6805369805,0,7,1,3.6688735858977783,0.018344367929488892,-0.5038145887253767,4,4.696777216693618,43.6609659362468,0,2.5846669602771084,141.96517439,136.6805369805,1,1,0,0,8,8,0,0,168,0,,0,,0.2156821448571222,-0.49656603630879864,0,2.288114176007458,0.9725729318774738,,,,,,0.6903720700969109,27.800358811111302,39.285714285714285,70.86763862372815,3,16.270113542290566,26.369201635046956,15.518565636041076,23.904476435213883,,,,1014935
2025-12-05,139.87548038,140.3892175,137.51278596,137.99922305,138.99538961876337,138.46750213083808,141.04069675076886,142.29978939326847,134.92738857916518,147.35076988706282,0,0,0,0,143.1912537250952,131.2944641796476,38.557125108407035,80.3462251924085,4,17,134.80922693202,134.50920522403558,135.10924864000444,133.30911839209784,141.74107939796,139.48518141379307,139.18515970580864,139.7852031217775,140.98528995371524,134.80922693202,0,0,3,2.276657469756416,0.011383287348782082,-0.8427882039683381,4,4.801050753239961,9.765237235094446,0,3.11707743628716,141.74107939796,134.80922693202,1,1,0,0,10,8,0,0,168,0,,1,,0.08246712644516913,-0.8331805225880018,0,-2.354406224986832,2.674864417015812,,,,,,1.0433069184480124,26.52622576622427,33.73015873015873,59.49553935020564,3,16.63132766865688,26.598685470377443,14.190147127863113,26.112452083905893,,,,1569325
2025-12-08,137.74111357,138.80829697,136.45463639,137.31424021,138.43500648250892,138.4680382741225,140.6857961278385,142.10427766059126,134.95113834663618,147.08849819811437,0,0,0,0,142.9532067568842,131.3393866517283,24.39123506059653,87.46858694447315,4,18,134.80922693202,134.50962051942733,135.1088333446127,133.31119486905658,141.74107939796,139.47939672249998,139.1797903099073,139.77900313509267,140.97742878546342,136.24392461,0,5.5,0,1.7510796072678896,0.008755398036339448,-0.9127386546309492,4,4.680042035675051,7.3159270774072525,0,2.1598149949471215,141.74107939796,136.24392461,1,1,0,0,10,8,0,0,136,0,,2,,-0.362871801280319,-0.9035989977127848,0,-2.456577671440369,3.635317432082952,,,,,,1.1205483990411786,24.928355547256924,30.952380952380953,53.76349908775471,3,16.212141174694526,27.20216558792426,13.19482970844828,27.434278761539503,,,,1724961
2025-12-09,137.57234969,138.25236888,135.83507438,135.95420183,137.60807159833928,138.10461407081038,140.23516809947293,141.86309821625434,134.96111907781395,146.81038244033005,0,0,0,0,142.74051650164154,131.36588048350276,22.28134564321152,77.07522047925791,4,19,133.27077941,132.9709904688425,133.57056835115748,131.77183470421252,140.40162661,141.86371598189535,141.5228417385,142.54348699104534,143.74264275567532,133.45961889800094,0,0,1.5,0.7358287771854228,0.0036791438859271144,-1.113099140405951,4,4.7037061886082725,16.54052986153043,0,4.472817781497314,140.40162661,133.45961889800094,1,1,0,0,10,8,0,0,136,0,,3,,-0.7616047452857105,-1.1004242166350708,0,-1.3941501132446676,1.7575562086196475,,,,,,0.856270874934579,23.015317738711428,28.174603174603174,41.24925493976722,3,16.294116205091367,27.979001598882057,12.244881949263405,27.304409711449818,,,,1334710
2025-12-10,136.53991179,138.21265973,135.67623778,137.45322224,137.5564551455595,137.71263207414285,139.97022087476122,141.69016190346005,134.98591612420387,146.52625134035023,0,0,0,0,142.57932759651047,131.40182909784752,37.77398836848522,80.60321976293581,4,20,135.40529689000624,134.80922693202,135.67623778,133.6051386523636,140.40162661,139.47939672249998,139.1783746525859,139.78041879241408,140.9845070720705,134.80922693202,0,7,0,1.8278248476870023,0.009139124238435012,-0.7126802219390401,4,4.937673073920841,29.084782673827622,0,3.1028753418728487,140.40162661,134.80922693202,1,1,0,0,10,8,0,0,140,0,,0,,-0.5523714135196484,-0.7032878535547354,0,0.6144688396210212,1.427160524212592,,,,,,0.869527113328062,20.504640095756812,22.61904761904762,19.877919231306517,2,17.104601270391385,28.75659927891143,11.323669613281192,25.721355277364864,,,,1381094
2025-12-11,137.61205884,139.70314267,137.61205884,139.04158823,138.05149950703967,137.56319076500822,139.88177967049825,141.5862962692067,135.02627107053019,146.2466333354434,0,0,0,0,142.49660119137934,131.43710005674333,57.612776454623365,71.15088989852877,4,21,138.10499108,,,136.60694573620236,140.40162661,139.47939672249998,139.17978765374045,139.77900579125952,140.9774420662976,135.79056458456,0,7,4,2.973730317541272,0.014868651587706361,-0.3339441315784533,4,5.154304039607158,48.39951388536091,0,2.4624302283057657,140.40162661,135.79056458456,1,1,0,0,8,8,0,0,140,0,,0,,-0.2653582719855749,-0.33145342439778824,0,2.085316112983432,0.4556974666080544,,,,,,0.6880844024217524,17.199181063059484,13.492063492063492,-3.673204565602884,1,17.855032948514207,28.349059428918018,15.006174800854517,23.996756674191865,,,,1084716
2025-12-12,139.46846159,139.54192352,135.46776474,136.10311114,137.40203671802644,137.3047871557411,139.52190647711745,141.3712694013947,135.03698589709208,145.95444540302373,0,0,0,0,142.27114062972055,131.47053235552067,51.19536401524142,81.65956710925295,4,22,135.75382901036937,,,134.18090481702157,140.40162661,137.99922305,137.68463821133045,138.31380788866957,139.5721472433478,135.75382901036937,0,0,4.5,0.7895061014768162,0.003947530507384081,-0.9104315657763604,6,5.279302059600532,17.07049515798341,0,1.4275284525006615,140.40162661,135.75382901036937,1,1,0,0,8,8,0,0,140,0,,1,,-0.6320700905091315,-0.913322117570626,0,0.16047141925756803,3.1072385865280463,,,,,,1.0776274570990771,12.606955284153312,4.761904761904762,-31.064476470605268,0,18.288038791462274,28.7949640593093,13.270964405394473,27.307889735356678,,,,1695594
2025-12-15,136.79802126,137.27453106,135.61667406,137.2447492,137.34960754535095,137.11053757361125,139.3050343554872,141.20944507977137,135.05895369115086,145.65926775963968,0,0,0,0,142.124867741139,131.50548480215667,69.762128489319,79.53460706063152,4,23,135.68358100164724,,,134.14899706318144,140.40162661,137.99922305,137.69230626230686,138.30613983769317,139.5338069884658,135.74491236482388,0,8.5,0,1.6184010382958816,0.008092005191479408,-0.5998885227313092,6,4.510550371189988,46.24452553219709,0,1.469004483019601,140.40162661,135.74491236482388,1,1,0,0,8,8,0,0,140,0,,0,,-0.28692709516990766,-0.613263651199251,0,3.1386012855572947,1.4621179400233268,,,,,,0.9353963528632074,11.768586492294872,3.9682539682539684,-24.681069712616186,0,15.625004825999437,29.209018358958357,12.630918851679418,25.99085708629378,,,,1441195
2025-12-16,137.63191341,138.55515114,135.75565608,136.59947551,137.0995635335673,136.86233569765892,139.0473620844884,141.0286619593882,135.0742822664628,145.35885250963182,0,0,0,0,141.99228775397316,131.53140167311338,67.47918616537618,82.5413054328931,4,24,135.63579300882907,,,134.0858447507894,139.70314267,137.99922305,137.68923339839208,138.30921270160795,139.5491713080397,135.5259185269224,0,5.5,3,1.129151469802682,0.0056457573490134106,-0.6894442116980304,6,4.3816801732355115,27.48754476502344,0,1.59573360610487,139.70314267,135.5259185269224,1,1,0,0,8,8,0,0,140,0,,0,,-0.3878369752373527,-0.7047645017312991,0,1.2769020545764471,2.190993488551939,,,,,,0.799376531935914,22.01071998845376,27.38095238095238,45.011669131107745,3,15.17858536512221,28.68880204223285,15.300991079166153,23.895128255369563,,,,1217525
2025-12-17,136.0534747,137.53264054,135.32878272,135.88471082,136.69461262904488,136.51119758583985,138.74615720215618,140.82693838529454,135.08234623216964,145.05041612943342,0,0,0,0,141.82507144037996,131.5572308436357,52.993123686511254,85.87136047528732,4,25,135.19523933482157,,,133.65761515682044,139.70314267,137.99922305,137.6916982143998,138.30674788560023,139.53684722800114,135.19523933482157,0,6,1.5,0.5939818267972061,0.0029699091339860308,-0.7883307972800655,6,4.374552993173845,17.282231821931532,0,1.8235819618962812,139.70314267,135.19523933482157,1,1,0,0,8,8,0,0,140,0,,1,,-0.7081652891013669,-0.8017093025751094,0,-0.18410762582494744,2.6353091325388456,,,,,,0.9434480152964327,29.490005402500536,46.03174603174603,94.60345530280547,3,15.153896089159213,28.387976291032622,14.321940976659981,23.6055427803916,,,,1428331
2025-12-18,137.03627616,137.93965932,135.36849187,135.69609235,136.36177253602992,136.15897130655586,138.45567483528416,140.6257287368516,135.08845315871523,144.73405259710384,0,0,0,0,141.6913052790631,131.57714715544282,31.391991815780187,90.671153786643,4,26,134.91690027529435,,,133.37432213456117,139.70314267,135.69609235,137.69070742185338,138.30773867814665,140.4077843451731,134.91690027529435,2,0,5,0.44980838633990927,0.0022490419316995463,-0.7702407305000747,6,4.305223354566943,6.247141368217264,0,0.1653741533835141,139.70314267,134.91690027529435,1,0,0,0,10,8,0,0,156,0,,0,,-0.7417545703238722,-0.7889174049665733,0,-2.520908614812978,3.884412182804323,,,,,,0.7715449288721652,34.682632295111034,55.55555555555556,132.55503190729763,3,14.913731176084125,27.819985444889223,14.434165250449135,21.849038707244926,,,,1164021
2025-12-19,135.70601964,137.2447492,135.3833828,137.06605802,136.59653436401996,135.99162493012207,138.32333037668567,140.486133806779,135.1081308190265,144.41933367071763,0,0,0,0,141.5160503013166,131.62439830542345,61.02790213299082,80.48055192523543,4,27,135.5100466454833,135.20694850506143,135.81314478590517,133.9945559433739,139.70314267,141.94095627177495,141.5160503013166,142.15451508,143.36690764168753,134.97068488841032,0,7,0,1.4491557163173905,0.007245778581586953,-0.4310981504150304,6,4.3824475939373775,52.200129965352986,0,4.888155045422023,139.70314267,134.97068488841032,1,1,0,0,8,8,0,0,156,0,,0,,-0.2745751846813282,-0.45383171223455265,0,3.4710137508528556,0.9681912806628106,,,,,,1.3660015892246704,38.47648317097171,61.507936507936506,153.44750211002818,3,15.181243788415033,27.292565373470346,13.642717500819334,20.651021903614016,,,,2100457
2025-12-22,137.1653309,138.50551471,136.73845754,138.09849592,137.0971882160133,136.1044427133316,138.30191757128705,140.39250094847395,135.13788569565313,144.11391625646638,0,0,0,0,141.4549203776347,131.65107633241976,69.22317523868526,70.9682780569512,4,28,135.42863953945474,134.80922693202,135.46776474,133.62032465438162,139.70314267,141.8723623789861,141.4549203776347,142.15451508,143.3434173576384,135.32878272,0,4,0,2.190806974007668,0.010954034870038341,-0.19379917717771297,6,4.097418186682772,47.86701483614123,0,4.44822236690367,139.70314267,135.32878272,1,1,0,0,8,8,0,0,156,0,,0,,-0.021286096874569112,-0.21713011711919236,0,2.0827891045278233,0.44202827008073925,,,,,,0.6728435325595007,41.16668972164631,67.85714285714286,190.0314089209467,3,14.193872958382597,25.904307964895583,16.705839891105295,19.554826548544444,,,,1009614
2025-12-23,137.97936847,138.70406046,137.12562175,137.61205884,137.2688117573422,136.35583726366448,138.2362167397359,140.2834640030436,135.16250433390533,143.81545091439057,0,0,0,0,141.40896224556,131.66765224213174,60.437889306084045,72.46335341608986,4,29,135.441395068403,134.80922693202,135.46776474,133.64887343457008,139.70314267,142.0816785381112,141.40896224556,142.15451508,143.31486857744994,135.32878272,0,2,0,1.8123032849726533,0.009061516424863266,-0.29873073331826844,6,3.9542043525836097,40.2536215823221,0,5.475957153961581,139.70314267,135.32878272,1,1,0,0,8,8,0,0,156,0,,1,,0.10679413213669564,-0.3199368850648723,0,0.5281709630821987,1.2117453435063141,,,,,,0.49776016196368433,43.03343759378664,69.04761904761905,214.16391976168532,3,13.69776568436962,24.481120715973667,16.505329277575512,18.60480524471052,,,,683203
2025-12-24,137.61205884,138.10842321,137.41589564,137.721259,137.4196275048948,136.65411665023376,138.18717314547536,140.18298537547327,135.1879645793391,143.52451534206725,0,0,0,0,141.38946007445125,131.675126350541,61.41925030786294,64.81552699104458,4,30,135.50571295023536,134.81710665523536,135.46776474,133.71490242296042,139.70314267,142.01164165435583,141.38946007445125,142.15451508,143.25671931227495,135.32878272,0,2,0,1.8739052907140668,0.009369526453570335,-0.27034641831588013,6,3.955218376387186,45.335945957342375,0,5.367423382670578,139.70314267,135.32878272,1,1,0,0,8,8,0,0,156,0,,2,,-0.11758482731107059,-0.2870225949813158,0,1.1154497065703253,0.204928781104956,,,,,,0.23310112045397305,44.171119293452435,71.03174603174604,222.38684678867608,3,13.701278365865377,23.159589699117603,16.134954712229142,18.187319077668374,,,,303719
2025-12-26,137.62198612,138.12321487,137.15540361,137.79075001,137.54333500659655,136.9360737324589,138.14941856114436,140.08917222388607,135.21386294183324,143.24080120675399,0,0,0,0,141.35933981332792,131.68715359398854,75.13556039004234,67.30701769425389,4,31,137.06605802,136.80154800840046,137.33056803159957,135.7435079620023,139.70314267,138.55515114,,,139.8777011979977,135.32878272,0,7,0,1.9057861465545907,0.009528930732772953,-0.2517674556191316,6,3.9533354136723737,50.2194927087334,0,1.9939393855476617,139.70314267,135.32878272,1,1,0,0,8,8,0,0,156,0,,0,,-0.3538430336750773,-0.26514149893722383,0,3.207598503899216,0.9369617678700357,,,,,,0.3862273841237373,44.62368920483624,71.03174603174604,225.84509381046806,3,13.694755591683752,22.10572418657705,15.607848318557297,18.472459203243556,,,,484738
2025-12-29,137.74111357,138.16798693,137.33409479,137.4035858,137.49675193773103,137.16382332719095,138.0783868696068,139.98385510922387,135.23565122897918,142.96055636758987,0,0,0,0,141.3156685109783,131.70210868210935,61.833324041918466,72.39905672920023,4,32,137.06605802,,,135.8007484956093,138.70406046,138.55515114,138.30208923512185,138.80821304487813,139.8204606643907,135.24866765316088,0,0,0,1.6030791816501886,0.008015395908250943,-0.3309726142279994,6,3.951129370436709,25.56052499298642,0,2.613181536297439,138.70406046,135.24866765316088,0,1,0,0,8,8,0,0,148,0,,1,,0.038489826563040216,-0.34288717176740585,0,0.3616354601536962,1.4683360822034004,,,,,,0.5344617960653294,44.655994135115066,71.42857142857143,226.26304807616813,3,13.687113633748021,21.090331867934186,15.30660723208186,17.928971401617044,,,,646522
2025-12-30,137.06605802,137.4035858,136.53991179,136.58954823,137.1943507018207,137.2548965209286,137.93659271345376,139.8507450355288,135.24912284092963,142.67895212639502,0,0,0,0,141.27313099244884,131.71260504172824,52.067719002935426,80.17138587930032,4,33,135.2463889026283,,,134.03290175453333,138.70406046,137.06605802,136.82336059038101,137.308755449619,138.27954516809498,135.15263042079155,0,0,0,0.9910788039985104,0.004955394019992553,-0.49257036598040405,6,3.896048140702053,18.366055332469028,0,1.5768008768879953,138.70406046,135.15263042079155,1,1,0,0,8,8,0,0,148,0,,2,,-0.27052955416131835,-0.5055585447392793,0,0.02615536616618286,2.4694812128257633,,,,,,0.4559681934331959,45.063260660095935,72.22222222222223,233.8932776634075,3,13.496306656860426,20.69510375792603,14.820260961763877,20.281015021275127,,,,531876
2025-12-31,136.77816669,136.93700329,135.10045511,135.18980069,136.52616736454712,137.1045415208498,137.67499347312483,139.6679629043316,135.24853257077112,142.38885177458886,0,0,0,0,141.21885052052718,131.72005891181087,31.062457989019965,89.73491718508956,4,34,134.83021416271947,134.58845451218042,135.07197381325852,133.62141591002415,138.70406046,138.5108246488372,138.26906499829815,138.75258429937625,139.71962290153252,134.83021416271947,0,0,1.5,-0.0434251519441717,0,-0.7633716673706928,6,4.0116870151851,2.9069588474687365,0,3.0448509318332406,138.70406046,134.83021416271947,1,1,0,0,10,8,0,0,148,0,,0,,-0.3922998953040118,-0.7781878605213212,0,-2.481180601617945,6.423454535315741,,,,,,0.4693723206528823,44.89319870569075,71.42857142857143,223.04489681528662,3,13.89689146872986,21.17111049560071,13.815052038512347,24.221565604416668,,,,532032
2026-01-02,135.29900086,136.33143875,134.64379988,136.11303843,136.38845771969807,136.89731046950303,137.52623584997008,139.52855410141663,135.25713461912164,142.09657435815802,0,0,0,0,141.16198009264042,131.73191447414845,51.69939501556648,86.58626855687947,4,35,134.88273504975595,134.64317574148754,135.12229435802436,133.68493850841386,138.70406046,138.93812586073744,138.69856655246903,139.17768516900585,140.13592240207953,134.88273504975595,0,3.5,0,0.6327975328536527,0.0031639876642682637,-0.5134249401495447,6,3.914956368420303,31.594922393816418,0,3.385709234422717,138.70406046,134.88273504975595,1,1,0,0,8,8,0,0,148,0,,0,,-0.13908326182180691,-0.5292552052552174,0,1.7216087928354473,1.9759538975958995,,,,,,0.6100012329596686,43.969695521862505,68.65079365079364,224.21709409722615,3,13.561806679038607,21.84958045866762,12.94608966503886,24.400028247981115,,,,671617
2026-01-05,135.56703762,138.81326062,135.55711033,137.98929576,136.9220703997987,136.86642672130046,137.57033679378245,139.4681910292042,135.28432030211545,141.81414037779922,0,0,0,0,141.1137047552952,131.755252737945,71.6869674318869,59.965165852554726,4,36,137.79075001,137.53922931044718,138.04227070955284,136.53314651223593,141.74107939796,138.98055940784633,,,140.2381629056104,135.79056458456,0,6.5,0.5,1.9994744785233327,0.009997372392616664,-0.0847715312020226,6,4.193948177339848,58.522286966292725,0,3.1411564892936097,138.70406046,135.79056458456,1,1,1,0,14,8,0,0,148,0,,0,,0.18636046789036098,-0.0979217664581371,1,3.638568515647684,-1.103552503644139,,,,,,0.8493994824248264,42.52636530140336,66.26984126984127,192.71473342327874,3,14.52826265492701,20.5142375171691,20.259736987857874,21.579678187723086,,,,931660
2026-01-06,137.30431292,140.49593584,135.55711033,140.30235374,138.04883151319913,137.2109044560147,137.8305288838984,139.50090329237267,135.33425098308942,141.5548096127864,0,0,0,0,141.10159548908408,131.78687741384002,78.173102669896,60.862184776378456,4,37,139.50090329237267,139.22325170073435,139.778554884011,138.11264533418102,142.70156788478,141.40242952113383,,,142.77754573595334,137.54078354,0,5,0,3.6709869976162706,0.018354934988081353,0.3961162498415654,6,4.311120260430672,50.09765685405858,0,2.3055258379908956,139.52664312112483,137.54078354,1,1,0,0,8,8,0,0,148,0,,0,,0.32864433064338505,0.38365512874122143,2,2.717494344656382,0.45912013396300244,,,,,,0.871255611458434,40.35372572683647,61.904761904761905,170.2109081140075,3,14.934158657210986,19.805473036236013,22.453140332727283,18.15239132312642,,,,927681
2026-01-07,140.10380799,140.81857269,137.99922305,138.41616912,138.17127738213276,137.59263014669912,137.8863041444795,139.45836469737768,135.364916835198,141.3047966515583,0,0,0,0,141.0586668162493,131.81346951098308,70.56061271046443,64.97862961242835,4,38,137.88863768255814,137.60564558282255,138.17162978229373,136.47367718388017,139.64412972854944,139.2318004836806,,,140.59033309632005,135.79056458456,0,0,1.5,2.2540938643037105,0.011270469321518553,-0.07035156392670501,6,4.5121600781571445,34.80532550546063,0,1.2406650557605665,138.70406046,135.79056458456,0,1,0,0,8,8,0,0,148,0,,1,,-0.1299656079514635,-0.08099123056648316,3,1.1466558937713747,0.8927571634300889,,,,,,0.9813083771560599,37.515844817888336,55.55555555555556,140.01567685216463,3,15.630581014504259,19.3183585681891,21.473823237740223,16.537696513946095,,,,1009770
2026-01-08,137.58227697,140.35199018,137.58227697,139.86555309,138.73603595142183,138.09700897792425,138.07480404405288,139.47433286963738,135.40969928549453,141.0716376030456,0,0,0,0,141.0378569215424,131.84917697683915,74.18324013986486,67.37120050109414,4,39,139.39533057121304,138.70406046,139.47433286963738,137.55402861776778,142.70156788478,141.2526091551166,,,142.80949318923223,137.54078354,0,5,0,3.29064596407592,0.1664532298203796,0.22564477277558861,6,4.479928953129595,46.24311478239285,0,1.7955975701761817,140.02526917914747,137.54078354,1,1,0,0,8,8,0,0,148,0,,2,,0.16970993113848412,0.21367631418510233,4,2.112518530595894,0.9347653496382924,,,,,,1.1011037404031245,33.29301667471889,49.6031746031746,114.53166267129873,3,15.51892912223862,18.576062441890766,19.62678332773058,16.410058169302232,,,,1121290
2026-01-09,140.54060864,140.74908167,138.57500572,138.67427859,138.7154501642812,138.49324397865584,138.1318968579526,139.44295819200454,135.44218266165876,140.84676098076375,0,0,0,0,141.00203625432079,131.87577637826857,70.96384049417334,79.16907033940446,4,40,138.31689625,,,136.88498089964122,140.14395116989098,141.50193168808138,141.00203625432079,141.74107939796,142.88661167824702,135.79056458456,0,0,2.5,2.3863288857468965,0.16193164442873448,-0.07503071929667164,6,4.467297421486635,23.53724317923409,0,4.1246837854847485,138.70406046,135.79056458456,0,1,0,0,8,8,0,0,148,0,,3,,-0.037038251437936105,-0.08849131164863232,5,1.4294026630911825,2.899473313300781,,,,,,0.9905403072743052,27.77779583781998,38.492063492063494,79.49910640965159,3,15.475172213072577,18.117998872559546,19.534469142699578,15.297764490324782,,,,989295
2026-01-12,138.49558742,139.33444321,137.6418407,138.06871406,138.49987146285414,138.713258023858,138.12587944862378,139.38906626525926,135.46831730243827,140.6263414479347,0,0,0,0,140.9347020195369,131.9129676780757,72.06960269445219,99.42544278034173,4,41,136.0380445124558,,,134.63284621792621,140.01332195827644,138.19569098953488,137.91465133062897,138.4767306484408,139.60088928406446,135.79056458456,0,3.5,4,1.9195608311545191,0.1595978041557726,-0.2218399342708359,6,4.334392444816715,9.277545462799928,0,1.7115921748112006,140.01332195827644,135.79056458456,1,1,0,1,15,8,0,1,148,0,0,4,,-0.14488406707689602,-0.23425316434935795,0,1.7038890016610795,6.691418176120408,,,,,,1.5018188845640286,22.32406494754355,26.58730158730159,48.68064060839763,3,15.014775868730462,17.03148508951349,18.484029842247395,17.439794007515108,,,,1533641
2026-01-13,138.49558742,139.45357066,137.85031373,139.09122467,138.69698919856944,138.9413995526065,138.21781708875486,139.37738620270008,135.50436613196624,140.41634040726248,0,0,0,0,140.9013778397015,131.94737453219858,71.34007714154947,91.38409090377772,4,42,138.31689625,,,136.94049529213325,140.18591445123522,139.920662228855,139.64538203728165,140.19594242042837,141.29706318672177,136.6805369805,0,5,0,2.647042778341595,0.16323521389170798,-0.003333735433202322,6,3.787626727240749,22.39538698073866,0,2.354056228918041,140.18591445123522,136.6805369805,1,1,0,0,8,8,0,1,148,0,1,5,,0.07362039888188462,-0.015587533867380597,1,1.6444464274575976,3.3685135821394763,,,,,,1.2325411539917857,13.050855032278394,6.746031746031746,-0.5325074425981047,1,13.120723863373604,16.10038120644181,17.90922900291179,16.532910524527875,,,,1229962
2026-01-14,139.16071568,139.83775668,137.66169527,139.07137009,138.8217828290463,139.14988333292337,138.2991078507782,139.3653855708295,135.53985870866308,140.21582252871048,0,0,0,0,140.8655565253919,131.98488986701207,78.51527781727212,94.58777006312471,4,43,138.31689625,,,136.94166404760585,140.351834228071,139.8956819022462,139.62063546176736,140.17072834272503,141.27091410464035,136.6805369805,0,5,5.5,2.605515023390824,0.16302757511695412,-0.03307304608657547,6,3.710733798998199,20.706557041036785,0,2.3378924054780827,140.351834228071,136.6805369805,1,1,0,0,8,8,0,1,148,0,2,6,,0.19879145028262996,-0.04225349551307653,2,2.826422081762849,4.874000797736992,,,,,,1.3669668618073443,4.103367940853167,0,-68.07800406114761,0,12.854358946455916,15.492945416557568,17.891278134482178,15.365035392086073,,,,1358451
2026-01-15,140.54060864,143.93574095,139.8417276,143.75704978,140.46687181269752,139.8458605317597,138.81891184403742,139.53760769667932,135.62162180390027,140.05254852675887,0,0,0,0,140.9549792292767,132.08509933719438,99.76162192196131,67.87241166699721,5,0,143.75704978,141.35290890926257,141.95057320693752,138.97573539860025,149.63766363,144.92560171,,,146.4197624541874,140.79274734828,1,3.5,0,5.998621656259944,0.20082964860536553,0.9565866858913704,0,4.8773677517679666,79.59695452445571,0,1.2299157472005517,,140.79274734828,1,1,0,0,8,8,0,1,148,0,3,7,,1.1666923225925265,0.944096267868028,3,7.798907816044924,1.2472193774140723,,,,,,2.122154532824258,10.36832263936127,3.1746031746031744,-38.633355412760935,0,16.89569750652021,16.916113487229786,27.535028464191317,13.131900780909746,,,,2214747
2026-01-16,143.51879488,145.48439779,142.63526629,145.06745172,142.000398448465,140.93984030459262,139.41401087984337,139.75446432504484,135.71561016127438,139.9309078933156,0,0,0,0,141.04945899307916,132.1685842947493,99.80421998954093,57.672273435501516,5,1,145.06745172,144.62267604054375,145.22852737945624,140.22064100870026,149.63766363,152.71634273,152.41341706054376,153.01926839945625,154.2309710772812,142.29734029,1,4.5,0,6.890763374686662,0.21103959634653907,1.1138821859046153,0,4.846512435186224,83.42168956369242,0,0.942931792105082,149.63766363,142.29734029,1,1,1,0,2,8,1,1,148,0,4,8,,1.212686235784846,1.1025245987013816,4,8.06196548348536,0.6624455768638102,,,,,,1.5940237715944372,16.06629435964937,12.301587301587302,-4.303563671069872,1,16.788811554513806,18.74117623542869,29.78731268633012,12.029128127233527,,,,1683946
2026-01-20,143.48901301,143.55354038,137.62198612,137.81060458,140.60380049231,141.39422084636232,139.26130551795353,139.67823453112152,135.73645587688358,139.80259095490976,0,0,0,0,140.96494942619722,132.210580077199,62.98279187339119,97.03246712556243,4,0,135.38318395837675,134.80922693202,135.55711033,133.418164959754,140.81857269,137.81060458,138.55662375231134,139.6300807307999,143.37485246906405,134.80922693202,2,0,4,1.528070472826926,0.15764035236413462,-0.5792113488194587,4,7.296612039268513,14.796403832277221,0,0.5394040143105175,140.81857269,134.80922693202,1,0,0,0,8,8,0,1,148,0,5,9,,-0.2223457913918531,-0.5703030092738764,0,1.1486382069133114,4.46975294604627,,,,,,1.7911021824897355,19.755230523991255,22.22222222222222,-21.84257844910111,0,25.27620555026364,17.630822937240083,24.093296779670027,22.600844596381695,,,,1963763
2026-01-21,139.19049754,141.56311925,137.82549552,140.7292271,140.64560936154,141.6321448356727,139.40110757338653,139.7194499259795,135.78613519253648,139.6846685065357,0,0,0,0,140.9609174186315,132.252661456483,88.01814520623691,83.28775878968997,5,0,139.21289362075302,138.5000342288081,139.46814683539986,137.07431544491823,143.3422532032225,141.18234967207493,,,142.96449815193728,137.54078354,0,3.5,0,3.6403509831504683,0.16820175491575234,0.0826360183156959,0,7.52017712467546,49.158792946523974,0,1.930890172325629,140.81857269,137.54078354,1,1,0,0,8,8,0,1,148,0,6,10,,-0.1261124042057778,0.08892363128409432,1,4.534087075180846,2.3959517392567338,,,,,,1.2392788928904557,22.43463320613759,28.96825396825397,-13.880741729916105,1,26.050657723710252,16.599780588922094,21.828513103133805,20.476352278626,,,,1309749
2026-01-22,141.56311925,142.21832022,140.28259844,141.87086516,141.05402796102666,141.79488187074935,139.63632258163543,139.80381915084303,135.84667976932715,139.58221967579715,0,0,0,0,140.97112401523336,132.28406911641906,93.78290445026232,77.15650027894233,5,1,141.87086516,141.281531742047,141.97803906635303,137.49656914277594,143.71238203479552,143.71238203479552,,,145.45365034556056,138.43666926,1,3.5,0,4.434547388940339,0.1721727369447017,0.2972885065176502,0,7.5253642091888,73.4184339764208,0,0.4209858837958032,143.71238203479552,138.43666926,0,1,1,0,5,8,0,1,148,0,7,11,,0.3472689204776315,0.30342539141198,2,6.941954530922847,1.4454803820775137,,,,,,0.827405458985028,24.4370009094008,32.93650793650794,-6.25896195162002,1,26.06862631155077,15.919693701380682,22.425014079949783,19.460146138937144,,,,868622
2026-01-23,141.26530062,141.91057431,139.379116,140.20308086,140.77037892735112,141.7650252312147,139.69029956052728,139.81947647277076,135.8900270438612,139.48364736500073,0,0,0,0,140.96171860366087,132.31254825100464,95.29682691877294,77.3355437112887,5,2,139.4617331312246,139.11575242431468,139.80771383813453,137.73182959667494,143.46846201,141.46669623040677,,,143.19659976495643,137.62198612,0,3.5,4,3.1739296179157184,0.16586964808957858,-0.10817133299113205,0,7.626749137136278,51.13724402097406,0,2.316157403434892,143.46846201,137.62198612,1,1,0,0,8,8,1,1,148,0,8,12,,-0.1338540230822987,-0.1010693565806712,3,4.300629418601314,1.9001324778523827,,,,,,0.9026254014094564,25.932941797946253,35.714285714285715,-1.842904108256388,1,26.41983400420425,14.858271217001667,20.960027657947474,20.520426548318337,,,,960085
2026-01-26,141.26530062,142.80899382,141.07668216,142.30766581,141.2828078882341,141.93621249404936,139.93957253666753,139.91705252521112,135.95388414601183,139.4023400118929,0,0,0,0,140.98125006153995,132.35558431403646,96.56473297760127,65.52861184445463,5,3,142.30766581,141.3196492226265,142.00871898117353,138.3204031258119,144.21362653160915,145.04635470082943,144.92560171,145.75789302987943,147.13603254697347,139.181697297,1,3.5,2.5,4.673483000430009,0.17336741500215003,0.3331813061341103,0,7.753119946618538,66.0715109115046,0,0.4780123289010862,144.21362653160915,139.181697297,0,1,0,0,8,8,1,1,148,0,9,13,,0.3837428592646755,0.3370893070211855,4,4.8296639629552915,0.4488573901946168,,,,,,1.043616651502064,27.007331219467318,39.682539682539684,0.5575178573979754,2,26.857595329438016,14.273910060146822,21.87279920992844,19.13464404890752,,,,1154443
2026-01-27,142.75439374,142.75439374,139.32947957,139.38904329,140.65155302215607,141.839199688968,139.88714117984205,139.89634628069302,135.9880648340117,139.31878394137948,0,0,0,0,140.94971722870568,132.3974985873921,95.4330631978032,80.5846879081821,5,4,138.73435562525768,138.03334595357117,138.82461711179988,136.63132661019813,142.70156788478,141.49748828211773,,,143.07716310227306,137.62198612,0,0,5.5,2.5009389317654795,0.1625046946588274,-0.3439601109168861,0,8.069121240944597,28.247824593446147,0,1.8864277340510114,142.70156788478,137.62198612,1,1,0,0,8,8,0,1,148,0,10,14,,0.027616236738299917,-0.33651113231813234,0,3.491699040414507,4.217736415281815,,,,,,1.3828931420932806,27.719458173391963,41.666666666666664,-0.8328406506569958,1,27.952255923498537,13.587173539714978,19.964519548225283,21.915982928204347,,,,1607373
2026-01-28,138.22755066,138.73880596,131.39757688,134.53459972,138.61256858810404,140.99422293033203,139.37737532652375,139.68608170968545,135.9736024945688,139.20418997521116,0,0,0,0,140.6889865073242,134.53459972,16.29016265211533,70.6676853353001,4,0,134.0222122390338,,,132.0381064650294,138.440987335,134.69667180565,134.29985065084912,135.09349296045087,136.6807775796544,131.04715151544,0,6.5,7.5,-1.0582956898757596,0.15,-1.3733549800508482,4,8.834996154995464,1.4752076671805199,0,1.839377889034813,134.60308155133856,134.60308155133856,1,1,0,1,10,19,0,1,148,0,11,15,,-0.8814507529630373,-1.354516113956039,0,-1.7423934590401666,9.597659855081604,,,,,,2.64104418560316,30.977551751314703,48.01587301587302,1.2162174645920498,2,30.605324450255633,15.2779475569045,16.374700957784988,35.82224370547628,,,,3438433
2026-01-29,135.78543794,136.94693058,134.13254458,136.91714871,138.04742862873601,139.94061670475062,139.14306802971197,139.57749610185465,135.98299101412533,139.0757128564473,0,0,0,0,140.61104472248746,135.34881169275036,66.29498441996759,94.39414989476472,4,1,134.84465601909997,134.45105078607057,135.23826125212938,132.876629853953,140.10323220238,138.9595541387436,138.5659489057142,139.35315937177302,140.92758030389058,134.60308155133856,0,5.5,0,0.6869665749429086,0.15343483287471454,-0.7426759047649074,4,9.008489490563687,15.148748221961704,0,2.2136253392137815,140.10323220238,134.60308155133856,1,1,0,0,8,8,0,1,148,0,12,0,,-0.5025131003907835,-0.733223363400961,0,2.030714282262421,5.425516470700883,,,,,,1.3081542467723821,33.0089242050323,51.19047619047619,5.77639733830038,2,31.206322994213153,16.847952001437626,15.329311411932967,33.53528902000069,,,,1785084
2026-01-30,136.00383827,137.44329495,135.41812831,136.86751228,137.65412317915735,138.7930626708277,138.9263484345013,139.4712222264878,135.99179222075094,138.9337002114087,0,0,0,0,140.550389848507,135.67391097721662,69.25768667400516,93.80931704081618,4,2,134.98924309589998,134.6056706773727,135.37281551442726,133.07138100326353,140.10323220238,139.0894230087969,138.45801256059988,139.8565678458515,141.39085751996066,134.6918827563841,0,3.5,2.5,0.6439506715431287,0.1776658872084464,-0.6991301474987839,4,8.94222093460107,23.923677442604557,0,1.9107822669214685,140.10323220238,134.6918827563841,1,1,0,0,8,8,0,1,148,0,13,1,,-1.195569070805846,-0.688774566128576,0,1.713893418959132,3.315593192547647,,,,,,1.0096545236336538,34.32694496606846,52.38095238095238,10.81514906397942,2,30.9767619824702,18.068415691714247,15.762085595604303,31.95441440858305,,,,1422721
2026-02-02,136.87743956,139.40889787,136.2917296,138.86289706,138.0570478061049,138.0070793559939,138.92030544645357,139.44736633760593,136.02036042810664,138.7915564505567,0,0,0,0,140.52749335227094,136.16431639516176,83.58136854328716,50.45986159799007,5,0,138.04114386169994,137.65713761351387,138.425150109886,136.12111262076965,142.70156788478,139.83571963383622,,,141.7557508747665,135.79056458456,0,3.5,0,2.0897876045518724,0.019938958708985093,-0.22029861583405091,0,9.03030441979466,86.1869649055396,0,2.4272646838923335,142.70156788478,135.79056458456,1,1,0,0,8,8,0,1,148,0,14,2,,-1.0759201654898058,-0.21288159338505633,0,4.875958194483385,-3.1764696777054775,,,,,,0.841131147505592,35.21648798066175,53.96825396825397,12.577870414752972,2,31.281892125796283,18.306273649093413,19.18993204547992,29.638434452169946,,,,1207802
2026-02-03,138.06871406,139.7762075,136.47042078,137.5624224,137.89217267073658,137.50765170626275,138.79098325155323,139.37344696750372,136.0357043283245,138.64153092900466,0,0,0,0,140.49186787181236,136.3336771209067,78.62856039006758,68.15548187472734,4,0,135.2971333823,135.2971333823,136.06931974893124,133.7527606490375,140.85360073857998,140.20308086,139.81698767668436,140.58917404331564,142.13354677657813,134.6918827563841,0,2,0,1.1222921799932344,0.005611460899966172,-0.4962928084009442,4,8.984042352721817,31.428048529615154,0,3.597879732402386,140.85360073857998,134.6918827563841,1,1,0,0,8,8,0,1,148,0,15,3,,-0.1864008519454369,-0.4840053729557695,0,1.8122443415516933,2.223970259833437,,,,,,0.7499567535145694,35.43789964096835,54.36507936507937,13.869014047053163,2,31.12163562452963,18.366828570336178,18.572324397624826,27.372643001159993,,,,1082540
2026-02-04,137.76096815,140.96251835,137.25467649,138.72391503,138.16942012382438,137.26809121866708,138.7845958018815,139.34797512681732,136.0624526935153,138.49380258158513,0,0,0,0,140.45180116175288,136.78659283039033,89.14558334210918,41.46016899566791,5,0,138.06170599379993,137.670085164114,138.45332682348587,136.10360184537024,142.70156788478,139.7874044619251,,,141.74550861035476,134.80922693202,0,6,1.5,1.956059356419016,0.00978029678209508,-0.21402755478556793,0,8.859543137336818,90.81361690481774,0,2.369568490369114,142.70156788478,134.80922693202,1,1,0,0,8,10,0,1,148,0,16,4,,-0.45020803875357407,-0.1985209272638177,0,7.334393744368527,-2.087552087237256,,,,,,1.3913865528729528,35.367623281744656,54.36507936507937,15.24017946398683,2,30.690357691431075,17.908836548309807,19.706982487352025,25.05869214785789,,,,2089233
2026-02-05,138.44595098,139.379116,137.4830041,138.22755066,138.18879696921624,137.15436490121814,138.73154388360706,139.30403691243234,136.0839959568634,138.3482854148173,0,0,0,0,140.42122057440716,136.93701374434582,90.40767409438732,60.689770719849406,4,0,135.60465305254996,134.84349808491893,135.60465305254996,133.32118814965688,141.74107939796,140.20308086,139.8225033761845,140.5836583438155,142.10596827907756,134.80922693202,0,4.5,0,1.5751703115890838,0.00787585155794542,-0.3170052193132563,4,8.761798373793258,49.47004233582388,0,2.687331142088213,141.74107939796,134.80922693202,1,1,0,0,8,8,0,1,148,0,17,5,,-0.69214501844777,-0.2980662286475908,0,3.6377345617096655,1.6616836465134361,,,,,,0.8480965385628882,34.71667506192564,53.17460317460318,14.381094138862267,2,30.351759898168574,17.483558242142465,18.830339059262506,23.94398380516581,,,,1285134
2026-02-06,139.60744362,141.35464621,137.91980475,141.08660945,139.15473446281084,137.43258766150345,138.95583584231116,139.37394171782714,136.1337732055513,138.22194254505857,0,0,0,0,140.43665706661332,137.57097858489018,95.10728340515257,34.28056638270229,5,0,141.08660945,138.54085029895188,139.30897350925213,134.9416237675981,142.80899382,142.17168228347163,,,144.3452402406005,137.54078354,1,7.5,0,3.6382127137329077,0.01819106356866454,0.31988868637025775,0,8.943822446509875,94.49506022837396,0,0.280291030609331,142.80899382,137.54078354,0,1,0,0,8,10,1,1,148,0,18,6,,0.011671959736526715,0.3476616104348372,1,8.080328819557147,-3.029939631405274,,,,,,1.4137877166540158,33.44458688963338,51.98412698412698,7.947364558878606,2,30.98230978246016,16.253039126541697,21.91935687362018,22.032000080496424,,,,2220002
2026-02-09,140.13358985,141.93042888,138.92246078,139.17064297,139.16003729854054,137.78258342098874,138.97629366399582,139.36596921791235,136.1639908151478,138.10267418319094,0,0,0,0,140.3987151354826,137.8414233561946,99.73000736828685,38.432967515781165,5,1,138.31904244510474,137.93555695371535,138.70252793649414,136.40161498815777,142.70156788478,139.62964902665368,,,141.93056197499004,135.79056458456,0,0,2.5,2.2081110702270266,0.011040555351135134,-0.13790667342282795,0,9.012196951579929,86.63988619579978,0,2.285627768496308,142.70156788478,135.79056458456,1,1,0,0,8,10,0,1,148,0,19,7,,-0.6034571267458304,-0.11738534327941562,2,7.632436291471425,-0.37828122667482134,,,,,,1.7718247487123795,31.477271245525014,49.20634920634921,0.8267524811070295,2,31.219166015907575,15.301216821969895,21.724842640823876,20.48902045886608,,,,2956486
2026-02-10,125.32207695,131.83437753,123.07850999,127.98258999,135.434221529027,136.9888542422537,137.92927426647242,138.91956218936676,136.08258384176324,137.9240126152782,0,0,1,0,139.79717925746087,127.98258999,16.887830953625436,12.550280425191035,4,0,123.26425488555999,122.76448145623412,123.76402831488586,120.76538773893066,134.28145389,134.28145389,133.78168046067412,134.78122731932586,136.78032103662935,131.39757688,0,14,5.5,-5.952263414679069,0.11284481522978604,-2.6112026596198556,4,12.318745424000507,5.110104452315795,0,4.40887744644642,134.28145389,132.005180511896,1,1,0,0,20,11,0,1,148,0,20,0,,-1.9027585218382883,-2.5807950187165116,0,-1.684797105440766,5.663234759970661,,,,,,2.7251938029395233,38.57958613222742,59.92063492063492,-9.593332470083611,1,42.67338591975098,17.563563313771844,15.479172170255463,42.90423195277378,,,,5022707
2026-02-11,129.21357364,130.77215777,124.98454918,125.84822319,132.23888874935133,135.22854032280344,136.77869797347503,138.40696065997983,135.98074940741733,137.68008886715032,0,0,0,0,139.35313281732078,127.11968311106347,27.740803523401105,8.456687844919522,4,1,114.79731428,,,112.21856226036203,117.60805161203825,136.02772390604997,,,138.60647592568793,129.29795784010005,0,0,0,-7.451441664774822,0.06384485306554263,-2.8372632079221045,4,12.325380196745462,12.983982217347545,0,1.08996030274864,117.60805161203825,134.94265635221217,0,1,0,0,10,11,0,1,148,0,21,1,,-1.510758824524341,-2.7896136517037626,0,-0.8364736334158698,3.2995250501962796,,,,,,1.74629717924405,42.70851071153678,67.06349206349206,0.028436293205406936,2,42.696369446732845,19.664313627587944,13.928252572318561,38.60548693992021,,,,3408781
2026-02-12,127.00971582,128.7668457,125.16324035,125.18309493,129.88695747623422,132.8047694515147,135.6743548264774,137.8883776901767,135.87331005938333,137.37640422852454,0,0,0,0,138.96759271340935,126.61208843783187,25.887794568853735,9.838417347767328,4,2,114.79731428,,,112.24188359435402,117.60805161203825,136.08328499439997,,,138.63871568004592,126.95671396150719,0,0,3.5,-7.867781483141305,0.11948972827257953,-2.704722318249672,4,12.314786393342526,7.383896098908735,0,1.0999074824554465,117.60805161203825,134.94265635221217,0,1,0,0,10,11,0,1,148,0,22,2,,-1.9559178261806363,-2.656836330011667,0,-2.5922143746442643,3.6197153167617615,,,,,,1.472571055636862,44.667724827181694,71.82539682539682,4.7071468775259735,2,42.65967143525428,21.615010347560034,13.051409787354022,36.175107212991065,,,,2994960
2026-02-13,124.95476732,128.90086409,124.47825752,127.15862514,128.97751336415615,130.42973597541902,134.8633329515748,137.46760308036585,135.7865967766034,137.03332740600285,0,0,0,0,138.71352906891772,126.7076185527179,21.64965227904787,28.3851813110601,4,3,126.02450188885037,125.59977842747641,126.7076185527179,123.54350825492511,131.6375591296,136.13543908194995,135.62137153881213,136.64950662508778,138.70577679763906,125.59977842747641,0,6.5,2,-6.354067221228156,0.07701413892083595,-1.9996627384872812,4,11.857778278462806,13.288162262561123,0,4.098940224922521,131.6375591296,134.63740022624307,1,1,0,0,10,8,0,1,148,0,23,3,,-1.6161131113666876,-1.9679480376601017,0,-1.6356517913813677,2.5235065813282915,,,,,,1.1840357460555961,48.04788231904069,77.38095238095238,16.971565581026212,2,41.076548886368386,23.522996761467898,12.048879445840141,34.5860653321431,,,,2420297
2026-02-17,127.0295704,129.30291923,126.17582368,127.24797072,128.40099914943744,128.43538131207964,134.13806035809148,137.0668331838809,135.70163532330386,136.6561887396964,0,0,0,0,138.44730331282625,126.79508423057531,32.90913209222984,38.89554473725173,4,4,126.79508423057531,126.28981530167948,127.30035315947114,124.26873958609615,131.6375591296,136.17844542659995,135.6731764977041,136.6837143554958,138.70479007107915,124.65408973390359,0,6.5,2,-6.229596705421668,0.10929726952333935,-1.7876892487904,4,11.774219809470976,17.571811546699628,0,4.561672025976527,131.6375591296,134.63740022624307,1,1,1,0,10,8,0,1,148,0,24,4,,-1.8743781561867148,-1.760780402295873,0,0.12757090271538996,3.2641615536141124,,,,,,1.2773145135027757,51.02328689210507,83.33333333333333,25.096647161286317,3,40.78709385897535,25.12656084455739,12.093543014335895,32.67488488363523,,,,2674213
2026-02-18,126.97000667,129.52131955,126.50342416,128.30026319,128.36742049629163,126.96398583790736,133.5820796754161,136.72304612529734,135.62798982944014,136.25734351329368,0,0,0,0,138.2856692315218,126.94770987511886,31.099677506465945,55.94969400156752,4,5,126.94770987511886,126.45158608944773,127.44383366078999,124.46709094676321,134.28145389,136.22582759014995,135.72970380447882,136.72195137582108,138.7064465185056,124.32450024378,0,5.5,2,-5.402812980311188,0.06320522901735393,-1.384450686451776,4,10.863940780976334,25.460452116026186,0,4.797724959012175,134.28145389,134.63740022624307,1,1,0,0,10,8,0,1,20,0,25,5,,-1.5056418321388314,-1.364111971764962,0,-0.7351067751771074,0.9172621565829197,,,,,,0.8925722309228323,53.06878552172455,87.3015873015873,41.0136442394187,3,37.63379480614103,26.519676295325993,11.829765675914489,30.900245251150068,,,,1864268
2026-02-19,127.52593477,129.1639372,127.12884327,128.27048133,128.3351074408611,125.94065912811084,133.07621316632887,136.39157299607,135.55478078964472,135.8420865567491,0,0,0,0,138.18060609245026,127.03133551892749,29.10157842865859,64.8407883205441,4,6,127.03133551892749,126.55247866500072,127.51019237285426,124.63705124929366,134.28145389,136.25583999939994,135.77698314547317,136.7346968533267,138.65012426903377,124.32450024378,0,5.5,3,-5.37369424907896,0.08293261411271857,-1.2610707351980173,4,10.56349284747908,19.465533060320013,0,4.983259467951426,134.28145389,134.63740022624307,1,1,0,0,10,8,0,1,20,0,26,6,,-1.6634609129017486,-1.242585959851255,0,-0.8791717349066488,1.9212198110891445,,,,,,0.5950301241328787,52.450614762612524,86.5079365079365,43.335054936788374,3,36.5930126344484,27.813283499611124,11.380878838831318,29.727718783941683,,,,1240755
2026-02-20,128.24069947,130.3899572,127.32738902,127.73440781,128.13487423057407,125.22694345681688,132.56746979905947,136.05207632210647,135.47696613313084,135.41337936335964,0,0,0,0,138.0174157183436,127.09270748247293,41.357508587603746,67.11792579733016,4,7,127.13643696499273,126.66443981331074,127.60843411667472,124.77645120658275,131.6375591296,136.29261890459992,135.34862460123594,136.29261890459992,138.1806075113279,134.36669464129236,0,0,2,-5.7150366915674615,0.08292867828876038,-1.2618004958241658,4,10.479173674422338,24.998204521482357,0,1.0200931596961924,131.6375591296,134.36669464129236,1,1,0,0,10,8,0,1,20,0,27,7,,-1.663429426310083,-1.2449706818421387,0,0.6330532938812117,2.4198887999750704,,,,,,0.8789127862773516,51.29008430967086,84.92063492063492,41.29140761940588,3,36.300922450875454,28.430779639761937,13.040757246221116,28.005493545186663,,,,1877021
2026-02-23,126.84095194,128.58815453,126.08647809,126.33466028,127.53480291371605,124.66042668239956,131.9738688924824,135.67100118320033,135.38599791568674,134.96838955808934,0,0,0,0,137.8326936985856,127.0302635190324,47.94845664202583,57.686516624103064,4,8,123.07850999,122.6178905237953,123.5391294562047,120.77541265897645,131.6375591296,127.15862514,126.6980056737953,127.6192446062047,129.46172247102353,123.07850999,0,0,5,-6.6855788449582345,0.15602861060012857,-1.4543044619142036,4,10.474166824212878,19.528803715196954,0,1.7715773862612758,131.6375591296,123.07850999,1,1,0,0,10,6,0,1,20,0,28,8,,-2.2482288848010286,-1.4349450292140966,0,0.6827700652300397,3.524305427761159,,,,,,0.8837914676580247,49.55407854713141,80.15873015873017,36.57439808239925,3,36.283578212978114,29.26748037976455,12.408383780466806,29.052810054560048,,,,1930314
2026-02-24,127.13153593,127.95829433,126.55380114,127.62958316,127.56639632914403,124.46639422888529,131.56012739415073,135.35565145680033,135.30881965941126,134.52172792706696,0,0,0,0,137.7208234666259,127.06298735260141,58.756348507888234,85.30225959791687,4,9,127.12993380378043,126.68771899542963,127.57214861213123,124.91885976202643,131.6375591296,136.37400500734995,135.93179019899915,136.81621981570075,138.58507904910397,123.26425488555999,0,4,0,-5.675340690090145,0.09663728297191768,-1.0266471034022473,4,10.389580504150846,33.920543660943316,0,5.929132120510157,131.6375591296,134.36669464129236,1,1,0,0,8,8,0,1,20,0,29,9,,-1.7730982637753414,-1.0153816174124317,0,1.5421765692912377,1.987175391412133,,,,,,0.6168405428262408,47.155698302976205,75.7936507936508,31.022398345010277,3,35.990562605032665,30.044416781195544,12.0016108318143,28.100397764480967,,,,1353395
2026-02-25,127.95829433,129.28309996,125.92626163,127.75907544,127.63062269942935,124.67696466832726,131.19812244613638,135.05774651496503,135.2336978263823,134.07985761649797,0,1,0,0,137.58638268054023,127.1073851549734,45.48149441042903,81.5474713674291,4,10,127.14325314449202,126.7026533373627,127.58385295162134,124.94025410884544,130.3899572,132.3141753030232,131.6375591296,132.63367329200008,134.39607252051735,123.26425488555999,0,4,2,-5.527189233543309,0,-0.9026189659013264,4,10.280162624176057,24.41766868579781,0,4.346958313511778,130.3899572,123.26425488555999,1,1,0,0,10,8,0,1,20,0,30,10,,-0.06097428250899079,-0.8921588549791417,0,-0.5523887976549116,1.405716079519105,,,,,,0.7682168699286946,43.969476259049415,69.44444444444444,23.469782932172638,3,35.611527950287055,30.094983814432148,13.869865486488834,26.188870188530355,,,,1688648
2026-02-26,130.18954592,131.434664,128.31688834,131.41474211,128.89199583628624,125.53391033328526,131.21875289031388,134.91488359712326,135.1956982670153,133.67197558681244,0,0,0,0,137.49089221010775,127.40518835553038,70.44081438475212,74.43515110756059,4,11,127.23259410465911,126.79064795732475,127.67454025199348,125.02286336798728,130.3899572,132.63367329200008,132.19172714466572,133.07561943933445,134.8434040286719,127.33373430622,0,4,0,-2.7966541875820754,0,-0.006564932189095586,4,10.224543843227128,55.83519094337868,0,2.3984546613867477,130.3899572,127.33373430622,1,1,0,0,8,8,0,0,20,0,,11,,0.9046579170994263,-0.004221865544543059,1,4.142737189673914,0.7837637014192195,,,,,,0.9255726466374726,42.6714978579467,67.06349206349206,20.476772131646452,3,35.418858841369875,29.162077804671878,17.186698279016834,24.244153777361493,,,,1966415
2026-02-27,129.85087381,130.52821804,127.2809501,129.05399824,128.94599663752416,126.48937642208182,131.0125857807602,134.68504495566745,135.13458682396043,133.28747700827685,0,0,0,0,137.27343775063733,127.5795010993453,79.87450288992709,83.06191528725267,4,12,127.5985701782412,,,125.36213306517094,130.3899572,129.05399824,129.94266977738593,130.83724462261407,134.10651742091244,124.32450024378,2,4,3.5,-4.49965380948817,0,-0.5344874166948307,4,10.159153692102475,40.207131679728406,0,0.9360673016516681,130.3899572,124.32450024378,0,0,0,0,8,8,0,0,20,0,,12,,0.620975063944139,-0.5259816746727557,0,2.2779588866091345,1.940028902916922,,,,,,1.5259777642905512,41.12430120249109,65.07936507936508,16.855828197337548,2,35.19234071324486,28.6015618521762,15.768501922488623,24.311494921192605,,,,3362342
2026-03-02,127.1016531,129.547065,126.68329342,128.47626345,128.78941890834943,127.28150515467837,130.77103127306876,134.44156332799423,135.06833485009017,132.92234912331716,0,0,0,0,137.0938956150641,127.6501028908504,78.63311500519967,78.1212508757441,4,13,127.73440781,127.29350009989409,128.1753155201059,125.52986925947046,130.3899572,130.3899572,,,132.59449575052952,125.92626163,0,4,2,-4.880545397562338,0,-0.6147551976636642,4,10.156443693205734,45.608105319080515,0,1.2045828771568257,130.3899572,125.92626163,0,1,0,0,8,8,0,0,20,0,,13,,0.18732066229565134,-0.6049873734165225,0,2.471627549498704,1.4685556942287106,,,,,,1.1982866295646561,39.28757797692075,61.507936507936506,11.666516380913192,2,35.18295300168964,28.255651177235464,14.854045332024386,24.111888437375676,,,,2717907
2026-03-03,125.53778479,127.50009088,124.36239333,126.68329342,128.08737707889964,127.66922605447662,130.38172290610981,134.13731744924937,134.98490160202957,132.56439922113782,0,0,0,0,136.97154257094385,127.60769476878498,72.94711879959405,77.23130183376595,4,14,126.17582368,,,123.94509725272256,131.434664,127.59554279412338,127.14939750866789,128.04168807957885,129.8262692214008,120.34729657048015,0,5,3.5,-6.150027213047025,0,-0.9582331488675607,4,10.035197478212682,38.1364344818105,0,3.2492761707627427,131.434664,120.34729657048015,1,1,0,0,8,8,0,0,20,0,,14,,-0.12631131459776546,-0.9467677259328814,0,1.400025484442636,1.3819814495764837,,,,,,0.6925107349476743,37.10294103203998,58.333333333333336,6.731297710298535,2,34.76294379250287,28.560505727024665,13.631117044890741,26.771512762543395,,,,1583743
2026-03-04,127.13153593,129.14364674,125.42373198,128.89462312,128.35645909259975,127.95689443994243,130.24009435505172,133.93172159320036,134.92430181613872,132.22629755575034,0,0,0,0,136.88383337057795,127.65835007210738,82.55740813830174,77.37772043124814,4,15,127.2273865140938,126.77989522438513,127.67487780380246,124.98993006555047,131.434664,130.3899572,,,132.62741364854332,124.32450024378,0,6,0,-4.468934517337994,0,-0.37236738484398246,4,10.25281223727672,53.26987063280092,0,1.880384080166257,131.434664,124.32450024378,1,1,0,0,8,8,0,0,148,0,,0,,0.06416789035181338,-0.36751454493090324,0,3.387137580556743,1.470863295496692,,,,,,0.6413231169932149,34.492806039171704,53.57142857142857,-2.883080315187427,1,35.51678343085442,28.08057160904597,15.898698941437145,24.78448794370459,,,,1479405
2026-03-05,127.56981749,128.83485746,124.50184656,125.69715991,127.47002603173317,127.89579869057403,129.80743393171346,133.6087976056239,134.8324894588637,131.88762475393335,0,0,0,0,136.7228330778232,127.55976449767815,66.88834334130821,83.90181359622899,4,16,114.79731428,,,112.5235700527812,117.914847641928,127.59554279412338,127.14079394867962,128.05029163956715,129.8692870213422,120.47583885369359,0,3.5,3.5,-6.775317718694813,0,-1.0536771974186576,4,10.398174667170851,15.613513487198077,0,3.1312686164082884,117.914847641928,120.47583885369359,1,1,0,0,8,8,0,0,148,0,,1,,-0.4551804246341907,-1.042310277241697,0,0.5050410834334578,4.319713966578196,,,,,,0.8642519808461762,31.33798277529066,49.20634920634921,-12.999187981054156,1,36.020333659031024,27.894124654314677,14.527466526473757,24.456909642244668,,,,1989341
2026-03-06,123.5954006,124.26278389,122.22079024,122.66903275,125.86969493782212,127.3001982800104,129.1275862001217,133.17978721912883,134.711460038875,131.530699950357,0,0,0,0,136.5407932476437,127.34541956167924,64.00438513742418,48.03376158486712,4,17,114.79731428,114.34400848003436,115.25062007996563,112.53078528017183,117.96215296638643,132.1735629496797,,,134.4400919495079,120.2106653875888,0,0,1.5,-8.93942303453604,0,-1.6355630702456552,4,10.575920824473355,17.568144540816576,0,1.3963371686955548,117.96215296638643,120.2106653875888,1,1,0,0,8,8,0,0,148,0,,2,,-0.861836283200773,-1.611406893800287,0,1.0431695083627028,4.446127656537261,,,,,,0.7790933436781736,27.460696241619214,41.26984126984127,-25.044633794226158,0,36.63606440962716,28.30711131175941,13.532733500414293,27.275181646734048,,,,1813921
2026-03-09,119.83016354,123.48655935,119.21258497,123.0375877,124.92565919188141,126.42523718995585,128.54758634296726,132.7820539046532,134.59530210515484,131.16011351422097,0,0,0,0,136.30214841878123,123.0375877,32.571702806460074,65.81346094117265,4,18,114.79731428,114.33822698021048,115.25640157978951,112.50187778105241,117.96215296638643,129.10260304680997,128.18442844723094,129.24841746724,131.08476666639805,121.18182055098251,0,1,0,-8.587011748838886,0,-1.3917455798122618,4,10.256347724199921,2.1420538421244615,0,3.9960285909563393,117.96215296638643,121.18182055098251,1,1,0,0,10,8,0,0,148,0,,3,,-0.573750051396006,-1.3738954890203523,0,-5.511394606659103,5.128047474948243,,,,,,1.0752071659395612,23.96856409366954,32.53968253968254,-32.5380861506994,0,35.52903071681538,29.33119863266434,12.40785881701965,30.85851620759003,,,,2519445
2026-03-10,122.89813447,124.06356499,122.18094646,122.23075119,124.0273565245876,125.29159268030348,127.94598299506562,132.36827732760798,134.47227174779013,130.7730078416798,0,0,0,0,136.13718549061917,122.71353836089783,17.675225975832305,62.93055048534844,4,19,114.79731428,114.35420983617759,115.2404187238224,112.58179206088795,117.96215296638643,129.09720251271997,128.65409806889755,129.5403069565424,131.31272473183202,122.427635792042,0,0,2,-9.103379007941314,0,-1.4377050238737326,6,10.23119382583132,3.3014379380628114,0,3.0103813282229495,117.96215296638643,122.427635792042,1,1,0,0,10,8,0,0,148,0,,4,,-0.9135819557124532,-1.427231090379693,0,-4.29998458544819,5.0483714986366035,,,,,,0.7417123682011665,18.297663943812683,17.46031746031746,-48.372783355791874,0,35.441895056849695,30.005275043159614,13.099837302006753,29.68790348317141,,,,1691065
2026-03-11,121.78250868,122.5694233,120.96571122,121.87215718,123.3089567430584,124.07461472608095,127.3675233936308,131.95666477279983,134.34689747348375,130.36940745817512,0,0,0,0,135.99149226096003,122.49378630611743,12.300322393787445,66.84928563535827,4,20,121.65276992171415,121.2269969374505,122.07854290597781,119.52390500039583,129.24841746724,129.09921201377674,128.67343902951308,129.5249849980404,131.22807693509506,121.65276992171415,0,3.5,2,-9.285469577699706,0,-1.3767550353940774,6,6.213544444782317,5.5701857312379985,0,3.4978462078520627,129.24841746724,121.65276992171415,1,1,1,0,10,8,0,0,148,0,,5,,-0.9926843887165042,-1.3768261432529165,0,-3.024270122067668,4.563175553650558,,,,,,0.7076989721522513,18.216599968131362,17.46031746031746,-15.367476737435393,1,21.524349346900646,30.88511110801577,12.6592863154205,31.237871702444174,,,,1488457
2026-03-12,120.76649233,122.06141513,119.39686245,119.55125709,122.05639019203893,122.6726593674078,126.6231170789993,131.47017819700375,134.19967717116052,129.936897964967,0,0,0,0,135.8100374585609,121.8404505621829,10.667574063282398,41.236887784218155,4,21,119.21258497,118.7934336928266,119.6317362471734,117.11682858413297,129.24841746724,131.63844005615147,,,133.7341964420185,120.46423687462858,0,0,2,-10.915391445001529,0.1139864291452283,-1.7665967185674392,4,6.276410612341837,5.5255544378121115,0,5.331823515785251,129.24841746724,120.46423687462858,1,1,1,0,10,8,0,0,148,0,,6,,-1.9118914331618264,-1.7727578939079789,0,-2.6391867960877344,4.988818131127114,,,,,,0.8075413188544862,25.384403917782212,35.714285714285715,16.75218003050202,2,21.7421241394811,32.009781129011444,11.940756627410407,32.80672912271274,,,,1626485
2026-03-13,120.646961,120.70672666,118.2364124,119.41180386,121.17486141469263,121.27053306501082,125.93632534385651,130.9973007720232,134.05253415313902,129.47829477365798,0,0,0,0,135.6075674927614,121.3524137207033,12.43926476220765,49.28244196008657,4,22,119.21258497,118.80131669244612,119.62385324755387,117.15624358223062,129.24841746724,122.66903275,122.25776447244613,123.08030102755387,124.72537413776938,119.45949542886983,0,7.5,3.5,-10.92163634625044,0.07281175550262126,-1.630266788666733,4,6.271086374396523,7.36951031711893,0,1.5607998458912133,129.24841746724,119.45949542886983,1,1,1,0,10,8,0,0,148,0,,7,,-1.58249404402097,-1.636818160227528,0,-1.9571708450952823,4.7214586049805165,,,,,,0.9416129257151246,28.614836653261744,46.82539682539682,31.721863312460457,3,21.723680438215357,33.26817063731289,11.30037211916685,33.5666188027964,,,,1842251
2026-03-16,120.50750777,121.03543783,119.68074937,120.59715627,120.98229303312841,120.14846828821126,125.42783305110827,130.5894519680223,133.91864979609286,129.0048961907708,0,0,0,0,135.44355906047815,121.23731795637376,33.2246936104046,69.31418450087351,4,23,118.81707635189086,118.42068764800155,119.21346505578018,116.8351328324443,129.24841746724,122.66903275,122.27264404611068,123.06542145388931,124.65097626944656,119.21258497,0,0,2,-9.947452088545122,0.03755705217912372,-1.208007212491997,4,6.121494787811117,36.564127408788856,0,1.7439688599023182,129.24841746724,119.21258497,1,1,0,0,10,8,0,0,144,0,,8,,-1.3004564174329898,-1.2160365400878634,0,0.6543335508110819,1.0759068401021974,,,,,,0.8594250307396164,30.826436487336085,50.3968253968254,45.37014259620369,3,21.205479981513832,34.25669047854789,11.627509724501726,32.33902006458827,,,,1648277
2026-03-17,121.21473484,122.57938425,119.85008543,121.28446145,121.08301583875227,119.42368778114069,125.0332262319551,130.22455037908026,133.7929364792163,128.52632306747796,0,0,0,0,135.29123157499538,121.24352694110985,55.85547161105296,79.97567582055996,4,24,121.24352694110985,,,119.28130711858803,129.24841746724,122.66903275,122.27658878549563,123.06147671450437,124.63125257252182,119.21258497,0,1.5,4.5,-9.349129601591045,0,-0.9432134661692512,4,6.170143701987511,46.17548083876355,0,1.7614987578495804,129.24841746724,119.21258497,1,1,0,0,8,8,0,0,144,0,,9,,-0.9107649970800603,-0.9509511338237507,0,2.1656415488163505,1.301619336832391,,,,,,0.8791000693842491,32.22073954339333,53.57142857142857,50.747320867702975,3,21.37400476368698,34.34978234190252,14.418165036462087,30.330934259320383,,,,1640578
2026-03-18,120.83621894,122.20584883,119.02332703,119.15281931,120.43961699583485,118.83380325463159,124.47318747748318,129.79036484695945,133.64726367156243,128.03351943309795,0,0,0,0,135.07159445575215,120.94141707656989,53.948190872040506,59.62154756259221,4,25,118.2364124,117.84358477403167,118.62924002596834,116.27227427015832,129.24841746724,122.66903275,122.27620512403166,123.06186037596834,124.63317087984169,118.2364124,0,0,2,-10.84529826003955,0.07459297500684711,-1.3429424214736634,4,6.244770120152431,26.43159205029737,0,2.2567762840372496,129.24841746724,118.2364124,1,1,0,0,8,8,0,0,144,0,,10,,-1.596743800054777,-1.3471618151071212,0,0.5489090527147287,2.3898508235681697,,,,,,1.120239554121633,32.846382013742904,55.15873015873016,51.837995095621324,3,21.632518259384025,34.635559836183475,13.375220209029662,30.01606925013341,,,,2104022
2026-03-19,117.56902911,120.94578933,116.97137244,120.02938243,120.30287214055657,118.49311635980303,124.04996794915145,129.40758122276495,133.51176236567625,127.53662957475015,0,0,0,0,134.9162433787719,120.85044387776921,52.352337297747596,77.39788000791944,4,26,118.2364124,117.83615802508298,118.63666677491703,116.23514052541488,127.86334812369999,122.66903275,122.26877837508297,123.06928712491703,124.67030462458513,118.2364124,0,1.5,0,-10.098271265979749,0,-1.014493403121941,4,6.3338743933240655,33.45491422464199,0,2.214901636450016,127.86334812369999,118.2364124,1,1,0,0,8,8,0,0,144,0,,11,,-0.9649149386812598,-1.0257929765933458,0,0.4803488774863687,1.2588690085302081,,,,,,0.8505328281958271,33.38455296691391,55.95238095238095,52.1547432527125,3,21.94118451599356,35.357762798973546,12.18939616906631,31.932241006502366,,,,1613305
2026-03-20,119.52137426,120.65692194,118.63485019,119.96961676,120.19178701370438,118.33967581588054,123.66136307399417,129.0374649693232,133.37701464820682,127.03866752388971,0,0,0,0,134.5580688996097,120.68160960267105,60.33453394277594,95.38150964064448,4,27,118.2364124,117.84669341123777,118.62613138876225,116.2878174561888,122.57938425,124.06356499,123.67384600123776,124.45328397876224,126.0121599338112,117.9964085912643,0,2.5,3,-10.052255198221356,0,-0.9358992731099086,4,6.339285385555065,20.570070085851004,0,3.1136057383322187,122.57938425,117.9964085912643,1,1,0,0,8,8,0,0,144,0,,12,,-0.49124555877251064,-0.9499430089171258,0,0.9992316073111089,3.857089134316482,,,,,,1.9227155864841512,33.743336195318186,56.34920634920635,53.65867799637789,3,21.95992874292046,36.028379835850046,11.624707381536954,30.45294062058028,,,,3835300
2026-03-23,121.46375845,122.55946236,119.3520382,119.47156953,119.95171451913626,118.27125510101989,123.26233511742329,128.66233181483994,133.2386520102147,126.54106947816838,0,0,0,0,134.3106828599347,120.53923835622776,46.67484857925864,90.2764513286495,4,28,118.2364124,117.84589276614936,118.62693203385065,116.28381423074676,122.57938425,119.47156953,123.67304535614936,124.45408462385065,125.7198836716104,117.9964085912643,2,0,3.5,-10.332649176876437,0,-0.9644349522683795,4,6.286522860213994,17.046782578336142,0,0.2360894323337427,122.57938425,117.9964085912643,1,0,0,0,10,8,0,0,144,0,,13,,-0.6423249547324623,-0.976707055488863,0,-0.269264270487966,3.3305191507250655,,,,,,1.3133236606122165,33.9151069719228,56.74603174603175,55.73709485539078,3,21.77715399366771,35.61345862898234,15.1220776029777,28.21975544738684,,,,2668180
2026-03-24,118.07703729,121.14500823,117.89774029,119.97957771,119.96100224942417,118.35918265704024,122.94969155481155,128.32183165386584,133.10672092265037,126.05009709583963,0,0,0,0,134.1297005110761,120.4921943264473,33.759493817315736,91.99965580316189,4,29,118.2364124,117.84479356196012,118.6280312380399,116.27831820980056,122.57938425,122.57938425,122.18776541196011,122.9710030880399,124.53747844019945,117.9964085912643,0,1.5,2,-9.862118998693296,0,-0.7599807414762951,4,6.184627805590374,12.553915351937277,0,2.340528704734523,122.57938425,117.9964085912643,1,1,0,0,10,8,0,0,144,0,,14,,-0.4176896500150103,-0.7665881670262106,0,-1.3391280318567502,3.424570285426005,,,,,,1.0063553303193922,33.89863486720604,56.34920634920635,58.22606130033717,3,21.424179170371477,35.60854018869478,14.002516013445684,29.44618220099238,,,,2081155
2026-03-25,121.73270396,122.05145418,119.68881773,121.27450051,120.39883500294944,118.6748910275805,122.79014955054379,128.0454657266554,132.98898738620608,125.57513264666083,0,0,0,0,134.01049966621719,120.53807187343902,23.61356756032844,92.96271770618017,4,30,118.2364124,117.85167136780225,118.62115343219776,116.31270723901123,122.57938425,121.27450051,122.19464321780225,122.96412528219776,125.12938243758202,117.9964085912643,2,0,4,-8.808614236746294,0,-0.3937605201060644,4,6.326937924217061,10.314992230684616,0,0.85037414383062,122.57938425,117.9964085912643,1,1,0,0,10,8,0,0,144,0,,15,,-0.13155480829362443,-0.39537584099458595,0,-2.0403047536961445,3.4712683220050806,,,,,,0.7484789628685254,33.69652770896364,55.15873015873016,53.744983565120904,3,21.91715588215663,35.13220623262581,15.338334308317261,27.831677304951434,,,,1542390
2026-03-26,120.32821077,122.15106363,118.71453774,119.02332703,119.94033234529962,118.90257191834503,122.43140454858724,127.69165636600225,132.85002559161697,125.1034531423842,0,0,0,0,133.85433125427227,120.44349493343704,17.771609704519136,94.25545283310043,4,31,118.2364124,,,116.29669841613543,122.55946236,119.02332703,119.02386106322709,119.79974665677292,125.23041177836664,115.72343333372494,2,0,3.5,-10.40775001739213,0,-0.8827728963366979,4,5.62443445593368,8.763608290088705,0,0.5316334205269893,122.55946236,117.9964085912643,1,0,0,0,10,8,0,0,128,0,,16,,-0.1201599202302272,-0.8776112073972275,0,-2.225478470781924,3.9084259905396204,,,,,,0.8544213196516002,33.769138875081424,55.55555555555556,73.32072737785684,3,19.483612483036296,34.960895493623326,14.125191007513676,27.872729918945193,,,,1751525
2026-03-27,118.44559224,119.00340514,116.91160677,117.09090377,118.99052282019974,118.8247898776619,121.92278542681703,127.27594057792373,132.69321840931232,124.62499221507093,0,0,0,0,133.69681815423698,117.09090376999998,31.437574680778415,75.84666672677301,4,32,116.97137244,,,115.07593622909003,122.55946236,119.830163535,119.451076292818,120.20925077718199,121.72559974590996,115.47520534784083,0,0,0,-11.758185404158805,0,-1.2489646590252377,4,5.583777020179923,15.615907668247743,0,2.2976020834108875,117.98739859304277,117.98739859304277,1,1,0,0,10,8,0,0,128,0,,17,,-0.43830212236180804,-1.2437385497367621,0,0.17801580833897424,4.216225412053041,,,,,,0.8128224637819692,33.72834121950594,54.76190476190476,74.37181689047675,3,19.342770994174348,35.263889110101175,13.422647015283095,30.732835037815082,,,,1594398
2026-03-30,118.04715445,118.50535791,115.59676208,115.72625436,117.90243333346649,118.36055854502683,121.33263961092969,126.82301170663261,132.52439289638383,124.13402833940054,0,0,0,0,133.53541479680078,116.42089895791092,16.677077845388446,62.43851939881905,4,33,114.79731428,114.41933509234886,115.17529346765113,112.90741834174432,117.98739859304277,119.83426510044119,119.45628591279005,120.21224428809232,121.72416103869686,115.08367998973756,0,0,3,-12.675506877830186,0,-1.4466676773669125,4,5.625261632478709,1.234427174170115,0,2.5136754963811856,117.98739859304277,117.98739859304277,1,1,0,0,10,8,0,0,128,0,,18,,-0.8796181016607877,-1.442856087720704,0,-4.807033941426664,7.928336137916701,,,,,,0.8083043937300501,33.933461143780335,56.74603174603175,74.13850417891152,3,19.486477906641934,35.8502056351828,12.500424679189248,31.727198960018505,,,,1537843
2026-03-31,117.08094283,119.84012448,115.92547325,119.03328797,118.27938487897767,118.02325034449306,121.11365374036495,126.51753234441172,132.39015304637007,123.65256079826257,0,0,0,0,133.32408187751744,117.58868795548541,30.643999100560514,97.28334899378012,4,34,117.17275650841178,,,115.23419822110294,122.55946236,119.83016353499998,119.44245187753822,120.21787519246175,121.76872182230882,115.18912647890085,0,3,0,-10.08901702205283,0,-0.5317126218725707,4,6.450071065622914,14.963500384363329,0,2.3940662947730913,117.98739859304277,117.98739859304277,1,1,0,0,10,8,0,0,128,0,,19,,-0.4176320502269657,-0.539094195766804,0,0.1514616321225999,4.458721560620258,,,,,,1.298506430523492,34.030212631096,56.74603174603175,52.30337947637824,3,22.34370159617763,35.66396399389151,14.38998090714694,28.721431168391923,,,,2532048
2026-04-01,119.86004637,122.55946236,119.72059315,122.00164946,119.52013973931844,118.20038482997532,121.19822476128257,126.3404388979642,132.28678485148083,123.1986367648061,0,0,0,0,133.18349437172532,118.81695359551524,31.891383211201187,96.41903616790373,4,35,119.83426510044119,,,117.87675676267226,122.55946236,122.57938425,122.18788258244622,122.97088591755379,124.53689258776893,117.98739859304277,0,1.5,0,-7.774877439971059,0,0.20926045308545724,6,6.729074366076664,34.082557279935884,0,2.3458319785196697,122.55946236,117.98739859304277,1,1,0,0,10,8,0,0,128,0,,20,,0.4754823609490057,0.19908652620765874,1,-0.49588733640442406,3.9104759938256324,,,,,,1.100421802777136,33.950071411003165,56.74603174603175,45.64471873698403,3,23.31019737990823,34.20359424281239,19.434481539132513,26.41171707301669,,,,2184589
2026-04-02,119.63094465,122.10125891,118.46551413,120.78641422,119.94223123287895,118.61204436625239,121.15900470973185,126.12263400863228,132.17235330290887,122.76394486941864,0,0,0,0,133.08285629758043,119.12225743376976,30.728368193093296,95.98121907183369,4,36,116.90691242768217,116.51091315798938,117.30291169737497,114.92691607921817,122.55946236,122.55946236,122.1634630903072,122.95546162969279,124.539458708464,118.01524949480354,0,1.5,2,-8.614463462578216,0,-0.09800752413327109,6,6.360761767664741,33.701053673550064,0,2.295061235199587,118.01524949480354,118.01524949480354,1,1,0,0,10,8,0,0,128,0,,21,,0.09757928149399689,-0.11538399966785357,0,-0.7174428127848445,3.9069265534134896,,,,,,0.7355062975323469,33.67426330634765,53.96825396825397,52.8263885272026,3,22.034325112873905,33.229051928576474,17.84134154278855,27.07643780469463,,,,1439944
2026-04-06,120.30828888,124.28270577,120.21873999,123.36629887,121.0835871119193,119.41036621145629,121.36922320118596,126.01454243456827,132.08473087074063,122.3639351849701,0,0,0,0,132.9330266855204,120.09932041847289,54.81237874962396,93.61824287231585,4,37,122.55946236,,,120.53946727839056,127.01383892122,123.88494126090336,123.48094224458147,124.28894027722525,125.9049363425128,118.01524949480354,0,5,0,-6.600635776191704,0,0.5106709139680663,6,6.302552144732565,43.14151411564256,0,2.905795078185599,123.88494126090336,118.01524949480354,1,1,0,0,8,8,0,0,132,0,,0,,0.5590378627347885,0.5005706711298153,1,2.1982550868244397,2.9469454587601724,,,,,,1.3848850304842157,34.722765976857936,59.523809523809526,59.04032067788604,3,21.832681064057994,31.4157515361301,21.060012845566696,24.644551652638985,,,,2778030
2026-04-07,123.11727526,125.20259901,122.95291967,123.78465854,121.98394425461287,120.38967841964373,121.59926466202539,125.92709600733029,132.00214308635515,121.99850100010914,0,0,0,0,132.78359233784118,120.8314814061741,69.64909602683004,96.45912109852875,4,38,122.95291967,,,120.97677783796982,127.01383892122,124.04928056868789,123.65405220228186,124.44450893509392,126.02542240071807,118.01524949480354,0,5,9,-6.225266010249026,0,0.5533604110334038,6,6.304414155696407,35.204981961437895,0,3.053440282515206,124.04928056868789,118.01524949480354,1,1,0,1,8,19,0,0,132,0,,0,,0.7243762092774656,0.5496383744204475,2,2.6997716724630116,6.426426058047141,,,,,,1.4740290170152397,33.33741224374477,53.17460317460318,52.64990098739351,3,21.839131259245246,29.379839897636508,22.0678173561331,23.39205835181595,,,,2991652
2026-04-08,127.52997371,128.31688834,126.25756265,127.47020805,123.81269885307525,121.78302958018098,122.15840212754678,125.98761020508205,131.9570492053964,121.6875480743343,0,0,0,0,132.6998260529731,121.91392671081395,83.71674810018493,90.15650914072279,5,0,126.38420302707307,,,124.34688249554503,131.58043422715718,127.62958316,127.22211905369439,128.0370472663056,129.666903691528,123.26425488555999,0,1.5,8.5,-3.4002284701080714,0.03901988946347518,1.3575614906906395,6,6.8864948457976825,58.15259587688842,0,2.142681137742211,131.58043422715718,123.26425488555999,1,1,0,1,8,14,0,0,132,0,,1,,1.3121591157078014,1.4311336417423455,3,4.7996558507194855,2.4465296750769947,,,,,,1.4025026075053173,26.048428588089546,37.698412698412696,9.192467242442454,2,23.85551791796557,28.123342900359642,26.700401426684078,21.068931201631305,,,,2933618
2026-04-09,126.66337153,129.32294374,126.40438697,128.89462312,125.50667360871684,123.54367483327273,122.7999469839709,126.10161071154943,131.92657730404918,121.43503613802,0,0,0,0,132.65329439665217,122.70626841060502,91.54175557294622,57.84829382313768,5,1,128.89462312,125.76894714322033,126.57778328296645,123.1690424110155,131.58043422715718,133.02743406982066,132.6230159999476,133.43185213969372,135.04952441918596,125.65622279760001,1,3,0,-2.2982133289651494,0.03961515160120835,1.5764621037675974,0,6.9214836572995635,88.12232367655487,0,0.4690897297007162,,131.58043422715718,0,1,0,0,10,8,0,0,132,0,,2,,1.3169212128096668,1.6326011717589095,4,6.490971031276685,-1.1766827862467002,,,,,,1.0802847046081014,19.395202268222388,21.825396825396826,-19.10820132663363,1,23.97672271640099,27.254914349453628,27.201096665982593,19.71136169144408,,,,2303667
2026-04-10,128.96434974,129.52714311,127.36063766,128.21727889,126.41020870247789,125.34099274859739,123.31588335597367,126.18457809109651,131.88966886211833,121.23115292037885,0,0,0,0,132.6153129730699,123.11524553266462,94.07228927514822,42.30145617428195,5,2,126.22354572666443,125.82867086312159,126.61842059020726,124.24917140895022,131.44854578256277,132.49335904837451,131.70360932128884,132.6153129730699,134.1948124272413,124.32450024378,0,0,3.5,-2.784440967819528,0.08019090149991148,1.2664444903581693,0,6.587356929817546,77.59492268134453,0,2.646408033684052,128.12575497477425,131.44854578256277,1,1,0,0,8,10,0,0,132,0,,3,,1.6415272119992919,1.2842673943302314,5,4.21355088649716,-1.0928107743636535,,,,,,0.7629146060315817,19.062635552756554,19.841269841269842,-16.46256696650137,1,22.81927378006984,26.510000287511826,26.330310239870514,18.745758035473603,,,,1626903
2026-04-13,127.77899733,128.40653684,126.17528525,128.34677117,127.05572952498527,127.01791949675062,123.79501552873808,126.26936997654371,131.8544161487639,121.07185309479652,0,0,0,0,132.57015270479496,123.55897796761582,96.4053394975462,46.33177974435709,5,3,128.34677117,126.08887908939991,127.04577595887058,123.08255400725317,129.15910407375623,129.15910407375623,,,131.092061100473,124.32450024378,1,3,0,-2.660240802861251,0.13210553738542535,1.180358523603353,0,6.574742852473976,77.33977530439913,0,0.15431219469911506,129.15910407375623,124.32450024378,0,1,0,0,16,10,0,0,132,0,,4,,2.056844299083403,1.1723355777806859,6,5.563446559136047,0.26931251440562953,,,,,,0.948567268431464,19.048851853392552,19.841269841269842,-16.362814545886273,1,22.775577334370507,25.316107733768284,24.973452545012023,20.517394554338676,,,,2031794
2026-04-14,128.376654,129.61181114,127.51005182,129.15360768,127.75502224332351,128.48567072017744,124.30535763838206,126.38247733746357,131.8275424326568,120.95799360525427,0,0,0,0,132.5436374617307,123.88909370221496,93.95641704726668,62.782572318805094,5,4,129.15360768,125.65622279760001,126.84468900719048,124.1452490306104,130.22803846677846,130.22803846677846,129.85029502503104,130.60578190852587,132.11675567551546,125.65622279760001,1,0,0,-2.028358189278061,0.18529350345645695,1.2502565748369765,0,6.548425123836177,45.008057571277064,0,0.21452752528204294,130.22803846677846,125.65622279760001,0,1,0,0,16,8,0,0,132,0,,5,,2.4823480276516556,1.2418173347658255,7,2.919649093104872,2.035399822172433,,,,,,0.7036680720718163,19.05921878460556,20.238095238095237,-15.980981016472573,1,22.684410048089546,24.605839332143876,26.581669067538336,19.49812222033596,,,,1502086
2026-04-15,128.74520896,129.6715768,123.7746976,124.70106545,126.73703664554901,129.1571241972394,124.34304409663139,126.31653961638656,131.7566322139239,120.85696701677679,0,0,0,0,132.45024043520908,123.95725333514761,90.48572639023759,78.11971572044432,5,5,123.95725333514761,123.55384086066789,124.36066580962733,121.94019096274897,129.24841746724,126.08005646375658,,,128.50053131063495,118.116762225104,0,0,3.5,-5.3549993236532245,0,-0.01911306922039183,0,7.584721107229149,27.25012062116409,0,2.623203032536993,129.24841746724,118.116762225104,1,1,0,0,8,8,0,0,132,0,,6,,0.9214657206832231,-0.03882068384999411,8,2.2863851133526083,3.795443497744296,,,,,,1.0753567070927637,19.055714545940948,20.238095238095237,-27.473787320844146,0,26.27424463792191,23.159847237627645,23.112406806255365,25.22067152064529,,,,2332727
2026-04-16,124.47196372,125.8963788,124.25780341,124.72098734,126.065020210366,129.20613980716666,124.37903869123792,126.25396893888121,131.68662579726794,120.76508609253528,0,0,0,0,132.37475721341633,124.00689445008427,91.51558964516877,87.54235806928844,5,6,124.00689445008427,123.61766701494238,124.39612188522617,122.06075727437482,127.86334812369999,125.79969706501538,,,127.74583424072483,118.116762225104,0,3.5,3.5,-5.289556486921891,0,-0.0310285022678246,0,7.316892846049307,25.547076321186275,0,1.9815939604616366,127.86334812369999,118.116762225104,1,1,0,0,8,8,0,0,132,0,,7,,0.33403550282035466,-0.04910709429511212,9,3.1085009484654114,4.868851741625545,,,,,,0.8940881722438664,19.044745353739952,19.444444444444443,-24.86230775836388,0,25.346460325789284,21.817140292719714,22.243666175614624,24.272686212767344,,,,1931810
2026-04-17,120.32821077,122.86327117,120.07918715,120.63700005,124.25568015691067,128.38887233189695,124.02265405873908,126.03369564912117,131.5766792724195,120.65315377431824,0,0,0,0,132.1052859450826,123.55115820238332,32.182012146901094,89.73384538500795,4,0,120.21873999,119.81586986995754,120.62161011004247,118.20438938978765,126.2762513906,125.57083484358915,125.03279736439988,126.2762513906,127.88773187076988,118.14183921838655,0,0,7,-8.314299527023127,0,-1.1013418303146598,4,8.105126650420052,4.580318122278193,0,3.20644186515377,126.2762513906,118.14183921838655,1,1,0,0,10,8,0,0,20,0,,0,,-0.21026856216118617,-1.1171610658251487,0,-0.5538930664606898,7.299458243611035,,,,,,2.0100449640124434,18.883387717414774,19.444444444444443,-32.74424045368573,0,28.07698232061616,21.81099623841762,19.955383197171194,31.036490195709085,,,,4647993
2026-04-20,120.04930432,120.83621894,119.05320986,119.98953865,122.83363298794045,126.953718407416,123.63854782933535,125.79666988444976,131.46138434085316,120.51686549682493,0,0,0,0,131.90500895208558,123.23028405898373,42.13798475566528,79.5704362124038,4,1,114.75513233477542,114.71513015558888,115.53515914842573,113.15507652828828,118.14183921838655,125.33296420422556,124.66803712419988,126.11299101787587,127.67304464517647,118.14183921838655,0,3,3.5,-8.726399579901692,0,-1.1843696342589705,4,8.124526322514836,8.232098356473124,0,3.0730246960727685,118.14183921838655,118.14183921838655,1,1,0,0,10,8,0,0,20,0,,1,,-0.8082575674775814,-1.1982696655803307,0,-1.2145921951227603,4.6992112193338125,,,,,,1.4855157295525663,18.692905031712854,19.047619047619047,-33.58164326400445,0,28.14418475605284,22.06146155491696,19.140836348708007,32.11839863468586,,,,3402969
2026-04-21,118.20652957,120.55731249,117.54910722,119.51141331,121.72622642862696,125.21460302418527,123.24548739892246,125.55018923447133,131.34247915646657,120.354757720909,0,0,0,0,131.728763166538,122.9592089817989,29.09322674300141,77.54172432170682,4,2,114.75765451089119,114.72031612973454,115.53568307481646,113.16425900188398,118.14183921838655,125.7190408986873,125.33002661672465,126.10805518064994,127.6641123085005,118.14183921838655,0,3,2,-9.007798484123617,0,-1.214531872984945,4,8.123641664896278,9.586888649641438,0,3.895590486844082,118.14183921838655,118.14183921838655,1,1,0,0,10,8,0,0,1044,0,,0,,-0.9664138908128104,-1.219590496893308,0,-1.766168246400233,3.659567472799338,,,,,,1.2879200598201734,18.469285378402535,19.047619047619047,-34.369047006107245,0,28.141120212167547,22.653909917899515,17.81928266605572,33.353010117966434,,,,2969743
2026-04-22,119.9994996,121.05535972,119.01336608,120.98563311,121.47936198908464,123.5444178085658,123.03026318092985,125.37118703351167,131.23942596197435,120.1767209971132,0,0,0,0,131.59388369671714,122.83845725002449,57.86774731616714,85.39318004719368,5,0,120.21873999,119.83928035639184,120.59819962360817,118.32144182195917,125.63160842810001,125.43175014853222,125.05229051492405,125.81120978214038,127.32904831657305,118.14183921838655,0,1.5,0,-7.813043052280124,0.04245846108513021,-0.7263994145972518,0,8.206471534974273,41.42096734150822,0,3.842258983295857,125.63160842810001,118.14183921838655,1,1,0,0,8,8,0,0,1044,0,,1,,-1.3396676886810417,-0.7296644627618611,0,2.242923169139676,1.7632641057680376,,,,,,1.1373571958056192,18.209550495005313,17.46031746031746,-35.945132842367435,0,28.428051298886388,22.985307260028275,18.135000916104886,31.750481423597016,,,,2655214
2026-04-23,121.53348506,122.35526299,119.89989015,121.21473484,121.39115293938976,122.14281027569868,122.85735571988891,125.20818890827593,131.13967779160643,119.98562910231638,0,0,0,0,131.47942956401377,122.75477341688783,69.71668649621003,83.37086048734233,5,1,120.21873999,119.84446164414956,120.59301833585045,118.3473482607478,125.63160842810001,125.30665856404897,124.93238021819853,125.68093690989942,127.17805029330118,118.14183921838655,0,1.5,2,-7.568222767313883,0.06606222056697417,-0.6155594683496638,0,8.136965300448734,33.99103094063579,0,3.8286047937838306,125.63160842810001,118.14183921838655,1,1,0,0,8,13,0,0,1044,0,,2,,-1.5284977645357933,-0.609232598905447,0,1.7329211036336467,2.213758027043876,,,,,,0.9927619675500474,17.916264931857384,16.666666666666668,-36.43846323942128,0,28.187274639604322,22.729853888520154,20.17373709917571,29.890729407084404,,,,2358142
2026-04-24,120.46766399,121.48368034,119.36199914,120.98563311,121.2559796629265,121.02853287336623,122.67909642370901,125.04259848481412,131.0386425211427,119.78183999414811,0,0,0,0,131.37163187211755,122.67292478917508,83.87547446149844,62.0102988791958,5,2,120.3580936,119.99160583956746,120.72458136043255,118.52565479783725,125.63160842810001,125.17957754139223,124.81308978095969,125.54606530182478,127.01201634355499,118.17013567501952,0,1.5,0,-7.671789952739074,0.055510883567167685,-0.629808765443869,0,7.900709383454512,76.4964691186656,0,2.877866819822786,125.63160842810001,118.17013567501952,1,1,0,0,8,8,0,0,1044,0,,3,,-1.4440870685373415,-0.6192769304200988,0,4.962599338601327,-0.2546189000564174,,,,,,0.9252926677897864,17.574610896790528,16.26984126984127,-35.78610578048885,0,27.368860135958784,22.64726892084285,19.13096599703688,29.656130419728328,,,,2219532
2026-04-27,121.93192285,123.1968632,120.646961,123.02762675,121.84652869195101,120.42319850779867,122.71228978811767,124.96357998540965,130.95893092142984,119.58167197410528,0,0,0,0,131.25796697935715,122.69369489489245,91.66753998262524,47.11860073438412,5,3,122.69369489489245,122.33061784770507,123.05677194207982,120.87830965895559,126.2762513906,124.96357998540965,,,126.77896522134651,118.17013567501952,0,1.5,0,-6.056329351213406,0.010895975359602711,-0.04406875320311761,0,7.836158149759543,86.90245141218017,0,1.9734414628852672,126.2762513906,118.17013567501952,1,1,1,0,19,10,0,0,1044,0,,4,,-1.0871678028768217,-0.03518527423553286,1,6.703609925913356,-0.7411516466273849,,,,,,1.2089559117308846,17.126843481444883,15.873015873015873,-36.906660729631795,0,27.145248103056907,21.838023794642908,22.14430205519379,27.796523347675837,,,,2983961
2026-04-28,124.52176844,124.52176844,116.72234882,117.44949778,120.38085172130067,119.62749884856449,122.21107150163027,124.66891009500144,130.8245087011171,119.35446313776491,0,0,0,0,131.0493144571346,122.36923864382018,54.089690875951874,58.52085501239647,4,0,116.21883883581064,,,114.18493559797642,121.64684061344,117.54910722,117.14232657243315,117.95588786756684,119.58301045783422,112.65876797,0,0,5,-10.22362786140767,0.1513164120915257,-1.5196629389721459,4,9.150871287739509,13.313490442062793,0,2.4044109665745026,118.17013567501952,116.21883883581064,1,1,0,1,8,13,0,0,3094,0,,0,,-2.2105312967322055,-1.4982843889401936,0,0.6586052258297972,4.753833738231656,,,,,,1.3131099200523786,17.131800323751627,16.26984126984127,-45.95569526874935,0,31.699548007776134,22.177790822416636,18.353370203347616,31.65224451646717,,,,3360717
2026-04-29,117.32996644,117.9316075,113.70418261,114.94930068,118.57033470753377,118.54008926101037,121.51947428052263,124.28774894147197,130.66654643225027,119.09128389362634,0,0,1,0,130.85896913479453,122.0227329967474,76.07224514523442,22.38555739073891,4,1,114.79731428,114.38184452788435,115.21278403211564,112.71996551942179,118.17013567501952,120.60149481688443,120.18602506476878,121.01696456900007,122.67884357746263,118.17013567501952,0,12,2,-12.028515470407388,0.11396651165844662,-2.0415508060061875,4,8.929673129266307,43.629759754253186,0,1.6236182671997486,118.17013567501952,118.17013567501952,1,1,1,0,14,11,0,0,3094,0,,1,,-1.911732093267573,-2.0153246886461886,0,2.228035741439986,1.3612572278053579,,,,,,1.0370790569730355,18.43597094197534,21.03174603174603,-40.4008823613226,0,30.933295109743618,23.147938797409527,16.685991341874555,35.262811957882015,,,,2660939
2026-04-30,115.42742602,117.91766217,114.34168306,117.69852139,118.27973026835585,117.63767209418961,121.15557400523475,124.02934786102209,130.53751135720302,118.81634626164985,0,0,0,0,130.71191935026943,121.83797193012987,85.16796788465449,66.8860204923223,4,2,114.78989997965988,113.95445652733798,114.79731428,112.28356962269417,118.17013567501952,120.86140906409778,120.02596561177589,121.64684061344,123.31772751808381,118.17013567501952,0,8.5,0,-9.835479345144241,0.049541954674727634,-1.1165992998854366,4,8.899281176184122,61.163218740867165,0,1.3486792297612096,118.17013567501952,118.17013567501952,1,0,0,0,8,8,0,0,3094,0,,0,,-1.396335637397821,-1.1028908285196743,0,4.172373382288466,1.103645165798029,,,,,,0.9843387225844625,19.551637021409547,27.77777777777778,-36.57834450934361,0,30.82801429598443,24.04879048847435,15.410604593197416,32.56751371813572,,,,2543271
2026-05-01,117.81805273,118.55516263,114.41140968,114.91941785,117.1596261289039,116.67776087300042,120.56165437140287,123.67209570372711,130.38210744170846,118.51897239178551,0,0,0,0,130.58309120387355,121.62701494816626,60.82807928689111,35.51574909164158,4,3,114.21972856893183,113.70418261,114.79731428,112.0046535931879,118.1377902240243,120.84646887660247,119.99670436819642,120.98563311,122.6851621268121,118.1377902240243,0,0,3.5,-11.859518069702586,0.02339208637155532,-1.752316098688668,4,9.13868585353549,18.66176851938366,0,1.7688167208771768,118.1377902240243,118.1377902240243,1,1,0,0,8,8,0,0,3094,0,,1,,-1.1871366909724426,-1.7454547815450276,0,-0.29898292871164056,2.546020586831107,,,,,,0.7185409846221258,20.545009800089222,32.142857142857146,-35.10190015998809,0,31.657336425468834,24.59750531464286,15.40834152410844,29.731607633300307,,,,1872044
2026-05-04,114.53094101,116.46336426,114.34168306,114.39148779,116.23691334926926,115.7707362313528,119.9740194588883,123.30815029534565,130.22299679840788,118.2015605506998,0,0,0,0,130.46821664062975,121.43879395614194,50.00044169965183,40.44921624808503,4,4,113.70418261,113.2907055060972,114.11765971390281,111.63679709048596,118.1377902240243,114.79731428,,,116.86469979951404,112.6911655658809,0,0,6,-12.157229827014268,0.02134254823970755,-1.7290995917844694,4,8.795161505313867,10.307950969935831,0,2.144548064294484,118.1377902240243,113.70418261,1,1,0,0,8,8,0,0,3094,0,,2,,-1.1707403859176604,-1.7217022797227926,0,-0.1467390084844835,4.814166994807996,,,,,,0.6434430643995169,19.278292208313573,26.58730158730159,-36.724713984721156,0,30.46733317595517,25.1240132324196,14.702403563839287,28.520011547331578,,,,1639768
2026-05-05,115.64656681,116.91150716,114.93933974,115.9354342,116.13642029951284,115.11038123100302,119.58939229137513,123.01902417395955,130.08083199643366,117.87928166454721,0,0,0,0,130.3857523532016,121.32599977393856,73.22725686609122,72.00809506718237,4,5,114.89495678374999,114.08207038775191,114.93933974,112.45629759575576,118.1377902240243,119.86004637,119.45360317200097,120.26648956799905,121.8922623599952,113.70418261,0,8.5,2,-10.874313747333252,0,-1.151578132257559,4,8.936657671576997,65.14980065468971,0,1.3297608194860147,118.1377902240243,118.1377902240243,1,1,0,0,8,8,0,0,3094,0,,0,,-0.7595666706437308,-1.1414818005994742,0,4.8443560851476635,1.2368265765458355,,,,,,0.5351263272053965,12.208385406492491,5.555555555555555,-60.56403378174085,0,30.957490274043074,25.390982372534747,14.872958678828075,26.941180371392896,,,,1318976
2026-05-06,117.65867762,120.01942149,117.32498597,118.12684201,116.79989420300856,114.85147601436623,119.45010178838703,122.82717389301996,129.96188682243928,117.56864904314313,0,0,0,0,130.25520811805362,121.20627930142412,79.21968322399923,84.76272971259534,4,6,117.54910722,,,115.47972865384375,121.64684061344,119.86004637,119.44617065676876,120.27392208323126,121.92942493615625,113.70418261,0,6.5,4.5,-9.106550467837494,0,-0.4549970315772886,4,8.585925447921415,44.94229373941495,0,2.9747402725998913,118.1377902240243,118.1377902240243,1,1,0,0,8,8,0,0,3094,0,,1,,-0.6001801509479651,-0.44069113083700734,0,2.7751132321638403,2.4408991257108923,,,,,,1.024034248723595,11.641142095775226,4.761904761904762,-60.86026740252202,0,29.74251821159692,24.262431725023653,20.267315754365864,24.567550294068702,,,,2501930
2026-05-07,118.20652957,118.22645146,115.13855863,115.18836335,116.26271725200571,114.62400382988486,119.04422193711207,122.52761269525448,129.81488658888267,117.25345329284602,0,0,0,0,130.06792558810997,120.95137141276282,81.63144273241622,71.79134233169516,4,7,114.79731428,113.97354701203481,114.79731428,112.32601247610445,118.1377902240243,121.61335025383332,121.20146661985073,122.0252338878159,123.67276842374626,118.1377902240243,0,0,3.5,-11.26721566626187,0.028704917442174627,-1.2111673627751611,4,8.688537418837779,38.432502031006386,0,1.3517069986185715,118.1377902240243,118.1377902240243,1,1,0,0,8,8,0,0,3094,0,,2,,-1.229639339537397,-1.1947727219810529,0,2.6552613983822413,2.3591326013881755,,,,,,1.1943897221376845,12.190179082089204,5.9523809523809526,-59.49834341937274,0,30.097976505780764,23.8716765106266,18.910671767409234,27.662667974510015,,,,2957171
2026-05-08,115.18836335,115.72127389,113.00691649,113.28582294,115.27041914800381,114.2287475115593,118.49580298500616,122.16518956759744,129.6504182938689,116.92440911949409,0,0,0,0,129.91520657351734,120.71875553283324,65.90227381578946,49.05204520385614,4,8,113.00691649,112.60021778165903,113.41361519834096,110.97342294829512,118.08951194259122,114.88728533157897,,,116.5462126833639,110.89784235412101,0,0,5.5,-12.622092214755915,0.06972036591272984,-1.6150865678051016,4,8.757827373554493,10.41980735276875,0,2.499440174434976,118.08951194259122,113.70418261,1,1,1,0,8,8,0,0,3094,0,,0,,-1.5577629273018387,-1.5956147661635145,0,0.4492322981752803,5.256458159834701,,,,,,0.8726138413740292,13.390552500963738,9.920634920634921,-55.862117616212636,0,30.33800394982775,24.06878636174876,17.78377749482519,30.693997776431182,,,,2184834
2026-05-11,113.12644782,113.79383111,111.38328252,111.56257952,114.03447260533588,113.54725072948528,117.8354959883389,121.74940093827989,129.47043979860652,116.5754515517105,0,0,0,0,129.78847596963917,120.51126362296378,58.96075010165146,28.842564784486907,4,9,111.38328252,110.9841109641298,111.78245407587019,109.38742474064904,118.08951194259122,114.88728533157897,114.48811377570877,115.28645688744916,116.88314311092992,110.29406002493492,0,0,2,-13.831620798123884,0.1582072659471348,-1.9302040807738057,4,8.768797465739908,31.185020575808455,0,3.3600737948232244,118.08951194259122,110.29406002493492,1,1,1,0,8,7,0,0,3094,0,,1,,-2.2656581275770784,-1.9179661855196712,0,0.5477506767199412,1.2361396407086265,,,,,,0.671617835746862,16.8130079415273,16.26984126984127,-44.65036569236675,0,30.376005463885463,24.636344057387042,16.82490183063929,32.670726262120965,,,,1669415
2026-05-12,111.35339968,111.94109541,110.51668034,111.10437607,113.05777376022392,112.73099357856753,117.1944369484971,121.33194898266107,129.2876928958343,116.20934873063688,0,0,1,0,129.64745176807108,111.10437607,70.54240742135539,29.508172807127576,4,10,110.51668034,110.1333030464241,110.90005763357588,108.59979387212053,118.08951194259122,114.88728533157897,114.50390803800308,115.27066262515486,116.80417179945843,110.11592470040618,0,13,2,-14.064228712383638,0.03705270817687417,-1.8667687033573794,4,8.664460915885074,46.477424151459395,0,3.950589526028939,118.08951194259122,110.11592470040618,1,1,0,0,8,8,0,0,3094,0,,2,,-1.2964216654149934,-1.85981168120342,0,2.4730342388178572,1.2000294049959939,,,,,,0.7347181146450594,20.889313543658876,34.12698412698413,-30.402762995290324,0,30.014573053015432,25.35988194699725,16.266759850504158,33.60517367753553,,,,1838624
2026-05-13,110.84539151,111.67214991,108.53943283,108.58425708,111.56660153348261,111.67989141896496,116.37441981816404,120.8320394962822,129.08168855935835,115.8162519800803,0,0,0,0,129.47700752050682,109.79535806483227,56.487304707434404,15.332079961561456,4,11,108.53943283,108.1554689406081,108.92339671939189,106.6196133830405,116.61191182654,114.88728533157897,114.50332144218707,115.27124922097086,116.80710477853846,108.92247472890371,0,0,0,-15.879426205315394,0.03979188174108167,-2.3785675979227974,4,8.337742852064055,15.65778277832132,0,4.204811556276688,116.61191182654,108.92247472890371,1,1,1,0,8,11,0,0,3094,0,,3,,-1.3183350539286534,-2.3671568907741825,0,0.03325894130193596,3.4712709405334583,,,,,,0.7996390012628477,27.380163888832616,49.20634920634921,-5.202491416725353,1,28.88278848043836,26.453165046247534,15.081772197744144,35.75495846194848,,,,1987276
2026-05-14,109.63015627,110.26765672,108.6539837,109.0125777,110.71526025565507,110.59461200759092,115.67329199738651,120.36853119054565,128.8819959139916,115.4069029574212,0,0,0,0,129.31488084062045,109.53008541470192,49.05485157900321,23.63733228595903,4,12,108.53943283,108.16786457877895,108.91100108122104,106.68159157389475,116.61191182654,114.88889195750001,114.51732370627896,115.26046020872106,116.74673321360525,108.15452969014027,0,0,3.5,-15.416752412223122,0.09416307651598976,-2.028313251183865,4,8.379844418628169,29.81200905174204,0,4.345085442586757,116.61191182654,108.15452969014027,1,1,0,0,10,11,0,0,3094,0,,4,,-1.753304612127918,-2.0124068850129855,0,-0.0110584459890406,0.9395468134010831,,,,,,0.7886581929156956,27.24642507902636,48.80952380952381,-6.139481427233612,1,29.028632585172936,27.468356495551376,14.471697539165936,34.30863015316964,,,,1961143
2026-05-15,108.47468669,109.86423847,107.61804546,107.69773302,109.70941784377004,109.46057097015198,114.91371495192114,119.87163714464191,128.67120722847926,114.9779486199742,0,0,0,0,129.11553992248855,109.00831164003016,52.179121268074475,17.671982837546174,4,13,107.61804546,107.25296250341974,107.98312841658027,105.7926306770987,116.61191182654,114.79731428,114.43223132341973,115.16239723658026,116.6227290629013,106.92234304667969,0,0,2,-16.300052405070716,0.05892284144952023,-2.1977877611028536,4,7.930009298452857,34.97299080150905,0,4.927026148131213,116.61191182654,106.92234304667969,1,1,1,0,8,11,0,0,3094,0,,5,,-1.4713827315961618,-2.176725222558881,0,0.7239154500567704,0.9873561506704631,,,,,,0.9723497759024684,27.542768902474545,50,0.2635964321868829,2,27.47035801882795,28.631814143961492,13.676716140579082,34.95745575101119,,,,2303965
2026-05-18,107.8272253,108.86316353,107.36404137,107.87703002,109.09862190251336,108.3933928812892,114.24355448221436,119.40126039465595,128.46429999257398,114.53405277599664,0,0,1,0,128.91826357410503,108.75431875047693,49.67862576681599,24.55547444184718,4,14,107.36404137,107.01165074817547,107.71643199182452,105.60208826087735,115.88551990426,115.88551990426,115.18073866061094,115.88551990426,117.29508239155811,105.90385785700374,0,11.5,2,-16.02567403844029,0.039582899845415354,-1.9228053790848283,4,7.963869948343152,34.30039319267775,0,4.836382131930417,115.88551990426,105.90385785700374,1,1,0,0,10,8,0,0,3094,0,,6,,-1.3166631987633228,-1.9078695379781039,0,0.2893401852171644,0.6680295569468198,,,,,,1.0112465630729113,26.91406143042963,47.22222222222222,-2.441647637167528,1,27.587654750802535,29.76667857543149,13.157226977220905,34.27322399680913,,,,2342511
2026-05-19,107.21960767,107.56824074,105.77527071,105.92468488,108.0406428950089,107.26762762135888,113.45128118676537,118.87276723721845,128.24002521533444,114.06851845996826,0,0,0,0,128.75582583809884,108.33910477397147,65.10734830222788,14.359213761713425,4,15,105.77527071,105.42928513875222,106.12125628124778,104.04534285376111,114.90365963638,114.79731428,,,116.52724213623888,104.62334838142496,0,0,2,-17.401228904831857,0.1264311006533263,-2.2789999342548497,4,8.065777354856372,50.497150541648416,0,5.276745439677716,114.90365963638,104.62334838142496,1,1,1,0,8,15,0,0,3094,0,,7,,-2.0114488052266104,-2.2549991217283187,0,2.3335229372638233,0.7086545995984549,,,,,,0.7947426337839069,26.95416913671604,47.22222222222222,-3.5307068233423724,1,27.940672362299484,31.15235385773431,12.443599873355108,36.514311425165204,,,,1794279
2026-05-20,105.84499732,107.89695191,104.87878569,107.79734246,107.95954275000594,106.39784009523596,112.91281083183533,118.43843685379812,128.0366154366744,113.59750134167341,0,0,1,0,128.61339230836722,107.79734246,76.94357239774601,31.408490143209654,4,16,104.87878569,104.53056546116278,105.22700591883722,103.1376845458139,114.90365963638,114.79731428,114.44909405116277,115.14553450883722,116.5384154241861,104.87878569,0,10.5,0,-15.807410175321712,0.12667821820119213,-1.5168218432360479,4,8.207060494962173,69.87933195384316,0,5.757778047447228,114.90365963638,104.87878569,1,1,0,0,8,15,0,0,3094,0,,8,,-2.013425745609537,-1.4985839306917081,0,3.197924092478879,-0.8993229209105381,,,,,,0.7857308800019025,27.46394757762828,49.6031746031746,-3.398314556797092,1,28.430091516131718,32.614883907260314,11.480620083484803,35.987198388553274,,,,1737895
2026-05-21,106.38288833,108.98269487,105.84499732,108.2754678,108.06485110000396,105.90104682291992,112.47115911451768,118.03988904776682,127.83998710198112,113.12748016380152,0,0,0,0,128.49109503563884,108.0225153377392,83.57914954546814,51.27324572461929,4,17,108.0225153377392,107.67115282569392,108.37387784978446,106.26570277751281,114.90365963638,114.79731428,114.44595176795472,115.14867679204526,116.55412684022637,104.87878569,0,8,0,-15.303912136954473,0.0424693914743384,-1.2247438925065357,4,8.235751957653713,56.46204569869266,0,3.91683464384733,114.90365963638,104.87878569,1,1,1,0,14,15,0,0,3094,0,,9,,-1.3397551317947072,-1.2071796952129414,0,3.401752198920949,1.0680238029830642,,,,,,0.7125051191370337,27.509049363113913,49.6031746031746,-3.576764231075423,1,28.52948165838215,33.329530406021775,13.324248712962488,33.11783422089594,,,,1547037
2026-05-22,108.82331976,110.39704939,108.20574119,109.84929705,108.65966641666931,105.90737698147143,112.221457965516,117.71868936157989,127.66097526066788,112.67189045785176,0,0,0,0,128.38014275924616,108.60568056745835,71.00900144295726,72.54022761878295,4,18,107.65788924,107.31205879845795,108.00371968154205,105.92873703228979,114.90365963638,114.79731428,114.45148383845795,115.14314472154204,116.52646648771021,104.87878569,0,2.5,0,-13.952328167866993,0,-0.6467859747697249,4,8.471804206646194,29.92186680918442,0,5.736064497835244,114.90365963638,104.87878569,1,1,0,0,8,8,0,0,3094,0,,10,,-0.6214255782492948,-0.6355113552223988,0,0.8944202789819449,1.9311761812881123,,,,,,0.7207166194082184,27.071457720105997,46.82539682539682,-7.754517096859101,1,29.3471906353739,33.20943962355774,16.22198163179193,31.244202847555425,,,,1540393
2026-05-26,110.67605545,111.32849732,109.83435563,110.69597734,109.33843672444621,106.38545618263463,112.07617409641924,117.44328889014538,127.4921693112085,112.2400605006242,0,0,0,0,128.25399583765605,109.18712135265254,71.23557617823457,71.3762529503415,4,19,107.65788924,107.32342042205025,107.99235805794976,105.98554515025123,114.90365963638,114.90365963638,114.56919081843024,115.23812845432975,116.57600372612876,104.87878569,0,1.5,6,-13.174293026741887,0,-0.3308280881556717,4,8.275717995474883,47.08078861978167,0,5.994504365358235,114.90365963638,104.87878569,1,1,0,0,8,8,0,0,3094,0,,11,,-0.07872774262809745,-0.32166958606088286,0,1.6639156098044126,0.9632358857524062,,,,,,0.8935011374012031,26.094736604009306,43.25396825396825,-8.975854354902783,1,28.66792807454912,32.61141501994662,18.061434921272856,29.998003342441855,,,,1859449
2026-05-27,111.89129069,112.30965037,109.33132793,109.67000005,109.44895783296414,106.9988075992225,111.84701466342693,117.13845403366909,127.31483429368404,111.8279008801023,0,0,0,0,128.13467631532012,109.28430967107998,60.46721093411138,80.59058807408088,4,20,109.28430967107998,108.94713931834093,109.62148002381903,107.5984579073847,114.90365963638,114.90365963638,114.56648928364095,115.24082998911905,116.58951140007528,104.87878569,0,0,3.5,-13.859213140066418,0,-0.5787804825473697,4,7.083955463974948,22.173445999291683,0,5.9464741576128235,114.90365963638,104.87878569,1,1,0,0,8,8,0,0,3094,0,,0,,-0.20211352275917766,-0.568061986467227,0,0.4239382425703284,2.7209798140243215,,,,,,0.84338403547744,24.516302697035012,39.682539682539684,-0.09469967979480023,1,24.539541564319535,31.561777987937667,19.235134965185395,27.63210184084525,,,,1684465
2026-05-28,109.4,110.275,108.5,109.25,109.38263855530943,107.60339363994846,111.59967993357675,116.82910289509384,127.13508469872201,111.43490423706095,0,0,0,0,127.97775812545122,109.27717257025579,56.08026076901193,81.94849632493222,4,21,107.65788924,107.32895426959945,107.98682421040056,106.01321438799724,114.90365963638,114.90365963638,114.57472466597945,115.23259460678055,116.54833448838276,104.87878569,0,2.5,2,-14.067780535251254,0,-0.630955041021705,4,6.825227870835065,27.76751231150376,0,6.095353093149345,114.90365963638,104.87878569,1,1,0,0,8,8,0,0,3094,0,,1,,0.2556589169573315,-0.6187865791354425,0,0.5303444487400708,1.9633337247306315,,,,,,1.113525783548317,25.324297377650662,41.26984126984127,7.109903029771446,2,23.643282891042965,30.869419025741742,18.308378711900197,28.55732304444105,,,,2198250
2026-05-29,109.68,110.63,108.8,109.54,109.43509237020629,108.15869274064976,111.40351993990278,116.54325572273721,126.96000922908298,111.06400018461915,0,0,0,0,127.78650963825451,109.33180295926378,73.31061343107717,85.87822683566344,4,22,109.33180295926378,,,107.72290845383264,114.90365963638,109.54,109.81083832477583,110.4543961269483,113.20423120868982,104.87878569,2,4,3.5,-13.720863234698427,0,-0.4731095692254571,4,6.280151824393572,44.593245948194976,0,1.2720852054711567,114.90365963638,104.87878569,1,1,0,0,8,8,0,0,3094,0,,2,,0.2239472127845462,-0.4622364612224495,0,3.451776211278812,2.7214217325708656,,,,,,1.3964854422462678,26.04140976433052,43.65079365079365,19.70263902788207,2,21.755084078192088,30.03793990911681,18.363753551316464,27.107239589984722,,,,2772883
2026-06-01,108,109.14,106.74,108.33,109.06672824680419,108.51904091957056,111.11080375515013,116.22116726302202,126.77463600292296,110.7074353289442,0,0,0,0,127.62161730704446,109.185306449844,45.88116809455799,88.54743111760617,4,23,104.87878568999999,104.55499099613421,105.20258038386577,103.25981222067108,112.30965037,110.14424061769232,109.82044592382654,110.4680353115581,111.76321408702123,104.87878569,0,3.5,2,-14.549153193780572,0,-0.7612548349231555,4,5.968179034801776,12.213246830450728,0,3.2523417013590357,112.30965037,104.87878569,1,1,0,0,10,8,0,0,3094,0,,3,,0.246763954789677,-0.7483479746275508,0,-1.5413832841624044,2.940503653342157,,,,,,1.1389018227125465,26.70663740692838,46.03174603174603,29.1774610490715,3,20.674378633888114,29.95376136081725,16.94589881965982,30.694712598475697,,,,2284933
2026-06-02,108.75,110.61,108.71,110.29,109.47448549786947,108.94876424732163,111.03263196894535,115.98857246839371,126.61060977403815,110.37595740480782,0,0,0,0,127.51052799492398,109.29595398532251,53.77378536881731,87.80163044564974,4,24,109.69119903152072,,,108.08608081000102,112.30965037,110.39704939,110.07602574569607,110.71807303430394,112.00216761151971,104.87878569,0,1.5,0,-12.8903966288177,0,-0.10939933146980962,4,6.3168967692518985,40.761291566282225,0,3.4379172985622155,112.30965037,104.87878569,1,1,0,1,8,19,0,0,3094,0,,4,,0.6404247591990596,-0.09984266249429141,0,1.0738833702587893,2.3612054975529864,,,,,,0.8647709518478279,27.332376669224743,49.6031746031746,24.90591190583917,3,21.882372301023963,29.10300438526063,19.959788712360222,28.7482620475172,,,,1739257
2026-06-03,110.22,111.05,108.72,109.69,109.5463236652463,109.33875967144547,110.90476225761722,115.74156962649592,126.44224549767956,110.06390974798705,0,0,0,0,127.38302990007774,109.33583563262961,49.09253743181205,84.99467762827429,4,25,109.33583563262961,,,107.74135085550417,112.30965037,110.14424061769232,109.82534366226723,110.46313757311741,111.73872539481776,104.87878569,0,4,3.5,-13.248930712786969,0,-0.2565000789970387,4,6.1170607592480275,26.699921105919724,0,3.3022923788491356,112.30965037,104.87878569,1,1,0,0,10,8,0,0,3094,0,,5,,0.9520338075854767,-0.24624497905323975,0,0.14068476379596095,1.8588241609647942,,,,,,0.9570884225468853,27.92306725057967,54.36507936507937,31.773992675724266,3,21.19012005600687,28.09088957179059,19.88961636690835,26.872839555146292,,,,1955384
2026-06-04,111.31,111.55,109.305,110.18,109.7575491101642,109.69026168557016,110.8357372807013,115.52346885682941,126.28043210964296,109.77227191696173,0,0,0,0,127.2789562931605,109.4027578567227,69.74514144495413,73.02567534244197,5,0,109.72171442334935,,,108.14089820173288,112.30965037,110.39704939,110.08088614567671,110.7132126343233,111.97786561161648,106.74,0,1.5,5,-12.7497442324744,0,-0.07553115771911097,0,5.745323782736685,56.114116564619515,0,2.313393131973604,112.30965037,106.74,1,1,0,1,8,14,0,0,2070,0,,6,,0.6282396191456259,-0.06581342664661054,0,2.739628544597381,0.8495934205094966,,,,,,0.8312737289054777,28.486946229528627,55.55555555555556,43.13332630119005,3,19.9023853952675,26.894663554022348,20.040640610382667,25.169110607800985,,,,1663489
2026-06-05,110.4,111.34,109.285,109.94,109.8183660734428,109.94916636500174,110.75042896825356,115.3045092938165,126.1178407453679,109.49747670701574,0,0,0,0,127.15540626552963,109.44893939089711,79.96803127965231,78.28579369297557,5,1,109.58638595747531,109.27445758774654,109.89831432720409,108.02674410883144,112.30965037,112.42211832148475,,,113.98176017012862,106.74,0,4,3.5,-12.827559249155703,0,-0.12118009975755258,6,5.272622914678788,42.530424453067155,0,1.7460831888376085,112.30965037,106.74,1,1,0,0,8,8,0,0,2070,0,,7,,0.4668194596366542,-0.11233822840013426,0,2.7081605272643223,2.4164298283309673,,,,,,1.0109803929203052,29.026825940171065,56.74603174603175,58.92133802725324,3,18.264901554751123,25.79239070654828,18.861812379202483,23.745863686266894,,,,1973376
2026-06-08,109.34,111.1,109.17,109.52,109.71891071562854,110.03824140678914,110.63324525699132,115.0776657920982,125.95268810113538,109.23421689203973,0,0,0,0,127.05019504696268,109.45373699922929,78.70332593148112,87.4338902169491,5,2,108.75432986646115,,,107.27248034100741,111.84503634569282,109.6173242625,109.31044434775185,109.92420417724816,111.15172383624075,106.74,0,0,3.5,-13.046714880702298,0,-0.21495940185509912,6,5.05802426391275,17.65206120617073,0,1.875211849469774,111.84503634569282,106.74,1,1,0,1,8,14,0,0,2070,0,,8,,0.029905138744607946,-0.20534283080938004,0,1.3943280813022714,4.705110383055205,,,,,,0.8630825169334789,33.24169670466064,63.492063492063494,89.71936016286753,3,17.521510022026106,24.82103366061952,17.802670252778896,22.747057543704663,,,,1662131
2026-06-09,110.72,111.84,109.58,110.87,110.10260714375237,110.16909940343676,110.65579332775405,114.9126592904473,125.80261160261662,108.98924016151138,0,0,0,0,126.92214534723666,109.5710031974588,86.91730405026723,87.84196641454676,5,3,108.5,108.19432579344814,108.80567420655186,106.97162896724073,111.70214821055767,112.03697990923337,111.73130570268151,112.34265411578522,113.56535094199263,106.74,0,0,4.5,-11.869874092745803,0,0.21328603382838124,6,5.027143156474423,47.296864594751945,0,3.46576832176045,111.70214821055767,106.74,1,1,0,0,8,8,0,0,2070,0,,9,,0.14157623640421446,0.22226627636580198,1,3.7132363091148397,2.9384327528697867,,,,,,1.1377048637365275,39.37073186542763,76.98412698412699,126.07972294783873,3,17.414534727871757,23.48561586040199,18.75775472298752,21.205582865697544,,,,2222461
2026-06-10,110.4,110.47,107.13,107.13,109.11173809583491,109.94295747316536,110.32000348701557,114.6074569653317,125.61681447224232,108.73794951600618,0,0,0,0,126.80337232675917,109.42597882579167,67.98793905775847,92.3519596429023,4,0,106.54646590995776,106.22923271815961,106.86369910175591,104.96029995096701,111.4997310614877,107.13,111.66245005251164,112.29691643610795,112.85840101828848,106.74,2,0,0,-14.716831142320824,0,-0.8781528191242297,6,6.064833278542487,14.627386506416066,0,0.06808182575816314,111.4997310614877,106.74,1,0,0,0,8,8,0,0,2070,0,,10,,-0.4489625530483582,-0.8638888789827551,0,0.38978468225597274,4.39291483419604,,,,,,0.871101041178106,46.16254866598627,87.3015873015873,119.72541267607137,3,21.00919875574023,23.329633337235215,16.78326075457569,25.868982027523145,,,,1695424
2026-06-11,107.69,109.57,106.54,109.05,109.0911587305566,109.69974107247444,110.19905077396646,114.38951747649517,125.4519705471454,108.49306783678493,0,0,0,0,126.71428540433635,109.4080987873472,78.04565914817181,90.29726355610406,5,0,108.5,,,106.89186375236574,111.51550822679938,109.6113762423077,109.28974899278084,109.93300349183455,111.21951248994196,106.74,0,6.5,0,-13.074302839253898,0,-0.21615074916093305,6,5.937598459376349,36.886832286594164,0,1.785530452741053,111.51550822679938,106.74,1,1,0,0,8,8,0,0,22,0,,11,,0.06487031295947235,-0.20669772363635433,0,2.419675331861595,2.9374718327210356,,,,,,0.7428174981157911,49.84370101776817,91.26984126984127,142.33092214725377,3,20.56844441316505,23.410994786907352,15.371542237888427,25.330897524313556,,,,1424857
2026-06-12,110.1,110.41,108.8,110.08,109.42077248703774,109.5804806299788,110.18771260501728,114.22051679114242,125.29901561632802,108.26142847979902,0,0,0,0,126.63097706322904,109.4386905469273,88.36393953978086,80.34708565115778,5,1,109.7989969782255,109.48596810366486,110.11202585278615,108.23385260542227,111.61061593647209,111.57797658606404,,,113.14312095886727,106.5551373255281,0,6.5,0,-12.146157367213023,0,0.12369759935402688,6,5.998338400110312,74.77111944547495,0,1.1574772204572454,111.61061593647209,106.5551373255281,1,1,1,0,19,8,0,0,22,0,,12,,0.22641464787088963,0.12765250578830395,0,5.50460831071365,1.4050273523104073,,,,,,0.7555748527318591,55.07911171205474,98.01587301587301,165.07290729959036,3,20.778853739964944,22.9698860931162,17.06159105869732,24.167644925258333,,,,1429233
2026-06-15,111.61,112.52,110.73,110.97,109.93718165802515,109.65313982186667,110.2622161664442,114.09304554443095,125.15643834651381,108.04796839506275,0,0,0,0,126.56336711395937,109.49676143658297,93.31744980616449,75.53448525645815,5,2,109.80793096124947,109.49547557772887,110.12038634477007,108.24565404364647,111.81765917744531,111.9121140245858,,,113.4743909421888,106.67532078255488,0,0,6.5,-11.334964891887218,0,0.3881512060756065,6,5.890185053969767,72.26989266939765,0,1.286409722598579,111.81765917744531,106.67532078255488,1,1,0,0,8,8,0,0,30,0,,0,,0.6922632123313208,0.3906168805372181,1,5.136883017111611,1.4258863428054847,,,,,,0.6731072403332644,58.51776698199275,98.41269841269842,186.79275956414395,3,20.40419955891693,21.42270745477879,21.901416848622894,22.482574239748587,,,,1237341
2026-06-16,111.75,113.06,111.6373,112.03,110.63478777201676,109.99079351136015,110.43057653154476,114.01214179759052,125.02582701968282,107.85843592370101,0,0,0,0,126.48378736367694,109.61362753578376,96.41659884069341,79.65715833944697,5,3,112.03,111.53120214387373,112.14879785612628,109.16691715098982,114.90365963638,112.66155026655575,,,114.20553954718712,106.69498264156921,1,4,9,-10.394513941217031,0,0.6755977272960246,6,5.9443595291332105,77.06582672790415,0,1.0036941953578014,112.21329431643095,106.69498264156921,1,1,1,0,19,8,0,0,30,0,,0,,0.48285517630042873,0.6729833471387462,2,6.850620654237933,2.4392491487287384,,,,,,0.876675900129273,60.57798330946604,98.80952380952381,194.18404791360925,3,20.591865445829853,20.060145160663456,22.139264273471422,21.123947921683246,,,,1578042
2026-06-17,111.88,113.0761,109.82,110.29,110.51985851467785,110.25892693904328,110.41718829044525,113.86617545258697,124.87920187520837,107.68094295932558,0,0,0,0,126.36747152121823,109.6524861134652,97.57690455715237,70.81879570408304,5,4,109.83188860384674,109.5160754160152,110.14770179167827,108.25282266468903,111.84,111.72470796324565,,,113.30377390240335,107.42058152234817,0,0,5.5,-11.682651439258342,0,0.11758241441290611,6,5.856511721672328,78.48479049532172,0,1.2717083855436884,111.84,107.42058152234817,1,1,0,0,8,8,0,0,30,0,,0,,0.23368403310561411,0.11908671779605752,0,5.562184716118416,0.9016237241643748,,,,,,1.1490289666497635,61.06385074939141,99.2063492063492,200.99171950303148,3,20.2875517141183,19.3052401763304,20.101224597009974,24.317187218683863,,,,2084987
2026-06-18,111.57,112.7399,110.7501,111.42,110.8199056764519,110.55806008072985,110.5126941675457,113.77024700346591,124.74527946848987,107.52138094272202,0,0,0,0,126.16865595771219,109.8245149370923,99.85094224026778,81.32486371970963,5,5,109.95217389564732,109.63704468551803,110.2673031057766,108.3765278450009,111.84,112.14954306667111,,,113.72518911731754,107.65192045321625,0,4.5,9,-10.681990954099211,0,0.452251966678752,6,5.69629055684514,86.20467545140984,0,1.1981282874908241,111.84,107.65192045321625,1,1,0,0,8,8,0,0,26,0,,0,,0.3697654953972883,0.4476537383040575,1,8.426133193758115,2.2116783575262393,,,,,,2.0345074653591846,59.913516158353616,98.80952380952381,203.62816237099173,3,19.732529318261186,18.60425697659256,18.705935533335936,22.62925496252716,,,,3913009
2026-06-22,111.3,112.19,110.5,111.77,111.13660378430126,110.89261714479997,110.6324375801604,113.69180594450647,124.61617221009693,107.38104643782412,0,0,0,0,126.04983874249739,109.93616817277575,99.03240390598839,77.13314758330068,5,6,109.96935131652171,109.66164204997308,110.27706058307034,108.43080498377859,111.84,112.03155992543982,,,113.57010625818295,107.80082038741354,0,4,0,-10.308591559399613,0,0.5239140354458867,6,5.6911537923944975,77.33443845120374,0,1.2158546308729317,111.84,107.80082038741354,1,1,0,0,8,8,0,0,26,0,,1,,0.4964439507295371,0.5190265688174829,2,6.45773646579547,1.9527134066829097,,,,,,1.2435968603414653,57.71694475091014,98.41269841269842,192.76043843053876,3,19.714735044231134,18.070533449787764,17.78864367215335,22.245270029191573,,,,2447847
2026-06-23,110.08,112.08,109.05,110.4,110.89106918953418,111.08936064688051,110.61030066776416,113.56271551531013,124.47471776024523,107.25053561701432,0,0,0,0,125.95838177252634,109.95438602541456,97.97802649221974,85.99784023195738,5,7,109.97215406308153,109.65937045842924,110.28493766773383,108.40823603982007,112.28732364631765,112.05987094480021,,,113.62378896806167,107.82427409268251,0,4,3.5,-11.307290358637317,0,0.08897432468890182,6,5.684744025554846,43.214910006935725,0,1.4803650503419317,112.28732364631765,107.82427409268251,1,1,0,0,8,8,0,0,26,0,,2,,0.28867578704420666,0.09009196866852907,0,4.350239222389432,4.13782485554805,,,,,,0.8813271931437493,54.987861942003406,97.61904761904762,179.23207053530464,3,19.69253096056924,18.22031639018836,16.250051702996316,24.460312138673146,,,,1743730
2026-06-24,111.25,113.74,110.7001,112.04,111.27404612635613,111.36858498985282,110.74646250892948,113.5030011813764,124.35098922531742,107.13944319416782,0,0,0,0,125.88159514831533,110.0293521638411,97.9850467018628,90.56263806275408,5,8,109.98368731514715,109.66342396797002,110.30395066232428,108.3823705792615,112.50356379934934,113.27411992958335,112.95385658240622,113.59438327676048,114.875436665469,107.74243620565085,0,2.5,5.5,-9.900194041086841,0,0.5699323002210571,6,5.823837240335967,47.83648664057793,0,1.5736277700292116,112.50356379934934,107.74243620565085,1,1,0,0,8,8,0,0,10,0,,0,,0.34723809305024667,0.5705895220558898,1,4.933707528933542,4.212129485391954,,,,,,0.8409617546749282,51.227043824484056,94.44444444444444,153.9214809868935,3,20.174363990547224,17.403314504453686,19.364810571884973,22.18268200176319,,,,1655281
2026-06-25,115.05,119.57,114.63,117,113.18269741757075,112.21217985818139,111.34203750807906,113.64013838994988,124.27784505392123,107.07612341576208,0,0,0,1,125.81186749423689,110.3711053672284,99.29592097849076,67.43115244494604,5,9,117,113.00326748364938,113.73250655697834,111.54478933699147,117.60507044122204,117.81805273,117.45343319333553,118.18267226666448,119.64115041332239,106.67539735325204,1,4.5,10.5,-5.856108183050278,0.15928292094108,1.9559807685742872,6,7.1125424221476585,81.34989626153858,0,0.1109160541360919,,117.60507044122204,0,1,0,0,16,8,0,0,42,0,,0,,2.27426336752864,1.940899878119729,2,6.348625566812345,1.220334504739129,,,,,,1.185423358637686,43.888139872784734,82.14285714285714,78.12779078042436,3,24.638569692297498,17.936617724132674,30.07026938463803,18.092420522797273,,,,2374171
2026-06-26,117.36,117.8,115.75,116.45,114.2717982783805,113.2960564609117,111.82851012635724,113.75032904132439,124.19995604840958,107.052476997462,0,0,0,0,125.73187789663785,110.68154864900335,99.13024928988851,51.42205561769363,5,10,112.93794490220844,112.58106604673429,113.2948237576826,111.15355062483766,115.41318480506143,119.38414790402145,119.0272690485473,119.7410267594956,121.16854218139223,117.59357720300092,0,2.5,5.5,-6.239902408169019,0.08533376867518228,1.6024931382984666,0,7.122206779211738,93.36491545508107,0,1.3871597405592107,113.0761,117.59357720300092,1,0,0,0,10,8,1,0,42,0,,1,,1.6826701494014582,1.5962033214421842,3,7.175314548052066,-1.2980988775340856,,,,,,1.2881224708514092,42.32914239851645,78.96825396825396,71.56720182346544,3,24.672048007212442,18.431827856691733,28.528028046672404,17.16449804637375,,,,2606127
2026-06-29,116.12,117.67,115.655,116.73,115.09119885225367,114.47468614716236,112.2953186857518,113.86717888284109,124.12562812752988,107.06646348779456,0,0,0,0,125.67432260850397,110.90556424972773,99.0570737697374,38.479862238787476,5,11,116.73,112.4627507767721,113.16150793693838,111.13994271866967,,119.22014798300017,118.87076940291703,119.56952656308331,120.9670408834159,112.90750625801999,1,2.5,5.5,-5.95817982079528,0.06239126261996375,1.526975719915985,0,7.122448919473593,89.41081805009034,0,0,,117.59357720300092,0,1,0,0,10,10,0,0,42,0,,2,,1.49913010095971,1.5243776858207756,4,5.855311601035044,-1.176851737174719,,,,,,0.9899364545426622,40.56789519803368,76.98412698412699,64.42297781176889,3,24.672886805684623,18.841980664565437,27.058991821893457,16.523398979100783,,,,1962738
2026-06-30,117.58,118.775,116.49,118.21,116.13079923483578,115.7164658008658,112.85862166806115,114.03748559331791,124.06676615611167,107.12131602510904,0,0,0,0,125.63097571597321,111.1446281176961,99.23110628569358,43.048158167042345,5,12,118.21,114.45248952706565,115.14213903293434,113.07319051532825,,119.05859201730905,118.88530458970021,119.74824152317775,121.12754053491516,114.34963189402,1,2.5,0,-4.720656737955255,0.07531741863402708,1.7983980929351817,0,7.015910133880422,87.24555204652717,0,0,,117.59357720300092,0,1,0,0,10,10,0,0,42,0,,3,,1.6025393490722166,1.792249857123886,5,6.574841321688183,0.12278112428435989,,,,,,0.9157403519473317,39.19943113588488,75,61.289139160238484,3,24.303825626436506,19.576116026193603,28.319212807667636,15.54578109530738,,,,1793111
2026-07-01,119.06,120.32,117.22,117.27,116.51053282322385,116.74863939393938,113.27875293776961,114.16425086416818,123.9991366421205,107.20555272766839,0,0,0,0,125.5815760400885,111.34315706344941,98.0013631811447,68.20934620554533,5,13,114.31147491436163,113.96360192949402,114.65934789922923,112.57210999002358,117.59357720300092,118.51632966068044,118.16845667581283,118.86420264554805,120.25569458501849,114.34963189402,0,0,5,-5.426760882651767,0.021305214672533324,1.359882019692262,0,6.96696666055311,46.02178544062407,0,1.886954395086682,117.59357720300092,117.59357720300092,1,1,0,0,8,8,0,0,42,0,,4,,1.1704417173802666,1.3671562415085066,6,4.283831107421012,3.7767354601600953,,,,,,0.9349383357643498,37.673938405888954,73.41269841269842,56.101353284978586,3,24.134280461432915,20.710593557092082,30.03141512611731,14.308878457917604,,,,1835187
2026-07-02,118.01,118.866,117.05,118.12,117.04702188214924,117.69055411255411,113.73982408655345,114.31937828125963,123.94063777005961,107.31970664751087,0,0,0,0,125.5436285804205,111.52800209096033,98.49698337963876,74.98068033656958,5,14,118.12,114.09128698770924,114.76976538817765,112.7343301867724,,118.8904990442329,118.4460629886002,119.56897744470132,120.92593424563816,114.34963189402,1,2.5,3.5,-4.696310971755947,0.09170416494476605,1.468526723707025,0,6.9190044506341515,72.02888669514788,0,0,,117.598815240782,0,1,0,0,8,8,1,0,42,0,,5,,1.7336333195581284,1.4787888278172694,7,5.866901244716816,2.249514345505559,,,,,,0.8165232430939112,35.973408927264074,71.42857142857143,50.088480763448764,3,23.968134492587073,21.662576393616604,28.596032820879568,14.07240068876073,,,,1587741
2026-07-06,117.67,119.81,117.0743,119.42,117.8380145880995,118.62071255411254,114.28079322116741,114.51940266238671,123.89565629971075,107.46720629875159,0,0,0,0,125.50223054036691,111.80594841248745,98.77996056649954,74.27902892312667,5,15,119.42,117.90912283725416,118.58799028054625,114.35883022683157,120.19130450397651,119.85246205724225,,,121.5496306654725,117.598815240782,1,5.5,0,-3.612440043001894,0.09323651356601956,1.688990450526064,0,6.9566838330842025,76.8648978232916,0,0.1523964890617869,119.57,117.598815240782,0,1,0,0,10,8,0,0,42,0,,6,,1.7458921085281565,1.6925643737370626,8,5.964347933503242,1.6154894026267674,,,,,,1.0799674514887188,35.221178544128996,69.84126984126983,46.15409727923033,3,24.09865970218969,22.82457995326804,29.021369196814383,13.05974069198857,,,,2124929
2026-07-07,120.055,120.86,117.915,120.65,118.775343058733,119.58277359307355,114.887384342961,114.75981824425389,123.86336121215145,107.65102929736288,0,0,0,0,125.46897276496593,112.11288788287919,96.05342650891845,78.24696531888196,3,0,120.65,117.83374756032887,118.51671375767154,115.18627042125866,121.32006083553571,121.32006083553571,120.97857773686438,121.66154393420705,123.02747632889238,117.598815240782,1,3,0,-2.5942790351439275,0.1140629148692833,1.8622600480626206,0,6.950978739501946,56.29171531483183,0,0.12263799404399986,,117.598815240782,0,1,0,0,15,8,0,1,42,0,0,7,,1.9125033189542664,1.8580488369365922,9,3.6173635358534275,1.9413008533416094,,,,,,1.0970387338198186,35.87584478058758,70.63492063492063,48.992893071067,3,24.078896678296882,24.196269486384743,29.532063466671428,12.054123668367598,,,,2169263
2026-07-08,119.11,119.9399,117.31,118.62,118.72356203915534,120.27104761904761,115.24287154839328,114.91119792094982,123.81118846377183,107.85267619985062,0,0,0,0,125.4306686091073,112.29306483417167,96.19926728179087,68.59533675884754,2,0,118.1029484271002,117.75603554976253,118.44986130443787,116.36838404041185,121.64684061344,119.63445474888888,,,121.36901913557723,117.598815240782,0,1.5,3.5,-4.192826616223628,0.09800519089271861,1.1348832897408756,0,7.237237698962378,67.3262667319535,0,2.043102126122771,119.57,117.598815240782,1,0,0,0,8,8,0,1,42,0,1,8,,1.784041527141749,1.1379971578144665,10,3.922493455560998,0.9221850591154275,,,,,,0.8974991217170907,38.76362787877489,74.60317460317461,54.6183220829259,3,25.070526802111416,25.070759069083987,26.993419389815717,12.575025010652714,,,,1779986
2026-07-09,119.3,119.71,118.03,118.89,118.77904135943689,120.66812857142858,115.59021711521297,115.06722937503022,123.76222141438106,108.06962697145966,0,0,0,0,125.40329519648738,112.42753225000376,95.3754689356912,65.12898972165203,2,1,118.0400174778002,117.70288409170094,118.37715086389947,116.35435054730388,121.64684061344,119.63445474888888,,,121.32012167938521,117.598815240782,0,1.5,5,-3.9367598275954276,0.0586273317454698,1.1063761165997537,0,7.186088970492309,61.62195728160618,0,2.139700951823154,119.57,117.598815240782,1,0,0,0,8,8,0,1,42,0,2,9,,1.4690186539637584,1.109261677127496,11,3.3651165764155015,1.0736712971743354,,,,,,0.6898263920530571,41.351225452957365,78.57142857142857,66.1135928362313,3,24.89334240920601,25.882785110161855,25.792407245832983,12.015527248232194,,,,1337594
2026-07-10,119.56,121.675,119.335,121.22,119.59269423962459,121.02103463203464,116.12638691376411,115.30851449757806,123.73692567891459,108.31197626449696,0,0,0,0,125.38505426087198,112.61116033736042,95.29192186339542,52.883648122120675,2,2,121.22,117.24841872745624,117.98063122640022,115.8967447219447,122.93942583424604,122.93942583424604,122.60150733286815,123.27734433562392,124.62901834113546,117.63484692992844,1,0,0,-2.034094240748933,0,1.6307915689058738,0,6.14621424858676,71.87056984564317,0,0.32300270124828245,,117.63484692992844,0,1,0,0,10,8,1,1,42,0,3,10,,0.8876751095683441,1.6229719483534475,12,3.5455976833341163,-0.06525066025890854,,,,,,0.7274171900602167,43.15911806999846,80.55555555555556,102.70956582281528,3,21.29111070551207,27.222915563159418,29.08642175017597,11.131352639300765,,,,1399729
2026-07-13,121.33,122.89,120.44,121.21,120.13179615974973,121.34436623376628,116.61054054102466,115.5399453015946,123.71178213982091,108.57362244789189,0,0,0,0,125.36554064273189,112.80030336034199,96.13398956819312,62.90360465006168,2,3,117.89748266700964,117.22616973587928,117.9202515192002,115.88354387361856,123.48397187514415,125.36554064273189,124.69422771160153,125.36554064273189,126.7081665049926,117.63484692992844,0,0,3,-2.022266672218307,0,1.4699767628588303,0,6.050704387730456,62.655787123737575,0,2.7739121101729016,119.57,124.45082121679043,1,1,0,0,8,8,0,1,40,0,4,11,,0.9951493986726387,1.4626313412518868,13,4.18387012952166,1.760997135781727,,,,,,0.7816905432863103,43.82894594635428,81.34920634920636,109.10502413353451,3,20.96025484225817,28.78031183813658,30.422776025464696,10.405913495518147,,,,1507390
2026-07-14,122.27,122.82,120.7,121.55,120.60453077316649,121.69599523809526,117.08096525140327,115.77563372113991,123.69027186977294,108.8515865993192,0,0,0,0,125.34827857118006,112.98352759499572,95.68227716267569,62.007861117471535,2,4,117.87197189518794,117.54136232002027,118.20258147035561,116.2189240193496,119.57,125.34827857118006,125.01766899601239,125.67888814634773,127.0013264470184,117.63484692992844,0,0,4,-1.7303477770881825,0,1.4192064179374169,0,6.0394691693163045,63.289895708685634,0,1.0272104816993894,119.57,124.45082121679043,1,1,0,0,8,8,0,1,40,0,5,12,,0.9991496284661409,1.4087365205266422,14,3.5520973979720463,1.0427032990229699,,,,,,0.7593717117993656,43.75079632546709,80.55555555555556,109.12048168157477,3,20.92133490400328,30.226465522043938,28.680964135227125,9.810138019930193,,,,1465737
2026-07-15,120.73,121.72,119.855,121.43,120.879687182111,122.00293852813854,117.4951590369839,115.99737357521286,123.66778160241202,109.14263802175006,0,0,0,0,125.32530632129449,113.20796454251104,96.42771507805853,58.36995268496152,2,5,121.43,117.51725780064265,118.16455058309688,116.2516577403661,,124.76676036678347,124.47401111397103,125.32530632129449,126.61989188620296,117.63484692992844,1,0,0,-1.8095105883005245,0,1.251719661041355,0,6.05826138666692,71.8185178238136,0,0,,124.45082121679043,0,1,0,0,8,8,0,1,40,0,6,13,,0.6732946000730656,1.2427906379459122,15,4.276443347937651,0.6931332700128732,,,,,,0.9729041868487276,41.65013147862902,77.38095238095238,98.46217492275933,3,20.986433054479566,30.930465958886032,27.20531267794341,11.636538639871075,,,,1910650
2026-07-16,121.71,125.705,120.9001,125.3,122.353124788074,122.63890086580086,118.23847722393782,116.36218245461627,123.6840225814925,109.46735149329727,0,0,0,0,125.32513316901677,113.57409682569661,96.91484308663414,59.02405171631484,2,6,117.91389798082415,117.57046829611325,118.25732766553504,116.19674955726965,124.45082121679043,125.54272650064125,125.19929681593035,125.88615618535215,127.25987492419574,117.74938613358,0,0,0,1.3065369194657042,0.0865149071673298,2.1354930406610575,0,6.615822710413716,70.75567428265101,0,3.8068481130098686,119.57,124.45082121679043,1,1,0,1,11,8,0,1,40,0,7,14,,1.6043022250044547,2.1076826684694074,16,4.392124538118712,0.9627633095724462,,,,,,1.1241595536756201,42.330522578446825,77.77777777777777,84.70521109290353,3,22.917882136609187,32.5839596776409,34.167155571509475,10.182913867052266,,,,2245194
2026-07-17,125.01,126.76,122.66,122.78,122.49541652538267,123.17125454545453,118.67100320261041,116.61386157404309,123.6750273319254,109.80527160739821,0,0,0,0,125.30408614659859,113.90170554772278,98.0520989484339,56.39885349314825,2,7,121.22,120.86449386419703,121.57550613580297,119.44246932098513,124.38529881613198,125.7310940311221,125.37558789531913,126.08660016692507,127.50862471013697,118.40137613358,0,0,3.5,-0.7236928515271597,0.008888888888888889,1.2648759913607242,5,6.787273907177449,82.75621017318458,0,1.780728092910454,124.38529881613198,124.38529881613198,1,1,0,0,3,8,1,1,40,0,8,15,,0.9376234549958313,1.261409492807596,17,5.969274021272004,0.641645067227547,,,,,,1.3480081029527062,42.12547659756868,76.98412698412699,79.16733276100933,3,23.511806504235736,34.32416291681316,33.298541423355026,9.134359861672865,,,,2736158
2026-07-20,122.41,122.63,119.84,120.62,121.87027768358844,123.33516666666665,118.85662194521895,116.77096504172766,123.6446290500157,110.14036328188965,0,0,0,0,125.27882106426699,114.0549178891848,98.56812444215666,53.43178679820427,2,8,119.86004637,119.50368352961154,120.21640921038848,118.07823216805762,123.715569805,121.44749999999999,,,123.22931420194237,117.74938613358,0,2.5,3.5,-2.446227606693852,0.013333333333333334,0.593938250435507,0,7.142934524611291,82.84135617644041,0,2.163819005818358,123.715569805,117.74938613358,1,1,0,0,8,8,0,1,40,0,9,16,,0.26810874422716263,0.5986463256229484,18,5.8051628021411315,0.4647857859045453,,,,,,0.9326861953846758,41.054665731629235,74.60317460317461,65.91865871076375,3,24.7438510235292,34.23201486399273,30.845741598855344,15.52694612011903,,,,1794344
2026-07-21,119.5,119.99,116.86,117,120.24685178905897,122.81969913419911,118.67980080757904,116.77994680479716,123.57851333807524,110.44897075063182,0,0,0,0,125.21701347895485,114.145693110141,99.24541919123988,60.58422380675054,2,9,116.77994680479716,116.41546702443644,117.14442658515789,114.95754790299353,119.57,117.54676680710021,,,119.36916570890385,112.90750625801999,0,0,5,-5.323347206871086,0,-0.37747859950343776,0,7.929319634045493,91.6947728005784,0,1.530978312399936,117.68604248286448,112.90750625801999,1,1,1,0,1,8,0,1,40,0,10,17,,-0.6460859498993264,-0.368882834820615,0,9.11285160901952,1.4289279682452545,,,,,,1.2988332876994966,39.059495420760804,71.42857142857143,42.20015862875371,3,27.467968951240497,32.74227732787976,28.00460838209957,21.396825982845176,,,,2502290
2026-07-22,116.41,117.66,115.74,116.14,118.87790119270598,121.75506580086581,118.43791501638104,116.75485085166787,123.50449827998494,110.7270881016141,0,0,0,0,125.17318961537504,114.18485336390856,98.66575335889316,68.15947038297885,2,10,113.48687029992956,112.90750625801999,114.18485336390856,111.4851527881087,117.68604248286448,117.1010671410979,116.74547877362008,117.45665550857572,118.87900897848701,113.33118480086007,0,0,3.5,-5.962939311967093,0,-0.5494623478975446,0,7.84841861930965,66.71025312286552,0,2.097784606537788,117.68604248286448,113.33118480086007,1,1,0,0,8,8,0,1,40,0,11,18,,-0.4313505784074953,-0.5404715945856874,0,4.808927966500935,1.9575866938141548,,,,,,0.846599661006095,34.28237195903225,62.698412698412696,26.09506219704641,3,27.18771961542778,30.901929100706266,26.65451078402239,23.177528971969288,,,,1626050
2026-07-23,116.22,117.03,115,116.87,118.20860079513731,120.5305961038961,118.2885897767257,116.75936650454364,123.43848337172639,110.98140158140443,0,0,0,0,125.12114384222289,114.25201545506002,98.99510984538134,68.06564023463852,2,11,116.75936650454364,116.41105230617137,117.1076807029159,115.01779551268233,119.7000536821,117.27217940360022,,,119.01375039546153,114.43375455168513,0,1.5,0,-5.321260592570517,0,-0.2964573529446506,0,7.755021520297388,79.82037632623845,0,1.6885255848304537,117.68604248286448,114.43375455168513,1,1,1,0,1,8,0,1,40,0,12,19,,-0.34094168016564064,-0.2903201106435721,0,6.214192279692638,1.4433021491484703,,,,,,1.0927228868192218,25.184541138106088,34.92063492063492,-6.252345222730163,1,26.864182573890222,28.89804382292337,25.267507296314783,23.86834655627049,,,,2124406
2026-07-24,117.28,120.2,117.155,119.75,118.72240053009155,119.63615584415584,118.42777170275183,116.87664624946349,123.40178204464453,111.23204562584407,0,0,0,0,125.09177368859356,114.37005147247879,98.20589448398192,46.5089583033967,2,12,119.75,116.69045935863532,117.3967928698981,114.32966595494892,123.715569805,119.86004637,,,121.62588014815694,117.70657937358224,1,1.5,0,-2.959262001032842,0,0.4832037455759338,0,6.878382513169271,83.5732802482132,0,0.7316098550458677,,117.70657937358224,1,0,0,0,8,10,1,1,40,0,13,20,,-0.2282004068096516,0.48480802914730065,1,4.399895608674201,-1.0282122277534684,,,,,,0.9712532087788636,23.39353439032802,31.349206349206348,-1.8209342698394735,1,23.827415973404957,28.086354904722217,31.1545280113938,21.85893576587457,,,,1863450
2026-07-27,120.8,121.68,119.96,120.16,119.20160035339437,119.12855541125539,118.59274582629926,117.00540522007276,123.36952550688687,111.4814197139092,0,0,0,0,125.06002840359177,114.51367258582243,98.9653345381383,24.432819505548164,2,13,119.85593885953489,119.51076615787717,120.2011115611926,118.1300753512463,123.715569805,122.99757437325583,122.78,123.68791977657126,125.06861058320213,117.70657937358224,0,0,3,-2.6015545522283063,0,0.5517874192385855,0,6.853368989989248,98.09952481715845,0,2.236347733716461,123.715569805,117.70657937358224,1,1,1,0,1,10,0,1,40,0,14,21,,-0.14779639976258435,0.5529206242646759,2,7.416771986893299,-4.52542278790503,,,,,,1.162801359876481,24.188102553117822,32.142857142857146,1.8842524065726705,2,23.740766587356752,27.748737767817055,33.42750409067652,20.767666664889333,,,,2207796
2026-07-28,122.39,127.16,119.82,124.97,121.12440023559624,119.41790346320347,119.20010336665172,117.31774227026598,123.38545062622133,111.75885485910527,0,0,0,1,124.97,114.97277121567632,99.88820354356324,0.5106812336768742,2,14,122.78,122.39394677703213,123.16605322296788,120.84973388516062,124.9115173125602,126.95604058692851,126.76,127.62958316,129.1737960518715,124.20352239196994,0,3.5,11,1.2842270832878329,0.006421135416439164,1.7310933444347654,0,7.820318052493936,99.34154220796898,1,1.1042608561449923,124.20352239196994,124.20352239196994,1,0,0,0,10,10,0,1,40,0,15,22,,0.6873924561964001,1.714820047539004,3,8.620169347140331,-6.589413308799584,,,,,,2.0386617365889883,25.475673971797764,35.714285714285715,-5.96042816497718,1,27.090376396535177,28.638333950999417,40.42695811598547,17.2421841978141,,,,4087349
2026-07-29,123.1,124.37,121.02,122.13,121.45960015706416,119.8946168831169,119.47914114125632,117.50645825966731,123.37295858018928,112.04571690260404,0,0,0,0,123.87759604041247,115.16395682454231,98.93596463543693,10.935521811874544,2,15,117.42094826963363,117.04476600460019,118.20843996943111,115.46978260500522,124.20352239196994,123.07269227744334,122.78,123.86018397724082,125.43516737683579,118.40137613358,0,0,3.5,-1.007480565022999,0,0.8423910496691034,0,8.180650549913928,91.28049157254274,0,3.476165169003237,117.70657937358224,118.40137613358,1,1,0,0,8,10,0,1,40,0,16,23,,0.17870513405298463,0.8382062876001661,4,5.090836194260685,-2.5811033507016807,,,,,,1.2505855942660293,27.73436866374059,46.42857142857143,-2.1322013688542882,1,28.33860478283439,29.464387549668746,36.80591123023036,15.697799947730665,,,,2554959
2026-07-30,122.25,123.05,116.3,116.82,119.91306677137611,119.83135238095238,119.2258896039938,117.47953832791565,123.30775501222719,112.30995176417454,0,0,0,0,121.95083117235343,115.20604667079783,92.04413200833245,37.09484777122492,2,16,114.97851558772699,114.55262658424958,115.4044045912044,112.84907057033996,117.70657937358224,117.2164649141474,,,119.34590993153442,115,0,0,5,-5.2614330798447115,0.06029676000137585,-0.572551642619507,0,9.356940355457086,68.57177971585914,0,1.281114921296617,117.70657937358224,115.21256690186574,1,0,0,0,8,10,0,1,40,0,17,24,,-1.4823740800110068,-0.5653462434542037,0,2.8244778522929233,-0.2641999812007817,,,,,,1.201542508582739,29.727361052718404,51.58730158730159,-8.286794325484642,1,32.41339219808652,28.428676423426673,31.597480437407864,23.371660796199645,,,,2494365
2026-07-31,117.07,118.19,114.82,116.97,118.93204451425073,119.44229437229436,119.01104297504202,117.45955643270327,123.24469277329956,112.55587411477441,0,0,0,0,121.05472849678195,115.24135157326175,97.23189595694976,41.073676321624106,2,17,116.92559980010019,116.50004215401403,117.35115744618635,114.79781156966938,120.47722650098,117.45955643270327,,,119.58734466313408,115.03577019580213,0,2.5,5,-5.091247851817396,0.0013238636657560976,-0.4677339173289413,0,9.32627823007298,80.22250763571652,0,1.669163617922972,117.6992502255864,115.03577019580213,1,0,1,0,19,10,0,1,40,0,18,25,,-1.0105909093260488,-0.4563250762238474,0,5.651915963830848,0.8776018283566953,,,,,,0.9559283280766365,31.30703241721338,53.17460317460318,-3.095730431232018,1,32.307175480019886,26.996379103072993,29.36336333135492,24.824324137582046,,,,2004392
2026-08-03,117.76,119.715,117.5101,119.08,118.98136300950048,119.09489307359306,119.0176103107523,117.52310323926392,123.203253044212,112.79951559846856,0,0,0,0,120.80351763676222,115.30260176110116,97.53667160687078,27.087108202367602,2,18,119.08,118.64033040006285,119.47966959993715,114.15274320050278,122.569423305,120.01898322640737,,,122.48219603651083,115.59676208,1,1.5,2,-3.346707933703958,0,0.12313635151280167,0,9.440526167653916,89.34710136868048,0,0.7081878308749949,122.569423305,117.6992502255864,1,1,1,0,19,10,0,1,40,0,19,26,,-0.2113393262630681,0.161730172590626,1,4.645213750014207,-2.08279781357445,,,,,,0.7838128981163613,33.08738308683026,56.34920634920635,1.1755552217755865,2,32.70294194512016,26.057664272304415,30.893001333364598,23.37457036172336,,,,1623863
2026-08-04,120.36,122.185,118.56,122.16,120.04090867300032,119.2576437229437,119.31688551925208,117.70494232792024,123.19287241690641,113.06286628358262,0,0,0,0,120.90208748795693,115.36934440991594,98.53032165681148,13.768749775840135,2,19,122.16,119.19956863560652,120.04368717834696,115.40705165807663,123.91985484718681,122.63,,,124.74029635685106,118.40137613358,1,3.5,0,-0.8384189739573505,0.014742787939527269,0.931074205982917,0,9.736068789876317,98.90993926723674,0,0.2606054064209789,123.91985484718681,118.40137613358,0,1,0,0,8,10,0,1,168,0,20,0,,1.1179423035162181,0.9861373224722769,2,6.683568698325868,-6.757726011116212,120.5467538929,128.2479586028,115.501137014,127.98239981969999,121.60898902529999,0.49682560654210156,34.5034855377611,63.492063492063494,2.303080910441057,2,33.726731620102825,25.767086389197917,33.74916902551115,21.582066167979203,120.5467538929,128.2479586028,115.501137014,1000258