time,open,high,low,close,Sprint Line EMA,Hull Baseline HMA,MA 20 Fast,MA 50 Mid,MA 200 Slow,Weinstein MA 150,Golden Cross,Death Cross,Zone 0 Long,Zone 0 Short,AVWAP Resistance,AVWAP Support,Buy Score,Sell Score,Stage 1 Base 2 Up 3 Top 4 Down,Stage Age Bars,Long Entry,Long Entry Zone Bot,Long Entry Zone Top,Long Stop Loss,Long Target,Short Entry,Short Entry Zone Bot,Short Entry Zone Top,Short Stop Loss,Short Target,Entry At Market 0No 1L 2S 3Both,Long Rev Zone,Short Rev Zone,Ext Pct vs MA200,Exhaustion Gradient,Ext Z Self Relative,Regime 0 Hlt 1 Ext 2 Clmx 3 Dist 4 Dn 5 Ign 6 Sqz,Exp Move Pct 21b,Dir Prob Pct Above 50 Bull,Long Ignition Fresh Breakout,RR To Target,Long RR At Market,Long Target T1 Waypoint,Short Target T1 Waypoint,Zone RR Flags Pack,Signal Pack,Action Long Code,Action Short Code,MTF Long Aligned 0 To 3,Bear Warning Mask,Reversal Pattern Mask,Weak Level Mask,Bear Warning Age,Reversal Pattern Age,Weak Level Age,Z Volume,Z RSI,Z Velocity,Z Elasticity,Trend Bars Up,Buy Sigma Evidence,Sell Sigma Evidence,Premove Pack,Darvas Box Top,Buy Category Pack,Sell Category Pack,VP POC,VP VAH,VP VAL,VP HVN Above,VP HVN Below,RVOL Vs Avg,Energy IV30 Ann Pct,Energy IV Rank Pct,Energy IV HV Spread,Energy State 3 Exp 2 Warm 1 Sqz 0 Dorm,HV20 Ann Pct,ADX 14,DMI DI Plus,DMI DI Minus,POC,VAH,VAL,Volume
2025-05-07,83.13,85.17,80.12,83.65,83.63752731322698,85.14277878787877,78.71698599002816,75.52963214333771,71.56179512734177,76.42284851626434,0,0,0,0,75.19132550912052,76.60194553571363,98.91310438521062,50.46497252850959,2,9,83.65,,,74.297286104824,86.72076235617384,86.81606349006243,86.38097583441609,87.25115114570877,88.99150176829416,76.66092,1,5.5,5.5,16.891981050989134,0.16320979784748021,1.1954393183490106,0,14.251897666683012,78.54203097312389,0,0.3283284820417402,0.3283284820417402,,76.66092,8,4,8,8,1,0,1605,0,,5,,3.4222799909999675,0.10183798115332379,1.5233324740736096,1.1810500402610977,18,5.574554877657307,0.46479924974822656,4964,75.41,546,32,,,,,,2.3209097816703554,67.12351574759403,68.65079365079364,35.96006929106395,3,49.37002172593461,19.803865634125543,25.4921869251127,17.118465098350683,,,,49263147
2025-05-08,83.87,84,82,82.3,83.19168487548465,85.65038051948054,79.05822541954929,75.7951367651676,71.66864293701995,76.77061832974353,0,0,0,0,75.34463826228142,76.87567463368049,90.96316414166608,30.82413010143674,2,10,77.48770239010415,76.66092,77.75,74.97345156474215,86.57,87.1190952980046,86.69722818919013,87.54096240681906,89.22843084207692,76.66092,0,0,1.5,14.834042654222616,0.09194799104889087,0.7489331279569014,0,10.122280157845642,73.4315215153,0,3.6123275841375895,0.5828119526858379,86.57,76.66092,12,4,8,10,1,0,1605,0,,6,,0.4215938768917904,0.18615345191305274,0.5317364841785014,0.7392742370410642,19,2.609768897364894,-1.6452640608515423,832,86.57,66,0,,,,,,1.1605187678638622,67.25452266236978,68.65079365079364,91.80172924399265,3,35.06460704366993,19.79299738493857,24.413132374161847,16.39386042932278,,,,24293149
2025-05-09,82.85,84.1223,82.32,82.81,83.06445658365644,85.77422597402597,79.41553728435412,76.07022944104338,71.77950221127846,77.11948965034424,0,0,0,0,75.46914954104113,77.09171400480906,89.25832767088775,25.262317226452883,2,11,77.05551420144272,76.64750992182928,77.46351848105616,75.01549280337557,86.57,84.60000000000001,84.19199572038657,85.00800427961344,86.64002139806716,76.66092,0,2,4,15.36719738770822,0.09905820916076333,0.7806224003079212,0,9.604236083994207,68.90588281080237,0,4.6639147057829415,0.4823909844651028,86.57,76.66092,12,4,8,10,2,0,1605,0,,7,,0,0.1763916054422328,0.6655938542479929,0.7681741589366848,20,2.161079691564163,-1.4334921374388527,17216,86.57,98,0,,,,,,0.9198747005245168,66.1090828289287,67.06349206349206,98.70449056729103,3,33.27004973072863,19.821843551486804,23.70721253946588,15.740100395572558,,,,19105415
2025-05-12,84.615,88.31,82.22,88.1,84.74297105577095,86.20684155844155,80.24262897155849,76.54198514923776,71.94189522410156,77.49697676012072,0,0,0,0,88.1,77.85509458709399,98.77518472460125,61.63533082451396,2,12,88.1,86.5667638832161,87.4332361167839,81.1682221314576,92.72550000000001,88.31,,,90.4761805839195,80.12,1,3.5,0,22.45993760042791,0.18689507532026436,1.8865557560268005,0,10.992150700368324,73.66075785557167,0,0.6672891266454646,0.6672891266454646,88.70575808863697,80.12,8,1,11,8,1,0,1605,0,,8,,1.9461083657420661,-0.02523179166601866,1.3834297652116652,1.857864620622523,21,5.413408492557454,1.0721310612747277,52067,86.57,8290,32,,,,,,1.7846956526564957,64.72648098769227,65.07936507936508,69.98425622334828,3,38.07792699498351,20.989346676281947,29.36218469067147,13.76457728969039,,,,39104621
2025-05-13,87.41,92.17,86.93,91.72,87.06864737051397,87.24639783549783,81.33571192664816,77.1372014178951,72.1386922865483,77.91958766001436,0,0,0,0,91.72,78.70384352888128,99.76661336833615,3.9165382357234444,2,13,91.72,86.55092360584352,87.44907639415648,84.53477769349635,,92.17,91.72092360584352,92.61907639415648,94.41538197078239,80.12172000000001,1,3,0,27.143973771621887,0.25840233024981607,2.4632155772044415,0,11.404022078396963,96.48422303122544,1,0,-0.1486697948463764,,80.12172000000001,8,1,11,10,1,0,1541,0,,9,,1.496187110734873,-0.09689764638906234,1.732570802244764,2.416513342877639,22,7.637189905646833,-3.8266787288491853,53056,,578,32,,,,,,1.590056775478137,63.43773514078455,63.492063492063494,60.582789162139825,3,39.50469130084153,22.8290865063826,33.977652826287205,12.330554952469313,,,,36770807
2025-05-14,90.58,91.65,89.68,90.41,88.18243158034265,88.47083636363637,82.19992983839596,77.65770332307568,72.32049634339857,78.37166616737122,0,0,0,0,91.12456894557009,79.27198622562094,94.98332912732964,19.156867748794724,2,14,87,86.56478620542613,87.43521379457387,84.82393102713064,91.97531620166177,91.58391375020987,91.12456894557009,92.17,93.91085517829549,80.12172000000001,0,2,0,25.01296945019188,0.192059565221547,1.8730356139415894,0,11.688021956274994,76.58928779961555,0,2.2863779887920233,0.2802178435791365,91.97531620166177,80.12172000000001,12,0,10,10,1,0,1541,0,,10,,0.7416618068125507,0.07866207491292662,1.2515132993202562,1.8455694522530866,23,3.024351269143967,-1.9117814921657281,34624,,34,4144,,,,,,1.2783780828431526,61.55375842695587,59.92063492063492,52.02777309276318,3,40.48849573649774,24.53741634861892,32.555642117539435,11.81450455673248,,,,30640123
2025-05-15,89.66,91.1134,89.2424,90.16,88.84162105356177,89.61743203463202,82.95803175854873,78.14798946726879,72.49800384246923,78.84516610927898,0,0,0,0,90.89979511702491,79.61412311097125,93.24174371500474,17.623732842077523,2,15,90.16,86.5791675478957,87.4208324521043,84.89583773947845,92.17,92.59604144293083,92.17520899082652,93.01687389503513,94.70020370345237,80.12172000000001,1,2,3.5,24.36204477561683,0.18986025937523557,1.5945306950428273,0,11.518912597666816,73.68601474095009,0,0.3818271361188751,0.3818271361188751,92.17,80.12172000000001,8,0,10,10,1,0,1541,0,,11,,0,0.130605612722778,1.2244002839772112,1.5720410890341412,24,2.7283908838476734,-1.7620033969407753,34624,,34,48,,,,,,0.8466106555907027,59.54396200916641,58.73015873015873,49.22295053081822,3,39.90268373420824,25.900197521869178,31.263313957320143,12.273948134957847,,,,20481634
2025-05-16,90.55,92.9,89.71,91.79,89.82441403570785,90.66462207792208,83.7991715910679,78.68297027247394,72.68996400324068,79.34410696540981,0,0,0,0,91.07742394172777,80.01009360359369,95.1983060842613,14.510873196368546,2,16,91.79,86.58074486590314,87.41925513409686,85.08191785445025,94.09804019566351,92.9,92.48074486590315,93.31925513409686,94.99627567048431,80.57286,1,2,0,26.27602896585258,0.17582458927370737,1.747877553238877,0,11.377433293018841,84.48504024196971,0,0.34406856469321845,0.34406856469321845,94.09804019566351,80.57286,8,1,10,10,2,0,1541,0,,12,,0,0.10480350405222552,0.9100544937467782,1.7220082925588518,25,4.26759597737024,-2.2942869166748387,51008,,66,32,,,,,,0.905605258285192,57.35303449237827,55.55555555555556,45.5195958974965,3,39.41258504646862,27.510881252269286,32.94422932315479,11.440116141572483,,,,21909595
2025-05-19,90.88,92.545,90.56,92.46,90.7029426904719,91.62338354978355,84.62401239191858,79.2232459480632,72.88668077932783,79.86641005025724,0,0,0,0,91.2836745695323,80.35598236137167,96.14466365675511,15.3394659682283,2,17,92.46,86.59296844691006,87.40703155308994,85.94749515056094,94.91945941658805,92.9,92.49296844691007,93.30703155308994,94.9351577654497,80.57286,1,3.5,0,26.854452708489312,0.18316115243133546,1.6766368431793943,0,10.52914086810419,81.70607999727582,0,0.37765183649727385,0.37765183649727385,94.91945941658805,80.57286,8,0,10,10,1,0,1029,0,,13,,0,0.11730743368110166,0.8213646325175156,1.6512659754072991,26,4.237129093333261,-1.7543686430422205,34624,,50,32,,,,,,0.798042292103519,54.759034798716755,52.77777777777778,50.13163883757418,3,36.47401388721266,29.006516144783674,31.509751746810807,10.941983679134747,,,,19252125
2025-05-20,93.35,93.6,90.61,91.87,91.09196179364794,92.45270952380953,85.3141064498311,79.71919708735483,73.07556952779223,80.40196298898036,0,0,0,0,91.36523016973439,80.69232053639963,97.36303010149024,19.934917721736376,2,18,87,86.5953457007022,87.4046542992978,84.97672850351098,95.505799277942,93.6,93.19534570070219,94.0046542992978,95.62327149648901,81.00546,0,2,0,25.71917070733174,0.18192918686999204,1.3519883472854093,0,10.638568814996493,82.88523726212337,0,4.203983149420194,0.527441764014929,95.505799277942,81.00546,12,4,8,10,1,0,1029,0,,14,,0,0.18437718783753443,0.6715496655805837,1.3324974784783703,27,5.214946217848483,-1.0584245470559317,42816,,4146,4144,,,,,,0.8567803695156402,51.96416172957503,48.80952380952381,41.00356582030198,3,36.85308341478349,30.599504142649863,31.758770351276297,10.22010357993239,,,,20851285
2025-05-21,90.64,91.04,88,88.67,90.28464119576529,92.80283982683984,85.633715359371,80.0702089662821,73.23073799020226,80.92690081954758,0,0,0,0,90.97952549956042,80.96263680044751,98.0745386264056,24.357689596036778,2,19,87,86.5896960077949,87.4103039922051,84.9484800389745,93.6,90.97952549956042,90.56922150735532,91.38982949176552,93.03104546058593,81.00546,0,0,1.5,21.083034847830437,0.16319295201692996,0.533572358077732,0,11.438044384080223,82.33600948537855,0,3.2171268744081893,1.324727544559905,93.6,81.00546,12,4,8,10,1,0,5,0,,15,,0.06681074305702499,1.7239569632232579,0.5405747986371625,0.5198874144644694,28,5.425432692495237,-0.7680939501099852,1856,,4130,4128,,,,,,1.0238882723347893,50.92831921275622,46.82539682539682,28.533680319445814,3,39.62254802490962,30.687524107991614,29.084219382569497,15.039008833996265,,,,25035133
2025-05-22,88.45,89.26,87.88,88,89.52309413051019,92.67217186147187,85.85907580133566,80.3811811636828,73.37769582114552,81.43530614794756,0,0,0,0,90.72278136740353,81.11632643561171,98.27126277022154,30.293441442852004,2,20,87,86.60668200723812,87.39331799276188,85.0334100361906,93.6,90.72278136740353,90.32946337464165,91.1160993601654,92.68937133121293,81.00546,0,0,1.5,19.92745072630192,0.16185947585373184,0.3230940985332471,0,10.35148884555119,78.23960448620956,0,3.3560630947263737,1.8876892554470304,93.6,81.00546,12,4,8,10,1,0,5,0,,16,,0,1.7318525623510896,0.648156576348953,0.31037834534612285,29,5.11086516849387,-0.3139070296828255,1856,,4114,4656,,,,,,0.6826001902979872,52.27098789972741,49.6031746031746,45.76970223797966,3,35.85860922895432,30.709621029314288,28.173101309476294,14.84029121255852,,,,16495999
2025-05-23,87.205,88.49,86.7,87.75,88.93206275367346,92.13203246753245,86.03916382025608,80.6701544513815,73.52070382292517,81.9247317091336,0,0,0,0,90.46819913079638,81.27013965708942,98.1551227398837,25.550899937225786,2,21,87.75,86.61879400672112,87.38120599327888,83.65035205376888,93.6,93.06279069767443,92.68158470439555,93.44399669095331,94.96882066406887,81.00546,1,6.5,0,19.35413487246549,0.1634373410289941,0.2193191303576287,0,10.335314360870756,81.68674396802155,0,1.4269517960384892,1.4269517960384892,93.6,81.00546,8,4,8,10,2,0,5,0,,17,,0,1.5535972414794605,0.5266168387792697,0.2065888241351474,30,4.775869090652517,-1.3420213384498598,1856,93.6,4114,4384,,,,,,0.7451903356010838,54.55165103914904,52.38095238095238,52.367936341791776,3,35.80257917044881,30.14205084773174,26.99193800723148,16.98189388608585,,,,17929659
2025-05-27,89.1699,89.715,87.89,89,88.95470850244898,91.44730995670996,86.32114821832693,80.99681506113126,73.67472667045826,82.4003321440807,0,0,0,0,90.35526226976108,81.44069628611001,97.74878040212272,14.785175046727126,2,22,87,86.62847836338389,87.37152163661611,85.14239181691944,93.6,93.6,93.22847836338389,93.9715216366161,95.45760818308055,81.00546,0,2,2.5,20.8012625524769,0.1751174238734956,0.43293974157934245,0,10.366437620303047,89.49470568404529,0,3.5529559247822156,1.19244873550807,93.6,81.00546,12,4,8,10,1,0,5,0,,18,,0,0.9461032424335248,-0.07512666681502016,0.42045020042903897,31,4.361101218722039,-3.7906672652372837,1856,93.6,34,0,,,,,,0.7189679466651944,62.440328649389635,60.714285714285715,73.8781531054057,3,35.91039330371656,29.977223132009406,28.661251518255387,16.179945267472462,,,,17446940
2025-05-28,89.29,89.88,88.12,88.26,88.72313900163266,90.67684502164502,86.50580076896246,81.28164584304768,73.81985376826464,82.85446054225393,0,0,0,0,90.23500704968194,81.55775448197913,97.49734628537573,20.86578091160728,2,23,87,86.6393013374279,87.3606986625721,85.19650668713948,93.6,93.6,93.23930133742789,93.9606986625721,95.40349331286052,81.00546,0,0,1.5,19.5613313961118,0.17336221253611456,0.217509355986595,0,10.435724623288973,76.3556701520117,0,3.6595644424828615,1.743108097407197,93.6,81.00546,12,4,8,10,1,0,1,0,,19,,0,1.21109340730802,-0.6567107771351708,0.20461158098959206,32,4.312208873693,-0.8897925097525597,1856,93.6,34,32,,,,,,0.5671928025264766,69.54899838862191,71.03174603174604,92.38785226245528,3,36.15041052266816,29.87279551891619,27.821021991053122,15.475045834351494,,,,13810322
2025-05-29,87.58,87.87,82.96,84.3,87.24875933442178,89.51221601731602,86.29572450525175,81.40001267273209,73.92413383027196,83.26120615539527,0,0,0,0,89.4227674706051,81.68190844395914,94.19856495736023,30.896702315507795,2,24,81.80085860805922,81.03634680613959,82.22,79.50732320230036,93.6,87,86.6177440990402,87.3822559009598,88.91127950479904,81.00546,0,5,1.5,14.035830563197106,0.07192785274289343,-0.6417894052753381,0,11.485666063091335,67.95968890745681,0,5.144521145090764,1.9404604968279422,93.6,81.00546,12,4,8,10,1,0,1,0,,20,,1.418782106978183,2.2803287175654936,-1.0139895994152632,-0.6494035644777671,0,3.276399519165845,-0.6332706612958198,1856,93.6,34,272,,,,,,1.5039430144006511,75.63610588319843,77.38095238095238,90.10010326021262,3,39.787514360087584,27.915479215987222,24.376914256867522,25.611819580220786,,,,38152040
2025-05-30,84.53,84.65,82.54,84.16,86.21917288961451,88.14345454545453,86.09232217141826,81.50824746987985,74.02598324489611,83.6232563935735,0,0,0,0,88.92609800108013,81.76449197818421,94.99755763099077,40.47907276687737,2,25,81.43409989385337,81,81.76449197818421,79.50483522500642,93.6,88.06362613362137,87.31604374612458,88.81120852111816,90.30637329611174,81.17607982864483,0,7.5,0,13.689810402893363,0.2184490520144668,-0.6300354384346475,3,11.486250651421575,60.25184865082385,0,6.305977765828108,2.027855179414786,93.6,81.17607982864483,12,4,8,10,1,0,1,0,,21,,0.3552735661382163,1.8822864552137109,-0.9989223849410017,-0.6368380154425141,0,3.263909348359304,0.3717045465077793,1600,93.6,34,66048,,,,,,1.1222784592817208,80.54406371221322,80.55555555555556,102.4252224554991,3,39.78953943346656,26.242154622412468,23.148304112491317,25.324203423038405,,,,29050884
2025-06-02,84.48,84.76,82.64,83.64,85.35944859307634,86.67540735930734,85.85876767890224,81.59184560831594,74.12164510315586,83.94261290720432,0,0,0,0,88.6487213907029,81.80046475060779,63.99655071509796,67.82341970149007,4,0,81.44211187156827,81,81.80046475060779,79.53591842322025,89.88,87.98965903752077,87.25761824913089,88.6487213907029,90.11280296748265,81.0727289346933,0,7.5,4,12.841532164588834,0.2468596745652057,-0.6996513719928421,4,10.744019300655497,12.813037328077996,0,3.2578715014161292,1.5204376139365599,89.88,81.0727289346933,12,4,8,8,1,0,1,0,,22,,0,1.6623125762655817,-1.2612161099380923,-0.7031735405832594,0,-0.5045154822377924,3.7937767249788514,1600,89.88,48,65810,,,,,,0.6654350469004762,85.37916803517741,83.33333333333333,129.4005821698801,3,37.21837461247191,24.6450371297011,22.219530613744013,24.014574230329103,,,,17047042
2025-06-03,83.575,83.79,81.86,82.53,84.4162990620509,85.18433376623378,85.54174218567346,81.62863597661728,74.20531032601002,84.21749140800718,0,0,0,0,88.20067927867122,81.82094265305979,45.721451222740455,81.26967748755013,4,1,80.22110078476972,79.68960000000001,80.93531723113175,78.26116710727595,89.88,87.87018114097899,87.15596469461696,88.20067927867122,89.62911217139528,80.62317616013969,0,8,2.5,11.218455441284041,0.26561706594200285,-0.8837884375450988,4,10.713721485513165,12.103029456837255,0,4.1201188992180775,1.721782085339437,89.88,80.62317616013969,12,4,10,8,1,0,1,0,,23,,0.0037415681001042905,1.6385540566211938,-1.4761983098846614,-0.8867666643391472,0,-0.8561240149601996,3.668248828066154,1600,89.88,32,66066,,,,,,1.001326541955639,85.99720885671441,83.73015873015873,131.7145902575345,3,37.113419902102216,23.453362579284512,21.147334285292025,24.805947767238187,,,,25668362
2025-06-04,83.19,84.71,82.99,83.45,84.0941993747006,83.96842597402596,85.34252864418075,81.70006201674992,74.29729728794027,84.45892603277592,0,0,0,0,87.9432849812641,81.85594674493255,63.96306288027362,85.80397378752446,4,2,80.12530664434006,79.82840000000002,80.82743620167622,78.42414088532767,89.88,87.80154266167042,87.09941310433426,87.9432849812641,89.34754409593644,80.57286,0,2.5,2.5,12.31902511418188,0.24641574318754977,-0.6261262367184673,4,10.77293401287969,35.02157441786883,0,4.675728302349423,1.2793832563329244,89.88,80.57286,12,4,8,8,1,0,1,0,,24,,0,1.1773155206329067,-1.278564940933123,-0.6297387342235512,0,2.480368479968611,2.800517958630448,1088,89.88,48,65538,,,,,,0.7994015758336906,83.57828229467768,81.34920634920636,123.95915413362881,3,37.31853811378898,21.95237084164464,22.314671026844167,23.43061738921795,,,,20080520
2025-06-05,83.4,85.75,83.08,84.67,84.28613291646707,83.18819567099567,85.27847829711591,81.81653017295581,74.40050826019957,84.67978939920694,0,0,0,0,87.67310823794752,81.9528912572537,77.52510663420536,88.43249795934953,4,3,80.32367794870912,80.00960000000002,81.00546,78.61028796494713,89.88,87.72949553011934,87.0298395125929,87.75,89.14931203505289,81.00546,0,3.5,3.5,13.80298600096268,0.2190149300048134,-0.32948536738489864,4,10.566746640979932,42.27011971114804,0,4.7358482640220005,0.8597768293051468,89.88,81.00546,12,4,8,8,1,0,1,0,,25,,1.2015426650997407,0.7125162376921454,-0.7169342266922459,-0.33305708069640905,0,3.539096976909951,2.914811472467394,1088,89.88,80,65538,,,,,,1.3708299328594786,78.85990108419657,78.17460317460318,115.43899303241855,3,36.60428410577002,20.639011176228635,23.44838702558411,21.83392081715547,,,,33343311
2025-06-06,85.4,86.69,85.03,85.6,84.72408861097804,82.87300346320346,85.3090994116763,81.96490153872224,74.51194598895381,84.89084667816594,0,0,0,0,87.53795488780328,82.05604803146211,87.7665313332696,59.80197245022606,2,0,82.22942806182796,81.88655205369068,82.57230406996524,80.51504802114157,89.88,87.53795488780328,87.195078879666,87.88083089594056,89.25233492848967,81.86,0,2,4.5,14.880907838173968,0.22440453919086983,-0.12347681420904874,3,10.459216316883497,77.2556160115379,0,4.462588082341967,0.8416991975135352,89.88,81.86,12,4,8,8,1,0,1,0,,26,,0.4839061455660966,0.3385417554970985,-0.49964988790280385,-0.12253761622424958,1,4.7545165711177875,-0.6161548807739093,1377,89.88,12866,65536,,,,,,1.1490869771635812,77.83698212014815,76.58730158730158,114.8306394018918,3,36.23178813639127,19.791270275692156,24.662754014086627,20.685428801821857,,,,28172652
2025-06-09,86.32,87.86,86.2,87.12,85.52272574065204,83.06604848484848,85.4815661343738,82.16706226269392,74.63739926269557,85.1053309667444,0,0,0,0,87.51702517599021,82.16927712248749,93.37817505094006,42.04085390842169,2,1,87.12,86.66143656387253,87.33856343612747,83.49149251098022,89.88,87.51702517599021,,,89.20984235662758,81.86,1,3.5,8,16.724324347597346,0.23362162173798673,0.1860140661493513,3,10.569169006272485,84.01299949711358,0,0.7606433246595248,0.7606433246595248,89.88,81.86,9,4,5,10,1,0,1,0,,27,,0,-0.036422905650652204,-0.2550073277635301,0.18991219611171395,2,5.673183003132577,-1.0765383391072767,17761,89.88,4402,65536,,,,,,0.922253285412512,80.00527400806749,78.96825396825396,118.51796701204478,3,36.61267542529241,19.443749865773498,26.278355863774788,19.452565597860765,,,,22780754
2025-06-10,88.29,88.38,85.6,86.39,85.81181716043469,83.49359393939395,85.56808364538581,82.3326676641569,74.75434056356427,85.32013639166688,0,0,0,0,87.45944192785564,82.26837002623557,93.91901995017298,32.5611810070121,2,2,82.41289235459114,82.07369059247277,82.7520941167095,80.7168835439993,89.88,87.45944192785564,87.12024016573727,87.798643689974,89.15545073844747,81.86,0,2,4,15.565195744776622,0.2278259787238831,-0.004069215665334399,3,8.563753389088612,71.76970836411977,0,4.4027528623528545,0.6151821537716667,89.88,81.86,12,4,8,10,1,0,1,0,,28,,0.07829275685493119,0.028996589295200756,-0.5158597651776842,0.0032487138577559343,3,3.34154151709411,-1.1649527097809202,17761,89.88,4146,65536,,,,,,1.0218626763858778,82.18949405349699,80.15873015873017,177.05215435562468,3,29.665711946783276,18.8261558737799,24.355410862033743,19.608442789847498,,,,24494761
2025-06-11,87.59,87.6,85.94,86.58,86.06787810695646,84.07267748917751,85.66445663153955,82.4992297165429,74.87200881666314,85.53753125392868,0,0,0,0,87.43213281831818,82.33094288427564,93.83833993386494,22.57374363155542,2,3,82.490749191144,81.86,82.54,80.5408220264175,89.88,87.43213281831818,87.10233832492256,87.7619273117138,89.0811052852963,81.86,0,2,5.5,15.63734080116091,0.22818670400580454,0.020056778177297858,3,7.403936605932875,76.70211093252625,0,3.7895009324065736,0.5464319836963517,89.88,81.86,12,4,8,10,1,0,1,0,,29,,0,-0.0701954772237415,-0.38766010109236815,0.027059943256136275,4,3.1724776560087595,-2.14405670866079,17761,89.88,4130,65536,,,,,,0.6709164453956664,79.32558089880591,77.77777777777777,209.28577541337913,3,25.647988754989616,18.252675738357276,23.260844428547575,18.727211780759575,,,,15364234
2025-06-12,86.11,86.79,84.87,85.62,85.91858540463764,84.62526623376624,85.66022266663103,82.62161286491377,74.978954002567,85.75218486920305,0,0,0,0,87.36587942189733,82.38825871926646,91.23251737941548,51.78480172437298,1,0,82.54972252824633,82.2263419272361,82.87310312925656,80.9328195231952,89.88,87.36587942189733,87.0424988208871,87.68926002290756,88.98278242694846,81.86,0,2,2.5,14.192043806144191,0.22096021903072094,-0.19788084447097065,0,7.358068170077079,43.678110357711866,0,4.5335294998241835,0.9088619525280128,89.88,81.86,12,20,8,15,1,0,1,0,,30,,0,0.14038694954070854,0.03426775309527608,-0.1871004499381999,0,2.7375522001182633,1.9329882402812815,1121,89.88,4112,65552,,,,,,0.8417052788672202,78.18877297761435,75.7936507936508,206.75381148146732,3,25.489095832257707,17.17281759567692,22.027754590087504,20.688737069023507,,,,18776059
2025-06-13,84.81,85.57,83.375,83.93,85.25572360309177,84.91408225108225,85.49543955552332,82.67292216432892,75.06801913686981,85.95526457474985,0,0,0,0,87.24951144613446,82.41359596066256,60.638411429327164,73.76824738098543,4,0,82.67292216432892,82.35259553481943,82.99324879383842,81.07128901678145,88.38,86.83920305230252,86.51887642279303,87.15952968181202,88.44083619985,81.06175882219311,0,6,2.5,11.805268028948989,0.20902634014474494,-0.548454954931364,4,7.55630863936351,11.732882235832257,0,3.6072206915523766,1.556645644181153,88.38,81.06175882219311,12,4,8,8,1,0,0,0,,,,0,1.0121888713795986,-0.18257902534788167,-0.535781907327289,0,-0.6869186196570392,3.973650357303713,1088,88.38,0,65554,,,,,,0.8115602018991334,75.8497635031399,73.80952380952381,189.77033275467156,3,26.175820962098502,16.416637265516208,20.649353817166418,23.56118974105542,,,,18003031
2025-06-16,84.85,86.02,84.71,85.12,85.21048240206117,85.13438051948052,85.45968340737824,82.76888600102191,75.16803884695071,86.15603654687747,0,0,0,0,87.20152531007122,82.44353568553412,75.77475699252744,74.2685055928088,1,0,81.97457143612688,81.34235769560925,82.44353568553412,80.07793021457398,88.38,86.82640674935232,86.5102998790935,87.14251361961114,88.4069411006464,81.1721968242618,0,2,2.5,13.239617935639425,0.21619808967819712,-0.26011889531779503,0,7.450627524672279,50.65478627090341,0,3.3772484174042123,0.6465598729757648,88.38,81.1721968242618,12,20,8,15,1,0,0,0,,,,0,0.11384276661459701,0.06752522986204319,-0.24886148234524802,0,3.0704380353047434,1.4484232574313622,1088,88.38,64,65536,,,,,,0.5646965298830354,72.17650875193198,70.63492063492063,179.648436451185,3,25.80973084200705,15.488753436343847,20.70140590482108,22.170303710551394,,,,12254177
2025-06-17,84.57,85.4798,84.24,84.76,85.06032160137411,85.24423939393938,85.39304689238983,82.84696890294262,75.26348124648354,86.35142873212921,0,0,0,0,87.14162324582837,82.47178994875048,68.03049961797457,77.7701250151897,1,1,82.13828678877543,81.86,82.47178994875048,80.64161019618155,88.38,86.81043286555423,86.50583541459962,87.11503031650885,88.3334201203273,81.86,0,2,2.5,12.617697980798843,0.2130884899039942,-0.32258487566470323,0,7.35959864317397,27.893762367739082,0,3.2504755703237067,0.8789843051387765,88.38,81.86,12,20,8,15,1,0,0,0,,,,0,0.25946390530127694,0.1845708521085372,-0.31388484339439926,0,0.5565416691824032,1.9570200441985932,1088,88.38,0,65792,,,,,,0.6385018164867864,65.7742482808493,60.714285714285715,157.9949110806148,3,25.494397546584572,14.849756936400569,19.94907797400966,22.742289826937583,,,,13677826
2025-06-18,85.17,86.48,82.31,83.44,84.52021440091607,85.11779783549783,85.20704242644794,82.87022502439585,75.34483964204091,86.53294740417014,0,0,0,0,86.97682176687167,82.49371041587044,67.17251446270257,87.40541745878554,4,0,82.29466457783344,81.97459194480416,82.61473721086273,80.69430141268703,88.38,86.76648580449911,86.44641317146983,87.0865584375284,88.36684896964553,81.8233454030263,0,4.5,5.5,10.744147039689432,0.20372073519844716,-0.583782021325284,6,7.444882470885813,18.17902561339872,0,3.0887616693055815,1.799177820473892,88.38,81.8233454030263,12,12,15,8,1,1,0,0,0,,,0.6344511103224066,1.2662770198500497,-0.14046291535990754,-0.5741201408847588,0,1.343123213891177,4.473574896649932,1088,88.38,4112,65810,,,,,,1.198297905569492,57.21305797075684,48.80952380952381,121.84349148394209,3,25.7898293919063,15.090095597513464,17.628520561877984,25.480637350385486,,,,25976728
2025-06-20,84.47,85.37,83.6201,83.78,84.27347626727739,84.86370216450214,85.07113362392909,82.90590247441955,75.4287715859012,86.7025363386391,0,0,0,0,86.83307007507355,82.52378850770785,64.76229619280839,93.21093066403901,4,1,83.0040323156829,,,81.43182009090408,88.38,83.78,83.61555755504425,84.24444244495577,87.88553955964612,81.76155931845405,2,0,5.5,11.07167495706608,0.2053583747853304,-0.4689085298953524,6,6.751015918349212,11.420016330805367,0,0.49163834673168655,1.958964039416834,88.38,81.76155931845405,6,4,8,5,1,1,0,0,1,,,0.8273150912860379,0.8864797639221579,-0.26310000545547135,-0.46055393126087035,0,1.1126923148191343,5.969155341881094,1088,88.38,4128,65810,,,,,,1.260195284561724,51.47829700336442,40.476190476190474,120.12248965029448,3,23.386205146574195,15.313267211404009,16.662438566411062,24.084241952891787,,,,27472093
2025-06-23,83.03,85.245,82.47,85.24,84.59565084485159,84.67279610389608,85.08721613593583,82.99743571071681,75.52639574922557,86.86828925174203,0,0,0,0,86.78647499566047,82.5656896579238,65.16726749202013,92.10710665755397,4,2,83.3099925597887,82.676474447728,83.93,81.40943822360659,88.38,88.5345501155771,88.21779105954676,88.85130917160745,90.11834539572887,81.86,0,5,0,12.86120455559277,0.21430602277796384,-0.12742307758476007,6,7.018725339340803,39.722935736835915,0,4.21427579638799,0.8197231067648794,88.38,81.86,12,4,8,8,1,1,0,0,2,,,0,-0.1014236744570731,-0.18529337848700142,-0.12250266918402272,1,1.29905222189206,2.9053810762130508,17728,88.38,12368,65538,,,,,,0.840699150386712,47.422004493388634,32.93650793650794,95.04330014387635,3,24.313577784218758,15.984652703180654,15.359108284362685,25.442198070809273,,,,18407481
2025-06-24,87.99,92.48,87.91,91.65,86.9471005632344,85.25341515151513,85.71224317060862,83.33675195735537,75.68682962236761,87.06806674591046,0,0,0,0,87.06976305850282,82.85266760011835,98.11395071572497,5.831494937343881,2,0,91.65,86.6412237336861,87.3587762663139,85.90957973897761,,93.6,93.2412237336861,93.95877626631389,95.39388133156949,83.95068,1,2.5,0,21.091080782851055,0.10545540391425529,1.217486438717028,6,10.194012538871194,89.58388548049058,1,0,-0.32625691385837946,,83.95068,8,5,8,10,1,1,0,0,3,,,2.0843085407235793,-0.868528613363098,0.4961023047057128,1.2085751334683317,2,4.828860333440523,-3.2690831940336693,50531,88.38,13154,16,,,,,,1.6964356295840044,38.93497374860885,21.825396825396826,10.256474027937085,2,35.31309530063822,16.194806054659907,30.596918862168742,20.858125684447288,,,,38925080
2025-06-25,91.565,92.89,90.6,90.9,88.26473370882293,86.29650216450216,86.20631524959828,83.63334991981203,75.8382044519958,87.29299015172504,0,0,0,0,87.16696607842226,82.96472975678212,89.00545240738637,26.370674623162827,2,1,83.7225075147913,,,81.95452842119106,90.24691300558446,93.6,93.24640418127994,93.95359581872005,95.36797909360024,85.0702838,0,0,5,19.86043268935521,0.09930216344677606,0.9164366411708343,0,10.1629043710663,88.65492616982499,0,3.690318236460083,-0.07300755344890394,90.24691300558446,85.0702838,12,4,8,10,1,1,0,0,4,,,0,-0.3345778691899371,0.4979397737815516,0.9125070586807899,3,3.9320624486044236,-3.8788022174627317,17792,,66,0,,,,,,0.7584408479031703,36.04942151701411,18.650793650793652,2.3976141910437736,2,35.20533344630131,16.511028178672436,29.862955750305193,19.652019293017972,,,,17400840
2025-06-26,91.3,94.38,90.88,93.12,89.88315580588196,87.79587965367966,86.8647614163032,84.00537541315273,76.01016261665255,87.55334041045899,0,0,0,1,87.36551347396693,83.15342309077879,88.65310994844839,15.144621583138449,2,2,83.90775721357355,,,82.10981234094474,91.43361695537973,94.38,94.02041102547423,94.73958897452576,96.1779448726288,85.5523238,0,0,11.5,22.509933927702157,0.11254966963851079,1.2605040375363297,0,10.3629955061643,81.57528424304365,0,4.185812288450483,-0.15316569497644444,91.43361695537973,85.5523238,12,4,8,10,1,1,8,0,5,0,,0.03015977448393844,-0.2737463431152702,0.7776725297731725,1.2517104906597636,4,2.2549674095393577,-3.825959542286618,50496,,66,0,,,,,,1.0094935064148152,31.842200402385462,14.285714285714286,-11.29928135657445,1,35.89846947056904,17.233530423638342,30.96738275945881,17.944164919238176,,,,23657765
2025-06-27,92.1,92.51,89.97,91.53,90.43210387058797,89.27350043290045,87.30906985284575,84.300458730284,76.16458885927292,87.83545463591055,0,0,0,0,87.50581883807578,83.31302855834603,92.55391031128323,12.189079307968669,2,3,84.08338572345973,,,82.27324048459013,92.27145016345885,92.27145016345885,91.90942111568494,92.63347921123277,94.08159540232845,85.5523238,0,2,4,20.173956652109414,0.10086978326054707,0.7854036373204252,0,9.291571495118728,83.72873952215143,0,4.5234295371306406,0.08009824196302681,92.27145016345885,85.5523238,12,4,8,10,2,1,8,0,6,1,,0.29918305221930847,-0.05134888046463207,0.693289284617494,0.7820077124445866,5,3.9646050758503293,-2.6072635749376545,1344,,34,4096,,,,,,1.0864043665963365,27.27435450470531,5.555555555555555,-15.262687675936123,1,32.1869478234087,17.47577856419365,28.561615472371734,18.794429182670015,,,,24731168
2025-06-30,91.685,93.385,91.52,93.3,91.38806924705864,90.72995930735932,87.8796346287652,84.65338191733169,76.33509046266325,88.14652110834055,0,0,0,0,87.63059170153332,83.43580426959392,90.44293939011638,6.758103291439117,2,4,93.3,,,82.9896657894908,93.39245977253653,93.68926696539725,93.39245977253653,94.38,95.79128646316028,85.5523238,1,2,0,22.224260735807434,0.13645393463404815,1.04679642771945,0,9.387774244387552,87.60714486964665,0,0.00896767948048529,0.00896767948048529,93.39245977253653,85.5523238,8,4,8,10,1,1,8,0,7,2,,0,-0.09034778321851752,1.2026610476400879,1.041416295612587,6,2.2589991087325028,-5.305057867206372,54592,,322,0,,,,,,0.7303646508476562,21.389126872183855,3.5714285714285716,-34.22818957981853,0,32.52020392253153,17.96594262608116,29.427911883422983,17.907406411484835,,,,16155270
2025-07-01,92.85,93.24,90.31,92.13,91.63537949803909,91.9461051948052,88.28443133078757,84.94658262645594,76.49225374164172,88.47512196810587,0,0,0,0,87.73100082580245,83.54763898998571,86.74253924224993,15.312156099787117,2,5,85.245525656076,,,83.11962665381705,94.07626126344931,94.17300034558133,93.81868384520483,94.52731684595783,95.94458284746379,85.5523238,0,2,2.5,20.4435684575015,0.10221784228750751,0.6845864701203814,0,9.490659934313019,60.281898930708564,0,4.153882944575406,0.2160022885482107,94.07626126344931,85.5523238,12,4,8,10,1,1,8,0,8,3,,0,0.028941639701798832,0.8439110983390087,0.6828904737138639,7,1.6781555764423781,-1.1067047951973668,38720,94.38,290,32,,,,,,0.7740257699865793,20.691870013387867,3.5714285714285716,-37.06203359434258,0,32.8766104071769,17.842679278162425,27.21062833392048,19.607280241953926,,,,17124009
2025-07-02,91.88,94.1,91.55,92.05,91.77358633202606,92.87927532467532,88.64305691833161,85.22514801365374,76.64705718699852,88.81656694878646,0,0,0,0,87.80623739956347,83.63364551805287,90.05323901869801,46.800768132185794,2,6,92.05,85.27855382750457,85.98210589963233,84.85216105836705,94.38,94.19448446783078,93.8427084317669,94.54626050389466,95.9533646481502,86.3007,1,0,6,20.095935027775916,0.10047967513887959,0.58074519460735,0,9.319681545575403,45.66221208935916,0,0.3237082711760981,0.3237082711760981,94.38,86.3007,8,4,8,10,1,1,72,0,9,0,,0,0.051984562627366615,0.8826500182299402,0.5797546551075713,8,3.085315441294082,2.1501472393954115,1856,94.38,66,32,,,,,,0.632152110300431,19.927692852170182,3.1746031746031744,-38.27439931147188,0,32.28432389459727,18.012301294503118,27.632287085445334,18.3382462267213,,,,13603968
2025-07-03,92.63,94.11,92.61,93.63,92.39239088801737,93.73059696969696,89.1180038784905,85.55475005233399,76.81604169260052,89.17573478355423,0,0,0,0,87.86611353111678,83.69358514255092,90.66268944130454,34.39096217552237,2,7,93.63,91.1849579665121,91.8750420334879,89.80478983256053,94.38,94.37999999999998,94.03495796651208,94.72504203348788,96.10521016743945,86.3007,1,2,5,21.888602871109818,0.14800581894752418,0.821283534784592,0,9.375966344003588,68.98273852711894,0,0.19606765829079612,0.19606765829079612,94.38,86.3007,8,4,8,10,2,1,72,0,10,1,,0,0.00031012676188524324,1.3085024367358007,0.8152983696133939,9,2.6897671573520094,-1.2490197781788086,42816,94.38,50,32,,,,,,0.3877584746273191,19.274783118993756,3.1746031746031744,-40.655177215734035,0,32.479300155740056,18.173193889006814,26.185193430167665,17.360705201678453,,,,8112562
2025-07-07,93.54,97.12,93.54,96.68,93.82159392534491,94.73351688311689,89.83819398530093,85.99103436400716,77.01369301904231,89.56626519022979,0,0,0,0,88.18704857894448,83.97361403897175,94.9020755301031,23.58762452259893,2,8,96.68,91.17763954033268,91.88236045966732,90.72175134263101,,97.12,96.76763954033268,97.47236045966733,98.88180229833665,88.23468,1,6.5,0,25.53611729292742,0.2120483079133397,1.3196497903638376,5,9.705913881459322,89.15571266815046,0,0,-0.3860194718720634,,88.23468,8,4,3,10,1,1,104,0,11,0,,1.278492556174859,-0.06517314188446113,1.6749417715896209,1.305861185081086,10,5.892095503926138,-2.120223576819935,53056,94.38,66,32,,,,,,1.437292099358857,22.813597174781222,5.555555555555555,-32.147365869357735,0,33.622271953151184,19.242475581845866,31.436943292968355,15.785833430334277,,,,29817173
2025-07-08,96.89,97.6,95.11,97.48,95.04106261689661,95.82379480519482,90.5659850343199,86.44158203600688,77.21733786462397,89.98607800806143,0,0,0,0,97.48,84.17174731337636,89.55136571158585,32.17983208608521,2,9,91.53,91.18057600173748,91.87942399826252,89.7828800086874,94.38,97.6,97.25057600173747,97.94942399826252,99.3471199913126,89.74608,0,3.5,0,26.241078358464215,0.1983774591858796,1.3136712380908475,0,9.697151836675207,52.9664573874592,0,1.6312560180018347,-0.4027480412802243,94.38,89.74608,10,4,8,10,1,1,104,0,12,1,,0.03204441139365555,-0.03194479293897745,1.5373765391484682,1.3002099188467608,11,1.7909790452934802,-0.05786291977373592,38720,94.38,818,4128,,,,,,1.010838116228589,27.27472667708937,7.936507936507937,-18.805691329207335,1,33.591919339662624,20.364265763307078,30.663272374388093,14.781457927543013,,,,20586820
2025-07-09,97.5,97.715,96.1,96.64,95.57404174459774,96.72906883116885,91.14446265009896,86.84151999537916,77.41059818437896,90.4223277141742,0,0,0,0,97.1278704683762,84.30237872330166,88.719250406688,44.85715434507199,2,10,91.53,91.19111521589909,91.86888478410091,89.83557607949544,94.38,97.1278704683762,96.78898568427529,97.46675525247711,98.82229438888076,89.74608,0,2,5.5,24.840787006735,0.124203935033675,0.9913226132253374,0,9.7359756937669,48.92152302187735,0,1.6819875861710731,-0.33213686072522386,94.38,89.74608,8,4,8,10,1,1,104,0,13,2,,0,0.06982388272561713,0.47469437573767786,0.9825065032545601,12,2.2023804441599797,0.8449224383044259,34624,94.38,50,48,,,,,,0.7440620619186187,31.028305618073986,12.301587301587302,-7.999972655221891,1,33.72640912571983,21.43806099592065,29.661531130849973,14.152502736212897,,,,14858918
2025-07-10,96.07,97.45,95.12,96.4,95.84936116306515,97.3801541125541,91.6449900167562,87.21636234850155,77.59954745617618,90.8667450203025,0,0,0,0,96.90492384585535,84.43442538655272,87.93086846439543,34.41203581362989,2,11,91.53,91.19451770047773,91.86548229952227,89.85258850238863,94.38,96.90492384585535,96.90492384585535,97.5758884448999,98.91781764298901,89.74608,0,2,4,24.227528587639316,0.12113764293819658,0.8218186987685161,0,9.666785055631708,63.462924490501166,0,1.6990464200694828,-0.30851887050889426,94.38,89.74608,8,4,8,10,1,1,104,0,14,3,,0,0.10918736390694059,0.5424374605827245,0.8133703927376944,13,2.1114882775463926,-1.0993254821984535,34624,94.38,34,48,,,,,,0.8014669503606154,33.80609888084145,17.46031746031746,0.9537306187132077,2,33.48672572440331,21.85800893297713,27.822191820131852,15.883078087761612,,,,15650890
2025-07-11,96.125,96.835,95.27,95.39,95.69624077537676,97.65919913419911,92.00165763420799,87.53689715836423,77.77656688447294,91.3075414620777,0,0,0,0,96.6080538530942,84.52875758747139,86.87286600997038,40.21610570674176,2,12,93.63,93.30450750758645,93.95549249241354,92.00253753793228,97.715,96.6080538530942,96.28256136068066,96.93354634550775,98.23551631516192,89.74608,0,0,6,22.646195147298727,0.11323097573649364,0.5247215683534387,0,9.794954375746984,51.9740971213166,0,2.510042532600085,0.6863544691741961,94.38,89.74608,12,4,8,10,2,1,104,0,15,0,,0,0.24450390632576646,0.11355379576485013,0.5218301791454268,14,1.9599967190183936,0.22729272773127734,51008,94.38,50,288,,,,,,0.6425211686260383,35.88328491709517,18.253968253968253,5.754572260133662,2,33.93071727322574,22.247960588815285,26.627800375591196,15.201226251513875,,,,12453518
2025-07-14,95.19,95.48,93.56,93.89,95.09416051691784,97.53243852813851,92.18149976428342,87.7860384462715,77.93689955228913,91.73395298102619,0,0,0,0,96.1087785115872,84.6204083484397,93.10097778036334,49.586653910529265,2,13,93.63,93.31061411418742,93.94938588581257,92.03307057093711,97.715,94.11,,,95.70692942906288,90.99371000000001,0,0,4,20.4692520992674,0.102346260496337,0.16668976949636946,0,9.88636292749799,77.2726191152137,0,2.5580341408055753,2.059852108612612,97.715,90.99371000000001,5,4,19,10,1,1,104,0,16,1,,0,2.020781590571404,0.13047133751824452,0.16728052644632585,15,6.223410778468439,0.9229285595340498,1856,97.715,34,288,,,,,,0.7464173750326085,37.416547746135066,19.047619047619047,9.253797740382227,2,34.2473657849838,21.630142997919073,25.198568220557416,19.165688428789917,,,,14300220
2025-07-15,95,95.16,91.85,92.21,94.13277367794522,96.96904545454547,92.1842140724469,87.95952713465302,78.07892045226636,92.13459001528274,0,0,0,0,95.36056357004782,84.71527516898001,94.99445430914544,62.27233230559462,2,14,88.3670977821305,88.0409716024474,88.6932239618136,86.73646688371498,97.715,93.87,93.5438738203169,94.1961261796831,95.50063089841552,88.9175,0,0,6.5,18.09845662040459,0.0949367275464674,-0.19106814024766897,0,9.839010083977046,56.087849669313634,0,5.7326904739465245,1.005748916293459,97.715,88.9175,12,4,8,8,1,1,104,0,17,0,,0,2.4378214569257484,-0.3147115098542778,-0.1854289057823316,16,4.144356170663586,1.901832148660003,1856,97.715,18,576,,,,,,0.9638025120613414,38.523514219532906,21.03174603174603,13.027434238523504,2,34.08333072326153,20.21277463867846,22.915072652898296,22.110472479125658,,,,18488377
2025-07-16,92.65,92.75,89.81,90.75,93.00518245196348,96.00035021645022,92.04762225602339,88.068957443098,78.20500084577614,92.50138675258363,0,0,0,0,94.64678325161165,84.78642326026285,51.69576592875983,75.08445209263533,4,0,90.31,89.98091854743711,90.63908145256289,88.66459273718559,93.6,93.98799239264987,93.6,94.64615529777564,95.96248110802716,87.32,0,7.5,1.5,16.041172583020842,0.08020586291510422,-0.4680102693757133,4,9.994662893559589,10.494066213249454,0,3.3770729306881555,1.3666395292753057,93.6,87.32,8,4,8,8,1,1,104,0,18,1,,0,2.3571508041463645,-0.3510527542893076,-0.46014886241854047,0,-2.7461059216779744,2.463562767325012,1600,97.715,0,530,,,,,,0.9071664010155477,39.25584533285449,21.825396825396826,13.382377732791968,2,34.62252787233715,19.49813062558258,21.087194927022395,25.881662435856427,,,,17646529
2025-07-17,91.205,91.4,89.9,90.5,92.17012163464231,94.79798441558441,91.90022966021164,88.16429244532945,78.32733914581817,92.83383057320668,0,0,0,0,94.1112487993821,84.8502284666987,30.135739696015946,84.48658110656211,4,1,90.31,89.99103150833447,90.62896849166553,88.71515754167234,93.6,93.90664538724792,93.58767689558239,94.22561387891345,95.50148784557558,87.32,0,8.5,1.5,15.540756250535438,0.07770378125267718,-0.48712676460524557,4,9.98418364951075,8.053429407083293,0,4.129966162397398,1.7368479697107806,93.6,87.32,13,4,10,8,1,1,104,0,19,2,,0,1.933909182338805,-0.3738414681745303,-0.48408913035858403,0,-2.71543595718777,3.4626297139969533,1600,97.715,0,546,,,,,,0.861827471573234,39.64258134348493,21.825396825396826,14.61956136571173,2,34.586226706102146,18.83453261342212,20.201785249952056,24.794942535050208,,,,16903582
2025-07-18,90.8,91.17,89.405,90.59,91.64341442309488,93.52943333333333,91.77544588304862,88.25941823178712,78.44935567173043,93.13422454591226,0,0,0,0,93.76610533380729,84.90366145274011,35.537203472633664,80.83583397787135,4,2,88.60065884777907,88.2887148912325,88.91260280432564,87.04093906504623,93.6,93.76610533380729,93.45416137726072,94.07804929035386,95.32582511654013,87.32,0,6,1.5,15.47577315876478,0.0773788657938239,-0.4390836559468903,4,9.788408969609137,28.108677803080454,0,4.132861174917485,0.8481116709931038,93.6,87.32,12,4,10,8,1,1,104,0,20,3,,0,1.5759345854238156,-0.5623488386943436,-0.44419039204705646,0,-0.048668554880783255,1.4450558068523527,1600,97.715,32,2,,,,,,0.74758428992527,39.732413509857736,22.22222222222222,17.176957494788322,2,33.90804332125189,18.424200834493927,19.1812221517155,24.95914689386782,,,,14223531
2025-07-21,90.85,91.93,90.5296,91.16,91.48227628206325,92.38296883116881,91.71683198942495,88.37316653642293,78.57582974464853,93.40711276867667,0,0,0,0,93.5647499679931,84.95302261060488,25.275587225177272,86.5920691467403,4,3,88.67006917413163,88.23468,89.07260000000004,87.02601673282703,93.6,93.5647499679931,93.26258415119986,93.86691578478633,95.0755790519593,88.23468,0,2,2,16.015319591593013,0.08007659795796507,-0.30163727317390865,4,9.790783170751657,11.291743979999978,0,3.527910618453741,0.5902297717011801,93.6,88.23468,12,4,10,8,1,1,104,0,21,0,,0,1.1534915219454,-0.8553114753468851,-0.3140505811706471,0,-1.8713409498703264,3.140853418149223,1600,97.715,80,18,,,,,,0.6654248354090101,38.95277098683195,21.428571428571427,14.849815498481304,2,33.91626779526436,17.636074557457153,20.633198592883794,23.926341531250557,,,,12150601
2025-07-22,91.48,92.26,89.88,91.79,91.58485085470883,91.51032251082252,91.72380037138447,88.50716000558282,78.70731402579631,93.6569989013117,0,0,0,0,93.44320841615516,85.00396823767737,60.09554817680551,77.55498981253882,4,4,88.83249095016545,88.5306584060003,89.1343234943306,87.3233282293397,97.51476598070089,93.44320841615516,93.14137587199001,93.74504096032031,94.95237113698091,88.9175,0,4,0,16.621944397589086,0.08310972198794543,-0.1716419270283305,4,9.69988373751698,65.84034868878935,0,2.9988207061454975,1.281662560993279,97.51476598070089,88.9175,12,4,8,8,1,1,232,0,22,0,,0,0.8002375538266985,-0.8697681796856044,-0.18418178241579936,1,4.342389623162889,0.8569018405569184,1600,97.715,8480,2,,,,,,0.6452724963543864,31.60602598872922,12.698412698412698,-5.93831788916749,1,33.60138292178101,17.19750838368766,19.180553811614367,24.163444003612753,,,,11561753
2025-07-23,92.7,92.7,89.865,89.94,91.03656723647255,90.72609090909091,91.55391462172881,88.56334980928546,78.81908204544013,93.87396849135915,0,0,0,0,93.09524876395805,85.0624941577036,67.0087543189884,83.3592271751222,4,5,88.83661269549644,88.53102711877166,89.14219827222122,87.30868481187252,93.6,93.09524876395805,92.78966318723327,93.40083434068283,94.62317664758197,89.405,0,0,1.5,14.10942333500983,0.07054711667504915,-0.536093436067522,4,6.777295620677024,32.24565608831646,0,2.415198258706801,1.3909394117869123,93.6,89.405,12,4,8,8,1,1,232,0,23,1,,0.35283230443930635,1.3096237568831661,-0.9987636239016542,-0.5445626138947521,0,1.82922184692835,2.6300640362259857,1121,97.715,4144,18,,,,,,1.101504575022748,28.808674474937142,8.73015873015873,22.70894538196139,3,23.47724070585331,16.54078943552418,18.877363371501442,22.16191898761928,,,,18617929
2025-07-24,91.05,93.61,90.87,90.87,90.98104482431503,90.1691199134199,91.48877989584987,88.65380667950956,78.93899167682878,94.06705405200894,0,0,0,0,92.84784999955214,85.14793477357361,63.61874209292958,87.14799575041194,4,6,88.80616275411089,88.23468,89.43921453945691,86.96857642930794,93.6,92.84784999955214,92.84784999955214,93.48090178489817,94.74700535559022,89.405,0,0,4.5,15.114214242837074,0.07557107121418538,-0.3257954229566708,4,6.820566544331405,24.814624801682623,0,1.8128322091218672,0.6997445805444099,93.6,89.405,4,4,8,8,1,1,232,0,24,2,,1.231657692487866,0.828085453480303,-0.8554713750600241,-0.33584870904519315,0,0.9933395774798592,2.8945842302723186,1121,97.715,4144,2,,,,,,1.362792004035958,30.879292029652493,11.507936507936508,30.69418390560226,3,23.62713558237295,15.427832832038721,19.490043908221928,19.86764034499311,,,,23446209
2025-07-25,90.49,91.38,89.5,91.29,91.08402988287669,89.87195887445885,91.4698484771975,88.75718680972487,79.06188728203446,94.2414485049438,0,0,0,0,92.7517524705756,85.2009068212033,72.20056924287806,81.86919781304317,4,7,90.59,,,89.0364869268753,97.56920523377086,92.7517524705756,92.44104985595065,93.06245508520054,94.3052655437003,89.405,0,5,0,15.466507489689265,0.07733253744844633,-0.23402444271470807,4,6.35794505530524,45.20147973203328,0,2.1543123958680335,2.786407280550693,97.56920523377086,89.405,12,4,8,8,1,1,232,0,25,3,,0,0.5596770800597728,-0.689632176509953,-0.24597189886383253,0,2.3545764824608906,1.4004340545945189,1121,97.715,4112,18,,,,,,0.8294484386837664,37.774712780329054,20.634920634920636,71.51171017187042,3,22.02456773503998,15.070891810412665,18.43709393915148,22.73122021034414,,,,13864112
2025-07-28,91.31,92.35,90.24,90.6,90.92268658858445,89.7221502164502,91.38700576508346,88.82945399365722,79.17669437375551,94.39505907475429,0,0,0,0,92.64609391378353,85.23960775426087,78.14840476048029,75.82369281170739,4,8,90.59,90.28265114356256,90.89734885643745,89.05325571781277,93.6,92.64609391378353,,,94.4901870524082,89.405,0,0,0,14.427611201246282,0.07213805600623141,-0.36718215629267975,4,6.169732149469091,51.381410749492844,0,1.9586863181399938,1.939557840652083,93.6,89.405,1,4,5,8,1,1,232,0,26,4,,0,0.7554661522032979,-0.6008188457369757,-0.3822330651080023,0,2.6605417584456674,0.9356767250202703,1121,97.715,4128,2,,,,,,0.7227313150950803,43.30261510909329,28.96825396825397,102.60828091217135,3,21.372579103943206,14.203371279762452,20.1248495212719,21.337885102021794,,,,11606054
2025-07-29,88.885,89.16,86.36,87.11,89.65179105905631,89.34154069264068,90.97967188269456,88.76202442527851,79.25563273819576,94.50907010453626,0,0,0,0,92.11719216476241,85.26801023061891,95.29406665642931,77.2897987113094,4,9,87,86.67674749045095,87.32325250954905,85.38373745225472,89.88,89.08761479462046,,,90.70387734236574,87.20909502516817,0,8.5,1.5,9.910169145642286,0.04955084572821143,-1.0388031347538296,4,6.927989405800284,59.05600157062046,0,1.7818887185238914,1.6046226592924542,89.88,87.20909502516817,1,4,5,8,0,1,232,0,27,5,,1.6816356926777232,1.9040504393866073,-0.8496188902900947,-1.0558470783009284,0,4.450857897353979,1.765798215546042,1088,93.61,32,274,,,,,,1.5131828691106604,44.07530622438213,29.761904761904763,83.65277732640187,3,23.999259290290013,14.968064513204293,17.767963555040385,29.555901269676703,,,,24966230
2025-07-30,87.24,87.805,86.475,87.64,88.98119403937088,88.8561761904762,90.6616078938665,88.71802346742446,79.3390592781142,94.59146445141552,0,0,0,0,91.84580069550293,85.29209156889628,78.154113893059,80.41045417724793,4,10,86.6725669199288,,,85.11237669702246,91.04,89.02354080036777,88.7115027557865,89.33557884494904,90.58373102327411,86.57094975714807,0,4.5,0,10.462615510460962,0.05231307755230481,-0.8584098394984201,4,6.919161167912232,34.78026223020967,0,1.5719820616815425,1.3451371476100884,91.04,86.57094975714807,4,4,8,8,0,1,232,0,28,6,,0.07483176226941328,1.5448148771684824,-0.6068241233446462,-0.879366854712885,0,1.5436096604837584,1.8725023122932822,1088,93.61,32,18,,,,,,1.022848520279278,44.77302731460846,30.555555555555557,86.79807237618871,3,23.96867737716319,15.678136801400289,17.0917813686687,28.43111429683049,,,,16862770
2025-07-31,87.525,88.84,86.61,87.75,88.57079602624725,88.33999177489179,90.38431190397445,88.68006176281958,79.42275023057078,94.64638685148938,0,0,0,0,91.61093631245217,85.31688092446667,71.47311014606008,74.83590705305883,4,11,87,,,85.45169836444411,91.04,88.95663291430952,88.64697258719835,89.2662932414207,90.50493454986541,86.01894531723542,0,5,1.5,10.484715960168243,0.05242357980084122,-0.7801588880280319,4,6.927654728013405,40.03375908864526,0,1.8973612955071144,1.4314918238328878,91.04,86.01894531723542,4,4,8,8,0,1,232,0,29,7,,0.0541887990159525,1.4240656174646757,-0.5618775676023836,-0.7982571645344758,0,1.2532179648246036,0.9031555686563749,1088,93.61,48,2,,,,,,1.0162400266024327,45.39505294580255,31.349206349206348,89.16102972161364,3,23.998099932427934,15.753335510507208,18.977065069160567,26.603034481538433,,,,16922440
2025-08-01,86.505,87.055,85.42,86.91,88.0171973508315,87.77930086580088,90.05342505597689,88.61064757604234,79.49725022827654,94.67142923857445,0,0,0,0,91.3730114172225,85.33167978236939,71.98055169736637,82.73722073969277,4,12,85.32604949565052,,,83.78432297692005,89.88,87,86.6916546962539,87.3083453037461,88.54172651873047,85.3237197218358,0,7,0,9.324536069408346,0.04662268034704173,-0.8994688694148628,4,6.6492114492633085,28.777402139482856,0,1.0872747259640618,0.9501941429231398,89.88,85.3237197218358,6,4,8,5,0,1,232,0,30,8,,0,1.6888271445898726,-0.6889788646061292,-0.9220962056183778,0,1.7317312256758903,2.847036787735455,5184,93.61,304,18,,,,,,0.9236453254028166,45.5156349613611,31.746031746031747,97.60586873944328,3,23.033544120785475,16.269183835069736,17.696712412983842,28.253981863457216,,,,15732456
2025-08-04,87.7,88.59,87.41,88.43,88.15479823388766,87.43281385281387,89.89881314588385,88.60356335737401,79.58613331058224,94.67829221712798,0,0,0,0,91.23633542589995,85.35912954498845,66.15074710510488,76.32421161124253,4,13,85.22338568380586,84.92206504461306,85.52470632299865,83.71678248784187,91.04,88.8730484399049,88.57172780071211,89.1743690790977,90.3796516358689,85.5523238,0,2,0,11.112321106121428,0.05556160553060714,-0.5359637885430335,4,5.942585288476953,37.32697633180047,0,2.2041136304507614,0.5537618396068686,91.04,85.5523238,12,4,8,8,0,0,232,0,,9,,0,0.3502994107782423,-0.5668466254257394,-0.5641923147782388,0,0.9984744259997553,0.9440972984588485,5184,93.61,304,2,,,,,,0.9288172687521932,45.39492584071131,30.555555555555557,120.51658816574526,3,20.58571929590687,15.919482783141941,21.36418448211038,26.847474399888863,,,,15138877
2025-08-05,89.37,90.955,89.05,89.39,88.5665321559251,87.34925887445887,89.85035475103777,88.63440401002602,79.68368422291475,94.67432919239855,0,0,0,0,91.10065141329568,85.41921311689637,87.74979284205415,83.04679629062309,4,14,89.39,88.59993951119039,89.20462426969131,86.63126096599633,93.6,91.23950704354553,,,92.75121893979782,86.84129,1,0,5.5,12.181057981621276,0.060905289908106376,-0.31575550120371676,4,6.005120500823747,45.86971081894873,0,1.526059532311093,1.526059532311093,93.6,86.84129,8,4,8,8,1,0,232,0,,10,,2.3087417664508405,-0.20261025894535242,-0.5292815045203849,-0.34950405526563144,0,3.0652622051578726,1.938596579034991,1088,93.61,304,2,,,,,,1.5611096152998782,44.60937980420096,28.96825396825397,114.44396856653196,3,20.80234762600038,15.046732904269062,26.75528856025751,24.845549550774734,,,,25855952
2025-08-06,90.95,90.96,86.3,89.22,88.78435477061673,87.44961082251079,89.79032096522465,88.65736855865245,79.7785729371146,94.65938218563898,0,0,0,0,90.90793721750084,85.50523860932175,98.50968493496154,85.71736080460674,4,15,88.92864803479331,88.60629439691789,89.25100167266874,87.3168798454162,93.6,91.18811659133357,,,92.79988478071068,86.3007,0,5.5,5,11.834539921298909,0.059172699606494544,-0.34909318514586873,4,5.991933997025035,67.58088782850739,0,2.898277801978442,2.301483692162288,93.6,86.3007,13,4,14,8,1,0,232,0,,11,,3.434281004550136,-0.11910301926887853,-0.3082265032345446,-0.37454284330600984,0,6.028223089209427,2.2093474988422788,1121,93.61,4112,258,,,,,,2.2531753810823436,43.66515778630462,27.77777777777778,110.36689168010811,3,20.756668236893244,14.781110056915805,23.301903884198985,29.255627943881706,,,,40169819
2025-08-07,90.72,92.74,89.16,92.67,90.07956984707782,88.03213636363634,90.06457611139373,88.81472665439156,79.90684584321296,94.65584343572463,0,0,0,0,91.02744833383211,85.61856088075895,96.50457098795921,3.234305640662427,1,0,92.67,90.95870733625854,91.62129266374147,87.36931738013655,93.61,93.46170731707318,,,94.93517065496586,89.74608,1,3.5,0,15.97254155398639,0.07986270776993196,0.35405245894222354,0,7.3133570110170005,91.89407677487502,0,0.17733565040802474,0.17733565040802474,93.61,89.74608,8,4,8,10,1,0,232,0,,12,,1.4600049706913325,-1.0119170037096636,0.03225446828761014,0.3436866925780646,1,4.424179008793535,-4.531304358815817,17761,93.61,12336,0,,,,,,1.5441084632765794,42.87341324496138,26.58730158730159,69.2312890015358,3,25.33421183394301,13.804836019159186,25.85087973928569,26.4329416827732,,,,28522247
2025-08-08,92.96,94.31,88.91,89.56,89.90637989805188,88.55492380952379,90.01652124364195,88.8439530601017,80.00289712835512,94.6443200716173,0,0,0,0,90.94134617414481,85.67503189501403,62.56357858387603,66.29954731649892,4,0,89.06914929976226,88.71330611200233,89.42499248752219,87.28993336096259,93.6,93.74068318508787,93.38483999732794,94.0965263728478,95.51989912388754,86.43780537177855,0,0,3,11.945945977820845,0.05972972988910422,-0.3495359899051255,6,7.95520002472873,16.884735464525136,0,4.104548331686007,1.7796834377131316,93.6,86.43780537177855,12,4,8,8,1,0,2280,0,,0,,1.0169322799265421,-0.06313316944804595,-0.4408709281091783,-0.346141940820364,0,-0.5036508026437363,2.695873244865469,1121,93.61,8208,18,,,,,,1.3681121014314224,41.91969741420599,26.19047619047619,52.11653076733784,3,27.557621254406694,13.318253682370848,26.2876002327942,22.85146128241753,,,,26212493
2025-08-11,89.81,91.43,88.92,90.58,90.13091993203459,89.10957272727273,90.07018588710461,88.91203333225457,80.1081419330481,94.63156547354119,0,0,0,0,90.92834852362361,85.71931801466165,65.6563040598143,74.49326160209498,4,1,89.16763285663433,,,87.4034501991775,93.20258200080139,90.92834852362361,90.57551199213225,91.28118505511497,92.69253118108044,87.32,0,5,1.5,13.07215198637855,0.06536075993189276,-0.12973170918173024,6,7.962774301366388,42.762443379968936,0,2.04533726049958,0.8256070785108817,93.20258200080139,87.32,14,4,8,19,1,0,2280,0,,1,,0,-0.3072681411791798,-0.20755917707027585,-0.12412196656424858,1,1.4912162533964217,1.9048040616796476,17505,93.61,16416,2,,,,,,0.8646592513279763,41.27738794204955,25.793650793650794,49.64326588848253,3,27.583859318340707,12.866427226781676,24.617920804804918,21.400031160806517,,,,16668940
2025-08-12,91.19,92.555,91.14,91.73,90.66394662135639,89.78244025974027,90.22826342166609,89.0225418290289,80.22378231182374,94.62481923359937,0,0,0,0,90.9494542275474,85.75983877368306,76.98899190860696,44.48242629982279,1,0,89.25256340483506,88.9072955541645,89.59783125550561,87.5262241514823,93.11802191600702,92.7250967834041,92.35,93.4156324847452,94.79670388742741,88.9175,0,2,1.5,14.342651713244422,0.07171325856622211,0.09517243606105764,6,7.894050359971228,75.86046688457084,0,2.2391071185253835,0.3301845688314827,93.11802191600702,88.9175,4,4,8,10,1,0,2280,0,,2,,0,-0.3898737918957836,0.4496841429034639,0.10294315469431632,2,2.697668598837794,-2.368881471645505,17505,93.61,8224,0,,,,,,0.6601891733135712,41.60635984402338,26.19047619047619,52.14903604969459,3,27.3457926019551,12.861825124114798,26.269837215665557,20.3070634252264,,,,12530490
2025-08-13,92.05,92.2,89.91,90.83,90.71929774757092,90.34864632034632,90.2855716672217,89.093422541616,80.3293168161837,94.61879264224409,0,0,0,0,90.94536568110864,85.80543515034425,82.47458980816415,48.62111540172069,1,1,89.40917919819042,89.06812690828204,89.75023148809879,87.70391774864855,93.12634707308942,90.94536568110864,,,92.6506271306505,87.32,0,2,3,13.072043433214848,0.06536021716607425,-0.11963041219998638,6,7.789485540227153,57.385902302793696,0,2.179822851151451,0.7345766644804944,93.12634707308942,87.32,12,20,8,15,1,0,2280,0,,3,,0,-0.16220377531022942,0.2501222446332849,-0.10969201563636917,3,2.651553933706319,0.14733932368820923,1088,94.31,4144,0,,,,,,0.8905100858418596,42.741744823345556,27.77777777777778,58.399150700992486,3,26.98356944099306,12.305583486476115,24.69493399376528,22.309710479959342,,,,16867321
2025-08-14,90.35,92.32,90.105,91.4,90.94619849838061,90.89586233766235,90.39170769891487,89.18387655959184,80.43947286776397,94.61713050975204,0,0,0,0,90.95838197316017,85.8484281363867,86.93813147929748,30.333220774088183,1,2,89.54559037809332,89.20912218032126,89.88205857586539,87.86324938923302,93.22711186038937,92.77037332324657,92.43390512547451,93.10684152101864,94.45271431210688,88.23468,0,2,0,13.625806760636367,0.06812903380318185,-0.01175188536882133,6,7.807438912205541,80.07214200781812,0,2.188332512061115,0.5166074913020611,93.22711186038937,88.23468,12,20,8,15,1,0,2280,0,,4,,0,-0.24807910391129687,0.31891225894455133,0.00032177704270400877,4,3.1515948695199127,-2.6508598652086874,1088,94.31,4144,0,,,,,,0.7716978268445813,42.838585518291445,28.174603174603174,58.39297085003724,3,27.045761745860563,11.83752705752106,23.56185941731289,20.99839973370923,,,,14525102
2025-08-15,91.65,93.9,90.86,92.6,91.49746566558707,91.47873679653682,90.60202125139917,89.31784218470588,80.56047313773647,94.62514969389854,0,0,0,0,91.00809030790506,85.90454547690594,77.35294383390014,49.802698251639995,4,0,89.66408533600897,89.32450772379205,90.00366294822588,87.9661972749244,93.51630859182283,93.81608037193556,93.13692514750173,94.31,95.66831044886766,89.74608,0,2,2.5,14.94470724083164,0.07472353620415821,0.21498172489328757,6,7.907638082024321,41.28003269718992,0,2.268832288833672,0.19774441127246986,93.51630859182283,89.74608,12,4,8,10,1,0,2280,0,,5,,0,-0.3362630185375505,0.6265979645777073,0.22959347656234871,5,1.4308255963415597,0.9038329983690441,1088,94.31,4144,2,,,,,,0.8380501917072902,41.923770893674764,27.38095238095238,53.046334188773514,3,27.392861851865263,12.022280914308192,25.83285159637763,19.31997175820239,,,,15841814
2025-08-18,92.22,94.4,91.89,93.98,92.32497711039139,92.15521212121212,90.92373351317067,89.5006719029527,80.69400076820675,94.64892918465294,0,0,0,0,91.09879981714276,85.97373564630844,76.71214498194841,66.43923429178143,4,1,89.78126491632807,89.44353213355522,90.11899769910092,88.09260100246384,94.03411503294812,94.18095703154025,93.8432242487674,94.51868981431309,95.86962094540448,90.99371000000001,0,3.5,0,16.464667887712302,0.08232333943856152,0.4571632697273939,6,8.011297836384049,44.37845479509959,0,2.5184704201371235,0.009191670714141358,94.03411503294812,90.99371000000001,6,4,8,8,1,0,2280,0,,6,,0,-0.3759999992900858,0.6083591340649115,0.47090026250124706,6,1.9821266896974707,1.9413423781402712,21824,94.31,4672,2,,,,,,0.861503716305996,38.76205108183949,22.61904761904762,39.67325321999943,3,27.751949774367578,12.379673225135543,25.44051750374017,18.03796897622089,,,,16471274
2025-08-19,94,96.595,93.85,95.32,93.32331807359425,92.99457272727273,91.34242555953537,89.72888084793495,80.83953309887136,94.69365935538457,0,0,0,0,91.25819628655434,86.07557134550757,78.85779885234332,45.5949350459525,3,0,91.83029,91.4921720588538,92.16840794114621,90.13970029426893,94.31,97.715,97.3768820588538,98.05311794114621,99.40558970573107,91.83029,0,0,8,17.912605808123853,0.08956302904061927,0.666439582058433,0,8.094883064320307,66.36036733616181,0,1.466772210663428,-0.19496941439172133,94.31,91.83029,8,12,15,10,1,1,2248,0,0,7,,0.23582654273300985,-0.3603825018935475,0.6774826796177599,0.6813680150780547,7,2.0336460527560556,-1.5826083691247823,21888,94.31,832,0,,,,,,1.080472982296613,34.44140260471221,17.857142857142858,22.82297907887391,3,28.041497497463226,13.456345706302727,29.392693474414873,16.730462809250987,,,,21177259
2025-08-20,94.83,94.96,91.44,93.73,93.4588787157295,93.68905454545454,91.56981360148438,89.88578748134927,80.96779645112139,94.74551616662643,0,0,0,0,91.32339989977557,86.1349482712102,86.8454824399387,56.1669063752721,1,0,92.85,92.50139048322137,93.19860951677862,91.10695241610685,95.18778759683302,94.6795947776139,,,96.42264236150704,89.74608,0,5,4,15.76207345173695,0.07881036725868475,0.25750442192502854,0,7.999910436299216,61.31550819180624,0,1.3412069862209453,0.5557610185131875,94.31,89.74608,8,20,8,15,1,1,2248,0,1,8,,0,-0.06751937193946095,0.4795008316444512,0.27108374489216935,8,3.8798121122500397,0.9285312546075766,5440,94.31,288,4128,,,,,,0.7820743217586543,28.998500462753057,9.523809523809524,4.640496800430461,2,27.71250266334149,13.278363660498105,26.47181256878962,21.24036459213693,,,,15194791
2025-08-21,93.62,95,92.81,94.23,93.71591914381966,94.24271904761905,91.8231646870573,90.05614875659047,81.09975867548835,94.80543840880858,0,0,0,0,91.38689447001019,86.18776453046924,91.4103712895375,48.14007707151609,1,1,94.23,92.5067375915627,93.19326240843729,90.06390073250162,95.6230472610208,94.31,,,96.02631204218649,90.99371000000001,1,5.5,4,16.190234766358376,0.08095117383179189,0.3150666377749471,0,7.961590253500377,74.23768873815997,0,0.3343768766838051,0.3343768766838051,94.31,90.99371000000001,0,20,8,15,1,1,2248,0,2,0,,0,-0.10481014892010337,0.04760532400301919,0.32858489530869733,9,4.2288402312415485,-0.5343315571965148,5440,94.31,304,0,,,,,,0.6806519325258682,28.93292404366128,9.126984126984127,4.906375191228914,2,27.57975765621566,13.127766633542578,25.06791811268777,20.03043022119309,,,,12864137
2025-08-22,94.46,97.54,94.29,96.79,94.74061276254645,94.9434168831169,92.29619662162327,90.32022135437124,81.25588047971235,94.88707992957433,0,0,0,0,91.52620139496443,86.27091184793693,88.04118616500814,43.726452718261584,2,0,92.64651162790697,92.2982143915009,92.99480886431304,90.90502544587666,96.5642590635155,97.715,97.36670276359393,98.06329723640607,99.45648618203032,91.83029,0,2,0,19.11753269865331,0.09558766349326656,0.7885582564905805,0,8.342859845746194,53.52872507527894,0,2.2496574914197747,-0.038358863646461516,94.31,91.83029,12,4,8,10,2,1,2248,0,3,1,,0,-0.31642147070156046,0.8783659045207056,0.7964042024536384,10,1.8388051032443422,-0.13890859756296858,54592,94.31,338,32,,,,,,0.8208705362698006,28.30787405015406,8.333333333333334,-2.0506216979323675,1,28.900514266517302,13.852544578361728,29.452135024957457,18.330816533770957,,,,15584856
2025-08-25,95.66,97.5,95.125,95.16,94.8804085083643,95.50343463203463,92.56893980051629,90.51001659537629,81.39422992767541,94.97704021592443,0,0,0,0,91.59078784719681,86.31957093439739,91.88473351051096,64.08284838371986,2,1,92.42895333333333,91.83029,92.85,90.45179312192035,97.07200951377416,97.23687886921668,96.89225464969677,97.5815030887366,98.95999996681626,91.83029,0,0,7.5,16.912464292071387,0.08456232146035694,0.35898666808094104,0,8.518131260290842,45.85037502017277,0,2.3483459527655945,0.4061014231715371,94.31,91.83029,12,4,8,8,1,1,2248,0,4,0,,0,0.024680236119443172,0.4880299832865975,0.36853886992248314,11,3.705996552655689,2.695040226522426,1856,94.31,50,4128,,,,,,0.5771372342348774,27.325809592016302,8.333333333333334,-7.394221562885374,1,29.507672256728895,14.525552669979508,27.63989140872553,17.202887939952724,,,,10938118
2025-08-26,94.88,96.82,94.36,96.53,95.43027233890953,96.07843896103897,92.94618362903854,90.74609437594977,81.54483460501197,95.08257035209864,0,0,0,0,91.7248023477643,86.40652627463814,88.54411165371059,44.34947278557795,2,2,92.42895333333333,91.83029,92.85,90.46240004178318,97.64981600304272,97.66652984841639,97.32455735886218,98.0085023379706,99.37639229618742,91.83029,0,3.5,0,18.376596712193223,0.09188298356096612,0.5823800220112579,0,7.364222880730582,61.91451016615852,0,2.6548289802988405,0.18455666338487695,94.31,91.83029,12,4,8,10,1,1,2248,0,5,1,,0,-0.10576947805387071,0.510769716431205,0.58782369292685,12,1.8942013829027018,-1.0522575673589025,34624,94.31,34,32,,,,,,0.9246396268749293,27.50927161056041,8.73015873015873,7.835447316010175,2,25.51041637537321,14.750414284835568,25.864630267677384,18.095318114261755,,,,17163370
2025-08-27,96.5,96.95,95.33,95.33,95.39684822593969,96.46939480519481,93.1732137596063,90.92585538081448,81.68200042983773,95.1927363910711,0,0,0,0,91.78842776545146,86.45656250592889,91.178981780389,49.40174353860667,2,3,92.06774912985276,91.83029,92.73176946759628,90.50224932451295,97.54,97.86093185558549,97.52892168671373,98.19294202445725,99.52098269994431,91.83029,0,0,4.5,16.708698976937363,0.08354349488468682,0.2618271804258043,0,7.570340665184022,58.55752890585144,0,3.49552957559099,0.45777011874728796,97.54,91.83029,12,4,8,10,1,1,2240,0,6,0,,0,0.13385919371799,0.4727981401862484,0.2669378529160784,13,3.1853332080446033,0.6781787740636731,1856,97.54,50,32,,,,,,0.6214315952283221,27.6649683450206,9.126984126984127,5.493118655657355,2,26.22442932540699,15.007707065706416,25.087419212993453,17.30698126245688,,,,11364308
2025-08-28,96.025,96.11,94.08,95.96,95.58456548395979,96.71880432900437,93.43862197297713,91.12327281686098,81.82407007730203,95.30897394428507,0,0,0,0,91.86489645695801,86.51261301383374,91.40365835717506,36.975938307289226,2,4,92.16351887550204,91.83029,92.81635918912103,90.52460937276203,97.54,98.05851726068585,97.73209710387636,98.38493741749534,99.69061804473331,91.83029,0,2,0,17.27600437052724,0.08638002185263621,0.3452503875566833,0,7.56724805366491,68.67353255369353,0,3.2805234916932977,0.29068747921856386,97.54,91.83029,12,4,8,10,1,1,2240,0,7,1,,0,0.07012579567571699,0.4744859060454383,0.34573440574098646,14,2.7505170131313728,-1.05700152881721,34624,97.54,34,16,,,,,,0.6664475438940782,27.779385529235917,9.523809523809524,5.972710287058348,2,26.21371620484864,14.58153296097433,23.69440023499914,19.765108851855967,,,,12024311
2025-08-29,95.995,96.15,91.61,93.75,94.9730436559732,96.62481688311689,93.46827702316979,91.22628172600368,81.9427360466821,95.4162384713695,0,0,0,0,91.9188028671219,86.58051898580094,92.49239271972533,63.46516396418247,1,0,91.51449206359558,91.17085191798677,91.8581322092044,89.7962913355515,97.54,97.42985475163327,97.08621460602446,97.77349489724209,99.14805547967735,90.99371000000001,0,4.5,6.5,14.409164891188645,0.22204582445594323,-0.15584634114404194,0,7.948493677675901,43.21251027953476,0,3.5068707852682484,0.9585936450197885,97.54,90.99371000000001,12,28,15,15,1,1,2240,0,0,2,,0.15610061628956676,1.4754429232862525,-0.01446403582255525,-0.15245470829000776,15,3.5727815801512657,2.9228893320154903,1600,97.54,48,65552,,,,,,1.059748763430216,27.243740830318675,7.5396825396825395,-1.0555852469645532,1,27.534389786749315,14.011151804852293,20.899414112537652,23.8512563976398,,,,19309971
2025-09-02,92.26,93.537,91.92,92.81,94.25202910398214,96.17348614718617,93.4055839733441,91.28838832498393,82.0508680263171,95.50838581417035,0,0,0,0,91.93548750250903,86.61927270130982,80.81524917038382,80.69083608809817,4,0,91.64544437235068,91.31001066571392,91.98087807898744,89.96827583916688,97.54,97.37420904432906,97.0387753376923,97.70964275096583,99.05137757751287,89.74608,0,5.5,4,13.112758258976614,0.21556379129488307,-0.35040523408541996,4,7.929351832097015,16.253981664953592,0,3.514587539070728,1.6644824523057453,97.54,89.74608,12,4,8,8,1,1,2240,0,1,3,,0,1.8577425621351409,-0.33682955015594,-0.34529882948839,0,1.515445071553902,4.953426570809878,1600,97.54,32,65570,,,,,,0.7114506733142876,26.644810851077505,7.5396825396825395,-2.997186635695457,1,27.46808048856278,13.481512159881829,19.881384344838374,22.689439665406205,,,,12883300
2025-09-03,92.75,94.765,92.18,92.94,93.81468606932143,95.54324155844158,93.36124264254941,91.35315741027867,82.15921759819454,95.5863621870094,0,0,0,0,91.9527775265644,86.65584447549305,64.37449571531666,89.84054876658791,4,1,91.73034575561088,91.39579124230532,92.06490026891645,90.05757318908307,97.54,97.33640059247323,97.00184607916766,97.67095510577879,99.00917315900104,89.74608,0,4.5,5,13.121817267697985,0.2156090863384899,-0.3096336668917707,4,7.880463075246376,8.692202701875004,0,4.537568791093049,1.5958774677566603,97.54,89.74608,12,4,8,8,1,1,2240,0,2,4,,0,1.6654920300739866,-0.500227031410138,-0.30527549071987903,0,0.3297367905939197,5.933773380297211,1600,97.54,64,65570,,,,,,0.6919247765906896,25.681298710492424,7.142857142857143,-5.924914677819016,1,27.298724866994405,12.628898947159712,21.78708011308821,21.124133115885574,,,,12052156
2025-09-04,93.11,93.125,90.93,91.98,93.20312404621428,94.75650389610391,93.22969572421137,91.37773947262069,82.2569368260732,95.6449249090633,0,0,0,0,91.95338419552523,86.69632878033681,56.41905711261306,94.5089007777315,4,2,91.40978533230121,,,89.75850544909682,95.48,92.34340000000006,92.01314402335917,92.67365597664094,93.99467988320445,89.40781686322201,0,6.5,5.5,11.820356494049337,0.2091017824702467,-0.49367742371096507,4,7.968977834394997,8.210564610373972,0,1.7777623082777438,1.5755159059818595,95.48,89.40781686322201,4,4,8,8,1,1,2240,0,3,5,,0,1.9296624006039742,-0.41853275646861304,-0.4888571884351176,0,0.3580338502326157,6.2093532830612945,1600,97.54,32,65570,,,,,,0.9847184351570887,24.532535759862924,6.349206349206349,-11.13122398378274,1,27.60534898712467,12.176822427678855,20.494180377981724,23.24998757674153,,,,15960139
2025-09-05,92.53,92.53,88.84,90.99,92.46541603080952,93.84143333333334,93.01639136952457,91.36253400310615,82.34383297705755,95.68002524957329,0,0,0,0,91.92672181614984,86.73762700479965,39.71238407799873,95.0583986831731,4,3,88.57615518211927,88.23654248952417,88.91576787471436,86.87809171914377,95.48,91.88841719360478,91.54880450100968,92.22802988619988,93.58648065658028,89.19752629188628,0,6.5,5.5,10.500078403383805,0.20250039201691902,-0.6653847153842607,4,7.06625605960793,10.494543022176131,0,1.5846821749543367,1.0919504262544133,95.48,89.19752629188628,4,4,10,8,0,1,2240,2,4,6,0,1.233029666603739,1.9462062758259417,-0.6229018011177572,-0.6610638222170161,0,-1.1706516778240434,3.9272628901573836,1600,97.54,32,65538,,,,,,1.290083983072874,24.090636003069303,5.9523809523809526,-1.5834193949866804,1,24.478229029064774,12.57435454425341,18.506003655864458,26.489169732101246,,,,20384532
2025-09-08,91.38,94.56,91.38,94.36,93.09694402053968,93.25439740259739,93.14435409623651,91.48008168925885,82.4633968280321,95.71526641701898,0,0,0,0,91.98761875424997,86.80502503629826,45.59458010398602,92.89056494258892,4,4,93.75,93.40277035687598,94.09722964312402,92.01385178437988,97.30367020393784,97.45020005801909,97.10297041489507,97.79742970114312,99.18634827363921,90.99371000000001,0,3.5,0,14.426525743023769,0.22213262871511885,0.0653456800301627,6,7.094275986877385,37.839078473217974,0,3.7188587932355475,1.2546821144289002,97.30367020393784,90.99371000000001,12,4,10,8,1,1,2240,2,5,7,1,1.1735554679129947,0.2318954604711713,-0.5038716686617088,0.06090305977937159,1,0.5187843080176755,2.8603210032654327,18240,97.54,12368,65538,,,,,,1.224863731814684,25.13911967453051,6.746031746031746,2.294283011598214,2,24.575292904374933,11.990893127509024,22.027077267176576,24.05751592047909,,,,18906552
2025-09-09,94.5,95.48,92.77,95.45,93.88129601369312,93.0799593073593,93.36393942040446,91.63576476026832,82.59261676009149,95.75740902842946,0,0,0,0,92.04109150568951,86.85267186625202,64.6976176694224,79.95862855560785,1,0,91.90751723303204,91.5608932787026,92.25414118736148,90.1743974613848,97.37270256480981,97.47806619220229,97.13144223787285,97.82469014653174,99.21118596384953,91.83029,0,2,0,15.567230757751178,0.22783615378875588,0.25867091711945084,6,7.096365817360453,49.908888456797435,0,3.2587339228346424,0.36445174759402976,97.37270256480981,91.83029,12,4,8,8,1,1,2240,2,6,8,2,0,-0.07487838511149178,-0.14047870074700416,0.25126670483161806,2,2.19129337555342,0.9458567334104966,55104,97.54,4400,65536,,,,,,0.7798906069239503,26.33024083791528,7.142857142857143,7.1095545723464495,2,24.582532289526693,11.210364375546867,22.859252787919253,22.3781571851546,,,,11850204
2025-09-10,95.51,96.0997,93.71,94.21,93.99086400912874,93.0825567099567,93.44451661846118,91.73671516182642,82.7082126132249,95.79828183142523,0,0,0,0,92.08524277141969,86.90682928076123,53.638727049312934,84.47027171968054,4,0,93.75,93.40679829240837,94.09320170759163,92.03399146204184,97.37181252204174,97.47770691068717,97.13450520309554,97.8209086182788,99.19371544864534,90.99371000000001,0,0,6.5,13.906463485750598,0.21953231742875298,-0.038789316559666547,6,7.179746182895461,37.33487862486903,0,3.778534178158769,1.4530331415926394,97.37181252204174,90.99371000000001,12,4,8,8,1,1,2240,2,7,9,3,0.1940090593516512,0.3195221382444142,-0.49591634067586077,-0.04643261100299586,3,0.0413137261368548,2.605193495080136,18017,97.54,8240,65538,,,,,,1.0376684066632644,27.05755191990259,8.333333333333334,8.78995222549842,2,24.871370348447293,10.744303353829064,23.050291100559246,20.986922998730076,,,,15944174
2025-09-11,94.55,96.32,94,94.68,94.22057600608584,93.26021861471861,93.56218170241726,91.85213809665676,82.82733487577988,95.84198612280404,0,0,0,0,92.13779121993564,86.9644991116035,65.04278495055812,85.77858229384827,4,1,91.99151836911304,91.83029,92.51760000000006,90.4726836575168,97.27129720208835,97.43713212289337,97.09773053727257,97.77653370851418,99.13414005099739,91.83029,0,2,5,14.310088743041332,0.22155044371520666,0.037209807911503086,6,7.08920850943493,44.2630408692083,0,3.303957530214738,0.6159026303591248,97.27129720208835,91.83029,12,4,8,8,1,1,2240,2,8,10,4,0.289085241907451,0.041016869000426524,-0.2724853303263236,0.03017310659501969,4,2.0097810155310434,2.3648847153875536,18273,97.54,8240,65538,,,,,,1.055999006491332,26.58746899483635,7.936507936507937,8.265135387188279,2,24.55773864758185,10.405634249262533,22.2230295349733,19.70605355769832,,,,16190072
2025-09-12,94.49,96.27,93.71,95.89,94.7770506707239,93.62761298701298,93.78387868313943,92.01048562227807,82.95731164318507,95.89600855237089,0,0,0,0,92.20082450654462,87.02001925995332,62.041804398213635,81.45941143826681,4,2,92.11538191471617,91.77736615663972,92.45339767279262,90.42530312433388,97.32733460951789,97.4267359916928,97.08872023361634,97.76475174976925,99.11681478207508,93.01831,0,5,0,15.58957022672197,0.22794785113360985,0.25468518550637703,6,7.157972396195173,43.64417430590049,0,2.6084144814903163,0.2630218367496708,97.32733460951789,93.01831,12,4,8,8,2,1,2240,2,9,11,5,0,-0.2014068593955139,-0.19583171323983145,0.2451387729181601,5,0.9275376894924996,1.4416625832277945,50529,97.54,8256,65538,,,,,,0.8934475988942984,26.126903939791056,7.142857142857143,5.3676529316317065,2,24.795943738771157,9.945644141276123,20.72027426791119,19.139525207126788,,,,13659231
2025-09-15,95.8,98.86,95.52,98.85,96.13470044714926,94.44482813852815,94.26636642760235,92.27870187238481,83.11544784574043,95.97842263750735,0,0,0,0,92.34993555872087,87.11966020286656,79.64612012821233,70.08605458232155,2,0,97.54,97.19630679607187,97.88369320392815,95.8215339803593,103.803,98.86,,,100.5784660196407,93.72592,0,3,0,18.930959962415624,0.2446547998120781,0.7988355350552645,6,7.623827662777324,68.18984360792531,0,3.6445294398718846,1.6354814509649507,98.11725705098846,93.72592,12,4,8,8,1,1,2240,2,10,12,6,1.0483015549349917,-0.4651115949091702,0.5232739500155663,0.7892085508736711,6,4.314462745465248,0.9094680231466561,50532,97.54,4690,65536,,,,,,1.2089392009345197,24.331408734178233,5.555555555555555,-7.869471846619039,1,26.409713720158816,10.58863154996989,25.65081057637247,17.478834866637175,,,,18652432
2025-09-16,99.42,99.7,97.02,97.83,96.6998002980995,95.43135367965367,94.60576010116404,92.49639983817364,83.26186130001167,96.08059995471784,0,0,0,0,92.46132962744768,87.2024809173156,89.0513965393834,36.710629818650915,2,1,97.54,97.19692773920958,97.88307226079043,95.82463869604793,104.685,99.7,,,101.41536130395208,94.24504,0,3.5,5,17.496772799128237,0.08748386399564119,0.4890950857997664,6,7.638588544889506,93.75014712093805,0,4.16530324167765,3.4183366291602884,98.55860997416522,94.24504,13,4,19,10,1,1,2240,2,11,13,7,0.5786370408036672,-0.2118988600625977,0.5151785399681226,0.4834357993835422,7,5.100901433462727,-4.048953477678134,50532,97.54,4162,4096,,,,,,1.1157117323243273,23.87950801096407,5.158730158730159,-9.755314759885641,1,26.460846915724485,11.484846182161553,26.0478486423726,16.259722754130824,,,,17257932
2025-09-17,96.07,97.24,92.12,92.95,95.44986686539967,95.89979350649351,94.44806866295794,92.51418807981389,83.35826069006131,96.17095602386847,0,0,0,0,92.48545609474118,87.31383596656624,99.29926562262087,67.46466249814884,1,0,92.57441480343914,92.2048655612766,92.94396404560167,90.7266685926265,97.54,94.765,,,96.61274621081265,90.92054265910875,0,0,3.5,11.506645208928044,0.05753322604464022,-0.5619844236566959,6,9.178741568486679,81.97433432915574,0,2.6873740384384206,2.0644695544612115,97.54,90.92054265910875,12,20,8,15,1,1,2240,2,12,14,8,3.9831481285105648,1.1547677149174238,-0.19076316776119429,-0.5549316910385813,0,6.605019411746903,0.9723695144731161,1121,97.54,8240,272,,,,,,2.654037078912655,23.89600990255166,5.555555555555555,-24.84608240217178,0,31.796093492326744,11.167352362835882,22.454348807720997,25.855316756652964,,,,44093982
2025-09-18,93.93,95.05,93.21,94.7,95.19991124359979,96.10520043290043,94.4720621236286,92.599906194331,83.47111381752339,96.25995773267434,0,0,0,0,92.54123243891243,87.3879727483116,93.17650173270201,71.01494700663056,1,1,94.7,90.01199999999999,90.99371000000001,88.90955411644244,97.54,94.765,94.40309713227765,95.12690286772235,96.57451433861173,90.99620714097915,1,2,0,13.452421644958685,0.06726210822479343,-0.17571049837743188,6,9.230841537008523,43.22674177392364,0,0.49046309336288074,0.49046309336288074,97.54,90.99620714097915,10,20,8,15,1,1,2240,2,13,15,9,0.8629848468986231,0.31414265216806153,0.19475022331337596,-0.1713445517869672,1,3.2889810358475877,2.92109877196053,1121,97.54,16432,32,,,,,,1.3567311488270166,23.91023613581333,5.9523809523809526,-25.22577051044766,0,31.97657307743189,10.872536673462045,21.29100063423326,24.515766196475667,,,,23075215
2025-09-19,95,98.83,94.9,98.51,96.30327416239986,96.48159956709958,94.85662763566397,92.83167457886704,83.6207544760555,96.36901346131503,0,0,0,0,92.78334875934125,87.57226194602512,98.79262756730614,17.788963728329428,2,0,98.51,95.51707233711497,96.26292766288503,92.54315739383941,99.0816228629621,99.3306819751364,98.95775431225137,99.70360963802143,101.19532028956158,94.24504,1,7,0,17.805681875553983,0.08902840937776992,0.5807874151669392,6,10.013354427571237,88.00058541913886,0,0.09579988960525235,0.09579988960525235,99.0816228629621,94.24504,8,4,8,10,2,1,2240,2,14,16,10,2.4335907221893205,-0.23684064904890387,0.8871803324250552,0.5834611829893157,2,5.432768702725374,-1.6009484060209893,50496,99.7,4450,32,,,,,,2.116493044890726,23.923913087100708,6.349206349206349,-31.029717559607768,0,34.687277245496304,10.967946768908499,28.23576394724884,22.091652974352687,,,,38734980
2025-09-22,99,101.99,98.5,99.39,97.33218277493324,97.07394761904762,95.28837738464836,93.08886381106834,83.77766239171663,96.49951467410247,0,0,0,0,99.39,87.72111281934542,99.58230366240716,9.513847713230316,2,1,99.39,95.45511431303532,96.21001568696468,93.94531156517661,99.58091211440625,99.59724390401124,99.21979321704656,99.97469459097591,101.48449733883463,95.66026,1,2,5,18.635441909664706,0.09317720954832354,0.6742439686921935,0,9.70671617792475,94.18699401745519,1,0.03506391902706513,0.03506391902706513,99.58091211440625,95.66026,10,4,8,10,1,1,2240,2,15,17,11,1.237529722136313,-0.1992870788625663,0.5041713044108658,0.6765284485163576,3,6.858646733709765,-2.5632645790772064,17825,99.7,4690,0,,,,,,1.5683857516904844,23.1495567451139,4.365079365079365,-31.1538393962319,0,33.6250511896329,11.930286240866666,33.3796994744113,20.267860595091832,,,,29820118
2025-09-23,99.86,100.18,97.645,97.8,97.48812184995549,97.6537844155844,95.52757953849137,93.27361424984997,83.91718813906273,96.63711120763362,0,0,0,0,98.85549113809284,87.78499336069302,97.03532009222627,36.25288335028128,2,2,95.89,95.51687614781851,96.2631238521815,94.02438073909256,99.7,98.85549113809284,98.85549113809284,99.60173884245582,101.09423425118176,94.24504,0,0,5.5,16.543466444480327,0.08271733222240163,0.2702947610925928,0,9.690104508068318,70.04705478767251,0,2.042217337607685,0.5032287073202819,99.7,94.24504,12,4,8,10,1,1,192,2,16,18,12,0,0.0686360523401836,0.13150449128674369,0.27586000788046394,4,3.9007343590765906,0.20192226480311648,1889,99.7,4130,32,,,,,,0.7856417016448357,22.31582446687935,3.9682539682539684,-33.51956497262994,0,33.56750667725309,12.477091800606903,31.354865818716455,21.084349667973985,,,,15101138
2025-09-24,98.89,99.86,96.93,97.78,97.585414566637,98.11259047619046,95.74209577292076,93.45033525965978,84.05512656553972,96.77767054663317,0,0,0,0,98.62102587673091,87.8372538794469,96.55350354870282,34.09164158418678,2,3,95.89,95.51736713726005,96.26263286273995,94.02683568630025,99.7,98.62102587673091,98.24839301399096,98.99365873947086,100.48419019043067,94.24504,0,2,5.5,16.328419211597613,0.08164209605798807,0.2205549670427366,0,9.594759281611763,74.76193284002103,0,2.0449082091070876,0.5115683299533784,99.7,94.24504,12,4,8,10,1,1,192,2,17,19,13,0,0.1070800971225219,0.3109129612949671,0.22801714451837873,5,3.8225127761559463,-0.5692962472750079,1889,99.7,4130,288,,,,,,0.6594922065385764,21.426596648987353,3.5714285714285716,-35.53433192003793,0,33.23722112428926,12.694894280538977,29.153595431239154,21.317316800664774,,,,12523365
2025-09-25,97.3,97.87,95.9,97.6,97.590276377758,98.35790562770562,95.9190390326426,93.61306721026136,84.18990142558411,96.91804974841587,0,0,0,0,98.45374212868735,87.88291870818142,97.84240450308874,29.118738640395172,2,4,97.6,95.52639448459861,96.25360551540139,92.99115587678894,100.24532120314876,98.45374212868735,,,100.27176970569427,94.24504,1,5.5,0,15.92839324829135,0.07964196624145675,0.14253533553707218,0,9.499902855627004,87.64872409120106,0,0.5739662988006914,0.5739662988006914,100.24532120314876,94.24504,8,4,8,10,1,1,192,2,18,0,14,0,0.10668099511497857,0.2224113259248471,0.15282514664242317,6,5.876278678916266,-1.0862675677405007,1856,101.99,34,288,,,,,,0.5929104883050013,20.471099732077718,2.7777777777777777,-37.794127368775705,0,32.90862882582927,12.484333109101167,27.74330076320396,22.815331704736693,,,,11255801
2025-09-26,97.795,98.5298,97.03,98.45,97.87685091850534,98.52929567099567,96.16008293429569,93.80275084907464,84.33179295368775,97.06226765632029,0,0,0,0,98.45325192246843,87.92820028072781,97.06304930754257,17.96574598877273,2,5,98.45,93.20020000000008,94.24504,92.83360377117945,100.54436133147057,98.49486717932493,98.14384241502364,98.84589194362621,100.24999100083136,94.24504,1,2,0,16.741262757291906,0.08370631378645954,0.275987530922421,0,9.514636962216878,87.48898277737067,0,0.37290127799804196,0.37290127799804196,100.54436133147057,94.24504,10,4,8,10,2,1,192,2,19,1,15,0,0.05545287774091345,0.17382450993967896,0.28676555633155426,7,3.8994251287601953,-3.047752703392414,18240,101.99,66,0,,,,,,0.5479274956434718,19.473260955137402,1.9841269841269842,-40.91791153412093,0,32.95966926826486,12.503868065171261,28.363184722405105,21.944960814714673,,,,10356143
2025-09-29,99.32,100.26,98.585,99.57,98.44123394567022,98.78600389610389,96.48483694055324,94.02891748244426,84.48341690439733,97.21484364426094,0,0,0,0,98.64434868145726,88.00629278293384,95.33735577631185,29.69466077594869,2,6,99.57,98.1678877188631,98.85211228113691,95.84810175090473,101.05603094452808,99.7,,,101.41056140568453,95.66026,1,3.5,7,17.857449009993122,0.08928724504996562,0.4517978088323195,0,9.198465268044675,65.9512584248235,0,0.399266945271627,0.399266945271627,101.05603094452808,95.66026,8,4,8,10,1,1,192,2,20,2,16,0,-0.10219934257037844,-0.08109944902417893,0.45781293753939684,8,3.139574493411871,-0.021976167295037596,55104,101.99,338,32,,,,,,0.8703955771639384,18.49507784334909,0.7936507936507936,-41.95695770773649,0,31.864418391822095,13.058527220817071,31.538902648780667,20.90832383530183,,,,16320890
2025-09-30,99.59,99.75,96.65,97.97,98.28415596378015,98.94669740259738,96.62628104145293,94.18346973803467,84.61761176107,97.36349365304925,0,0,0,0,98.54339009834291,88.07459233502797,95.57173568400455,41.72614098666605,2,7,93.89120025940154,93.20049173729015,94.24504,91.81907469306735,101.19886324267662,99.7,99.3546457389443,100.0453542610557,101.4267713052785,95.9,0,2,5.5,15.7796798574656,0.078898399287328,0.07425590855705036,0,9.309589743398494,65.40630778739963,0,3.52665065380333,0.5249394329398543,101.19886324267662,95.9,12,4,8,10,1,1,192,2,21,3,17,0,0.40420720097177537,-0.156025010519204,0.07901190295661058,9,3.731598865492421,0.6407850385882222,1889,101.99,4130,32,,,,,,0.8863535159465963,17.454667192882894,0.3968253968253968,-45.87593502940194,0,32.249364866376595,12.766456422320893,29.011203216103787,24.235243946810606,,,,16793406
2025-10-01,97.475,99.085,96.57,96.61,97.72610397585343,98.89795411255412,96.62473046607646,94.2786277875235,84.7369390072285,97.49893665323096,0,0,0,0,98.29404392863698,88.13206712895173,94.2542221122008,63.884291182164866,1,0,95.9,95.55685854330542,96.24314145669459,94.18429271652711,101.17512853399623,99.7,99.35685854330542,100.04314145669458,101.4157072834729,95.9,0,0,3.5,14.011670862643111,0.07005835431321555,-0.21920140505686722,0,9.457762573974541,48.27860615755824,0,3.0746086962564094,1.8819783265276462,101.17512853399623,95.9,12,20,8,15,1,1,200,2,22,0,18,0,1.2416960187274104,0.3453942929611373,-0.21554143024616754,0,3.436010070496522,2.425092640877633,1633,101.99,4112,32,,,,,,0.8661770834407626,17.37936408853349,0.3968253968253968,-46.95373003721622,0,32.76265060809461,12.462823917124247,27.11269484105349,22.857437570992463,,,,16608459
2025-10-02,97.08,97.21,94.76,96.61,97.35406931723563,98.63565887445888,96.62332756454536,94.3700541487971,84.85507891760433,97.62229968391857,0,0,0,0,98.10745570650684,88.1868662861894,95.13651538161056,61.02192143865931,1,1,94.00788270603337,93.6673763533884,94.34838905867834,92.30535094280854,100.26,99.7,99.35949364735504,100.04050635264497,101.40253176322483,93.72592,0,4.5,0,13.852937540497592,0.06926468770248796,-0.21648947018627335,0,9.372219300910718,70.59782014374304,0,3.6722470787412953,0.847920457976063,100.26,93.72592,12,20,8,15,1,1,200,2,23,1,19,0,1.0872181405838934,0.08957614365910761,-0.21624669965872134,0,4.243950649741466,0.4391021208309584,1600,100.26,48,16,,,,,,0.8366736537403978,17.304600305451835,0.3968253968253968,-46.69984064713109,0,32.46632001771005,11.678600750876436,25.370905899258215,26.135100301912622,,,,16046354
2025-10-03,96.95,98.3,96.46,96.6,97.10271287815708,98.20674415584416,96.62110589173152,94.45750300570701,84.97194380399633,97.73430793718887,0,0,0,0,98.00504150709979,88.22248998998016,82.61209899910685,78.30239307046742,4,0,95.9,95.56738695825825,96.23261304174176,94.23693479129125,100.26,98.37133742493623,,,100.03440263364499,93.72592,0,0,6.5,13.684583022869237,0.06842291511434619,-0.21656960582439522,6,9.273402341422509,23.13011938151136,0,2.6216650899607252,1.548835802969631,100.26,93.72592,12,4,8,8,1,1,200,2,24,0,20,0,0.9830348165261416,-0.4350239405014097,-0.21876352452833006,0,1.5753022917448636,3.9193362682607367,1600,100.26,4160,2,,,,,,0.5648966699295346,17.223473973347353,0.3968253968253968,-46.38441766688602,0,32.124008028743944,11.147198732954834,27.043740322788615,24.844223793118914,,,,10556418
2025-10-06,96.96,101.295,96.89,100.1,98.10180858543805,98.11935021645021,96.95242914013804,94.67877739764008,85.12247172634461,97.85441185439399,0,0,0,0,98.27270947028855,88.32994653962807,86.66941929142563,48.48809897034987,2,0,98.465,98.11422538981124,98.81577461018877,96.71112694905615,100.26,101.59510366677628,101.24432905658752,101.94587827696505,103.34897671772013,95.66026,0,6.5,7,17.59526946281093,0.08797634731405465,0.47254170277348134,6,9.244329082651548,72.8665487024182,0,1.023449216597528,0.04721333540524594,100.26,95.66026,8,4,8,10,1,1,232,2,25,0,21,0.4399324465766634,-0.47628323611382195,-0.08369369368393524,0.46531942254697484,1,2.6009561232807696,-1.5217952469917309,51008,100.26,12370,32,,,,,,1.2055531143117486,16.474603001519153,0,-48.554316961901755,0,32.02329530607814,11.631889065936019,31.435287379673767,21.8751919469713,,,,22760917
2025-10-07,100.13,100.69,97,97.8,98.00120572362536,98.07472510822511,97.03315017441061,94.80117828400714,85.24861628628149,97.96560402713355,0,0,0,0,98.24152142109499,88.3770777458388,90.24455249857996,68.13079746287212,1,0,94.1748422661906,93.81617655672959,94.5335079756516,92.38151371888559,100.26,98.43105388674861,98.0723881772876,98.78971959620962,100.22438243405362,94.76,0,0,6,14.723269726242256,0.07361634863121129,-0.0485921165179016,6,9.553338039766041,48.38929753691169,0,3.393219688023205,0.45400133402092213,100.26,94.76,12,20,8,15,1,1,232,2,26,0,22,0,0.7149437937205739,-0.17841137559522935,-0.04999837008120389,2,3.6266741014268025,2.6282047048708352,1633,100.26,8208,32,,,,,,0.6652105201385791,15.815581126098813,0,-52.2097408124002,0,33.09373373351049,12.081958660847118,28.547694774757172,19.865773622453318,,,,12583609
2025-10-08,97.94,99.61,97.2,99.28,98.42747048241691,98.21083116883116,97.24713587208579,94.97681835130098,85.38823204462695,98.0771484647261,0,0,0,0,98.29360745993223,88.4203341317163,94.67565575707246,34.86290074582406,2,0,99.28,98.11043541264335,98.81956458735665,94.36348330114684,100.26,100.26,,,102.03282293678323,95.66026,1,5.5,0,16.268949037512243,0.08134474518756123,0.22393129835332484,6,9.524055419603606,96.33225982500481,0,0.19932811379011522,0.19932811379011522,100.26,95.66026,8,4,8,10,1,1,232,2,27,0,23,0,0.038728691351319414,0.023131007464903215,0.2236482746500033,3,5.838795357497516,-5.056287083630208,18273,100.26,8226,0,,,,,,0.5407932144432569,16.28573643891972,0.3968253968253968,-50.637759322525355,0,32.99229576171033,12.49988042755028,26.81518893569201,18.66015722960607,,,,10071238
2025-10-09,99.965,100.17,95.83,96,97.6183136549446,98.08555974025974,97.12836102712524,95.0169431218382,85.49382177552619,98.16914198103511,0,0,0,0,98.1497637438376,88.46024040628454,80.75841616920889,61.36595314957685,4,0,94.58504294958557,94.21705440418297,94.95303149498817,92.74510022257257,100.91753673208926,98.41711601172217,98.04912746631958,98.78510455712477,100.25705873873517,94.11146326791085,0,0,3,12.288815736953469,0.061444078684767346,-0.4624722870942219,6,10.18040688833473,31.830111529831598,0,3.4416798357544534,1.5108104913681653,100.91753673208926,94.11146326791085,12,4,8,8,1,1,234,2,28,0,24,0,1.960121619225349,-0.39588951900048125,-0.4545738173173908,0,1.374680611778202,2.4601112402480854,1600,101.295,4112,18,,,,,,0.7268272593863748,16.718012932104884,1.1904761904761905,-52.59448186827207,0,35.26596394463986,12.251717476194395,23.991490795519606,20.019257123652725,,,,13435667
2025-10-10,96.3,96.45,93.33,93.4,96.2122091032964,97.45382034632034,96.77327902454188,94.95353358764847,85.5724902155707,98.22765715085814,0,0,0,0,97.80016537554225,88.49296983679011,70.74409287566328,75.90837043030052,4,1,92.11887999999999,,,90.48255683136175,97.715,94.82520012341767,94.45563933125811,95.19476091557723,96.67300408421546,89.74608,0,0,3,9.147226830387394,0.045736134151936975,-0.9499090230018258,6,10.469019455470876,27.04998880905107,0,2.7487332158465305,1.4790348091044605,97.715,93.59834073261553,12,4,8,8,0,1,234,2,29,1,25,0,2.4736889930433352,-0.8534180804792274,-0.9356019274577211,0,1.0212897062187478,2.817796336457474,1088,101.295,4096,18,,,,,,0.9124907270547671,17.10656093949436,1.5873015873015872,-52.829977987267085,0,36.26574720460523,11.738401734295909,22.183034918636245,24.55021275282144,,,,17021108
2025-10-13,95,95.2499,93.43,94.08,95.50147273553094,96.63247878787881,96.51677626029979,94.919277368525,85.65714205422174,98.26000665886144,0,0,0,0,97.63078387783499,88.5168587867008,48.818392392818936,84.70345049890199,4,2,91.77243404255317,91.05307292854256,92.49179515656378,89.61435070052136,97.715,94.88238460531363,94.52270404830833,95.24206516231894,96.68078739034014,90.99371000000001,0,2,3,9.83322317763826,0.0491661158881913,-0.7410468385050349,6,9.976335274602372,13.870964911210578,0,2.162293473792803,0.8139913719656369,97.715,93.16225809207552,12,4,10,8,0,1,234,2,30,2,26,0,1.6960252582827715,-0.8975446753387902,-0.7301325126829514,0,-0.8934316828565754,3.3745566699003127,1088,101.295,4128,290,,,,,,0.6037211092519906,18.78254884171137,5.158730158730159,-45.65083604679891,0,34.55903913790583,11.26175140253303,21.164363243551882,23.422837421162736,,,,11031439
2025-10-14,93.78,95.18,92.46,94.25,95.08431515702063,95.78869567099571,96.30089280693791,94.89303119721029,85.74264312830908,98.27011003804296,0,0,0,0,97.48168839756539,88.54159096708955,54.04833487195832,87.91522859740107,4,3,92.4355727237575,,,90.60560078826602,97.715,94.92955925746973,94.57128445453624,95.28783406040323,96.7209332721372,92.80386053370466,0,5.5,1.5,9.921967134789782,0.049609835673948915,-0.6520145107407651,6,9.949190741987657,26.244790409247543,0,1.1866303219541015,0.950773995572065,97.715,92.80386053370466,4,4,8,8,0,0,234,2,,0,27,0,1.3611815295408678,-0.6633017994935602,-0.6402184476963309,0,0.9406416599352947,2.925656010967075,1088,101.295,4128,34,,,,,,0.6220907730213102,20.14219737689978,7.142857142857143,-41.557542823325186,0,34.46500771863303,11.191845958385978,19.729733527581075,24.25245504642319,,,,11177983
2025-10-15,95.86,96.99,93.79,94.52,94.89621010468042,95.09547575757577,96.13128396818192,94.87840252280989,85.82998001260451,98.26259022501065,0,0,0,0,97.32302572229338,88.57451082704654,34.14754614546762,85.57808723689956,4,4,92.60343799286454,,,90.65887930338987,97.715,94.97787833218185,94.61662315802931,95.33913350633438,96.7841542029445,93.13695401151881,0,0,1.5,10.124690680481715,0.05062345340240857,-0.551326748683371,6,8.494838768872835,15.69592791760084,0,1.019182258070991,0.8274799601071932,97.715,93.13695401151881,4,4,10,8,0,0,234,2,,1,28,0,1.0577338486153414,-0.43954428940630236,-0.536871320769607,0,-1.9532594245482722,1.9570676103765452,1088,101.295,4416,18,,,,,,0.8705199571632111,21.23419222921782,8.73015873015873,-27.841087199410925,0,29.4269846995872,10.441416358342845,22.642812236622582,22.334344700554233,,,,14347098
2025-10-16,94.44,95.46,91.18,92.52,94.10414006978695,94.35807445887446,95.7873521616884,94.78591614936637,85.89654737566318,98.22881391056177,0,0,0,0,97.03293537844606,88.60040797678624,27.260714627954542,90.47042267820973,4,5,92.17087111111108,,,90.30254351683148,95.99642,92.52,92.47633448114408,93.22366551885591,98.44932415084736,88.9175,2,7,1.5,7.710964906854248,0.03855482453427125,-0.9164142452334829,6,8.554201263234011,10.74511151737768,0,0.6075734617216291,1.5677511718437673,95.99642,,6,4,10,5,0,0,234,2,,2,29,0.14840027224588906,1.5692843894065045,-0.7103100830718373,-0.9032779204619203,0,-1.377451066273867,3.851424478590849,1088,101.295,4128,34,,,,,,1.063428573186482,21.37803009886028,9.126984126984127,-27.856435378896826,0,29.632622412182354,10.608811105528055,20.327161333551555,26.286719320911633,,,,17214833
2025-10-17,92,92.83,91.46,92.3,93.50276004652463,93.57679004329005,95.45522338438475,94.68842924154808,85.96026332217399,98.1711149338791,0,0,0,0,96.8070934497639,88.62044513125785,23.07402074631434,88.75283679822562,4,6,92.10584103466834,91.74663376715928,92.46504830217741,90.309804697123,95.48,94.9812084859698,94.62200121846074,95.34041575347887,96.77724482351515,91.97263200445232,0,6.5,0,7.375194575736758,0.03687597287868379,-0.8883131549695132,4,7.413262098162201,16.293401837674736,0,1.6751200510950246,1.5978331349707457,95.48,91.97263200445232,1,4,10,8,0,0,234,2,,3,30,0,1.4500299458554544,-0.7331816816591779,-0.8744182034837624,0,-1.503130738078117,2.3587722056851606,1024,101.295,32,34,,,,,,0.9543419067610457,21.47278131264842,10.317460317460318,-16.38420504395148,1,25.680293207683174,10.764249085057177,19.634957239139922,25.391573439791923,,,,14282113
2025-10-20,93,94.5,92.85,93.7,93.56850669768309,92.94872034632033,95.28805925253859,94.64966731050698,86.03727562742598,98.10094464612881,0,0,0,0,96.69429834142704,88.64207112766086,40.251621509865465,78.84875391600383,4,7,91.70176975813472,91.34857729544773,92.05496222082171,89.93580744469975,96.9667,94.93658827594092,94.58339581325393,95.28978073862791,96.70255058937589,91.70176975813472,0,2,0,8.90628430141898,0.0445314215070949,-0.5280942258610031,4,7.54365988895067,41.91628576339443,0,1.8317596548898978,0.8678355190411953,96.9667,91.70176975813472,4,4,10,8,0,0,234,0,,4,,0,0.590551911391407,-0.9867266226589632,-0.5188548027612192,0,0.8391802981162546,0.8833785265041114,1088,96.99,48,2,,,,,,0.8031634407086772,21.22281193787967,8.73015873015873,-18.786130567453018,1,26.132004405363908,10.180999595051805,22.764652476992463,23.97941688946312,,,,11274925
2025-10-21,93.59,94.55,92.97,93.03,93.38900446512206,92.45226536796538,95.07300599039206,94.58615094538906,86.10685497441678,98.01641494013519,0,0,0,0,96.57443306509069,88.6594052426144,49.20155284646053,79.39439355852662,4,8,91.9611417954158,,,89.9087123604454,95.99642,93.4,93.05792842750495,93.74207157249506,95.11035786247533,91.29924943468775,0,0,1.5,8.040178714737824,0.04020089357368912,-0.6269332797571904,4,7.431602112202812,36.067986461836405,0,1.2282520584738548,0.9503834130529877,95.99642,91.29924943468775,0,4,10,8,0,0,234,0,,5,,0,0.7747691290214269,-0.7764268764250771,-0.6181180020977709,0,0.8786600933825262,1.6634008548833195,1121,96.99,4160,2,,,,,,0.7606513367726125,20.873259427012222,8.73015873015873,-18.919354352528075,1,25.743824879942906,9.618131845767842,21.956338165965416,22.990497941234764,,,,10503265
2025-10-22,92.77,93.415,91.421,92.21,92.99600297674803,92.04425324675324,94.80033875321186,94.4929685553738,86.16758278561662,97.91536948160861,0,0,0,0,96.42540503056583,88.67449975417377,48.581353973438524,73.7970908044169,4,9,90.8461811571396,,,89.16897385626964,95.48,92.82742229080932,92.49198083063533,93.16286375098332,94.50462959167928,90.80013717881403,0,3,1.5,7.012401902252267,0.04379083396932539,-0.7485510180227224,4,7.453719379865944,38.36139592817812,0,1.2087266201046007,1.0752949318577,95.48,91.18,4,4,10,8,0,0,234,0,,6,,0,0.9799646559151146,-1.0698305956645124,-0.7385199047205276,0,0.3312012767057104,0.8372913363056413,1121,96.99,4128,2,,,,,,0.825578993089761,20.412964004682827,7.936507936507937,-20.942621646739966,0,25.820441342577194,9.711792021432329,20.791004475118495,25.89330769380814,,,,11351426
2025-10-23,92.5,95.7,92.4,94.61,93.53400198449869,92.02074242424244,94.78221125290597,94.49755802379052,86.25158693700351,97.81734825499815,0,0,0,0,96.33648552723159,88.71231729725051,68.61291244106084,67.43200182913642,4,10,94.49755802379052,94.15491595362896,94.84020009395208,92.78434767298272,96.99,95.58569849646494,,,97.6415509174343,91.83029,0,3.5,2.5,9.690735393774625,0.04845367696887313,-0.19445410569467964,4,7.9845010574141595,57.01222272315618,0,1.4548370986868375,1.303643615369197,96.99,91.83029,1,4,8,8,1,0,234,0,,7,,0.9354102075577121,-0.17015696771448025,-0.305676192967797,-0.18909973608701935,0,3.1799051876777487,0.4201676488112944,17505,96.99,4128,2,,,,,,1.219231542079857,19.851369252571487,6.746031746031746,-28.22849355682468,0,27.659123009057495,9.212331017054534,24.85447520015203,23.538506479297613,,,,17121601
2025-10-24,95.15,95.26,93.9001,94.07,93.71266798966579,92.20490865800866,94.71438160977206,94.4807910424654,86.3293820918592,97.72117787668357,0,0,0,0,96.26117358492458,88.7361645944198,56.57944249614576,72.41253862139915,4,11,92.5080353052126,,,90.85648730089106,96.9667,94.9509012011985,94.6205916003342,95.28121080206282,96.60244920552005,91.18,0,0,1.5,8.96637705561746,0.044831885278087305,-0.2995031809743302,4,7.9200807937930735,32.060940661787455,0,2.2832525553791534,0.9014123394636745,96.9667,91.18,12,4,8,8,0,0,234,0,,8,,0,-0.137303659615795,-0.014949685101112161,-0.29584861388002254,0,0.14795653826959176,1.4608547395733757,1121,96.99,4096,18,,,,,,0.8505363411164564,19.181170184908662,5.9523809523809526,-30.08749495139067,0,27.435964669800093,8.748545798703725,23.940840993242034,22.67324641945425,,,,12014562
2025-10-27,94.91,96.66,94.53,96.42,94.61511199311053,92.75870259740259,94.87682145646043,94.55683845256479,86.42978625014916,97.64407983126435,0,0,0,0,96.26617177609434,88.76946273998126,56.12653833794787,66.80723186061266,4,12,95.02712980333015,,,93.377924513603,96.99,96.99,96.66015894205457,97.31984105794542,98.63920528972713,93.72592,0,1.5,0,11.558762532325014,0.05779381266162507,0.20054449249092685,4,8.265684899001407,47.86097710068122,0,1.979183562126485,0.18737207625149876,96.99,93.72592,0,4,8,8,1,0,234,0,,9,,0,-0.908575881195704,0.21690657343266626,0.19733673766257598,1,0.7439026874249297,0.42774402063953904,17505,96.99,12336,2,,,,,,0.8453674002550652,18.193448136431222,4.365079365079365,-36.46024311714889,0,28.63317240885052,8.876556126142136,26.052064066466848,21.08363587577043,,,,11748269
2025-10-28,96.77,97.73,95.41,95.43,94.88674132874036,93.40757575757576,94.92950512727373,94.59108008187597,86.51934061581932,97.57971204177875,0,0,0,0,96.22947000894537,88.8113044158348,66.9138095645242,63.577764288280534,4,13,94.59108008187597,94.2640848137838,94.91807534996815,92.95610374141506,96.99,95.67940081851731,,,97.5374510813141,92.29357999999999,0,0,1.5,10.299037557102524,0.051495187785512625,-0.03656329338277782,4,8.177088417065596,53.291193133770086,0,1.4672505398137767,0.630584243210061,96.99,92.29357999999999,0,4,8,8,1,0,2282,0,,0,,0.9974477831289986,-0.6247714017603028,0.045170983055487564,-0.04011414665436747,2,2.1044412743324123,0.3799984247634259,17505,96.99,4144,2,,,,,,1.2316903696471375,17.03311929660049,1.5873015873015872,-39.86810763530713,0,28.32626519268115,9.392033773949118,27.32335843951045,19.748043284554228,,,,17138332
2025-10-29,96.24,96.89,94.53,95.76,95.17782755249357,94.06637445887448,95.00859987705718,94.63692007866516,86.6112874753634,97.52883307742952,0,0,0,0,96.2126234085175,88.84812405572355,59.26439274805256,52.60885578223619,4,14,95.08548337157339,94.7607734797735,95.41019326337327,93.46193391257397,96.99,96.78269957560467,,,98.28883956719953,93.01831,0,3.5,3,10.562956389764972,0.052814781948824864,0.01959543279076698,4,8.078323896508147,51.26007378843574,0,1.173057351514467,0.5352326491957675,96.99,93.01831,8,4,8,8,1,0,2282,0,,1,,0.22733662286405829,-0.5627523493397472,0.05003055395947182,0.016638243968657446,3,0.5261620211232483,-0.630095532684906,17505,96.99,4112,2,,,,,,1.0522927075192796,15.674542067100692,0,-43.98775539455388,0,27.984134857499786,9.43858764669722,25.550261252669866,20.886274091659097,,,,14532902
2025-10-30,95.41,97.62,94.56,96.49,95.61521836832904,94.77935064935066,95.14968560305174,94.70958987950182,86.70958312237471,97.49459725208759,0,0,0,0,96.221607483285,88.88571068801471,70.06685833323745,47.373613222849684,4,15,95.14917563586899,94.82033787919767,95.4780133925403,93.50498685251237,96.99,96.99,,,98.6341887833566,93.72592,0,5,2.5,11.279510897684766,0.05639755448842383,0.1512120359598319,4,8.118194341326772,58.07335914196678,0,1.119594284284659,0.16750344983265222,96.99,93.72592,0,4,8,10,1,0,2282,0,,2,,0,-0.5532137376160606,0.44973051744319686,0.14909786694683427,4,2.36205525694718,-0.6027942884651247,17505,96.99,4128,2,,,,,,0.9905297121072637,14.075216112089473,0,-49.94989359980686,0,28.12225012979225,9.76762576169713,25.40951122451327,19.150941593667056,,,,13556603
2025-10-31,97.46,98.45,96.15,96.5,95.91014557888603,95.44959696969697,95.27828697418967,94.77980204108998,86.80700020573417,97.47530019691784,0,0,0,0,96.23144586483679,88.92783586303362,68.70055215036031,58.15631145754128,4,16,93.61977878179385,92.9680086622614,93.72592,91.6644684231965,96.99,97.475,97.14911494023377,97.80088505976622,99.10442529883112,93.72592,0,0,2.5,11.166149931794953,0.05583074965897477,0.12196433029057874,4,8.118209619356314,47.34421659318414,0,1.7236246938433688,0.10133322308359449,96.99,93.72592,8,4,8,8,1,0,2282,0,,3,,0.45890187467981186,-0.39998298135899,0.4789318191007213,0.11504743059920391,5,1.4044556143755536,0.8830259937256457,1121,96.99,4656,2,,,,,,1.101138359440559,12.143892911696383,0,-56.817573268489866,0,28.122303054439058,10.39028143403623,26.082352643148617,17.944141057453255,,,,15333424
2025-11-03,97.66,100.35,96.78,99.72,97.18009705259068,96.39429870129868,95.70130726236208,94.97353529438057,86.93548776587612,97.48884985566312,0,0,0,0,96.44885091747904,89.03896523603377,95.70350867194885,60.688423289752535,4,17,99.72,96.62971744450279,97.30368255549722,94.32827911204463,,101.99,101.65301744450278,102.32698255549721,103.67491277748606,96.9667,1,4.5,0,14.705746252386072,0.07352873126193037,0.7509480950604378,4,7.994380839145528,61.74148206105305,0,0,-0.07583110068416782,,96.9667,8,4,8,8,1,0,2282,0,,4,,3.5917763068184927,-0.6166961233768543,0.7275065904248601,0.7394342466334416,6,4.577941655508844,0.39897854866150806,50530,96.99,848,2,,,,,,2.026621818048376,7.8679943427256465,0,-71.58886508438697,0,27.693347576910337,11.626119452418827,28.45591081781488,16.113690671260905,,,,28836486
2025-11-04,91.97,95.03,90.08,94.67,96.34339803506046,96.90808917748917,95.6030875230895,94.9616319495029,87.01244808661367,97.50015334268768,0,0,0,0,96.2791849694066,89.13538635911868,95.38965250171628,70.35506279309475,4,18,93.63341692386831,93.23443312233519,94.03240072540143,91.6384979162027,98.97074334253966,95.53193897142913,,,97.52685797909474,90.99371000000001,0,7.5,0,8.800524616620223,0.044002623083101114,-0.367847994711561,6,9.276152189057846,71.34107696405479,0,2.675460205733819,1.418683947316468,98.97074334253966,90.99371000000001,12,4,8,8,0,0,2286,0,,0,,3.837037837207046,0.1758808165774588,0.0868519751652413,-0.3873642745423301,0,4.479555833098706,0.9723511836916678,1088,,4400,4114,,,,,,3.0417870737351915,9.524211629201352,0.3968253968253968,-70.36052214395123,0,32.1335337803789,11.55558007480036,22.31721324167492,27.630986520996874,,,,48787312
2025-11-05,95.01,95.44,92.52,92.75,95.1455986900403,96.84107705627704,95.33136490184287,94.87490128481652,87.06953815540359,97.49613349837492,0,0,0,0,96.14542229675183,89.16077100735822,66.49343593136103,78.06459636148976,4,19,91.23354920880998,90.83699282167207,91.63010559594788,89.25076727312046,95.99642,95.47072682359388,95.07417043645597,95.86728321073178,97.4535087592834,91.02024313607652,0,0,1.5,6.52405188420524,0.0326202594210262,-0.7513338140466486,6,9.28502480845752,21.162179700467348,0,2.2445653792834754,0.9277519540390824,95.99642,91.02024313607652,12,4,8,8,0,0,2286,0,,1,,0.4262134760045449,0.933143230919686,-0.07895522496129925,-0.7650863823943882,0,0.1287829795060671,2.94447633865411,1088,,4144,18,,,,,,1.2180872442019133,9.757488519710869,0.7936507936507936,-69.66357796729667,0,32.16426943557181,11.336777696984026,21.773103477286714,25.814399234029867,,,,20150828
2025-11-06,92,92.77,90.82,92.12,94.13706579336021,96.2650541125541,95.02552062547689,94.7668659403139,87.11979150709112,97.4734633157865,0,0,0,0,96.01136039467562,89.1795411588158,61.12315555366624,85.82541426830733,4,20,91.01363666848619,90.6279950232867,91.39927831368567,89.08542844248878,95.48,95.40687526970375,95.02123362450426,95.79251691490323,97.33508349570116,90.72750608109081,0,7.5,1.5,5.739463337101639,0.028697316685508196,-0.8317203522597106,6,8.739841809495784,22.35344672155533,0,2.4267966112386175,1.1072403257992929,95.48,90.72750608109081,12,4,8,8,0,0,2286,0,,0,,0.18114126487412818,1.208450318434248,-0.523568749276605,-0.841002508746588,0,0.7481847840784166,3.393915170776378,1600,100.35,4128,562,,,,,,1.0910941915218466,9.77519633980726,1.1904761904761905,-67.71273232864863,0,30.275700128322818,11.654642113984128,20.790104653183462,28.584872876168376,,,,18316239
2025-11-07,91.61,93.17,90.2976,91.99,93.42137719557347,95.36236926406923,94.73642342305051,94.65796923677219,87.16825129309022,97.4317593068254,0,0,0,0,95.89429758164799,89.19549905296658,50.36257977506466,88.4250191719226,4,21,90.39570873828421,90.01196649631326,90.77945098025516,88.47699752842948,95.48,94.12430081263909,93.74055857066814,94.50804305461004,96.04301202249383,90.52983342406463,0,7.5,0,5.531542316591121,0.02765771158295561,-0.8003326245923648,6,8.322388957279134,20.06148954735522,0,1.8733759255237763,0.9934521903253248,95.48,90.52983342406463,4,4,8,8,0,0,2286,0,,0,,0,1.1743288780822032,-0.46911536014145,-0.808350218178983,0,-0.12276827025289005,2.9088603265578805,1625,100.35,8240,306,,,,,,0.9838570979875558,9.584967529400787,0.7936507936507936,-66.75303442509025,0,28.829601028715256,12.104406535213585,19.400651328363505,27.889949826665667,,,,16489915
2025-11-10,92.99,94.31,92.25,94.1,93.64758479704898,94.62198354978352,94.67581166847427,94.63608809023211,87.23722391703957,97.38409805256902,0,0,0,0,95.85310503353888,89.21787451693787,48.84354211095925,82.74184108943487,4,22,93.57573191489362,,,91.3418145298222,97.715,95.1534834917951,94.63608809023211,95.85310503353888,97.36129050371667,90.99371000000001,0,3.5,0,7.866797881471735,0.039333989407358674,-0.3020880817882345,6,8.615754229864871,32.7549910311734,0,1.8841200654465797,1.3106442764949326,97.715,90.99371000000001,0,4,10,8,0,0,2286,0,,1,,0,0.21180942661857813,-0.49968949553749836,-0.31426933956737935,0,0.2971704778266373,1.4355021291263856,5721,100.35,8512,18,,,,,,0.7887774518316375,9.131727073975782,0.3968253968253968,-69.40369383999479,0,29.84584814330484,12.042133532130636,21.034366863696352,26.35772345082466,,,,13310157
2025-11-11,93.65,94.16,92.97,93.6,93.63172319803265,94.03772770562769,94.57335341433387,94.59545718473281,87.30053512184514,97.32776793903591,0,0,0,0,95.80266612748277,89.23772554541752,49.87556977311079,82.97545027936845,4,23,92.85,,,91.04630257925791,96.9667,94.19896205046201,93.8382225663136,94.55970153461043,96.0026594712041,90.48448203597485,0,3.5,1.5,7.215837645625772,0.03607918822812886,-0.39625136119680454,6,8.629595054091766,30.28469526359865,0,2.059369809909105,1.3183629245400867,96.9667,90.48448203597485,12,4,10,8,0,0,2286,0,,2,,0,0.5318458825484765,-0.4367009127059414,-0.41098120783131875,0,0.488410513993645,1.9540223238896046,5721,100.35,8480,19,,,,,,0.781907689001953,8.366983495515228,0.3968253968253968,-72.01096839908854,0,29.893794164864058,11.984308600696469,20.41483349474907,25.581399194759058,,,,13276267
2025-11-12,94.11,95.18,92.76,93.57,93.61114879868843,93.5914753246753,94.47779594630207,94.55524317748838,87.36291785695116,97.2628998042738,0,0,0,0,95.7439965872028,89.26125536325443,34.371128655683464,81.66524179739707,4,24,92.85,92.49342047900504,93.20657952099495,91.0671023950252,96.9667,95.94107327636331,95.47540000000008,96.65423231835322,98.08055040233306,90.42430255469276,0,3.5,1.5,7.104939138150549,0.03552469569075275,-0.3847645490489956,6,8.62302947921161,18.88547806300219,0,2.578560272837692,1.3571070559373606,96.9667,90.42430255469276,12,4,10,8,0,0,2286,0,,3,,0,0.5115514384079809,-0.49413352909585656,-0.4006477498162854,0,-1.5049277757685182,1.698178100624019,1625,100.35,8240,2,,,,,,0.9380164292780844,7.224906428848323,0,-75.81301512640304,0,29.871050346317407,11.487194942022679,21.73181339499159,24.031279475756534,,,,16004628
2025-11-13,93.7,94.06,91.35,91.78,93.00076586579229,93.05329047619047,94.2208629990352,94.44641011170452,87.40686892305115,97.17972057329604,0,0,0,0,95.64025771655646,89.27516825723515,38.57181529780172,84.41137001986928,4,25,90.00508676890674,89.29447480134466,90.30712201511567,87.87325086622053,95.48,94.16981281754036,93.81450683375932,94.5251188013214,95.94634273644553,90.30712201511567,0,0,3,5.003189258270706,0.025015946291353532,-0.7466649611210919,6,8.572699722895715,24.188376788428307,0,2.174289755167858,0.9470789839071508,95.48,90.30712201511567,12,4,10,8,0,0,2286,0,,4,,0,1.2170120833335465,-0.8609983983978424,-0.7620930158970978,0,0.05181453318053997,2.373275581859492,1625,100.35,8224,290,,,,,,0.9616709692490383,7.351044258988545,0.3968253968253968,-75.24626127743167,0,29.696702956174025,11.545986284662915,20.251871332255075,25.937966852378096,,,,16367483
2025-11-14,90.06,92.62,89.62,91.62,92.54051057719487,92.4495372294372,93.97316176103185,94.33557049948082,87.44879062530934,97.07903560608091,0,0,0,0,95.56163204738571,89.28499931797411,53.5144958080397,83.38164853416987,4,26,89.89890077916016,89.28499931797411,90.08,87.85814852107313,95.48,92.15780487804876,91.99,92.85,94.27685079690097,88.23468,0,7.5,1.5,4.769888005156053,0.023849440025780266,-0.7314400112473056,6,8.571393418356793,38.61179150178872,0,1.8513637874226658,1.026090482737805,95.48,90.19561570028908,4,4,8,8,0,0,2286,0,,0,,0,1.1097769836473617,-0.8819288190085237,-0.7452026682711393,0,1.4731497093376493,1.8738336811436473,1625,100.35,8224,18,,,,,,0.7369151617419047,8.001360722864186,1.1904761904761905,-73.05229417345686,0,29.692177784510886,12.177020009576719,18.731149360665558,28.320488948531636,,,,12475614
2025-11-17,91.31,92.58,90.74,92.11,92.39700705146325,91.92999393939392,93.79571778379072,94.24829322499139,87.49517081809233,96.96586735543224,0,0,0,0,95.47243150889906,89.30097457790467,72.98790935253155,75.63969772160766,4,27,91.99,,,90.25169103931135,95.18,92.85,92.50233820786227,93.19766179213772,94.58830896068864,90.0172694711891,0,7,1.5,5.274381590159039,0.05544384944399666,-0.5795086638514506,6,8.441735034146854,67.45217636289513,0,1.6295897868976617,1.652039604255224,95.18,90.0172694711891,0,4,8,8,0,0,2278,0,,0,,0,0.7118079029363361,-1.2325755319456118,-0.5889227062604725,0,3.7823249468550673,0.8187688454715557,1600,95.18,4128,2,,,,,,0.9831886848491859,8.441143304456459,1.9841269841269842,-71.13451003032652,0,29.24302796635308,12.76297989699668,17.84601894895489,26.9822194403347,,,,16922538
2025-11-18,92.1,92.9234,89.33,90.86,91.88467136764217,91.46006233766236,93.51612561390588,94.11541898087408,87.5286517054745,96.83467333029465,0,0,0,0,95.35277833032829,89.31000743741527,61.17559539304437,75.9449204926517,4,28,89.80352014872764,89.31000743741527,90.08,87.89035649518942,94.34534000000001,94.04127049678767,93.6863577612312,94.39618323234414,95.81583417456999,89.68987583916065,0,4.5,0,3.8060089234953196,0.0190300446174766,-0.8135830636125769,4,8.517264320003756,33.59820645619208,0,2.45209270994716,1.1736560278545372,94.34534000000001,89.68987583916065,12,4,8,8,0,0,2278,0,,1,,0,1.099329535120507,-0.73284263953302,-0.8243943976754227,0,0.4060398406694885,1.3752570613960673,1024,95.18,16,18,,,,,,0.9932061740505587,9.156824257662235,2.7777777777777777,-68.96482983587237,0,29.504669087480174,13.762222985780218,16.23274802379379,28.09019030418582,,,,17439409
2025-11-19,90.6,91.08,88.89,89.53,91.09978091176144,90.95235194805198,93.1364946030577,93.93559862868294,87.54856561885286,96.68033021065142,0,0,0,0,95.19883280997966,89.31133371060777,46.12438197472474,81.44361079814853,4,29,89.23028873453944,88.88117333723702,89.57940413184187,87.48471174802731,93.01831,93.77853265123576,93.08030185663091,93.86009999999999,95.2565615892097,89.18976624650529,0,7.5,2,2.263240256583317,0.011316201282916586,-1.043233571306552,4,8.593002974207314,12.969775454711538,0,3.104652613243633,1.7055346583228563,93.01831,89.18976624650529,13,4,10,8,0,0,2230,0,,0,,0.04420072967742048,1.3995146265772538,-0.6589275752324694,-1.0565019749903104,0,-0.6222677715703373,3.7925108218635972,1088,95.18,32,18,,,,,,1.019676147307346,10.429600192575943,4.761904761904762,-64.9625835298901,0,29.76703548183508,14.827119371494716,15.32356956756462,27.642182565465458,,,,18256220
2025-11-20,90.2,90.54,82.94,83.36,88.51985394117429,89.77264372294374,92.20539987895697,93.52086927069537,87.50688834901354,96.47090230790083,0,0,0,0,94.52408801218559,83.36,1.017640059810249,19.064035101354982,4,30,79.275,78.88296427393347,79.66703572606654,77.3148213696673,85.24725158248005,86.80204999999985,86.41001427393331,87.19408572606639,88.76222863033256,79.275,0,0,5,-4.738927902994376,0.06178247749377613,-2.300670189995662,4,10.60597939804037,2.0312410325759274,0,3.839981664692601,0.31219120192916144,85.24725158248005,86.77806763347913,12,4,10,11,0,0,2198,0,,1,,2.3773144475919747,2.323933431042215,-1.494259819950209,-2.3020003711458585,0,-5.663273829406843,4.430496776497861,1088,95.18,0,1074,,,,,,2.181081284851319,29.138064110129648,30.952380952380953,-20.69158101157433,0,36.74019036286939,17.22267625424156,12.671225456836531,36.408680719229785,,,,41734033
2025-11-21,83.97,84,81.51,83.87,86.96990262744953,88.23578614718615,91.41155227143726,93.14240380909948,87.47070040524225,96.215961955832,0,0,1,0,94.05422836450008,83.87,2.0194165693497057,30.352889209280058,4,31,82.81300000000002,82.42673468293823,83.1992653170618,80.88167341469108,85.19324171650044,86.87144999999985,86.48518468293807,87.25771531706164,88.80277658530879,79.275,0,10.5,0,-4.1164645859248825,0.04921853020522318,-1.9897807507514789,4,10.678559376035569,2.7487813685694036,0,3.9332809157104363,0.4428035821137134,85.19324171650044,85.19324171650044,8,4,20,8,0,0,2196,0,,2,,1.374137567262669,2.028750965050475,-1.3937482416417855,-1.9920549178751803,0,-4.7359475841892795,4.599275948427216,1088,95.18,0,306,,,,,,1.670530371850871,42.58568099208897,44.44444444444444,15.122525045761384,2,36.991614781869224,19.693109710650848,11.941911997698309,37.61858153779314,,,,33783117
2025-11-24,84.15,84.52,83.03,83.69,85.87660175163302,86.56562813852814,90.67616634082418,92.77172130678186,87.43308149573735,95.919960316141,0,0,0,0,93.7281574559559,83.79365339670828,8.343141564658744,35.98120308236176,4,32,82.81300000000002,82.44102149129978,83.18497850870025,80.95310745649886,85.19324171650044,86.91689999999986,86.54492149129962,87.2888785087001,88.77679254350102,83.69260115284249,0,9.5,3.5,-4.281081521666195,0.08603076432851842,-1.8611550484306443,4,10.201825484855984,4.610387916232128,0,1.7335941575892224,0.5492512740662567,85.19324171650044,85.19324171650044,0,4,10,8,0,0,2196,0,,3,,0.4119545662675169,1.701417502767553,-1.6882461146281473,-1.8553035749793627,0,-3.8357309722342454,4.050163561394568,1088,95.18,32,50,,,,,,1.1917383872469183,51.643345843574636,55.95238095238095,46.132178348381494,3,35.340160139443114,21.711076764535207,12.762969203658411,36.27317723398462,,,,24883181
2025-11-25,83.8,84.265,82.39,83.69,85.14773450108868,85.00736017316017,90.01081716550759,92.41557537318256,87.39583690373996,95.58779305633756,0,0,0,0,93.49894087974236,83.76882146342025,8.692303588571157,37.92235001200205,4,33,82.66451041900089,82.30236073235068,83.0266601056511,80.85376198574981,85.19324171650044,86.94219999999987,86.58005031334966,87.30434968665008,88.75294843325095,82.48545585499944,0,8,3.5,-4.24028996692562,0.07591245777660927,-1.7026874041880646,4,10.219457758009511,19.211093153368502,0,2.4612718493416788,0.5300125408896093,85.19324171650044,85.19324171650044,8,4,10,8,0,0,2196,0,,4,,0,1.4308277904278224,-1.6072996622128741,-1.6902822037269019,0,-2.6381099334137814,0.6792813340313658,1088,95.18,32,18,,,,,,0.882336693533762,58.35764016979274,64.68253968253968,64.84631601365733,3,35.4012401253528,23.706253248393885,12.172976206410633,36.174258800786035,,,,18482245
2025-11-26,84.11,86.355,83.65,85.66,85.31848966739246,83.95761515151517,89.59645362593544,92.15065084874404,87.37856489474753,95.23628929821582,0,0,0,0,93.30577725753618,84.16506413058086,8.944853505857012,68.9060317450277,4,34,82.42412149544805,81.70325422024051,82.81300000000002,80.26151966982543,85.19324171650044,86.98574999999987,86.62531636239609,87.34618363760364,88.78791818801872,82.43545,0,0,3,-1.96680375423611,0.038199106530933336,-1.124628228654788,4,10.607600383755619,17.013566639907623,0,2.5249030752241093,-0.08646105106480317,85.19324171650044,85.19324171650044,8,4,10,8,0,0,2068,0,,5,,0,0.3515033866674323,-1.3055928522474667,-1.1174863546023248,0,-2.613022232341271,1.126829050702971,1105,95.18,48,18,,,,,,0.9626230284917917,63.46055294408287,71.03174603174604,72.70148761117228,3,36.7458056221037,24.458403754252046,16.534589973040546,33.75030926949912,,,,20448733
2025-11-28,86.51,87.62,86.24,87.54,86.05899311159497,83.53890735930737,89.40060089965587,91.96984101153839,87.38017121420278,94.88163016447557,0,0,0,0,93.24344467308639,84.45201880541272,31.138255733126222,72.97671301238994,4,35,87.02669999999985,86.67451162222491,87.37888837777479,85.2657581111252,91.04,93.3495840301382,92.99739565236327,93.70177240791314,95.11052591901286,85.28527145310827,0,3.5,0,0.18291196226364495,0.0009145598113182249,-0.6195920353404909,4,10.8817194177664,40.33375604641101,0,4.579544974186233,1.5389743796037614,91.04,85.28527145310827,12,4,10,8,0,0,2068,0,,6,,0,-0.26416042816818797,-0.7781319342658792,-0.6179644736241909,0,0.6179521049123751,0.9131685188331222,5201,95.18,304,2,,,,,,0.4314967660070649,67.2524443861794,75.39682539682539,78.41030162304517,3,37.69538181056045,24.553816068921584,18.919986579520717,32.07327944827747,,,,9069354
2025-12-01,86.99,87.61,85.475,86.57,86.22932874106331,83.48235844155846,89.1310198615934,91.75808254049767,87.37210980908633,94.52119942443986,0,0,0,0,93.10694806562266,84.75077903308207,32.64020859274333,74.51704147974233,4,36,83.6176,83.27150543492327,83.96369456507672,81.88712717461638,89.88,87.05809999999987,86.71200543492314,87.4041945650766,88.78857282538348,85.28527145310827,0,0,3.5,-0.9180387320839491,0,-0.7876738228898059,4,10.885745729607306,28.646698316636925,0,1.0244763863879796,0.7068310678987644,85.28527145310827,85.28527145310827,4,4,10,8,0,0,2068,0,,7,,0,-0.12001408288995631,-0.8949957127637492,-0.785885494599404,0,-0.4359539076257657,1.361103158610789,5201,95.18,256,18,,,,,,0.8291187888966058,69.93858316479204,79.36507936507937,85.46758678695664,3,37.70932936391158,24.850966455729882,17.877894964784833,32.28027150198696,,,,17517249
2025-12-02,86.03,88.44,85.63,87.57,86.67621916070887,83.77522034632037,88.9823513033464,91.59384400949776,87.37407886571233,94.16490248902949,0,0,0,0,92.9872078013781,85.1236899558777,53.83221612704186,71.98323790972191,4,37,87.09884999999986,86.75238718957148,87.44531281042823,85.36653594785794,91.04,93.12796770367429,92.78150489324591,93.47443051410266,94.8602817558162,85.28527145310827,0,5,1,0.22423256053866414,0.0011211628026933206,-0.5079477100431249,4,10.290780528928115,51.45834268750971,0,4.527294713605155,1.5747931066207879,91.04,85.28527145310827,12,4,8,8,0,0,2068,0,,8,,0,-0.40740831711908976,-0.8120124950757098,-0.5067139815146267,0,1.9065395131433247,0.9149542973052014,5201,95.18,304,2,,,,,,0.9175132864849795,71.60494274907398,81.34920634920636,100.86490453893535,3,35.648309451288036,24.722795311313515,18.722221700656583,29.942678749544985,,,,18930358
2025-12-03,89.845,91.38,88.952,90.68,88.01081277380591,84.61094415584418,89.14403213159913,91.55800698951745,87.40697360336694,93.83395453730266,0,0,0,0,92.93231090413109,85.84456679660909,65.22472292608245,66.62915378742669,4,38,87.14479999999986,86.78906667603064,87.50053332396908,85.36613338015378,93.6,93.07037432410023,92.85,93.6,95.02293329587685,87.32,0,3.5,3,3.744582682252933,0.018722913411264665,0.20739596459251589,4,9.910549428243321,52.899828704182646,0,2.9450451470195516,0.5495057006313209,93.6,87.32,12,4,8,8,0,0,2068,0,,9,,0.2912445777732565,-0.6908197977021766,-0.16686820953900622,0.20276398089705452,1,2.02243005930411,0.4318526386780489,21585,95.18,8512,2,,,,,,1.1077958698289878,73.2326129615733,83.73015873015873,113.31243597015413,3,34.33115028128024,23.34166065805093,24.310987224805846,27.07933787157698,,,,21335780
2025-12-04,90.18,91,89.45,90.99,89.00387518253727,85.82362467532468,89.31983859525636,91.5357322056148,87.44262560731353,93.53071876975507,0,0,0,0,92.90424871621794,86.22542299554965,76.14768621841085,64.05725800136685,4,39,87.19394999999986,86.50562382691417,87.88227617308554,85.1289714807428,94.34534000000001,93.02378426218522,92.67962117564238,93.36794734872805,94.74459969489942,88.23468,0,5.5,0,4.056802238094928,0.02028401119047464,0.237119543919693,4,9.732109502743233,56.34385770294871,0,3.4631788821576244,0.5724831382368464,94.34534000000001,88.23468,12,4,8,8,0,0,2196,0,,0,,0,-0.5161636483027345,0.08345390247971307,0.2325417693271504,2,2.9829598583712684,0.44368101665158555,21585,95.18,528,2,,,,,,0.6951732552213877,71.38112165920928,80.15873015873017,111.73163841500819,3,33.71301624715032,22.05917848002139,23.333407956848657,25.990439298743603,,,,13145303
2025-12-05,90.72,92.75,90.46,91.32,89.77591678835817,87.29723506493507,89.5103301576129,91.52727211912011,87.48120644704176,93.25783395030282,0,0,0,0,92.8850612870502,86.52649797124926,78.16273762363355,81.36565121722072,4,40,90.46,,,88.75986781247965,94.34534000000001,91.52727211912011,91.18724568161605,91.86729855662418,93.22740430664045,88.23468,0,7,9,4.388135130809056,0.040897157790447086,0.2689932470742116,4,9.721963014145217,18.647178931753924,0,1.936668303376102,1.1817124188928156,94.34534000000001,88.23468,6,4,8,5,0,0,2260,0,,0,,0,-0.4358253396411933,1.1516518570912144,0.2580258950509626,3,2.3032579420380648,5.566251407231744,1105,95.18,272,2,,,,,,0.6012827154656329,69.3977956076633,76.19047619047619,106.06350752905959,3,33.677867779609954,20.777626683865787,26.525557216917022,24.42758534961367,,,,11154581
2025-12-08,90.77,92.78,90.77,92.57,90.70727785890544,88.90421385281385,89.8017272854593,91.56816340856638,87.53184120876273,93.02239121406845,0,0,0,0,92.8807935729623,86.90600453161183,82.36831113893666,70.28424254264104,4,41,89.74608,89.41239473660337,90.07976526339664,88.07765368301683,95.18,92.97223205020838,92.63854678681174,93.30591731360501,94.64065836719155,89.74608,0,5.5,0,5.755801228059738,0.06042227438588633,0.4952522365295821,4,9.821179243027185,56.43534259479011,0,3.256913382801074,0.5809881553728392,95.18,89.74608,4,4,8,8,0,0,2260,0,,0,,0,-0.42740921990006187,1.253146145964701,0.4821999156168466,4,2.9250619873365613,0.3164757182531741,17489,95.18,288,2,,,,,,0.6888591137367147,67.24806009375426,73.01587301587301,97.66305367644378,3,34.021562878327856,19.598998260066374,25.17921875698023,23.113808675190295,,,,12646872
2025-12-09,91.81,92.01,88.905,89.07,90.16151857260363,90.0351593073593,89.73203897255841,91.47019621607357,87.54714627136211,92.80128437080134,0,0,0,0,92.81218419850272,87.07552323510352,43.71241115067516,82.93389713844316,4,42,87.37589999999986,86.69075236797754,87.37589999999986,85.3204571039329,92.465,92.86881735427971,92.52624353826856,93.21139117029087,94.58168643433551,86.3007,0,0,2,1.7394670112006043,0.008697335056003022,-0.3328256855731078,4,10.251331251507738,4.867776179960856,0,3.834570563948619,0.905443701833904,92.465,86.3007,12,4,10,8,0,0,2260,0,,0,,0,-0.05779856855084051,0.7112484801712402,-0.35932201246896955,0,-3.470140144490796,3.9195532519827863,9297,95.18,0,18,,,,,,0.9228016425444988,64.88681332425018,69.44444444444444,82.7197766831648,3,35.51165314566009,18.63944601064579,22.774058372788176,25.766727300943373,,,,17117532
2025-12-10,88.64,88.75,82.72,84.16,88.16101238173574,90.18639307359308,89.20136859421952,91.18352185465892,87.51344332338836,92.56211078639032,0,0,0,0,92.37004436129666,86.52205015974113,67.12058322717635,62.2847861751248,4,43,83.97699999999999,83.6021993137039,84.35180068629607,82.1029965685196,89.33336,87.42194999999985,87.04714931370377,87.79675068629594,89.29595343148024,85.521927474555,0,0,5.5,-3.8319179271650703,0,-1.4133391295144535,4,11.584573780024373,18.146808888977016,0,2.8582444994610787,2.514998235212864,85.521927474555,85.521927474555,5,4,8,8,0,0,2260,0,,1,,3.0164001610474647,0.35607050638734705,-0.094094424571715,-1.4430443480003037,0,1.3915252259514892,4.619408235798624,1105,95.18,0,274,,,,,,2.504279867622484,62.26666353720201,64.28571428571429,55.16183692805572,3,40.13014074206491,19.514050371522988,19.32900658653203,36.602993516917294,,,,51202039
2025-12-11,84.055,85.745,83.34,85.44,87.2540082544905,89.7426264069264,88.84314301381765,90.95828570349583,87.49281204653872,92.3130186175236,0,0,0,0,92.21224771998467,86.43585057029577,30.322418423340753,89.21761951714284,4,44,82.1453937509215,81.77589132793229,82.51489617391071,80.29788163597543,85.521927474555,87.46979999999985,87.10029757701064,87.83930242298906,89.31731211494592,85.521927474555,0,0,0,-2.346263651289203,0,-1.0198424579393568,4,11.755409640083451,2.929682420486216,0,1.0543219228100758,0.01593263101996739,85.521927474555,85.521927474555,0,4,10,8,0,0,212,0,,2,,0.24930431913753617,0.12227553120355339,-0.2159234244410999,-1.0631150206156026,0,-3.42316888055156,5.325946877948395,1088,92.78,0,34,,,,,,1.1217232887319755,59.576924492701366,62.301587301587304,46.30180677015933,3,40.72193352081901,20.32618299233753,18.205723288401394,34.475852057522,,,,23346312
2025-12-12,85.5,86.45,84.5184,85.11,86.539338836327,88.902812987013,88.48760558393026,90.72894116610384,87.46910247393635,92.05170051091386,0,0,0,0,92.10169920124888,86.36635173910737,18.771556784339936,89.45072379063949,4,45,84.4566,84.09624417865287,84.81695582134712,82.65482089326436,89.33336,87.52429999999985,87.16394417865273,87.88465582134698,89.32607910673549,85.505773455945,0,1.5,3.5,-2.6970694876391366,0,-1.02328101482037,4,11.652398403830137,4.483188968744734,0,1.1202963429362351,1.7201840747232884,85.505773455945,85.505773455945,4,4,10,8,0,0,212,0,,3,,-0.4518733099784061,0.3003105408309555,-0.575281190741322,-1.0771930903372762,0,-2.9643631708033973,4.541848139099143,1088,92.78,16,18,,,,,,0.7792141362458197,56.632087406989164,57.93650793650794,40.299660962709076,3,40.36509213093657,20.76569693895883,19.081192923525663,32.825857011718554,,,,16211632
2025-12-15,83.46,83.62,81.165,81.86,84.97955922421801,87.60349567099567,87.85640505212739,90.38113955174683,87.41329050902155,91.75817671543435,0,0,0,0,91.79575496688315,85.94296003966703,13.084418607915914,39.815342049319355,4,46,80.91131786105484,80.54147852694679,81.28115719516289,79.0621211905146,85.505773455945,84.4566,84.08676066589194,84.82643933410804,86.30579667054023,80.69011386143318,0,8,2,-6.352913243150845,0,-1.692553518526376,4,12.165140870608663,6.751770758547607,0,2.0368229072500172,1.3030490969033637,85.505773455945,80.69011386143318,12,4,10,8,0,0,212,0,,0,,1.0026091148550735,1.0740835153096409,-0.9635239370769985,-1.776217266519556,0,-2.92960811574273,3.331166718956174,1088,92.78,0,34,,,,,,1.4721635954573875,54.48457794111776,54.36507936507937,29.290265010361555,3,42.14128413825377,21.945974363278705,17.263914756525594,37.795244466553825,,,,32070891
2025-12-16,81.745,82.05,80.26,80.92,83.62637281614533,86.01276493506494,87.19579504716287,90.01011447128617,87.3486806532104,91.4293823024193,0,0,0,0,91.55344032807112,85.60702874332735,6.661186283854879,35.69157132041711,4,47,70.65,,,68.85297809164122,85.505773455945,87.58594999999985,,,89.50187752668704,85.505773455945,0,4.5,4,-7.3597913616272965,0.03585698407788021,-1.795451799293323,4,12.122130489350525,0.5224912520172751,0,1.0857281995690453,0.3800252863358484,85.505773455945,85.505773455945,4,4,10,8,0,0,212,0,,0,,0.2255247495953397,1.397513397728942,-1.2868558726230417,-1.8740451457022742,0,-7.61128784140637,6.195390756711773,1088,92.78,0,802,,,,,,1.1039203779298579,51.4640922205978,51.19047619047619,22.55604542149178,3,41.99229180706977,23.22552007479228,16.496215846932667,38.36281327846362,,,,24465079
2025-12-17,80.81,81.3,78.78,79.14,82.13091521076356,84.09303116883117,86.42857647124261,89.5838354724122,87.26700223875059,91.05833068432669,0,0,0,0,91.24469416881598,85.14710732091847,3.7815271579031515,23.56251172139596,4,48,70.65,,,68.86883679938113,85.505773455945,87.60534999999986,,,89.38651320061874,85.505773455945,0,0,2,-9.312800978904058,0.12789394332626852,-2.0850592351448762,4,12.205534520659544,2.411407876585777,0,1.1787670794710687,0.619771425261887,85.505773455945,85.505773455945,4,4,10,6,0,0,212,0,,1,,0.5198825074663355,1.5886741207820643,-2.023151546610148,-2.155050563729037,0,-5.825863555803837,3.7426358871000307,1600,92.78,0,818,,,,,,1.2343319723385129,47.877612087540584,48.01587301587302,13.236139638579125,2,42.28121184663634,24.70284996682724,15.454298810843495,39.649234625210276,,,,28007486
2025-12-18,80.36,80.71,79.55,79.69,81.3172768071757,82.184041991342,85.78680728350521,89.19584192447446,87.1916091816486,90.65258463206749,0,0,0,0,91.05612647417473,84.89995851462432,2.647846953092331,34.84612335926227,4,49,70.65,,,68.9259734565682,85.505773455945,87.62139999999985,,,89.34542654343166,85.505773455945,0,0,3.5,-8.603590703344288,0.12345052609020782,-1.8031315332583857,4,12.251182809136285,4.8722093445619805,0,1.2271426748706167,0.5402972049984203,85.505773455945,85.505773455945,4,4,10,8,0,0,212,0,,2,,-0.3943611816503747,1.2059150752174401,-1.9876042087216625,-1.8517641440174746,0,-5.126729901943595,2.4072620245507483,1600,92.78,0,274,,,,,,0.8225650637232015,44.40311652873722,44.84126984126984,4.627249793410452,2,42.43934215647689,26.07465629514542,14.826013376959752,38.037318297943465,,,,18681835
2025-12-19,79.77,79.99,78.31,79.31,80.64818453811714,80.46271774891775,85.16996849459996,88.80816184900488,87.1131852096919,90.21420691863804,0,0,0,0,90.7139014284411,79.31,25.824037955019644,24.54427403035054,4,50,70.65,,,68.97411820967046,85.26280194786872,87.64314999999986,,,89.3190317903294,85.26280194786872,0,7.5,3.5,-8.957524846449708,0.1348022810993995,-1.764622541128574,4,10.129639681224242,30.896757844945252,0,8.719470568980462,0.5759355678233747,85.26280194786872,85.26280194786872,4,4,10,7,0,0,212,0,,3,,1.245659796964765,1.1481439123743014,-2.078418248795196,-1.8040528749678055,0,-0.9668458322459195,0.38816762516757397,1600,92.78,48,274,,,,,,1.5375683208016784,44.174021858324544,44.84126984126984,25.887416599648276,3,35.09010118049238,27.5944644756886,14.1625113270608,39.6382160634362,,,,34353345
2025-12-22,81.32,82.25,80.9,81.26,80.85212302541143,79.2697064935065,84.79759054273329,88.51215550198508,87.05494456083925,89.76099837580023,0,0,0,0,90.55179825237887,80.04032772374828,42.440685452432184,66.31940584165713,4,51,80.04032772374828,79.70284253411565,80.37781291338091,78.35290177558514,85.26280194786872,87.66809999999985,,,89.355525948163,85.26280194786872,0,4,3,-6.656651830717535,0.11694144931821729,-1.1555900962275583,4,10.449468001455937,40.019306794010475,0,1.4254243599545313,1.3769063302545934,85.26280194786872,85.26280194786872,4,4,10,8,0,0,468,0,,0,,0,0.38786448177516836,-1.9355315945457383,-1.189312313463037,0,1.610966808172242,1.820726790478842,1088,92.78,48,18,,,,,,0.9487331470066878,42.887127645647816,42.857142857142854,18.479211992106425,2,36.19801898117379,27.87376615320553,19.040032685297774,36.55510840825925,,,,20570444
2025-12-23,81.01,81.42,80.35,80.97,80.89141535027429,78.59090086580088,84.43305811009202,88.21638469798566,86.9943978487911,89.29599925224845,0,0,0,0,90.46909002922128,80.188882257659,25.64713538750685,73.86432603514602,4,52,80.188882257659,79.86594958157156,80.51181493374645,78.5742188772218,85.26280194786872,87.70764999999984,,,88.9993807043496,85.26280194786872,0,3.5,4,-6.925041149502954,0.06085270107174162,-1.1468001596000916,4,10.451253324226524,7.5629180843627,0,1.892691753705603,1.7918172520245474,85.26280194786872,85.26280194786872,4,4,10,8,0,0,468,0,,0,,0,0.35167165236556497,-1.486821608573933,-1.1735510929258086,0,-2.6688595571500455,3.5332608295486203,1088,92.78,32,18,,,,,,0.4983516967140083,41.3356945798099,40.07936507936508,14.173743820144265,2,36.20420352066692,28.267239334520216,18.476756418352046,36.99433181244507,,,,10445516
2025-12-24,81.01,81.41,80.58,81.15,80.97761023351619,78.35472943722944,84.12038590913087,87.93927157257446,86.93624463636532,88.82578556631006,0,0,0,0,90.43601158594319,80.24834058993827,39.00077043839089,77.83471688510576,4,53,80.24834058993827,79.94106381928565,80.55561736059089,78.71195673667515,85.26280194786872,87.76014999999985,,,88.98925708261035,85.26280194786872,0,0,2,-6.655733360197309,0,-1.025997605415648,4,10.45729030732676,35.82276147994382,0,2.031839281917585,1.6869273854722024,85.26280194786872,85.26280194786872,12,4,10,8,0,0,468,0,,1,,0,0.16964332181623748,-0.7066026817365482,-1.043605225715787,0,0.5656612235354848,1.292650739303479,1105,92.78,32,18,,,,,,0.21285595213348163,39.4786697399171,38.095238095238095,8.981485316611378,2,36.22511624357501,28.632607288598145,18.03114524360451,36.102125015716936,,,,4310663
2025-12-26,81.2,81.5,80.6801,81.26,81.07174015567746,78.42656623376622,83.84796820349936,87.67733935404212,86.87976459023233,88.35711516148154,0,0,0,0,90.38535453665779,80.33758500935134,46.27214515720783,81.23261775259522,4,54,80.33758500935134,80.04493604374534,80.63023397495735,78.8743401813213,82.25,83.62,83.327351034394,83.91264896560601,85.08324482803005,76.13119590931296,0,0.5,3,-6.468439016539575,0,-0.9303321518211743,4,10.13553502794435,32.19732653727832,0,5.1179433183229985,0.41497953406798194,82.25,76.13119590931296,8,4,10,8,0,0,468,0,,2,,0,0.08687920776668831,-0.8885779259014825,-0.9429317760093261,0,0.6293050877471695,1.8088456781976592,5184,82.25,304,34,,,,,,0.3445532248728218,37.24864717660196,35.317460317460316,6.089695388888634,2,35.11052326058731,28.922567865581705,17.854686393797202,35.199040000562725,,,,6741595
2025-12-29,80.91,82.1999,80.785,81.5,81.2144934371183,78.71273506493506,83.62435218411846,87.43509075192281,86.82623459430961,87.89547844479598,0,0,0,0,90.29837282288746,80.49616511115049,59.79634743801928,84.17246818502568,4,55,79.31,79.025621496223,79.59437850377701,77.88810748111497,82.25,83.62,83.335621496223,83.90437850377701,85.04189251888504,75.80727959163964,0,3.5,4,-6.134360909690629,0,-0.8069686340767867,4,9.830972232745047,36.88531873632196,0,5.494592808243105,0.20764737490901886,82.25,75.80727959163964,12,4,8,8,0,0,468,0,,3,,0,-0.1626690644866091,-0.7934503784054824,-0.8200247999423866,0,1.787929738388506,2.367901841405144,5184,82.25,576,2,,,,,,0.6123160364452102,34.59552659449066,34.523809523809526,1.5857644555104495,2,34.05548678982653,28.798059614812793,19.258983195775773,33.63538197602946,,,,12072642
2025-12-30,81.74,82.5,81.53,82.12,81.51632895807887,79.22347705627706,83.48108054753575,87.22665582047486,86.77940638939111,87.44606363157001,0,0,0,0,90.23584977215741,80.65359735585417,58.22156485337658,80.83907516527518,4,56,79.29994500926442,79.02695068432863,79.57293933420021,77.93497338458546,82.25,83.62,83.34700567506421,83.8929943249358,84.98497162467896,79.275,0,0,4,-5.369253585906905,0,-0.6001111549579113,4,9.857423181518602,36.1723039259854,0,3.1832163551545953,0.031063123833232408,82.25,79.275,12,4,8,8,0,0,468,0,,4,,0,-0.4892822723115201,-0.14838670168680693,-0.6141812616564387,0,0.7966056778692345,1.4694513522169392,5184,82.25,560,2,,,,,,0.4918681003931453,31.380643641924006,32.142857142857146,-8.10162696486058,1,34.14711556419493,28.511457831815605,19.6106067010954,32.535300827562736,,,,9500693
2025-12-31,82,82.545,81.42,81.71,81.58088597205258,79.8104,83.3124062096752,87.01031637653467,86.72896453477031,87.00819413417226,0,0,0,0,90.17841593726062,80.73726166505548,61.86880406807715,79.1287529749518,4,57,81.20992666617092,80.73726166505548,81.42,79.68310417243683,85.10582932246211,83.62,83.35646062684533,83.88353937315468,84.93769686577333,79.275,0,1.5,0,-5.786953138081312,0,-0.6708867192546807,4,9.746296773730336,40.332111957432026,0,3.297420000653952,1.6753842384414759,82.25,79.275,12,4,8,8,0,0,468,0,,0,,0,-0.25383842636697,-0.05577853002611218,-0.6859818521057272,0,1.2957344734303735,1.4627877652868309,1088,82.25,48,2,,,,,,0.44854998017355585,27.406881996283737,27.77777777777778,-18.82367700493063,1,33.76216239549114,28.28495024409164,18.8631603587654,31.66791168334506,,,,8428449
2026-01-02,82.04,83.66,81.4697,82.86,82.00725731470172,80.52925670995671,83.26931990399186,86.84755887157253,86.69046737522036,86.59104207964299,0,0,0,0,90.10261303832267,80.9698402166849,68.01025329819548,78.15401615045522,4,58,81.29115544657833,81.02688406436329,81.55542682879337,79.9697985355031,85.01775758432635,85.3672,85.10292861778495,85.63147138221504,86.68855691107522,79.275,0,1.5,2,-4.418556608584242,0,-0.34347920005700705,4,9.08305963949537,45.18816778514808,0,4.610563541868931,0.7465768773672504,82.25,85.01775758432635,12,4,8,8,0,0,468,0,,0,,0,-0.5473580150267122,0.4698570655084255,-0.35395157950886513,0,1.8451577226171239,1.4446161249966023,1088,82.25,48,2,,,,,,0.7125254374030278,22.325776967780385,19.047619047619047,-29.044871145799977,0,31.464641567568464,27.407550083256037,21.234370700450018,29.32446612118628,,,,13095077
2026-01-05,81.61,82.84,79.575,80.74,81.58483820980115,81.02586926406926,83.02843229408786,86.60804675896185,86.63125874462116,86.18152622760842,0,1,0,0,89.92792818294548,80.93135588429882,34.24346377883273,87.532632393826,4,59,80.35,,,78.97637393971586,82.25,81.26,80.98527478794318,81.53472521205683,82.63362606028414,75.65572088552939,0,0.5,3.5,-6.800384560944579,0,-0.8726246984673633,4,9.284611909622509,1.5151551075549605,0,4.079916126017116,0.8561905689671698,82.25,75.65572088552939,8,4,10,8,0,0,468,0,,0,,0.4631221430445872,-0.026478031537748692,-0.0058501525973249525,-0.8727154379689565,0,-6.681751949077979,4.414704903507822,1088,82.25,0,20,,,,,,1.2702452374943938,22.780936196808664,19.444444444444443,-29.17000853860177,0,32.16283911205056,27.312753397491672,18.967335681402734,32.35148849742673,,,,24036819
2026-01-06,81.18,85.65,81.09,85.54,82.90322547320076,81.81689177489177,83.26762921846044,86.5661625723359,86.62040044865478,85.80875457364756,0,0,0,0,89.83619320118034,81.67246933477,91.39935909023006,60.5476159445309,4,60,85.54,85.06825873166152,85.66614126833848,80.75693970658428,88.06426,88.11924999999985,87.82030873166137,88.41819126833833,89.61395634169227,85.01775758432635,1,1.5,0,-1.2472817524033393,0,0.397216601604505,4,11.24006646643431,58.48622144592097,0,0.5277499853963469,0.5277499853963469,88.06426,85.01775758432635,9,4,5,8,0,0,468,0,,1,,0.7034911578722265,-0.7683327123002037,0.9212180322774771,0.39730426373779576,1,3.5912023218921405,0.39111415745489264,17472,82.25,8240,34,,,,,,1.3935028522420563,22.670381681701134,19.444444444444443,-41.776363130733955,0,38.9367324006308,25.776388463257682,24.578518548779552,27.607191547715335,,,,27508695
2026-01-07,86.24,87.74,85.655,86.19,83.99881698213385,82.81336580086581,83.54595024527373,86.55141109891096,86.61611785712587,85.47310591915345,0,0,0,0,89.76742556890646,82.25438742550361,71.01325355116423,81.79610457626684,4,61,85.3672,,,83.88104411128562,87.57416988284444,86.6546084874025,86.35737730965963,86.95183966514537,88.14076437611688,85.01775758432635,0,1.5,5.5,-0.49196138971358594,0,0.4957002913593105,4,11.16097429102099,44.71395532155579,0,1.1013991974234505,0.5994787036036225,87.57416988284444,85.01775758432635,0,4,8,8,0,0,468,0,,2,,0.44813989918616937,-0.6017989930054257,0.6705434494503884,0.49863809250927416,2,2.223110217767311,2.684557296754819,17472,82.25,32,34,,,,,,1.2415173645344773,22.339635584444036,19.444444444444443,-42.21922619849957,0,38.66274906803676,24.38310264891721,29.232401463886454,25.78273920121092,,,,25293445
2026-01-08,85.76,88.24,85.35,87.59,85.19587798808924,84.01851082251083,83.93109784096194,86.59214007542425,86.62580822670671,85.17984390761245,0,0,0,0,89.74254852918867,82.64473515571865,83.36648913964149,84.38468400461375,4,62,87.44412171086329,,,85.93510195705707,90.475,88.22639999999984,87.9245960492386,88.52820395076108,89.73541975380606,85.0702838,0,3,0,1.1130537111641445,0.005565268555820723,0.7715199361711258,4,10.68761700869,54.98207371586953,0,2.0915009177574664,1.7433098143433348,90.475,85.0702838,12,4,8,8,0,0,468,0,,3,,0,-0.5372395082779804,0.9664387280149301,0.7715713918978808,3,4.58320941846295,2.3514624668317388,17516,82.25,288,34,,,,,,0.7638049972563328,21.78490548143062,18.253968253968253,-41.15844049357372,0,37.02299134177676,23.28055329652754,28.212296236645553,23.578371925949558,,,,15499202
2026-01-09,87.27,87.28,84.8838,85.44,85.27725199205949,85.04776450216453,84.07480280848938,86.54695811168213,86.6140091398738,84.9117649992701,0,0,0,0,89.69276226154918,82.83966559274015,57.75907668975931,85.81743691633896,4,63,82.85457749139738,82.25,82.86,81.03236389717253,85.03431611043119,86.01478599314211,85.54,86.62360404455585,87.84124014738332,82.43545,0,0,3.5,-1.355449483902638,0,0.136813562502022,4,9.326225989512237,36.779198775560936,0,1.9597184987263667,-0.09204114861219205,85.03431611043119,85.03431611043119,0,4,8,8,0,0,468,0,,4,,0,-0.21132893912726639,0.5585197334906961,0.1402922804109086,4,-0.5557475247540471,2.384351138322679,1132,82.25,0,4130,,,,,,0.8572533200266059,23.35176849307868,21.825396825396826,-27.719155418847414,0,32.30699451340904,22.039801529477803,25.9729421102854,23.074239660802686,,,,15881533
2026-01-12,84.64,85.48,83.77,84.67,85.07483466137299,85.71220000000001,84.13148825529991,86.47335191122401,86.5946657653477,84.66210173055322,0,0,0,0,89.6467553949442,82.93625604966591,63.072851323648116,86.79538707928955,5,0,82.88033494657758,82.28446818455053,82.93625604966591,81.09273466049645,85.03431611043119,86.9746647709844,86.67673138997088,87.27259815199793,88.46433167605201,85.03431611043119,0,0,0,-2.2226146938000935,0,-0.08960825306907994,0,9.247877277511506,25.69292764250693,0,1.3025386104453667,0.10184207092721533,85.03431611043119,85.03431611043119,0,4,8,8,0,0,468,0,,5,,-0.6272261274384945,-0.07947769866792415,0.4058225227677147,-0.08578926808001662,5,0.778796024434004,2.878184985931944,1644,82.25,0,32,,,,,,0.7051443455386645,27.495876830912636,30.555555555555557,-14.17083394620958,1,32.035586613623344,20.549705995228113,24.641935935782445,25.229654702610155,,,,12687761
2026-01-13,84.21,85.94,83.7,85.41,85.18655644091533,86.14968744588748,84.25325127860468,86.43165183627406,86.58287804628951,84.43349947955299,0,0,0,0,89.60193826187225,83.07978793321918,78.08625237693445,64.85978650262078,5,1,82.91861011552511,82.43545,83.07978793321918,81.24884029909263,85.03431611043119,86.87711351363572,86.58046108840888,87.17376593886256,88.36037563976993,85.03431611043119,0,0,0,-1.354630468234678,0,0.08125831529766567,0,9.284266212719368,69.59280078496752,0,1.2670644624696596,-0.09028345859614209,85.03431611043119,85.03431611043119,0,4,8,8,0,0,468,0,,6,,-0.3672401984846172,-0.13858038422895244,0.4920048548815974,0.08314136477566482,6,3.219465098501315,-0.12992668530269336,1600,88.24,16,0,,,,,,0.8262717245824411,31.00914506076935,34.92063492063492,-3.5834505496611726,1,32.161641582850045,19.206610324827437,24.36509871478697,23.52869745047795,,,,14809287
2026-01-14,85.37,85.99,83.5,84.65,85.00770429394355,86.31676753246754,84.29103687111852,86.36178313681233,86.56364542891349,84.2191129575509,0,0,0,0,89.54767561554004,83.16974405528924,85.97357065781954,78.14179181911899,5,2,82.9425984147438,82.64490330560459,83.24029352388301,81.45412286904775,85.03431611043119,86.15877386195132,85.56338364367289,86.75416408022974,87.94494451678658,81.51,0,0,1.5,-2.210680268179069,0,-0.13726032007516606,0,8.398612649779706,41.4493411078698,0,1.4052751499583789,0.12025371898971407,85.03431611043119,85.03431611043119,8,4,8,8,0,0,468,0,,7,,-0.20203359305895263,-0.012909727552489314,0.2533172590672754,-0.13294533204816658,7,3.3861784371129886,3.4053527308822797,1600,88.24,16,32,,,,,,0.9073291040038465,33.48294899878787,37.698412698412696,15.086803165161742,2,29.09364764501825,17.862394265915466,22.545490871978156,22.371399517749804,,,,15510808
2026-01-15,85.81,86.35,82.73,84.38,84.7984695292957,86.29848658008657,84.29950955005961,86.28406615105499,86.54191761370042,84.01569114465562,0,0,0,0,89.47961023253409,83.24868792268283,90.96905174625311,84.8426515324445,5,3,82.96365011271543,82.65489751137187,83.27240271405898,81.41988710599766,85.03431611043119,86.193348939248,85.5758437365609,86.8108541419351,88.04586454730931,81.51,0,2.5,5,-2.4981161422267495,0,-0.2123779723246492,0,8.301361979499156,46.37222708956164,0,1.3413108026977907,0.2210443094102748,85.03431611043119,85.03431611043119,8,4,8,8,0,0,468,0,,8,,0.2706666074793876,0.053457811805584954,0.28759331455648723,-0.20481875587047219,8,3.9751421337029607,3.425840460531469,1600,88.24,16,32,,,,,,1.1234784269495928,36.47606047706075,40.07936507936508,26.843422726391413,3,28.756761441026168,16.93502806240779,20.185340804722195,22.25617590052023,,,,18892872
2026-01-16,84.15,85,83,84.85,84.8156463528638,86.1912116883117,84.3519372119587,86.22782826277832,86.52508261256908,83.82485506609108,0,0,0,0,89.41362773292639,83.35568475164624,94.61668920641105,59.65738690513771,5,4,83.35568475164624,83.05112876468436,83.66024073860811,81.83290481683689,85.02708802766918,85.94188079211864,85.54,86.17060000000016,87.38882394784764,81.51,0,1.5,0,-1.9359503186718183,0,-0.09682754998177638,0,7.900264708929186,84.01646960024601,0,1.0976000128555676,0.058694876004384895,85.02708802766918,85.02708802766918,8,4,8,8,0,0,468,0,,9,,0.5874437528720236,0.0002787392861384741,0.16617310384636186,-0.08757116889155338,9,5.131687509417743,-0.6064329582681142,17984,88.24,16,0,,,,,,1.2604945055997003,39.28533986960558,43.65079365079365,43.54836441927901,3,27.367319738217393,16.073902302007806,19.001806315823217,20.951221378122188,,,,20738889
2026-01-20,83.06,83.81,82.35,83.72,84.4504309019092,85.89350129870131,84.29175271558168,86.12948205639485,86.49717134279227,83.63837961647197,0,0,0,0,89.33860625666577,83.37714701573417,88.32581799160903,71.80830271815364,5,5,83.37714701573417,83.07202359926957,83.68227043219876,81.8515299334112,85.02708802766918,85.87706875631059,85.571945339846,86.18219217277519,87.40268583863356,78.87442898270452,0,2.5,0,-3.210707702551583,0,-0.3888154789552148,0,8.066487512364288,35.920276344512175,0,1.081490913449098,0.6995498889931303,85.02708802766918,85.02708802766918,8,4,8,8,0,0,468,0,,10,,0.40210079018953926,0.333236491421154,0.35177909462977763,-0.3783058357967428,0,1.7749559380192794,2.4569291546974155,1600,88.24,0,17,,,,,,1.1782248579988035,41.56093600372694,46.82539682539682,48.73399080296573,3,27.943132420069656,15.606223557518822,17.61172138782495,21.32056684720153,,,,19429345
2026-01-21,84.39,85.61,82.95,84.26,84.38695393460614,85.50754502164503,84.28872864743104,86.05616903457545,86.4749109314212,83.4585042782708,0,0,0,0,89.26671892121671,83.43040295171255,92.39680137118697,79.97553399450985,5,6,83.43040295171255,83.12332406499543,83.73748183842967,81.89500851812694,85.02708802766918,85.82335951593838,85.51628062922126,86.1304384026555,87.35875394952399,81.51,0,1.5,3.5,-2.561333579375101,0,-0.2338476116377002,0,8.038392273015953,52.21414299870596,0,1.039918499787633,0.3243512856383079,85.02708802766918,85.02708802766918,8,4,8,8,0,0,468,0,,11,,0.8648920894254586,0.10478145384261932,-0.3898141044790752,-0.2257775397916725,0,4.159711856470089,2.924692834120281,1600,86.35,16,17,,,,,,1.3373486867057107,43.10942949062742,50.3968253968254,54.81479303128517,3,27.845807656065407,14.805924428333231,21.48324927726003,19.67159817978711,,,,21171947
2026-01-22,83.5,85.43,81.51,82.56,83.77796928973743,84.91871385281385,84.12408782386618,85.91906436655287,86.43595659379513,83.27416727708216,0,0,0,0,89.18059506318168,83.38468504282324,63.0330606574862,89.24375347730245,4,0,79.61430928723091,79.29416460670787,79.93445396775395,78.0135858846157,85.02708802766918,85.7481044860153,85.42795980549225,86.06824916653834,87.34882788863051,79.67238031418019,0,2,3.5,-4.484194710784704,0,-0.6560210815675893,4,8.035853890544455,8.544396362517212,0,3.7956115103388637,0.5426448108457526,85.02708802766918,85.02708802766918,12,4,8,8,0,0,404,0,,12,,0.599904344144545,1.2394693897247449,-0.7740041971659491,-0.6446293692556724,0,-0.46408733443281935,5.410302647280691,1600,86.35,0,35,,,,,,1.233368846782172,44.14202160685807,52.38095238095238,58.573117458504896,3,27.83701444124605,14.170283101434187,19.13458078314153,21.53703085993046,,,,19457158
2026-01-23,82.65,83.56,81.47,82.31,83.28864619315829,84.21877705627705,83.95131755492655,85.77753243060963,86.3949022993295,83.08306815442408,0,0,0,0,89.11456184735795,83.3436560401206,71.23529333181482,93.01748361034272,4,1,79.79964433781133,79.48370642018278,80.11558225543988,78.21995474966863,84.92053555599588,82.31,84.85,85.54,86.80375167051416,79.87710790257385,2,2,5,-4.72817514762234,0.0032664128954808525,-0.6732888950564103,6,8.03293932082828,25.63639820471817,0,0.5413944240376295,0.6382656905285774,84.92053555599588,,4,4,8,8,0,0,276,0,,13,,-0.2133810938708443,1.3187902945356809,-1.0261313031638468,-0.6616586316607846,0,2.2420041500532815,4.36221796081795,1600,86.35,4096,275,,,,,,0.9196439759414183,46.28808683653457,55.55555555555556,66.34284368396325,3,27.826918075584818,13.599838908420942,18.004406387958806,20.37799905876496,,,,14703757
2026-01-26,82.35,83.33,81.91,81.98,82.85243079543886,83.51243549783551,83.76357302588592,85.62860959019356,86.35097292321677,82.88537326922334,0,0,0,0,89.03817863578251,83.28745136115585,75.92226413028169,96.15355171380573,4,2,80.01233484519385,79.70628535025307,80.31838434013463,78.48208737048992,84.75434,81.98,85.26918854171839,85.88128753159995,86.87679191905258,80.01233484519385,2,0,5,-5.061868760996399,0,-0.7088208524599156,6,8.045674207370757,15.065369129141096,0,0.4018273978827463,0.7931415943881277,84.75434,,4,4,8,8,0,0,276,0,,14,,-0.008240455409943401,1.7046333988232802,-0.7378926842258345,-0.696705910117114,0,2.3397550596688106,6.406661354197656,1600,86.35,4096,547,,,,,,0.9973233909155765,47.65087494924071,56.74603174603175,70.96917405543141,3,27.87103301662521,13.070140729194355,17.258546139233584,19.533809079990775,,,,16556384
2026-01-27,81.95,82.085,79.86,81.24,82.3149538636259,82.78710129870129,83.52323273770631,85.45650725332322,86.30011747124446,82.67896345490999,0,0,0,0,88.93864454325497,83.19037515981468,83.46096066727657,95.79372831150187,4,3,80.00868358718523,79.70462869902593,80.31273847534453,78.48840914638873,84.3265,81.24,84.39682928160494,85.54,86.10487821054882,80.00868358718523,2,4.5,0,-5.863395809316851,0,-0.8440535655339391,6,8.101312215045857,39.226001919706924,0,0.25310323496790155,1.1217147331149162,84.3265,,4,4,8,8,0,0,276,0,,15,,0.5532693856295706,1.7707234264370608,-0.7331087124628113,-0.831431536082429,0,3.5247907659980893,3.873034051936302,1600,86.35,4096,547,,,,,,1.1581521045577434,48.28863535793753,57.53968253968254,72.06753599081671,3,28.063768728875566,13.576580576192207,16.13092239856319,24.2773509619628,,,,19993668
2026-01-28,81.16,81.8468,79.735,79.78,81.46996924241726,81.96329307359308,83.16673438173427,85.23389912574193,86.23524068048582,82.45862181468273,0,0,0,0,88.82707619832513,83.04099156168388,52.74823625518087,86.15999268449481,4,4,79.65174468911243,79.35055265010737,79.95293672811749,78.14578449408711,83.8923188,84.82789176611175,84.22550768810162,85.43027584412188,86.63504400014214,79.65174468911243,0,0,0,-7.485617978853247,0.011007615991122627,-1.149075772018932,4,8.291820431613479,6.337508663302508,0,2.8642562477734503,2.516387089169619,83.8923188,79.65174468911243,13,4,8,8,0,0,276,0,,16,,0.3520891009937426,2.027550411798442,-1.088060927928981,-1.1349862180285801,0,-1.2447974884190902,5.678449590348774,1536,86.35,0,563,,,,,,1.0959765937091688,48.21793025637436,57.53968253968254,67.86805287742654,3,28.72370854958448,14.102094251959436,15.121087265226521,23.12808094421399,,,,19317305
2026-01-29,80.44,82.08,79.96,81.7,81.5466461616115,81.34127272727274,83.02704539299768,85.09531484630106,86.19011390754567,82.23891370828157,0,0,0,0,88.7083759114021,82.96401181347252,73.27405956701266,87.1757397817446,4,5,79.59517319654167,79.29495916032268,79.89538723276065,78.09410301544672,84.3265,84.76366249518678,84.3265,85.36409056762476,86.56494671250071,79.59517319654167,0,0,0,-5.20954632031478,0,-0.5655370878526718,4,8.620584987910938,64.77637973454995,0,2.8693358044031143,0.7283901928566541,84.3265,79.59517319654167,12,4,8,8,0,0,276,0,,17,,1.7331166562599831,0.5273175384321043,-0.6432887178743493,-0.5609137197210949,0,4.0621272333378995,1.4359605272766869,1600,86.35,48,19,,,,,,1.4522846017318443,47.425747741178746,56.34920634920635,58.813283920330896,3,29.862582380054555,14.425149675316693,14.780303591877104,21.546037452080927,,,,26857843
2026-01-30,80.91,82.1,79.42,80.05,81.047764107741,80.73744675324676,82.74351726033123,84.8974593621324,86.12901824677407,82.0109417248334,0,0,0,0,88.57961259356253,82.819888192224,80.831607585386,81.28298870443061,4,6,79.29654098722798,78.99384223931035,79.59923973514562,77.78304724763983,83.8923188,84.45044187493384,84.14774312701621,84.75314062285148,85.963935614522,79.29654098722798,0,0,0,-7.05803731485324,0,-0.9463424308113069,4,8.843916093944365,58.3372696906885,0,3.4053004336234056,1.69492672310867,83.8923188,79.29654098722798,12,4,8,8,0,0,276,0,,18,,1.1504557157540234,1.2695283958855341,-0.8753635576132994,-0.9390290780984926,0,3.146413019742363,1.3127127780632002,1600,86.35,48,19,,,,,,1.2620520705463127,45.69855293195477,55.55555555555556,49.165095849938254,3,30.63622402517545,14.989292328516665,13.611909098450134,21.435620612692357,,,,24344094
2026-02-02,79.8,81.89,79.19,80.84,80.97850940516066,80.29262857142857,82.56222990220445,84.73834330871544,86.07639119954248,81.7820214279969,0,0,0,0,88.49342407136679,82.7484131861214,79.64191330434025,78.9406239458448,4,7,78.85635727003607,78.31,79.0447563286692,77.0892617934488,83.8923188,82.25976744186046,81.95458289022265,82.56495199349827,83.78569020004947,79.0447563286692,0,0,2,-6.0834232552843295,0,-0.6705796282065122,4,8.77940195136416,49.32345836623827,0,2.8498525386357154,0.8137914810126391,83.8923188,79.0447563286692,12,4,8,8,0,0,276,0,,19,,0,0.5353410304718589,-0.813983290617804,-0.6658019975488143,0,2.1629558990383684,1.4010185828932649,1600,86.35,48,19,,,,,,0.9426394588823859,42.95614120931541,50.3968253968254,41.243901509101335,3,30.41274047966414,15.626439033513542,12.53667696289883,20.415272682846574,,,,18434508
2026-02-03,80.48,80.68,77.3,77.93,79.96233960344044,79.70201904761905,82.12106514961356,84.4713494534717,85.99533258064156,81.53622736711024,0,0,0,0,88.30853070719424,82.485332562871,67.87764792176304,55.97730800670469,4,8,70.65,,,69.07503601025307,83.21336,82.25976744186046,81.94477464391107,82.57476023980985,83.8347314316074,78.41620494905942,0,0,1,-9.378802707784564,0.014604556826189774,-1.3667119914899601,4,9.154107242018844,36.540619120365086,0,7.976918889439928,0.5966551649580429,83.21336,78.41620494905942,12,4,8,8,0,0,276,0,,20,,2.098004332256084,1.7358059841018518,-1.1168364546095182,-1.3497516715718862,0,0.7676865331306342,1.5509521645413358,1600,86.35,32,35,,,,,,1.4872594074289556,38.856782722084965,42.46031746031746,22.53501827825962,3,31.71075768222169,17.04992414976473,11.27871632919614,23.72401995145303,,,,29490816
2026-02-04,75.625,77.7133,71.8801,73.92,77.94822640229363,78.60487099567099,81.34001132584083,84.05757104353164,85.8751800176501,81.25259514348785,0,0,1,0,87.78955979640378,73.92,38.61552953520708,19.823018038189364,4,9,70.65,70.30348972333272,70.9965102766673,68.91744861666356,79.8638618,82.25976744186046,,,83.9923188251969,76.47344104867103,0,10.5,2,-13.92157782399166,0.10765583004772472,-2.283702368164318,4,8.218892317493003,18.617773750402595,0,5.31808862272038,1.1881660665793603,79.8638618,76.47344104867103,12,4,10,11,0,0,276,0,,21,,3.9785910351063145,2.341436400210459,-1.8612466403817978,-2.249803266918424,0,-0.17800315201243677,3.285274489108537,1600,82.1,0,291,,,,,,2.917968273411317,42.600838973019165,49.20634920634921,49.62847120181568,3,28.471078151670792,19.849173574346317,9.520494255661877,33.99123893369474,,,,63044981
2026-02-05,73.26,77.22,73.22,75.21,77.03548426819575,77.41793982683984,80.7562007233798,83.71060747319706,85.76905882344462,80.94471848078337,0,0,0,0,87.55569207734473,74.3642116675532,9.095671726610643,44.44905401596592,4,10,74.3642116675532,74.0067378392193,74.72168549588712,72.57684252588365,79.8638618,82.25731707317074,,,84.0446862148403,75.34934398703965,0,4,2,-12.311034967960211,0.04686456603266126,-1.7367126055107902,4,8.457737346506919,5.60873394756819,0,3.8648832661833064,1.767407322101683,79.8638618,75.34934398703965,12,4,10,8,0,0,276,0,,22,,1.0397672570311443,1.3433518553264236,-1.37491652826129,-1.7174679442662124,0,-2.6293452665122996,4.753911418567374,1088,82.1,16,307,,,,,,1.5052949359161665,46.039892433879075,56.74603174603175,57.14098937548366,3,29.29846160244552,22.448476611457792,8.569326295834847,30.59526215766466,,,,33111495
2026-02-06,75.49,75.86,72.67,74.77,76.28032284546383,76.22952900432901,80.18608636877221,83.35999541542462,85.65961545206707,80.61431225746483,0,0,0,0,87.38240679549354,74.44652948123817,40.72681925082071,37.859862517358074,4,11,74.44652948123817,74.08610735492812,74.80695160754823,72.64441884968788,79.8638618,83.23070597468065,,,84.71868850524041,74.47617447595321,0,2.5,2,-12.71265974589931,0.04987424263255155,-1.692837674661864,4,8.109881519260998,41.59363979558696,0,3.0061041891204443,2.3964560465038134,79.8638618,74.47617447595321,13,4,10,8,0,0,20,0,,23,,0.1911172186177817,1.3024827859180208,-1.3989939410604124,-1.6822796454834792,0,0.4550672682907049,0.7660180715396536,1088,82.1,32,19,,,,,,1.0902184911384492,49.35200675626903,59.92063492063492,75.67084252777452,3,28.09345366944785,24.975889366973615,7.892140413141646,29.53997955654124,,,,24470208
2026-02-09,74.76,74.815,73.51,73.91,75.49021523030922,75.1085792207792,79.58836385746056,82.98940735991778,85.5427038555291,80.26119348055994,0,0,0,0,87.24971919076305,74.37700161732351,24.066538313077913,32.34103485162654,4,12,73.41607188661123,73.06974241218046,73.76240136104201,71.68442451445738,79.8638618,83.05940010229031,,,84.71531789772308,73.41607188661123,0,3.5,2,-13.598709569872003,0.060678253480964006,-1.7691927862295658,4,7.924947179200157,15.854595388562785,0,5.823554914547441,2.6752010159513326,79.8638618,73.41607188661123,12,4,10,8,0,0,20,0,,24,,0,1.3486910207944627,-1.485426027847712,-1.7731308418419953,0,-2.927861774613953,1.1814170162043351,1113,82.1,4128,35,,,,,,0.7964426125751422,55.39143727381855,65.47619047619048,101.76955440646292,3,27.452822323348652,27.322772639952593,7.626620046813823,28.546146986088157,,,,17959072
2026-02-10,74.38,75.05,73.47,73.5,74.82681015353948,74.11979393939393,79.00851968055956,82.61727373796022,85.42287595646911,79.88741032969585,0,0,0,0,87.10823359546502,74.27146421800462,19.540020707841762,32.09181946861913,4,13,72.32122062969042,71.98552183200471,72.65691942737612,70.64272664126185,79.8638618,82.87254075919272,,,84.67279519074286,72.41080442760916,0,0,3.5,-13.957474298272194,0.05387431879850657,-1.7138970503704827,4,7.924268174700959,24.532604228839624,0,5.811254313966761,2.2272498991172616,79.8638618,72.41080442760916,12,4,10,8,0,0,20,0,,25,,0,1.3287814978050727,-1.4309945503880526,-1.7278119491263209,0,-1.8713898411208811,0.7279075264179977,1113,82.1,4144,275,,,,,,0.8292442546570454,57.31521478716173,67.06349206349206,108.79502028764827,3,27.450470182766296,29.302280255954045,7.931153785863989,27.3465461047923,,,,18958728
2026-02-11,73.76,74.0857,70.65,71.01,73.55454010235965,72.99969307359306,78.24675590145866,82.16208653255002,85.27946425540972,79.48240496316356,0,0,0,0,86.86686412469449,73.77861391615623,23.08171125766168,16.421241001813843,4,14,70.65,70.30760379500613,70.99239620499388,68.93801897503062,79.10366,71.8801,,,73.59208102496939,66.71838660795805,0,0,5,-16.7325913454065,0.07921431085552902,-2.218797437637617,4,8.190260498281079,23.367391844451767,0,4.93794024390612,3.9062423364227348,79.10366,71.0698102054133,12,20,10,15,0,0,20,0,,26,,0.4423209865823042,1.7111395738077215,-1.6337144868442321,-2.248786634141496,0,-0.911752617135817,1.892093923379211,1117,82.1,4128,13091,,,,,,1.1921652060728838,60.462550546393814,69.84126984126983,113.10720117619042,3,28.37189462049443,31.73875771235804,7.220587429636307,32.25015601648401,,,,28045025
2026-02-12,72.19,72.63,69.45,71.22,72.77636006823977,71.8941909090909,77.57754105370068,81.732985099901,85.13956908868923,79.0535939196778,0,0,0,0,86.59122642181644,73.38697770481157,18.160191465931096,22.509078340521782,4,15,70.65,70.30366780964854,70.99633219035147,68.91833904824271,78.36206,81.98056074722594,,,83.71222169898323,69.98231315309827,0,7.5,3.5,-16.34911855636634,0.11160817822889862,-1.9784999219928487,4,8.280351927301247,22.66104303744515,0,6.928751024819164,3.1030026357909675,78.36206,69.98231315309827,12,20,10,15,0,0,20,0,,27,,0.8877020476020043,1.3445841243151144,-1.892865425831189,-1.9994328105366082,0,-2.066691703247691,0.8782920203016824,1088,,4128,4115,,,,,,1.3731875996347036,64.85547705561021,75,126.10347642966731,3,28.683980485273263,34.206772141228214,6.628632326736037,32.699881751361936,,,,33541449
2026-02-13,71.06,71.42,69.02,69.99,71.84757337882651,70.80034372294372,76.85491809620538,81.27247588029704,84.98882710770725,78.59907051803393,0,0,0,0,86.36311644542556,73.02016378739502,11.779530479040083,17.251294503492282,4,16,68.82081719765617,68.47779444947267,69.16383994583967,67.10570345673868,78.36206,74.77,74.4269772518165,75.1130227481835,76.48511374091748,68.82081719765617,0,9.5,2,-17.64799870540522,0.10637466852902133,-2.1360607376459018,4,8.304036711665345,15.884507389756777,0,3.4686812077905422,2.9026349664218647,78.36206,68.82081719765617,12,20,10,15,0,0,20,0,,28,,0.16857527817708,1.4289737197327967,-1.8509973482321707,-2.157484559712528,0,-3.3779731307193392,0.8271416725135187,1088,,4128,4131,,,,,,1.0692948512283151,68.26777997435175,78.57142857142857,137.32085077250164,3,28.766026985043126,36.56943572074557,6.2145428179807265,31.776376875770236,,,,26526713
2026-02-17,70.66,70.98,69.7,70.53,71.40838225255101,69.89682640692641,76.25254494418581,80.85120231636382,84.8449581812624,78.12790141476974,0,0,0,0,86.19847266995777,72.83021517791371,9.200511502775338,26.42213607307791,4,17,60.63,,,58.98025152629091,66.75093997504305,74.77,74.44005030525818,75.09994969474181,76.41974847370908,68.04735776969994,0,0,3.5,-16.871901982295732,0.10995780087346879,-1.801471836535706,4,8.346816028051249,19.361467812231233,0,4.074949810491858,-0.327198469608173,66.75093997504305,68.04735776969994,12,20,10,15,0,0,20,0,,29,,0,0.8909896491497753,-1.8796624069877503,-1.8172530659673638,0,-3.088453872449564,0.47984758686569934,1088,,4144,4115,,,,,,0.8184809245195763,70.98493135171621,80.95238095238095,145.50181222748785,3,28.914218884030024,38.76333761601167,5.999287742364478,30.675728508296782,,,,20286073
2026-02-18,70.26,73.27,70.115,72.77,71.86225483503401,69.51722207792209,75.9208739971205,80.53429242160446,84.7248093436379,77.65993719125458,0,0,0,0,86.0741111248001,72.82635121603661,28.033094334609725,69.47950287710273,4,18,71.8801,71.54554849773974,72.21465150226025,70.2073424886987,78.36206,74.77,74.43544849773974,75.10455150226025,76.4427575113013,67.73325241119781,0,3,0,-14.110163759885294,0,-1.0197771381707375,4,9.25574972486352,37.88123732421777,0,4.206675230128271,2.1821331860925897,78.36206,67.73325241119781,12,20,10,15,0,0,16,0,,30,,0,-0.29519834976203047,-0.9798912346866433,-1.0166205321556867,0,0.2726166358855444,1.260028049284618,1088,,4144,4115,,,,,,0.7375255207060422,73.02043349071214,83.33333333333333,127.74150223053631,3,32.06285757121054,38.961003436942306,11.605734138124712,28.09279490727184,,,,18235569
2026-02-19,71.87,74.105,71.76,72.94,72.22150322335601,69.56959220779223,75.63698123548997,80.23647703252193,84.60754755912409,77.20026536659189,0,0,0,0,85.9689184929081,72.83237221727519,45.40653749640681,73.57996497597955,4,19,71.8801,71.54850753361548,72.21169246638452,70.22213766807737,78.36206,74.77,74.43840753361548,75.10159246638452,76.42796233192263,67.6474370043957,0,3,4,-13.79019708728794,0,-0.8780950507104525,4,9.202194083684047,44.24069804207945,0,4.295973954573936,1.9949722752014465,78.36206,67.6474370043957,12,20,10,15,0,0,0,0,,,,0,-0.44494700006720345,-0.1886076796658318,-0.8712912273582893,0,1.1370526299332293,1.407379905151913,5184,,4656,4115,,,,,,0.6499072137740475,73.7488071703644,83.73015873015873,131.3518563345573,3,31.87733538810099,38.56825251787936,13.121271150313556,26.318952154496777,,,,15897791
2026-02-20,72.65,74.585,72.56,73.86,72.76766881557067,69.99357099567098,75.46774492734806,79.98641910967794,84.5006067873915,76.75884033508802,0,0,0,0,85.84668095470596,72.89731195301533,52.14700238495014,78.47961610004643,4,20,72.89731195301533,72.57132430565827,73.2232996003724,71.26737371623003,77.80217999999999,75.05,74.72401235264293,75.37598764735706,76.6799382367853,67.62317341497722,0,4.5,5,-12.592343643358559,0,-0.5343303345604496,4,9.294378965535978,37.685508449052634,0,4.55650798135183,1.5205353832437487,77.80217999999999,67.62317341497722,12,4,8,8,0,0,0,0,,,,0,-0.6113221176007146,-0.2529975190876619,-0.5192346801356104,0,0.9190870409888579,1.9703317407524092,5184,,4672,4115,,,,,,0.8261825930881764,73.91034222208408,84.12698412698413,129.5589416788798,3,32.19667318621555,37.87859319653434,13.708207991499785,24.85921569381472,,,,20242204
2026-02-23,72.99,73.11,70.15,70.72,72.08511254371378,70.27912121212121,75.01557874379111,79.62303012498468,84.36348632184531,76.31891554876323,0,0,0,0,85.67572139281016,72.75191134392526,39.05846193303546,56.256231266414346,4,21,70.14348837209302,69.80766055669004,70.479316187496,68.4643492950781,76.55686,75.05,74.71417218459702,75.38582781540298,76.72913907701492,67.27786009916949,0,0,3.5,-16.172264704419206,0,-1.391025650584628,4,10.026132556913332,22.874964950002386,0,4.628645719238082,2.587661284286516,76.55686,67.27786009916949,12,4,10,8,0,0,0,0,,,,0,-0.0925164198806803,-0.8019930860585369,-1.3770796947050785,0,-0.9567099664877197,2.0972222900136166,1088,,4096,4131,,,,,,0.9201103346492118,70.88510183448481,80.55555555555556,104.09431250464776,3,34.73154198398869,38.02843073159013,12.35607344846457,28.814588457783486,,,,22921582
2026-02-24,70.62,72.14,69.95,71.38,71.85007502914252,70.48567272727271,74.66933314914434,79.29977404165194,84.23429740321998,75.88692089682519,0,0,0,0,85.53901913015052,72.67787076526888,48.42390603648374,77.99027862908356,4,22,70.14348837209302,69.81209468636168,70.47488205782436,68.4865199434363,76.55686,75.05,74.71860631426865,75.38139368573134,76.70696842865671,67.16380838280176,0,3,2,-15.260170500013706,0,-1.0658116295477233,4,10.163041512862506,38.8466404550785,0,4.759409703171894,1.7891465981445431,76.55686,67.16380838280176,12,4,10,8,0,0,0,0,,,,0,-0.30364343689099316,-0.49801275219419494,-1.0522123008001185,0,0.8588425993491935,1.8113386858071605,1088,,4144,4099,,,,,,0.7812753358292012,67.04155099221104,76.19047619047619,90.42752833025216,3,35.20580851941905,38.226380545876246,11.627015004825145,27.653260702930833,,,,19581113
2026-02-25,72.32,73.16,71.92,72.83,72.176716686095,70.80111645021645,74.49415856351155,79.04605741256755,84.12082180716804,75.47368444110786,0,0,0,0,85.41718146888844,72.68575101457681,64.65811639664551,79.61026949600031,4,23,72.68575101457681,72.36213544925485,73.00936657989877,71.067673187967,74.585,75.05,74.72638443467804,75.37361556532196,76.6680778266098,67.2824801864707,0,1.5,2,-13.422148719671611,0,-0.5334231358349415,4,10.510254516566665,55.41341999079031,0,4.800461192774507,0.9958425350037388,74.585,67.2824801864707,9,4,8,8,0,0,0,0,,,,0,-0.4958213588933313,-0.11392283653413075,-0.5266725203616114,0,2.364038634951889,1.477159112232662,1088,74.585,4160,4099,,,,,,0.7911108879874501,62.278077265293874,70.63492063492063,71.05325383440571,3,36.40858964634746,37.70553942355713,13.870194490096573,26.29520080414747,,,,19820783
2026-02-26,73.15,76.1,72.83,74.8,73.05114445739667,71.42132900432901,74.52328631936759,78.87954535717274,84.02807731157434,75.09182565532527,0,0,0,0,85.3031382221668,72.8029177170216,70.32444924452653,86.45997819154385,4,24,72.8029177170216,72.4732211206512,73.132614313392,71.15443473516963,74.585,75.05,74.7203034036296,75.3796965963704,76.69848298185197,67.45947581488171,0,1.5,5.5,-10.98213550377551,0,0.0992867451006477,4,10.88946615299202,43.56221088805755,0,4.604551135002191,-0.05897576490377485,74.585,67.45947581488171,10,4,8,19,0,0,0,0,,,,0,-0.5902291142347189,0.8356883104584566,0.09823738006431443,1,1.9762322781082675,3.333684335265778,21568,74.585,12832,4130,,,,,,0.8904556912889573,56.486314961409235,64.68253968253968,49.74282802439741,3,37.72221728856756,35.551215549287434,20.60377888780749,23.96661761432536,,,,22449247
2026-02-27,73.9,75.78,73.658,75.42,73.84076297159778,72.31047229437227,74.60868762228496,78.74387691179342,83.94242480101141,74.74411710384807,0,0,0,0,85.20747335181709,72.92855566292354,75.2268089747047,86.8020077661585,4,25,72.92855566292354,72.60346239486532,73.25364893098177,71.30308932263243,74.585,78.85130112348949,78.52620785543127,79.17639439154772,80.4767674637806,69.95,0,1.5,0,-10.152702666397987,0,0.2715804356346727,4,10.591522911013788,48.74823758243701,0,5.476152229578199,-0.202821986056283,74.585,69.95,8,4,8,8,0,0,0,0,,,,0,-0.5075878201457046,0.9141899592024721,0.27046572511578665,2,2.2991827320300304,2.371672836512868,5220,74.585,4608,4130,,,,,,0.8207440636338426,49.330433968583,58.333333333333336,34.45157778673184,3,36.69011162281139,33.550771951751294,19.40299110364014,22.569843662527518,,,,20427882
2026-03-02,73.5,76.495,73.15,75.95,74.54384198106519,73.33060779220779,74.73643165825783,78.63431311133094,83.86289818607598,74.43218826834448,0,0,0,0,85.09575587258529,73.10114640133745,75.93033384998014,84.1428895228813,4,26,73.10114640133745,72.76940800956909,73.4328847931058,71.44245444249569,78.87760896089122,78.87328441183097,78.54154602006261,79.20502280359932,80.53197637067271,69.95,0,3,0,-9.435517203947265,0.0379764966901385,0.4008731642625328,4,10.499128241771688,49.98196131596273,0,5.3797116241294445,0.6494907091992087,74.585,69.95,12,4,8,8,0,0,1,0,,0,,0.0815946828076106,-0.44950958574453403,1.303811973521108,0.39694366086013694,3,2.0236679714033707,1.79567506578804,21604,74.585,4896,4130,,,,,,1.0327650130514778,40.574138877664424,44.04761904761905,11.559214554387886,2,36.37004709985971,31.324740208227748,19.580545888902197,20.537903496170657,,,,25779070
2026-03-03,74.5,77.305,74.02,76.36,75.14922798737679,74.34042683982683,74.89105721461422,78.54512436186698,83.78824248273195,74.15559819943815,0,0,0,0,85.00713635637867,73.25191939977789,77.02231393419322,85.4045077022412,4,27,73.69784517327412,73.25191939977789,74.37259147227248,71.90242680178116,77.69845052943066,78.5094029042913,78.17202975479212,78.84677605379049,80.19626865178722,69.95,0,3,7.5,-8.865495041577994,0.03192549053429036,0.47961764147405944,4,10.45314024993959,48.42475316319224,0,5.074145892758446,0.3002643972207744,74.585,69.95,12,4,8,8,0,0,1,0,,1,,0,-0.39199947439922533,1.255403924274323,0.476201285545256,4,2.1364524443757187,2.315673838662689,21604,74.585,544,50,,,,,,0.8710278560903264,30.00417889262187,33.333333333333336,-17.140111266712232,1,36.2107400230772,29.32112775565544,20.021926247599183,18.752390791907025,,,,21892515
2026-03-04,76.295,77.04,75.013,76.65,75.64948532491786,75.24259567099566,75.05857557512715,78.47080575944082,83.71721519434655,73.91303190188069,0,0,0,0,84.93108740669001,73.38851933555986,78.90956946423081,88.23832055178465,4,28,73.73427182281597,73.38851933555986,74.3970183861716,72.06302620884861,77.39435374030734,78.69902338325812,78.36765010158031,79.03039666493594,80.35588979164719,69.95,0,1.5,0,-8.441770522275801,0,0.516977576856177,4,9.84221937444874,47.017620871964354,0,5.280463976431636,0.16227555992215276,74.585,69.95,12,4,8,8,0,0,1,0,,2,,0,-0.34522252910055395,0.8006527561723235,0.5137959286982167,5,2.355816053180374,2.916632538178299,5220,74.585,512,50,,,,,,0.8039829059561386,22.93333364405476,21.03174603174603,-32.73587059447088,0,34.09444803156798,27.46063047826687,18.92841288464153,17.728214113561044,,,,19818584
2026-03-05,76.59,78.25,75.135,75.44,75.57965688327857,75.88005627705627,75.09490171082933,78.35195063161962,83.63485484415405,73.69337253457978,0,0,0,0,84.85374219177345,73.46037087413598,75.33053417271039,91.03718142081,5,0,73.75343223310293,73.46037087413598,74.42446475621887,72.11830582790411,77.56445388855627,75.44,77.96371523776203,78.63474776087797,80.80826018492748,69.95,2,0,4,-9.798372771046735,0,0.11345343460913392,0,8.375642649686164,24.692504395642704,0,1.0226777039261856,0.639569381914473,74.585,69.95,4,4,8,8,0,0,1,0,,3,,-0.9487063988694614,-0.14664068924671314,0.5040226013929862,0.11405941572483132,6,0.9928911284108048,3.88043996228326,1636,74.585,16,48,,,,,,0.7990916733084874,31.483804647222797,35.714285714285715,8.5121694445069,2,29.0140772305945,26.3369362378345,20.579333340571043,16.25864017176798,,,,17894025
2026-03-06,74.73,75.57,74.19,75.13,75.42977125551904,76.26546233766233,75.09824440503607,78.22559962645806,83.55022942281919,73.49182284246872,0,0,0,0,84.78876695013072,73.50728668032656,63.69042737957762,91.09622198103793,5,1,73.50728668032656,73.1834144374513,73.83115892320181,71.88792546595029,77.55378155704955,75.74827586206897,75.42440361919371,76.07214810494422,77.36763707644523,69.95,0,1,4,-10.078044645703226,0,0.012589977200271562,0,8.209963763807938,20.80516657624339,0,3.5805945026924024,0.7476020466506619,74.585,69.95,12,4,8,8,0,0,1,0,,4,,-1.5460181184200128,-0.07779777059699874,0.2394310500569213,0.014996222093888808,7,-0.1405882149530172,3.3603221195902004,1636,74.585,0,48,,,,,,0.6878037327286952,40.900077360035766,45.63492063492063,43.81105296584587,3,28.44014873442951,24.746971256979755,19.796411088412714,18.24528873647018,,,,14771234
2026-03-09,74.12,74.54,71.94,73.84,74.89984750367937,76.33374805194805,74.97841160455644,78.05361532738128,83.45361022458218,73.2990097964388,0,0,0,0,84.68471904505606,73.52018972360004,81.03031911529017,89.63186492638229,5,2,73.52018972360004,73.19096906950159,73.84941037769849,71.87408645310778,76.55686,75.86546196901548,75.42,76.52390327721238,77.8407858936062,69.95,0,4.5,2,-11.519705616942117,0,-0.36228024159988736,0,8.373168591209451,69.98583692559136,0,2.994679452506085,1.381983457153999,74.585,69.95,9,4,5,8,0,0,1,0,,5,,-0.024290783927267516,0.06699358719328569,0.6466781447089996,-0.36135418677592057,0,5.217049830616768,2.927852248170743,1633,74.585,4096,273,,,,,,0.995119616892624,47.47512285186476,58.73015873015873,63.67623952484822,3,29.00550684062937,23.798501951364475,18.08374755512697,22.768892078565635,,,,21208861
2026-03-10,73.97,74.12,72.18,72.36,74.05323166911958,75.99758008658009,74.72903907078916,77.83033629493495,83.34322604324305,73.10538312226483,0,0,0,0,84.58838607275078,73.4840531877308,48.37821015967432,93.76444895435347,4,0,69.54475196502378,69.02,69.95,67.7278947133486,76.55686,72.36,75.42,76.51151461234117,77.52842114660557,69.26168439720723,2,0,3.5,-13.178306821893779,0,-0.7593805792380648,4,8.535541710855533,7.330036750295591,0,0.5994704214124711,0.9060372638969011,76.55686,69.26168439720723,4,4,10,8,0,0,1,0,,6,,-0.8638562092484348,0.7916207842824412,0.17687891331266636,-0.7623104082261553,0,-1.798333820308378,4.94075603910383,1600,78.25,0,275,,,,,,0.8256535941051851,52.21467698554897,63.888888888888886,76.59194245935245,3,29.56798382665032,22.917780453293144,17.11405462122788,21.547970712903442,,,,17581464
2026-03-11,74.54,75.6,73.55,74.97,74.35882111274638,75.67463246753246,74.75198773071399,77.7181662441532,83.25991036122073,72.92741388077087,0,0,0,0,84.49937387977431,73.5373788269923,71.02612947722741,63.92473043355621,5,0,73.5373788269923,73.20849724259108,73.86626041139351,71.89297090498621,77.54365308059499,75.74827586206897,75.41939427766775,76.07715744647018,77.39268378407505,69.27334691940518,0,1.5,3.5,-9.956665008712111,0,0.07955170374726823,0,9.259819831660343,81.34844101287518,0,2.4363019661905283,0.8364084320052437,77.54365308059499,69.27334691940518,12,4,8,8,0,0,1,0,,7,,-0.09046035995622216,-0.12297135546666316,0.41224366837843,0.06760451029666355,1,3.343547705109769,-0.6293441308861529,17984,78.25,32,0,,,,,,0.9819683790998488,56.625520577286515,67.85714285714286,76.53021410048889,3,32.0769568347392,21.28551699779945,19.626641093317513,19.652601560374244,,,,21010783
2026-03-12,74.87,75.85,72.59,72.955,73.89088074183093,75.16197705627705,74.58084604207457,77.53137541104915,83.15737393971605,72.75027824043042,0,0,0,0,84.41316011976346,73.52086823944137,77.66398454404367,76.16518262124579,5,1,71.94,71.60550281448458,72.27449718551541,70.26751407242293,76.55686,77.74327327235527,77.40877608683985,78.07777045787068,79.41575919993234,71.94,0,0,2,-12.268754358587783,0,-0.5191812204993972,0,8.993825649655939,40.06258086048419,0,2.760477636238437,1.340233994544966,76.55686,71.94,12,4,8,8,0,0,1,0,,8,,-0.9239848776295237,0.3674795970050432,-0.4218403955163141,-0.534694602381122,0,1.9911468721864258,2.9585553187902045,1633,78.25,4112,17,,,,,,0.8193740298799255,59.7483722209766,71.42857142857143,91.77455806441192,3,31.1555259592405,20.24588654155824,17.918777856056476,20.504960827825816,,,,17082705
2026-03-13,73.295,74.87,72.69,73.33,73.70392049455396,74.61661948051949,74.46171784759127,77.36661559100801,83.0595891243955,72.57463535434785,0,0,0,0,84.33426111785766,73.515810781492,82.54452131684695,81.20403165164564,5,2,71.94,71.60993118487855,72.27006881512145,70.28965592439272,76.55686,75.2025,74.87243118487855,75.53256881512145,76.85284407560728,71.94,0,0,2,-11.71398658115661,0,-0.3641172602796049,6,9.000509851806543,45.60604009697878,0,2.7975136023081313,1.061346979076856,76.55686,71.94,4,4,8,8,0,0,1,0,,9,,-1.2098062978290718,0.3417519757809843,-0.4712916098404962,-0.3763114124814815,0,2.335434467840824,2.697481401323427,1633,78.25,8208,1,,,,,,0.8203835257029779,60.81674877074468,71.82539682539682,95.05876251543486,3,31.178680714706314,19.280515403619972,16.862100594035343,19.29577535549885,,,,16400650
2026-03-16,74,75.38,74,74.66,74.02261366303597,74.24499155844157,74.4806018621064,77.26047380312535,82.97601112315773,72.40755874288371,0,0,0,0,84.26754887595011,73.5446377896069,84.3313779423971,75.5310685362206,5,3,73.25523674389518,72.93044070128241,73.58003278650796,71.63125653083128,77.34448638292318,75.2025,,,76.8264802130639,71.94,0,0,3.5,-10.022187148541809,0,0.059096703774234205,6,8.914706122989042,56.91126318219926,0,2.518041541474797,0.8863366641150296,77.34448638292318,71.94,12,4,8,8,0,0,1,0,,10,,-1.2928302914290934,-0.09224349903301646,-0.3062775912858579,0.0493033133756602,1,2.183526710812234,1.370733425113164,18017,78.25,8224,256,,,,,,0.8218495823932825,60.91425343172955,71.82539682539682,97.25193478673116,3,30.881447879124764,18.083212844596023,17.313831714335265,18.208380325535074,,,,15997278
2026-03-17,77.39,79.23,77.31,77.79,75.27840910869065,74.34419870129872,74.79578263714389,77.28123953633612,82.9244090224298,72.26733425506372,0,0,0,1,84.17630090223021,73.75525964434621,99.91576725307473,93.80418830644108,5,4,77.79,77.14454723121604,77.82934702463977,74.57080082630506,81.11500000000001,78.25,,,79.96199948355934,71.94,1,2.5,10.5,-6.191673938901407,0,0.9684401218426618,6,9.680499192893603,87.94323699565342,0,1.0328655732672856,1.0328655732672856,,71.94,9,4,5,8,0,0,1,0,,11,,3.24879008908787,-0.7554285856732069,0.24062258574326514,0.9544313754666714,2,9.187998691403058,3.873114634655011,18273,78.25,9024,288,,,,,,1.6484051400680473,58.731845840355504,69.04761904761905,75.13997124665399,3,33.53423288944246,18.39050126783442,25.289984327605602,16.038499568132924,,,,33146083
2026-03-18,77.43,77.68,76.48,76.66,75.73893940579377,74.69419220779221,74.97332714789209,77.25687720157784,82.86207659434592,72.14493201895893,0,0,0,0,84.1328145025168,73.81359634886577,94.5541011471622,60.30771060151182,5,5,75.2025,74.87286081019613,75.53213918980387,73.55430405098062,78.04567212074849,77.80173289899345,77.47209370918958,78.13137208879732,79.44992884801283,71.94,0,0,3.5,-7.484819170907821,0,0.534875621476247,6,9.450496669301572,86.1403716108099,0,1.7250206945600601,0.44617121041292557,78.04567212074849,71.94,8,4,8,8,0,0,1,0,,12,,0,-0.32813058065316547,-0.049404760722768885,0.5267320033066822,3,4.377773154940775,-0.5201744042978661,18273,78.25,8208,4384,,,,,,0.6887386872823545,56.090789436251576,65.07936507936508,71.33508170672567,3,32.73748077598154,18.209143270239288,24.392631996906154,17.717542233870482,,,,13692695
2026-03-19,76.48,77.845,75.32,75.34,75.60595960386252,75.0396683982684,75.00824837190237,77.181705546614,82.78723006106885,72.03140578509442,0,0,0,0,84.08187201468837,73.84386081258903,96.49764176773434,70.45175299897375,5,6,75.2025,74.87386182375354,75.53113817624646,73.55930911876771,78.12296725493081,77.77680528776479,77.39530000000016,78.36206,79.67661270498583,71.94,0,0,5.5,-8.995626566531245,0,0.09235356560266551,6,9.658977968717105,75.91273203525695,0,1.7773146676304903,1.5628581491948323,78.12296725493081,71.94,9,4,5,8,0,0,65,0,,0,,0,0.02648863482754525,-0.07233885560681379,0.08987186048200994,4,5.277375525403668,2.1486089428343926,1889,78.25,8208,288,,,,,,0.6974088518233074,53.45510601119064,63.095238095238095,59.759758977998786,3,33.45968118201291,17.425269365719895,22.719292694099295,19.65364908248009,,,,13791622
2026-03-20,74.98,74.98,73.04,73.89,75.03397306924168,75.16144155844157,74.90174852695928,77.05261905458993,82.69870040871992,71.91831693552952,0,0,0,0,83.97108155523235,73.84553322067177,93.44407382049766,84.54217985167097,5,7,73.48465996620152,73.15896023111553,73.81035970128751,71.85616129077154,76.55686,77.32674915392445,77.00104941883846,77.65244888901044,78.95524782935443,70.92411269188783,0,2.5,2,-10.651558446728757,0,-0.3462886971910661,6,9.806217926552865,22.152963917016457,0,1.8865228938471885,1.3112445878324712,76.55686,70.92411269188783,8,4,8,8,0,0,65,0,,1,,1.331217738046304,0.4841825412830313,-0.3062926896383369,-0.3404465789576241,0,2.738516876077279,5.954660907010888,576,79.23,4096,817,,,,,,1.3034042794128362,49.423925245855386,59.92063492063492,45.49399553846802,3,33.96973535776458,16.70568310672862,21.28681715519119,24.664744848504697,,,,26161241
2026-03-23,75.27,75.82,74.4401,75.12,75.0626487128278,75.22182943722945,74.92253438153459,76.97683007205698,82.6232904544043,71.81441599115806,0,0,0,0,83.91932815799291,73.8700468158809,79.61214274936947,90.10704044349352,5,8,73.4740124842349,73.15434487308362,73.7936800953862,71.87567442847849,77.80217999999999,75.12,76.89990000000016,77.80217999999999,79.08085044460512,71.59078492725595,2,1,2,-9.081326116568775,0,0.04700503280235787,6,8.791736324753103,18.952780816259747,0,0.891024572147385,0.8267296055439057,77.80217999999999,71.59078492725595,4,4,8,8,0,0,65,0,,2,,-1.1659229507752589,-0.009154198298313793,0.21882106707226745,0.053973829484331534,1,0.6213533014510721,4.377728310426536,832,79.23,4112,256,,,,,,0.7209578383715746,47.27431838814543,55.95238095238095,55.22440300163536,3,30.455468002442487,15.644869411354364,22.485507646316723,23.335156263556478,,,,14154655
2026-03-24,74.63,75.01,72.145,72.34,74.1550991418852,74.97769523809524,74.67657872615034,76.79499359864299,82.52096915635052,71.7029446157421,0,0,0,0,83.85083641755635,73.84067346499226,72.21007301183198,93.61887651815385,5,9,71.8843971884949,,,70.2674136367211,75.64005999999999,72.34,73.00660328964524,73.65339671035476,77.5143473656762,69.7,2,0,3.5,-12.337432849414158,0,-0.7766966238435186,6,9.650837871738752,15.737383910273223,0,0.5102092715136063,1.5922424553537937,75.64005999999999,71.82112502367876,4,4,8,8,0,0,65,0,,3,,-1.0279070449739591,1.0405146944957406,-0.04937983500162069,-0.7637807142365638,0,0.5641472160608647,4.94599188681244,576,79.23,4096,273,,,,,,0.743468513723281,44.57953257901798,52.77777777777778,33.345961650719424,3,33.431483058922815,15.577744620452844,20.638638838652938,27.75497964009214,,,,14404165
2026-03-25,73,73.84,72.19,73.08,73.7967327612568,74.62126580086579,74.52452360937411,76.64930757516679,82.42702916474504,71.59034140338962,0,0,0,0,83.79990725732806,73.82912239537035,62.66515913645162,96.48494158441027,5,10,71.90483006725164,,,70.32968462631881,75.64005999999999,73.33,73.01497091181344,73.64502908818656,74.90514544093283,69.7,0,1.5,5,-11.339762283635558,0,-0.481324118416782,6,9.490383828900175,6.524376716983866,0,2.304549094749146,0.9308241609301164,75.64005999999999,71.86480910929662,14,4,8,14,0,0,65,0,,4,,-1.442989644691383,0.4922985812579642,-0.43194868003342524,-0.4728532061890916,0,-0.08337038840782829,6.957989214939296,576,79.23,4096,33,,,,,,0.610142595746459,41.50318315207879,45.63492063492063,26.24291281091386,3,32.87565394997032,15.51541445747286,19.673485501549195,26.45703497279596,,,,11569344
2026-03-26,72.74,72.765,70.2,70.55,72.71448850750454,73.96554675324674,74.14599755133848,76.41011904280731,82.30884977007095,71.46214441822846,0,0,0,0,83.71696434115977,73.76410045329912,32.78346900049019,83.97158666751297,4,0,60.63,,,59.038793519133804,67.12018330750814,73.33,73.01175870382676,73.64824129617324,74.92120648086619,71.11620504273849,0,0,2,-14.286252089440197,0,-1.184807913515365,6,9.686679943833742,1.375196368943179,0,1.3912681879327244,-0.29795458001668723,67.12018330750814,71.11620504273849,4,4,10,8,0,0,65,0,,5,,-0.6252652316441856,1.4546363521519046,-0.5465456432741472,-1.1699266743316823,0,-4.24053213960824,7.247181678047404,576,79.23,4096,51,,,,,,0.8282119590989833,38.11172636872706,40.07936507936508,13.577694348582861,2,33.555643638756955,16.166390048371994,18.083843826298775,29.902414221268824,,,,15412933
2026-03-27,70.11,70.38,68.46,69.18,71.5363256716697,72.97050173160171,73.67304540359196,76.12658496269722,82.17821444897572,71.31176053361457,0,0,0,0,83.63553454749359,69.18,17.371590197446764,61.56836729876877,4,1,68.46,68.14582951069627,68.77417048930371,66.88914755348138,75.64005999999999,75.91795741996687,,,77.48880986648548,70.10719146237044,0,8,2,-15.817104978651342,0,-1.4785484395070756,4,9.748588052081766,2.1796117228302876,0,3.6991163431514402,2.8199371853116233,75.64005999999999,70.10719146237044,12,4,10,8,0,0,69,0,,0,,-0.8492476873181228,1.6937042169764533,-0.9077940936588297,-1.4618222911899013,0,-4.776775050349469,5.528516182190173,512,79.23,0,19,,,,,,0.7586557143420422,33.25779342365829,36.111111111111114,-1.5170408103268207,1,33.77009961652906,17.30244717298719,17.009721799185638,33.07130198835887,,,,13869730
2026-03-30,69.71,70.5,68.84,69.91,70.99421711444647,71.91072554112552,73.31466012705938,75.88279731710125,82.05614266341378,71.14757631444888,0,0,0,0,83.55905777318942,69.5450492837778,11.982674479037279,89.71110300332438,4,2,69.23953409779767,68.9329829291585,69.54608526643685,67.70677825460182,75.01129999999999,75.60493391493671,,,77.13768975813257,69.47148494455274,0,3.5,2,-14.802234505753049,0.0013396158906744116,-1.1147114344296767,4,9.797318183876587,3.7953691980334625,0,4.001582507488915,2.315382013024773,75.01129999999999,69.47148494455274,12,4,10,8,0,0,69,0,,0,,-0.7657124703931778,1.2583161623771653,-1.0107169271253953,-1.1059683917576382,0,-3.094446141856184,5.710797834634764,576,79.23,16,35,,,,,,0.7844015171590369,27.01676974457087,26.984126984126984,-20.395872666808277,0,33.93890574478537,18.288679601703258,16.53683004618021,31.472339106042938,,,,13873476
2026-03-31,70.71,72.05,70.21,71.93,71.30614474296432,71.09952813852813,73.18278773400611,75.72778565760709,81.95538502497185,70.98385998814322,0,0,0,0,83.48533061005374,70.41346278422333,47.77962721942638,87.59282690313026,5,0,69.23190785957912,68.92814606012847,69.53566965902978,67.71309886232584,75.01129999999999,75.42306542114143,75.11930362169078,75.72682722059209,76.94187441839472,69.30497953529607,0,0,0,-12.232734947089932,0.02287354088089988,-0.3998807339387671,0,10.292348028983126,51.22543735931623,0,4.028212827886654,0.7307024517296304,75.01129999999999,69.30497953529607,12,4,10,8,0,0,69,0,,1,,0,0.12297823155975379,-1.182988327047199,-0.4008723043835705,0,1.9194066259415572,1.831818951397156,832,79.23,64,17,,,,,,0.913735190878938,21.859587705965332,18.253968253968253,-38.68921449763574,0,35.653739430760325,18.343304455320624,20.052601282929768,29.492674512156817,,,,15886570
2026-04-01,72.43,72.7,70.81,71.71,71.44076316197621,70.5807251082251,73.04252223552933,75.57022543574014,81.85344089537014,70.81971057547078,0,0,0,0,83.42439301462494,70.71171529162933,66.4243939749854,82.39494573537874,5,1,69.13983007647629,68.54195102035364,69.18115079250259,67.34619290810834,75.01129999999999,75.248298551225,74.94935902316368,75.54723807928633,76.74299619153163,69.18115079250259,0,0,0,-12.39219852508838,0.0012075173445615373,-0.4270308137419093,0,10.26768306927908,52.15477633263643,0,4.059113759942636,0.756518317717139,75.01129999999999,69.18115079250259,12,4,8,8,0,0,69,0,,2,,0,0.23780325373060746,-1.0096601387564923,-0.4252386938478268,0,2.0700476769426617,1.8759628771537475,593,79.23,16,17,,,,,,0.7646433124085338,14.452731760656038,5.9523809523809526,-59.36625372910886,0,35.568297504012236,18.054959080781437,20.862027516311894,27.827826488811613,,,,13035049
2026-04-02,70.91,71.97,69.78,71.84,71.57384210798413,70.34729220779221,72.92799630833606,75.42394208531896,81.75380466755551,70.65726013531024,0,0,0,0,83.3660111423461,70.91906946037729,76.15588423149816,80.05434861677615,5,2,70.91906946037729,70.62192918432034,71.21620973643424,69.43336808009255,75.01129999999999,75.29449005153562,74.99734977547867,75.59163032759257,76.78019143182036,69.03803073853732,0,0,0,-12.126413819967285,0,-0.3464740167509257,0,10.191962195528776,52.197487627181395,0,4.2111149629538875,1.3177337064996373,75.01129999999999,69.03803073853732,12,4,8,8,0,0,69,0,,3,,0,0.1716952292185583,-0.7318069520440101,-0.34966260337000354,0,2.157956021188615,1.9154165260398641,593,79.23,32,17,,,,,,0.7598660992540961,15.12126323920833,6.349206349206349,-57.17083112085079,0,35.305992702954164,18.177163841032883,19.489183852712245,29.091571239859853,,,,12758495
2026-04-06,71.62,72.78,71.4054,72.17,71.77256140532276,70.34595281385282,72.85580618373262,75.29633651334566,81.65844342708232,70.50130483714804,0,0,0,0,83.3318352979828,71.04471198911747,81.23879259965243,78.95340261254688,5,3,71.04471198911747,70.75652280420745,71.3329011740275,69.60376606456737,75.01129999999999,74.92712057723168,74.63893139232165,75.2153097621417,76.36806650178178,69.7,0,0,1,-11.619672172119117,0,-0.21340743194331532,0,10.213988679028978,52.15455497620721,0,2.7527667369758992,1.1071866678908142,75.01129999999999,69.7,12,4,8,8,0,0,69,0,,4,,0,0.051185794070284674,-0.3859265407177416,-0.23012420242957413,0,2.2063606152229522,1.9261184945717886,593,79.23,16,17,,,,,,0.47150993876875513,15.914109297721913,7.5396825396825395,-55.022393426882275,0,35.382294680023016,17.852705348794892,21.168703353721245,27.852638252675064,,,,7751368
2026-04-07,71.78,72.56,71.11,71.73,71.75837427021517,70.42793419913421,72.74858654718666,75.15648017948897,81.5596529452208,70.3507930503794,0,0,0,0,83.28774860937635,71.1211316611053,45.748398884153616,88.58498254278814,4,0,71.1211316611053,70.84058098940314,71.40168233280745,69.71837830259449,74.2282,74.67358839700239,74.39303772530023,74.95413906870455,76.0763417555132,69.02,0,0,0,-12.052102467653762,0,-0.3223308672615312,4,10.09829813289441,29.7716735660855,0,4.030350996988068,1.2418836022807092,74.2282,69.02,12,4,10,8,0,0,69,0,,5,,0,0.00992223323273881,-0.7392470069778606,-0.3526801851573149,0,-2.451840581970596,5.164842886518117,81,79.23,0,19,,,,,,0.6106077772868972,16.492755878392682,8.73015873015873,-52.85296135667,0,34.981530872302095,17.673007526973024,20.191842010791866,27.507452154646728,,,,9686272
2026-04-08,75,75.43,72.07,72.38,71.96558284681011,70.66297272727272,72.71348306650222,75.04759860382273,81.4683131149201,70.21080733153991,0,0,0,0,83.23003050198086,71.29111771988526,32.240917551969844,89.82292719504187,4,1,71.29111771988526,70.70402361529554,71.29111771988526,69.52983540611608,75.01129999999999,74.64024972466581,74.15170000000018,75.01129999999999,76.18548820917945,69.7,0,0,2.5,-11.155641705874068,0,-0.09907580861383602,4,9.9482141612035,34.01779078015747,0,3.1970791396777276,0.9232098404584856,75.01129999999999,69.7,12,4,10,8,0,0,69,0,,6,,0,-0.30966365657427175,-0.029773507352378437,-0.13004465169768273,0,-1.5165662692897381,2.914786855902034,16465,79.23,48,3,,,,,,0.8657705439093479,16.87854312995529,9.523809523809524,-51.02220729419088,0,34.46162474356132,16.723600035037894,26.64889229152589,24.411770140452766,,,,13559916
2026-04-09,72.15,72.35,70.015,71.81,71.9137218978734,70.92851904761905,72.62743706016867,74.92063395269243,81.37221049686119,70.07777100273184,0,0,0,0,83.15696980144402,71.36434295014739,39.412618380588256,86.47185645258037,4,2,71.36434295014739,70.7769519958855,71.36434295014739,69.60217008736171,74.2282,74.38887017310952,74.09517469597859,74.68256565024046,75.85734755876425,69.02,0,0,0,-11.751199136012204,0,-0.2743318250182997,4,9.244781040462652,42.380066949875356,0,3.6560795730033053,1.0952836476023302,74.2282,69.02,8,4,10,8,0,0,69,0,,7,,0.19902695785081426,-0.1002036363805988,-0.3148763426480098,-0.29325085783687166,0,0.2575461816257376,1.9456158109202681,1105,79.23,0,19,,,,,,1.0688805085207131,17.062009390313165,10.317460317460318,-46.72261208081434,0,32.02486093386156,16.084522926658366,24.732894406174477,28.90397669220542,,,,16500001
2026-04-10,72.32,72.88,70.04,70.48,71.43581459858227,71.06799956709958,72.42291924491451,74.74649144474371,81.26383029291232,69.94457908559819,0,0,0,0,83.09914527663912,71.28316089771937,53.85753646775011,84.89306385824517,4,3,68.65139404321786,68.35331967159627,68.94946841483946,67.1610221851099,73.67048,74.15944097417024,73.86136660254864,74.45751534579183,75.6498128322782,68.46,0,0,1.5,-13.27014768322194,0,-0.6697684801730434,4,9.038237669658,47.199607157816224,0,3.824173774594565,0.9612839187072526,73.67048,68.46,12,4,8,8,0,0,69,0,,8,,0,0.6966112091436959,-0.05786085398535816,-0.6782644770025218,0,1.463608608861918,1.964088094431648,1105,79.23,16,19,,,,,,0.7788686141424059,17.051266041168933,10.317460317460318,-45.53942151830292,0,31.309373709461173,15.24985338283035,24.216441917568254,26.445119655498385,,,,11818151
2026-04-13,70.07,72.81,69.82,72.34,71.73720973238818,71.3036207792208,72.41502217397027,74.65211923122435,81.17503596163955,69.82286690618548,0,0,0,0,83.04670270393973,71.37799176592446,69.93276880679124,62.91361860347139,4,4,71.72204045087433,71.41856067722571,72.02552022452295,70.20464158263123,75.01129999999999,73.18090443037984,,,74.69830329862295,69.7,0,3,0,-10.883932303786935,0,-0.03791247268507652,4,9.437504303954894,63.02590750664726,0,2.167696060650205,1.2509843679037291,75.01129999999999,69.7,12,4,8,8,0,0,69,0,,9,,0,-0.6880951635484911,0.6809144323802809,-0.03566849029219102,0,2.861272896907985,-0.6689163727204137,17472,75.43,32,3,,,,,,0.8467165265074149,16.843129731034896,9.523809523809524,-48.480100400411615,0,32.69247390219965,14.569139282489974,22.086176351155114,24.766056598375837,,,,12690571
2026-04-14,73.165,73.95,72.24,72.91,72.12813982159211,71.61897987012988,72.46216291930644,74.58380082999986,81.09279679784214,69.71602136007365,0,0,0,0,82.9819050138468,71.54022231091307,70.27895697850528,65.88531311279122,4,5,71.76346101555228,71.46639051144999,72.06053151965457,70.27810849504083,75.43,73.45694186046526,,,74.94229438097672,69.7,0,0,2.5,-10.090658012747053,0,0.1440256369393246,4,9.280221047361355,52.535222593319745,0,2.4684638385945026,0.9574862775504508,75.43,69.7,12,4,8,8,0,0,69,0,,10,,0.318658696916419,-0.737860044955579,0.6339101648650666,0.14527887640283962,1,1.6096629513610443,0.8779236598206597,17472,75.43,8224,2,,,,,,1.1147823672126518,16.381562926009344,8.333333333333334,-49.042702125250266,0,32.14762871899985,13.66041455900623,24.377378433140958,23.493211906915935,,,,16750310
2026-04-15,73.86,77.93,73.7935,77.28,73.84542654772808,72.43195108225109,72.92100454603916,74.68953413078418,81.0548585212467,69.64883589386099,0,0,0,0,82.93936616964777,72.17578131650704,95.2386750328571,62.04790047715724,4,6,77.28,74.33970685378713,74.9810520756914,72.14923822476595,,78.71265000000002,78.3919773890479,79.03332261095215,80.31601305476066,74.57,1,1.5,0,-4.657165023929078,0.01589404612006315,1.480924565065144,4,10.210934255682993,64.3285525520828,0,0,-0.10026557622103867,,74.57,8,4,8,8,0,0,68,0,,11,,1.4533990312995073,-1.1010197450460661,1.1271523689605052,1.4711347198556017,2,4.434480167591232,0.4754424658495615,17728,75.43,560,34,,,,,,1.3722440898326975,16.661505048784814,9.523809523809524,-52.89596336561277,0,35.37171384717688,14.303217159894793,32.051693040381004,20.209491116815567,,,,19695995
2026-04-16,77.51,78.05,76.365,76.48,74.72361769848538,73.45255887445889,73.25995649403542,74.75974847859656,81.00933754093579,69.6115826432272,0,0,0,0,82.90826840057272,72.46412504608568,90.11084614185573,75.24847902624794,5,0,73.13071021536807,72.50508608074269,73.75633434999345,71.25383781149192,75.43,76.72208158390634,76.40926951659365,77.03489365121904,78.2861419204698,73.845,0,0,6,-5.59113020600497,0.15,1.076498974579198,0,10.157347533025552,66.36013855784478,0,1.225064516843769,-0.200912249204371,75.43,73.845,2,4,8,5,0,0,68,0,,12,,0,-0.6099771331668515,0.9954221188133792,1.073580468787865,3,4.614587337214913,2.7300750945673187,18020,75.43,64,69664,,,,,,0.8926815435635808,16.438603676070166,8.73015873015873,-53.28095141658669,0,35.186083994669296,14.937880334642406,30.852687449456855,19.23751909927455,,,,12771663
2026-04-17,77.415,78.72,76.61,77.12,75.52241179899026,74.56307575757577,73.62757968507967,74.85230736178886,80.97063766490658,69.60430401372766,0,0,0,1,82.8714838307104,72.84461070956678,94.03508648594924,84.0326150886517,5,1,74.78345190769402,74.57,75.40438860413187,73.32812660712429,77.10960302357603,78.51975000000003,78.2092816517811,78.83021834821896,80.07209174109467,74.57,0,0,10,-4.755597554810258,0.16329346415622795,1.1585615374221971,0,10.022469614789719,60.63962004134839,0,1.5983719344200085,-0.0027419102239833646,75.43,74.57,8,4,8,8,1,0,68,0,,13,,0.6700251210450026,-0.47329636191761854,1.1063477132498236,1.1582069991476,4,4.911696828637577,3.661833819934837,18020,75.43,64,65568,,,,,,1.1728723261861738,15.50041104010906,6.746031746031746,-55.35448432115513,0,34.71885318026213,15.74388325200751,30.79200666385367,17.998261106655658,,,,16966564
2026-04-20,76.67,77.705,75.7,77.49,76.17827453266017,75.66235411255414,73.9954292388816,74.95574628877753,80.93600445431049,69.62618133421513,0,0,0,0,82.84838792831448,73.08856850455821,96.58313456051712,75.27248122350262,5,2,77.49,74.57,75.43,73.25044941323084,77.73940777712359,78.12929104545343,77.82309722210728,78.43548486879958,79.66026016218416,74.57,1,1.5,0,-4.257690353686554,0.1649086116533674,1.149821182612902,0,9.788927079771009,86.63274740354844,0,0.05882882442821856,0.05882882442821856,,74.57,8,4,8,8,0,0,68,0,,14,,0,-0.35901231649423965,1.1192688932269392,1.1462245041147823,5,6.0660885238372515,1.1649477492798959,18020,75.43,48,69664,,,,,,0.8379306337403587,14.391463696984195,5.9523809523809526,-57.55962133655549,0,33.90983810750045,15.999962795485478,28.991735518651602,19.599531116222806,,,,11507412
2026-04-21,78,78.76,77.0381,77.26,76.53884968844011,76.5994735930736,74.3063407399405,75.0461091794137,80.89942729556114,69.67254211449833,0,0,0,0,82.82411246021563,73.29998008505981,95.7139984967246,85.96554332831312,5,3,74.93538611443377,74.57,75.43,73.37121222757145,78.12486623081162,78.27002798757589,77.97033104446875,78.56972493068302,79.76851270311157,74.57,0,0,4,-4.49870588362104,0.17295897830455328,0.9590973493491675,0,9.686478701018386,37.88182247550569,0,2.039082830346848,0.2223999563420514,75.43,74.57,12,4,8,8,0,0,68,0,,15,,-0.7138732403962161,-0.2080865866601105,1.1836718264364263,0.9593756700704366,6,3.632998301974297,4.736395978567873,1636,75.43,48,65568,,,,,,0.8595053756984652,13.004396833555578,5.555555555555555,-61.244471576070936,0,33.55494651319525,16.60554861568116,30.647548996254436,18.594097800131706,,,,11698131
2026-04-22,77.7,77.97,75.1002,75.58,76.21923312562674,77.1913593073593,74.42764162185092,75.06704607433866,80.84649767072969,69.73012125431595,0,0,0,0,82.78629331751023,73.43153030164598,96.44721977276708,91.97254690060814,5,4,75.10628433657233,74.80237110368714,75.41019756945752,73.58671817214635,78.36206,75.58,78.04753180661285,78.65535827238324,80.40130586308157,73.12804,2,0,6,-6.51419396320543,0.15,0.35937387935153975,0,9.13115662414635,39.084383645514755,0,2.1425692014256876,1.3957183380313567,75.43,73.12804,4,12,15,8,0,1,68,0,0,16,,0.20046070303688554,0.06687732886558606,0.6683519188648985,0.3612900860237587,7,4.469985326679135,5.425251684573969,1636,75.43,32,65568,,,,,,1.03944157209317,11.286738582512033,5.158730158730159,-64.31776484013896,0,31.631254409781175,16.171079119103023,28.063624934087667,22.719707247464278,,,,14133026
2026-04-23,76.66,77.1773,73.75,74.7,75.71282208375116,77.39982164502165,74.45358051500799,75.0526521106391,80.7853384899264,69.79188995778628,0,0,0,0,82.73090425473292,73.52136907843135,97.36684627177677,95.32646536770865,5,5,73.55289210513155,73.24008606745244,73.86569814281066,71.98886191673598,75.43,74.7,,,79.6797483014329,69.82,2,4.5,7.5,-7.532726363070467,0.15,0.057671382465781205,0,9.191630990347058,41.5936729229381,0,1.2001736979220727,0.26925961628672773,75.43,69.82,0,4,8,8,0,1,68,0,1,17,,1.6568646416288824,0.1507933264550483,0.6077812537556682,0.06797137833505203,8,5.149109937060444,5.852727027972705,1633,75.43,4128,66352,,,,,,1.3382490983863944,8.98924650874488,2.380952380952381,-71.76810134628893,0,31.840743759411477,15.15509315186105,25.318243207562237,24.35104528315745,,,,18671028
2026-04-24,74.77,74.77,73.53,74.64,75.35521472250078,77.30958787878788,74.4713347516739,75.03646967492776,80.72419084326047,69.85595077828721,0,0,0,0,82.69247860415038,73.5739673372946,96.22554036847887,96.67122115151335,5,6,73.6210348581131,,,72.11336396888866,77.405,74.64,74.73493549708287,75.33800385277264,77.18227342275911,69.7,2,5,0,-7.537010628045746,0.15,0.034092517929220065,0,8.369201944278968,33.36190737929845,0,1.9431426831495782,1.0943404455384969,77.405,69.7,4,4,8,8,1,1,68,0,2,18,,-0.29078085239032236,0.23860767380827452,0.916336459820698,0.04759824908567935,9,3.6997542413976268,5.30000514826137,1600,78.76,32,65824,,,,,,0.9404041645748608,3.3997831549769106,0,-88.27328021966268,0,28.991765972590805,14.11386367837717,24.38863342591163,24.108378638910015,,,,13007246
2026-04-27,74.675,76.95,74.67,76.27,75.66014314833384,77.17598095238095,74.64263620389542,75.08484341316588,80.67987053636236,69.93152947004971,0,0,0,0,82.65826080531765,73.70974045931067,91.3947911956067,95.97974523174622,3,0,76.27,73.42964249924172,74.03088454381081,72.22715841010356,78.7084512938219,78.52016422305267,78.21954320076813,78.82078524533722,80.02326933447539,73.845,1,0,3.5,-5.465886976572225,0.15,0.5186795808681245,3,8.220443521598364,35.97155750856434,0,3.1103375189959666,0.6031528170472693,78.7084512938219,73.845,8,12,15,8,0,1,68,0,0,19,,0.2810775888507484,-0.013431123084431035,0.8438415008899652,0.5389117484033615,10,2.583933288108372,3.9091352275309523,1600,78.76,64,65536,,,,,,1.0575604888304206,3.551159574839,0.3968253968253968,-87.52948711902367,0,28.476451680317577,14.037337069633294,29.19007078398483,22.454351566389175,,,,14670017
2026-04-28,75.7,76.66,74.09,74.11,75.1434287655559,76.80211818181814,74.59190894638157,75.0466142597084,80.6144986902294,70.003602415446,0,0,0,0,82.6148972423963,73.72814373209856,90.52586380430586,92.59111825014844,2,0,73.79727805684061,,,72.28680545337667,76.55686,74.11,74.74451973901562,75.3487087804012,78.9435123310846,69.7,2,0,6,-8.068646206216194,0.15,-0.17694938266951007,3,8.848494810030253,44.07449462692229,0,0.9123800040064083,1.3420729041405604,76.55686,69.7,0,4,8,8,0,1,68,0,1,20,,0.056034332113718964,0.7531974792206938,0.23415998405679814,-0.16013558865165653,0,2.439565945332843,2.9154580449446255,1600,78.76,18,65553,,,,,,1.01146909772722,3.7115713744126673,0.7936507936507936,-87.89129237153084,0,30.652085162963832,13.686289039709788,26.972857864321167,22.462991142225444,,,,14039030
2026-04-29,73.67,74.73,72.78,74.47,74.9189525103706,76.30057445887444,74.5802985705357,75.02400193579827,80.55335939977935,70.07316092208788,0,0,0,0,82.58045746951336,73.75563783470258,92.060086728762,88.4146862278222,2,1,73.86351334727424,73.56558629234522,74.16144040220325,72.37387807262915,76.945,75.02400193579827,,,76.51363721044335,69.7,0,0,0,-7.551962382584404,0.15,-0.04711020030077512,3,8.436685631280495,56.69847487151338,0,2.0686182082120395,1.1807519246289142,76.945,69.7,12,4,8,8,0,1,68,0,2,21,,-0.6770322141398838,0.6526368629940589,-0.6207403519350674,-0.027456401592488782,0,3.1357105004161214,2.3347510553292503,1600,78.76,34,65553,,,,,,0.859483917361157,4.728811075255145,1.1904761904761905,-83.81959180082035,0,29.225536321728246,12.754036149236155,25.396576979536242,25.076201736840737,,,,11751812
2026-04-30,74.32,75.02,73.04,74.61,74.81596834024707,75.77445974025974,74.58312727810373,75.00776656576696,80.49422149530393,70.14033859678915,0,0,0,0,82.53464502434022,73.79684042720923,94.02933653660861,90.61886385043877,2,2,73.90139153319423,73.60706641076014,74.19571665562832,72.42976592102379,77.405,75.00776656576696,,,76.4793921779374,69.94946135227893,0,1,0,-7.3101166593023335,0.15,0.004644832473918481,3,8.421597539211987,48.319179725571,0,2.3807743204730176,1.2819724390843705,77.405,69.94946135227893,12,4,8,8,0,1,68,0,3,22,,0.7784717202670011,0.8156142699497171,-0.4195967288932604,0.026041866058214735,1,3.796914337614277,3.853092281177528,1600,78.76,34,65584,,,,,,1.1621927150006728,8.663786589599376,3.9682539682539684,-70.30231202324403,0,29.173269637624383,12.017591137236835,24.750873931241625,23.570005392146168,,,,16066964
2026-05-01,75.11,75.66,74.5808,75.12,74.91731222683138,75.32708658008657,74.63425801352243,75.01216787691335,80.44074665455464,70.207618963098,0,0,0,0,82.50593069992493,73.83863767041831,94.84630885426517,79.04159338713175,2,3,74.03970605875482,73.83863767041831,74.6055812861324,72.70688721566313,77.405,77.35890744680854,77.07596983311974,77.64184506049735,78.77359551525252,72.57414,0,0,2.5,-6.614491878604875,0.15,0.1659699820090875,3,8.435332130373197,70.22865918909768,0,2.5249447505100138,0.9469097403285759,77.405,72.57414,12,4,8,8,1,1,68,0,4,23,,-0.9723478239183836,0.5442779201617283,-0.4376049147363548,0.19463078045020188,2,3.6849553416506984,1.4123488872512504,17984,78.76,50,65536,,,,,,0.791501663256227,11.05037086604555,7.5396825396825395,-62.18326382677753,0,29.220847657049188,11.622760536230837,25.927586414126957,22.767306045422796,,,,10867433
2026-05-04,74.925,75.3214,73.5201,73.93,74.58820815122093,74.89057142857143,74.56718582175839,74.96972992095597,80.3759631057531,70.26915173517084,0,0,0,0,82.46375639227284,73.84217795710838,95.96168560542833,83.96774038385395,2,4,73.60970501032554,73.05208337061778,73.84217795710838,71.93684009120226,76.55686,74.51168830918107,,,75.90574240845048,72.78,0,0,4,-8.019764686703592,0.15,-0.20766576321815255,3,8.622832833488141,62.14594125919376,0,1.7617411639064107,1.3179374060280409,76.55686,72.78,0,12,15,8,0,1,4,0,0,24,,-0.06432630530179696,1.3811810515312297,-0.766494185779336,-0.18456305521490254,0,4.2305546234022255,2.873263651468579,1633,78.76,4098,65553,,,,,,0.9880596834685188,12.75639737556396,8.73015873015873,-57.294142186840894,0,29.870369145549127,10.853259653045635,24.431969068637386,24.850748056340418,,,,13868403
2026-05-05,74.25,74.8,72.67,72.95,74.04213876748062,74.39358787878788,74.41316812444806,74.89052482601652,80.30207292559635,70.32052187873317,0,0,0,0,82.37213011035705,73.77867964154069,99.76298597905381,94.51024348765506,2,5,72.43,72.15208638156426,72.70791361843575,71.04043190782127,75.64005999999999,72.95,74.23210564438776,74.78793288125925,77.02330894748597,72.78,2,0,6.5,-9.1555207203784,0.15,-0.48498435621517116,3,8.716983061758706,80.68302404951635,0,2.310113493586961,1.4087269320313955,75.64005999999999,72.78,4,12,15,8,0,1,4,0,1,25,,3.3389955977678913,1.7292300657006903,-0.9290891990476395,-0.4693490348107945,0,7.6165776160488345,3.8944324292042722,1633,78.76,4098,66065,,,,,,1.8377142181517012,14.091445380954601,9.920634920634921,-53.33419988128541,0,30.196515103366778,10.536374030289137,22.760069360802543,25.88131965022745,,,,27423995
2026-05-06,77.46,80.11,76.7,79.17,75.75142584498708,74.56749523809523,74.86619973164349,75.05834738185901,80.29080851837648,70.40176293237764,0,0,0,1,79.17,74.23680597452604,99.92726778317453,41.26132731123396,2,6,79.17,78.4380087828811,79.08199121711891,74.12407026304874,82.33005,79.20926292192961,,,80.81921900752414,76.36204,1,5,11,-1.3959362709866772,0.15,1.5167085382673131,3,11.889379551872596,97.2914834278996,0,0.6262572339957493,0.6262572339957493,79.20926292192961,76.36204,0,1,10,10,0,1,4,0,2,26,,3.3648732463247426,-0.6289059831737309,0.8441488013535531,1.5780891080185127,1,9.193884592354241,-0.030896870091034034,18275,78.76,16754,65536,,,,,,2.2316913550708675,13.959895485358063,9.523809523809524,-66.10525645528284,0,41.186018908627645,11.409312835064652,32.9654803596579,20.74280746741146,,,,35783026
2026-05-07,79.825,80.83,76.3,76.73,76.07761722999139,74.94160952380953,75.04370451910602,75.12390238649199,80.25537758784537,70.49691172361196,0,0,0,0,76.73,74.38688626035078,98.86555925077178,84.40280221230786,2,7,74.38852805202977,73.845,74.64,72.48724690784405,79.26954498445356,76.86185000000003,76.52241172696105,77.20128827303901,78.55904136519496,73.845,0,0,9.5,-4.392699522205333,0.15,0.6219670536676978,3,12.365531299010247,74.35271271467903,0,2.5672252351265175,0.5985606348737793,79.26954498445356,73.845,6,4,8,5,0,1,12,0,3,0,,1.643731569921003,0.002188340251870813,0.49715662886481915,0.6519937759155762,2,5.516828189766162,2.6913457779896044,17984,,66,65792,,,,,,1.628990258672856,13.796946659943533,9.523809523809524,-67.79082646957963,0,42.835456944937846,12.432269793135085,30.931299600809623,18.2711578414272,,,,26972253
2026-05-08,77.05,77.05,74.4016,75.45,75.86841148666093,75.28609220779222,75.0823993268102,75.13669052819819,80.20756288547875,70.59826778084623,0,0,0,0,76.24912427724465,74.42404941242971,97.76623316237064,49.5652064370697,2,8,74.79591568192593,74.42404941242971,75.12,73.06869296971348,78.36206,76.76951529829077,,,78.46371085168606,72.57414,0,1.5,5,-5.931563950237023,0,0.17264949053678272,6,12.331912157289057,87.68916972452689,0,2.0646696531138615,1.2228830482433064,78.36206,72.57414,12,4,8,10,1,1,12,0,4,1,,0,0.2483972920163844,0.2203959983054065,0.18933556535196167,3,4.043789430363548,-1.0747840955214965,1600,,4130,32,,,,,,0.9673606427082202,13.607207468963425,9.523809523809524,-68.14717460308223,0,42.71899682180193,12.497302762288422,28.77270945114777,21.998450032267698,,,,16230644
2026-05-11,75.5,77.0157,75.1,76.15,75.96227432444063,75.61780606060609,75.18407558139971,75.17642815454336,80.16718912542423,70.71008071307493,0,0,0,0,76.21885055986972,74.49188879091035,97.98112198739221,26.48307977802686,2,9,76.15,74.49567437489715,75.15915593758682,72.44607374924128,78.7993259744613,76.74004085518423,,,78.39874476190843,73.12804,1,1.5,3.5,-5.011014068535194,0,0.39140568124535025,6,12.120301980025717,96.85582087062508,0,0.7152750338694225,0.7152750338694225,78.7993259744613,73.12804,8,4,8,10,0,1,12,0,5,2,,0.30751227428085615,0.01034497819073879,0.014764498551623203,0.4162334077368647,4,4.889286884531716,-4.0220175374179306,1600,,4132,0,,,,,,1.1113182358117788,13.379401629106805,9.523809523809524,-68.1336275907519,0,41.9859576649644,12.557690519359376,27.289196392502085,20.864215943252077,,,,18996393
2026-05-12,76.2,76.83,74.41,76.36,76.09484954962709,75.88159696969697,75.29606838317116,75.22284273671814,80.12930664656429,70.83256869632052,0,0,0,0,76.24948436105379,74.55623527527759,98.86444943255195,14.393426006864027,2,10,76.36,74.51379750565526,75.17310181386712,71.77278276715262,78.72983291707982,76.80228263888891,,,78.45054340941853,73.12804,1,1.5,0,-4.704030028850756,0,0.4295009227071641,6,12.107662746855373,99.06509017822293,0,0.5166166755980761,0.5166166755980761,78.72983291707982,73.12804,8,4,8,10,0,1,12,0,6,3,,0.019863536936310353,-0.04564615763465721,0.5886191868244547,0.4749546503333998,5,7.533447927848888,-4.556420087990153,1600,80.83,69667,0,,,,,,1.007179709526208,13.121633829184965,9.523809523809524,-68.71494118278427,0,41.942174076924914,12.290928415588901,25.50051836457099,21.3655180947017,,,,17241005
2026-05-13,75.6,76.05,74.0201,74.7,75.62989969975139,75.96170086580086,75.23929996572629,75.20233909998409,80.07528369485718,70.9543871678687,0,0,0,0,76.01655048730119,74.56016191421902,98.32868082218415,47.86411438114746,2,11,74.33760516958797,74.01060763363247,74.66460270554347,72.70261748981048,77.405,76.67176025670398,,,78.63374547243697,72.77439636865229,0,2.5,5,-6.712787575428098,0,-0.13602770878555537,6,10.798479429496405,69.2206785608929,0,1.8760966020425716,1.354272397100008,77.405,72.77439636865229,0,4,8,10,0,1,8,0,7,4,,-0.4491114295846563,0.7111355992421818,0.11526525401702693,-0.1053903567743825,0,4.614904264670725,2.4025510975992446,1600,80.83,69634,64,,,,,,0.8348251040235181,15.954075455888555,15.079365079365079,-57.35006109300693,0,37.40703003275031,11.859064881181167,23.871283094087726,21.065079619857467,,,,14055166
2026-05-14,74.665,75.29,72.875,74.69,75.31659979983426,75.91317532467534,75.18698568327616,75.18224737057295,80.02169878247054,71.076051976775,0,0,0,0,75.80912027238342,74.56439187336754,98.36349527559922,57.515025566311806,2,12,74.30949366979611,73.98429060069458,74.63469673889765,72.68347832428844,77.405,76.62040899760447,,,78.57162741221367,72.68059505253144,0,2.5,0,-6.662816290571545,0,-0.11155309132909859,6,10.760167516057548,79.86542552650712,0,1.9037374639520537,1.3530878000793134,77.405,72.68059505253144,8,4,8,8,0,1,8,0,8,5,,0.043376626888459106,0.6700473414326272,0.08817361632791114,-0.08018024007551809,0,5.050618847155264,1.3942663136714144,1600,80.83,69634,48,,,,,,1.0155613483650292,18.98274573430125,23.41269841269841,-49.072849733511376,0,37.27431367152775,11.09494204626343,22.288504237976877,22.812280027751317,,,,17329490
2026-05-15,74.31,75.565,73.63,75.09,75.24106653322285,75.80172121212122,75.17774895153558,75.17862982662892,79.97262715279422,71.19940337113799,0,0,0,0,75.71645056023353,74.5801069302244,94.7106580376736,48.74467888709939,2,13,74.30829325878084,73.98904219461512,74.62754432294655,72.71203793795227,77.80217999999999,76.32770523924088,,,77.80295425666287,72.66173702991648,0,3,0,-6.105372959007033,0,0.05189790357533267,6,10.73650165596353,73.7910696889675,0,2.1888019389063653,1.140548053009919,77.80217999999999,72.66173702991648,12,4,8,10,1,1,8,0,9,6,,-0.1047117994381469,0.2811483200926655,0.06850699193212813,0.08772765722959851,0,2.654287173660177,-0.10204628525545045,1600,80.83,69666,2,,,,,,0.9623609563596052,21.481254174877122,30.158730158730158,-42.242788769527436,0,37.19233272735244,10.3474567878578,21.851425045491112,21.577756738929438,,,,16394137
2026-05-18,74.89,75.97,74.23,75.08,75.18737768881523,75.6587813852814,75.1684395275798,75.17476199029053,79.92394429555249,71.3236877675595,0,0,0,0,75.63842277439012,74.59580422311498,96.41144121282034,57.89145728171606,2,14,74.31155639739119,73.99957326638017,74.6235395284022,72.7516407423361,77.80217999999999,75.61717493485988,,,77.17709058991497,72.69487208736514,0,3,3.5,-6.060692247169337,0,0.06385099061474772,6,10.718284600133185,78.77825295285237,0,2.2377002187887682,1.1691408836672474,77.80217999999999,72.69487208736514,4,4,8,8,0,1,8,0,10,7,,0.07133681645182706,0.31562529812294443,0.36396489645048524,0.09994241154208959,0,4.827617012273036,1.386553207339025,1600,80.83,69666,49,,,,,,1.0246363906990645,23.231946305218155,34.523809523809526,-37.42949103558061,0,37.129226994827484,9.847275187012036,21.922357235135404,20.503256773061686,,,,17776180
2026-05-19,75.49,76.01,73.96,74.09,74.82158512587682,75.40171212121211,75.06573100114363,75.13222230439679,79.86589509858182,71.44258635874796,0,0,0,0,75.47234638754571,74.58070432802919,97.42954570451985,76.94948357841274,2,15,72.6279597265436,72.31995753346193,72.93596191962526,71.0879487611353,76.55686,74.2191000000002,,,75.7591109654085,72.67,0,0,5,-7.23199194280911,0,-0.26428624748734597,6,10.781530269979386,53.195839983562685,0,2.551215778138791,0.8217248153742018,76.55686,72.875,4,4,8,8,0,1,8,0,11,8,,-0.036751873790364466,1.0438820252694123,0.37053650254008197,-0.24102689244755102,0,5.093006868546638,4.680015051446611,1625,80.83,73746,49,,,,,,0.987808873911543,24.490086080382163,37.698412698412696,-34.42787138317433,0,37.34831642189218,9.240818221192981,20.619582642781843,20.06750858909646,,,,17419867
2026-05-20,73.8,74.8941,72.5301,74.6,74.74772341725121,75.08841428571426,75.02137566770138,75.11135084147926,79.81349813242677,71.55955849115061,0,0,0,0,75.40878116570008,74.58111739790186,98.59542459427479,66.62807962664253,2,16,74.34158589336387,74.03447671407376,74.64869507265398,72.80603999691331,77.405,75.54541379102865,,,77.08095968747921,72.875,0,3.5,0,-6.532100777961804,0,-0.04094465581718935,6,10.606256707757925,93.4841602456007,0,1.9950000281445637,1.5635800102419974,77.405,72.875,1,5,5,8,0,1,12,0,12,0,,-0.8140969952794429,0.5556036356625818,-0.960957873916904,-0.015839583975568946,0,7.60712361210782,0.7781570298516365,1625,80.83,73730,1,,,,,,0.7266597942653278,25.140254391746193,38.888888888888886,-31.57466842211369,0,36.74115099190987,9.199614102301942,19.202430353482388,22.84544137497554,,,,12764830
2026-05-21,74.245,74.61,72.9,73.61,74.36848227816748,74.69260909090909,74.8869589374441,75.05247433789184,79.75177178285038,71.66818686936394,0,0,0,0,75.28239532008678,74.5600249246179,97.97126528801434,70.97071117409843,2,17,72.54903460816884,72.24859394168516,72.84947527465252,71.04683127575045,76.10466,75.50437642692519,75.28239532008678,76.10466,77.3064226659347,72.875,0,1,2,-7.701110139061631,0,-0.3687523539326228,6,10.625559187029356,71.78641113505472,0,2.3669401572335578,0.9732718632209386,76.10466,72.875,4,4,8,8,0,1,12,0,13,1,,-0.6799193079245563,1.1724501020550262,-0.6429852953720938,-0.35361640759163665,0,4.363509169247381,1.9271925423521115,1625,80.83,73730,33,,,,,,0.7654691598714655,25.45040438636373,39.285714285714285,-30.856355111227064,0,36.808016741530196,9.161353134760262,18.226597198590355,21.68447691779679,,,,13238657
2026-05-22,73.85,74.97,71.32,71.82,73.51898818544498,74.10084242424242,74.59486761006848,74.92571063836667,79.67284868053346,71.75702206135139,0,0,0,0,74.95481889131815,74.47428494069345,85.16611605030107,80.33108860769869,2,18,69.02,68.708430095408,69.33156990459199,67.46215047704007,75.01129999999999,72.43,72.11843009540802,72.741569904592,73.98784952295993,69.02,0,0,5,-9.856367395649759,0,-0.9654520926937977,6,10.890080935213136,26.798508067776464,0,3.845878508610046,0.7323107379422349,75.01129999999999,71.94535692636687,12,4,8,8,0,1,28,0,14,0,,0.34899422490822535,1.9339199359151475,-0.772906732586386,-0.9500887590096019,0,0.8432506693930151,3.3245380450399904,1600,76.01,69650,33,,,,,,1.1168591484403192,24.74366468707454,38.492063492063494,-34.40929616222026,0,37.72434695665269,9.859456681958783,16.320149319800766,23.944106816253594,,,,19689016
2026-05-26,71.74,71.83,69.9,70.12,72.38599212362999,73.24953636363635,74.16868974244291,74.7372513976464,79.57779545983163,71.81902536277867,0,0,0,0,74.46836369353699,74.31892191238168,64.5070586405278,56.0315848830668,4,0,68.46,68.153452945736,68.76654705426398,66.92726472868006,73.18534,74.62194367639847,74.31539662213449,74.92849073066246,76.15467894771841,71.04153415734929,0,0,0,-11.88496791747093,0.041534853419438245,-1.4793936313839373,6,10.806798027682428,12.778819171375474,0,3.082945951867286,0.9600983919762045,73.18534,71.04153415734929,12,4,8,8,0,1,28,0,15,1,,0.8724775678075019,2.196433895214276,-1.332278827355506,-1.4579898612171043,0,0.11022247773682636,4.923735391400216,1600,76.01,69632,819,,,,,,1.2891394772121298,24.843645659337128,38.888888888888886,-33.63674664628667,0,37.43584650216219,11.076048749626668,15.402733410507693,26.73405002959225,,,,23281181
2026-05-27,69.85,70.94,69.6,70.73,71.83399474908666,72.35354891774891,73.84119548125787,74.58010428401322,79.48975769406216,71.86111883589089,0,0,0,0,74.12838743500238,74.19596086604082,73.72694662949729,85.90346434878158,4,1,70.53801066768335,70.2413955458668,70.83462578949991,69.05493505860056,73.18534,74.30574680852496,74.0091316867084,74.60236193034152,75.78882241760775,70.49134844588477,0,2,0,-11.019982886067481,0.028363377602856732,-1.093484000099407,4,10.558172324905836,39.247750010238036,0,2.5719513821680424,1.4658177956662786,73.18534,70.49134844588477,9,4,5,8,0,1,1052,0,16,0,,0.7711653372653372,1.6517765091578436,-1.2269070208228539,-1.0769478620906159,0,2.5491520218925316,3.671040525057509,1536,76.01,65536,19,,,,,,1.250247175457925,25.40068365426404,40.07936507936508,-30.55099360901621,0,36.57458180360904,12.31981252161648,14.781447812606656,26.558749897628466,,,,23148245
2026-05-28,70.17,71.14,69.58,70.92,71.52932983272444,71.55476753246754,73.56298638780474,74.43657078267937,79.40448647322573,71.88662080536716,0,0,0,0,73.90401381866675,74.10571761433224,48.30841303668286,92.63302946713401,4,2,70.20754004210431,70.02318172631443,70.65,68.8657541309958,73.67048,74.1525773083928,73.67048,74.43657078267937,75.593998377998,70.02318172631443,0,3.5,0,-10.685147464666999,0,-0.8994270424082633,4,10.54492841177168,14.369013654221142,0,2.864808673297214,1.3389244401076925,73.67048,70.02318172631443,12,4,10,8,0,1,1052,0,17,1,,0.043899096153231114,1.3063783736535863,-0.8069739385325657,-0.8891282215977522,0,-1.179386226777873,3.3428421698373914,1600,76.01,32,19,,,,,,1.0134937856289015,26.365020861181737,42.06349206349206,-27.823825364235383,0,36.52870354273027,13.33302303805915,14.687055651180293,25.280309858704598,,,,19139121
2026-05-29,70.65,72.24,69.96,70.4,71.15288655514964,70.85723896103897,73.2617495889662,74.27827388924096,79.31488959289513,71.89474818707494,0,0,0,0,73.36003521674834,73.85557036642876,93.34109448852125,90.240518495491,4,3,69.49248584805795,69.20344015628756,69.78153153982835,68.04725738920595,73.18534,70.4,71.5309543082296,72.10904569177039,74.55236553416319,69.49248584805795,2,0,3.5,-11.239868880424817,0,-0.9859380285555993,4,10.545548218642226,62.23952288146981,0,2.555204424133343,1.1838694072276508,73.18534,69.49248584805795,4,4,8,8,0,1,1052,0,18,2,,3.326705363261474,1.3334336329998455,-0.9331767261222516,-0.9792192645813704,0,3.9604071104620022,2.7856523453286037,1088,76.01,48,291,,,,,,2.442000194652419,27.463624420088838,46.03174603174603,-24.82073656526033,0,36.530850616711604,13.516693937586389,17.050544838362597,23.49984782824029,,,,50294668
2026-06-01,71.33,74.555,71.33,73.77,72.02525770343308,70.65348354978354,73.31015439001703,74.25834157985896,79.25971656212005,71.90870644704819,0,0,0,0,73.3884423421847,73.8528871139814,84.86084870610253,48.130925103730505,2,0,71.43045010066149,70.81945453023074,71.82,69.59746338936925,76.01,74.00173273726763,73.69623495205227,74.307230522483,75.52922166334449,69.7,0,3.5,0,-6.926237943101234,0,0.3764559217575549,0,11.630857063719429,97.40361797183411,0,2.498408674283287,0.5368437018126963,76.01,69.7,14,4,8,10,0,1,1052,0,19,0,,0.33008490938073637,-0.6237111862298149,-0.21044490841164268,0.3677257267889555,1,5.554658009921345,-3.5358532913752407,17472,76.01,8242,0,,,,,,1.1346044450431543,28.378672048944747,48.41269841269841,-29.56480396526003,0,40.29047073986683,12.736520095813713,21.745896454745996,20.646136827359776,,,,24119764
2026-06-02,72.6,73.13,71.315,71.62,71.89017180228872,70.56782987012988,73.1491873052535,74.15487720417822,79.18369948189995,71.91511683215512,0,0,0,0,73.30767941110645,73.80555656135257,68.41224067031166,69.62269306423522,4,0,71.14368421052632,,,69.42761536920005,74.2282,71.82,71.51440384230001,72.12559615769997,73.34798078849992,69.58,0,0,3.5,-9.552091568579565,0,-0.43925694620828537,4,11.892393221371979,28.005787401253162,0,1.4659870182000625,1.1896635122133317,74.2282,69.58,2,4,8,8,0,1,1052,0,20,1,,0,0.07620366095232839,-0.742926778890743,-0.4444977890183483,0,0.5447809653500002,2.923588544757375,1121,76.01,4096,19,,,,,,0.7784773978096288,29.13979811480013,50.3968253968254,-29.26625460266145,0,41.19645856600795,12.003920711842701,20.18611806131346,19.20906676797862,,,,16657677
2026-06-03,71.15,71.875,70.355,71.69,71.82344786819247,70.58116233766235,73.01021708570555,74.05821535303397,79.1091353079507,71.9154539042461,0,0,0,0,73.23423169118229,73.75986237298427,65.3099775815502,80.4278953124093,4,1,71.14368421052632,,,69.46064284282862,74.2282,71.82,71.52266071070714,72.11733928929284,73.30669644646423,69.58,0,2,0,-9.37835469831643,0,-0.35511065827334776,4,11.829578941950706,32.601992589401036,0,1.5066962763833307,1.138534483734534,74.2282,69.58,2,4,8,5,0,1,1052,0,21,2,,0,0.043630358886702914,-0.49659426037982146,-0.3608452558007714,0,1.1044986994447035,2.943245598277614,1121,76.01,4128,19,,,,,,0.8303053566793438,29.738463779900066,50.79365079365079,-27.42974981246468,0,40.978863519211004,11.490629701110425,19.264765016934167,21.215018894237975,,,,17348388
2026-06-04,72.65,73.54,71.725,72.21,71.95229857879498,70.71986103896104,72.93400593468597,73.98573631958166,79.04048719543377,71.91397440306491,0,0,0,0,73.189188679721,73.72667267029394,77.62019055933266,50.46263876506285,2,0,71.59049180327868,71.29787317750676,71.8831104290506,70.12739867441904,74.555,75.50063759203483,75.20801896626291,75.79325621780676,76.96373072089447,69.7,0,0,0,-8.641757455954014,0,-0.11229204137185196,0,8.118098056965263,82.22178153855408,0,2.0261924126674797,1.1259956340159645,74.555,69.7,12,4,8,8,0,1,1052,0,22,3,,0,-0.23806569218785667,-0.4912578815545893,-0.1171064609703449,0,2.4793539258983364,-1.3673236905380322,1088,74.555,18,17,,,,,,0.8795473104193844,30.056983662259295,51.58730158730159,6.880992854875085,2,28.121916590980028,11.2046864739721,23.257656799999893,20.017464738368318,,,,17576577
2026-06-05,71.84,72.53,70.31,70.71,71.53819905252999,70.75845194805194,72.72219584566825,73.85727607175492,78.95759677557871,71.90251180166415,0,0,0,0,73.07932610506073,73.6600630063191,39.66331829812177,73.70359560374244,4,0,69.85825391997723,69.58,70.44133136783938,68.4138451042757,73.18534,72.45429602682401,72.24,73.03737347468616,74.20352837041047,69.16415438642602,0,0,3.5,-10.445602592263377,0,-0.6468341981093175,4,7.8218336251804645,2.4390486640312403,0,1.8809060171230334,1.078037028167989,73.18534,69.16415438642602,4,4,10,8,0,1,1052,0,23,0,,0,0.34430638355255666,-0.626752677249695,-0.6424705099610454,0,-4.9647274441031435,4.4296174784533315,1088,74.555,0,35,,,,,,0.947379903229923,30.400167686805514,51.98412698412698,12.19584715330723,2,27.095626494326442,10.614423074185417,21.67639179072797,22.99003077681703,,,,18532330
2026-06-08,70.41,70.935,69.97,70.06,71.04546603502,70.71085367965368,72.46865338417604,73.70836328462728,78.86906347432917,71.87876678851144,0,0,0,0,72.95051931193181,73.58186345377875,26.95213729677985,80.62365147616228,4,1,69.17795656327989,,,67.50197295852104,73.18534,70.4,70.12066939920686,70.67933060079315,71.79665300396572,68.81492206601642,0,0,1.5,-11.169225405087253,0,-0.8126225760929618,4,7.728247171273801,15.552596907314268,0,1.1349117708427596,1.2217775454762307,73.18534,68.81492206601642,4,4,10,8,0,1,1052,0,24,1,,0,0.6173733343887896,-0.348932595810591,-0.8021424685827914,0,-1.9538926494930957,2.4198830028440614,1088,74.555,0,291,,,,,,0.9468581890652706,30.4786263421532,52.38095238095238,13.847569398273961,2,26.771433508193354,10.236109502980513,21.007774247743765,23.367675334748725,,,,18636001
2026-06-09,70.275,71.45,69.5,70.38,70.82364402334666,70.63596017316016,72.26973401425451,73.57783923424974,78.78459518105225,71.84701408334897,0,0,0,0,72.83782580936614,73.50881794948958,56.21690726589115,77.855796804677,1,0,69.58,,,68.19605435346041,73.18534,70.4,70.12321087069209,70.67678912930792,71.78394564653959,68.66601604062957,0,2,1.5,-10.667815404442884,0,-0.5965219319067337,0,7.659820806450144,59.93829108451915,0,1.252927789256812,1.2845283052007284,73.18534,68.66601604062957,6,20,8,15,0,1,1052,0,25,2,,0.03893695811359162,0.2313763278880741,0.1723210697741002,-0.5863573306681822,0,2.363854081279721,1.4710774006144678,1088,74.555,48,273,,,,,,1.0149988999976274,30.632288232733647,52.77777777777778,15.443691856148975,2,26.534397627289717,9.595833521120436,21.34760361026376,21.897791312236986,,,,20029576
2026-06-10,69.7,70.375,68.61,68.61,70.0857626822311,70.33911731601731,71.92118791765884,73.3830220093772,78.68335542800696,71.79830951789391,0,0,0,0,72.64436211360261,73.38954985582946,33.424139474902375,74.67020998475144,4,0,68.40536295257529,68.13254090393222,68.67818500121835,67.04125270935995,73.18534,72.34324139070705,72.24,72.88888548799318,73.98017368256545,68.29663071636521,0,0,0,-12.802396864256504,0,-1.187086200412478,4,7.915289494873043,7.085768240339519,0,2.4720696723184195,2.916556431554545,73.18534,68.29663071636521,13,4,10,8,0,1,1052,0,26,3,,0.25573234388652455,1.2206877668663683,-0.45206804977978315,-1.1699628858475795,0,-2.3986139785829907,4.255697202617578,1088,74.555,0,291,,,,,,1.0972507992250278,30.203225093186685,51.98412698412698,10.152889223073764,2,27.419367123472604,9.471823762134546,20.11101595115923,23.542011602507028,,,,21908788
2026-06-11,68.225,69.565,67.19,69.55,69.9071751214874,70.02074502164501,71.69536049692942,73.23270742077418,78.59247626951932,71.7399177443524,0,0,0,0,72.49083165735486,73.28578347831413,43.04509003924051,85.19836052846827,4,1,68.29899786229934,68.02445774570221,68.57353797889648,66.92629727931367,72.40048,70.4,70.12545988340287,70.67454011659714,71.77270058298568,68.04141396445215,0,2,0,-11.505524063791698,0,-0.6966454286397262,4,7.92829521784277,38.37815367943949,0,1.7182086645711556,1.0864340603551146,72.40048,68.04141396445215,4,4,10,8,0,1,1052,0,27,0,,0.5942410516399296,0.1667949828588343,-0.25174027849344394,-0.6864816670309984,0,0.5823238153116566,1.9533511622142363,1088,74.555,16,19,,,,,,1.2184566474516627,30.138114221249023,51.98412698412698,9.735118839585116,2,27.46442026941807,10.033604671445518,18.55764997668553,26.341749536954758,,,,24995414
2026-06-12,70.02,70.23,67.4,68.85,69.55478341432493,69.63510606060605,71.42437378293614,73.06083654152813,78.49553620713604,71.66789564069794,0,0,0,0,72.35396267339063,73.19337207898931,38.389807440065056,91.04182101874767,4,2,67.19,66.90980203458838,67.47019796541161,65.78901017294189,72.40048,68.85,70.3486115583979,70.90900748922114,72.471583723293,67.73315331608899,2,3,0,-12.288006010536902,0,-0.8741267342751486,4,7.945508723142455,13.486158837068828,0,0.30838626668431424,1.1599123814835883,67.73315331608899,67.73315331608899,4,4,10,8,0,1,1052,0,28,1,,-0.1269593513834198,0.6297543047003981,-0.3003704024081765,-0.8651578664299475,0,-0.46019631461956756,4.403185116895628,1088,74.555,16,35,,,,,,0.9537911520878586,28.775274300255244,48.80952380952381,4.5459324389683085,2,27.52404960092889,10.141940043038145,19.003184801674628,23.96628773367257,,,,19678070
2026-06-15,70.62,73.48,70.46,72.85,70.65318894288329,69.6488471861472,71.56014770837079,73.05256844186036,78.4393617175128,71.60772242926897,0,0,0,0,72.37635641578271,73.18460493530225,91.22410938422568,83.16347164828423,4,3,70.44249374437184,69.83944752289311,70.65,68.63335507993565,74.555,73.05256844186036,72.75104533112099,73.35409155259973,74.56018399555718,69.7,0,5,0,-7.125710351445772,0,0.7429900666068773,4,9.965732216574775,57.67202845922402,0,2.273184657688915,0.40434991143954246,74.555,69.7,14,4,8,19,0,1,1052,0,29,0,,0.493662366680016,-1.3256668610751796,-0.12099163231171249,0.7362682185341654,1,3.561747947400539,1.949676501407609,21568,74.555,8512,2,,,,,,1.1757592951673173,27.224986822561924,44.04761904761905,-21.13799001869756,0,34.52230906746703,10.23441244802906,26.021577597831318,20.68047254788579,,,,24748739
2026-06-16,73.28,74.285,72.77,73.25,71.51879262858886,70.0420225108225,71.72108602185929,73.06031085590504,78.38772627753754,71.56098469045767,0,0,0,0,72.40340443590308,73.18576560319049,76.44320277883887,80.05498165580727,4,4,73.09376545518117,,,71.62620279817698,74.9165209883942,74.30887473450152,74.01536220310068,74.60238726590235,75.77643739150571,69.7,0,0,3.5,-6.55424837728682,0,0.838044795732653,6,9.989609613774608,58.957592964518206,0,3.140496054805475,1.0263110359613918,74.555,69.7,8,4,8,8,0,1,1052,0,30,1,,0,-0.887857032092095,0.5335657148656063,0.8293432560656706,2,3.1066335662582514,1.1466584514847438,17497,74.555,8224,2,,,,,,0.8325983142625629,25.447701372671972,40.476190476190474,-26.462405410165662,0,34.605022797672255,10.64988437040597,27.271138201380474,19.72739460163828,,,,17514601
2026-06-17,72.88,73.27,70.89,70.91,71.31586175239256,70.39999740259739,71.64383973406316,72.9759849399872,78.31332104094513,71.51223859470377,0,0,0,0,72.36196835649416,73.14913338006592,57.19818926187767,85.52486367258103,4,5,70.52709235352533,70.23329500293885,70.82088970411182,69.05810560059287,73.67048,74.11026341676673,73.67048,74.555,75.73018940234599,68.46,0,0,0,-9.453463271049886,0,-0.1057757879182052,6,10.407669618018613,23.65483837662103,0,3.4879762822906364,1.49062495187833,73.67048,68.46,12,4,8,8,0,0,1052,0,,2,,0,-0.15078773387981212,-0.09035147875370271,-0.10639959129729182,0,-0.21538152965296753,2.903991394525861,1113,74.555,8192,51,,,,,,0.7697939791738576,23.4030773574981,35.317460317460316,-35.08742346689949,0,36.05322513359841,10.075272543017812,25.298650411335785,24.013901238858132,,,,16144350
2026-06-18,71.97,72.49,70.78,71.64,71.42390783492837,70.76906536796535,71.64347404510477,72.92359337371319,78.24691983655761,71.46778046968329,0,0,0,0,72.32972227285998,73.10928208533419,61.142488965239515,88.3539526854756,4,6,70.65,70.36192031731255,70.93807968268746,69.20960158656273,74.03817717640445,73.60445668675806,73.3163770040706,73.89253636944551,75.04485510019533,69.02,0,0,1.5,-8.443680403469124,0,0.19800650472945916,6,10.443979833386702,43.43493901884987,0,3.18276988088177,0.9867424053378726,74.03817717640445,69.02,12,4,8,8,0,0,1052,0,,3,,0.7439182153979484,-0.2936514335150256,-0.035082767225289836,0.1937601985018834,0,1.2704750451020268,2.9349226489621345,1113,74.555,8192,35,,,,,,1.2539434083900298,21.695554380663452,30.555555555555557,-40.03275398018273,0,36.17900740930101,9.4885870218494,23.95785408448613,23.08212248466359,,,,27203330
2026-06-22,71.46,72.45,70.8501,71.43,71.42593855661892,71.05479307359306,71.62314318366622,72.86502108454796,78.17908978843266,71.42667111623516,0,0,0,0,72.29851171997743,73.07434594148818,55.60804192958879,90.36636073366762,4,7,70.65,,,69.24106308037966,73.70829481630551,71.69243191999355,71.45,72.25600668784169,73.38315622353797,69.02,0,0.5,1.5,-8.632857976086655,0,0.11840836399916542,6,10.376861725663478,39.50127196816369,0,1.580643227515629,1.040822508809736,73.70829481630551,69.02,4,4,8,8,0,0,1052,0,,4,,0,-0.24869215730411492,0.2994936880296272,0.11586498003507884,0,0.4439250638445609,3.1466123244360715,1088,74.285,4096,35,,,,,,0.9891755931219561,19.786454546700057,25,-44.955829802602665,0,35.946503463932,8.943807609335874,22.74334382982946,21.912006231429615,,,,21887141
2026-06-23,71.08,71.555,69.565,69.67,70.84062570441262,71.09425021645022,71.43712954712657,72.73972614005588,78.09442222834876,71.3787254637698,0,0,0,0,72.214883451782,73.00854965731247,30.34227202652186,94.95174668231492,4,8,68.6353636087602,68.35593603797356,68.91479117954684,67.23822575482703,72.40048,69.67,71.45,72.22739327065385,73.79042056629308,68.29129791574287,2,0,3.5,-10.787482624195205,0,-0.539016437031711,6,10.384635297097525,1.7257508139707127,0,0.3346022722863634,1.1228344923135654,72.40048,68.29129791574287,4,4,10,8,0,0,1044,0,,0,,-0.20257835656651338,0.266618581762644,0.011364465485836042,-0.5310063948071186,0,-3.464598420831669,6.981127323615482,1088,74.285,4096,19,,,,,,0.93484879485862,21.140696783741937,28.174603174603174,-41.23247167687684,0,35.97343190529207,8.822581540237552,21.297171274337945,24.624985898103706,,,,20733912
2026-06-24,70.3,75.74,69.7,73.85,71.84375046960841,71.44233246753248,71.66692673311452,72.78326629142623,78.05218917135026,71.3508975806812,0,0,0,0,72.29782506443503,73.0350048736403,98.47236303856985,56.9828563816116,4,9,73.2475068036246,72.93384191646558,73.56117169078362,71.67918236782951,76.55686,74.07816609174765,,,75.64649052754274,69.7,0,3.5,4.5,-5.383819744152314,0.0041292801523965805,1.1028602506337775,6,11.684907581280473,68.74669428642649,0,2.110120279225044,1.2469310917166099,74.07816609174765,69.7,12,5,8,8,0,0,1300,0,,0,,1.578007682840081,-0.7326748786231005,1.0330342412191726,1.1277050534325224,1,5.994738478255805,0.19486897643026715,17728,74.285,12352,2,,,,,,1.5302907768577285,22.317573575153954,32.93650793650794,-44.86453135531592,0,40.47770722504907,9.503572272135319,29.53008680563494,20.370170188934384,,,,34823296
2026-06-25,74.26,74.55,72.11,72.25,71.97916697973893,71.80626450216451,71.72245752043695,72.76235388784089,77.99445594576468,71.33175558236738,0,0,0,0,72.29682366751882,73.0247352809183,64.58037540601259,85.2203787700853,4,10,68.62735898573565,68.31431301908799,68.94040495238332,67.06212915249735,74.18489167031319,73.43761081101212,73.12456484436446,73.75065677765978,75.00284064425043,69.7,0,0,5.5,-7.365210611584021,0.013368473750852122,0.4118216627357445,6,11.91468687366423,41.169791394549826,0,2.3878990367052815,0.3729645026233863,74.18489167031319,69.7,12,4,8,8,0,0,1364,0,,0,,0,-0.287276932284666,1.106947790006817,0.4463023599015904,2,1.2509581283731679,3.6050083231327164,1088,74.285,4096,34,,,,,,0.6574245183687578,22.877683633782496,35.317460317460316,-44.57077662026164,0,41.27368604292086,10.135920808897533,27.47500831071221,18.95255503024115,,,,14682058
2026-06-26,72.7,76.39,72.45,76.2,73.38611131982596,72.55713376623378,72.14889013753819,72.8971635392981,77.97660066272225,71.34398119538956,0,0,0,0,72.62599715985988,73.19751057085065,97.9542065587794,60.99517563458071,4,11,76.2,74.78235017382717,75.43764982617283,70.95760278123478,78.06412158970873,81.56282499999983,81.235175173827,81.89047482617266,83.20107413086397,78.06412158970873,1,3.5,0,-2.2783766509734154,0.11160277921000275,1.884379449243973,6,13.006323406853978,67.92938461478387,0,0.3555857200282509,0.3555857200282509,,78.06412158970873,8,0,10,8,0,0,1364,0,,1,,3.318416367172888,-0.626394818729924,1.892822233680022,1.924085872493966,3,5.5982858458481095,0.41614591057514433,17762,74.285,4432,18,,,,,,2.624741057837924,22.638181932316435,34.12698412698413,-49.75459234813815,0,45.055225920686844,11.355958712181456,29.389439619846307,16.81439531461833,,,,64581215
2026-06-29,76,77.76,74.2,75.5,74.09074087988397,73.4317090909091,72.46804345777265,72.99923555736484,77.95195787005835,71.37973520181845,0,0,0,0,72.7211475813791,73.24727829561446,79.82724248798488,77.86507554108843,4,12,75.11,74.7739680185538,75.4460319814462,73.42984009276901,78.06412158970873,75.75919443279383,,,77.43935434002482,72.57414,0,1.5,3.5,-3.1454731055576954,0.11455333607221027,1.4550930531209718,4,13.024178038151017,52.55047750484006,0,1.758238353977461,1.2386103994925015,75.75919443279383,72.57414,0,4,8,8,0,0,1364,0,,2,,0.2678575328828448,-0.34312347731829596,1.9164266885776822,1.4990508522166857,4,2.1578327498883967,1.8987959872377667,17792,,64,4098,,,,,,1.12049140703134,22.337857210062648,33.73015873015873,-50.489129388544555,0,45.117076177800605,12.905018879045043,30.24962546792126,15.223899186668417,,,,26220729
2026-06-30,74.78,75.03,71.82,72.16,73.4471605865893,73.87254891774892,72.43870598560383,72.9663243590368,77.89432644846573,71.415059880896,0,0,0,0,72.70211446182952,73.22291455569575,79.25153114811806,85.91034726842958,5,0,71.42,,,69.35067896051406,75.01129999999999,73.38785878781515,73.04297194790082,73.73274562772947,75.11229298738677,69.02,0,0,3.5,-7.361674090935906,0,0.09174996154352658,6,13.056831471607094,30.146811715138412,0,2.532922850231229,1.0149427423651587,75.01129999999999,69.02,8,4,8,8,0,0,1364,0,,3,,0.3993177622916537,0.12631951324692883,-0.05381702485714914,0.11410582919786443,0,1.4906589519649152,3.9082579354506324,1600,,4112,49,,,,,,1.1789535584195707,22.01684354090808,32.53968253968254,-51.322682793712374,0,45.23019098937559,13.105606401843758,27.36776350525124,19.9349695481369,,,,27806109
2026-07-01,72.23,73.8,71.66,72.66,73.18477372439287,74.05243722943723,72.45978160602252,72.95431163907458,77.84224359823224,71.45161299240631,0,0,0,0,72.70147458304346,73.21723486971831,83.64144312540037,88.84081785090336,5,1,71.42,,,69.38384474904876,75.64005999999999,73.1414486869635,72.80208947847163,73.48080789545537,74.83824472942287,69.7,0,1.5,3.5,-6.657366692793955,0,0.298890886981911,6,12.725649034594094,42.82143166917538,0,2.0282040981044465,0.9096211173553915,75.64005999999999,69.7,12,4,8,8,0,0,1364,0,,4,,-1.0000853334880446,0.10494763701134895,-0.020333856411822164,0.3219771489439324,1,2.41053700544459,3.465560049833374,1600,,4128,32,,,,,,0.5408625311899014,21.649200397547883,31.349206349206348,-50.88984599808622,0,44.0829413744136,13.214651097944447,25.826860079352727,19.233520575498797,,,,12648034
2026-07-02,72.79,74.51,72.33,74.43,73.59984914959524,74.21514935064934,72.64742145306799,73.01218177087557,77.80829092561302,71.49812179680818,0,0,0,0,72.73025956052092,73.23072196899305,87.86519808934969,60.42304957573944,5,2,73.19382845819585,72.52466135671095,73.23072196899305,71.18632715374113,75.96241167058272,76.19453060882186,75.85994705807941,76.52911415956432,77.86744836253413,69.7,0,1.5,0,-4.341813559229516,0.01043285679445033,0.974194472680989,0,12.937735520126513,83.95825701912784,0,1.3791190104052646,0.472431019777516,75.96241167058272,69.7,8,4,8,8,1,0,1364,0,,5,,-0.84099815789695,-0.09135636686944301,1.0834628543556026,0.9984796934328627,2,3.0226598140743888,-0.7547054748666601,18048,77.76,64,0,,,,,,0.6070619831278871,21.23702735690012,29.365079365079364,-52.61456905569115,0,44.817630511495345,13.576502904487004,26.219070597323434,18.114616974462916,,,,14097427
2026-07-06,74.155,74.56,71.86,72.42,73.20656609973017,74.18545627705628,72.62576226706152,72.98895895633143,77.7546760905323,71.54152921503962,0,0,0,0,72.72456733392475,73.2207280544394,71.8357142098562,79.26179891529017,3,0,69.5963953488372,69.26160348029065,69.93118721738377,67.92243600610439,75.64005999999999,73.11436347834567,72.44477974125253,73.14360000000019,74.48276747418645,69.7,0,0,5.5,-6.860907097498497,0,0.14025033251051744,0,13.245384925715003,14.626636331816165,0,2.495142873539914,0.7159564609576354,75.64005999999999,69.7,12,4,8,8,0,0,1364,0,,0,,-0.6707769726899792,0.44628487119062626,0.3633845691323978,0.16596470906529545,0,0.4110689284969036,5.159236887916203,1600,77.76,32,49,,,,,,0.6838895695975324,20.790112731283955,27.38095238095238,-54.6892096786628,0,45.8833593142906,13.662716747970643,24.331130835777884,18.063693389798328,,,,15821534
2026-07-07,73.59,74.85,73.32,74.33,73.58104406648678,74.26900086580088,72.78807062257947,73.04154880118118,77.72059971152203,71.59427999153938,0,0,0,0,72.7531212137051,73.2340620244836,82.84823441208275,45.68813115713305,2,0,73.17872275650012,72.5135735720565,73.2340620244836,71.18327520316926,76.25613837146952,76.28326054971474,75.95068595749294,76.61583514193654,77.94613351082378,71.66,0,0,2,-4.362549599600393,0,0.8850266225901356,0,13.290023862851813,91.11620681254429,0,1.5422182406310203,0.6121089373336533,76.25613837146952,71.66,8,4,8,10,0,0,1364,0,,1,,-0.6713758184582375,-0.06193789204166553,0.9630096207685925,0.9356415661585263,1,3.1961473558228626,-2.202180248481226,1633,77.76,4162,0,,,,,,0.6792695974065314,20.287979171625874,26.19047619047619,-55.93209479182134,0,46.037993128524256,13.860052233392981,23.522379725192195,16.885258107807342,,,,15615590
2026-07-08,73.51,74.7699,72.58,73.6,73.58736271099119,74.3037303030303,72.86539722995285,73.06344884819369,77.67959871936758,71.65030954530152,0,0,0,0,72.76511498331506,73.23758077661223,87.21171059341648,51.250773418406794,2,1,73.18651607570186,72.52977219014707,73.23758077661223,71.21628441903749,76.38088541006461,76.34299272376477,76.01462078098737,76.67136466654216,77.98485243765174,71.66,0,3,2,-5.2518277470844215,0.03428419438032784,0.549578718750704,0,13.296055699470962,71.7115396020434,0,1.6213166221127844,1.1666179607475406,76.38088541006461,71.66,8,4,8,8,0,0,1364,0,,2,,-0.9012780235301016,0.09235925734223636,1.2742735550426227,0.595661896492642,2,2.741305388482986,0.8056567873369245,1633,77.76,4130,32,,,,,,0.5559363637377204,20.134772523149106,25.396825396825395,-56.28471856967868,0,46.0588880234989,13.62511655603782,22.12175601138861,17.89192834443229,,,,12612884
2026-07-09,72.5,74.36,72.31,74.35,73.8415751406608,74.31492640692642,73.00678796995734,73.11390183453904,77.64646838385148,71.71317034584251,0,0,0,0,72.78253125311177,73.24591005645429,89.8269547394481,50.26124728011572,2,2,73.19932600270094,72.55288525182864,73.24591005645429,71.26000375008404,76.58678573880096,76.43565355171798,76.11243317628183,76.75887392715413,78.05175542889873,71.66,0,3,0,-4.245483989761308,0,0.8255166850202681,0,13.316948438038704,76.1058945661722,0,1.7467234914305783,0.7238797583854023,76.58678573880096,71.66,8,4,8,8,0,0,1364,0,,3,,-1.067187240659738,-0.025237812082818972,0.30120158147814036,0.8709071861466152,3,2.8986710430283953,0.40115571372525805,18017,77.76,4162,32,,,,,,0.44612480548215677,19.29425418166625,24.206349206349206,-58.17531735056156,0,46.131262592916066,13.253933792670678,20.869028237857933,17.624572798671398,,,,9895465
2026-07-10,74.98,76.21,74.48,74.54,74.0743834271072,74.36108225108227,73.15280816329474,73.1698272527924,77.61555825067883,71.78234038305135,0,0,0,0,72.80138832810654,73.25540341936373,91.22685202162205,70.8363243497859,2,3,73.23285184727256,72.59937115003399,73.25540341936373,71.33240975555685,76.58816916338917,76.79761296764835,76.58816916338917,77.43109366488692,78.69805505936405,71.66,0,0,5.5,-3.962553797198161,0,0.8612495925250998,0,12.98347321260769,47.22632113613441,0,1.7655456752630956,0.6385382817950082,76.58816916338917,71.66,8,4,8,8,1,0,1364,0,,0,,-0.9983802201292878,-0.029473231480788648,0.7932926084922579,0.8937700711617436,4,2.934292385270547,3.59324618060783,18017,77.76,4162,32,,,,,,0.45271329497339047,19.370107157196504,24.603174603174605,-56.93241554740667,0,44.97607052589206,13.727441577841844,24.98978767611533,16.700491608701306,,,,9766761
2026-07-13,75.07,76.3,73.87,74.26,74.13625561807146,74.35731385281386,73.25825500488571,73.21257912523191,77.5821696113686,71.85360618220709,0,0,0,0,72.82108253650904,73.26471703094245,92.66064037135726,83.76475515831096,2,4,73.2559934180108,72.62436848486071,73.26471703094245,71.36111861856051,76.58878007732,74.43,,,76.00906233287526,71.66,0,0,7,-4.282130324545314,0,0.7042354268197646,6,12.966442694050569,37.343032906035134,0,1.7588426740785417,0.8033374846692038,76.58878007732,71.66,0,4,8,8,0,0,1364,0,,0,,-0.7097524199892099,0.08288433137979531,-0.3329015238736391,0.7242925899139137,5,3.2512035319773487,4.940743648213391,1633,77.76,8242,32,,,,,,0.5947643079554304,19.189258063341015,24.206349206349206,-57.27847810755949,0,44.917075079051706,13.80294938030951,23.27298039105157,17.277738719380537,,,,12458521
2026-07-14,73.56,74.2,71.24,72.08,73.4508370787143,74.13550432900432,73.14604024251564,73.16816425757575,77.52742165503658,71.91321383787196,0,0,0,0,72.80635914822433,73.2484542191009,94.409286874107,82.41786583807568,2,5,71.42511627906975,70.78467884114467,71.66,69.50380396529448,75.01129999999999,73.18101199323945,,,74.78210558805219,69.97868855048608,0,4.5,3.5,-7.026445016158597,0,-0.19564322174083634,6,13.323915616037127,68.24875933078133,0,1.866528255306697,1.1378404284886134,75.01129999999999,71.66,8,4,8,8,0,0,1364,0,,1,,-0.18340007652921636,1.7477150553900491,-0.7219962652235964,-0.18476887836637357,0,3.853308765479266,2.379504861508207,1633,77.76,8210,306,,,,,,0.8949810190437749,19.302819803204375,25,-58.17862957610976,0,46.155397605473354,13.113015367795086,21.313259564235434,23.156009697687413,,,,18703548
2026-07-15,72.53,73.9632,72.2,72.67,73.1905580524762,73.86442900432898,73.10070307656177,73.14862840433749,77.47908910125511,71.96479573245391,0,0,0,0,72.80437840459865,73.24262236152147,93.9677094591367,78.59001538191833,2,6,71.59560975609755,71.33,72.22393023417085,70.0733590438534,75.64005999999999,73.15867924586131,,,74.72948044104456,69.96562724856729,0,1.5,5,-6.2069510070907725,0,0.09078006690919761,6,12.076382542296605,65.89481845544243,0,2.656888389915749,1.1438085011212102,75.64005999999999,71.66,12,4,8,8,0,0,1364,0,,2,,-0.5386590568070186,1.0603256878000396,0.31118139468741796,0.09419174030814109,0,3.120622833498876,1.8879569068282478,1633,77.76,8194,289,,,,,,0.6817386210501286,19.240360035289022,24.603174603174605,-54.00763843488304,0,41.83381626979104,12.472362356174552,20.172544759221612,21.916668384943293,,,,13876553
2026-07-16,73.675,75.4,72.62,74.04,73.47370536831747,73.7106593073593,73.19015992641303,73.183584153187,77.44486930920283,72.01807820766042,0,0,0,0,72.8271097159359,73.25286114253397,94.77912624101083,44.05137381735794,2,7,73.21309862255387,72.5800153214858,73.25286114253397,71.31384871934968,76.3,74.43,,,76.01270825267017,69.97934243294598,0,1.5,3.5,-4.39650726971815,0,0.6607123776768501,6,12.211864939289674,93.48144657485041,0,1.6253265945878235,0.8290075521637466,76.3,69.97934243294598,8,4,8,10,0,0,1364,0,,3,,-0.20549691973111753,0.09577703284995763,0.543704241707898,0.6547523148050163,1,3.6617631271645408,-2.5634373526736725,17984,76.3,4146,0,,,,,,0.8787434095320406,21.12062785636111,30.158730158730158,-50.073145097225066,0,42.30314106003747,11.98918919820729,22.6434542357238,20.198085639441153,,,,17903609
2026-07-17,73.26,73.46,71.72,72.46,73.13580357887831,73.48359134199134,73.12062088580227,73.1552083040424,77.39526861955902,72.06356177053262,0,0,0,0,72.82032750960502,73.24257985642966,95.65521106385506,46.196028854775435,2,8,71.75658536585365,71.24,72.38587700255971,69.98141672658788,75.01129999999999,73.1653029842921,,,74.73853207605724,71.24,0,1.5,3.5,-6.3767058472509826,0,-0.00913675241082263,6,11.948316559936657,83.267959156669,0,1.8334678532246507,1.0293380203795937,75.01129999999999,71.24,0,4,8,10,0,0,1364,0,,4,,-0.18051208313926098,1.248843827322398,-0.35469933296142186,-0.01112754895890091,0,3.9947815941967058,0.35147063129162204,1633,76.3,8194,2,,,,,,0.8943062547316271,22.74475342367996,38.492063492063494,-45.04795112374012,0,41.390182693453745,11.17803468618221,21.15275277637411,21.422263712967194,,,,18317878
2026-07-20,72.5,73.41,71.59,72.17,72.81386905258555,73.21531991341992,73.03008556334491,73.11657268427604,77.34327589697634,72.09899444638084,0,0,0,0,72.8106688863392,73.23134894563209,95.20271729663733,58.72979170174108,2,9,71.75658536585365,71.24,71.86,70.0063155318316,75.01129999999999,73.12762822204036,,,74.74113446816848,71.24,0,1.5,5,-6.6887209482402845,0,-0.09851615664835874,6,11.918331215098332,69.7474072311789,0,1.8595502081339863,1.3131766862500087,75.01129999999999,71.24,0,4,8,8,0,0,1364,0,,5,,-0.4119886445121654,1.425921867985224,0.09589639117561426,-0.09877858790401674,0,3.4174116059259987,1.6509584624392384,1633,76.3,8194,17,,,,,,0.7522869627845746,23.924239541528706,43.25396825396825,-42.05285165275242,0,41.28631041196884,10.490436362629463,20.038262835112537,20.669914590476274,,,,14947950
2026-07-21,72.17,72.99,71.43,71.55,72.39257936839036,72.82621861471861,72.88912503350254,73.05513846136326,77.28563136068801,72.12087192356849,0,0,0,0,72.79609777405118,73.21760108898431,80.64131658417864,78.75405544869456,4,0,70.3908269233161,70.30145689687339,70.99146614067999,69.10017846214559,74.2282,73.07321127848462,72.47257206112073,73.49465000000008,74.69592843472788,71.24,0,0,5.5,-7.421342440640906,0,-0.31235232714547057,6,11.948422871816193,16.342458606465783,0,2.973213227406432,1.0932224893188003,74.2282,71.24,4,4,8,8,0,0,1364,0,,0,,-0.6295371198796236,1.7891248985933053,-0.5783797308033773,-0.3088629371275218,0,1.3291434199555017,5.676867360363521,1633,76.3,8192,547,,,,,,0.6077734646222098,25.018963618554306,46.03174603174603,-39.55392466862805,0,41.39055096860736,9.937076191339354,19.108905020521963,20.186944998262977,,,,11768988
2026-07-22,71.47,71.47,69.96,70.33,71.70505291226024,72.25355367965369,72.64539883983564,72.94827028640783,77.21642109839262,72.12328749765398,0,0,0,0,72.76029369745523,73.18781637012196,46.98417761678844,89.01990751483734,4,1,67.19,66.89693536336677,67.48306463663323,65.7246768168338,73.18534,72.97371211003754,72.43,73.18534,74.35759854653296,71.24,0,0,0,-8.918337576948343,0,-0.7483563832514003,6,11.80211558011936,3.6858329410616193,0,1.2527849571443406,0.6200086044855884,68.0316654550684,71.24,4,4,10,8,0,0,1364,0,,1,,-0.33698626092309325,2.1891493031611367,-0.721009044912147,-0.7414323653007415,0,-2.0564626906701413,6.399383739633019,1637,76.3,4096,8755,,,,,,0.7863223777007075,25.199588189616147,47.22222222222222,-38.3627921368168,0,40.88372764313392,10.166287008220195,18.183245042168625,23.687597581401892,,,,15001033
2026-07-23,70.17,71.08,68.35,68.91,70.7733686081735,71.47868398268398,72.2896465693751,72.78990674576438,77.1337701421897,72.09886318530236,0,0,0,0,72.67413771503615,73.11936678402094,48.489750094733225,77.12064355868846,4,2,67.19,66.8934935516977,67.4865064483023,65.70746775848853,72.40048,72.86733344279904,72.57082699449674,73.16383989110133,74.3498656843105,69.6661185477287,0,0,0,-10.661698665876008,0.0360617321472215,-1.2250512899485526,6,10.273340620076317,12.797704287610202,0,2.1592885506534745,1.089912524456785,68.0316654550684,69.6661185477287,12,4,10,8,0,0,1364,0,,2,,0.44211526561409076,2.319966828937046,-1.288493857177772,-1.211778483864085,0,0.43975053720876556,5.582034085863567,1600,,4096,819,,,,,,1.277047314342466,24.281421530342417,44.04761904761905,-31.77056142062468,0,35.587895834866664,11.074117054605253,16.688449227640522,26.588427610151978,,,,23649334
2026-07-24,69.39,70.07,65.56,65.94,69.16224573878233,70.31631688311688,71.68491832467271,72.52128295181284,77.02238934475498,72.03276282453459,0,0,0,0,72.50053854262542,72.98604211879095,24.980917542196774,20.22209293099041,4,3,65.56,65.24440472657645,65.87559527342356,63.98202363288222,68.01085286347569,73.28475000000009,,,74.86272636711787,68.14817503608501,0,0,1.5,-14.388529671742347,0.13783203126403037,-2.291635705221276,4,10.909433383047057,2.780780945259835,0,1.5531619576484759,1.0576495703694686,68.01085286347569,68.14817503608501,8,4,10,4,0,0,1364,0,,3,,0.7478176821909581,2.493763238878254,-2.102656250112243,-2.2506556488646137,0,-5.16488020395575,4.164868545139045,1024,,0,819,,,,,,1.4578724890302663,25.548285225301047,49.20634920634921,-32.39653777490199,0,37.791385802451046,12.869664160505634,14.559114139239005,31.089168094963682,,,,27966331
2026-07-27,66.38,68.34,65.41,68.18,68.83483049252156,69.24625887445887,71.35111657946578,72.35103656154567,76.93440537117533,71.9430902199462,0,0,0,0,72.40046712003121,72.90532969826468,36.20223817907627,81.51208407007715,4,4,67.62982603003995,67.31061256186094,67.94903949821897,66.03375868914486,71.22774,72.53386258932035,72.21464912114133,72.85307605749936,74.12992993021544,68.01085286347569,0,6,0,-11.379051191647083,0.05436471319883243,-1.1218158764667583,4,9.94358135206725,36.75214940081068,0,2.8338464236152547,1.420036034431586,68.01085286347569,68.01085286347569,12,4,10,8,0,0,1364,0,,0,,1.4707507565142095,1.0790645370728844,-1.4349177055906595,-1.1089396694059792,0,0.3024679913102535,2.0866380566152767,1088,,16,19,,,,,,1.492040748611665,27.741609898990777,55.95238095238095,-19.462488534847203,1,34.445576221949814,14.582121559125682,13.36594134667959,28.960854786756688,,,,25722868
2026-07-28,69.11,70.9,68.76,70.74,69.46988699501438,68.63889134199135,71.29291500046904,72.28785865717133,76.87276949683528,71.84898351252556,0,0,0,0,72.3696959922134,72.87608574322911,63.487986583195436,79.32952712297964,4,5,70.65,,,69.04650889774028,73.67048,72.48531854104674,72.16462032059479,72.80601676149868,74.08880964330646,68.01085286347569,0,1.5,0,-7.977817811140206,0,0.053237025528878885,4,10.794118810170813,62.15435507893541,0,2.7904524516945517,1.7304371992800616,73.67048,68.01085286347569,8,4,8,8,0,0,340,0,,1,,0.7305111523841167,-0.05677120758119622,-0.19791719867446916,0.04978105338738279,0,3.488420896315894,0.877128661752075,17472,,32,19,,,,,,1.2351242073322157,29.694301523089546,59.523809523809526,-20.58632446402372,0,37.39192440430153,14.665920887779906,19.48107616172629,26.767718062050022,,,,20969304
2026-07-29,70.1,71.79,69.66,71.2,70.04659133000959,68.46682683982684,71.28406595280532,72.24519753336068,76.81632402920508,71.7553052458792,0,0,0,0,72.35736884385888,72.86317569376864,70.43423952028402,74.60493629134328,4,6,70.65,,,69.06595469075883,74.2282,72.44687062220845,72.13006156036022,72.76367968405668,74.03091593144963,68.46,0,3,3,-7.3113678637756525,0,0.26327142923576136,4,9.878766493329678,56.7510067135092,0,2.5168917826715034,1.418995176384877,74.2282,68.46,12,4,8,8,0,0,340,0,,2,,0,-0.2519345648367601,-0.23126498313701527,0.2548876549852701,0,2.079896018435905,0.9421419939292477,21568,,544,19,,,,,,0.7444244994939464,30.495099090509925,62.698412698412696,-10.887894350178492,1,34.22105096511206,14.292698794087483,20.81990949949619,25.16086807116115,,,,12052072
2026-07-30,70.6,70.6,68.69,70.37,70.1543942200064,68.53245367965368,71.19701205253814,72.17166037518967,76.75218150155129,71.65853671340858,0,0,0,0,72.33302239348336,72.84077887526816,70.6435429624898,75.12683819246936,4,7,67.30338851379925,66.98679795636875,67.61997907122975,65.72043572664673,73.18534,72.39854876338059,72.33302239348336,73.03172987824159,74.29809210796361,68.01085286347569,0,1.5,0,-8.315309580382795,0,-0.06981426478623023,4,9.903980383623846,57.020016830727506,0,2.3098687968439386,0.6055062011153922,68.01085286347569,68.01085286347569,12,4,8,8,0,0,340,0,,3,,0,-0.04669645942726859,-0.8051372312857616,-0.07931927333878487,0,1.6243305056015798,1.3313562612742649,5184,,256,19,,,,,,0.8719405632021923,30.53314147168691,63.095238095238095,-11.003875386144495,1,34.308394443204,14.3353743294842,19.346116196769334,26.115408236543114,,,,14183470
2026-07-31,69.96,70.5,69.5,70.36,70.22292948000427,68.71076536796537,71.11729661896308,72.10061487028028,76.68857770551595,71.55967873198021,0,0,0,0,72.31279259200721,72.8220757926671,62.22632473859272,78.69140403885278,4,8,65.69253668800307,65.38963117038904,65.99544220561711,64.17800909993288,68.03422746184907,71.95176129598939,71.64885577837535,72.25466681360342,73.46628888405958,68.03422746184907,0,0,0,-8.252308094456628,0,-0.043032827744484685,4,9.53335709276341,42.054520075867714,0,2.5866374868298188,-0.3762173991756729,68.03422746184907,68.03422746184907,8,4,8,8,0,0,340,0,,4,,0,-0.09756697735737302,-0.40236952477935856,-0.05169063265972726,0,0.6435467346201817,1.8650491218882215,5184,,288,35,,,,,,0.7421340783753111,30.57634950836267,63.492063492063494,-7.413183793935875,1,33.02451770272669,14.37500161235258,18.77586187559056,25.345619393926565,,,,11993911
2026-08-03,71.23,71.949,71.015,71.61,70.68528632000285,69.0622038961039,71.1642207504904,72.08137507144576,76.63804459401828,71.46771863807932,0,0,0,0,72.30509556538507,72.81228648525953,69.49297017346977,81.09293296471536,4,9,70.65,,,69.17271545393483,74.2282,71.91108253368168,71.61562562446865,72.20653944289471,73.38836707974686,69.02,0,1.5,4.5,-6.560768376403395,0,0.49405684400236727,4,9.373647721749276,52.09401186826889,0,1.9570248273308126,1.0742282858301897,74.2282,69.02,4,4,8,8,0,0,340,0,,5,,0,-0.44054997679021396,0.01243272116822086,0.4842825663769566,1,2.0330495886451434,1.9814457832095913,21568,,8496,2,,,,,,0.8086717669309278,30.623012841764762,63.888888888888886,-5.691971618649429,1,32.47126821264399,13.63704229651507,22.25307776597708,24.128551984302874,,,,12953278
2026-08-04,71.31,72.29,71.1395,71.99,71.1201908800019,69.58537012987014,71.24286639330084,72.07779173531064,76.5917953940778,71.38673288587405,0,0,0,0,72.29984403416212,72.80213574270527,75.63557902858999,75.64290497074893,4,10,70.65,,,69.22687417151091,75.01129999999999,72.77158207877501,72.23,72.98175000000006,74.12025066279134,69.7,0,0,3.5,-6.008209326339449,0,0.6246162014121609,4,8.976250162399745,58.11229133165448,0,2.2774921245869497,1.0934355463833834,75.01129999999999,69.7,12,4,8,8,0,0,340,0,,6,,0.7455585782054392,-0.42801755314889656,0.28301862765555025,0.6163862775100634,2,2.4418549491214057,0.961999260990436,21568,,288,2,,,,,,1.234395757180854,30.679618931427605,64.68253968253968,-1.3347114428045461,1,31.094642685449486,12.778134568407246,22.519651236180103,23.257735656515823,,,,20045952
2026-08-05,69,69.42,66.735,68.18,70.1401272533346,69.8146722943723,70.9511648320341,71.92493715745532,76.50809593742032,71.29419040137277,0,0,0,0,72.13499829824434,72.66371523465983,95.68212320062776,90.71867530684708,4,11,65.69391028158226,65.38269584200572,66.00512472115881,64.13783808369953,68.03422746184907,68.18,72.70870754239783,73.33113642155092,73.69779210365867,68.03422746184907,2,9.5,5.5,-10.885247940599996,0,-0.9641658374811339,4,10.395255300934638,70.0955569558068,0,1.5039900998495863,-0.03606301310273894,68.03422746184907,68.03422746184907,0,4,8,8,0,0,340,0,,0,,3.594762739769339,0.7099652746004371,-0.4360823784674984,-0.9550306549778644,0,4.571023574380775,2.859678605544385,5184,,288,291,,,,,,2.767359656263126,30.74807360712864,65.07936507936508,-14.612926473570937,1,36.01022067773698,13.704517131742497,19.12451958770433,32.38759685097323,,,,50131932
2026-08-06,68.63,71.37,68.17,70.47,70.2500848355564,70.05880173160173,70.90533960993561,71.86788079833943,76.44801538082908,71.20665408001238,0,0,0,0,72.09415147724208,72.62318548008028,94.75930166816835,76.08807512092079,4,12,70.47,65.19962780871101,65.83474033935316,64.87362966966747,,71.6610000000002,71.34344373467913,71.97855626532127,73.2487813266056,68.03422746184907,1,0,3.5,-7.819712978877656,0,0.09057607213400778,4,10.954687139063969,77.3083541899789,0,0,-0.4352414858875496,,68.03422746184907,8,4,8,8,0,0,324,0,,1,,1.3455686691404485,-0.2530672515237544,0.6080349104413919,0.09577969266628741,0,3.959847001196697,1.363352358733728,5184,,65840,19,,,,,,1.6414765996274263,30.830498797988326,65.47619047619048,-18.756252212831654,1,37.94814941176028,13.624213148021882,22.886550804441747,29.473593850301263,,,,31510060
2026-08-07,71.29,75.42,71.23,75.02,71.8400565570376,70.76333766233765,71.29721202803698,71.9914933160516,76.43380627256212,71.152646108564,0,0,0,0,72.16759209968491,72.66877532383958,98.51945180929204,20.628651309440816,4,13,75.02,71.81390167243747,72.90900000000006,69.5948783438011,75.42395168675023,75.42395168675023,75.0848815832378,75.76302179026266,77.11930220431238,71.58500000000001,1,3,0,-1.8497132898504478,0.22608284722825128,1.9524828103869143,4,12.74863637176406,70.78886093620629,0,0.07445947065328319,0.07445947065328319,75.42395168675023,71.58500000000001,8,0,13,10,0,0,68,0,,2,,1.3580399514174348,-0.7373609695084856,2.8086627778260103,1.9336895028067689,1,5.697122120875408,-1.9766086742249325,21824,,74064,18,,,,,,1.624140996830133,31.205950526429447,66.26984126984127,-29.338466439218223,0,44.1625718462318,13.278436098879373,30.568052634640868,25.631829059320857,,,,33069641
2026-08-10,75.43,78.1,75.39,78.03,73.90337103802507,72.0320961038961,71.93842993012869,72.22829749973586,76.44968879721324,71.14793056397149,0,0,0,0,72.28644604027149,72.75154830500438,96.76178546097626,61.98119391403892,4,14,78.03,77.60832418959544,78.29302581040423,72.6511935167648,81.11500000000001,80.7652768558168,80.4229260454124,81.10762766622119,82.4770309078388,76.78621615473106,1,1.5,0,2.0671257498230204,0.24523567435589583,2.9585930814969164,4,13.317740464858739,68.19980615555212,0,0.5735473119576651,0.5735473119576651,81.11500000000001,76.78621615473106,9,0,16,8,0,0,68,0,,3,,0.6633539822484802,-0.6118780829268071,2.879200364854246,2.9014759864031423,2,6.460341642289709,1.2029269540095746,21824,,66384,18,,,,,,1.2920029832123032,36.68047173104983,69.44444444444444,-20.491466687593586,0,46.134006254302584,13.733494493513248,35.10210264483638,23.57290214076415,,,,27263264
2026-08-11,78,78.9885,77.465,78.54,75.44891402535005,73.65941298701298,72.56715088916405,72.47581524484426,76.47048791365889,71.19038909653146,0,0,0,0,72.37226809367473,72.81224221200013,96.7207264062719,61.97933068264327,4,15,78.54,77.5508251403386,78.21382485966107,74.81300112271018,81.715,80.5134,80.18190014033877,80.84489985966124,82.17089929830615,76.78621615473106,1,5,8.5,2.7062885863599564,0.16466881533021918,2.8356725504887415,4,12.880442674683776,66.11213096719646,0,0.8518918584458413,0.8518918584458413,81.715,76.78621615473106,8,0,16,8,0,0,68,0,,4,,0,-0.3962443829661507,2.209098979187355,2.778969214772484,3,4.595117522524135,0.47145592664013714,21824,,66114,18,,,,,,0.8867291145228073,42.10231774225326,75.7936507936508,-5.640725649229848,1,44.61916227306132,14.390187170522736,36.054805769031745,22.605617837403525,,,,18711720
2026-08-12,78.2,78.56,74.88,75.36,75.41927601690003,74.99377099567099,72.83313651876747,72.58892052936017,76.45943828267721,71.25371451144419,0,0,0,0,72.41374056330162,72.83935111523813,89.18615034317644,75.2492193304736,4,16,72.56737870907952,72.23,72.93040000000005,70.86728623554401,76.78621615473106,77.78607499999984,77.44539655888585,78.12675344111383,79.48946720556982,72.57414,0,0,7,-1.4379366463725423,0.028507019186199606,1.317722226296414,4,13.64987548092634,51.27709655739677,0,2.481534099658748,0.3174509282150459,76.78621615473106,76.78621615473106,12,4,8,8,0,0,76,0,,0,,0,-0.03941619018224282,1.2280561534895968,1.3116739597284042,4,2.4305564280989236,2.5433791306094458,1344,,65569,4114,,,,,,0.8981973569920622,46.35262262886609,81.34920634920636,-1.9709037279627588,1,47.284555699906164,14.004845528529138,32.57745657145453,27.200213534477296,,,,19192459
2026-08-13,75.63,76.035,74.53,75.88,75.57285067793335,76.00398528138528,73.12331399317057,72.71798246938526,76.4536727276257,71.33705711630068,0,0,0,0,72.44661635516732,72.86150651891406,94.3282172920035,81.44633954621114,5,0,75.88,72.23,73.12804,70.91087293300515,76.78621615473106,77.69512499999985,77.36534323325114,78.02490676674856,79.34403383374341,73.12804,1,2,0,-0.750353393315028,0.07422807394805009,1.4022306332879166,0,13.547332229157453,84.68262847118034,0,0.1823692858953429,0.1823692858953429,76.78621615473106,76.78621615473106,8,4,13,8,0,0,204,0,,0,,-0.8492459079933665,-0.040316070722441005,1.5938245915844007,1.395775122081869,5,6.730364891287388,2.8621219921213195,1856,,65568,32,,,,,,0.6264313093063856,47.57437533561301,82.53968253968254,1.374491825881523,2,46.92933545583208,13.520463471166074,31.250034570551485,27.039492491916047,,,,13239337
2026-08-14,77.09,77.44,75.3699,75.95,75.69856711862224,76.70379437229438,73.39252218429718,72.84472825489956,76.4486610586941,71.43803202104428,0,0,0,0,72.4720077880906,72.87873212607352,95.46734105382593,84.729268643674,5,1,75.02,74.69529103801905,75.34470896198094,73.39645519009527,76.75342336434946,77.59277499999985,77.2680660380189,77.91748396198079,79.21631980990458,73.12804,0,0,3.5,-0.652282266018035,0.07647561762345648,1.3086632861185024,0,13.334471302909197,66.45559142645824,0,1.0676781778823718,0.3146306112323241,76.75342336434946,76.75342336434946,8,4,8,8,1,0,204,0,,1,,-1.0994591438588528,-0.012751870254073538,1.6118049409876518,1.305048838128887,6,4.2150312763580065,2.908114348229319,1856,78.9885,65584,32,74.8162,76.82079999999999,70.3444,,74.8162,0.4916413130461529,47.62732399330504,82.53968253968254,3.1073812514673746,2,46.191963577415784,13.50582990125568,33.33457445064829,25.500354482372696,74.8162,76.82079999999999,70.3444,10190833