time,open,high,low,close,Sprint Line EMA,Hull Baseline HMA,MA 20 Fast,MA 50 Mid,MA 200 Slow,Weinstein MA 150,Golden Cross,Death Cross,Zone 0 Long,Zone 0 Short,AVWAP Resistance,AVWAP Support,Buy Score,Sell Score,Stage 1 Base 2 Up 3 Top 4 Down,Stage Age Bars,Long Entry,Long Entry Zone Bot,Long Entry Zone Top,Long Stop Loss,Long Target,Short Entry,Short Entry Zone Bot,Short Entry Zone Top,Short Stop Loss,Short Target,Entry At Market 0No 1L 2S 3Both,Long Rev Zone,Short Rev Zone,Ext Pct vs MA200,Exhaustion Gradient,Ext Z Self Relative,Regime 0 Hlt 1 Ext 2 Clmx 3 Dist 4 Dn 5 Ign 6 Sqz,Exp Move Pct 21b,Dir Prob Pct Above 50 Bull,Long Ignition Fresh Breakout,RR To Target,Long Target T1 Waypoint,Short Target T1 Waypoint,Long RR Valid,Short RR Valid,Long In Zone,Short In Zone,Action Long Code,Action Short Code,MTF Long Aligned 0 To 3,Bear Warning Mask,Reversal Pattern Mask,Weak Level Mask,Bear Warning Age,Reversal Pattern Age,Weak Level Age,Z Velocity,Z Elasticity,Trend Bars Up,Buy Sigma Evidence,Sell Sigma Evidence,VP POC,VP VAH,VP VAL,VP HVN Above,VP HVN Below,RVOL Vs Avg,Energy IV30 Ann Pct,Energy IV Rank Pct,Energy IV HV Spread,Energy State 3 Exp 2 Warm 1 Sqz 0 Dorm,HV20 Ann Pct,ADX 14,DMI DI Plus,DMI DI Minus,POC,VAH,VAL,Volume
2024-03-27,114.51607662,134.43191603,114.51607662,130.69769614,,,,,,,0,0,0,0,,,,,0,0,0,,,0,,0,,,0,,0,0,0,0,0.2,0,0,0,50,0,0,,,0,0,0,0,10,10,0,0,0,0,,,,0,0,100,1.364510692622504,-0.6354893073774961,,,,,,,,,,0,,,,,,,,4960410
2024-03-28,137.3495865,137.3495865,129.4131245,136.17455198,,,,,,,0,0,0,0,,,,,0,1,114.51607662,,,108.790272789,119.09671968480001,0,,,0,,0,1.5,0,0,0.2,0,0,0,50,0,0,,,0,0,0,0,10,10,0,0,0,0,,,,0,0,100,3.364510692622504,-0.6354893073774961,,,,,,,,,,0,,,,,,,,2239055
2024-04-01,140.41662577,143.72265512,136.49320541,141.42237566,,,,,,,0,0,0,0,,,86.97207926649946,38.305129359549284,0,2,114.51607662,,,108.790272789,119.09671968480001,0,,,0,,0,0,3,0,0.2,0,0,0,50,0,0.799999999999999,,,0,0,0,0,8,10,0,0,0,0,,,,0,0,100,3.864510692622504,-0.6354893073774961,,,,,,,,,,0,,,,,,,,1029489
2024-04-02,142.248883,151.83835968,138.0565988,139.41087588,,,,,,,0,0,0,0,,,90.87436192795661,47.54872678244796,0,3,114.51607662,,,108.790272789,119.09671968480001,0,,,0,,0,0,3,0,0.2,0,0,0,50,0,0.799999999999999,,,0,0,0,0,8,10,0,0,0,0,,,,0,0,100,3.864510692622504,0.3645106926225039,,,,,,,,,,0,,,,,,,,18246124
2024-04-03,141.70119742,143.39404377,135.22854961,136.76206924,136.89351377999998,,,,,,0,0,0,0,,,82.21873329444239,42.92692807099862,0,4,114.51607662,,,108.790272789,119.09671968480001,0,,,0,,0,0,1.5,0,0.2,0,0,0,50,0,0.799999999999999,,,0,0,0,0,8,10,0,0,0,0,,,,0,0,100,1.364510692622504,-0.6354893073774961,,,,,,,,,,0,,,,,,,,8866864
2024-04-04,135.427708,138.7636111,124.73290224,125.52953581,133.10552112333332,,,,,,0,0,0,0,,,77.89091897768529,40.616028715273956,0,5,114.51607662,,,108.790272789,119.09671968480001,0,,,0,,0,0,0,0,0.2,0,0,0,50,0,0.799999999999999,,,0,0,0,0,8,10,0,0,0,0,,,,0,0,100,1.364510692622504,-0.6354893073774961,,,,,,,,,,0,,,,,,,,14207744
2024-04-05,124.97189231,127.64061479,118.4992445,122.18367479,129.46490567888887,,,,,,0,0,0,0,,,75.72701181930674,44.038893992281594,0,6,114.51607662,,,108.790272789,151.83835968,0,,,0,,0,4,0,0,0.2,0,0,0,50,0,6.518260869842214,151.83835968,,1,0,0,0,8,10,0,0,0,0,,,,0,0,100,1.364510692622504,-0.1354893073774961,,,,,,,,,,0,,,,,,,,16054788
2024-04-08,125.59924125,131.39475052,125.33037742,129.4131245,129.44764528592592,,,,,,0,0,0,0,,,84.15175018423157,41.17201167591544,0,7,114.51607662,,,108.790272789,151.83835968,0,,,0,,0,0,0,0,0.2,0,0,0,50,0,6.518260869842214,151.83835968,,1,0,0,0,8,10,0,0,0,0,,,,0,0,100,3.364510692622504,-0.6354893073774961,,,,,,,,,,0,,,,,,,,12195039
2024-04-09,130.31929519,133.03780727,127.71032023,131.61382475,130.16970510728393,,,,,,0,0,0,0,,,89.46419738682268,39.73857051773236,0,8,114.51607662,,,108.790272789,151.83835968,0,,,0,,0,0,0,0,0.2,0,0,0,50,0,6.518260869842214,151.83835968,,1,0,0,0,8,10,0,0,0,0,,,,0,0,100,3.864510692622504,-0.6354893073774961,,,,,,,,,,0,,,,,,,,9143523
2024-04-10,128.95506019,139.34117045,128.39741669,137.78773497,132.70904839485596,,,,,,0,0,0,0,,,91.02034296798954,39.02184993864083,0,9,137.78773497,,,130.8983482215,151.83835968,151.83835968,,,159.43027766400002,118.4992445,1,1.5,0,0,0.2,0,0,0,50,0,2.039459421124696,151.83835968,118.4992445,1,1,0,0,8,10,0,0,0,0,,,,0,0,100,3.364510692622504,-0.6354893073774961,,,,,,,,,,0,,,,,,,,8376809
2024-04-11,138.61424231,138.73373734,135.83598271,135.99530942,133.80446873657064,,,,,,0,0,0,0,,,85.60653012331986,38.663489649095055,0,10,118.4992445,,,112.574282275,151.83835968,151.83835968,,,159.43027766400002,118.4992445,0,0,0,0,0.2,0,0,0,50,0,5.626890757096765,151.83835968,118.4992445,1,1,0,0,8,10,0,0,0,0,,,,0,0,100,1.864510692622504,-0.6354893073774961,,,,,,,,,,0,,,,,,,,5326943
2024-04-12,134.43191603,137.52882906,132.99299663,133.43612406,133.68168717771377,,,,,,0,0,0,0,,,79.58481739212402,47.72790692722084,0,11,118.4992445,,,112.574282275,151.83835968,151.83835968,,,159.43027766400002,118.4992445,0,0,3.5,0,0.2,0,0,0,50,0,5.626890757096765,151.83835968,118.4992445,1,1,0,0,8,10,0,0,0,0,,,,0,0,100,1.364510692622504,0.3645106926225039,,,,,,,,,,0,,,,,,,,3765246
2024-04-15,134.03359924,134.75056946,129.30358738,131.19559213,132.85298882847584,,,,,,0,0,0,0,,,76.57396102652609,47.59483309825504,0,12,114.51607662,,,108.790272789,139.34117045,0,,,0,,0,1,3.5,0,0.2,0,0,0,50,0,4.335652174388989,139.34117045,,1,0,0,0,8,10,0,0,0,0,,,,0,0,100,1.364510692622504,-0.1354893073774961,,,,,,,,,,0,,,,,,,,3724891
2024-04-16,131.9424361,132.49012169,127.71032023,129.52266162,131.7428797589839,,,,,,0,0,0,0,,,75.06853284372713,47.528296183772134,0,13,114.51607662,,,108.99543260794644,139.34117045,0,,,1.7754391142764285,,0,3,3.5,0,0.2,0,0,0,50,0,4.496774973317934,139.34117045,,1,0,0,0,8,10,0,0,0,0,,,,0,0,100,1.364510692622504,-0.1354893073774961,,,,,,,,,,0,,,,,,,,5870930
2024-04-17,131.4843718,137.5985345,130.69769614,134.18296804,132.55624251932258,,,,,,0,0,0,0,,,83.82251069644177,42.91671277166071,0,14,114.51607662,,,109.0292342838074,139.34117045,0,,,1.7645684953195406,,0,0,2,0,0.2,0,0,0,50,0,4.524477342140369,139.34117045,,1,0,0,0,8,10,0,0,0,0,,,,0,0,100,3.364510692622504,-0.6354893073774961,,,,,,,,,,0,,,30.597978547374698,24.756222447074638,,,,6154554
2024-04-18,137.56866074,137.82756665,134.86010658,136.64257421,133.9183530828817,,,,,,0,0,0,0,,,89.29957764292777,40.610921065605,0,15,114.51607662,,,109.25844629844617,139.34117045,0,,,1.6908539114117163,,0,0,3,0,0.2,0,0,0,50,0,4.721726768850346,139.34117045,,1,0,0,0,8,10,0,0,0,0,,,,0,0,100,3.864510692622504,-0.6354893073774961,,,,,,,,,,0,,,29.773505622932795,23.916748008435718,,,,5022268
2024-04-19,136.67244796,139.99839315,134.33731579,134.53149523,134.1227337985878,,,,,,0,0,0,0,,,90.93803309604209,39.45802521257714,0,16,127.71032023,126.68335783671142,128.73728262328856,122.57550826355714,139.34117045,139.34117045,139.34117045,140.9843102792617,143.44902002315428,127.71032023,0,0,5,0,0.2,0,0,0,50,0,2.265097591890455,139.34117045,127.71032023,1,1,0,0,8,10,0,0,0,0,,,,0,0,100,3.364510692622504,-0.6354893073774961,,,,,,,,,,0,,,30.23368798731669,22.63294542753596,,,,4518763
2024-04-22,134.94972786,136.56291085,131.55407724,136.11480446,134.78675735239187,,,,,,0,0,0,0,,,91.75726082259925,38.88157728606321,0,17,136.11480446,126.71199056471417,128.70864989528582,122.71867190357091,139.34117045,139.34117045,139.34117045,140.9384979144573,143.33448911114326,127.71032023,1,1.5,0,0,0.2,0,0,0,50,0,0.24084309231858156,139.34117045,127.71032023,0,1,0,0,8,10,0,0,0,0,,,,0,0,100,3.364510692622504,-0.6354893073774961,,,,,,,,,,0,,,28.76257483905584,24.235433773376435,,,,2435104
2024-04-23,137.87735625,147.72573884,137.28983899,147.20792701,138.92714723826126,,,,,,0,0,0,0,,,92.16687468587783,38.59335332280625,0,18,147.20792701,138.31048098955603,140.37185991044396,130.71689564289645,155.83220181710354,0,,,1.657348652393907,,1,1.5,0,0,0.2,0,0,0,50,0,0.5229675825071394,,,0,0,0,0,8,10,0,0,0,0,,,,0,0,100,3.364510692622504,-0.6354893073774961,,,,,,,,,,0,,,36.06052719506937,21.61041018928362,,,,4682814
2024-04-24,146.38141968,149.26921639,143.74257096,145.56487026,141.13972157884083,,134.769489508,,,,0,0,0,0,,,92.32715883278703,38.44924134117777,0,19,139.34117045,138.33475661681987,140.3475842831801,134.3091012840994,146.60521482837294,0,,,1.618313443753628,,0,0,3,0,0.2,0,6,16.54800275356784,50,0,1.4435501855970396,146.60521482837294,,1,0,0,0,8,10,0,0,0,0,,,,0,0,100,3.3473293251238054,-0.6354893073774961,,,,,,0.6621081735130456,,,,0,57.32396306593836,,35.63274391949177,20.473679889191864,,,,4684613
2024-04-25,142.3982518,151.49979041,138.08896204,147.68590716,143.32178343922723,,135.99962452247618,,,,0,0,0,0,,,91.81206066282977,38.377185350363526,0,20,147.68590716,138.28690378017203,140.39543711982796,130.81764044275255,148.5513889713691,0,,,1.6952608050833684,,1,3,3,0,0.2,0,0,16.561623940353062,50,0,0.05130828352886849,148.5513889713691,,0,0,0,0,8,10,0,0,0,0,,,,0,0,100,3.1339272187359173,-0.6354893073774961,,,,,,0.8511406861102975,,,,0,57.37114824108114,,31.326618895073693,23.094058503277854,,,,6069264
2024-04-26,152.99347836,156.58828738,149.56795398,152.42587694,146.35648127281814,,137.5640295146213,,,,0,0,0,0,,,91.74865276658457,38.34115735495641,0,21,139.34117045,,,134.04893322312014,151.29892602287734,0,,,1.7019834921645562,,0,0,6.5,0,0.2,0,0,16.377998939767135,50,0,2.2594897129974836,151.29892602287734,,1,0,0,0,8,10,0,0,0,0,,,,0,0,100,3.200439729058629,-0.6354893073774961,,,,,,0.5851080400827668,,,,0,56.73505257997176,,33.380842879322145,21.25757782329661,,,,4230515
2024-04-29,152.93373084,158.87860891,152.93373084,158.34088124,150.35128126187877,148.20959286328656,139.54277729799068,,,,0,0,0,0,,,92.16257065787049,23.51744527786194,0,22,158.34088124,,,137.6092091516995,,0,,,1.6730560374363737,,1,0,0,0,0.2,0,0,16.38334688783584,50,0,0,,,0,0,0,0,8,10,0,0,0,0,,,,0,0,100,3.364510692622504,-3.1354893073774965,,,,,,0.7942018223295475,,,,0,56.75357841551424,,33.504338011329445,20.015160900388118,,,,5937215
2024-04-30,157.47454223,162.4136704,151.60932752,153.0631838,151.25524877458585,151.65714450466234,140.8304350600868,,,,0,0,0,0,,,75.3716997064507,59.57405578838265,0,23,140.41662577,,,135.1035924087809,156.83500892644108,162.4136704,162.4136704,164.1138410755901,166.66409708897527,127.71032023,0,0,6.5,0,0.2,0,0,16.746545954615495,50,0,3.0902089334281646,156.83500892644108,127.71032023,1,1,0,0,8,8,0,0,64,0,,0,,0,0,100,0.46221818867935927,4.1145106926225035,,,,,,0.5179768153513631,,,,0,58.01173688936216,,33.42945327058958,18.106902593926915,,,,3490075
2024-05-01,153.54116395,156.04060179,148.7919333,151.03176818,151.18075524305723,154.1609668525472,141.80199059531665,,,,0,0,0,0,,,62.88059660283479,76.07527216876953,0,24,140.41662577,139.36519931997003,141.46805222002996,135.15949351985014,158.3741678697146,162.4136704,,,166.6193762001199,127.71032023,0,0,3.5,0,0.2,0,0,16.66938449010505,50,0,8.251492572069774,158.3741678697146,127.71032023,1,1,0,0,8,8,0,0,64,0,,1,,0,0,100,0.020773406822946372,3.3645106926225035,,,,,,0.5255622119751867,,,,0,57.74444173552513,,31.27507946035185,19.444843175627064,,,,3397459
2024-05-02,152.88394125,154.78590391,151.02071489,153.18267884,151.84806310870482,155.90977584923036,142.88586566623889,,,,0,0,0,0,,,71.37741118410871,61.76851571902938,0,25,140.41662577,,,135.36691417075366,159.7543787928039,162.4136704,162.4136704,164.0295781117588,166.45343967939706,127.71032023,0,0,2,0,0.2,0,0,13.682467126872476,50,0,3.829476722133999,159.7543787928039,127.71032023,1,1,0,0,8,8,0,0,64,0,,2,,0,0,100,1.837935900963477,-0.1354893073774961,,,,,,0.43035584752157935,,,,0,47.39745647326817,,30.18684435613022,18.768248221915513,,,,2530741
2024-05-03,154.97510438,166.46654372,154.48716632,165.56037303,156.4188330824699,158.30975175191864,145.04534255802565,,,,0,0,0,0,,,79.3348882295258,75.66013683264077,0,26,140.41662577,,,135.13457817427127,163.0915336521104,0,,,1.6987065067863563,,0,0,0,0,0.2,0,0,14.673010650577105,50,0,4.292825361976335,163.0915336521104,,1,0,0,0,8,8,0,0,64,0,,3,,0,0,100,2.5694133771094245,2.8645106926225035,,,,,,0.8729731740368145,,,,0,50.82879989359762,,36.92948521062282,16.576728054736915,,,,4635134
2024-05-06,166.45658581,170.44971161,163.81773708,168.42825391,160.42197335831327,161.37751695858748,147.27228649630894,,,,0,0,0,0,,,,82.60594738944647,0,27,140.41662577,,,135.21579699673404,167.08173560861593,0,,,1.6725865334823307,,0,0,0,0,0.2,0,0,13.989402809479694,50,0,0,167.08173560861593,,1,0,0,0,10,8,0,0,64,0,,4,,0,0,100,,2.8645106926225035,,,,,,0.8177314975357359,,,,0,48.46071286713124,22.536556259505964,38.295853151992816,15.597508563933516,,,,4007044
2024-05-07,167.95027376,172.7699069,166.46156476,166.6557442,162.49989697220883,164.3874094086052,149.11833008713666,,,,0,0,0,0,,,,90.42408249180096,0,28,140.41662577,,,135.30566234928875,170.05075128322375,166.6557442,,,180.94744837313797,0,2,0,3.5,0,0.2,0,0,14.180628660845677,50,0,11.661012723257892,170.05075128322375,,1,1,0,0,10,8,0,0,64,0,,5,,0,0,100,,5.3645106926225035,,,,,,0.6287350182352013,,,,0,49.12313864770424,24.09913794223668,38.20934862366283,14.707532885909467,,,,2884150
2024-05-08,166.29725909,166.30721701,162.5381444,163.30988318,162.7698923748059,166.63729661460476,150.46990657217125,,,,0,0,0,0,,,,91.50028552047868,0,29,140.41662577,,,135.486909745411,172.1554183453136,163.30988318,,,174.1947626493424,0,2,0,2,0,0.2,0,0,14.051226322610853,50,0,15.003370835659453,172.1554183453136,,1,1,0,0,10,8,0,0,64,0,,6,,0,0,100,,3.3645106926225035,,,,,,0.8454436787531191,,,,0,48.674875798822384,24.85531269837322,36.73592554111231,17.81471648908178,,,,3679684
2024-05-09,164.30567515,168.01002128,163.95714796,165.69978391,163.74652288653726,168.19456049997012,151.9203710805359,,,,0,0,0,0,,,,90.52602173336544,0,30,140.41662577,,,135.62920472484592,174.32205746684406,0,,,1.5396346081215522,,0,0,2,0,0.2,0,0,13.875290610797023,50,0,0,174.32205746684406,,1,0,0,0,10,8,0,0,64,0,,7,,0,0,100,,2.8645106926225035,,,,,,0.9382847467035601,,,,0,48.06541661536768,25.699865983451748,36.712974684239825,17.008458630061387,,,,4022569
2024-05-10,168.28884303,170.08126858,165.2915092,166.56612292,164.68638956435817,169.2405369373675,153.31520458905626,,,,0,0,0,0,,,,91.55125514126092,0,31,140.41662577,,,135.75733482717837,172.7699069,166.56612292,,,177.53613408851464,0,2,0,2,0,0.2,0,0,13.553209056412381,50,0,15.183769675464541,172.7699069,,1,1,0,0,10,8,0,0,64,0,,8,,0,0,100,,3.3645106926225035,,,,,,0.8098611698301852,,,,0,46.94969338261777,26.657973141633878,37.02197690604688,16.203644639697465,,,,3459622
2024-05-13,164.30567515,166.84494467,159.50595785,160.85027701,163.40768537957211,169.32567585755191,154.03283053390805,,,,0,0,0,0,,,87.90894159268674,92.06387184520867,0,32,140.41662577,,,135.7625079829156,172.7699069,160.85027701,,,174.291533129335,0,2,0,2,0,0.2,0,0,14.053444479655688,50,0,11.966908120932246,172.7699069,,1,1,0,0,8,8,0,0,64,0,,9,,0,0,100,4.415675982708824,3.3645106926225035,,,,,,1.0249592006234192,,,,0,48.68255972022403,26.517636323914612,34.34067062313747,20.739565884164737,,,,4413798
2024-05-14,160.01381176,165.85413166,158.19151245,164.93302409,163.91613161638142,169.2575102328026,155.07094420591682,,,,0,0,0,0,,,89.82587584568032,69.76281555724896,0,33,140.41662577,,,135.75286375297523,172.7699069,0,,,1.4998658646751712,,0,1.5,0,0,0.2,0,0,13.910552332542764,50,0,6.937163820086962,172.7699069,,1,0,0,0,8,8,0,0,64,0,,10,,0,0,100,3.2105397277569105,-0.1354893073774961,,,,,,0.9167478433151622,,,,0,48.18756680261964,26.167020823454173,31.754716148505725,20.46956183141599,,,,3855420
2024-05-15,167.65153617,171.62474613,166.25344424,167.1635981,164.99862044425427,169.26112482763375,156.22262552916283,,,,0,0,0,0,,,83.87759620946625,58.612287413269094,0,34,140.41662577,,,135.78725202026268,172.7699069,0,,,1.488806597915516,,0,0,2,0,0.2,0,0,13.696261231104597,50,0,6.9886949896486215,172.7699069,,1,0,0,0,8,8,0,0,64,0,,11,,0,0,100,1.6820693759375724,-0.1354893073774961,,,,,,0.6387880371512232,,,,0,47.445240652018036,26.4276910324784,35.357856439698274,19.11577773652895,,,,2572025
2024-05-16,167.32292482,169.284635,165.64999431,165.69978391,165.23234159950286,169.0765601741312,157.1252120416235,,,,0,0,0,0,,,80.16241994665069,75.59438798121275,0,35,140.41662577,,,135.95566082872608,172.7699069,0,,,1.4346463251136936,,0,0,3.5,0,0.2,0,0,13.812132167240836,50,0,7.252529790283646,172.7699069,,1,0,0,0,8,8,0,0,64,0,,12,,0,0,100,1.5698106976587733,3.3645106926225035,,,,,,0.4161293202406254,,,,0,47.84662934903511,26.56168482705953,34.04096201009386,19.02218026694094,,,,1604395
2024-05-17,166.17776405,166.93456595,160.26275975,161.93569026,164.13345781966856,168.2961420568468,157.58335282432603,,,,0,0,0,0,,,85.52303818231,84.08543826518458,0,36,158.19151245,157.30347783412057,159.07954706587944,153.7513393706028,172.7699069,172.7699069,172.7699069,174.19076228540712,176.32204536351776,158.19151245,0,1,3.5,0,0.2,0,0,13.972990188882301,50,0,3.283294184554438,172.7699069,158.19151245,1,1,0,0,8,8,0,0,64,0,,13,,0,0,100,3.066015182618273,3.3645106926225035,,,,,,0.5198401573491179,,,,0,48.403857881611174,25.762786520677594,31.706534308500387,23.255034256266885,,,,1937153
2024-05-20,162.37383873,163.60862077,159.53583161,160.27271767,162.8465444364457,166.91306460408487,157.83948280962832,,,,0,0,0,0,,,86.53243080955868,90.21793503657518,0,37,140.41662577,,,136.11178696591685,171.62474613,160.27271767,,,170.49636285653298,0,2,0,3.5,0,0.2,0,0,14.105261336086134,50,0,15.676670575492766,171.62474613,,1,1,0,0,8,8,0,0,64,0,,14,,0,0,100,2.599652669192417,4.3645106926225035,,,,,,0.4703037846012665,,,,0,48.86205857627609,24.902038731351173,30.338774535421017,23.021802771248268,,,,1736122
2024-05-21,159.56570537,163.79782124,158.40062876,163.24017774,162.97775553763046,165.61034195925933,158.35383470775895,,,,0,0,0,0,,,87.52409773220288,68.83984715293221,0,38,140.41662577,,,136.17832935906566,171.62474613,172.7699069,172.7699069,174.12616175149898,176.16054402874747,146.28911213781444,0,1.5,0,0,0.2,0,0,12.10136674530503,50,0,7.363364270485303,171.62474613,146.28911213781444,1,1,0,0,8,8,0,0,64,0,,15,,0,0,100,2.7229405499817814,-0.1354893073774961,,,,,,0.5473066506469666,,,,0,41.920364087785465,23.910342707001206,28.579336957248014,22.906478266564406,,,,1945469
2024-05-22,163.59866285,166.6557442,162.31409121,163.16051438,163.03867515175364,164.57218960147839,158.81161372416287,,,,0,0,0,0,,,88.38703777318983,79.1958025495922,0,39,140.41662577,,,136.28724102279313,171.62474613,172.7699069,172.7699069,174.0913100191062,176.0734146977655,148.84158596839245,0,0,2,0,0.2,0,0,11.995702905732493,50,0,7.557571471418178,171.62474613,148.84158596839245,1,1,0,0,8,8,0,0,64,0,,16,,0,0,100,2.8220444716133546,2.8645106926225035,,,,,,0.5900817519798771,,,,0,41.55433381046058,23.373093649944554,30.361071443340055,21.81071288502347,,,,2018868
2024-05-23,165.71969975,169.284635,160.76065573,160.98968789,162.35567939783576,163.61362559405413,159.0190493590045,,,,0,0,0,0,,,91.26851031698251,86.98622356950298,0,40,148.7919333,,,144.57696981732576,171.62474613,172.7699069,,,176.1418776861394,151.1444790166147,0,0,3.5,0,0.2,0,6,12.104297138201838,50,0,5.417084376615609,171.62474613,151.1444790166147,1,1,0,0,8,8,0,0,64,0,,17,,0,0,100,3.7045926427199527,3.8645106926225035,,,,,,0.9585259881446114,60.99056655943041,,45.45627729998876,3,41.930515266552284,23.211151445831607,30.405164926067656,19.807358534820082,,,,3139003
2024-05-24,162.12489073,177.02144072,161.40792051,176.68336934,167.13157604522385,164.4423870403446,160.70136554767075,,,,0,0,0,0,,,,6.142089926556296,0,41,171.62474613,170.6988265472355,172.5506657127645,166.9951482161775,174.3444100244766,0,,,1.4888786890853203,,0,1.5,0,0,0.2,0,0,14.810216565479767,50,0,0,174.3444100244766,,0,0,0,0,10,10,0,0,64,0,,18,,0,0,100,,-3.6354893073774965,,,,,,1.3099609917620803,61.75872376548238,,20.377766365410107,3,51.30409512501838,23.91555650071238,33.205751654246164,16.700384101717688,,,,4294052
2024-05-28,177.58954004,182.01085639,176.03610456,177.34059204,170.5345813768159,166.49401896115978,162.28605378503545,,,,0,0,0,0,,,,26.353123337292967,0,42,171.62474613,170.71161766180796,172.53787459819205,167.05910378903982,176.70332544195202,0,,,1.4683105768527973,,0,0,6.5,0,0.2,0,0,14.456002887525313,50,0,0,176.70332544195202,,0,0,0,0,10,10,0,0,64,0,,19,,0,0,100,,-3.6354893073774965,,,,,,0.8457879694932171,68.76388636591989,,37.31613300294857,3,50.077062951112474,25.02525086132134,36.18502118494915,15.711270940697137,,,,2632749
2024-05-29,175.25938683,177.93806723,173.36359807,176.57383223,172.54766499454394,169.07688003417493,163.64679458931778,,,,0,0,0,0,,,,19.260558267074725,0,43,171.62474613,170.7359976491788,172.5134946108212,167.1810037258941,178.03892949650694,0,,,1.4291075571604546,,0,1.5,3,0,0.2,0,0,13.897118820036175,50,0,0,178.03892949650694,,1,0,0,0,10,10,0,0,64,0,,20,,0,0,100,,-2.6354893073774965,,,,,,0.5099931152869632,74.25796372290438,,54.25087710655665,3,48.141031750248594,25.536619638031517,34.50022650106085,17.699916505447007,,,,1537710
2024-05-30,176.22530504,177.06177029,173.76569887,174.34325821,173.14619606636262,171.5107188986823,164.66550541033513,,,,0,0,0,0,,,,13.977145733921095,0,44,171.62474613,170.77005047441605,172.47944178558396,167.35126785208024,178.14179426670728,0,,,1.3743506141789936,,0,0,2,0,0.2,0,0,13.887232730978226,50,0,0,178.14179426670728,,1,0,0,0,10,10,0,0,64,0,,21,,0,0,100,,-3.1354893073774965,,,,,,0.6931885225699349,78.47703784152431,,63.13091240250617,3,48.10678533317556,26.01146207354811,33.29722335134814,17.08273054856495,,,,2043133
2024-05-31,176.35475799,179.00854359,164.70399194,175.15980763,173.8173999209084,173.54859164781948,165.66496276458892,,,,0,0,0,0,,,,38.305129359549284,0,45,154.48716632,,,149.88034043469952,178.28506789156788,0,,,1.4815552047126368,,0,1,6,0,0.2,0,6,13.869562370383612,50,0,0,178.28506789156788,,1,0,0,0,10,10,0,0,64,0,,22,,0,0,100,,-0.6354893073774961,,,,,,1.763258173144462,81.67859459413532,,70.00233070313541,3,48.045573408499685,24.846633234942892,28.63120202389098,23.56605422385731,,,,5454904
2024-06-03,178.1770573,178.24676274,165.73961559,169.65307803,172.42929262393892,174.66675050174155,166.04478326605664,,,,0,0,0,0,,,93.69019626860464,61.24578467735049,0,46,158.19151245,157.22428811460492,159.1587367853951,153.35539077302457,178.5101229910172,0,,,1.5552967313153059,,0,2,5.5,0,0.2,0,6,12.198468600534426,50,0,4.201426659249126,178.5101229910172,,1,0,0,0,8,8,0,0,72,0,,0,,0,0,100,4.276783697830912,4.3645106926225035,,,,,,1.1322287222237835,79.84249695718687,,88.94620554658871,3,42.256734781318485,23.765006456238048,25.293712095377973,20.818999854247352,,,,3434765
2024-06-04,167.64157825,168.69711774,160.65111862,162.35392289,169.07083604595928,174.30443137809908,165.69327275405124,,,,0,0,0,0,,,99.17503363625195,96.35043180796579,0,47,154.48716632,153.50865479954385,155.46567784045615,149.5946087177192,172.7699069,162.35392289,172.7699069,174.33552533272984,176.68395298182463,155.84670057785831,2,0,4.5,0,0.15,0,6,12.86923453019697,50,0,3.7368472823860133,172.7699069,155.84670057785831,1,0,0,0,8,8,0,0,72,0,,1,,0,0,0,6.385731960338722,4.3645106926225035,,,,,,1.704657719880745,75.11142261106235,,68.4855457484963,3,44.58033612164188,22.155731185367486,23.1977221318792,23.777943315102902,,,,5279783
2024-06-05,164.39529643,167.59178865,161.78632146,162.80202927,166.9812337873062,172.94575125948137,165.41791623176064,,,,0,0,0,0,,,96.66247664691717,97.46273413174939,0,48,154.48716632,153.52671395109428,155.44761868890572,149.68490447547143,172.7699069,162.80202927,172.7699069,174.30663069024914,176.61171637562285,155.49770380675727,2,0,8,0,0.15,0,6,12.843001552375581,50,0,0.5289276583441659,172.7699069,155.49770380675727,1,0,0,0,8,8,0,0,72,0,,2,,0,0,0,4.487995023281109,4.8645106926225035,,,,,,2.387335295288649,79.18085868306214,,77.97665868410523,3,44.48946242080093,20.661404148130536,21.935298860533294,22.48394432610397,,,,8005543
2024-06-06,162.5630392,163.43933613,154.84565143,159.63541081,164.53262612820413,170.6350582377965,164.8672014296882,152.2026203794,,,0,0,0,0,,,45.56551192630916,98.24221759415545,0,49,151.02071489,151.02071489,152.95787080189632,147.14640306620734,172.7699069,159.63541081,,,175.13265810517063,154.97390559221455,2,5,4.5,0,0.15,0,0,12.833181888599176,50,0,0.30079569158311736,172.7699069,154.97390559221455,1,0,0,0,10,8,0,0,72,0,,3,,0,0,0,-0.23712908262251453,5.3645106926225035,,,,,,1.5295210315049803,80.3015018097142,,80.63366547994293,3,44.45544610765298,20.234987237186612,20.18424656603556,27.136389740749816,,,,5249018
2024-06-07,158.82881931,165.06247705,158.370755,161.39796259,163.4877382821361,168.08327751321602,164.5367977306703,152.56322203471765,,,0,0,0,0,,,69.45085653309413,95.71426849241753,0,50,151.02071489,151.02071489,152.9389975590823,147.1841495518354,172.7699069,172.7699069,,,176.6064722381646,154.53477478741507,0,0,4.5,0,0.15,0,0,12.792537512715406,50,0,4.752983594776605,172.7699069,154.53477478741507,1,1,0,0,8,8,0,0,72,0,,4,,0,0,0,0.9955549009134659,5.3645106926225035,,,,,,1.3964957215358802,80.12296366445455,,80.80468630232018,3,44.314649859507746,19.567248554746982,20.43971327311763,25.43380014085488,,,,4850297
2024-06-10,160.5415815,169.284635,159.92259721,165.93877398,164.30475018142405,166.01108873807922,164.6703192782255,153.08775348355226,,,0,0,0,0,,,82.17549679004222,94.14537852078698,0,51,154.48716632,153.51294545765822,155.46138718234178,149.61606200829107,178.5121614382586,0,,,1.5665471466455902,,0,1.5,5.5,0,0.15,0,0,13.107343467246578,50,0,0,178.5121614382586,,1,0,0,0,8,18,0,0,72,0,,5,,0,0,1,3.898148643099365,3.3645106926225035,,,,,,1.2030168203338385,78.69214169893533,,73.31097375497576,3,45.40516967505416,18.27371072128466,22.569432203866988,23.237163602089854,,,,4224304
2024-06-11,164.80357113,167.83077872,162.6128288,167.52208321,165.37719452428271,164.65051488988226,164.9419158431564,153.65380562968747,,,0,0,0,0,,,89.33308661299992,79.90498862795175,0,52,153.54116395,,,148.78505146769885,178.5660823338876,182.01085639,,,186.76696887230113,158.19151245,0,1.5,0,0,0.15,0,0,12.612972741796066,50,0,5.261632999011792,178.5660823338876,158.19151245,1,1,0,0,8,8,0,0,72,0,,6,,0,0,2,4.41869744576636,0.8645106926225039,,,,,,0.6001759595147208,75.95541882354524,,73.84038799539991,3,43.69261924654422,17.072568447355362,21.457105689429643,22.09192818094823,,,,2036122
2024-06-12,170.81815464,178.46583697,170.43477473,176.77299062,169.17579322285513,164.97749805520692,166.06868486952246,154.56044033518992,,,0,0,0,0,,,92.6021043707792,63.68337394862049,0,53,176.77299062,,,151.79737296127763,179.88610690123872,182.01085639,182.01085639,183.58044058131233,185.93481686828085,158.19151245,1,0,0,0,0.15,0,0,13.459960155961355,50,0,0.124646217914515,179.88610690123872,158.19151245,0,1,0,0,8,8,0,0,72,0,,7,,0,0,3,4.193332191312648,-0.1354893073774961,,,,,,1.181116850170785,71.93065884704308,,54.269346889315926,3,46.62666971595554,17.190958523132924,29.041966028658116,19.879046033656362,,,,4016501
2024-06-13,179.04339631,181.19430697,172.1126842,175.42867146,171.26008596857008,166.32220992812123,166.96011216385367,155.37880234008443,,,0,0,0,0,,,93.72233875507146,55.57256660895486,0,54,153.54116395,,,148.58113737833472,180.775709651014,182.01085639,182.01085639,183.59806489293288,185.9788776473322,158.19151245,0,0,5.5,0,0.15,0,0,13.460614875046247,50,0,5.490806411520952,180.775709651014,158.19151245,1,1,0,0,8,8,0,0,8,0,,8,,0,0,4,3.882374143339884,-0.1354893073774961,,,,,,1.0049506655455196,66.52041028616758,,42.65907293923396,3,46.628937729394984,17.603393015964937,29.12428387832311,18.245738595279562,,,,3462158
2024-06-14,173.35742416,174.04452062,165.50062551,169.45391964,170.6580305257134,167.58754468019524,167.19761763777237,155.93076772439485,,,0,0,0,0,,,94.13862075248599,64.56783563494152,0,55,153.54116395,,,148.49220865354295,180.94236653056302,182.01085639,181.00106533070857,183.0206474492914,187.05981168645704,158.19151245,0,0,4.5,0,0.15,0,0,13.926332429414028,50,0,5.427103424700743,180.94236653056302,158.19151245,1,1,0,0,8,8,0,0,8,0,,9,,0,0,5,3.80595337414616,1.364510692622504,,,,,,0.8884054689123602,62.785959596679675,,30.147297783545852,3,48.24223066167842,16.934881924636734,26.555584562753367,22.51046295690199,,,,3128342
2024-06-17,169.03568701,171.15672391,165.45083591,168.04985296,169.78863800380893,168.53600635724328,167.27878290655596,156.4060259689284,,,0,0,0,0,,,93.47486182934159,75.02781173063136,0,56,153.54116395,,,148.59812117471844,180.94199202609315,182.01085639,,,186.95389916528154,158.19151245,0,1,4.5,0,0.15,0,0,13.735646372497223,50,0,5.543311948080887,180.94199202609315,158.19151245,1,1,0,0,8,8,0,0,8,0,,10,,0,0,6,3.410704680691365,2.364510692622504,,,,,,0.7864212211376782,58.75070111151346,,23.473377888239614,3,47.58167478392866,16.306622824744586,25.18098897700754,21.390423203236587,,,,2803282
2024-06-18,167.23330354,179.4915027,165.63007847,178.81436416,172.79721338920595,170.2777460933857,168.37740969259826,157.28478432936257,,,0,0,0,0,,,93.82005761839406,70.34620523287394,0,57,178.81436416,,,159.42516372626278,181.19430697,0,,,1.6751442503662184,,1,1.5,0,0,0.15,0,0,14.914916392945477,50,0,0.12274579439897458,181.19430697,,0,0,0,0,8,18,0,0,8,0,,11,,0,0,7,3.7082938904214577,0.8645106926225039,,,,,,0.9228953523105481,53.07987440250794,,2.7350035610471717,2,51.666785966446994,16.699748382354212,29.349274803689866,18.83918770925519,,,,3364919
2024-06-20,177.71899299,184.71941055,174.35819509,176.43442135,174.00961604280397,172.2621771446589,169.14474413616034,158.03575048703462,,,0,0,0,0,,,95.28478784280573,43.56088965888022,0,58,162.94193804776,,,157.6426577611971,181.19430697,0,,,1.7042485401586314,,0,0,4,0,0,0,0,14.96414710697196,50,0,3.4443109130350384,181.19430697,,1,0,0,0,8,18,0,0,8,0,,0,,0,0,8,4.524429437762466,-2.1354893073774965,,,,,,1.0683551781158998,45.99929046938596,,-11.26222381675782,1,51.83732616242052,17.574960456304783,31.198268234519542,17.18887530038113,,,,4005304
2024-06-21,176.35475799,176.43442135,169.68295179,174.99052299,174.33658502520265,174.15389220357014,169.70148497938317,158.7006435263666,,,0,0,0,0,,,94.06445344681734,27.86444142786835,0,59,162.94193804776,162.94193804776,165.03080411062624,158.76420592202757,181.19430697,181.19430697,181.19430697,182.865399820293,185.37203909573245,165.45083591,0,1.5,0,0,0,0,0,15.007720349754392,50,0,4.368965834313763,181.19430697,165.45083591,1,1,0,0,8,10,0,0,8,0,,1,,0,0,9,3.4173165581581815,-2.6354893073774965,,,,,,1.0091130601745266,43.72030335445091,,-15.903520579801345,1,51.98826830311993,17.642863122714832,29.391517289144826,20.203705748161322,,,,3876954
2024-06-24,175.80707241,178.39613153,174.0345627,177.39038164,175.3545172301351,175.92416159444375,170.43376085182285,159.4335744327836,,,0,0,0,0,,,87.58382884849215,33.08478539370881,0,60,162.94193804776,,,158.90684504422273,181.19430697,181.19430697,181.19430697,182.80834417141492,185.22939997353728,165.45083591,0,0,0,0,0,0,0,14.930751129273547,50,0,4.5234072439568305,181.19430697,165.45083591,1,1,0,0,8,10,0,0,8,0,,2,,0,0,10,1.9423067994141348,-0.6354893073774961,,,,,,0.6695870254196269,41.63908580675829,,-19.493878133807247,1,51.72163910213634,17.91105870822088,29.995142621826574,19.42122524002255,,,,2552892
2024-06-25,179.04339631,180.73624266,175.52825066,180.68645306,177.1318291734234,177.61055167690432,171.4102077287921,160.26702065345873,,,0,0,0,0,,,84.55150061632968,35.69495737662905,0,61,162.94193804776,,,158.0258483115114,184.2023667978514,0,,,1.5810144591775555,,0,1.5,0,0,0,0,0,11.845345173098577,50,0,4.324662463609726,184.2023667978514,,1,0,0,0,8,18,0,0,8,0,,3,,0,0,11,1.9788058492553606,-0.6354893073774961,,,,,,0.6855286836299471,26.024631558874724,,-36.57707809899669,0,41.033479345994984,18.403330937177547,30.70380205000422,18.499877434701084,,,,2554030
2024-06-26,180.12880956,180.96029586,176.87256982,179.24255471,177.83540435228227,178.99577719530083,172.1561455365262,161.01115924391132,,,0,0,0,0,,,82.78587391113487,62.623357661440615,0,62,162.94193804776,,,158.19450980874342,184.49732561018533,0,,,1.52677292166773,,0,0,2,0,0,0,0,11.876327020479419,50,0,4.540434626325274,184.49732561018533,,1,0,0,0,8,18,0,0,8,0,,4,,0,0,12,1.9351017605249887,2.8645106926225035,,,,,,0.6159208205780289,23.696738359559863,,-42.400886034814924,0,41.14080361354691,18.88432736232875,29.731369828118567,17.786635384766154,,,,2283955
2024-06-27,177.63932963,178.51851437,172.52095891,175.53820858,177.06967242818817,179.63547438868312,172.4782467787618,161.5808474531697,,,0,0,0,0,,,84.56819435317209,77.59992310529852,0,63,164.08311564538,163.14143615277692,165.02479513798306,159.3747181823646,184.3737049681033,0,,,1.5142206241057496,,0,1,2,0,0,0,0,12.061124473280053,50,0,4.309447000196255,184.3737049681033,,1,0,0,0,8,18,0,0,8,0,,5,,0,0,13,2.459617279090458,3.3645106926225035,,,,,,0.6761603214284094,21.154068722521533,,-49.369118532601405,0,41.78096076826692,18.5702999208778,27.83127004550303,20.78742162101816,,,,2541263
2024-06-28,174.06443646,175.55812442,166.47152268,170.78828088,174.97587524545878,179.21496609682725,172.31729764554638,161.9419232738297,,,0,0,0,0,,,90.22756666347234,86.18828384735615,0,64,162.94193804776,161.98639100337857,163.89748509214144,158.16420282585284,182.01085639,182.01085639,181.05530934561855,182.96640343438142,186.78859161190715,162.94193804776,0,3,3.5,0,0,0,0,12.307335130003274,50,0,3.9912045051814524,182.01085639,162.94193804776,1,1,0,0,8,8,0,0,8,0,,6,,0,0,0,4.198669669133454,3.8645106926225035,,,,,,0.9839182949889796,18.253049774057384,,-57.18649452027692,0,42.633859501885965,17.354564017690755,25.46223345277708,24.684953422095973,,,,3783554
2024-07-01,170.28042697,170.47958537,164.42517019,166.81507091,172.2556071336392,177.68539902337534,171.7932760516848,162.13302710269912,,,0,0,0,0,,,64.70987666327493,87.87002089680416,0,65,158.19151245,157.24740527762796,159.13561962237205,153.4709765881398,180.96029586,182.01085639,,,186.7313922518602,158.22496264204267,0,4,2,0,0,0,0,12.491234939195943,50,0,5.038812212006806,180.96029586,158.22496264204267,1,1,0,0,8,8,0,0,8,0,,7,,0,0,0,-0.5856545099152011,2.8645106926225035,,,,,,0.7407779168783263,14.897654563073992,,-65.5711988680341,0,43.27090712793381,16.291043415495984,23.92631809203966,25.13583538412637,,,,2748335
2024-07-02,164.71394986,171.2563031,164.71394986,169.09543453,171.20221626575946,175.7606430695104,171.53633876390532,162.40606268808347,,,0,0,0,0,,,73.14851450401686,90.22325472298029,0,66,161.26805157688,160.3329667628917,162.2031363908683,156.59262750693838,180.96029586,182.01085639,,,186.6862804599416,161.26805157688,0,0,2,0,0,0,0,12.185975927002604,50,0,4.436561155270569,180.96029586,161.26805157688,1,1,0,0,8,8,0,0,8,0,,8,,0,0,0,1.9848308529714949,3.3645106926225035,,,,,,0.6685716211965811,14.038203802969326,,-66.74472035258339,0,42.21345889075951,15.187079127178396,23.171611925498546,23.562092296913598,,,,2447440
2024-07-03,169.3842142,174.04452062,168.46808559,171.95335748,171.4525966705063,174.02051298172645,171.5760548321048,162.78046640541353,,,0,0,0,0,,,78.20794621745051,68.84250699613476,0,67,164.08311564538,163.16503300533725,165.00119828542273,159.49270244516634,180.96029586,182.01085639,181.09277374995725,182.92893903004273,186.60126959021363,164.08311564538,0,0,2,0,0,0,0,11.376025674158052,50,0,3.676614604941123,180.96029586,164.08311564538,1,1,0,0,8,8,0,0,8,0,,9,,0,0,1,2.139595492926204,-0.1354893073774961,,,,,,0.380397128351147,14.510565477136318,,-63.17835804753322,0,39.407708911699466,14.459819567302173,24.62966729606926,22.281551885571005,,,,1317151
2024-07-05,170.77832296,176.69332726,170.53933288,175.48841898,172.79787077367087,173.03809566132728,171.94866094142816,163.27881748676987,,,0,0,0,0,,,77.34427321227615,53.57381817784202,0,68,166.60131421408,164.78641084007205,166.60131421408,161.1566040920562,180.96029586,178.1770573,178.1770573,179.99196067400794,183.6217674220238,166.60131421408,0,1.5,0,0,0,0,0,11.509070238896754,50,0,2.637235284177589,180.96029586,166.60131421408,1,1,0,0,8,8,0,0,8,0,,10,,0,0,2,1.5722820172175673,-0.6354893073774961,,,,,,0.5183537105112291,11.443447033944317,,-71.29708530591823,0,39.868588803296106,14.164126195488791,25.746769017172518,20.929704503282174,,,,1629585
2024-07-08,176.06597832,177.84844595,173.43708752,173.63624591,173.07732915244725,172.48006073815023,172.10938331938738,163.68499115042596,,,0,0,0,0,,,85.96169961006723,31.13377568930474,0,69,164.08311564538,163.20109480717989,164.9651364835801,159.67301145437943,180.96029586,182.01085639,181.12883555179988,182.8928772282001,186.42096058100054,164.42517019,0,0,2,0,0,0,6,11.350560174196547,50,0,3.826934576525492,180.96029586,164.42517019,1,1,0,0,8,10,0,0,8,0,,11,,0,0,3,3.8122396543833066,-3.1354893073774965,,,,,,0.5597782036287956,11.434913790564668,,-70.91795270972167,0,39.319493832152524,14.053552994745575,25.766380355568046,19.993293507517492,,,,1659343
2024-07-09,173.54662464,174.09431022,171.87369413,172.25209507,172.80225112496484,172.020538522739,172.12297491468382,164.0209560100171,,,0,0,0,0,,,90.82169827915223,21.650884443080614,0,70,164.08311564538,163.24426936624775,164.92196192451223,159.88888424971879,180.96029586,182.01085639,181.17201011086775,182.84970266913223,186.2050877856612,164.65345841707318,0,0,2,0,0,0,6,11.389836129509622,50,0,4.023902980669807,180.96029586,164.65345841707318,1,1,0,0,8,10,0,0,8,0,,12,,0,0,4,4.130886016953169,-2.6354893073774965,,,,,,0.6405324058313089,11.286509858607817,,-71.39436673634066,0,39.455549732388626,13.661502048534427,25.15623285943034,21.187008502822106,,,,1801065
2024-07-10,174.19388942,179.04339631,173.86527807,178.97369088,174.85939770997655,172.34531844508052,172.77542405423773,164.60733776962428,,,0,0,0,0,,,95.02057417480388,15.17230882192404,0,71,178.97369088,177.33749199402007,179.01662260597993,167.14875562216045,180.96029586,180.96029586,,,184.31855708391976,170.9951142405,1,3.5,0,0,0,0,6,11.672749852245966,50,0,0.1680013409530472,180.96029586,170.9951142405,0,1,1,0,5,10,0,0,136,0,,0,,0,0,5,6.4601208455650925,-3.1354893073774965,,,,,,0.6817986191281679,12.066107665346443,,-70.15968560605121,0,40.43559161626423,14.010925217136142,28.608541417051253,19.654157154585256,,,,1835670
2024-07-11,180.23834668,182.38925733,175.80707241,175.9564412,175.2250788733177,172.91734101185025,173.07837806811986,165.05240064924686,,,0,0,0,0,,,94.92445391298781,11.933021011345751,0,72,166.60131421408,164.9245824865458,166.60131421408,161.57111903147745,180.96029586,180.96029586,180.12192999623292,181.79866172376708,185.15212517883543,166.60245164117651,0,0,3.5,0,0,0,6,11.83540932205584,50,0,2.854557551878317,180.96029586,166.60245164117651,1,1,0,0,8,10,0,0,136,0,,1,,0,0,6,3.8784977266774887,-3.1354893073774965,,,,,,0.946800722982256,14.419038445982082,,-64.83080769868434,0,40.999060548350066,14.764003666471732,30.168915891957415,18.274185410281614,,,,2574654
2024-07-12,177.20118117,183.55532973,173.66611967,179.69066109,176.71360627887847,174.13144980992382,173.70811930829893,165.62645007829602,,,0,0,0,0,,,96.33128354718349,12.050507104101117,0,73,179.69066109,177.31027819382342,179.04383640617658,166.73188682058733,182.59724164344533,180.96029586,,,184.42741228470632,170.9951142405,1,3.5,4.5,0,0,0,6,10.746959998128379,50,0,0.22429440416335572,180.96029586,170.9951142405,0,1,0,0,8,10,0,0,136,0,,0,,0,0,7,5.021456328964077,-2.6354893073774965,,,,,,0.6171989909147503,19.666381845123627,,-47.173941029623705,0,37.22856148733735,15.03343018261378,27.091252874149824,18.618503845239143,,,,1603909
2024-07-15,179.48154478,181.0448386,175.75728281,176.69332726,176.70684660591897,175.38466564343938,173.99242482750856,166.06044526189226,,,0,0,0,0,,,95.96167111718137,12.1092501504788,0,74,167.87006272,167.01798608756818,168.7221393524318,163.60967955784088,180.96029586,180.96029586,180.10821922756818,181.81237249243182,185.22067902215912,167.87006272,0,0,3.5,0,0,0,6,10.861393570643276,50,0,3.072548322946151,180.96029586,167.87006272,1,1,0,0,8,10,0,0,136,0,,1,,0,0,8,4.102242654010238,-2.6354893073774965,,,,,,1.1745114954499534,25.746689347257433,,-31.570208147330924,0,37.624971010712194,15.283611947602823,25.588184034779538,17.585517549054305,,,,3026614
2024-07-16,178.0276885,183.11618547,177.43021332,181.97102471,178.46157264061264,177.00236979008005,174.75229148298394,166.6843895539749,,,0,0,0,0,,,95.8994341550715,10.401491675623133,0,75,181.97102471,177.32849633586687,179.02561826413313,170.641725606935,183.57710544702275,0,,,1.3644860303260642,,1,3,0,0,0,0,6,10.574420190494981,50,0,0.14176346854398506,,,0,0,0,0,8,18,0,0,136,0,,2,,0,0,9,4.18194972026063,-3.1354893073774965,,,,,,0.713049436728268,29.044541799209057,,-20.710196284162656,0,36.630866061038944,15.815165219754684,26.038944806613017,16.39555329933879,,,,1789742
2024-07-17,179.4417131,179.4417131,162.21451201,165.13218248,174.0184425870751,176.90587970340954,173.8360906255569,166.62351868832883,,,0,0,0,1,,,99.84198813648607,97.46273413174939,0,76,156.21486539,155.25051848848352,157.17921229151648,151.39313088241764,182.01085639,165.13218248,,,180.56173290426358,,2,0,10,0,0,0,6,14.580727627936673,50,0,5.349940142791935,182.01085639,,1,0,0,0,8,8,0,0,652,0,,0,,0,0,0,8.598231974522218,4.8645106926225035,,,,,,2.2585591445726276,30.23110299027239,,-40.14724129442166,0,50.509122125819104,15.59724814995528,21.27098130505778,27.49572247303825,,,,6033756
2024-07-18,167.29305106,170.72853336,158.75911387,160.81044533,169.61577683471674,175.0415950488203,172.59555297836098,166.39555502721788,,,0,0,0,0,,,35.232905782433654,98.78521761373226,0,77,151.86323456442,150.86089976756543,152.86556936127457,146.8515605801471,169.78253099,160.81044533,168.78019619314543,170.78486578685457,176.8478020796733,,2,0,6,0,0,0,6,13.181611925914144,50,0,0,169.78253099,,1,0,0,0,10,8,0,0,668,0,,0,,0,0,0,-0.8117562664047817,5.8645106926225035,,,,,,1.728612843293669,30.176458334541916,,-33.914052239748884,0,45.662443162678265,15.806470381804113,19.00094769721189,27.642230529051034,,,,4736552
2024-07-19,161.31829924,163.00118767,158.44046044,162.65266048,167.29473804981117,172.3125327475844,171.64861083565995,166.2487748488956,,,0,0,0,0,,,44.10726996103914,84.46757690393284,0,78,154.48716632,153.5157060869386,155.4586265530614,149.629865154693,172.7699069,171.34563469618183,170.15874119300003,172.7699069,176.6557478322456,161.73645613043993,0,1.5,0,0,0,0,0,13.25412381090269,50,0,1.809599592234849,172.7699069,161.73645613043993,1,1,0,0,10,8,0,0,668,0,,1,,0,0,0,-1.713906828274581,3.3645106926225035,,,,,,0.9552263696394979,30.108015342751276,,-34.4246703482433,0,45.91363170058378,16.038674108142576,18.203775882513252,26.775650190660915,,,,2547792
2024-07-22,165.67986807,167.54199905,162.99511334,166.05826902,166.88258170654078,169.6466704748394,171.11619732940662,166.24130403207616,,,0,0,0,0,,,64.63564380797091,82.33014709129151,0,79,158.19151245,157.24578742492514,159.13723747507487,153.46288732462565,182.01085639,170.2137089098,169.26798388472514,171.15943393487487,174.94233403517435,160.88041500843698,0,2,2,0,0,0,0,13.472307437752894,50,0,1.9737859639749162,182.01085639,160.88041500843698,1,1,0,0,8,8,0,0,668,0,,0,,0,0,0,2.3300313960175654,1.864510692622504,,,,,,0.6790653656970456,30.0450413022049,,-35.62159725129192,0,46.66944195475218,15.48111660110289,21.653378316971814,25.53863495242845,,,,1738608
2024-07-23,166.29725909,170.29038489,165.52054135,169.77257307,167.84591216102717,167.92715069555365,170.98823311422504,166.37978517081828,,,0,0,0,0,,,73.16835902153016,87.45331782022396,0,80,161.26805157688,160.34729045056048,162.18881270319952,156.6642459452824,182.01085639,170.295164693,169.37440356668048,171.21592581931952,174.8989703245976,161.26805157688,0,0,0,0,0,0,0,13.60598041112473,50,0,1.9607937081799545,182.01085639,161.26805157688,1,1,0,1,8,19,0,0,668,0,,1,,0,0,0,1.9949663914112623,3.3645106926225035,,,,,,1.242131099461777,29.989165974798475,,-36.37263715973925,0,47.13249871770982,14.530864429530594,23.31828571538429,24.356444051236018,,,,3221764
2024-07-24,166.63582836,171.57495653,162.04522738,162.21451201,165.96877877735145,166.13116918030778,170.15264062810837,166.216441125296,,,0,0,0,0,,,27.526118472312177,98.24221759415545,0,81,154.48716632,153.54708697814974,155.42724566185026,149.78676961074865,169.78253099,162.21451201,169.0745979125861,170.95475659628664,177.2557814796043,159.4409523854935,2,0,7.5,0,0,0,0,14.079963991218133,50,0,0.18439664485177704,169.78253099,159.4409523854935,1,0,0,0,10,8,0,0,668,0,,0,,0,0,0,-1.2907879007998169,5.3645106926225035,,,,,,2.0170800496637504,29.45530057851713,,-39.60912922548985,0,48.77442600306015,14.143138776222006,21.206189593095292,25.45348198275921,,,,5532133
2024-07-25,165.30146712,165.59024679,155.75182212,159.3267153,163.7547576182343,164.01884352369044,169.12160012066948,165.9462557988138,,,0,0,0,0,,,84.80385833192321,89.55175794625218,0,82,158.44046044,157.4796865451569,159.4012343348431,153.63659096578448,169.78253099,159.3267153,169.03728268639324,170.95883047607944,174.6990976174897,158.44046044,2,2.5,3.5,0,0,0,0,14.134356031874217,50,0,0.05765240817564465,169.78253099,158.44046044,1,0,1,0,19,8,0,0,668,0,,1,,0,0,0,2.292399310608702,2.8645106926225035,,,,,,1.7886649158555623,29.64784327790277,,-39.44828381714656,0,48.962845558947535,14.57073970461831,19.266023801558827,28.977160578698097,,,,5163169
2024-07-26,167.75111537,173.24340598,163.00118767,172.38154803,166.6303544221562,163.1640005184974,169.43207135012955,166.1986202000368,,,0,0,0,0,,,98.2785599100204,2.998492141412281,0,83,170.32663171939998,169.31022836454568,171.3430350742543,165.24461494512843,182.01085639,178.1770573,177.1606539451457,179.1934606548543,183.25907407427155,164.08311564538,0,3.5,0,0,0,0,0,16.353388031638843,50,0,2.2991314648454306,182.01085639,164.08311564538,1,1,0,0,8,10,0,0,668,0,,0,,0,0,1,5.392859589976016,-4.6354893073774965,,,,,,1.3111206662960326,29.860508999883866,,-47.289292971376696,0,56.64979789337453,13.791472379825143,23.63619519115493,25.43260247908883,,,,3871920
2024-07-29,173.58645631,174.0345627,169.13526621,171.32600854,168.19557246143745,163.25207810274244,169.6124463205934,166.39969425258437,,,0,0,0,0,,,90.56747722799403,27.89643034241704,0,84,170.40987992819998,169.4223330943174,171.39742676208257,165.4721457587871,182.01085639,178.1770573,177.1895104661174,179.1646041338826,183.1147914694129,162.94193804776,0,1.5,2,0,0,0,0,16.12748167860534,50,0,2.3494534261611304,182.01085639,162.94193804776,1,1,1,0,19,10,0,0,668,0,,1,,0,0,2,5.338264900033869,-3.1354893073774965,,,,,,0.616428560821453,30.07787107850288,,-46.161876634274925,0,55.867235330961286,12.956560310917094,23.304333897383785,24.305425943484575,,,,1757967
2024-07-30,172.20230548,173.33750832,161.76640562,162.01535362,166.13549951429164,163.18729256705845,168.88891368244165,166.22775932581635,,,0,0,0,0,,,52.01436271034846,37.67909480585314,0,85,153.670616905,153.670616905,155.71125928756766,149.58933213986472,172.7699069,171.44242567585454,170.3361913224,172.7699069,176.85119166513527,157.16575510238167,0,0,7,0,0,0,0,16.9298324331519,50,0,4.679724913624575,172.7699069,157.16575510238167,1,1,0,0,8,10,0,0,668,0,,0,,0,0,0,-2.481036343983071,-0.1354893073774961,,,,,,0.9272496311799265,30.309547575976637,,-48.31837373139323,0,58.64665987569303,13.097516151598853,20.943447851472634,28.29467038580787,,,,2639331
2024-07-31,170.52937496,179.49648166,170.52937496,177.48996084,169.92031995619442,164.76947108068921,169.70806103078056,166.66941428715688,,,0,0,0,0,,,96.32413806430581,8.693733200767465,0,86,177.48996084,167.87006272,170.647276734,161.70119410760591,183.55532973,183.55532973,183.55532973,185.32096590047883,187.96942015619706,167.87006272,1,3,0,0,0,0,0,19.268515854562125,50,0,0.38415722980792266,183.55532973,167.87006272,0,1,0,0,8,10,0,0,668,0,,1,,0,0,1,4.354575062372401,-3.1354893073774965,,,,,,1.3859556888800246,30.50265866018811,,-54.30183019443798,0,66.74809689309608,12.362354784647298,22.965302352243473,24.29096202332442,,,,4056500
2024-08-01,181.13455945,183.08631171,171.08701847,173.29767664,171.04610551746293,166.7311571218463,170.04992918403954,166.92934614413113,,,0,0,0,0,,,84.25381639378162,15.940073602038884,0,87,170.65683633604002,169.52500022603,171.78867244605004,164.99765578598988,183.55532973,183.55532973,182.42349361998998,184.68716584001004,189.21451028005015,164.08311564538,0,0,4.5,0,0,0,0,19.378498515193257,50,0,2.279215741552144,183.55532973,164.08311564538,1,1,0,0,8,10,0,0,668,0,,2,,0,0,2,3.750904646433914,-3.1354893073774965,,,,,,1.2167921595275932,30.6649084702854,,-54.31949192009433,0,67.12908800542553,11.735020357208512,23.62358982167929,21.990745854353612,,,,3706765
2024-08-02,168.0697688,169.27467708,160.82040325,164.03681132,168.7096741183086,167.800260504158,169.47725129222624,166.8159134059299,,,0,0,0,0,,,77.83580173664024,40.8023361685777,0,88,154.48716632,153.32477141972282,155.64956122027718,148.67519181861414,182.01085639,170.66639593899998,169.5040010387228,171.82879083927716,176.47837044038585,156.5682522525643,0,0,3.5,0,0,0,0,20.012225327782954,50,0,4.735686652348006,182.01085639,156.5682522525643,1,1,0,0,8,10,0,0,668,0,,3,,0,0,0,1.22101647811734,0.8645106926225039,,,,,,1.0587429600464233,30.855328313288567,,-55.49137635663182,0,69.3243820804736,11.829096184855528,21.358698207300655,27.771168694422776,,,,3314487
2024-08-05,151.76367528,164.69403402,149.37875351,161.55728931,166.3255458488724,167.85993042789778,168.7229691986809,166.60969285314835,,,0,0,0,0,,,48.526592711334814,67.78949037899574,0,89,150.255050445,149.03894017590335,151.47116071409664,144.1744990995167,172.7699069,172.7699069,170.33768636180667,172.7699069,177.63434797638664,155.75182212,0,3.5,0,0,0,0,0,20.03507635173198,50,0,3.4984666301356864,172.7699069,155.75182212,1,1,0,0,10,8,0,0,660,0,,0,,0,0,0,-1.9145953707078824,3.8645106926225035,,,,,,1.1447139784976839,36.18054831933875,,-47.869304451658095,0,69.40354034944298,12.919923743839897,18.95629972253607,33.05049607575102,,,,3700451
2024-08-06,162.39375456,165.76451039,159.3267153,163.65841037,165.43650068924828,167.216411290413,168.24063026261604,166.49395628518175,,,0,0,0,0,,,49.859760155728,73.99110382882296,0,90,153.670616905,152.48389134182096,154.85734246817904,147.7369890891048,182.01085639,170.28042697,169.09370140682097,171.46715253317905,176.2140547858952,154.9381476041862,0,0,2,0,0,0,0,20.09575005363478,50,0,2.585649090547001,182.01085639,154.9381476041862,1,1,0,0,10,8,0,0,660,0,,1,,0,0,0,0.06363488147837071,1.864510692622504,,,,,,0.8529942393824146,40.666063451472915,,-41.58326358078968,0,69.61372021820085,13.787405195084359,18.843492222604326,31.449182085307147,,,,2800031
2024-08-07,167.95027376,172.02306292,163.99697964,165.37117256,165.41472464616552,166.58296387771605,167.9673485766526,166.4499255508609,,,0,0,0,0,,,72.35478714040909,79.73944582757207,0,91,155.40793532592,154.23129147662874,156.58457917521125,149.52471607946373,182.01085639,170.28042697,169.10378312070875,171.45707081929126,176.16364621645627,155.40793532592,0,0,3.5,0,0,0,0,19.689741030004136,50,0,2.527951283311158,182.01085639,155.40793532592,1,1,0,0,8,8,0,0,660,0,,0,,0,0,0,3.884349240622737,2.364510692622504,,,,,,0.9870078927304533,44.346246339344034,,-34.98310307242177,0,68.20726370368143,13.77447763407639,22.397539428251225,29.452469003853093,,,,3312842
2024-08-08,168.48800143,176.7132431,164.35546475,176.46429511,169.097914800777,167.31795750013944,168.77658157982853,166.8426459257291,,,0,0,0,0,,,85.04771992781266,59.02228759356068,0,92,170.5329199834,169.32998481664742,171.7358551501526,164.51824414963707,182.33117251154212,183.08631171,183.08631171,185.01100797680414,187.89805237701034,166.60131421408,0,5,0,0,0.15,0,0,20.789137431563073,50,0,1.961577457244412,182.33117251154212,166.60131421408,1,1,0,0,8,8,0,0,660,0,,0,,0,0,1,5.022988813825376,-0.6354893073774961,,,,,,0.8188462821671502,46.62133849776765,,-35.26224351473003,0,72.01568455399838,13.203773947174916,23.824725835404358,26.750302057216384,,,,2755834
2024-08-09,175.77719865,178.79444832,171.87369413,178.35629985,172.184043150518,169.04234459039657,169.68893570079723,167.29416176589658,,,0,0,0,0,,,89.64468201559389,62.3434431643386,0,93,169.43379106076364,167.87006272,170.7368980114,163.15484802241895,182.05967564938217,183.08631171,183.08631171,184.9723975890324,187.80152640758104,167.87006272,0,1.5,0,0,0.15,0,6,20.705723700563784,50,0,2.0108296112122517,182.05967564938217,167.87006272,1,1,0,0,8,8,0,0,660,0,,1,,0,0,2,3.7269468884265513,0.8645106926225039,,,,,,0.8080944623832564,46.4575683976813,,-35.229770260175876,0,71.72673091371908,12.43314970812281,24.15228142698979,25.34772367748511,,,,2766628
2024-08-12,177.73890883,179.74045069,173.65616175,175.69753529,173.355207197012,170.981628760649,170.2611832807213,167.62370582566533,,,0,0,0,0,,,90.81681783940289,54.90260121681392,0,94,170.57056091980002,169.4216334994687,171.71948834013133,164.82592381814345,181.89620168479337,183.08631171,183.08631171,184.9245955825301,187.68202139132524,164.08311564538,0,0,4.5,0,0.15,0,0,20.691470659276284,50,0,1.9715154438088716,181.89620168479337,164.08311564538,1,1,0,0,8,8,0,0,660,0,,2,,0,0,3,3.254462826134001,-0.1354893073774961,,,,,,0.5347045018417018,43.48162539157545,,-39.33701345347821,0,71.67735693037443,11.605256322429476,23.74537064396432,24.14894843989271,,,,1797785
2024-08-13,177.30076036,179.50146062,174.57726933,178.89402752,175.201480638008,173.17462606871004,171.08335892255735,168.06567922544315,,,0,0,0,0,,,92.53196733782727,51.182180243051576,0,95,178.89402752,169.16630463757193,171.3879589769372,164.72299595884132,181.17872128032937,183.08631171,183.08631171,184.86363518149224,187.5296203887306,169.603288435,1,0,0,0,0.15,0,6,20.55039645226464,50,0,0.1612228263319565,181.17872128032937,169.603288435,0,1,0,0,8,8,0,0,660,0,,3,,0,0,4,3.728292115120973,-0.1354893073774961,,,,,,0.46325041636724856,40.191380785697824,,-43.54244072705401,0,71.1886615420111,10.836498178571379,22.805333538948435,23.192934405789398,,,,1552036
2024-08-14,179.24255471,184.41071503,177.49991876,183.38504931,177.92933686200533,175.60793470683856,172.25494848326616,168.66643883660225,,,0,0,0,0,,,95.25124768916186,58.42338948908405,0,96,183.38504931,181.9931258000268,184.17949761997318,168.75443148021463,183.56264539287935,0,,,1.757842943236864,,1,1.5,0,0,0.15,0,0,18.004306020918424,50,0,0.012138659142458964,183.56264539287935,,0,0,1,0,5,18,0,0,668,0,,0,,0,0,5,5.169188077885928,0.8645106926225039,,,,,,0.709534318965522,38.55191892454399,,-38.187118284366136,0,62.36874556649791,10.611562169628927,25.52830275979545,21.883565610130784,,,,2242670
2024-08-15,184.71941055,189.99700841,180.84577978,188.02543989,181.29470453800354,178.7066638707883,173.75690004581224,169.4256153485002,,,0,0,0,0,188.02543989,,96.21540195396094,52.94257437918664,0,97,188.02543989,181.9895031093999,184.1831203106001,172.07131097519925,,0,,,1.7636682297649455,,1,3.5,0,0,0.15,0,0,17.783810005828556,50,0,0,,,0,0,0,0,8,18,0,0,700,0,,0,,0,0,6,4.7195548274323444,-0.1354893073774961,,,,,,1.122704106901303,42.40209426219979,,-31.170934326048645,0,61.60492496449365,11.021989079518626,28.174588423865586,20.25302303691268,,,,3477950
2024-08-16,187.92586069,188.02543989,179.63161063,183.28547011,181.95829306200235,181.6543512223632,174.66438290906822,169.96913906463746,,,0,0,0,0,185.94592234848903,,97.27172913268191,69.21518110275392,0,98,183.08631171,181.9929016767642,184.17972174323577,177.619261543821,188.0461809022762,185.94592234848903,,,190.31956248143223,174.4808350382,0,1.5,8,0,0.15,0,0,18.085695804861192,50,0,0.9072295006472858,188.0461809022762,174.4808350382,0,1,1,0,5,8,0,0,700,0,,0,,0,0,7,5.432430088767019,2.364510692622504,,,,,,0.8751397813698174,44.762534606000614,,-28.552205889037552,0,62.650688048509764,11.224316089900528,26.243089678627815,19.85622863294618,,,,2718507
2024-08-19,183.32530179,184.72936847,180.45244195,184.61983135,182.8454724913349,184.2824678075212,175.61252085582362,170.54367601700463,,,0,0,0,0,185.67016245668304,,90.10081767112982,83.33895761725165,0,99,184.61983135,182.03281554949533,184.13980787050465,172.02447266596266,189.69224482513266,185.67016245668304,,,189.88414709870173,174.4808350382,1,3,0,0,0.15,0,0,18.020264258622433,50,0,0.4027208436359308,189.69224482513266,174.4808350382,0,1,0,0,8,8,0,0,700,0,,1,,0,0,8,2.107556955003854,4.8645106926225035,,,,,,0.5246590846954807,45.75015049484928,,-26.71067048578803,0,62.424026523503116,11.412191170969436,25.29167302368678,19.136361160897447,,,,1626853
2024-08-20,184.18168288,185.21730653,180.91548522,183.22572259,182.97222252422327,186.16391672565584,176.33758768764994,171.04101117672994,,,0,0,0,0,185.35966309481154,,84.03188505674386,91.25043350320372,0,100,172.34480647303613,170.31149536584888,174.37811758022337,166.2448731514744,189.99700841,185.261108549942,184.2444529963484,186.27776410353562,190.3443863179101,174.4808350382,0,0,8,0,0.15,0,0,17.973215748047984,50,0,2.1207327247928682,189.99700841,174.4808350382,1,1,0,0,8,8,0,0,700,0,,0,,0,0,9,1.6846783042956281,6.3645106926225035,,,,,,0.37987331382562006,45.52466869396737,,-26.880976410453467,0,62.261045702032334,11.647725060618932,24.764590966824453,18.413271738404923,,,,1138332
2024-08-21,182.69795285,184.46050463,181.04493817,183.4846285,183.14302451614884,187.26031558471124,177.0182582412071,171.52899616979934,,,0,0,0,0,185.0753790130145,,83.54057660884058,95.01782555846799,0,101,172.70940189420793,170.76033503646264,174.4808350382,166.86220132097205,189.99700841,184.6496967478506,183.67516331897795,185.62423017672327,189.52236389221386,174.4808350382,0,0,8,0,0.15,0,0,17.215240679273624,50,0,2.0869190134224627,189.99700841,174.4808350382,1,1,0,0,8,8,0,0,700,0,,0,,0,0,10,2.1188306863340722,5.8645106926225035,,,,,,0.5719625969965607,44.178081725881576,,-25.91963176144447,0,59.63534304205693,11.866435101007749,23.989506521902197,17.836971466630462,,,,1601541
2024-08-22,184.22151456,185.95917155,181.54283416,185.21730653,183.83445185409923,187.8971426547602,177.7991199829969,172.0657926545131,,,0,0,0,0,185.09861484265394,,86.16304067370348,94.89723507394089,0,102,173.09602975758273,171.20731879342637,174.4808350382,167.42989686511368,189.99700841,192.24849722968693,192.24849722968693,193.75946600101202,196.02591915799962,174.4808350382,0,2,0,0,0.15,0,0,17.028543451034402,50,0,4.703647759948126,189.99700841,174.4808350382,1,1,0,0,8,8,0,0,700,0,,0,,0,0,11,2.758688320608523,3.8645106926225035,,,,,,0.7817266530129798,43.83692146841374,,-25.68578022245424,0,58.9886048721717,12.277576322701545,24.404828619878145,17.092073479700854,,,,2067915
2024-08-23,180.03918828,182.78757412,172.34171635,182.51871029,183.3958713327328,187.9105082517719,178.24860477414006,172.47571099315965,,,0,0,0,0,184.38042389549003,,99.1389366272418,80.19271727865019,0,103,182.51871029,172.43647139280537,174.42019568416484,166.64891595912428,189.99700841,183.5774577861307,182.58559564045098,184.56931993181044,188.53676851452937,174.4808350382,1,4,0,0,0.15,0,0,15.404536752327246,50,0,0.47122842073954846,189.99700841,174.4808350382,0,1,0,0,15,8,0,1,1724,0,0,0,,0,0,12,6.328145920211909,1.864510692622504,,,,,,1.8078072375910057,42.745921686747465,,-19.895775545233878,1,53.36288064418571,11.689487484102266,21.575829752062216,23.39458279927595,,,,4872683
2024-08-26,180.71632682,182.49879445,178.43596321,181.3635916,182.71844475515522,187.4065694033831,178.54527018612671,172.8242553306828,,,0,0,0,0,184.0467148501135,,93.31327810241831,91.16081038285466,0,104,181.3635916,172.4949129955597,174.40984889253636,168.6650412016064,189.99700841,183.48846870736364,182.5310007588753,184.44593665585197,188.27580844980525,173.17069325414,1,2.5,5.5,0,0.15,0,0,15.405818947376291,50,0,0.6798742013176681,189.99700841,173.17069325414,0,1,0,0,15,8,0,1,1596,0,1,1,,0,0,13,3.6629487384072332,3.8645106926225035,,,,,,0.8014571989232808,40.888119030769545,,-23.38360391710094,0,53.36732229812603,11.14340499111722,20.75427849084043,22.50377817088544,,,,2177004
2024-08-27,180.23834668,186.3126777,179.73049277,184.76920014,183.40202988343682,186.88792818209004,179.13802541982892,173.2926845388913,,,0,0,0,0,184.1014513720262,,89.09206814170776,92.96872748613421,0,105,183.28547011,182.33762322095728,184.23331699904273,178.54623566478637,189.99700841,189.99700841,189.99700841,191.51356343246837,193.78839596617092,174.4808350382,0,5,0,0,0.15,0,0,14.17125984094679,50,0,4.09247884631199,189.99700841,174.4808350382,1,1,0,0,8,8,0,1,1596,0,2,0,,0,0,14,2.2993439732530288,3.8645106926225035,,,,,,0.6053529148416694,38.276113131036794,,-22.029782574855968,0,49.09068410356057,10.663128607520592,23.060350312975288,21.108301033506297,,,,1613268
2024-08-28,183.07635379,184.58995759,180.00931452,183.22572259,183.34326078562455,186.21365545315496,179.52732991222618,173.68221544285635,,,0,0,0,1,184.02394302610506,,90.47810844896887,96.065318437645,0,106,183.22572259,172.34171635,174.4808350382,168.65114627569844,189.99700841,183.89738594998988,182.97474343141448,184.82002846856528,188.51059854286686,174.4808350382,1,1.5,10,0,0.15,0,0,11.07800717626754,50,0,2.041213302488916,189.99700841,174.4808350382,0,1,0,1,8,19,0,1,1596,0,3,0,,0,0,15,3.232040622544697,6.3645106926225035,,,,,,0.8059372537395053,34.63696134042882,,-9.741623039167607,1,38.37534255181602,10.21715767989515,21.998014338304316,20.13589136722899,,,,2067683
2024-08-29,185.21730653,194.85657281,184.57502071,190.55475149,185.74709102041638,186.29344942706751,180.57756053868084,174.3438835231365,,,0,0,0,1,184.80109057667613,,94.59412662734218,97.42526802568864,0,107,190.55475149,,,176.89032984201137,195.5986317986437,0,189.07436589142463,190.91965092857544,191.8742491832183,,1,3.5,10,0,0.15444444444444444,0,0,11.34348784658001,50,0,0,195.5986317986437,,0,0,0,1,8,5,0,1,1084,0,4,0,,0,0,16,5.783543687772997,5.8645106926225035,,,,,,1.2432914659606196,30.533784935073466,,-22.295994009647796,0,39.29499457063329,11.185761745291632,29.163341898720827,17.958816649960433,,,,3155472
2024-08-30,195.03581536,200.5222308,193.38280069,200.15418609,190.54945604361092,187.97164470265497,182.4420010673779,175.3560522512488,,,0,0,0,0,186.52209548566793,,96.91797100367151,52.961295806110584,0,108,200.15418609,,,180.60888927020747,,0,,,1.5773971842403038,,1,0,0,0,0.008888888888888889,0,0,10.310635347534516,50,0,0,,,0,0,0,0,8,18,1,1,1084,0,5,1,,0,0,17,6.499183749965094,-3.1688226407108298,,,,,,1.3181715376344136,34.17729445285983,,-4.3110851687228,1,35.71708856049074,12.670098862302623,31.674590746191008,16.32940301667433,,,,3347707
2024-09-03,199.15839412,201.74745324,186.75869292,191.73974394,190.94621867574062,189.68799045034416,183.32750038858,175.99854996453317,,,0,0,0,0,191.73974394,,97.28353278914328,37.42289061969112,0,109,189.99700841,188.95228096599485,191.04173585400517,184.77337118997426,198.16100392854804,198.16100392854804,197.11627648454288,199.2057313725532,203.3846411485738,180.98542247522,0,1.5,3.5,0,0.013333333333333334,0,0,11.341521902813477,50,0,1.5628948134548648,198.16100392854804,180.98542247522,1,1,0,0,8,10,0,1,1084,0,6,2,,0,0,18,4.771063355551394,-0.6854893073774961,,,,,,1.66457726783256,40.27814119161026,,2.5197317375245776,2,39.28818434165638,12.925258049819297,27.61678051281764,19.899096207353537,,,,4275304
2024-09-04,192.21772408,203.33076248,191.31384371,198.78995109,193.5607961471604,192.01857215433458,184.8001147410962,176.89233040082598,,,0,0,0,0,195.04115173827472,,98.21599759790698,26.748520442554316,0,110,198.78995109,,,180.73108392045594,,0,,,1.7324559401609763,,1,0,2,0,0.017777777777777778,0,0,11.666857513212165,50,0,0,,,0,0,0,0,8,18,0,1,1084,0,7,3,,0,0,19,6.667726824332091,-3.2021559740441634,,,,,,1.4388899474924968,44.09698753468451,,9.109962107491677,2,40.4151799551003,13.340225697717514,26.178538191140728,17.917273756495508,,,,3765078
2024-09-05,196.26063949,199.88532226,193.45250613,197.60495865,194.9088503147736,194.31228627775536,186.01962368480133,177.70459033216613,,,0,0,0,0,195.7486298927882,,98.45770061463267,19.132094085652597,0,111,197.60495865,,,180.67892932219422,,199.22341616674873,199.22341616674873,200.9160190995293,203.45492349870017,182.72109505346,1,1.5,3.5,0,0.022222222222222223,0,0,11.771085275467787,50,0,0,,182.72109505346,0,1,0,0,8,10,0,1,1084,0,8,4,,0,0,20,5.772341333067491,-2.71882264071083,,,,,,1.1766727481216848,42.69249702829806,,4.699456655179335,2,40.776235514672194,13.72555279933729,24.757112754935655,16.9444131452964,,,,3064325
2024-09-06,198.15264423,200.33342864,192.56625127,197.49542153,195.77104071984905,196.32066548010297,187.1125568129155,178.48070135953216,,,0,0,0,0,196.20133248174517,,98.43046407431875,52.309940955986896,0,112,189.99700841,188.94534440999342,191.0486724100066,184.7386884099671,200.5450018160181,200.39973069289672,199.34806669289014,201.4513946929033,205.65805069292963,182.72109505346,0,0,3.5,0,0.02666666666666667,0,0,10.212375290639027,50,0,2.0059626279785325,200.5450018160181,182.72109505346,1,1,0,0,8,8,1,1,1084,0,9,5,,0,0,21,5.4947856273009545,2.364510692622504,,,,,,1.4600397752995686,42.43354118238413,,19.947689578031333,2,35.37670573869555,13.922622035654866,23.124448646221772,16.57945059770468,,,,3884686
2024-09-09,199.16835204,202.07606459,196.54941916,200.96077759,197.50095300989938,198.48010244478223,188.43143498216165,179.36227297641327,,,0,0,0,0,196.67455079618583,,98.11643832752125,45.307535157768086,0,113,200.96077759,199.12829589865459,201.1800762813454,188.3422976292368,202.4562451297125,202.4562451297125,,,206.5598058950941,182.72109505346,1,1.5,0,0,0.031111111111111114,0,0,10.269172369142263,50,0,0.11851407969601907,202.4562451297125,182.72109505346,0,1,1,0,5,10,0,1,1084,0,10,6,,0,0,22,5.060785485632677,-0.6354893073774961,,,,,,0.6352557365985068,42.11306215226312,,18.38338522327964,2,35.57345659007371,14.335781474705783,23.52885252748601,15.781933288739555,,,,1654895
2024-09-10,201.88686412,202.14577003,198.30201302,201.15993598,198.7206139999329,200.46131161376965,189.64367317243196,180.21708329027942,,,0,0,0,0,197.1329580704696,,96.04802745436281,67.42964655201013,0,114,200.15418609,199.16725451044712,201.14111766955287,195.21952819223563,203.33076248,203.743755070041,,,207.6914813882525,182.72109505346,0,3,4,0,0.035555555555555556,0,0,10.047743593120208,50,0,0.6437277833260026,203.33076248,182.72109505346,0,1,0,0,8,8,0,1,1084,0,11,7,,0,0,23,3.663902621003408,2.8645106926225035,,,,,,0.7259532421140217,47.24974616340651,,35.750148348047496,3,34.806404809417735,14.728946024601356,22.773682679681865,15.233103858828454,,,,1894687
2024-09-11,203.2411412,209.23580886,200.65208208,208.26989065,201.90370621662194,202.891351812503,191.41759864648606,181.3171933828175,,,0,0,0,0,208.26989064999998,,97.50731776288471,76.45871718916567,0,115,208.26989065,199.16110920559376,201.14726297440623,192.70746700475013,,0,,,1.5968676301252285,,1,1.5,0,0,0.04000000000000001,0,0,10.377462057477919,50,0,0,,,0,0,0,0,8,18,0,1,1084,0,12,8,,0,0,24,6.082581299633424,2.364510692622504,,,,,,1.3915946902957905,47.47626073741611,,32.06712664929625,3,35.94858307434002,15.97465863353498,27.39091209555394,14.05742775190121,,,,3787508
2024-09-12,199.15839412,216.1764789,198.80986693,214.36413751,206.05718331441463,206.03916791598394,193.60298330015405,182.61315197604034,,,0,0,0,0,211.41613938334532,,98.5578082554648,42.105046631388824,0,116,214.36413751,199.0769842333192,201.2313879466808,197.12890780310735,,0,,,1.7321405855427123,,1,3,0,0,0.044444444444444446,0,0,10.45543812303039,50,0,0,,,0,0,0,0,8,18,0,1,1085,0,13,0,,0,0,25,7.384668431985912,-3.302155974044163,,,,,,1.4376508228272653,46.79299686347854,,29.195682751017937,3,36.21870008896242,17.807385825563806,29.2010758938243,12.033818546791673,,,,4042215
2024-09-13,219.72149831,227.71422256,218.08839948,224.64071065,212.2516924262764,210.38363886981682,196.5589573334727,184.2612915318819,,,0,0,0,0,224.64071065,,99.11160217707032,22.9385197409833,0,117,224.64071065,,,195.45923644634567,,0,,,1.8000853362218039,,1,0,0,0,0.04888888888888889,0,0,11.043246852418061,50,0,0,,,0,0,0,0,8,18,1,1,1085,0,14,1,,0,0,26,7.595501823065521,-4.31882264071083,,,,,,1.3099513506857918,49.539275152291246,,29.497756533313492,3,38.254929257826326,20.342416065906548,35.29435896289758,10.752429506296716,,,,3697548
2024-09-16,226.92107426,230.53579911,224.29218346,228.9624478,217.8219442175176,215.61323266449344,199.64500404457056,186.01427805220027,,,0,0,0,0,226.31344818831826,,99.23360262000168,13.332701214336947,0,118,228.9624478,,,195.8688889822281,,0,,,1.7611482940381038,,1,0,0,0,0.05333333333333334,0,0,10.466485896925139,50,0,0,,,0,0,0,0,8,18,0,1,1085,0,15,2,,0,0,27,6.717527660619059,-4.335489307377497,,,,,,0.8328419496369135,54.27588338840873,,49.69778870102199,3,36.2569707003549,22.863175118751048,35.79812713341135,10.205120619184097,,,,2334854
2024-09-17,236.66987765,238.99007294,232.52738305,236.15206583,223.93198475501174,221.75790367112637,203.1218670717543,187.9804658081924,,,0,0,0,0,236.15206583,,99.85283287609313,14.627546650619289,0,119,204.75854891774,,,199.22583736931352,230.69421695122298,0,,,1.7793200339739537,,0,0,0,0,0.057777777777777775,0,0,10.639978429727336,50,0,4.6876956816697195,230.69421695122298,,1,0,0,0,8,18,0,1,1085,0,16,3,,0,0,28,8.693178495244497,-2.3521559740441633,,,,,,1.726544307613844,63.232716020540366,,71.55779899915503,3,36.85796646344933,25.644162689305418,39.72344460212279,9.379374770867368,,,,5143950
2024-09-18,237.61588002,240.50218305,233.01532112,234.67829371,227.51408774000782,227.72270188558136,206.12724103730153,189.81175317689073,,,0,0,0,0,235.58081242514578,,99.24570741898617,51.76594093936515,0,120,204.75854891774,,,199.2867961437547,236.02403923931516,235.58081242514578,235.58081242514578,237.33177331282107,239.95821464433402,204.75854891774,0,0,0,0,0.06222222222222223,0,0,10.614865779345143,50,0,5.713980805240823,236.02403923931516,204.75854891774,1,1,0,0,8,8,0,1,1069,0,17,4,,0,0,29,6.058787603388219,2.8645106926225035,,,,,,1.0553208606025424,69.61322043811477,,89.31568422329039,3,36.77097369069998,28.29762835918435,38.53064600369311,8.806427769304495,,,,3255887
2024-09-19,242.28116541,243.9690328,237.10802612,243.42134721,232.81650756333855,233.90199800083028,209.67906067279662,191.91409019779698,,,0,0,0,0,237.67480233859024,,98.8438387043229,68.62686438284317,0,121,243.42134721,,,205.70272837347684,,0,,,1.7674101824691235,,1,1.5,0,0,0.06666666666666667,0,0,10.812731884487127,50,0,0,,,0,0,0,0,8,18,0,1,1069,0,18,5,,0,0,30,5.528060037402721,2.364510692622504,,,,,,0.9691756290559919,79.36170091608716,,111.87753417332988,3,37.45640198510335,30.922245370160024,38.43890533197702,8.141775052687569,,,,3060826
2024-09-20,242.20648101,249.79381835,241.23060488,244.4270971,236.68670407555902,239.77992608200083,212.98839747538742,193.97342380180496,,,0,0,0,0,239.45757411245796,,99.09711559160655,84.1146100041232,0,122,244.4270971,,,222.42590925612407,248.18696267587015,0,,,1.7641098771120436,,1,1.5,0,0,0.07111111111111111,0,0,10.84976063530097,50,0,0.17089375367142812,248.18696267587015,,0,0,0,0,15,18,1,3,1069,0,0,6,,0,0,31,6.706719775460695,7.3645106926225035,,,,,,1.261033518032346,86.82958767198234,,131.0239253248401,3,37.58467334060412,33.60561463649425,40.500586666019714,7.574346281265155,,,,4111410
2024-09-23,246.78214511,253.79749955,245.75150042,250.47155436,241.2816541703727,245.48451652527828,216.55822194058862,196.18903676487142,,,0,0,0,0,250.47155436,,99.09752080897741,78.83885733252569,0,123,250.47155436,,,222.42063454440313,254.01433372101167,0,,,1.772634235350469,,1,0,0,0,0.07555555555555556,0,0,10.465594428481092,50,0,0.12629815294120272,254.01433372101167,,0,0,0,0,15,18,0,3,1065,0,1,7,,0,0,32,6.265556352812633,1.364510692622504,,,,,,1.0481139994715336,95.84609528885346,,164.37470558385328,3,36.25388256307803,36.250427831389985,40.66955403655783,6.9994832398175495,,,,3336725
2024-09-24,252.93116053,256.41643243,251.05907163,254.40493265,245.65608033024847,250.9864900301017,220.16267057958018,198.47201307409216,,,0,0,0,0,252.5670450435358,,99.19863514229321,84.19530763938894,0,124,254.40493265,,,222.44616871171678,259.4486195828836,0,,,1.7313689679732924,,1,0,0,0,0.08000000000000002,0,0,10.203641678631081,50,0,0.1578185859322867,259.4486195828836,,0,0,0,0,15,18,0,3,1065,0,2,8,,0,0,33,6.605946885497853,2.8645106926225035,,,,,,1.1652373853910163,104.36513274312942,,195.26339409510035,3,35.34645161923283,38.80225179384122,40.83638215860483,6.654419897277136,,,,3804409
2024-09-25,256.01811564,256.66538042,251.10886123,253.9767421,248.429634253499,255.60928225295538,223.3830583434297,200.64866911432384,,,0,0,0,0,252.9276082795693,,97.32407435094527,88.38589809427268,0,125,224.64071065,,,219.39358535219375,263.9190063653934,0,,,1.687475495774486,,0,0,0,0,0.08444444444444445,0,0,10.36837929244883,50,0,7.48567901205165,263.9190063653934,,1,0,0,0,15,18,0,3,1065,0,3,9,,0,0,34,4.057817755529026,3.3645106926225035,,,,,,0.7421426615927178,106.785655417534,,197.31130180492548,3,35.91711945333284,41.181129745545284,39.11759714098671,6.3398229342459125,,,,2454244
2024-09-26,256.67533834,257.55163528,246.03032218,250.16285885,249.007375785666,258.7141758425285,225.93351553453164,202.59040204513468,,,0,0,0,0,252.30002219062337,,96.42769832911702,90.48119332171454,0,126,224.64071065,,,219.25403568150134,266.46049404060125,252.30002219062337,252.30002219062337,254.02375818054293,256.6093621654223,215.52803908255999,0,0,0,0,0.08888888888888889,0,0,10.55445120518861,50,0,7.763561684186239,266.46049404060125,215.52803908255999,1,1,0,0,15,8,0,3,1067,0,4,0,,0,0,35,4.083148839080387,3.3645106926225035,,,,,,0.8425002873024114,107.17361027775891,,193.13088639544483,3,36.56169146678648,42.24851580562715,35.38238500522513,9.943463489879028,,,,2817719
2024-09-27,249.70479455,253.35935108,248.52976002,248.80858177,248.94111111377734,260.1908538605654,228.1120932712429,204.4028796814039,,,0,0,0,1,251.75551655888987,,94.38643177935813,95.04177447355889,0,127,244.4270971,,,239.20957788550126,268.6232746436431,250.44460349102044,249.4010996481207,251.4881073339202,255.66212270551918,215.52803908255999,0,0,10,0,0.09333333333333334,0,0,10.445382973690243,50,0,6.6921774454480865,268.6232746436431,215.52803908255999,1,1,0,0,15,8,1,3,1067,0,0,1,,0,0,36,3.3202612109955068,7.3645106926225035,,,,,,0.6947312460358401,107.20434907032539,,196.2766417945149,3,36.18386802989277,43.2396600042746,33.920225034019644,9.532554663696246,,,,2293570
2024-09-30,249.94378462,254.27547969,247.912369,253.90703666,250.59641962918488,260.9288141666147,230.56875454636264,206.34421917076062,,,0,0,0,0,252.1570255752987,,95.5603141141541,92.29676620990554,0,128,253.90703666,243.40131575757522,245.45287844242478,239.29819038787616,271.70803896951327,0,,,1.6494563986190252,,1,0,0,0,0.09777777777777778,0,0,9.783134921597018,50,0,1.2185084282446472,271.70803896951327,,0,0,0,0,15,18,0,3,1067,0,1,2,,0,0,37,4.517948175121093,2.8645106926225035,,,,,,1.0216437381619627,107.55727047770351,,217.3738252679975,3,33.88977348301479,44.21973347929213,32.83892513616164,9.004577740462597,,,,3374184
2024-10-01,254.92274447,256.51591205,250.04336382,255.45051422,252.2144511594566,261.2972158123818,232.93844594385192,208.2699562315151,,,0,0,0,0,252.52928438157932,,94.00776251238322,90.92426207807887,0,129,255.45051422,243.4167952442663,245.4373989557337,239.37558782133144,257.55163528,0,,,1.6245653840198089,,1,0,0,0,0.10222222222222221,0,0,7.9513856870518325,50,0,0.13070797388994915,257.55163528,,0,0,0,0,15,18,0,3,1067,0,2,3,,0,0,38,3.3411562436594453,2.8645106926225035,,,,,,0.7190955738936701,107.6536428444617,,290.83665490347283,3,27.544408001099473,45.27672602571161,32.94048542295881,8.489493886067748,,,,2304083
2024-10-02,249.94378462,256.44620661,247.45430469,251.22835626,251.88575285963773,261.0006715502904,234.68034216443746,209.95459936988706,,,0,0,0,0,252.37367305330272,,96.26914540102412,90.23801001216552,0,130,251.22835626,243.40867482396155,245.44551937603845,239.30692648169241,257.55163528,252.37367305330272,252.37367305330272,254.00314869496424,256.4473621574565,215.52803908255999,1,0,4.5,0,0.10666666666666667,0,0,8.178366355528686,50,0,0.5304128059795281,257.55163528,215.52803908255999,0,1,0,0,15,8,0,3,1067,0,3,4,,0,0,39,5.607284635413902,2.8645106926225035,,,,,,0.8780362156453648,107.65426826158321,,279.9916637276842,3,28.33069210137519,45.620577260259445,30.343655904936703,10.09011829428428,,,,2769650
2024-10-03,252.08473736,256.15752652,249.8342475,253.60829907,252.45993492975848,260.3886414244805,236.483004726872,211.66650916204836,,,0,0,0,0,252.46792541064818,,96.0373579194497,91.40724928066096,0,131,253.60829907,243.42496142385716,245.42923277614284,239.4164187192858,257.55163528,0,,,1.611434167237692,,1,0,5.5,0,0.11111111111111112,0,0,7.970676576349571,50,0,0.27785861440140974,257.55163528,,0,0,0,0,15,18,0,3,1067,0,4,5,,0,0,40,4.171417972759617,3.3645106926225035,,,,,,0.6179642579451895,104.96808280233871,,280.16440813864045,3,27.611233601873213,45.93986769233958,28.634140331827847,9.521656326068276,,,,1913736
2024-10-04,255.91853644,265.29889681,252.16440071,264.47238947,256.46408644317233,260.6574655976143,239.1486604166937,213.7373279976543,,,0,0,0,0,253.81146084809228,,96.99032412480267,88.44751855349108,0,132,264.47238947,247.7607549269745,249.85640861302548,246.52195115233962,,0,,,1.6849055635849994,,1,1.5,0,0,0.11555555555555555,0,0,8.361788278588577,50,0,0,,,0,0,0,0,15,18,1,3,1067,0,5,6,,0,0,41,5.1510415771770415,2.364510692622504,,,,,,1.032232667567546,98.84384289097349,,241.23992021520846,3,28.96608428129863,46.90268265556391,33.21888536727869,8.455981004491893,,,,3159216
2024-10-07,264.29314692,264.86074834,259.42372418,261.43522396,258.1211322821149,261.1840464270355,241.27119027796095,215.60783372166784,,,0,0,0,0,254.29819155211445,,96.73504654372385,90.51200355132374,0,133,257.55163528,256.5301083529049,258.57316220709515,252.4440006445245,276.462281595821,0,,,1.6426152987689275,,0,0,4.5,0,0.12,0,0,8.750921932402363,50,0,3.702427378903614,276.462281595821,,1,0,0,0,8,18,0,3,1067,0,6,7,,0,0,42,4.414408953655919,3.3645106926225035,,,,,,0.6262240271379284,91.57405858282874,,202.08421342337593,3,30.314082799979424,47.79672512141506,31.640239561622966,8.054131309721742,,,,1925059
2024-10-08,262.918954,265.43432451,261.14644429,263.15794407,259.8000695447433,262.07484571365546,243.35564302005992,217.47254393140636,,,0,0,0,0,254.76365003587978,,94.4622258173394,90.03188074878796,0,134,263.15794407,256.5647899171617,258.53848064283835,252.61740846580847,275.35090682649417,0,,,1.5868473434440045,,1,0,4,0,0.12444444444444445,0,0,8.687019726041813,50,0,1.1567688032518542,275.35090682649417,,0,0,0,0,8,18,0,3,1067,0,7,8,,0,0,43,3.2911521040405067,2.8645106926225035,,,,,,0.5458627158092195,74.81975642416144,,148.63076103474205,3,30.092719063714974,48.665803842722184,30.931695538531613,7.741667153705109,,,,1671943
2024-10-09,263.38697622,268.16448736,261.77379323,265.47813936,261.6927594831622,263.34720015240305,245.46254743338756,219.35511630115514,,,0,0,0,0,265.47813936,,95.58762130071857,87.75983428755458,0,135,265.47813936,256.5782191026323,258.52505145736774,252.68455439316145,274.4793747413299,0,,,1.5652532132072896,,1,0,5,0,0.12888888888888891,0,0,8.400805969572618,50,0,0.7035741275538807,274.4793747413299,,0,0,0,0,8,18,0,3,1067,0,8,9,,0,0,44,4.509037086542207,2.364510692622504,,,,,,0.6373321610190927,62.337227788826574,,114.208109166965,3,29.10124552765539,49.65685470256242,31.622765541771884,7.2878597512151275,,,,1891695
2024-10-10,262.88908024,265.42834976,260.68837998,263.50647126,262.2973300754415,264.4772735928913,247.18101636925542,221.08654198581573,,,0,0,0,0,264.5179453942415,,94.84078416020171,88.65579611690339,0,136,263.50647126,256.6049831208371,258.49828743916294,252.8183744841856,272.99978419680707,264.5179453942415,264.5179453942415,266.0325888489021,268.30455403089303,247.45430469,1,1.5,4.5,0,0.13333333333333333,0,0,8.425000676807743,50,0,0.888213602096963,272.99978419680707,247.45430469,0,1,0,0,8,8,0,3,1067,0,9,10,,0,0,45,3.6910879542297543,2.8645106926225035,,,,,,0.6288162244964007,54.72666690890592,,87.51604352202742,3,29.18505845206637,50.265780348076326,30.194166124259244,7.982366829061309,,,,1795789
2024-10-11,262.64013225,268.97336918,259.95149392,265.76691903,263.453859726961,265.70214298003077,248.95110233694538,222.83871363460727,,,0,0,0,0,264.93496904373205,,93.84515696331002,87.0717919716123,0,137,265.76691903,263.5128028645273,265.4319760754727,252.2748010762186,272.80998569907547,0,,,1.5430152616000614,,1,3,5,0,0.13777777777777778,0,0,7.500072727620237,50,0,0.5220134224442898,272.80998569907547,,0,0,0,0,8,18,1,3,1059,0,10,11,,0,0,46,3.4184028024859914,2.364510692622504,,,,,,0.6688905358732758,54.95370971910288,,111.5148762654713,3,25.981014049399885,51.08866348009119,30.958026238740302,7.312279778542606,,,,1848390
2024-10-14,266.13536206,269.6903394,264.57206825,268.36593608,265.0912185113073,267.0693231104359,250.8001341219982,224.6240949069756,,,0,0,0,0,265.7846652470467,,91.92162768684554,67.26677562045077,0,138,268.36593608,263.5356459153647,265.4091330246353,257.07811981291724,272.98563877808755,0,,,1.5062836358536293,,1,1.5,8,0,0.14222222222222222,0,0,7.418423452274288,50,0,0.4092645192639633,272.98563877808755,,0,0,0,0,8,18,0,3,1027,0,11,12,,0,0,47,2.929351076607319,-0.1354893073774961,,,,,,0.6656168951125171,67.79237597859911,,163.80232115389202,3,25.698172662799156,51.903066249912456,30.131116298011943,6.955547803635637,,,,1822285
2024-10-15,268.86383206,269.73017108,258.95570195,265.23914929,265.1405287708715,268.0521771142788,252.17527842371265,226.21684213768245,,,0,0,0,0,265.65953652962173,,95.72106581015808,83.59648982189567,0,139,264.47238947,263.506355552035,265.438423387965,259.64221988017516,273.1033475513205,265.4070887258865,,,270.23725831571136,247.45430469,0,1.5,9,0,0.14666666666666667,0,0,7.252081781212152,50,0,1.7868851022337502,273.1033475513205,247.45430469,1,1,1,0,15,8,0,3,1027,0,0,13,,0,0,48,7.113844374114828,9.614510692622504,,,,,,0.8456071027531059,82.71183544412433,,229.24132614270803,3,25.121948211408096,51.09781580342825,27.13053827835401,11.453864998625855,,,,2190164
2024-10-16,267.76846089,275.02778436,266.56355261,273.61375976,267.96493910058103,269.5848350227628,254.21703855097812,228.07554478953804,,,0,0,0,0,266.94757004715757,,93.08850025210747,60.95080959072248,0,140,273.61375976,263.4879594473361,265.4568194926639,258.68811242868884,273.93554064729085,0,,,1.5829634764435376,,1,0,0,0,0.1511111111111111,0,0,7.552509966902093,50,0,0.021558923385240486,273.93554064729085,,0,0,0,0,15,18,0,3,1027,0,1,14,,0,0,49,2.9985910603722084,-0.6354893073774961,,,,,,0.7322546235501071,96.20417341111785,,267.7155386718232,3,26.162661974689527,50.859951480095845,29.526710263164023,10.436972206798195,,,,1844916
2024-10-17,278.06494987,280.1891733,270.74587889,270.855416,268.92843140038735,270.971204193129,255.80164592707544,229.75318679779144,,,0,0,0,0,267.6531002099569,,95.75655029075111,76.76364906993945,0,141,264.47238947,263.4739607488657,265.4708181911343,259.48024586432837,274.9373013581548,0,,,1.6054733835839994,,0,0,3,0,0.15555555555555556,0,0,7.103019042434288,50,0,2.096276212139711,274.9373013581548,,1,0,0,0,15,18,0,3,1027,0,2,15,,0,0,50,5.5130423692792485,3.3645106926225035,,,,,,1.0072944197425122,105.18994484566365,,327.50443585937813,3,24.60557973725084,51.05700553929987,31.648896586674393,9.555585517189318,,,,2510144
2024-10-18,272.53830443,274.14152951,270.20815122,271.57238622,269.80974967359157,272.11357372388875,257.30362119306824,231.39315540258394,,,0,0,0,0,268.22053556062485,,96.20161644533766,84.67006880954793,0,142,265.44328664,264.4810548070717,266.4055184729283,260.63212747535846,275.7443417963188,0,,,1.5472687873487139,,0,0,4.5,0,0.16000000000000003,0,0,7.107215610133404,50,0,2.1410755295779724,275.7443417963188,,1,0,0,0,15,18,1,3,1027,0,3,16,,0,0,51,4.481482342255735,3.3645106926225035,,,,,,0.9790459045822222,113.76021204921854,,362.06202718853785,3,24.620117074195385,51.10378877866354,30.49376904862834,9.705786556195296,,,,2353706
2024-10-21,275.83437586,276.43185104,271.13423775,275.26677443,271.6287579257277,273.4390146508939,259.01439769182366,233.11368948209045,,,0,0,0,0,269.18237189917875,,95.73334572499311,61.487599084548606,0,143,265.44328664,264.50248553362013,266.38408774637986,260.7392811081007,277.60479522532046,0,,,1.5128081790588062,,0,0,0,0,0.16444444444444445,0,0,6.878102831602812,50,0,2.585351675896134,277.60479522532046,,1,0,0,0,15,18,0,3,1027,0,4,17,,0,0,52,4.0022631776152435,-0.6354893073774961,,,,,,1.0863217179549933,118.33512049910753,,396.6544943238779,3,23.82644712803886,51.33302339863645,31.134260973101256,9.217810663289118,,,,2569958
2024-10-22,269.85962403,277.1189475,269.40653869,275.25681651,272.83811078715183,274.6705105803845,260.56129472212615,234.76636113024378,,,0,0,0,0,269.9273743622145,,95.88843705536564,73.48769345543491,0,144,275.25681651,264.5008248197008,266.38574846029917,260.73097753850425,279.35634611789067,0,,,1.5154786070410344,,1,0,0,0,0.1688888888888889,0,0,6.7955055026853985,50,0,0.2822232585625657,279.35634611789067,,0,0,0,0,15,18,0,3,1027,0,5,18,,0,0,53,4.252598517071864,2.364510692622504,,,,,,1.140746330215174,120.28936131343198,,410.992854817892,3,23.540321587529984,51.08377080006049,28.859426504478762,10.181084628559184,,,,2631832
2024-10-23,272.55822027,281.77925392,267.37014411,278.70225673,274.79282610143457,276.161491361229,262.2890053895427,236.48933742827344,,,0,0,0,0,278.70225673,,99.10738812479906,73.56310466092818,0,145,278.70225673,264.4299721552842,266.43756392530406,262.6415225698412,280.1891733,0,,,1.61410378309596,,1,2.5,0,0,0.17333333333333334,0,0,6.819154212923095,50,0,0.09258085932886789,280.1891733,,0,0,0,0,8,18,0,3,1027,0,6,19,,0,0,54,6.279743218125153,1.364510692622504,,,,,,1.7710676291618932,121.60505198365388,,414.790451318195,3,23.622243122860315,51.25678099363664,29.30587733925264,8.876205251747175,,,,4244597
2024-10-24,284.60730312,296.28794293,281.80912768,295.75021527,281.77862249095637,279.52145210716446,265.47578728291955,238.81329342206664,,,0,0,0,0,295.75021527,,99.34835661745066,2.998492141412281,0,146,295.75021527,,,263.0324045286765,,0,,,1.7512908647462486,,1,1.5,0,0,0.17777777777777778,0,0,8.421848139000408,50,0,0,,,0,0,0,0,8,18,0,3,1027,0,7,20,,0,0,55,6.702520337985634,-4.6354893073774965,,,,,,1.4856125318769995,116.62153372037123,,299.742863890888,3,29.1741377407562,52.30367080825196,36.97521839149041,7.596533384864739,,,,3620065
2024-10-25,294.14699019,297.55259873,291.16459324,292.30477505,285.2873400106376,283.4711583621112,268.03092897502245,240.91099858394637,,,0,0,0,0,294.48996398473867,,97.56355632862329,34.085661250011704,0,147,271.57238622,270.50403288199396,272.64073955800603,266.23061952996994,280.1891733,294.48996398473867,294.48996398473867,296.19932932554826,298.7633773367627,248.94048437644,0,0,0,0,0.18222222222222223,0,0,8.552472567719738,50,0,1.6130968610221184,280.1891733,248.94048437644,1,1,0,0,8,10,1,3,2,0,8,21,,0,0,56,4.505251025531125,-1.135489307377496,,,,,,0.8604219262587749,110.86578185198435,,274.209846856179,3,29.62663403525928,53.33528345587689,36.05814577003415,7.190978248713959,,,,2087779
2024-10-28,294.49551738,294.69467578,286.86785047,288.01291166,286.19586389375837,286.9937974613757,269.9339749450203,242.75813243006613,,,0,0,0,0,292.66940016796474,,96.75339016204178,61.818709598131946,0,148,280.1891733,279.1272485458694,281.2510980541306,274.8795495293471,293.28334156048135,292.66940016796474,292.66940016796474,294.36847977457364,296.91709918448703,267.37014411,0,0,6,0,0.18666666666666668,0,0,8.741264306504204,50,0,2.4661197904180847,293.28334156048135,267.37014411,1,1,0,0,8,8,0,3,2,0,9,22,,0,0,57,4.217824038920951,2.8645106926225035,,,,,,0.9418759382790372,106.94557654156063,,253.1815034981065,3,30.280627802507215,53.31563439237377,33.685246880180294,10.330437975512098,,,,2231616
2024-10-29,286.78808753,297.70196753,282.90449885,297.51276706,289.96816494917226,290.7877959080139,272.56052657501834,244.905373003789,,,0,0,0,0,293.6558399358723,,95.24356644088864,73.65324871222657,0,149,297.51276706,279.0709800579502,281.3073665420498,277.6756251576604,,0,,,1.7980547332161145,,1,1.5,0,0,0.19111111111111112,0,0,9.12269408558148,50,0,0,,,0,0,0,0,8,18,0,3,3,0,10,0,,0,0,58,3.6070386498761646,2.364510692622504,,,,,,0.8620019221821862,102.71058152807501,,225.01353951779112,3,31.601939316270446,52.47320377368351,29.70514659411746,12.274516427288532,,,,2030580
2024-10-30,298.73759118,300.26115289,293.43001998,296.34769045,292.0946734494482,294.0967320152087,274.825970753588,246.92271878599337,,,0,0,0,0,294.1214480656904,,94.00750646686768,81.60250332923937,0,150,280.1891733,279.0898587456859,281.2884878543141,274.6926005284294,299.7557283583052,299.7557283583052,299.7557283583052,301.51463164520777,304.15298657556167,267.37014411,0,0,5.5,0,0.19555555555555557,0,0,8.85121029469742,50,0,3.559773675608824,299.7557283583052,267.37014411,1,1,0,0,8,8,0,3,3,0,11,1,,0,0,59,3.402799941072208,2.8645106926225035,,,,,,0.8982327444879571,97.81593411609761,,219.0188347846402,3,30.661491877785252,51.899008295545165,30.135600958146725,11.593498151566363,,,,2085187
2024-10-31,298.73759118,302.4309836,294.77443872,300.39060585,294.85998424963213,297.4177426385403,277.26069790562724,249.01949867085636,,,0,0,0,0,295.21624778858813,,95.04860268897708,83.54514557778029,0,151,300.39060585,279.10001920599404,281.27832739400594,277.70451910996405,302.64726263798434,0,,,1.751359783161599,,1,0,0,0,0.2,0,0,8.866490365854101,50,0,0.09947316228857812,302.64726263798434,,0,0,0,0,8,18,0,3,3,0,12,2,,0,0,60,4.268890324012286,2.364510692622504,,,,,,1.0838772710940585,94.36338243643996,,207.22823802490055,3,30.71442359695853,51.53848781209378,30.022869640670965,10.865816346036851,,,,2550666
2024-11-01,303.71655103,310.2688622,299.255403,299.82300443,296.5143243097548,300.42187846232684,279.40948900318654,251.0117930143522,,,0,0,0,0,295.9354738883006,,95.71325122819948,88.06081706346835,0,152,292.30477505,291.1950832198516,293.4144668801484,286.75631589925797,305.64058709110975,0,,,1.7843844628786276,,0,0,0,0,0.2,0,0,8.182993582410539,50,0,2.403516305842552,305.64058709110975,,1,0,0,0,8,18,1,3,3,0,13,3,,0,0,61,4.374963849949401,3.3645106926225035,,,,,,1.1595348796793552,86.39152530831934,,204.76725840085214,3,28.346721285490222,51.75317857955679,33.66877947724739,9.902947583431962,,,,2702214
2024-11-04,296.74600724,300.23127914,291.30898308,294.21669563,295.7484480831699,302.14552409730993,280.8196991581211,252.7061029208482,,,0,0,0,0,295.75183341245105,,96.32277454891681,91.41873082644106,0,153,292.30477505,291.19468356432645,293.4148665356735,286.75431762163237,306.93755715732965,297.0723946453203,,,302.6228520736879,267.37014411,0,2.5,5,0,0.2,0,0,8.380839258673527,50,0,2.636320032389318,306.93755715732965,267.37014411,1,1,0,0,8,8,0,3,3,0,14,4,,0,0,62,4.604111980142879,3.8645106926225035,,,,,,0.8856901325499308,77.23624467098495,,166.03759644858525,3,29.032078812180863,50.44614183916592,31.252603792696704,15.583681738039163,,,,2070478
2024-11-05,294.6050545,315.11826952,293.62917837,314.44123056,301.97937557544657,304.9647749761515,284.02174976782385,255.127088318462,,,0,0,0,0,298.5842353787554,,99.29405812791241,85.4877878263212,0,154,314.44123056,291.0821089280353,293.52744117196465,289.62669838339514,,0,,,1.9660471241192257,,1,1.5,0,0,0.2,0,0,10.338096410633007,50,0,0,,,0,0,0,0,8,18,0,3,3,0,15,5,,0,0,63,6.5950774809452275,2.364510692622504,,,,,,1.4261165167444165,69.48617055339763,,94.02923749433253,3,35.81221647352362,50.258600936533426,37.219592033328794,13.138206254390003,,,,3461434
2024-11-06,319.80854928,337.1552454,317.65763862,334.88483971,312.9478636202977,310.4020439880618,288.8658535718406,258.2548432749929,,,0,0,0,0,334.88483971,,99.84531469949492,6.142089926556296,0,155,334.88483971,,,289.5118053259401,,0,,,2.1517235425992807,,1,1,0,0,0.2,0,0,11.664061577264729,50,0,0,,,0,0,0,0,8,18,0,3,3,0,16,6,,0,0,64,8.626646240864094,-3.6354893073774965,,,,,,1.7546207328970151,68.15286047397959,,68.67225914423891,3,40.405494548868965,51.03872165852433,46.28266287462678,11.147017360750915,,,,4486408
2024-11-07,337.57347803,338.97754471,331.10083022,335.36281986,320.4195157001985,317.240215560403,293.29413607547485,261.2786854940128,,,0,0,0,0,335.0490338867443,,98.89258266108976,25.148083383940495,0,156,292.30477505,,,285.7403592570272,330.2655170824848,0,,,2.1111161190200467,,0,0,0,0,0.2,0,0,11.544741128471465,50,0,5.782805847417795,330.2655170824848,,1,0,0,0,8,18,0,3,3,0,17,7,,0,0,65,6.071792485844939,-4.6354893073774965,,,,,,0.9083356198807688,67.44750500585374,,68.65183349699804,3,39.99215638948526,51.82493301637269,45.042713561073946,10.549898812527198,,,,2347594
2024-11-08,335.08399811,341.3475296,334.33715413,339.74430453,326.861111976799,324.98499838858396,297.7179616425725,264.35576859346327,,,0,0,0,0,335.993134144967,,98.67951847179492,14.073287762676388,0,157,339.74430453,,,297.04859947174276,,0,,,2.0609710726236146,,1,1.5,0,0,0.2,0,0,11.53906109228177,50,0,0,,,0,0,0,0,8,18,1,3,1,0,18,8,,0,0,66,5.549511210485838,-4.6354893073774965,,,,,,0.6671598630104972,68.96036256077467,,72.51959916612441,3,39.9724801669465,52.637068939996134,44.493999703403276,10.034686140339808,,,,1719992
2024-11-11,346.33644737,348.3180734,337.07558205,347.96954621,333.8972567211993,333.20082013250914,302.5038268394704,267.6347402647,,,0,0,0,0,338.6904946972567,,98.65910225763707,8.535889952044336,0,158,347.96954621,,,297.0398141199178,,0,,,2.0751689075326425,,1,1.5,0,0,0.2,0,0,11.593079173167611,50,0,0,,,0,0,0,0,8,18,0,3,1,0,19,9,,0,0,67,5.710684213611943,-4.6354893073774965,,,,,,0.9522440015945339,80.09037584116416,,99.43019175793349,3,40.15960428818978,53.62125067703465,45.855785443786594,9.254170342089393,,,,2486591
2024-11-12,345.04191781,347.92971453,317.75721782,322.3478188,330.04744408079955,338.053011356645,304.3937308357113,269.7803511876529,,,0,0,0,0,332.85993355675447,,99.86386118767237,85.4877878263212,0,159,299.82300443,298.35490413663143,301.2911047233686,292.48250296315695,347.8856531991755,322.3478188,332.85993355675447,335.20889402614426,345.8374234938979,291.30898308,2,0,5.5,0,0.2,0,0,14.485939200475267,50,0,6.547597461327903,347.8856531991755,291.30898308,1,1,0,0,8,8,0,3,1,0,20,10,,0,0,68,8.797184140318787,2.364510692622504,,,,,,2.1808189487661336,88.42376455323517,,76.21047403642108,3,50.18076538115368,52.07346736114826,37.43010050321801,19.302680917966047,,,,6123678
2024-11-13,333.01275081,342.19733847,329.15903588,331.85763212,330.65084009386635,341.24504752054247,307.00934048183404,272.21475436147045,,293.02076895565324,0,0,0,0,332.70851362159846,,96.05211562929773,68.62240693934802,3,0,299.82300443,,,292.12068522552073,351.0563751044757,332.70851362159846,331.1680497807026,334.24897746249434,340.41083282607775,291.30898308,0,0,5,0,0.2,0,0,14.456205377750495,50,0,6.651681047531871,351.0563751044757,291.30898308,1,1,0,1,15,8,0,3,1,0,0,11,,0,0,69,3.51704173733508,2.8645106926225035,,,,,,1.0648581502501733,94.02131579211118,,87.75062529785784,3,50.077764397828574,50.63623999639661,33.1238229126682,17.081936085410117,,,,3054493
2024-11-14,331.85763212,333.70074348,323.9112122,324.66801409,328.65656475924425,342.183908209752,308.69111892070697,274.27174493905983,,296.3890032049063,0,0,0,0,331.83968242217827,,90.91677308015802,77.50806042719957,3,1,299.82300443,,,292.23381823655495,348.3180734,331.83968242217827,331.83968242217827,334.2682220040807,337.9110313769343,288.34245765842,0,0,3.5,0,0.2,0,0,14.671522345339223,50,0,6.390022294074971,348.3180734,288.34245765842,1,1,0,0,8,8,0,3,1,0,1,12,,0,0,70,2.496338315078807,2.364510692622504,,,,,,0.8548342820145988,95.25188912966806,,87.41648799418684,3,50.82364425301925,48.72439887239922,31.216344410285743,19.1852498626711,,,,2449456
2024-11-15,323.73196964,337.80828578,323.73196964,328.37236022,328.5618299128295,341.90321298855844,310.565522853973,276.39333769517515,,299.712152434754,0,0,0,0,331.4426560357552,,88.9638782612989,83.87051770835643,3,2,317.75721782,316.22211613282445,319.29231950717553,310.0817093841224,348.3180734,331.4426560357552,329.90755434857965,332.97775772293073,339.1181644716328,317.75721782,0,0,6.5,0,0.2,0,0,14.657291203319652,50,0,3.9816066694877907,348.3180734,317.75721782,1,1,0,0,8,8,1,3,1,0,2,13,,0,0,71,2.635906982652746,2.8645106926225035,,,,,,1.0127766537656533,93.88277631395201,,84.90198981941977,3,50.774346130964,47.21607588439886,31.04966783840993,17.614518979118884,,,,2931274
2024-11-18,325.19578384,331.83771628,320.80434125,324.00083347,327.0414977652197,340.55983056147153,311.8450762459756,278.2602983137957,,302.9474275651201,0,0,0,0,330.949592589656,,78.54585193561368,90.23785114488717,3,3,317.75721782,316.23325397628344,319.28118166371655,310.13739860141726,348.3180734,324.00083347,338.9562472757916,342.0041749632247,348.1000303380909,317.75721782,2,0,4.5,0,0.35,0,3,14.825381338633317,50,0,0.2590798226254161,348.3180734,317.75721782,1,0,0,0,8,8,0,3,1,0,3,14,,0,0,72,1.1128698346706618,4.3645106926225035,,,,,,0.6358787880739751,90.13130917661543,,75.50083342520412,3,51.356627440192796,45.48449516651523,29.04254892048434,18.191113012559065,,,,1816464
2024-11-19,318.66338851,338.95762887,316.21374026,338.56927,330.88408851014646,339.63698574034896,314.39023755588266,280.62535602698017,,306.1708204898734,0,0,0,0,331.5157514320668,,78.74464900103732,92.6867791506373,3,4,317.75721782,316.13903810253106,319.3753975374689,309.6663192326553,348.3180734,340.48021111950817,338.86203140203924,342.0983908369771,348.57110970685284,317.75721782,0,3,0,0,0.35,0,3,15.216850174656823,50,0,2.808463491935273,348.3180734,317.75721782,1,1,0,0,15,8,0,3,1,0,0,0,,0,0,73,1.8620264814675993,3.8645106926225035,,,,,,0.7762006332888657,81.95243491749342,,55.469955402341306,3,52.71271526733792,44.35442315179981,29.326437175283846,15.908251267450789,,,,2200573
2024-11-20,342.30348989,346.53560577,336.31878015,341.32761376,334.365263593431,339.346230865446,316.95570195627477,283.0058367223927,,309.3775992651975,0,0,0,0,332.3170157261648,,87.10154011233226,95.16426189236203,3,5,339.74430453,,,331.77521898371566,348.3180734,341.32761376,339.7537124907431,342.94134670925683,359.28614264405496,317.75721782,2,1.5,7,0,0.35,0,3,15.216749594972928,50,0,1.312490354425844,348.3180734,317.75721782,0,1,0,1,15,19,0,3,1,0,1,1,,0,0,74,4.160557839678612,4.8645106926225035,,,,,,0.9561192038922508,73.2065239608965,,38.87922007083402,3,52.71236684909248,43.75991359024896,31.89313575331918,14.997746366171402,,,,2633639
2024-11-21,348.42761051,355.58735478,337.95187898,338.41990121,335.71680946562066,339.235941947513,318.9999114090105,285.1789372905342,,312.5246977978108,0,0,0,0,332.7839415420091,,70.79362342596119,96.76570840918492,3,6,317.75721782,316.1197851846186,319.3946504553814,309.5700546430931,348.3180734,340.48021111950817,338.84277848412677,342.11764375488957,348.66737429641506,317.75721782,0,0,7.5,0,0.35,0,3,14.39933445862628,50,0,2.7754416039491856,348.3180734,317.75721782,1,1,0,0,15,8,0,3,1,0,2,2,,0,0,75,0.3398826551949998,5.3645106926225035,,,,,,0.9869789543102102,71.46084268016804,,43.26334622082456,3,49.880757755036015,43.68448593758788,33.7619396933686,13.555524559431294,,,,2671849
2024-11-22,338.41990121,348.22845212,332.59451818,347.69072445,339.70811446041375,340.2816265444758,321.73236979386667,287.6303799242387,,315.6553725601577,0,0,0,0,333.8591329685713,,76.52389090395437,97.20372652163584,3,7,317.5903553810811,,,309.290046094489,348.3180734,348.3180734,346.6580115426816,349.9781352573184,356.6183826865921,316.21374026,0,0,0,0,0.35,0,3,14.397826776170486,50,0,3.867847815244635,348.3180734,316.21374026,1,1,0,1,15,19,1,3,1,0,3,3,,0,0,76,2.144883643689683,4.8645106926225035,,,,,,0.9913098380958658,69.94852054264537,,40.246155869691144,3,49.875534989805786,42.978989889113265,30.92301627836644,15.297123464765823,,,,2714644
2024-11-25,352.03237745,353.49619164,326.81275084,327.59564249,335.67062380360915,339.80706399168923,322.29077671730795,289.197645122896,,318.6410734222135,0,0,0,0,332.97174140748564,,91.32225878704598,97.64174463408676,3,8,317.5903553810811,315.81062436357115,319.37008639859107,308.6917002935313,348.3180734,329.7521745762457,328.37236022,332.97174140748564,340.0906654775255,316.21374026,0,0,9.5,0,0.35,0,3,15.789710425524325,50,0,1.3095174571919181,348.3180734,316.21374026,1,1,0,0,8,8,0,3,2051,0,4,0,,0,0,77,3.238177720436214,4.8645106926225035,,,,,,2.114871947488195,67.96576763064307,,24.258308669800392,3,54.69716138761625,41.67816486323577,26.783481320551203,16.149965774501222,,,,6212395
2024-11-26,330.87179807,339.2762823,329.22376236,337.46394092,336.26839617573944,339.5824973845828,323.7358399747072,291.0904410365079,,321.5472034896551,0,0,0,0,333.16843853531907,,71.7145403341202,96.27922136712438,3,9,328.37236022,326.6154614197229,330.1292590202771,319.58786621861447,355.58735478,348.3180734,346.5611745997229,350.0749722002771,357.10256740138556,308.57844557914,0,1.5,0,0,0.35,0,3,15.744101516154437,50,0,4.523838005307075,355.58735478,308.57844557914,1,1,0,0,15,8,0,3,2051,0,0,1,,0,0,78,0.6132314326111121,3.8645106926225035,,,,,,0.683812245007355,66.53089394146726,,21.98736614826773,3,54.53916749100335,40.47025591063525,25.19358377029448,15.191285656920416,,,,2007910
2024-11-27,337.80251019,338.31036409,328.24290727,333.9189215,335.48523795049294,339.08125321129137,324.7056572628303,292.7699892899782,,324.3537436365409,0,0,0,0,333.20455168471113,,63.84924581790736,96.44220297427114,3,10,328.37236022,326.6510661838498,330.0936542561502,319.76589003924914,355.58735478,348.3180734,346.5967793638498,350.0393674361502,356.9245435807509,310.32825123188,0,1.5,4.5,0,0.35,0,3,15.803195632252379,50,0,4.4141002490298,355.58735478,310.32825123188,1,1,0,0,8,8,0,1,2051,0,1,2,,0,0,79,0.42068100693982124,4.3645106926225035,,,,,,0.7863584107811247,64.99612248713701,,18.727660175406108,2,54.743875514023365,39.23171803303177,23.87794435262524,14.90676065350671,,,,2318182
2024-11-29,333.05258249,335.20349314,331.27011486,332.71401322,334.56149637366195,338.27268780654543,325.4683578301798,294.33642160095945,,327.0613019488519,0,0,0,0,333.1957153096307,,70.5361626682452,96.58412248183274,2,0,326.81275084,,,318.6454312846599,355.58735478,333.1957153096307,331.5622513985627,334.82917922069873,341.3630348649708,311.90307631819996,0,0,6,0,0.35,0,3,15.809711534805002,50,0,2.6070534949876945,355.58735478,326.81275084,1,1,0,1,8,14,0,1,2051,0,2,3,,0,0,80,1.1879341415383533,4.6145106926225035,,,,,,0.3084942529449848,67.16068894634468,,22.631085825852438,3,54.76644726257999,38.08164714668568,23.364568641551116,14.586265357207708,,,,883728
2024-12-02,334.31723829,345.21120245,334.09816406,336.11962176,335.0808715024413,337.8040668131441,326.4827639187341,295.97497846994145,,329.68647766552175,0,0,0,0,333.32817789137187,,80.11460063337417,91.310660693644,2,1,326.81275084,325.1843808758832,328.44112080411674,318.6709010194163,355.1603046863826,355.4281227994035,353.79975283528677,357.0564927635203,363.5699726199872,326.81275084,0,0,6,0,0.35,0,3,15.799558381765184,50,0,3.514603264611944,355.1603046863826,326.81275084,1,1,0,0,8,8,0,1,2051,0,3,4,,0,0,81,2.444764836387188,2.8645106926225035,,,,,,0.8180056436912839,68.37253560750611,,24.92406713003535,3,54.731275708736014,37.751505509104824,27.250903843063465,13.586758985203462,,,,2327994
2024-12-03,337.32453004,338.52943832,325.25553136,330.52327088,333.5616712949609,336.7487148441397,326.8675741055213,297.32981346641435,,332.1944941145547,0,0,0,0,333.21786192204644,,79.2092578826809,95.2362850413999,1,0,326.81275084,,,318.6598765887437,349.63552360228334,333.21786192204644,331.5872870717952,334.8484367722977,341.3707361733027,317.16370837371676,0,1.5,9.5,0,0.35,0,6,15.766813836209666,50,0,1.969140336716946,349.63552360228334,326.81275084,1,1,0,0,15,15,0,1,2563,0,0,0,,0,0,82,1.7112877066569134,6.3645106926225035,,,,,,0.7387851520397022,68.56084962130328,,25.52829441615576,3,54.61784527559019,36.364254947374484,25.270192815707688,17.44119621270422,,,,2103767
2024-12-04,335.06906123,343.27936602,332.22607515,342.30348989,336.4756108266406,336.5822197197666,328.33766132309074,299.093487051653,,334.65497580926046,0,0,0,0,333.6117427519543,,83.63621680773005,52.146963831376375,2,0,318.007418842132,316.3794199174344,319.63541776682956,309.86742421864403,348.9282643032259,348.2695737361863,346.64157481148874,349.8975726608839,356.40956835967427,326.81275084,0,0,0,0,0.2,0,6,14.777944855840975,50,0,3.798632172541222,348.9282643032259,326.81275084,1,1,0,0,8,8,0,1,2563,0,1,1,,0,0,83,2.224568486191757,-2.6354893073774965,,,,,,0.8670415106081238,71.24528633369847,,39.171872829782544,3,51.192302643535385,35.435113196890754,26.107350331560916,16.221021365007136,,,,2424016
2024-12-05,344.56393767,353.19735447,343.48848234,346.66505872,339.8720934577604,337.56733861014243,330.083127741844,300.9590388817843,,337.0875922232874,0,0,0,0,334.08412703747075,,88.53896015348948,34.78011313419785,2,1,316.21374026,,,308.16884058372545,350.435456055166,348.9745505233841,347.3655705881292,350.583530458639,357.01945019965865,326.81275084,0,0,8,0,0.35,0,6,13.474680528748747,50,0,4.253839969700338,350.435456055166,326.81275084,1,1,0,0,8,10,0,1,2563,0,2,2,,0,0,84,3.1021424805149693,-1.635489307377496,,,,,,0.784439802777261,75.0700117686615,,60.82641592219547,3,46.67766258310378,35.237860512443135,30.032803217751677,15.240421806329586,,,,2099463
2024-12-06,346.03770978,347.85005117,339.56506197,345.05187573,341.5986875485069,339.13273479501083,331.50872278833504,302.6881697385771,,339.47083797548356,0,0,0,0,334.38256715576665,,88.36704650611586,29.128135737073308,2,2,326.6444027881081,325.0763768732285,328.21242870298767,318.8042732137103,351.4987812773146,352.70926235113734,351.14123643625777,354.2772882660169,360.54939192553513,325.25553136,0,0,4.5,0,0.35,0,6,13.489837235233706,50,0,3.1701489437584454,351.4987812773146,325.25553136,1,1,0,0,8,10,0,1,2563,0,3,3,,0,0,85,2.241386483273484,-1.135489307377496,,,,,,0.6146487987234178,88.02728633306384,,88.37357550795609,3,46.730166954518495,34.588073072715055,28.61597653929726,16.75549453368555,,,,1622761
2024-12-09,338.91779719,343.54822986,323.13449446,333.83925814,339.0122110790046,339.7883068940273,331.73067853611263,303.9097810484368,,341.7332556613983,0,0,0,0,334.356166125367,,68.32341443521406,64.44448605560618,4,0,326.6444027881081,324.99268782009494,328.29611775612125,318.38582794804233,351.12223847308434,334.356166125367,,,342.61474096543276,325.25553136,0,2.5,6,0,0.35,0,6,13.853878324232916,50,0,2.9639297528944266,351.12223847308434,325.25553136,1,0,0,0,15,8,0,1,2563,0,0,4,,0,0,86,0.3482188354439977,7.8645106926225035,,,,,,1.125443975552767,96.55785512082592,,101.19890741666543,3,47.99124227889717,32.347444938868335,25.225628727796956,23.652117607163518,,,,3045948
2024-12-10,332.80363449,335.17361938,320.97501999,326.01233325,334.6789184693364,338.835031359835,331.18607422314955,304.7765478014393,,343.83205364436554,0,0,0,0,333.9180781525295,,59.685303991225084,81.9697628180534,4,1,319.4880876008619,317.8275790645818,321.14859613714196,311.1855449194615,349.4580718611381,333.0580317721513,331.39752323587123,334.7185403084314,341.3605744535517,319.4880876008619,0,4.5,6,0,0.15,0,6,13.775421661364227,50,0,1.634432328988713,349.4580718611381,319.4880876008619,1,1,0,0,8,8,0,1,2563,0,1,5,,0,0,0,0.49585849083766576,6.8645106926225035,,,,,,1.2604379453764671,99.78449193547141,,109.10649668704619,3,47.719460426335424,30.08198903873452,23.299751905709364,23.007524127376332,,,,3473498
2024-12-11,332.15636971,349.10474905,331.92733756,342.35327949,337.2370388095576,338.43177527024454,332.2496175818972,306.25014512255933,,345.87362327324416,0,0,0,0,334.69082072218856,,97.79009862680964,96.35043180796579,1,0,342.35327949,330.96593015238284,334.4620962876172,317.94267301906234,349.7409006867648,351.68772189623,349.93963882861283,353.4358049638472,360.42813723431607,321.2058048442351,1,3.5,6.5,0,0.15,0,6,12.400908345851098,50,0,0.30263980559271453,349.7409006867648,321.2058048442351,0,1,0,0,8,8,0,1,2563,0,2,6,,0,0,1,5.053167258483639,4.3645106926225035,,,,,,2.3971506640665075,100.59236298704496,,134.16441049829012,3,42.95800663003804,29.031382397466288,27.667115692262378,20.293840050362004,,,,6671723
2024-12-12,341.55664591,341.55664591,326.80896683,328.52172902,334.3319355463717,337.1667513259974,331.8945805760022,307.1235405695178,,347.77611953579947,0,0,0,0,334.42481094905645,,74.8866003241203,94.40624727148867,4,0,326.81275084,,,318.00270835374147,349.81524358040076,333.15081264018465,331.38880414293294,334.91282113743637,341.96085512644316,320.79787164059917,0,0,6,0,0.15,0,6,12.830201157482811,50,0,1.402143181358435,349.81524358040076,320.79787164059917,1,1,0,0,8,8,0,1,2563,0,3,7,,0,0,0,1.6361450370413229,7.3645106926225035,,,,,,1.1743689391539165,99.23392364959469,,123.27293168907991,3,44.44512055217849,27.59888543383552,25.487853427090343,21.288967245686948,,,,3281840
2024-12-13,333.37123592,336.57768606,328.06366471,330.61289216,333.09225441758116,335.7651788694455,331.7725150125734,308.0446916122818,,349.5526031260054,0,0,0,0,334.28151112130536,,57.07788322651197,96.83660917490444,4,1,323.45832705861187,320.97501999,325.25553136,314.1263448091366,349.4572823128858,334.28151112130536,332.5693423260895,335.9936799165212,342.84235509738465,321.7503207151142,0,0,7.5,0,0.15,0,6,12.644378534563842,50,0,1.463779791011939,349.4572823128858,321.7503207151142,1,1,0,0,8,8,0,1,2563,0,4,8,,0,0,0,-0.14134920873041867,6.3645106926225035,,,,,,1.0539563574631061,99.05293380150626,,126.14095994514804,3,43.80141210399575,26.26870968189266,24.356225904665905,20.34376480531173,,,,2972926
2024-12-16,334.64584964,339.06716599,329.44781555,336.28890639,334.1578050750541,334.91226795920176,332.2026475247093,309.1523078780747,,351.2413788956417,0,0,0,0,334.3834268766374,,73.57272002058845,96.59352049143511,1,0,324.1158152070859,322.4400571254569,325.7915732887149,315.73702479894087,349.10474905,347.10932115140247,345.43356306977347,348.78507923303147,355.4881115595475,322.54870549682903,0,0,4.5,0,0.15,0,6,12.706151404839687,50,0,2.9312841661128055,349.10474905,322.54870549682903,1,1,0,0,8,15,0,1,2563,0,5,9,,0,0,1,2.939671375211095,4.3645106926225035,,,,,,1.4657996355178415,97.5277489722097,,121.57642518377479,3,44.01539960369001,25.23073064116268,24.434319153594856,19.30109252408286,,,,4229793
2024-12-17,331.59872621,332.59451818,322.13870249,326.95833563,331.75798192670277,333.3275327182472,331.70318924902267,309.8505834761894,,352.7853989324657,0,0,0,0,334.01024167930166,,47.640114795651655,97.76525752963877,4,0,324.28041861543323,,,315.86840770519143,349.10474905,326.95833563,332.3278394972533,335.69264386135,346.053735636387,323.17080756127103,2,1.5,6,0,0.15,0,6,12.966424900658678,50,0,0.1983476684155424,349.10474905,323.17080756127103,1,0,0,0,10,8,0,1,2563,0,6,10,,0,0,0,-1.270391235837875,5.8645106926225035,,,,,,1.4621819437725878,94.34974261117567,,110.05346389569199,3,44.91701344093412,23.56851949435845,22.599407379398613,21.730638408135153,,,,4408883
2024-12-18,326.21149165,330.66268176,312.86787924,315.78554972,326.43383785780185,330.258744994493,330.18722357959194,310.0833272504565,,354.1223457215987,0,0,0,0,333.23316522293493,,29.796356471795345,98.51611430397949,4,1,312.55945573980455,310.8383429768311,314.280568502778,303.9538919249371,349.10474905,315.78554972,331.51205245996147,334.9542779859084,343.3233539275758,,2,0,2.5,0,0.15,0,6,12.570011362223601,50,0,0,349.10474905,,1,0,0,0,10,8,0,1,2563,0,7,11,,0,0,0,-2.2225688718413172,6.3645106926225035,,,,,,1.260052934058384,88.73083818328799,,103.77377487700304,3,43.5437966621787,22.52261265301983,20.513173662039,24.5340054592652,,,,3906912
2024-12-19,323.58260085,336.0399584,321.15286844,331.39956781,328.0890811752012,328.0203348307212,330.3026849348689,310.9192582527915,,355.3595107282886,0,0,0,0,333.14573350027564,,51.269291321101164,96.96104105373922,4,2,310.9192582527915,309.14023918110183,312.6982773244812,302.0241628943432,349.10474905,333.14573350027564,331.36671442858596,334.9247525719653,342.04082885872396,319.06572612945314,0,0,6,0,0.15,0,6,13.559523637762348,50,0,1.5828956074596432,349.10474905,319.06572612945314,1,1,0,1,8,19,0,1,2563,0,8,12,,0,0,1,1.74877771333662,3.8645106926225035,,,,,,1.4344769870316836,81.32002313937825,,73.12605702192113,3,46.97156773407111,21.064986832877196,21.126701386973664,22.04004550661415,,,,4587897
2024-12-20,326.99485785,344.44418361,326.01834774,341.47459236,332.5509182368008,327.76239183049177,331.36667611821474,312.11750664915263,,356.5590358391452,0,0,0,0,333.5942378800535,,79.81241065434456,87.08373795034063,4,3,312.11750664915263,,,303.03519328639703,349.10474905,349.67381198412863,347.85734931157754,351.49027465667973,358.75612534688423,319.00793399555255,0,1.5,0,0,0.15,0,6,13.889735866061306,50,0,3.3764391035360592,349.10474905,319.00793399555255,1,1,0,0,8,8,0,1,2563,0,9,13,,0,0,2,2.2728146501115694,2.364510692622504,,,,,,1.640271894906897,71.61253853403426,,48.83478994371052,3,48.11545644745976,20.103673012984697,23.344244597863717,20.043885943512695,,,,5476077
2024-12-23,343.05909187,345.08206923,335.83417272,343.72677405,336.2762035078672,329.4914887620654,332.5438283021943,313.35708576291137,,357.73537576679166,0,0,0,0,333.7353421262598,,78.28910817087689,69.74207438566458,1,0,313.2918582265232,,,304.44542900976796,349.10474905,349.2998625251435,347.53057668179247,351.06914836849455,358.1462917418987,319.3845320836097,0,0,0,0,0.15,0,6,13.626543155260537,50,0,4.0482877267188115,349.10474905,319.3845320836097,1,1,0,0,8,8,0,1,2563,0,10,14,,0,0,3,3.0909410686044643,-0.1354893073774961,,,,,,0.43857446358300434,67.58337235968041,,43.17379609787821,3,47.203730152882336,19.261987856274974,22.576700148660755,19.10846104758263,,,,1436153
2024-12-24,346.01881737,347.78269418,342.13230914,346.08857521,339.5469940752448,332.6945588124706,333.8338041981758,314.6406735843658,,358.9044018157502,0,0,0,0,333.8612992212847,,83.02823578410602,58.601916827476906,1,1,314.43806851643825,,,305.971277768737,349.10474905,349.9097915783225,348.21643342878224,351.60314972786273,358.3765823260237,319.84704632610476,0,0,7.5,0,0.15,0,6,12.142758812549161,50,0,4.094429821945692,349.10474905,319.84704632610476,1,1,0,0,8,8,0,1,2563,0,11,15,,0,0,4,2.627442939914184,-0.1354893073774961,,,,,,0.35211394231640075,62.924225133784994,,49.592522096354955,3,42.06375041477975,18.70314846157191,23.32803615925464,18.53916656653743,,,,1062360
2024-12-26,344.60372975,344.60372975,337.72759981,341.88317399,340.32572071349654,335.7370081944624,334.6004108450162,315.70900693360636,,360.040151792535,0,0,0,0,333.95350122733004,,64.70497877087492,74.67553069353175,4,0,315.38430662576565,,,307.1490288154002,349.10474905,350.1105242528863,348.4634686908132,351.7575798149594,358.34580206325177,321.58026235106,0,0,4.5,0,0.15,0,6,11.885357234147595,50,0,3.464395805314089,349.10474905,321.58026235106,1,1,0,0,8,8,0,1,2563,0,12,16,,0,0,5,0.24668724274094256,2.8645106926225035,,,,,,0.4069083627068604,57.173226714266555,,38.86405424602567,3,41.17208519129987,17.735513525635213,22.27071015476409,20.08665457204191,,,,1211476
2024-12-27,338.77396741,339.57119987,331.34974015,332.64524289,337.7655614389977,337.3977307375785,334.4142043731099,316.37317304954337,,361.08289848880054,0,0,0,0,333.93506493070305,,72.2377945264301,84.72608764147276,1,0,314.46732829485273,312.84387104221344,316.09078554749203,306.35004203165624,349.10474905,333.93506493070305,332.31160767806375,335.55852218334235,342.05235119389954,319.73182891635753,0,0,6,0,0.15,0,6,12.167603999327204,50,0,1.7497517709511523,349.10474905,319.73182891635753,1,1,0,1,15,15,0,1,2563,0,0,17,,0,0,0,1.829358214487932,3.8645106926225035,,,,,,0.5130221265090246,49.78488571565505,,18.114121609716822,2,42.14981666642596,16.707292780409837,20.98054527799677,22.430663314546724,,,,1506587
2024-12-30,323.21796908,334.47887754,321.88270437,329.11748927,334.8828707159985,337.5563267967408,333.90975531567085,316.87295015622794,,362.0098106496623,0,0,0,0,333.8536509644959,,47.085256935022585,92.18924243572025,4,0,314.6507985249722,313.03083667278923,316.2707603771551,306.55098926405753,347.78269418,333.8536509644959,332.23368911231296,335.47361281667884,341.95346022541054,319.3467411904544,0,3,6,0,0.15,0,6,12.208710161106376,50,0,1.7910186902849816,347.78269418,319.3467411904544,1,1,0,0,15,8,0,1,2563,0,1,18,,0,0,0,-1.2527886287817658,7.3645106926225035,,,,,,0.6157872332554793,45.45180137007072,,7.470852407334371,2,42.292212587837305,16.542282006626387,19.52397099849373,26.091260648343113,,,,1837750
2024-12-31,329.78517145,331.94407695,326.36703729,327.79209031,332.5192772473323,336.5913417191191,333.327120553226,317.3011517308857,,362.82202670136485,0,0,0,0,333.7552890819763,,29.798639263920084,95.97503940492965,4,1,324.6019409372,,,316.83171449581505,347.78269418,333.7552890819763,332.2012437936993,335.3093343702533,341.52551552336126,318.6006411309972,0,3,4.5,0,0.15,0,6,12.160025118127468,50,0,1.9503483026265458,347.78269418,318.6006411309972,1,1,0,0,10,8,0,1,2563,0,2,19,,0,0,0,-2.1530819796298837,7.8645106926225035,,,,,,0.6064744645155669,40.02670541485781,,-4.977872489787048,1,42.12356265182102,16.389057716684615,18.898380354832643,25.255239710584835,,,,1793757
2025-01-02,331.63873691,341.48455776,327.38350867,337.76746143,334.2686719748882,336.24478741051905,333.7500101605378,318.1037521112431,,363.58368646188126,0,0,0,0,333.84311172233913,,50.72503768202449,94.27576397704303,1,0,334.31723829,,,326.47251690291034,347.78269418,342.959387985,341.39044370758205,344.5283322624179,350.8041093720896,321.58026235106,0,1.5,7,0,0.15,0,6,12.42682929116616,50,0,2.7252880732162685,347.78269418,321.58026235106,1,1,0,0,8,15,0,1,2563,0,3,20,,0,0,1,1.236315766052663,3.3645106926225035,,,,,,0.8311910735766391,32.95670941165583,,-23.4415931666903,0,43.047799418569845,15.283173430568125,22.811163670378836,23.228595908705127,,,,2473774
2025-01-03,330.54254229,353.7519722,330.35319958,352.80525866,340.4475342032588,338.0792812065658,335.5647957319151,319.46459550531205,,364.38480845607006,0,0,0,0,334.23620122806676,,70.4301453981366,95.3130978925044,1,1,347.78269418,,,339.45372197145247,353.5827450814139,354.057521062658,352.3917266209485,355.7233155043675,362.38649327120555,321.88270437,0,3,0,0,0.15,0,6,12.697948889651562,50,0,3.862999645939363,353.5827450814139,321.88270437,0,1,0,1,15,14,0,3,2563,0,0,21,,0,0,2,2.9497918310375693,4.3645106926225035,,,,,,0.8042781159269813,23.618233106673134,,-46.30631545133252,0,43.986985257578624,15.13852201705957,26.525544741323955,20.31535334668021,,,,2392405
2025-01-06,368.47087645,374.99323449,365.242085,370.03544515,350.31017118550585,342.90588772443243,338.8477147241137,321.44776607961353,,365.32301202678025,0,0,0,0,370.03544515,,84.36069140049867,53.98513458790923,2,0,355.58735478,353.84243872850186,357.33227083149814,346.8627745225094,359.8070316643019,0,,,2.8058250108089586,,0,1.5,9,0,0.15,0,3,13.478599273397773,50,0,0.4836538560899906,359.8070316643019,,0,0,0,0,15,18,0,3,2562,0,1,22,,0,0,3,4.9628872008520935,-2.1354893073774965,,,,,,1.124494003088488,25.792527855769855,,-44.75938263852047,0,46.691237512771785,16.2895645952654,34.38295412915021,18.008874154618525,,,,3419116
2025-01-07,371.96873386,373.32402904,355.99020233,367.24513155,355.95515797367057,348.9441639608566,341.55223061229333,323.2437411960993,,366.35912951225055,0,0,0,1,368.7970819994654,,90.35973807524417,42.423160532808076,2,1,355.58735478,353.8123092794125,357.3624002805875,346.7121272770624,364.2860883152881,368.7970819994654,368.7970819994654,371.6371548004054,375.8972640018155,339.39690568858003,0,3,10,0,0.15,0,3,13.49964252065756,50,0,0.980113865521636,364.2860883152881,339.39690568858003,0,1,0,0,15,10,0,3,2562,0,2,23,,0,0,4,3.9276814403779223,-0.6354893073774961,,,,,,0.8812583090907129,34.06050431241748,,-27.165325661709517,0,46.76413345959215,16.526988222891667,31.385102330769357,21.092424942434384,,,,2728249
2025-01-08,361.0566146,367.5141975,346.99542713,365.21218878,359.0408349091137,354.8522763555155,343.8055599615987,324.88956266997775,,367.45567156930497,0,0,0,0,367.5799241362741,,92.53104664387301,57.99313259686812,1,0,365.21218878,353.75589493686516,357.41881462313484,335.90883128984245,368.2888558901746,367.5799241362741,367.5799241362741,370.5102598852898,374.9057635088135,339.39690568858003,1,1.5,0,0,0.15,0,0,12.996521391183618,50,0,0.10499367218271749,368.2888558901746,339.39690568858003,0,1,0,0,15,8,0,3,2562,0,3,24,,0,0,5,3.8446353707415017,1.364510692622504,,,,,,1.0188774084820742,39.74475930448952,,-11.720041106960712,1,45.02127074237154,16.0215703915205,28.24560956189403,23.36757587846598,,,,3160114
2025-01-10,361.9435357,366.55751855,349.78574073,365.83004394,361.3039045860758,360.08516927759047,345.9031298643036,326.49507173939037,,368.60046438464934,0,0,0,0,367.2227507158102,,93.46737482923191,65.77811862889814,1,1,365.83004394,351.55103281512476,355.25181141344666,336.2238151534251,371.7030958039964,370.0043951142789,367.2227507158102,371.7030958039964,379.10465300064016,339.39690568858003,1,4.5,0,0,0.15,0,0,12.660715250284207,50,0,0.1983721704758148,371.7030958039964,339.39690568858003,0,1,0,0,15,8,1,3,2562,0,4,25,,0,0,6,3.767300230426552,1.364510692622504,,,,,,0.7833303281542358,43.874480713715045,,0.03756798041010809,2,43.85800414730872,15.552253833818694,25.959753135740694,21.47648822576831,,,,2386995
2025-01-13,354.1007614,365.58090879,351.78878728,365.54104717,362.7162854473839,364.4562416245887,347.77340770294137,328.02628646215936,224.4706629960501,369.7810542809908,0,0,0,0,366.85545301362856,,60,81.06427521843196,1,2,353.4014221142857,351.55783511631483,355.2450091122566,344.1834871244314,374.6168180129095,366.85545301362856,365.0118660156577,368.69904001159944,376.0733880034829,343.02585045138,0,5,0,62.845800110828854,0.4642290005541443,0,2,11.827972240825531,50,0,2.585134586919579,374.6168180129095,343.02585045138,1,1,0,1,17,15,1,11,512,0,0,26,,0,0,7,3.0344857512121797,4.3645106926225035,,,,,,1.1358533082750135,46.83888098375568,,14.315623988244855,2,40.973297743248246,15.116459887381303,24.19442719606435,20.016035132864864,,,,3267905
2025-01-14,375.01814801,387.53459794,372.40721171,380.937599,368.79005663158927,369.76766187076225,350.93190211218507,330.10123989501585,226.02754793141278,371.0815286996559,0,0,0,0,369.2695005360282,,60,64.82461433857662,2,0,352.35440408299553,350.77641306348005,355.58735478,343.14332025780254,374.99323449,0,,,3.068503307882355,,0,2,8,68.53591630149174,0.4926795815074587,0,3,11.430906754598084,50,0,0,374.99323449,,1,0,0,0,17,18,1,11,512,0,1,27,,0,0,8,4.065256179018447,0.3645106926225039,,,,,,1.0794612616149948,53.40737151258315,,34.874516000653,3,39.597822551092285,16.04230261723077,31.976554700680158,17.95628350890423,,,,3095611
2025-01-15,389.6473636,391.41124042,378.68541731,385.69109753,374.4237369310595,375.8338096567238,354.2423016757865,332.28123431207405,227.61623996721963,372.51303743880806,0,0,0,0,371.2832801623598,,60,41.11893838779797,2,1,352.8867963169156,,,343.4588393500578,374.99323449,0,,,3.032030960541473,,0,2,0,69.44796978701768,0.34723984893508847,0,2,11.441027556885205,50,0,2.344775039894166,374.99323449,,1,0,0,0,17,18,1,11,512,0,2,28,,0,0,9,4.045369931830073,-1.6354893073774963,,,,,,0.8870677420489709,60.113908515691705,,51.6768537223242,3,39.63288203864159,17.09541627953339,31.885337904943807,16.874259872307956,,,,2523964
2025-01-16,392.70674316,396.38397787,385.69109753,389.6473636,379.49827915403966,382.1534497223705,357.61421233523544,334.53088644101234,229.22848995361545,374.0762485979769,0,0,0,0,372.9920274401512,,60,25.08829050457541,2,2,353.60527521819074,,,344.3733830195014,374.99323449,0,,,2.968976531098511,,0,2,0,69.98208367504643,0.3499104183752322,0,2,11.402925893848973,50,0,2.3167470775758936,374.99323449,,1,0,0,0,17,18,1,11,512,0,3,29,,0,0,10,3.859619663268373,-2.6354893073774965,,,,,,0.7708305141117562,66.324335487669,,67.90590986952141,3,39.50089400617835,18.317708448449686,32.6412948398825,16.00172916976421,,,,2111597
2025-01-17,391.92944151,402.73194131,388.2422414,400.02135096,386.33930308935976,388.860951824932,361.6529874423559,337.09913995156086,230.9279214064153,375.80342148335103,0,0,0,0,400.02135096,,96.49827123863386,17.072966562964133,2,3,400.02135096,,,362.1662464671346,400.17075311485667,0,,,2.964937470442189,,1,2,0,73.22346666603097,0.3661173333301549,0,2,10.908442450475178,50,0,0.003946684518723686,,,0,0,0,0,8,18,2,11,512,0,4,30,,0,0,11,4.263924792618062,-2.6354893073774965,,,,,,0.896349515885524,74.94030077271134,,98.31796803581105,3,37.78795311132831,19.751750174919856,33.42494400046959,14.878990168955811,,,,2363785
2025-01-21,403.59893161,415.76669199,393.92252266,414.5608779,395.7464946929065,396.4301300882938,366.6918341526077,340.13685516522514,232.7551150033664,377.7445732768464,0,0,0,0,414.5608779,,99.34484168434493,9.057642621352853,2,4,414.5608779,,,372.67938573107614,,0,,,3.06677608221989,,1,0,0,78.11031903380687,0.39055159516903437,0,2,10.107086319760471,50,0,0,,,0,0,0,0,8,18,1,11,0,0,5,,,0,0,12,6.255300555028563,-2.6354893073774965,,,,,,1.5919308503996739,88.22789871543819,,151.99349971812885,3,35.011974044618945,21.626199387468866,36.109017314656704,13.357409567891564,,,,4223303
2025-01-22,428.51244591,432.59826225,416.6536131,425.62247825,405.70515587860433,405.1572356805276,372.3042764475975,343.48923254109866,234.67419324462642,379.91965036701856,0,0,0,0,425.62247825,,60,3.132183460433903,2,5,386.86125594018,,,377.2011628069158,419.2689080609127,0,,,3.1066859516577545,,0,0,0,81.36739807871733,0.4,0,2,9.538962508775196,50,0,3.354797068067397,419.2689080609127,,1,0,0,0,17,18,1,11,0,0,6,,,0,0,13,8.250243272598626,-4.1354893073774965,,,,,,1.8613345529814787,102.34708751243802,,209.7303216766048,3,33.043935433386636,23.931616293847956,40.87755330528224,12.243970421525274,,,,4973944
2025-01-23,422.16448246,445.95190591,421.19783811,436.19577372,415.86869515906955,415.2247223408908,378.38918094973104,347.12478317556537,236.67938310010277,382.3440762044648,0,0,0,0,436.19577372,,60,0.7163146739599481,2,6,395.11380772205996,,,385.0386289286718,431.19896834193435,0,,,3.240177499953629,,0,3.5,0,84.29817080244476,0.4,0,2,9.45001124383885,50,0,3.5815900997762276,431.19896834193435,,1,0,0,0,17,18,1,11,0,0,7,,,0,0,14,7.859549596867094,-6.1354893073774965,,,,,,1.5127131003059475,112.566851848908,,243.8646819556316,3,32.73579921285209,26.43849803088309,42.310878855010884,10.900994946416391,,,,3925027
2025-01-24,435.41847207,435.41847207,414.56097755,419.03534507,416.9242451293797,423.44431191072556,382.26024419928046,349.9448052106412,238.49387028388284,384.86723769973713,0,0,0,0,426.8288001304035,,60,30.861186477706926,2,7,395.11380772205996,393.0495352660557,397.1780801780642,384.7924454420388,437.4725262255689,426.8288001304035,424.7645276743993,428.89307258640775,437.1501624104247,395.11380772205996,0,0,0,75.70067715837557,0.37850338579187787,0,2,10.799305296776138,50,0,4.1039852448064735,437.4725262255689,395.11380772205996,1,1,0,0,17,10,2,11,0,0,8,,,0,0,15,6.349908776192179,-0.6354893073774961,,,,,,1.7100068057727147,118.89372624700816,,217.81361378013634,3,37.40989092092792,28.12823587962389,38.3515659395757,12.75154863508581,,,,4717500
2025-01-27,338.42517821,351.77882187,321.18502632,328.85340602,387.5672987595865,419.71637097402254,377.17387865839663,349.1176915168906,239.39297014195367,386.91655386486354,0,0,0,0,367.34352008210715,,71.86886150414371,90.7491445595866,4,0,305.44573889666793,302.6552509129676,308.2362268803683,291.49329897816614,355.58735478,328.85340602,331.5267503062996,337.10772627370034,373.5012137592057,305.2083764112679,2,7,5,37.36970046572324,0.18684850232861622,0,4,27.42325005158297,50,0,0.5295899352292087,355.58735478,305.2083764112679,1,0,0,0,8,8,0,11,0,0,9,,,0,0,0,1.6906213279603302,2.8645106926225035,,,,,,3.95934009822525,123.03316437941459,,29.512786486090114,3,94.99692479601507,27.470251236409922,26.34421578646522,38.636205200612444,,,,13356758
2025-01-28,350.19930507,354.28013871,316.60093968,353.89148788,376.342028466391,410.2346377317066,374.95650810807314,349.3048992174047,240.53225887566558,388.67008175196736,0,0,0,0,363.0264141663774,,45.9523593266392,68.64087736791276,4,1,350.39450872531404,,,335.75656455858024,379.40989257499996,363.0264141663774,357.17123649968386,363.0264141663774,374.7367694997644,328.401181085,0,7,0,47.12849309037228,0.2356424654518614,0,4,28.420862374475465,50,0,2.9568046481611363,379.40989257499996,328.401181085,1,1,0,0,10,8,1,11,0,0,10,,,0,0,0,0.22365240091679883,0.8645106926225039,,,,,,2.712604855389596,125.93989352353007,,27.919115313025173,3,98.45275525502828,26.9967110765639,23.316892229608772,35.59441443698479,,,,10396717
2025-01-29,357.0604869,367.56402453,345.06213842,352.02795701,368.23733798092735,397.31311023746713,372.7728365749233,349.41168579750644,241.6416688073505,390.1265855031067,0,0,0,0,361.442639751137,,43.55456696045847,78.41114105291567,4,2,350.5660941850761,347.64670914241486,353.48547922773736,335.96916897176976,379.40989257499996,365.4035357845189,361.442639751137,367.56402453,379.2415647006451,328.401181085,0,3.5,3.5,45.681810073350924,0.22840905036675463,0,4,28.26837826382757,50,0,2.6739613657258743,379.40989257499996,328.401181085,1,1,1,0,10,8,1,11,2056,0,11,0,,0,0,0,-1.3006757121460852,3.8645106926225035,,,,,,1.3523356619090496,126.3009093984026,,28.97779872531826,3,97.92453480105007,25.96182700731032,25.77495192082421,33.14483582753195,,,,5449781
2025-01-30,363.73730873,386.29898728,363.66755089,381.61524659,372.6966408506182,387.03588244306354,373.61497086207345,350.67457053446697,243.03444072558582,391.47680802838806,0,0,0,0,364.0761268474489,,42.120130086013056,84.58014280625113,4,3,351.78078623345345,,,336.6965418269011,436.6619479546929,401.20405790550586,398.1872090241954,404.22090678681633,416.2883023120582,356.24532986022,0,4,0,57.02105654271777,0.43510528271358884,0,4,29.265632757576522,50,0,2.9805091215411874,436.6619479546929,356.24532986022,1,1,0,0,10,8,1,11,2088,0,12,0,,0,0,1,-0.0626320341124611,2.8645106926225035,,,,,,1.3458856378092816,124.03856200431088,,22.351185358435576,3,101.37912570354919,24.23901606672012,28.70540474505552,29.78303902029816,,,,5682519
2025-01-31,384.22618289,385.74092456,369.27807431,371.59004844,372.3277767137455,379.361455768013,373.42212110759027,351.49478535429176,244.31360100135115,392.6530983454303,0,0,0,0,364.72969875546966,,33.86789461723403,89.99305530487504,4,4,352.38818480661854,349.439835396741,355.3365342164961,337.6464377572307,434.75274560650035,445.95190591,,,460.69365295938786,343.02585045138,0,0,2.5,52.09552268763987,0.41047761343819933,0,4,29.444691025771885,50,0,6.981944210126294,434.75274560650035,343.02585045138,1,1,0,0,10,8,1,11,2088,0,13,1,,0,0,0,-0.9813887963898926,3.8645106926225035,,,,,,0.9555414696398341,119.06452577980072,,16.730611894918063,2,101.99940173960852,22.639263050457785,27.27429896616788,28.2982078662582,,,,4146855
2025-02-03,349.12802395,365.92481494,347.74283256,360.45869025,368.37141455916367,371.9652981642883,372.18750864496263,351.8463110364764,245.46927353118843,393.5952177654152,0,0,0,0,364.393051565201,,22.24130038113919,92.69951155418698,4,5,352.871091756243,,,338.11771878716854,395.11380772205996,364.393051565201,361.4423769713861,367.3437261590159,379.14642453427547,335.30643381308,0,3.5,4,46.84472930751614,0.3842236465375807,0,4,29.551715875909725,50,0,1.9715232450973368,395.11380772205996,335.30643381308,1,1,0,0,10,8,1,11,2088,0,14,2,,0,0,0,-2.4009543448012978,3.8645106926225035,,,,,,0.9229181405526395,111.07623289073581,,8.504516673960662,2,102.37014669583088,21.940440186190155,25.306177284729852,32.77264085337563,,,,4079368
2025-02-04,359.35253022,364.81357255,348.35570501,355.29661009,364.01314640277576,364.4468525220394,370.5788516397281,351.9816168817126,246.56208285018158,394.2883414797831,0,0,0,0,363.9315021305451,,22.855637734901435,95.8182530610147,4,6,352.7546529168164,,,338.3203660732115,379.40989257499996,364.50225357842766,358.7285388409857,364.81357255,376.3610020248839,331.44763108978003,0,4.5,6,44.10026309920846,0.37050131549604237,0,4,29.28753826609278,50,0,2.787361806171496,379.40989257499996,331.44763108978003,1,1,0,0,10,8,1,11,2088,0,15,0,,0,0,0,-1.1359482638426641,5.8645106926225035,,,,,,0.6232275369208392,102.78247942627077,,1.3084330024356319,2,101.45500861098078,21.291533240798785,24.01805597655193,31.104465666996578,,,,2766366
2025-02-05,362.71087195,368.19682779,358.38588586,366.65717261,364.8944884718505,358.4094572813351,370.2053583988016,352.5571288710572,247.75705886769222,394.8222302601383,0,0,0,0,364.06509786622087,,46.622730819260624,93.28369881030065,4,7,353.5592290918657,350.76339530573193,356.35506287799944,339.5800601611969,386.29898728,419.03534507,,,433.0145140006688,343.02585045138,0,4,0,47.99060591278776,0.38995302956393885,0,4,29.05632952552525,50,0,5.4373400161052095,386.29898728,343.02585045138,1,1,0,0,10,8,1,11,2088,0,16,0,,0,0,0,1.594574155471804,2.8645106926225035,,,,,,0.637433758897341,99.21479151049866,,-1.4299336468866548,1,100.65407803934683,20.527483734733227,24.109031180619457,29.823048852914138,,,,2810011
2025-02-06,364.7238839,378.73524434,363.33699839,373.53330256,367.77409316790033,355.34634177750434,370.5223054617729,353.37972391768244,249.0085637800535,395.2584450693877,0,0,0,0,364.45477999243707,,59.27449935222848,90.18371838032064,4,8,353.6402972947565,350.90668158307875,356.3739130064343,339.9722187363676,386.29898728,445.95190591,,,459.6199844683889,350.77641306348005,0,3.5,3.5,50.00821533589416,0.40004107667947075,0,4,29.10646438153707,50,0,6.96334107533389,386.29898728,350.77641306348005,1,1,0,0,8,8,1,11,2088,0,17,1,,0,0,1,1.694409597606175,2.364510692622504,,,,,,0.5599255982129664,93.94596172683453,,-6.8252921734599905,1,100.82775027503207,19.320565849245217,26.33856414776955,28.323129832477846,,,,2460844
2025-02-07,379.3630649,388.54120357,374.09136528,376.66243995,370.73687542860023,355.7940309430095,371.1070801749374,354.2927716052243,250.27875160264003,395.63828306174884,0,0,0,0,364.9243154102292,,66.92487565966066,90.46643146995362,4,9,371.59004844,368.9176918772813,374.26240500271865,358.2282656264067,386.29898728,376.66243995,383.62663071728133,388.9713438427187,409.92005607174923,353.17217811612,2,0,5,50.497170669931876,0.40248585334965936,0,4,29.107463688406128,50,0,0.7063122548497484,386.29898728,353.17217811612,0,0,0,0,8,8,1,11,2088,0,18,2,,0,0,2,1.8747809032359655,2.8645106926225035,,,,,,0.5489974225235498,86.7249636323699,,-13.989962102824736,1,100.8312119755712,18.120555771046874,28.294132709946503,26.902932221670028,,,,2391723
2025-02-10,377.83835783,384.36569857,370.71309274,383.66812017,375.0472903424002,359.8928562406472,372.3033696982767,355.4447460587449,251.60600900132022,396.02981154618936,0,0,0,0,365.5306892851261,,80.92975927071873,78.06551510253507,1,0,356.58127187631516,355.58735478,361.05468586692,345.1738659102593,386.29898728,386.29898728,383.69561506256485,388.90235949743516,399.3158483671759,361.05468586692,0,2,0,52.48766183799165,0.4124383091899583,0,1,29.156314917932473,50,0,2.6051247314344317,386.29898728,361.05468586692,1,1,0,0,8,8,1,11,2088,0,19,3,,0,0,3,3.9076853905429587,0.8645106926225039,,,,,,0.47889172331777985,76.97252976535167,,-23.789904682193633,0,101.00043759867488,16.848472978304496,26.96931033631291,26.80186867402812,,,,2078929
2025-02-11,379.98092006,381.75476227,368.09219103,371.60997925,373.9015199782668,364.00355288164803,372.23733251272654,356.07867677212744,252.80007835702847,396.38650708323905,0,0,0,0,365.7199001447997,,88.56224167474954,75.81430988173162,1,1,371.59004844,369.0335605850602,374.1465362949398,358.80760916530096,386.29898728,386.29898728,383.7424994250602,388.8554751349398,399.081426554699,350.77641306348005,0,3.5,2.5,46.99757281134098,0.38498786405670493,0,1,29.35709155927008,50,0,1.1507145486006134,386.29898728,350.77641306348005,0,1,1,0,5,15,1,11,2088,0,20,4,,0,0,0,4.306648011726699,1.364510692622504,,,,,,0.48221640666093235,63.493684117906554,,-37.565178172871654,0,101.69594828621442,15.749476282616998,25.50220245134804,26.25922326060008,,,,2064343
2025-02-12,363.498139,376.95143672,358.48553992,368.37122239,372.0580874488445,366.9869416887112,371.8691315486573,356.56073738459304,253.95003998919734,396.7132731322269,0,0,0,0,365.790912834769,,88.03182491009412,78.00351358019091,1,2,356.99684752803574,354.45809186987736,359.5356031861941,344.3030692372438,388.54120357,371.59004844,369.0512927818416,374.12880409815835,384.28382673079193,343.02585045138,0,4.5,4,45.05657191692901,0.375282859584645,0,1,29.05722866573925,50,0,2.4850249720247968,388.54120357,343.02585045138,1,1,0,0,15,15,1,11,2088,0,0,5,,0,0,0,2.594718533329753,1.864510692622504,,,,,,0.43281704171131863,52.74384395093507,,-47.6005216232598,0,100.65719275241437,15.188238030169712,23.846016218690796,27.932445277286114,,,,1825378
2025-02-13,374.69925502,375.89510371,359.35253022,369.02893917,371.04837135589634,368.6525069692848,371.5986370364042,357.04968647421686,255.09510366263817,396.99494182318466,0,0,0,0,365.91033108175026,,65.1697942656682,85.72804665707669,4,0,357.5374485839291,355.03233106662134,360.0425661012369,345.01186099739016,388.54120357,371.59004844,369.0849309226922,374.09516595730776,384.11563602653894,348.18055984,0,3.5,4,44.66327807610086,0.37331639038050435,0,4,29.022543244501016,50,0,1.8689333684559246,388.54120357,348.18055984,1,1,0,0,8,8,1,11,2088,0,1,6,,0,0,0,0.026463991186715496,3.3645106926225035,,,,,,0.6181581828457676,41.066333011574244,,-59.15303111253776,0,100.53703892868128,14.66708822432581,22.440056801875865,26.285550294404814,,,,2609692
2025-02-14,368.00250238,368.00250238,355.76498416,366.31834882,369.4716971772642,369.2237106521493,371.0957524443657,357.41316342895345,256.20180261942784,397.21008400675606,0,0,0,0,365.9228444287622,,47.210652760644884,91.26229836010735,4,1,357.9684884675892,355.52387974607126,360.4130971891072,345.74544485999945,388.54120357,390.0697161635023,388.54120357,394.95893360653815,404.73736849260996,343.02585045138,0,6,0,42.98039478049402,0.36490197390247014,0,4,28.996686889588563,50,0,3.207320752944533,388.54120357,343.02585045138,1,1,0,0,15,8,1,11,2088,0,0,7,,0,0,0,-0.737599915452916,4.3645106926225035,,,,,,0.5295141216044768,26.252594250253093,,-73.86435489160688,0,100.44746988786748,14.363982510036086,21.35295650067809,26.32245456999519,,,,2238830
2025-02-18,366.6472072,376.46303218,362.09301679,371.95876845,370.3007209348428,370.0839650259185,371.1779444449023,357.9835793121317,257.35361322470715,397.38805610795197,0,0,0,0,366.115533030088,,71.3922424021525,78.46344854761193,1,0,358.59069274711936,356.192395225442,360.9889902687967,346.5992051387325,388.54120357,376.66243995,374.26414242832266,379.0607374716774,388.6539275583869,350.77641306348005,0,2,4,44.53217259678645,0.3726608629839323,0,1,28.900411770341986,50,0,2.1587002156775963,388.54120357,350.77641306348005,1,1,0,0,8,15,1,11,2088,0,1,8,,0,0,1,4.096486494169966,0.8645106926225039,,,,,,0.5690656091364993,12.021715150827267,,-87.99196957191141,0,100.11396309178784,13.567901588487832,23.36037257159039,24.914260406131255,,,,2407295
2025-02-19,368.66021916,375.1775945,364.98298445,373.90202257,371.50115481322854,371.2928688255696,371.4373804568164,358.60783198891085,258.51329888983446,397.54672679864456,0,0,0,0,366.2843245636003,,83.47449921409735,72.06402364136423,1,1,358.7956602378616,354.15963251813935,360.5561789814001,344.8875770786948,388.54120357,376.66243995,374.3444260901389,378.98045380986116,388.2525092493057,353.17217811612,0,3.5,0,44.63550779619213,0.3731775389809607,0,1,28.623741291154,50,0,2.1387234309519525,388.54120357,353.17217811612,1,1,0,0,8,15,1,11,2088,0,2,9,,0,0,2,4.09111418728345,0.8645106926225039,,,,,,0.40726847014460393,5.6509295825346095,,-94.30094465558865,0,99.1555484379718,12.82868358990731,22.44306213303238,23.935932210831385,,,,1670875
2025-02-20,373.76250689,381.96403579,351.88844133,358.43571289,367.14600750548567,370.76815527094755,370.1991264028339,358.60108222032613,259.507551765458,397.5930138965387,0,0,0,0,365.9475179220641,,45.24826845296938,85.50050910460332,4,0,355.58735478,,,343.4824871065375,379.40989257499996,360.64987902624887,358.22890549155636,363.0708525609414,372.75474669971135,335.30643381308,0,0,4,38.121496061106114,0.34060748030553056,0,4,28.65089801819655,50,0,2.0936573531265736,379.40989257499996,335.30643381308,1,1,0,1,15,19,0,9,2088,0,0,10,,0,0,0,-3.0044120736447857,5.8645106926225035,,,,,,0.8582578818853843,5.520708122371474,,-94.43755250089512,0,99.24962209998175,12.867009446206229,19.953698903642103,26.1102601547939,,,,3455981
2025-02-21,356.3629085,358.68484803,324.2942329,326.74572271,353.67924590699045,365.4798436167631,366.06070700351637,357.35185243560744,260.17658829226934,397.338709172856,0,0,0,0,362.8270645121061,,3.140920500413972,97.7760244584281,4,1,256.3989461185501,,,243.6234165320314,355.58735478,326.74572271,328.66810897896073,333.77832081356826,367.6274173868598,,2,0,4,25.586135499228785,0.2779306774961439,0,4,29.6006371979588,50,0,0,355.58735478,,1,0,0,0,10,8,0,9,2088,0,1,11,,0,0,0,-4.131654964748499,4.8645106926225035,,,,,,1.6667620703120718,5.681222638781758,,-94.45948511531867,0,102.53961512655576,14.091933242154072,17.555769292943147,32.614998000418076,,,,6964959
2025-02-24,326.24745242,328.24731004,302.39027113,314.81713206,340.72520795799363,355.81771711806834,361.1803665327053,355.6838241855836,260.72027529493334,396.7321390786038,0,0,0,0,359.19706807049306,314.81713206,2.7016828041759675,99.65239722996773,4,2,257.13089050930006,,,244.27434598383505,355.58735478,314.81713206,329.1624870946943,334.36941663593694,349.07502820497064,,2,6.5,2.5,20.74900262508197,0.25374501312540987,0,4,29.575245345490604,50,0,0,355.58735478,,1,0,0,0,10,8,0,9,2088,0,2,12,,0,0,0,-4.3385424724874735,7.3645106926225035,,,,,,1.6641269487913426,16.97261232265749,,-83.4335401467235,0,102.45165516940935,15.93476496007821,15.99898325386895,37.23476514069757,,,,7156923
2025-02-25,306.19705611,320.98970436,296.96909042,316.59097428,332.6804633986624,344.23322201016833,356.93375774673336,354.1507712481097,261.27620264801857,395.8169955361221,0,0,0,0,356.32768224766147,316.59097428,2.7121272649643466,99.65239722996773,4,3,257.88056665970004,,,244.98653832671502,355.58735478,332.2813531301911,329.64938036157844,334.9133258988038,345.4412169732545,321.98583372021807,0,5.5,0,21.17099493615169,0.25585497468075846,0,4,17.335887601870443,50,0,0.7823423959967396,355.58735478,321.98583372021807,1,0,0,0,10,8,0,9,2088,0,3,13,,0,0,0,-4.333254730620558,7.3645106926225035,,,,,,1.719696902890627,17.731537699593424,,-70.47365471237332,0,60.05327624148597,17.801596183372897,14.695285026641615,36.03969521095428,,,,6835154
2025-02-26,333.67167968,340.88663342,326.71582649,334.08026132,333.14706270577494,334.89035820713104,354.75723427752064,353.36369242739954,262.00062114226716,394.73332612548006,0,0,0,0,355.3461776251884,323.7028100830945,21.04335637346714,95.55072217590859,4,4,332.92786438412446,330.266964142377,335.58876462587193,319.6233631753871,355.58735478,353.36369242739954,350.7027921856521,356.024592669147,366.6681936361369,319.3718514069787,0,3.5,2.5,27.511247822039834,0.2875562391101992,0,4,16.53394562481817,50,0,2.554912843940191,355.58735478,319.3718514069787,1,1,1,0,10,8,0,9,2088,0,4,14,,0,0,0,-0.44400135193576595,3.3645106926225035,,,,,,1.2697852216671852,32.47194401674414,,-43.305469714873745,0,57.275267743532424,18.26336812094631,20.173631266239486,33.10161815485026,,,,4684242
2025-02-27,343.9858746,347.3043547,320.88606414,325.15125779,330.4817944005166,327.4630992633186,351.93761746918534,352.2573224416192,262.6289856860257,393.453667699066,0,0,0,0,354.0485010367921,324.1268314422275,20.940709671172318,93.1499333677476,4,5,315.3920623129301,312.68534877987884,318.0987758459813,301.8584946476739,355.58735478,325.15125779,330.82896137476433,336.2423884408668,368.4586743188196,315.3920623129301,2,0,5.5,23.80631061748834,0.2690315530874417,0,4,16.70974660449322,50,0,0.22534697886158828,355.58735478,315.3920623129301,1,0,0,0,10,8,0,1,2090,0,5,0,,0,0,0,-1.3396191005899887,2.8645106926225035,,,,,,1.304546212926562,41.3516965263892,,-28.561414825588265,0,57.88426020116756,18.321890220154366,20.532590818748716,30.216964868169725,,,,4768005
2025-02-28,321.23485334,334.83763215,317.57754945,334.02046888,331.6613525603444,322.86549570288656,350.2312223654534,351.54215171371254,263.3393487028812,392.06872326036944,0,0,0,0,353.33530136426464,326.11517173247074,17.95171888705824,95.46297891308785,4,6,325.61038700917277,,,312.2729633423278,355.58735478,334.74994536220004,332.08246062883103,337.41743009556905,348.087369029045,313.16405407380876,0,3.5,0,26.84031859472185,0.28420159297360925,0,4,14.574994551116239,50,0,1.6184453480360574,355.58735478,313.16405407380876,1,1,0,1,10,8,0,1,2090,0,6,1,,0,0,0,-1.8767031167248867,4.8645106926225035,,,,,,1.1457056806108257,47.730747455151516,,-5.463567086742857,1,50.48926216514573,18.507058574690944,19.346366942659017,29.57867013092987,,,,4096607
2025-03-03,333.54212941,336.26258551,307.70502131,314.8868899,326.0698650068963,318.26177808536715,346.8650954639816,350.104690466116,263.85225956056394,390.4872605541261,0,0,0,0,351.78108427156985,323.95843642448307,16.73158751954983,85.78342830188438,4,7,307.4343053393813,304.70237697803867,310.1662337007239,293.7746635326681,355.58735478,330.934457556277,328.20252919493436,333.6663859176196,344.59409936299016,307.4343053393813,0,4.5,1.5,19.342123665884976,0.09671061832942489,0,4,15.376877035099866,50,0,1.7204076468056633,355.58735478,307.4343053393813,1,1,0,0,10,8,0,1,2090,0,7,2,,0,0,0,-1.8200494558724545,1.364510692622504,,,,,,1.3422305536437018,52.5036892360393,,-1.433109451671965,1,53.26706457306409,19.062035609312435,17.540718262973023,30.044582667355854,,,,4846242
2025-03-04,304.74210688,320.53727494,293.43137139,311.98695684,321.37556228459755,313.4123170143988,343.54336797598336,348.6098773827389,264.33121177229964,388.72590949031513,0,0,0,0,349.8070574926695,311.98695684,74.77463817531,68.64087736791276,4,8,301.7968396504182,299.0180320331893,304.57564726764707,287.9028015642738,347.3043547,331.5102047736586,328.7313971564297,334.2890123908875,345.404242859803,301.7968396504182,0,4.5,0,18.028799833427165,0.09014399916713584,0,4,15.201270845020787,50,0,3.2753267817052696,347.3043547,301.7968396504182,1,1,0,0,8,8,0,1,3114,0,8,0,,0,0,0,1.8888384741722675,0.8645106926225039,,,,,,1.6823567408691054,54.85323848740221,,4.167382877063346,2,52.65874688638296,20.080232507507066,16.013029937745014,32.01414350579703,,,,6257519
2025-03-05,313.46183688,322.76952582,310.11356022,315.70405317,319.48505924639835,309.5530837974745,340.8920046611278,347.3194529038079,264.84238432352055,386.8431920130124,0,0,0,0,348.60289585302627,313.56515226092205,65.56205904274154,72.92651510140567,4,9,313.56515226092205,310.8718312092095,316.2584733126346,300.0985470023594,347.3043547,326.74572271,324.05240165828747,329.4390437617125,340.21232796856265,297.56958133164255,0,3.5,0,19.204504964865798,0.09602252482432899,0,4,15.296661389367966,50,0,2.166555031365903,347.3043547,297.56958133164255,1,1,1,0,8,8,0,1,3114,0,9,1,,0,0,0,2.7920013654538502,0.8645106926225039,,,,,,1.21119899711288,56.545801410841044,,6.711957711188879,2,52.98918942512489,20.87497378457119,16.081203644189447,30.67097337315413,,,,4617132
2025-03-06,305.61906258,308.01075996,287.28271606,292.19566108,310.3885931909322,304.58087265526626,336.25425765340134,345.1577355773841,265.11455623154524,384.7253838316584,0,0,0,0,345.54268647616266,292.19566108,30.48379369343928,76.10387769068093,4,10,289.0031718151574,286.248468900085,291.75787473022973,275.22965723979564,347.3043547,355.8932920795112,,,369.1975167388895,289.0031718151574,0,0,0,10.214869086555437,0.05107434543277718,0,4,16.33199572162429,50,0,5.027735322945125,347.3043547,289.0031718151574,1,1,0,0,10,8,0,1,3114,0,10,2,,0,0,0,-0.6591529620978829,1.364510692622504,,,,,,1.853669808962139,56.59911423557844,,0.04139848181295745,2,56.57569275770159,22.342444382209056,14.599810714718549,35.245534424137325,,,,7501033
2025-03-07,291.98638756,299.95871213,278.59288227,288.29918744,303.0254579406215,299.3691574381437,331.68710810926785,342.92798859160433,265.34524907939056,382.3950155600188,0,0,0,0,342.63545544077556,288.29918744,27.184013199299077,82.25007512450443,4,11,281.2175908218686,278.4688860626943,283.9662955810429,267.474067025997,342.52402930048004,288.29918744,,,344.3486327179794,281.2175908218686,2,6.5,0,8.650593308245634,0.04325296654122818,0,4,16.026088896464845,50,0,0.12634552550894954,342.52402930048004,281.2175908218686,1,0,0,0,10,8,0,1,3114,0,11,3,,0,0,0,-0.8737419726955054,1.864510692622504,,,,,,1.7230206495688687,56.28850358923374,,1.3914964202339202,2,55.5160004305851,23.945116137132086,13.586550769667728,35.62211857150791,,,,7397662
2025-03-10,275.01530162,280.39662071,265.54816619,269.19550468,291.7488068537477,292.2242510086212,325.73552683029,340.0365186342865,265.38356008039165,379.7837585307959,0,0,0,0,339.35126501562064,269.19550468,2.1792192363636764,98.46078078470582,4,12,264.42601345995007,261.6705106366989,267.18151628320123,251.20471278695254,334.46239476304004,337.0160398780556,,,350.7935539943114,270.61737342881327,0,0,0,1.4363906334113592,0.007181953167056796,0,4,16.776223386084986,50,0,4.819350275308365,334.46239476304004,270.61737342881327,1,1,0,0,10,8,0,1,3114,0,12,4,,0,0,0,-4.632227163362526,5.3645106926225035,,,,,,1.5103223444888307,58.779223399140676,,1.1437427579778103,2,58.11454252764876,25.76803568658007,12.584957886261556,37.22291544014338,,,,6818771
2025-03-11,269.055989,290.52127361,267.58110895,283.22679593,288.9081365458318,285.56754074566925,321.6870762683576,337.8086863713733,265.5611047157111,377.02724430361803,0,0,0,0,337.4746389511058,275.31546707210055,11.609013659744344,89.58542641603822,4,13,265.0259465509001,262.26244245913114,267.789450642669,251.77464922335506,334.46239476304004,336.2759309550562,,,350.0934514139009,265.78493001837387,0,5,0,6.65221333267173,0.03326106666335865,0,4,17.772280393313544,50,0,5.101566604995369,334.46239476304004,265.78493001837387,1,1,0,0,10,8,0,1,3114,0,13,5,,0,0,0,-4.052482368376419,2.8645106926225035,,,,,,1.1284013222344773,61.52120548894599,,-0.07111140538651409,1,61.56498521515849,26.753615468562614,14.923359026806057,34.46406102775368,,,,5274793
2025-03-12,300.53670567,306.93449614,291.37849781,297.64673801,291.8210037005545,281.5006754964412,319.3975202437521,336.2337080042606,265.8803647484901,374.2377020440302,0,0,0,0,336.3601292241698,281.4121084160639,9.35487817412915,90.1672854878124,4,14,296.96909042,294.19130358291096,299.746877257089,283.0801562345549,334.46239476304004,297.64673801,,,342.09132740342415,263.512332304429,2,3.5,1,11.947619107397925,0.059738095536989624,0,4,18.80290879702427,50,0,0.7680216235864558,334.46239476304004,263.512332304429,1,0,1,0,10,8,0,1,3114,0,14,6,,0,0,0,-2.988421691601207,2.8645106926225035,,,,,,0.9464622224927737,64.40633325759951,,-1.1189857771455634,1,65.13518673305965,26.63552495639164,19.061814673868646,31.83779364407673,,,,4541534
2025-03-13,295.97254985,302.44009816,284.36285218,299.2013413,294.281116233703,279.94046008482945,317.47407463006147,334.78145832958376,266.21191675397773,371.43578863891133,0,0,0,0,335.7121332569299,284.03774195835274,33.326567258656546,90.4582150236995,4,15,296.96909042,294.22831294645306,299.7098678935469,283.2652030522653,334.46239476304004,335.4285229713252,,,349.1324103390599,265.54816619,0,3.5,0,12.392166717506408,0.061960833587532044,0,4,18.872765035790813,50,0,5.099309043203022,334.46239476304004,265.54816619,1,1,1,0,10,8,0,1,3114,0,15,7,,0,0,0,0.8320405846555541,2.8645106926225035,,,,,,0.5937579484463575,65.04446404020008,,-0.5089112493926674,1,65.37717584259829,26.769499667413925,17.93926721153845,32.24834234947586,,,,2880429
2025-03-14,305.38985825,314.7075126,301.95179328,312.54501956,300.36908400913535,281.887851785155,317.00464081386514,333.9094411229334,266.67294265254515,368.7133469542322,0,0,0,0,335.11040906180926,289.2869563847954,23.06058036518398,90.60367979164305,4,16,288.56259249194545,285.87913687990186,291.24604810398904,275.1453144317275,334.46239476304004,335.9607242182156,333.277268606172,338.6441798302592,349.37800227843354,265.54816619,0,2,0,17.201624000985635,0.08600812000492819,0,4,19.605001985782184,50,0,5.247901825705464,334.46239476304004,265.54816619,1,1,0,0,10,8,0,1,1066,0,16,8,,0,0,0,-2.1189915117210356,2.8645106926225035,,,,,,0.8914411002527451,65.80250032127317,,-3.1086778226567757,1,67.91371904372694,26.168916098593126,21.09541917860569,30.584548420325987,,,,4404545
2025-03-17,311.41892871,334.13008834,309.92411785,330.81160824,310.5165920860902,287.99831976560824,318.3195900925447,333.7879574804654,267.31113833003224,366.1919874143845,0,0,0,0,335.00225450225804,295.7095374169839,54.209837850071445,88.84370887099183,4,17,290.2752807671957,,,277.4675676491953,347.3043547,336.0943502946071,333.38644534690593,338.8022552423083,349.63387503311304,296.96909042,0,9.5,0,23.755265233866808,0.11877632616933405,0,4,20.656558179926268,50,0,2.889707034053885,347.3043547,296.96909042,1,1,0,0,8,8,0,1,1070,0,17,0,,0,0,1,2.4507302773622115,2.364510692622504,,,,,,0.8670333347907292,66.60569483183559,,-6.918627232652537,1,71.55641655426957,24.607839138499685,25.815800373199703,28.14351832229349,,,,4376625
2025-03-18,327.86184815,329.8319092,313.47399468,317.82668459,312.9532895873935,295.01799857720823,318.2726467113499,333.1620252102511,267.8137805813752,363.7889606822868,0,0,0,0,334.7326508552523,297.6842496510437,59.08197012982021,87.96372341066623,4,18,313.47399468,310.804711393206,316.14327796679396,300.12757824603017,342.52402930048004,336.00860907518216,334.7326508552523,341.3471756487701,352.0243087959459,293.43137139,0,8,0,18.674507301325505,0.09337253650662752,0,4,20.82182852562796,50,0,2.658468779230572,342.52402930048004,293.43137139,1,1,0,0,8,8,0,1,1070,0,18,0,,0,0,0,0.8644968223301674,2.364510692622504,,,,,,0.5475815866235368,67.49067818688529,,-6.430501118024477,1,72.12892982574918,23.158267675555777,24.318661028936827,26.511387303414438,,,,2774135
2025-03-19,322.14668797,342.23196319,319.39125329,334.63832404,320.181634404929,303.88702804700097,319.83128264741185,333.21991928200595,268.4787014118093,361.6120712832798,0,0,0,0,334.7308470119804,301.3731668643375,70.93120129065534,82.03380055067359,4,19,333.21991928200595,,,319.737296941534,347.3043547,337.4608481329254,334.764323664831,340.15737260101974,350.9434704733973,296.96909042,0,6,2.5,24.642410098189103,0.12321205049094552,0,4,21.626008468778867,50,0,3.00325535273489,347.3043547,296.96909042,0,1,0,0,8,8,0,1,1070,0,19,1,,0,0,1,2.193527100074162,1.364510692622504,,,,,,0.668409347351211,68.39712120673865,,-8.699988725344712,1,74.91469086567962,21.797853321295747,26.459319011615886,24.369020468253783,,,,3445579
2025-03-20,328.1309141,341.15569938,328.1309141,335.66476082,325.342676543286,313.42349552511695,321.3392329495631,333.3157954207508,269.1472194158709,359.65479873227326,0,0,0,0,334.74864353580756,304.5303363485086,75.05264102507576,86.3914725551301,4,20,333.3157954207508,,,320.2147539045983,347.3043547,338.2748483675484,335.65464006431785,340.8950566707789,351.3758898837009,296.96909042,0,7.5,2.5,24.714184879372663,0.12357092439686333,0,4,21.289543079573217,50,0,3.1528606253649176,347.3043547,296.96909042,0,1,0,1,8,19,0,1,1062,0,20,2,,0,0,2,1.8806008717880829,2.8645106926225035,,,,,,0.678698835092476,69.3201434291351,,-6.005489832530198,1,73.74914056749438,20.534611420911435,25.28497484635152,23.28745003979573,,,,3500118
2025-03-21,329.49617468,333.99296436,323.98530532,332.71500073,327.80011793885734,322.1727179527693,322.4226394048428,333.29223484464296,269.7797346528274,357.8842176270365,0,0,0,0,334.7158316677224,306.5995261323429,70.44403658966674,88.57030855735835,4,21,310.9595546459581,306.5995261323429,312.54501956,296.45020045248674,347.3043547,336.8516321558265,334.7158316677224,340.5309926511,350.68031833095614,296.96909042,0,6,0,23.328389049741762,0.11664194524870881,0,4,19.13586849455769,50,0,2.8840441695432903,347.3043547,296.96909042,1,1,0,0,8,8,0,1,1030,0,21,3,,0,0,3,0.9746254624941804,2.8645106926225035,,,,,,0.60735209582222,69.32443452388847,,4.579734505305319,2,66.28859295906096,19.135756125423722,24.245796944837622,23.789158746641466,,,,3012138
2025-03-24,343.04912646,348.41051474,337.97693426,342.38144428,332.66056005257155,330.8650034016411,324.3234779643816,333.64867443034325,270.50213972374456,356.34762382490584,0,0,0,0,334.84267031352397,309.1440635524004,65.92013978129502,87.82702325384949,4,22,337.39881279888,334.9025808195384,339.8950447782216,324.917652902172,354.10271688041064,352.3351936904392,347.342729731756,355.58735478,365.5722826973664,316.60093968,0,6,2.5,26.57254564775847,0.13286272823879236,0,4,18.88767749251808,50,0,2.6995553170141005,347.3043547,316.60093968,1,1,0,0,8,8,0,1,1030,0,22,4,,0,0,4,0.7186653864971877,2.364510692622504,,,,,,0.660061563081249,69.3236899706774,,5.952812572226984,2,65.42883410803289,18.559359781411985,28.041535033013766,22.453634852338027,,,,3141011
2025-03-25,342.68040645,343.74670486,332.05728395,335.03694026,333.452686788381,337.5029299519974,325.34380770682145,333.7031162275847,271.1442770425133,354.97193057744425,0,0,0,0,334.84532675294673,310.60005917096623,81.42867212334437,89.28808390671804,4,23,333.7031162275847,331.28081670292823,336.12541575224117,321.59161860430225,347.3043547,345.96355579631705,343.5412562716606,348.3858553209735,358.0750534195995,296.96909042,0,6,3,23.5640832675472,0.11782041633773602,0,4,19.062138103208994,50,0,4.045285471726711,347.3043547,296.96909042,0,1,1,0,5,8,0,1,1030,0,23,5,,0,0,5,4.706313759877827,2.8645106926225035,,,,,,0.578590267391169,70.71888631079138,,7.09598216963012,2,66.0331833913052,17.68136667404124,26.833306981303377,23.668150230677703,,,,2631713
2025-03-26,334.28953484,334.28953484,313.57145635,316.60093968,327.835437752254,340.04619165368223,324.51115360902895,333.0324426374833,271.5965821433838,353.61912281797584,0,0,0,0,334.4917569277671,311.0510952587265,75.03524656457999,90.07691318202285,4,24,312.1466397463271,309.7057055099496,314.58757398270455,299.9419685644398,342.52402930048004,316.60093968,,,355.65588746203935,296.96909042,2,0,0,16.570295981433635,0.08285147990716818,0,4,19.15228420973998,50,0,0.5026725261434957,342.52402930048004,296.96909042,1,0,0,0,8,8,0,1,1030,0,24,6,,0,-0.9563236822305226,0,1.4845691448321112,2.8831348654444913,,,,,,0.8443972082673404,70.58734291137435,,6.393631655008986,2,66.34545866453757,16.93373528387803,24.72642222164963,28.57162429061123,,,,3803551
2025-03-27,309.10695458,313.90021508,301.28411109,301.95179328,319.20755626150265,337.88494838637143,322.3626431015024,331.8135936430722,271.89862404524064,352.1771097552536,0,0,0,0,333.87143007685984,310.4133280598055,38.996652440835796,50.99627013096761,4,25,274.2105821983001,,,262.19388625306544,334.46239476304004,313.62626608,311.2229268909531,316.0296052690469,325.6429620252346,273.5241700487171,0,0,3.5,11.053078823142144,0.05526539411571072,0,4,19.527140544520652,50,0,3.337198196080335,334.46239476304004,273.5241700487171,1,1,0,0,10,8,0,1,1046,0,25,0,,0,-1.58887175713387,0,-4.214146925864844,8.5347796030612,,,,,,0.8558269227366886,70.41788260916185,,4.100708927327172,2,67.64399909929591,16.791276308691437,23.319412679710208,31.51064472664664,,,,3814222
2025-03-28,300.95525271,307.81145184,298.09518126,301.88203544,313.4323826543351,332.42173307640513,320.41210903850214,330.6398070468733,272.19696644717857,350.6387589849625,0,0,0,0,333.44154910344355,310.0064532922929,22.06417697878258,58.712451089983745,4,26,274.8902985056001,,,263.2981759055608,334.46239476304004,331.97970728018356,,,343.5718298802228,272.8036659575731,0,7.5,0,10.905731015404971,0.05452865507702486,0,4,19.26677886278033,50,0,5.104849505509027,334.46239476304004,272.8036659575731,1,1,0,0,10,8,0,1,1046,0,26,1,,0,-1.4890101299710234,0,-3.4494030855134534,5.595209873782283,,,,,,0.6210599346498095,70.20079632276081,,5.182212716856864,2,66.74207977705929,16.797155067224885,22.446830729448966,31.55965827853985,,,,2725338
2025-03-31,290.34209562,304.97131121,287.0036847,304.22390578,310.36289036289,325.61976473075885,318.87037539483526,329.60388935013316,272.51564246044046,349.01866193294234,0,0,0,0,332.78274706110426,309.56886800482977,16.579052494280454,74.36940016425454,4,27,275.5738076184501,,,264.0075675920743,334.46239476304004,331.45346253029555,,,343.01970255667135,272.16665039000276,0,6,0,11.635392021271748,0.05817696010635875,-1.293247076365041,4,18.440424944308965,50,0,5.125850060615587,334.46239476304004,272.16665039000276,1,1,0,0,10,8,0,1,1046,0,27,2,,0,-1.2873306520973247,0,-2.3349100120545985,5.715501249886635,,,,,,1.0681623663201083,70.02449245593336,51.58730158730159,9.619652723287778,2,63.87950583340722,17.268659843776156,20.890128582504467,33.65202203403468,,,,4678348
2025-04-01,306.53587991,315.33533316,301.35386893,314.54806611,311.75794894526,320.0353174565852,318.45872689151764,329.0134649093436,272.9338755315804,347.3779256383045,0,0,0,0,332.4764736673575,309.83885889070626,9.82877103367356,96.75829238864696,4,28,309.9013821275217,307.62853162056973,312.17423263447364,298.537129592762,334.46239476304004,331.16431415071185,328.8914636437599,333.4371646576638,342.5285666854715,293.43137139,0,3.5,0,15.246986288297709,0.07623493144148855,-0.7348751584625353,4,18.746541651861158,50,0,3.3203189250941683,334.46239476304004,293.43137139,1,1,0,0,10,8,0,1,1046,0,28,3,,0,-0.7358646361547185,0,-4.159283202327563,3.9545810312023804,,,,,,0.8351392377230535,70.80215101857877,53.57142857142857,9.027152071333266,2,64.93992521445942,17.061267983277855,23.81411421768146,31.80371155141334,,,,3544462
2025-04-02,306.01767881,334.62337593,304.94141499,329.65562118,317.72383969017335,317.38121542179994,319.525097776135,329.03864750819287,273.49827101066916,345.806515250335,0,0,0,0,332.4213857117255,311.0361179675315,38.930471800919996,91.95591531941258,4,29,329.03864750819287,,,317.5222948454061,348.41051474,332.63670339179345,330.26118184123095,335.01222494235594,344.27898801050617,296.96909042,0,5,0,20.532981785153652,0.10266490892576825,-0.012776218964863893,4,19.290428626254503,50,0,3.0636266110918355,348.41051474,296.96909042,1,1,0,0,10,8,0,1,1046,0,29,4,,0,-0.01907087330260086,1,1.4470009533220245,2.3728039299573025,,,,,,0.9952042527021057,71.73536493371067,55.15873015873016,7.3496941341304565,2,66.82400496090779,15.86167735969283,28.40692018501368,28.25563159498079,,,,4203206
2025-04-03,305.89311124,314.77727044,292.45974433,296.63026662,310.69264866678225,313.36019535318565,317.3446376660269,327.7677306106167,273.72844012120976,344.1048321132487,0,0,0,0,331.48974348672164,309.93598358411634,2.152623448406341,52.89250305544478,4,30,277.6696994794001,275.1317519962885,280.2076469625117,264.97996206384204,334.46239476304004,338.1553759939403,,,351.93254750584646,287.0036847,0,0,0,8.366622952532468,0.04183311476266235,-1.6052649957459675,4,20.666770121758752,50,0,3.7127861295575313,334.46239476304004,287.0036847,1,1,0,0,10,8,0,1,1046,0,30,5,,0,-1.5934535804875702,0,-4.648962100950152,6.032022939042294,,,,,,1.3907538099173962,73.51145448679726,56.34920634920635,2.681400592415121,2,71.59179175846518,15.29593107872495,24.689699898027083,28.94929559174838,,,,5752183
2025-04-04,276.2011849,282.48935591,251.37735926,270.54083445,297.3087105945215,305.7355120152255,312.8871325978339,325.523538604318,273.6967226518445,342.12704688383394,0,0,0,0,329.3357710671194,270.54083445,8.634710106308042,10.672577981718979,4,31,265.26450645530053,262.503797119554,268.02521579104706,255.980248729365,321.68106435341997,278.1821543868501,278.1821543868501,283.70357305834307,287.9185297903898,256.3756740017171,0,8.5,4,-1.1530602819307223,0,-2.737688709092789,4,22.632161035849265,50,0,2.2396918238387844,321.68106435341997,269.10128209064976,1,1,0,0,20,11,0,0,1046,0,,0,,0,-2.68697187504923,0,-2.7054340090316087,7.073513178414835,,,,,,1.9410052354461906,73.38419060809956,56.34920634920635,-6.397842135495326,1,78.40010559834319,16.249525759152956,21.076237070815495,37.999113619779926,,,,8095786
2025-04-07,256.13085778,297.4573953,252.20070108,285.0803614,293.23259419634763,297.56912820451777,310.2388686742307,323.9375316551291,273.80999268913956,339.99772447545655,0,0,0,0,328.1106309586241,277.02804770609305,7.563163449590808,39.520959437744466,4,32,278.7134843730501,275.7458909343212,281.681077811779,264.77781015439757,319.95928141499996,301.88203544,298.9144420012711,304.8496288787289,316.72000263364447,272.5834908167085,0,8,0,4.1161276110386025,0.020580638055193015,-1.817537350895075,4,22.181705959311294,50,0,1.9745659389138472,319.95928141499996,272.5834908167085,1,1,0,0,10,8,0,0,1046,0,,0,,0,-1.8002248065206008,0,-2.897648019716296,4.411445618255995,,,,,,1.5693173326824663,70.61347565991527,53.17460317460318,-8.102854542723874,1,76.839683440161,16.389852856046083,22.709845287557947,32.825024923675564,,,,6522236
2025-04-08,302.71912952,305.997748,278.60464145,285.89752467,290.78757102089844,290.2038180627139,307.9206454357325,322.4457666753201,273.9302666391979,337.75016313173825,0,0,0,0,327.0864415630162,279.56563815448374,7.395370921062987,48.92039789151544,4,33,279.26079988965006,276.26059610234825,282.2610036769519,265.29775989516753,319.95928141499996,301.88203544,298.88183165269817,304.8822392273018,316.8830543765091,273.09210225830657,0,4.5,1.5,4.368724266079202,0.02184362133039601,-1.6483786586484042,4,21.602919116109135,50,0,1.9191985093509316,319.95928141499996,273.09210225830657,1,1,0,0,10,8,0,0,3094,0,,0,,0,-1.6349496622557296,0,-3.8998761540627545,4.007172179368897,,,,,,1.3997576647622285,66.95690422303697,44.44444444444444,-10.526937425674761,1,74.83470700180392,16.119386343621475,23.40010214430194,30.14907751487446,,,,5858373
2025-04-09,282.23025536,332.14697261,280.5868603,325.67942429,302.41818877726564,289.2024595839282,309.6119577075675,322.57257677785657,274.44518363074815,335.650243729084,0,0,0,0,327.0441501540004,291.9069259211815,96.5266994034241,70.20090324172259,4,34,325.67942429,319.3263151154513,325.81883844026186,273.7392376915157,351.69421557664,333.6085556435463,,,347.6084225796211,296.96909042,1,6,0,18.668296517888567,0.09334148258944285,0.32941836662730095,4,24.795185155757686,60.89339210865075,0,0.5008605665540515,334.62337593,296.96909042,0,1,1,0,5,8,0,0,3094,0,,1,,-0.09441656598169217,0.32126809035344817,1,4.872952433853056,0.9625107929508221,,,,,,1.7271474618590779,62.16896574450874,39.285714285714285,-27.62048582747127,0,85.89304094569987,15.15618908434124,27.273817714815426,25.873583156764546,,,,7482570
2025-04-10,310.96052005,321.12523388,302.05144734,308.87775025,304.5713759348438,291.1453280245611,309.5420331877992,322.03552475715634,274.7877962339248,333.60062989129864,0,0,0,0,326.72548151246826,294.2348110333404,45.12309673487714,85.67806088627603,4,35,299.11461382088714,295.8892639116001,302.3399637301742,284.15888312984276,334.62337593,333.48201047085416,,,350.1561109943969,275.65906987430816,0,5,0,12.405919943786266,0.06202959971893133,-0.5345657651054084,4,25.449879001707757,38.18852212981392,0,3.467829674824367,334.62337593,275.65906987430816,1,1,0,0,10,8,0,0,3094,0,,2,,-0.15505363272257958,-0.5367910884385759,0,-0.19661618469725584,2.4749572927318377,,,,,,1.0077709050239234,59.92002328151976,37.698412698412696,-32.0333869384749,0,88.16096695487626,14.261791629295303,25.48988852145068,24.18124067604063,,,,4444822
2025-04-11,308.92757728,322.09177858,304.94151465,320.31803602,309.82026262989586,295.5555183251957,310.5683191718183,321.96817225766,275.24083344572654,331.6831234024705,0,0,0,0,326.65543337997417,296.3098801679964,42.20417752741315,80.83229974432291,4,36,281.3698391540001,,,267.30134719630007,334.62337593,333.1140315968344,326.8178413379799,334.62337593,347.215756447709,293.43137139,0,2,0,16.3773674167289,0.08188683708364451,-0.00020403105021986017,4,25.333977515876224,41.826491468935664,0,2.814028824592572,334.62337593,293.43137139,1,1,0,0,10,8,0,0,3092,0,,3,,0.2496708608315242,-0.006190425072402441,1,-0.14044958363021487,1.3559221816934208,,,,,,0.6467640339332319,57.07635151344399,36.507936507936506,-34.962745407826944,0,87.75947243061037,13.471391506627148,24.524157568598184,23.005034331848954,,,,2800719
2025-04-14,332.17686882,333.09368615,316.40163157,321.18502632,313.60851719326394,300.9713315223086,311.5794341383118,321.93746065226156,275.69798959372923,329.90019933796907,0,0,0,0,326.6032463279885,297.93921548177536,37.37072761067378,78.46450657397527,4,37,282.07955151205005,,,267.9755739364475,334.62337593,332.77099797358477,326.62646318714843,334.62337593,346.91244550287263,293.43137139,0,2,1.5,16.498864135099733,0.08249432067549867,-0.011183716972859744,4,24.655018567813226,40.613180728051496,0,2.781867026137873,334.62337593,293.43137139,1,1,0,0,10,8,0,0,3092,0,,4,,0.1877544115267766,-0.017126136904829396,2,-0.5322516602654472,1.363985482795016,,,,,,0.5826672583686078,53.60401607675488,33.73015873015873,-37.237335623097,0,85.40748964201312,13.194034469461794,26.53184234336002,21.88905629446177,,,,2467539
2025-04-15,322.25132473,329.98447956,321.95236256,327.4233703,318.2134682288426,306.77397717991,313.08838043942495,322.15259436393757,276.2126699987667,328.2792595658121,0,0,0,0,326.60839890479747,299.16585726544247,39.96157695693425,77.80537734262441,4,38,324.3128007744858,,,309.65586942918725,351.69421557664,336.5243152619478,333.59292899288806,339.4557015310075,351.18124660724635,303.77394778641997,0,3.5,1,18.540315439354,0.09270157719677001,0.225324456823342,4,24.390833026973688,42.285164880458545,0,2.2344627742309084,334.62337593,303.77394778641997,1,1,0,0,10,8,0,0,3092,0,,5,,0.023907897081141206,0.2178127911208869,3,0.03981880759256029,1.4421168616403914,,,,,,0.39141598172841097,49.2208721483963,31.349206349206348,-41.7451553352077,0,84.49232408329483,12.936488649236825,25.820740140465833,21.302389302067166,,,,1635321
2025-04-16,317.46792998,331.16039744,314.90682071,327.02475407,321.1505635092284,312.87469588787536,314.41565411852736,322.3436594504498,276.7182628750974,326.8041171948025,0,0,0,0,326.6147240286275,301.74788410677934,44.114857138217396,77.08947814244179,4,39,324.05095424242415,321.1838314860651,326.9180769987832,309.715340460629,351.69421557664,336.47362499657527,333.60650224021623,339.3407477529343,350.8092387783704,303.77394778641997,0,5,1,18.179678736133667,0.09089839368066834,0.13188438995576,4,23.81634925186477,43.583579642100496,0,2.2810099175300595,334.62337593,303.77394778641997,1,1,0,0,10,8,0,0,2068,0,,6,,-0.5033067001657177,0.12495603879586432,4,0.34759702538229575,1.3843615851132771,,,,,,0.9545445711607171,43.781218060735505,24.603174603174605,-46.933306684616646,0,82.5022539100696,12.331392738772024,24.513807144978216,22.418223501499224,,,,4015239
2025-04-17,334.35491038,339.07214097,320.91130187,322.67652346,321.65921682615226,318.53579367561605,315.20240357962,322.3567129410204,277.17555900032033,325.4358288186604,0,0,0,0,326.5725531315661,303.0443209688567,55.36883057722707,83.98755146495887,4,40,321.3373744805102,,,307.21498136616475,347.8943465827,328.0915322024624,324.781076349,333.7404894482006,344.49610881258553,296.96909042,0,0,1.5,16.415936752788177,0.08207968376394088,-0.13215276010443544,4,23.842437136001404,32.14616854364456,0,1.8971804345902505,334.62337593,296.96909042,1,1,0,0,8,8,0,0,2068,0,,7,,0.5282804325063867,-0.13741361638579136,5,1.3615653463519322,2.886331979629679,,,,,,0.6853214444968435,36.69624515223082,17.46031746031746,-55.56958607872804,0,82.59262499164284,12.134669252421856,25.607507877071765,21.131216852285917,,,,2860862
2025-04-21,319.13610727,324.05279792,305.38333565,312.23478895,318.51774086743484,322.3352652312723,314.91977361489427,321.9597747452941,277.52440705952114,324.1053779870244,0,0,0,0,326.4382221728849,303.5210615459627,30.462079422266665,91.19265306532628,4,41,303.5210615459627,300.73163976874497,306.31048332318045,289.57395265987407,334.62337593,312.23478895,319.6154646404373,325.1943081948728,346.36817213774185,276.87992915812646,2,5.5,1.5,12.507145680716459,0.09220636173470953,-0.6484052673645883,4,24.035476646481836,4.204790498462842,0,1.0357853951192961,334.62337593,276.87992915812646,1,1,0,0,10,8,0,0,2068,0,,8,,1.237365066649018,-0.6498440990076516,0,-3.3376755511420955,5.310149341233911,,,,,,0.6088275102490215,36.342950112764726,17.46031746031746,-56.35074698254182,0,83.2613334716835,11.379104036686696,24.07724192805011,24.838744596783137,,,,2526764
2025-04-22,318.18867195,330.32581703,316.74258646,325.1897203,320.74173401162324,325.46216596785973,315.89786377538053,322.0864392768512,277.998688783307,322.89897608949656,0,0,0,0,326.42235596493236,304.9625877568384,31.02787660101589,92.08483232662371,4,42,321.63272509250953,,,307.8742030875701,345.0824194806911,334.07882888684406,328.57542008486826,334.62337593,345.63019353395157,302.17890487642,0,3.5,1.5,16.97527125873504,0.09572710196557596,-0.04213238863986154,4,24.231610474207823,35.70330767790038,0,2.761571899508158,334.62337593,302.17890487642,1,1,0,0,10,8,0,0,2068,0,,9,,1.086805965375206,-0.04798713271863454,1,-0.5900112069915946,3.264217930921564,,,,,,0.8331296966338769,35.60589676499099,17.063492063492063,-57.582113446634985,0,83.94076098109224,10.762209192761608,24.699323422508527,23.38069234272458,,,,3471430
2025-04-23,353.08421068,357.9111443,332.29049869,335.18266966,325.5553792277488,328.73170134433764,317.7345119548681,322.6000169389355,278.56768361790097,321.86018254668113,0,0,0,0,326.59351948722235,307.81733910555806,61.10447139223719,91.27697056814904,5,0,321.4451366666192,318.597827008559,324.29244632467936,307.2085883763183,345.11015288025965,341.38858838403496,338.5412787259748,344.23589804209513,355.62513667433586,303.77394778641997,0,0,4.5,20.32360154157555,0.1541847819223457,0.3631795604510829,6,24.356636061204416,41.87143883994354,0,2.6421180071605668,334.62337593,303.77394778641997,1,1,0,0,8,8,0,0,2076,0,,0,,1.4205341937157436,0.3546232618003107,2,2.8645950502077095,3.2506269677638784,,,,,,1.2637976196891063,34.4310231679135,16.666666666666668,-59.192311194951365,0,84.37386231894068,11.349535862533115,30.81517088483847,20.98165593513379,,,,5443591
2025-04-24,341.56539181,365.67014091,336.39937607,359.51679784,336.8758520984992,334.231175076484,321.7137772772616,324.04773383701644,279.37314744100644,321.10158815609793,0,0,0,0,327.1717156950267,311.9301015760544,79.10267652467518,69.53334037443545,5,1,355.58735478,352.6712148184977,358.5034947415023,341.00665497248843,385.3402753873,385.3402753873,382.42413542579766,388.2564153488023,399.92097519481155,335.30643381308,0,3.5,0,28.686955469088883,0.1434347773454444,1.3595427652954648,0,24.549985931520066,77.71725578172578,0,2.040568765565842,385.3402753873,335.30643381308,1,1,0,0,8,8,0,0,2108,0,,0,,0.6855647012995997,1.3457092642044084,3,4.4317917120920765,0.13204099960141996,,,,,,1.1406710091237542,39.88064042838551,20.238095238095237,-53.105678856579694,0,85.0436459169878,12.173549131526155,30.314334598290397,19.023105417646622,,,,4980362
2025-04-25,358.83863361,375.13442136,355.97638165,371.41459084,348.3887650123328,342.4341573690987,326.4471880927605,325.905257641055,280.28898269870785,320.6552053454526,0,0,0,0,327.7811748854811,315.4697561134692,85.25594649245431,46.317225745732514,5,2,339.0204514280444,,,327.15473562806284,363.554738862727,435.41847207,,,450.65811859244997,348.18055984,0,1.5,0,32.51130574734226,0.2530652215071343,1.670242230815572,0,24.00505944476361,77.40540935657671,0,2.067661812254152,363.554738862727,348.18055984,1,1,0,0,10,10,2,0,2108,0,,1,,1.7240695421633834,1.657173068574398,4,2.9028751503277905,-1.3534809478345275,,,,,,0.9056989396941836,50.563585631156414,34.92063492063492,-39.194277267851334,0,83.15596519408342,13.2663769173002,31.448401958898913,17.892819916794153,,,,3961085
2025-04-28,369.99842437,378.93603051,360.65372022,369.06096205,355.2794973582219,351.3194357458425,330.5056427553547,327.5976382061117,281.17228597583517,320.46234106838756,0,0,0,0,328.20765829287603,317.78218541698055,88.58020764045949,55.42807263728771,5,3,338.83185974871424,,,326.9727446575092,371.48603031993156,371.48603031993156,368.64953281467575,374.32252782518736,384.4880413811291,335.30643381308,0,2,2.5,31.257944135261706,0.17988120041938901,1.3191598362471029,0,24.041189164158293,61.08747924271387,0,2.7535081934936607,371.48603031993156,335.30643381308,1,1,0,1,8,8,1,0,2108,0,,2,,1.1887318379446439,1.322015414001738,5,2.989249930222673,1.0484435667377419,,,,,,0.684205931753134,56.976467617666934,40.07936507936508,-31.58537480838106,0,83.28112221339302,14.411112922938246,30.83525730410183,16.86312293909269,,,,3001842
2025-04-29,368.6221499,371.08548173,362.23942776,370.18791143,360.2489687154812,359.87960013070386,334.2849064386543,329.26784499920535,282.0580135922945,320.50679551773715,0,0,0,0,328.55584626865584,319.5509250608357,90.24483937846921,42.75617071983535,5,4,370.18791143,336.7309494410034,347.5824421023108,330.1812114196491,378.52137427334446,378.52137427334446,375.80850110801765,381.2342474386713,391.7696223729115,348.18055984,1,3.5,0,31.245308975725223,0.1811496211429754,1.1674891967293277,0,24.050466693390874,74.9151978016621,0,0.2083016804982259,378.52137427334446,348.18055984,0,1,0,0,8,10,1,0,2108,0,,3,,1.1993846101147942,1.180287997310569,6,2.9901466387800237,-0.8743843637764382,,,,,,0.5684351522479244,60.50503659087427,42.857142857142854,-27.376462984252637,0,83.31326051739208,15.47408207103072,29.937519220457567,16.372169757729587,,,,2430015
2025-04-30,359.00817467,370.50704754,356.67449189,369.8189103,363.4389492436542,367.16972107243845,337.66909728259196,330.8580828541385,282.931256345605,320.7538482770018,0,0,0,0,328.9404859870378,321.4046682555251,89.75232777289139,64.84945692654907,5,5,342.3747776434773,337.0895746998346,347.65998058711995,330.39166042595554,384.60240614580505,386.5168047570506,384.60240614580505,391.11136142403996,400.0448929235473,348.18055984,0,3.5,0,30.70981095431195,0.15354905477155978,0.9721195861508303,0,23.941660269370367,43.257756590090594,0,3.5239268493996247,384.60240614580505,348.18055984,1,1,0,0,8,8,1,0,2108,0,,4,,0.958236456678302,0.9860612092524803,7,2.573412258810765,2.777874288180583,,,,,,0.6508664376369964,61.8471723001603,44.44444444444444,-25.42814246304193,0,82.93634400820528,16.08385066377787,28.53835548402729,17.487225729262335,,,,2756768
2025-05-01,382.3051105,386.4738259,377.44825787,381.25794515,369.37861454576944,374.21896987247044,341.820416127107,332.8345480422115,283.909631358584,321.246541586911,0,0,0,0,329.5086149808564,323.89599981025725,92.91485831312949,74.69516009065211,5,6,340.3795430637211,,,328.46625905649086,391.8888557947495,391.8888557947495,389.28630696734393,394.491404622155,404.9015999317772,358.60488554982,0,2,3,34.28848585572039,0.21424009004963848,1.2923569260270804,0,23.716940491236787,57.56456917274042,0,4.32368712940673,391.8888557947495,358.60488554982,1,1,0,0,8,8,1,0,2108,0,,5,,1.3423812861682922,1.2985493194288231,8,4.014528612960696,2.5153797368509974,,,,,,0.7753054817603077,65.18088007302445,48.41269841269841,-20.66388438660085,0,82.15789186181935,17.25841024931445,32.38545612802275,16.488039492034236,,,,3246757
2025-05-02,389.94443107,402.33090123,384.50914424,395.25006885,378.0024326471796,382.18899427741513,346.9089544816683,335.28221552486986,285.0174964082498,322.0371154528298,0,0,0,0,330.29128148962684,327.04587404550824,91.65891640046362,73.50005006045347,5,7,395.25006885,369.1567553598904,374.36636311221497,358.7499046627908,401.147062887835,435.41847207,,,448.4424914508114,372.73307074499996,1,2,0,38.67572125602303,0.31284215147099736,1.675286834093424,1,20.663449142922808,55.29580966131878,0,0.1615607537431703,401.147062887835,372.73307074499996,0,1,0,0,10,8,2,0,2108,0,,6,,1.9557083615270574,1.6648881595122749,9,2.740431949998854,1.5295178624271737,,,,,,0.8828856651458877,72.68416619253706,63.095238095238095,1.5421545232622478,2,71.58028755031575,18.864950335756873,35.48155650867079,15.297067827508553,,,,3602370
2025-05-05,390.9417314,402.70987536,389.15716218,400.01716446,385.3406765847864,390.6134304511571,351.9668792415094,337.8208409733063,286.16177171224734,323.11868394305327,0,0,0,0,330.8165769471049,329.0435623852761,90.71770347796013,71.0157167320883,5,8,400.01716446,376.87013975088496,381.94964539911496,366.711128454425,406.7846066741263,406.7846066741263,404.2448538500113,409.3243594982413,419.4833707947012,379.40989257499996,1,3.5,0,39.78707290862073,0.3910795879290961,1.6205083399037463,1,17.391060166084188,56.61927042991802,0,0.2031896624681934,406.7846066741263,379.40989257499996,0,1,0,0,16,8,1,0,2108,0,,7,,2.5371537870879393,1.6215636862377525,10,2.6468443033358753,1.2877347220832003,,,,,,0.6060013076346267,82.91530929914116,72.61904761904762,37.63156382253786,3,60.24439961029009,20.368561292960756,33.924269328287295,14.568239968108076,,,,2296914
2025-05-06,393.50479327,401.55300697,391.06140744,400.1468135,390.2760555565243,398.3395805549934,356.55544440898467,340.2649967586668,287.29595123252346,324.454047238623,0,0,0,0,331.3228283092218,330.8946452041166,72.94434685309287,77.77039452699694,3,0,379.40989257499996,376.9578756710896,381.8619094789103,367.14980805544826,412.21421625507463,412.21421625507463,409.76219935116427,414.666233158985,424.47430077462633,379.40989257499996,0,3.5,0,39.28035246697247,0.32196963927261335,1.3847132324938032,1,17.135310747757273,31.285020356684054,0,2.6757012668028652,412.21421625507463,379.40989257499996,1,1,0,0,15,8,1,1,2108,0,0,8,,2.004543015502008,1.4015588638209229,11,0.37677574185187135,2.163769412171309,,,,,,0.6270867151749994,89.67416453186597,75.7936507936508,51.07226181644793,3,59.35845763719328,21.764771467507217,32.628252248495265,14.011685967240222,,,,2242650
2025-05-07,398.92013409,406.19045353,395.93820608,405.71174937,395.4212868276829,405.05476623449647,361.2369972624147,342.8315360767583,288.47421788065753,326.03734803922487,0,0,0,0,331.92095740450026,332.99606924326844,81.38203869184488,62.25794241513471,2,0,379.40989257499996,377.04148181199395,381.77830333800597,367.56783875996985,416.87722945492015,416.87722945492015,414.50881869191414,419.24564021792617,428.71928326995027,379.40989257499996,0,3.5,0,40.64055788092782,0.3008535130834342,1.3908031440772273,1,17.075562030593268,63.638244557499526,0,3.1639221933247836,416.87722945492015,379.40989257499996,1,1,0,0,8,8,1,1,2108,0,1,9,,1.7812057894303612,1.4141078829505476,12,2.4631375817420613,0.26618039578210284,,,,,,0.7305156943856423,95.36966753790783,79.36507936507937,61.2295487752773,3,59.15148200956305,23.22231199870247,33.11543751229558,13.470141121797122,,,,2489492
2025-05-08,408.89313744,412.6330137,392.79671003,392.93633208,394.59296857845527,408.79834371704067,364.2559815307562,344.7964300376697,289.51364190254156,327.74418146426933,0,0,0,0,332.5733746956037,335.1768130810776,84.8865892613798,78.26609569024401,2,1,371.41459084,369.03824242015514,373.7909392598449,359.5328487407756,412.6330137,412.6330137,410.2566652801551,415.00936211984487,424.5147557992244,351.03335370392,0,0,4,35.722907389722735,0.17861453694861368,0.6990155573871278,0,13.03537681589179,30.61154026952542,0,3.4690555068259297,412.6330137,351.03335370392,1,1,0,0,8,8,1,1,2110,0,2,0,,0.5488877644827216,0.7156165396165977,13,2.2666708296318623,4.1749791343480265,,,,,,1.0454105875434434,93.5783186420205,76.98412698412699,107.23400719961059,3,45.155869881859985,24.79533392536972,33.06797627199334,12.466208066165308,,,,3346409
2025-05-09,395.18025783,398.70072801,385.98514874,398.18213184,395.7893563323035,410.72929272647536,367.4870434649699,346.88998697109446,290.5949204093819,329.5752308136502,0,0,0,0,333.06930346771935,336.7683560722984,91.33924331935509,55.04335065998248,2,2,398.18213184,392.9299276452333,397.5702100547667,367.4240191018666,424.55420761748775,402.33090123,,,413.93160725383336,379.40989257499996,1,5,0,37.02308742322552,0.1851154371161276,0.7819306927534961,0,11.267243189268795,82.85519046655256,0,0.8574022730852418,424.55420761748775,379.40989257499996,1,1,0,0,8,8,2,1,2110,0,3,1,,0.33177851209583203,0.79185635277833,14,4.614277492950581,-0.5760377708617723,,,,,,0.7694237727961533,91.24866431565995,76.58730158730158,133.7858516980274,3,39.030875330095895,25.663869964837126,31.449854030852478,14.477481403776029,,,,2383667
2025-05-12,413.87963911,417.66938039,407.71632304,415.50523866,402.36131710820234,413.30166391365753,372.0602049121156,349.5807811549731,291.837809148194,331.6073021018073,0,0,0,0,333.84356609504675,339.1865147368036,90.70215942107632,49.54172407398537,2,3,415.50523866,392.92165872637736,397.5784789736226,383.60801823188683,430.8622435090426,435.41847207,433.0900619463774,437.74688219362264,447.06052268811317,354.14582831834,1,2,0,42.37539675642512,0.2118769837821256,1.3103885288371215,0,11.420447393600538,65.22964670991233,0,0.48145276117876096,430.8622435090426,354.14582831834,0,1,0,0,8,10,1,1,2094,0,4,2,,0.8956039705000978,1.311273276435206,15,2.499301594836816,0.12062015704169246,,,,,,0.9621749747908199,89.55233433001234,75.7936507936508,126.36181644233953,3,39.56159026176738,27.12851447361989,36.373485422198414,13.395633921615465,,,,2989910
2025-05-13,419.7736841,442.80134884,418.86614079,432.16015426,412.29426282546825,417.95855763705583,377.7840096119141,352.81918794340555,293.2340513881125,333.9158972535402,0,0,0,0,335.29493023215986,343.52891804322695,95.09024184091021,32.88922547412462,2,4,432.16015426,,,390.88003717341456,439.3453741410701,445.95190591,443.5460955257433,448.3577162942567,457.9809578312836,369.67738482044,1,0,0,47.37720677876208,0.2815633577291176,1.73348510042193,0,11.656178186224519,93.23499062204523,0,0.1740600654305084,439.3453741410701,369.67738482044,0,1,0,0,10,10,1,1,2094,0,5,3,,1.321863035126902,1.7221163295335167,16,6.5608651294522415,-1.7476251679496295,,,,,,1.4801098319519004,86.59763848924912,73.41269841269842,114.46639324732284,3,40.378185681233816,29.15201057805549,42.01586016368612,12.038619024459244,,,,4769742
2025-05-14,437.73506313,439.15122961,430.65423075,431.67147709,418.75333424697885,423.7148911257697,382.9161493717318,355.91143457660536,294.61153821101686,336.4663727294892,0,0,0,0,336.0575677541008,345.6985181990882,96.56971132796127,22.921950408173114,2,5,395.25006885,,,383.70090461684373,445.95190591,446.30597420148536,443.9961413548541,448.6158070481166,457.8551384346416,385.98514874,0,0,0,46.522257651977405,0.28053536757222475,1.4622517466340041,0,11.752602631915021,89.33188345456249,0,4.390087112489155,445.95190591,385.98514874,1,1,0,0,8,10,1,1,2094,0,6,4,,1.3122815233875906,1.4528399270758439,17,4.782959758151506,-2.09996293706128,,,,,,0.7882081019790563,83.33519302823349,73.01587301587301,104.6933672255887,3,40.712209759289046,31.030971246459977,40.63585648697035,11.64321266001468,,,,2577166
2025-05-15,429.0086852,431.62161208,424.2415896,425.81732413,421.1079975413192,428.64179455918793,387.00197553918593,358.6528420100718,295.91706841916596,339.18105311280067,0,0,0,0,336.8644573331406,347.89714412807336,97.04929344433336,25.90409886500065,2,6,395.25006885,393.0388857826817,397.4612519173183,384.1941535134085,445.95190591,445.95190591,443.7407228426817,448.1630889773183,457.0078212465915,385.98514874,0,0,0,43.897520479227836,0.23282093572947252,1.0329249296851857,0,11.983067875259263,82.55154023435314,0,4.585946573975046,445.95190591,385.98514874,1,1,0,0,8,10,1,1,2094,0,7,5,,0.7852810287761353,1.0283305810501484,18,4.460633610830879,-0.7612201796341705,,,,,,0.918443109775603,79.87714879086442,69.84126984126983,92.42607083833944,3,41.51056478099095,32.236271275765944,39.41672953501028,13.883272207306256,,,,2954267
2025-05-16,429.83644448,430.29769588,421.95777183,426.90438149,423.0401255242128,432.18044622549735,390.8022046773587,361.329372970069,297.2204247681295,342.031938661251,0,0,0,0,337.5722243221261,349.7629003164631,97.27476244476051,28.002255723408844,2,7,398.18213184,396.05442681275804,400.309836867242,387.5436067037901,442.80134884,445.95190591,443.824200882758,448.07961093724197,456.5904310462099,369.67738482044,0,2,0,43.63224930555861,0.23593902430557082,0.9037995874102653,0,11.714553124029505,81.9987249874143,0,4.194116799905971,442.80134884,369.67738482044,1,1,0,0,8,10,2,1,2094,0,8,6,,0.4011151478133361,0.9015171604652947,19,4.444875469712419,-0.6833611574217389,,,,,,0.8127209892339524,76.22279747229402,67.06349206349206,87.83154667993823,3,40.58040239756763,33.16223094392669,38.03725642044445,14.3557646169427,,,,2603753
2025-05-19,423.3539923,446.23704849,420.50001793,445.39432971,430.4915269194752,436.33440187072375,396.0014546804674,364.6260379402624,298.69479198148144,345.0959719233488,0,0,0,0,338.5811295112536,352.40170216785833,90.95819419153798,30.64556294607162,2,8,445.39432971,,,393.9967277734232,,446.23704849,444.031527477561,448.442569502439,457.264653552195,371.80064720414,1,3.5,0,49.113523793080965,0.26778984118762705,1.4050257097544274,0,10.937982730292557,63.89581254269746,0,0,,371.80064720414,0,1,0,1,8,10,1,1,2094,0,9,7,,0.7436532888704481,1.3925562907991695,20,1.8356870816191542,-0.48686492144805643,,,,,,0.9674991705698356,71.43417990608863,61.507936507936506,88.52901862744724,3,37.89028364235531,34.4951604867022,40.52682540060132,12.860026556947062,,,,3128744
2025-05-20,442.58194276,450.1464658,441.36244391,448.82504286,436.60269889965014,441.2386323137233,401.0322726023277,367.9279597018207,300.18862532355627,348.357350273345,0,0,0,0,339.4826056591273,354.69034904773696,90.59907506712683,36.61677425511607,2,9,448.82504286,,,394.0754406794809,,450.1464658,448.0200532358602,452.2728783641398,460.7785286206989,374.21666710171996,1,3.5,0,49.51434031727118,0.27423836825302256,1.3107611747580037,0,10.70671792454875,65.08743806967483,0,0,,374.21666710171996,0,1,0,1,8,10,1,1,2094,0,10,8,,0.8226781759295198,1.2960260531032621,21,2.5255671800604667,0.041758123113800866,,,,,,0.8619843843458482,65.81723439774683,49.20634920634921,77.45679985520579,3,37.089158855253665,35.83934274395512,40.67359006584175,12.385708429822056,,,,2756722
2025-05-21,445.79324984,461.75005521,445.29459967,451.80697086,441.67078955310006,446.73766476426573,405.8679581506774,371.217332688416,301.6972655776502,351.8018180041746,0,0,0,0,340.7776989490769,357.8708333515327,91.98938903873949,33.58469252364155,2,10,451.80697086,,,394.0803787665189,,461.75005521,459.6286055474059,463.87150487259413,472.3573035229705,381.38768535710005,1,3.5,0,49.75507649860182,0.2798864936041202,1.209905250370731,0,10.638691790334567,73.97849644279091,0,0,,381.38768535710005,0,1,0,0,8,10,1,1,2090,0,11,9,,0.7329807893577597,1.1951684412579209,22,3.0887117035584195,-0.6548257793098516,,,,,,1.25935252819217,60.180560816625785,42.857142857142854,63.29668944365985,3,36.85350941385074,37.387605962510726,42.74030557946538,11.527920348438506,,,,3932393
2025-05-22,451.77705185,463.44546577,447.23943506,457.5813398,446.97430630206674,452.7057400824622,410.7930421172795,374.6041564967134,303.2483508932955,355.4319418495575,0,0,0,0,341.6997792426938,360.0745803697791,94.69408185191799,26.0662010273604,2,11,457.5813398,440.68673459339476,444.91596308660525,430.32252108715824,466.66219247800564,465.3265113212089,463.21189707460366,467.44112556781414,475.899582554235,420.50001793,1,3.5,0,50.89326568539525,0.3218120104208163,1.2121793817255777,1,8.919743298916375,85.40812085745365,0,0.33313449029717385,466.66219247800564,420.50001793,0,1,0,0,8,10,1,1,42,0,12,10,,1.2543210115062757,1.197347425813291,23,4.390441351286693,-1.532894866402451,,,,,,0.9018400848882934,63.21619521420476,46.82539682539682,104.59045793671578,3,30.89889716839037,38.867649492745066,40.53157087909426,10.739099376964644,,,,2713840
2025-05-23,458.7681272,468.54296698,457.55142079,463.13630267,452.36163842471115,458.5596638000805,415.778114550872,378.0760053662541,304.83927578659603,359.2457038566691,0,0,0,0,342.9484719237609,362.98763546607057,96.69666589356707,19.78044880710107,2,12,463.13630267,440.73963966288443,444.8630580171156,432.4928029544222,472.98632554710827,468.54296698,466.48125780288444,470.6046761571156,478.85151286557783,420.50001793,1,2,0,51.928028786625404,0.3283295242466121,1.2029701520856309,1,8.656180728215256,90.3096590817575,0,0.3214392275207691,472.98632554710827,420.50001793,0,1,0,0,8,10,2,1,42,0,13,11,,1.2295150425078811,1.1881247533746064,24,5.332181701302302,-2.0372119471358445,,,,,,1.194625207719936,66.57504034048617,51.58730158730159,122.02122777197901,3,29.98588964153477,40.37140164327064,40.80979655261347,10.227910701921338,,,,3571634
2025-05-27,470.3667301,474.72493257,464.74195621,470.23708106,458.32011930314076,464.33569447656794,420.96468278983656,381.69016519738136,306.48502509279905,363.25182577045615,0,0,0,0,470.2370810599999,365.428336470556,97.47631772450129,19.339590157609475,2,13,442.80134884,440.7834346942856,444.81926298571443,432.7117781114278,479.0838352498766,474.72493257,472.7070184242856,476.74284671571445,484.8145032985722,420.50001793,0,2,0,53.42905609095233,0.3115897248992061,1.242766291860773,1,8.46714261981632,87.07177052540354,0,3.5960386607063324,479.0838352498766,420.50001793,1,1,0,0,8,10,1,1,42,0,14,12,,0.898650101260393,1.233675152841112,25,4.935169634209947,-1.5021383976560714,,,,,,0.985207820774479,73.61595807157457,66.66666666666667,150.98309499242734,3,29.331042424907427,41.920818838648366,41.45255242388317,9.70346767727629,,,,2942610
2025-05-28,467.27509906,486.08418338,466.23790671,483.70063558,466.7802913954272,470.91230821288525,426.9395354365188,385.69057580062133,308.2483645006319,367.4884315726033,0,0,0,0,477.37257156170915,368.38738247041545,97.86012462444276,15.99193325426994,2,14,483.70063558,,,438.54662065753945,486.6160379870982,486.08418338,484.03320706014017,488.13515969985986,496.3390649792992,420.50001793,1,3.5,0,56.919124733590735,0.3334845125568425,1.4770008131438934,1,8.557088074139541,89.07487839983405,0,0.06456574043536563,486.6160379870982,420.50001793,0,1,0,0,8,10,1,1,42,0,15,13,,0.768234584391644,1.4699641578593727,26,4.925834658011563,-2.1370452126539403,,,,,,1.0946416015379021,76.31042568599254,69.84126984126983,157.43479808820933,3,29.642622618502795,43.61884367342374,42.8162159399826,8.8651138792436,,,,3318071
2025-05-29,485.93458833,487.80951296,460.75275487,469.89799894,467.8195272436181,476.06200276212513,431.0308176749456,388.9928276884401,309.85681857465545,371.82432895785433,0,0,0,0,474.3294134797039,371.5748267023692,98.51464281984482,22.202607368144456,2,15,426.90438149,,,416.17410044734714,442.80134884,474.3294134797039,472.1833572711733,476.47546968823445,485.0596945223567,420.50001793,0,2,5,51.65004310750223,0.3115835488708445,0.8116603314893358,1,9.457989080568556,87.84080385510745,0,1.4815052175063816,442.80134884,420.50001793,1,1,0,0,3,10,1,1,42,0,16,14,,0.44875002824213955,0.8172092979611422,27,5.936195137098003,-0.7920704900458042,,,,,,1.3831761719782385,78.892172198955,71.42857142857143,140.79334659838122,3,32.76343524995278,44.6345996364812,37.996461350858674,10.149254881689593,,,,4299359
2025-05-30,468.73115755,472.51092582,462.08923705,471.70311255,469.1140556790787,479.94770893678907,434.9043695678079,392.23636827124636,311.46722945998226,376.2417623388054,0,0,0,0,473.4749515521904,375.16535734642173,99.82629724320984,36.38006044167476,2,16,471.70311255,461.0504853980609,465.2221199419391,445.4026988744872,487.80951296,473.4749515521904,,,483.90403791188595,420.50001793,1,6,0,51.44550306876027,0.3150052931215791,0.7278316173249916,1,9.283769210826506,92.3346088319508,0,0.612401029455897,487.80951296,420.50001793,0,1,0,0,3,10,2,1,42,0,17,15,,0.6447346094418435,0.7303720219936378,28,8.031788510552147,-0.30520813572197514,,,,,,1.5911126883092748,80.01205510865913,73.01587301587301,148.79432322341694,3,32.159919917790255,45.57780160217741,36.30139395832437,9.696484534219254,,,,5092535
2025-06-02,473.71765923,484.96720701,471.21443539,483.85023063,474.02611399605246,483.716528921594,439.56588014515955,395.8290687559034,313.1824832029675,380.79259451121953,0,0,0,0,474.91093260388345,377.0561593910234,97.99695706911936,24.461325028372535,2,17,483.85023063,461.07667974230657,465.1959255976935,452.83818803153275,497.3009195050662,487.80951296,485.74989003230655,489.86913588769346,498.1076275984673,420.50001793,1,2,0,54.49466575575559,0.3346955510010002,0.9747646886696323,1,9.036037075487368,82.64929175873976,0,0.4337247000857333,497.3009195050662,420.50001793,0,1,0,0,8,10,1,1,42,0,18,16,,0.9057751558281354,0.9715108479912582,29,4.116122131602659,-1.4393313892162376,,,,,,0.7991769915002097,81.939796994259,75,161.77384763235452,3,31.301750627640416,46.787850228707846,39.53700415702413,9.118390084395132,,,,2514381
2025-06-03,492.6663656,499.36822385,483.69066258,491.63914625,479.8971247473683,487.6791088193724,444.525238821811,399.58632669684835,314.9581713924902,385.49510636388965,0,0,0,0,477.5981560225985,379.74788172836935,98.26147407083236,22.015965444196063,2,18,463.13630267,461.08381744008824,465.1887878999118,452.8738765204411,503.3590684429109,499.36822385,497.3157386200882,501.4207090799118,509.6306499995589,420.50001793,0,2,0,56.096647398087654,0.34714990365710496,1.0523041877108477,1,9.05344465500539,86.92203075629487,0,3.919420728268987,503.3590684429109,420.50001793,1,1,0,0,8,10,1,1,42,0,19,17,,0.5971089978691868,1.0438169888556579,30,5.163112709014675,-1.4444679581147462,,,,,,1.084754913066322,79.5930236144048,71.42857142857143,153.78767618569762,3,31.36205225196444,48.23649406735229,43.10523010824458,8.496521509644545,,,,3476868
2025-06-04,492.39709451,498.08170642,485.19658609,486.81221263,482.20215404157886,491.1194189378286,448.5525696606861,403.006949674619,316.66816185256494,390.28342300369087,0,0,0,0,478.4460497880975,381.31148472781615,98.1397586162518,35.817517050660854,2,19,463.13630267,461.11537781070695,465.1572275292931,453.03167837353465,499.36822385,499.36822385,497.3472989907069,501.38914870929307,509.47284814646537,420.50001793,0,0,9.5,53.729446554419034,0.3397583438832063,0.732619934611899,1,9.227034849454222,75.87090126972898,0,3.5856772223262174,499.36822385,420.50001793,1,1,0,0,8,10,1,1,106,0,20,0,,0.395663985539977,0.7241531806377071,31,4.761422555699561,0.4196832686227187,,,,,,0.6848969967600249,75.77617973799244,67.46031746031746,137.07181388005256,3,31.963386324926713,49.58166334609356,40.651367416791764,8.012837810768865,,,,2193558
2025-06-05,489.74427561,492.53671655,478.24360761,483.00252535,482.4689444777192,493.29157144843003,451.83351782157314,406.1440310736536,318.32323014607175,395.1014479133797,0,0,0,0,478.8704804594885,382.94263093844796,98.22162315259314,36.03982815593662,2,20,463.13630267,461.1321125422636,465.14049279773644,453.1153520313179,499.36822385,499.36822385,497.36403372226357,501.3724139777364,509.3891744886821,420.50001793,0,2,6.5,51.73335767181063,0.3342223439146087,0.482357408182156,1,9.380682904227399,80.93527099371181,0,3.6156171691077166,499.36822385,420.50001793,1,1,0,0,8,10,1,1,106,0,21,1,,0.2315929838929671,0.47206842209620953,32,4.972646592819315,-0.3120060596121511,,,,,,0.76498766756652,67.03539532543218,51.98412698412698,106.29043712227933,3,32.49563879962925,50.071153704528626,38.062886774643836,10.60013816321672,,,,2448501
2025-06-06,485.46585718,487.62989917,476.70956023,483.69066258,482.87618384514616,494.1697099365814,454.86753160808996,409.1850754464515,319.96867723496655,399.932999098718,0,0,0,0,479.22724788175964,384.31051743614336,98.20558861205723,28.504566833155586,2,21,471.70311255,469.74457583370906,473.66164926629096,461.9104289685452,499.36822385,487.80951296,485.85097624370906,489.76804967629096,497.6021965414548,404.63571357662,0,3,6.5,51.168128943073214,0.33584064471536607,0.39399130438422236,1,8.400258150352624,85.02611576528467,0,2.825079669927416,499.36822385,404.63571357662,1,1,0,0,8,10,2,1,98,0,22,2,,0.10445337952496471,0.38178753904123675,33,4.884435535234895,-1.3290354516400238,,,,,,0.6694632687763574,69.24784865154813,56.74603174603175,137.9704489087368,3,29.099347826210607,50.359203984380606,36.16797889898596,10.77176609765776,,,,2101070
2025-06-09,490.67176493,490.98092803,478.50470084,478.7041609,481.48550953009743,493.4787811279108,457.13768677874805,411.91131409168867,321.54813478387234,404.729320351052,0,0,0,0,479.18730404503793,385.7206874354266,98.77465267303695,40.695782558093924,2,22,471.70311255,469.7730764278191,473.63314867218094,462.0529319390955,499.36822385,479.18730404503793,,,488.83748465594243,413.4707934472628,0,0,5.5,48.874805702654626,0.3288184729577176,0.14316152241012922,1,8.643308831974638,82.3775446535146,0,2.866797256492691,499.36822385,413.4707934472628,1,1,0,0,8,10,1,1,66,0,23,3,,-0.13963689323055917,0.1317836903139577,34,6.252997998123384,0.594144695508891,,,,,,0.7482272129825132,71.2579118155108,62.698412698412696,137.99204314198278,3,29.941300084977758,50.73768863868406,35.63071547304034,10.150057706464365,,,,2346890
2025-06-10,481.05778969,481.38689881,457.40780955,464.05381898,475.6749460133983,490.26980021930467,457.7963660360101,413.95611820495577,322.966101790799,409.3862274420148,0,0,0,0,477.465983534171,387.63931864047385,98.99194585250763,30.392598260025267,2,23,460.75275487,458.746479459582,462.75903028041796,450.7213778179101,499.36822385,477.465983534171,475.45970812375305,479.472258944589,487.4973605862609,420.6218072181111,0,8.5,3,43.68499245180551,0.3073138511479165,-0.3708646306068891,1,8.78667211039615,89.08641980356187,0,3.8494684009465048,499.36822385,420.6218072181111,1,1,0,0,8,10,1,1,66,0,24,4,,-0.6270563298220978,-0.3789390113610457,35,6.0026542557945435,-1.4009537697578767,,,,,,1.2386893402970078,74.64552497030972,67.06349206349206,145.23854648233956,3,30.43792504930916,49.01316096714591,31.82839555548888,18.45569345079984,,,,3944389
2025-06-11,468.25245339,483.02247136,462.74735554,482.16479307,477.83822836559887,487.5238844211731,460.11716861067583,416.6309681996634,324.5501683706915,414.0065337218017,0,0,0,0,477.85160711683596,389.42480147308413,98.28323492362806,18.811644528029685,2,24,482.16479307,469.65911470621904,473.747110393781,449.4608275695043,499.36822385,487.80951296,485.76551511621904,489.853510803781,498.0295021789049,424.73208305193606,1,3.5,0,48.564024936596475,0.33615345801631574,0.14836167594033448,1,8.746172480205768,89.12661924955701,0,0.5260350088046444,499.36822385,424.73208305193606,0,1,0,0,8,10,1,1,66,0,25,5,,-0.5266429310949051,0.14077751003945627,36,4.486118184999906,-2.9623750505530766,,,,,,0.9998625542236809,81.40656240350658,74.60317460317461,168.68953718804804,3,30.29763021495418,47.49229591304283,29.723944988138587,16.821154569585673,,,,3100433
2025-06-12,477.5173735,488.38794716,476.80929027,486.35345447,480.6766370670659,485.93182006985455,462.61586250204005,419.36518334751975,326.16015131695326,418.59970866470326,0,0,0,0,478.36579423172486,390.83993533102404,97.59015708721135,19.242066666361914,2,25,486.35345447,469.7017336871141,473.70449141288594,460.79825936691276,499.36822385,487.80951296,485.8081340971141,489.81089182288594,497.8164072744296,429.522676485737,1,3.5,0,49.11492176656963,0.34335238661062595,0.19639878383530146,1,8.723128311551951,81.64268681866004,0,0.5092807676677749,499.36822385,429.522676485737,0,1,0,1,8,10,1,1,66,0,26,6,,-0.13113125545389626,0.19333352573865462,37,4.148407375290626,-1.4358546868081317,,,,,,0.7861121905810214,90.13186717182056,80.95238095238095,198.2740590053069,3,30.217802873100986,46.3456285127875,30.58221139537075,15.95226085660833,,,,2431914
2025-06-13,476.39042413,483.31976659,472.92979196,477.15834538,479.5038731713773,484.29475545475725,464.0008608713696,421.63158185859743,327.6626209096204,423.09611177286513,0,0,0,0,478.29688001427724,392.08302831975135,97.4625639511189,24.318098498340746,2,26,477.15834538,469.2361580306238,473.1927127493762,457.1035730849904,499.36822385,483.69066258,,,493.582049376881,457.40780955,1,3.5,4,45.624894306029255,0.33034669375236847,-0.15716670829576063,1,8.867107302258164,79.04303309272039,0,1.107461014430297,499.36822385,457.40780955,1,1,0,0,8,10,2,1,66,0,27,7,,-0.3752662085216113,-0.15509609833721502,38,4.3572577708443685,-0.7284243667424517,,,,,,0.7934275059906377,96.88648013066533,86.11111111111111,215.42099062018525,3,30.716560727352277,44.919307415511696,28.729385092057893,16.73672792341579,,,,2433901
2025-06-16,478.7041609,491.2003341,478.7041609,486.56288755,481.8568779642515,483.6593546883108,466.14962531695346,424.17790757198577,329.24371809012166,427.55339492353374,0,0,0,0,478.6909538746578,393.2615676710832,96.77723311167873,15.614403463794629,2,27,486.56288755,481.7283158470078,485.65300931299214,463.0053870360625,499.36822385,499.7812778533234,497.81893112033123,501.74362458631555,509.5930115182843,457.40780955,1,3.5,3.5,47.7819805864349,0.3455765695988412,0.07807822443724786,1,8.9653712304684,86.93151926958727,0,0.5435778847770296,499.36822385,457.40780955,0,1,0,0,8,10,1,1,66,0,28,8,,-0.4392620613680564,0.07827694014546069,39,3.829672410530595,-3.027316002797701,,,,,,0.7012868138300614,101.58408802241416,89.28571428571429,227.08963777096875,3,31.056956959775135,44.00347359967523,30.47947195028209,15.667413544597197,,,,2134809
2025-06-17,485.45588417,492.6863116,480.29984144,487.34078181,483.68484591283436,483.53335939104545,468.16783069724363,426.65488303230006,330.81682320176225,431.96346938388393,0,0,0,0,479.08906094898776,394.4343680093608,97.24071568051176,8.350001228778495,2,28,487.34078181,481.7578899872215,485.62343517277844,464.8376606977723,499.36822385,499.6113285844046,497.6785559916261,501.54410117718305,509.2751915482969,457.40780955,1,5,4.5,47.31438900033666,0.34768305611279443,0.03593950068821252,1,8.139917620561075,94.94356366160316,0,0.5344788387360427,499.36822385,457.40780955,0,1,0,0,8,10,1,1,66,0,29,9,,-0.5886717895431315,0.032819278784106336,40,4.561149866335999,-5.576163916236914,,,,,,0.721161085664567,100.56353538832519,88.4920634920635,256.63987606245564,3,28.19750177647388,43.228395282571604,29.421890027256804,14.770922230015893,,,,2160392
2025-06-18,485.47583018,489.80411363,480.70873458,488.86665132,485.4121143818896,484.06532975189685,470.13914694702993,429.094560220053,332.38945830741636,436.3249001089463,0,0,0,0,479.5344336274661,395.63945749572423,97.41176583861284,4.430901588213095,2,29,488.86665132,481.81473643090214,485.5665887290978,465.70132538721714,499.36822385,499.4031166082641,497.52719045916626,501.27904275736194,508.78274735375334,457.40780955,1,5,0,47.07646079072186,0.35093785950916484,0.01941243484157183,6,8.133973138840222,96.0970806579871,0,0.4533315249037124,499.36822385,457.40780955,0,1,0,0,8,10,1,1,66,0,30,10,,-0.4497816921094313,0.01710622138529792,41,4.490797579595033,-6.586475432490826,,,,,,0.7542914072423704,96.16633359768593,84.12698412698413,241.29482383267282,3,28.176909487743522,42.508679702403946,28.148217999503377,14.131489805686131,,,,2240159
2025-06-20,492.19763444,494.67093927,479.25267609,485.64537124,485.4898666679264,484.863403155838,471.61593021302707,431.3122390835803,333.914392764457,440.61111009535017,0,0,0,0,479.994372634997,397.6460601833393,98.38831760012053,3.013189751302262,2,30,477.15834538,475.27875089173057,479.03793986826946,467.76037293865284,498.00867932984215,498.51881783863183,496.6392233503624,500.3984123269013,507.916790279979,460.2014719461579,0,2,2.5,45.44008337567346,0.34720041687836734,-0.13653694654334508,6,8.200943387146008,96.33464138703755,0,2.2185991797666187,498.00867932984215,460.2014719461579,1,1,0,0,3,10,1,0,2114,0,,0,,-0.4334522523573865,-0.13593907024522534,42,6.296964261035585,-5.055884579938229,,,,,,1.3461954004313372,98.74222592528842,86.11111111111111,247.57495587460485,3,28.40890123306577,42.10639954956392,28.398490119203238,13.09648773517247,,,,4002784
2025-06-23,485.34618114,498.69005962,477.74645339,498.53049157,489.8367416352842,487.0387824293757,474.17922177083403,433.94824898500855,335.55236389685047,444.8991471713167,0,0,0,0,481.01469516202764,399.3572572003431,97.54726332531733,3.1876425866286566,2,31,498.53049157,475.22601115669625,479.0906796033038,467.6131439971398,499.1356647161225,499.1986589194257,497.26632469612196,501.1309931427295,508.86033003594457,463.1694017368774,1,5,0,48.570102675017765,0.36729495781953325,0.19269337583492768,6,8.464263730444934,90.24356218897691,0,0.01957390247324309,499.1356647161225,463.1694017368774,0,1,0,1,8,10,1,0,2114,0,,1,,-0.16835328293845833,0.19241686702291916,43,4.066184592136061,-4.037875512147259,,,,,,1.035206558472534,101.12074060057085,88.88888888888889,244.87398234296856,3,29.321069659586207,41.94571482697861,27.507382630891886,11.829110108515344,,,,3097971
2025-06-24,504.59407761,511.43555791,495.38899551,509.46090324,496.37812883685615,491.233637460929,477.5393819107546,436.9095295440278,337.2827971241455,449.245329341826,0,0,0,0,509.46090323999994,400.9568486224872,97.4965976084072,2.163194148718457,2,32,509.46090324,497.43064062121795,501.30580707878204,479.88832967974344,537.0073358055,511.43555791,,,521.1234740539104,463.53664891997596,1,1.5,0,51.04858818295438,0.3841318298036609,0.4306039677319102,6,8.61042575489185,94.1695601520175,0,0.9314858075970932,,463.53664891997596,1,1,0,0,8,10,1,0,2112,0,,2,,0.18285347079787923,0.4269687541031547,44,4.41548033979201,-5.511719989762751,,,,,,0.913146067320467,99.1727969445013,86.5079365079365,232.48902343572388,3,29.82738976454457,42.392973712307445,31.346622765518433,10.954417021253004,,,,2692555
2025-06-25,514.60697297,521.55815631,500.89409336,501.3129595,498.0230723912374,495.60113554158653,479.8035321573494,439.43515424818355,338.9149380433082,453.5798095696597,0,0,0,0,505.55762409429974,402.27989123755174,96.6310083996618,18.751436589215377,2,33,499.36822385,497.3845388612202,501.35190883877976,489.44979890610114,521.55815631,505.55762409429974,,,515.4760490381987,464.6191343062922,0,0,5.5,47.91704443429984,0.37291855550483255,0.09197617909310767,6,8.778334952296772,71.62403195470216,0,2.2372435729979196,505.4259800477076,464.6191343062922,1,1,1,0,19,10,1,0,2112,0,,3,,0.3504265289673795,0.09184290067695434,45,3.7181564137789627,-0.3655218023407507,,,,,,0.8464014305682506,101.36840615057035,88.88888888888889,233.34952981625833,3,30.40904428647145,43.200978344252825,32.98728889217075,9.935557621272634,,,,2476001
2025-06-26,503.63666928,507.53611359,497.46338021,505.44178289,500.4959758908249,499.8738754114221,482.24527032236375,442.0236494890391,340.57192157412106,457.91301465277195,0,0,0,0,505.5229751241557,403.4773837970415,96.12027694819997,11.005094652004715,2,34,505.44178289,497.4362955266688,501.3001521733312,482.00795362335026,521.55815631,505.5229751241557,,,515.1826167408118,477.74645339,1,3.5,0,48.409704638553755,0.3798263009705466,0.14122757886475312,6,8.398414508475689,88.81047873820073,0,0.6877396449643095,508.3494965201319,477.74645339,0,1,0,0,8,10,1,0,2112,0,,4,,0.017647898766008915,0.1413011577368533,46,3.667786546856388,-4.080927121516709,,,,,,0.7686123064465632,98.41526795114041,84.52380952380952,238.27862024800743,3,29.09296126340698,43.54177965097152,31.45166475356723,11.058570909749843,,,,2205693
2025-06-27,505.63126995,531.1520858,501.64216834,518.2570922,506.4163479938833,504.8376382078953,485.6749676440434,445.01319626201797,342.33993322213973,462.30184106876044,0,0,0,0,518.2570922,408.7506788057655,99.90300835677289,1.62749050898211,2,35,518.2570922,497.31080900101387,501.4256386989861,485.33845461622184,,531.1520858,529.0946709510139,533.2095006489861,541.4391600449306,477.74645339,1,2,0,51.38668963392886,0.3991556703918665,0.43140382239573993,1,8.018293633364115,98.08686594653551,0,0,,477.74645339,0,1,0,0,3,10,2,0,2112,0,,5,,0.1952919461088855,0.4277235101559544,47,8.809773673827037,-5.028962835340626,,,,,,2.940079261208079,91.85637625407541,78.17460317460318,230.70192974975652,3,27.776183925985404,44.663201446651534,37.67246199955153,9.642362694894217,,,,9150273
2025-06-30,522.85464674,529.93547912,515.19956883,527.72147238,513.5180561225889,510.9263415354757,489.67939666651546,448.2566580705663,344.18452565157116,466.7704256855714,0,0,0,0,519.9755829066415,409.95108696733547,98.05171751764297,3.7066463748813,2,36,527.72147238,,,481.18532724708894,,531.1520858,529.1100585269236,533.1941130730764,541.362222165382,477.74645339,1,1.5,0,53.32515934032115,0.4132924633682724,0.592747178373671,1,8.124266451887033,94.40139485536876,0,0,,477.74645339,0,1,0,0,8,10,1,0,2112,0,,6,,0.6110767279265734,0.584303092322565,48,4.812985754794473,-5.562080312710044,,,,,,0.6860343276192615,82.05776858993403,71.03174603174604,191.57139949228483,3,28.143284537791345,45.70452168549727,35.24517342533955,9.021091995941674,,,,2030065
2025-07-01,523.74224404,526.57457699,480.89832137,504.63396962,510.55669395505925,514.9202034204831,491.10364170970445,450.46753303328916,345.78103753185405,471.1513346416637,0,0,0,0,514.3206072901856,412.926159611139,99.05123367223784,18.120736922235213,2,37,499.36822385,497.053991819554,501.68245588044596,487.7970636977702,521.7700064330663,514.3206072901856,512.0063752597397,516.6348393206316,525.8917674424155,477.74645339,0,5.5,7.5,45.94032490098943,0.3808127356160583,-0.17663925358209018,1,9.268852352223018,86.55098793036264,0,1.936001428409018,521.7700064330663,477.74645339,1,1,0,0,8,10,1,0,2112,0,,7,,-0.10937705822856898,-0.1842328388198808,49,5.75763995836027,-1.5709183892531857,,,,,,2.0656581081753176,78.05471351224952,66.66666666666667,143.09864989384656,3,32.108246403809126,43.63072724293301,28.878165864038877,20.62525312360022,,,,6526985
2025-07-02,501.22320247,510.13906747,495.9574567,503.70648031,508.27328940670617,516.8524059016827,492.30391205258974,452.5553348872778,347.3524349724326,475.42805118187607,0,0,0,0,512.6152852428849,414.3836834540267,96.78439819203564,12.131713477081917,2,38,503.70648031,483.3698199727109,487.92092250728905,474.2676149035545,522.7812487125832,512.6152852428849,510.3397339755958,514.8908365101739,523.9930415793303,463.16083298641655,1,2,0,45.01308457790899,0.38062097844510057,-0.24439699552482774,1,9.159111553602914,78.54389461812274,0,0.6479450936450433,522.7812487125832,463.16083298641655,0,1,0,0,8,10,1,0,2112,0,,8,,-0.14773231177745685,-0.25391869009540624,50,3.490788611410161,-2.0538446847416783,,,,,,1.0742028459332083,73.12096223308309,61.111111111111114,130.4612569767662,3,31.728093126062717,41.70506097483763,27.271259684527134,19.477574740757394,,,,3389533
2025-07-03,510.35847354,518.30695722,504.65391563,515.64416532,510.7302480444708,518.2163669431363,494.52679331615263,455.0294066689532,349.0269795530054,479.6597610929416,0,0,0,0,512.8545106404296,415.2440683888635,93.85990474920914,6.82675603643586,2,39,515.64416532,,,472.3433890508006,525.6466513469545,518.2570922,516.0137189079637,520.5004654920363,529.4739586601814,463.17862562104574,1,2,0,47.73762360158494,0.3986881180079248,0.05259354941302148,1,9.3380161367537,87.78490817181391,0,0.2310001549341626,525.6466513469545,463.17862562104574,0,1,0,0,8,10,1,0,2112,0,,9,,0.06988338934280748,0.0426666252411074,51,2.6343653579835205,-5.119923061487035,,,,,,0.5768654245967395,67.77159140780239,49.6031746031746,109.50888266673428,3,32.3478367815109,40.326156389382156,28.93733955613463,18.34574173731881,,,,1809150
2025-07-07,518.59617431,529.75596506,512.69215633,528.84842176,516.7696392829805,520.5250006517193,497.7955198346143,457.92427000585695,350.81624763466704,483.9131949874721,0,0,0,0,514.2954778852289,416.4414268655165,89.3179076201613,5.795732783744291,2,40,518.2570922,516.0216044223056,520.4925799776944,507.07965331152786,530.8468663922265,531.0320819401634,,,542.2095208286355,480.89832137,0,3.5,0,50.74798425833801,0.4181843657361345,0.35028449184039123,1,9.522839434180167,77.52687835570687,0,1.126355895822522,530.8468663922265,480.89832137,1,1,0,0,8,10,1,0,2112,0,,10,,0.42374776209637355,0.34143577243100837,52,1.8495098914774561,-3.553485326555356,,,,,,0.7252768122778599,61.33921367575993,39.682539682539684,85.94355062035562,3,32.988083464641015,39.566909542152615,31.537920748400552,17.095422459202283,,,,2268050
2025-07-08,533.55567934,535.76968608,510.11922119,528.56917766,520.702818741987,523.5274130297839,500.72634438941293,460.6946585413136,352.58493350556586,488.1649230754252,0,0,0,0,515.8742298616409,418.0493050836826,82.90831691306046,6.281566227520937,2,41,518.2570922,515.9522601127659,520.5619242872341,506.73293176382947,531.1520858,533.3277379969549,,,544.9890144289365,480.89832137,0,5,5,49.91258202802818,0.41845179902902985,0.241923414425387,1,9.5315246034143,70.4286375750768,0,1.118952974615566,531.1520858,480.89832137,1,1,0,0,8,10,1,0,2112,0,,11,,0.12054005741608127,0.23489763897475024,53,1.133625954811369,-3.057307376191858,,,,,,0.9849090824634867,53.56771340219487,32.93650793650794,62.23707664538478,3,33.01816977341272,39.1154925956209,30.73374755996094,15.39671824555908,,,,3130662
2025-07-09,534.11416753,544.1569819,528.56917766,534.3236006,525.2430793613247,527.1760298300394,503.9260830761355,463.5820680338111,354.3932784517791,492.43115855327454,0,0,0,0,517.2583157278469,419.25921519278745,83.45008539433798,3.526137553015522,2,42,531.1520858,528.8727077525683,533.4314638474317,519.7551955628417,571.364830995,544.1569819,,,555.5538721371584,480.89832137,0,5,8,50.7713698561874,0.42719018261427033,0.31128912766872185,1,9.420376184809577,87.93414952040308,0,3.528396286900321,539.8361590662148,480.89832137,1,1,0,0,8,10,1,0,2112,0,,12,,-0.002666436539091729,0.3036618705946565,54,1.7701627880263096,-6.037170413750734,,,,,,0.7228003836125545,43.880612200639376,24.206349206349206,34.466409670012744,3,32.63314035700409,39.032484049040924,32.142566787617966,14.456608139089964,,,,2295664
2025-07-10,537.58477269,540.90578281,518.59617431,537.9039088,529.4633558408831,531.138314854851,507.1620664784083,466.496650024642,356.21925487315445,496.7101561608887,0,0,0,0,518.8237283441938,420.5941753757775,80.79286192469107,2.145412277555731,2,43,531.1520858,528.8363275372063,533.4678440627937,519.5732944860315,571.364830995,544.1569819,,,555.7357732139685,480.89832137,0,3.5,0,51.00360282083609,0.43279579188195827,0.3133812933213245,1,8.600055992733404,86.26662997949892,0,3.4729657098567683,542.5083205020763,480.89832137,1,1,0,0,8,10,1,0,2112,0,,13,,0.24769889033558834,0.3065969101929659,55,1.2581177152490524,-6.047710140284711,,,,,,0.8087206635518295,31.127831412429458,11.904761904761905,4.485725793184072,2,29.79146785470291,38.13945431721417,29.377782459035245,17.05826704133568,,,,2510575
2025-07-11,536.54758035,545.17422825,533.22657023,537.70444874,532.2103868072554,534.7745405227333,510.0708647890361,469.2891127193619,358.02507769770017,500.98147968666717,0,0,0,0,520.043334142321,421.7820950876643,77.67687055458158,10.158020532456863,2,44,531.1520858,528.8950633236559,533.4091082763441,519.8669734182794,546.2094229982081,545.7834267179835,,,557.0685390997041,480.89832137,0,5,7,50.18625292891152,0.43315348686677985,0.21131428373549524,1,7.986329170884076,59.15740421514421,0,1.3342655960252199,546.2094229982081,480.89832137,1,1,0,0,8,10,2,0,2112,0,,14,,0.1482741028663879,0.20565789445969201,56,0.9937703776111486,-1.56643967044413,,,,,,0.7463273851861206,28.150117306539602,5.555555555555555,1.7518653244482856,2,27.665455779881288,37.503143547709264,29.677833453007835,16.252028072735204,,,,2286510
2025-07-14,539.9882665,554.35437783,538.54218102,553.54157806,539.3207838915037,539.5687376541817,514.2109327196041,472.5931309680144,359.9705155122504,505.32867074625483,0,0,0,0,553.54157806,423.2112125152862,75.6610859081783,7.506599685008446,2,45,531.1520858,528.9076191336626,533.3965524663374,519.9297524683129,552.9756457801669,554.35437783,552.1099111636626,556.5988444963374,565.5767111616871,486.77624000528,0,2,0,53.774143771828456,0.455537385525809,0.5514151668738634,1,8.324213642814778,72.44411780236031,0,1.9446544078802663,552.9756457801669,486.77624000528,1,1,0,1,8,10,1,0,2112,0,,15,,0.1910891776183337,0.5447213369197963,57,0.93015168444827,-3.527138969742528,,,,,,0.8062642021187023,30.742896687627642,11.11111111111111,6.61319158712045,2,28.8359219248264,37.308935825373084,31.364048290582794,15.175590695176085,,,,2471743
2025-07-15,555.30679965,559.11648693,544.01735986,558.09924059,545.5802694576691,545.2952551753796,518.3907715644037,475.94631173750406,361.9419456125265,509.7523758472419,0,0,0,0,555.8678697047999,424.719445649334,81.07572718403121,10.56782521483477,2,46,531.1520858,528.9331245467046,533.3710470532955,520.0572795335227,558.5752211314683,559.11648693,556.8975256767045,561.3354481832954,570.2112931964773,492.41648202242,0,3.5,0,54.1957895058308,0.46209005864026514,0.5503362995651191,1,7.878750021392855,69.98378785194423,0,2.471709255016606,558.5752211314683,492.41648202242,1,1,0,1,8,10,1,0,2112,0,,16,,0.07962585854141582,0.5425405782252866,58,2.0355069093012466,-2.021930380100547,,,,,,0.8386063480418651,31.78496888200825,11.904761904761905,16.45921174287447,2,27.292790674373602,37.32422409495228,31.374675686891717,14.25359328080698,,,,2576889
2025-07-16,558.10921359,564.99048618,550.50988477,559.65502911,550.2718560084461,551.5443019466289,522.3207008544605,479.22900653642546,363.90923997568547,514.2322515318584,0,0,0,0,556.9250698278269,425.8545396113367,78.19714670578108,14.404266291026136,2,47,531.1520858,528.9623306950649,533.3418409049351,520.2033102753246,564.119253337651,564.99048618,562.8007310750648,567.180241284935,575.9392617046753,496.61044727791995,0,2,0,53.7897276659953,0.4645041938855321,0.4677853724157264,1,7.795016199528226,59.88667756476485,0,3.0110369386377918,564.119253337651,496.61044727791995,1,1,0,0,8,10,1,0,2112,0,,17,,0.6192965279496543,0.4620644567748211,59,1.0475671680032874,-1.5601649462328229,,,,,,0.6381294839578712,32.981276848526676,12.698412698412698,22.140535563395648,3,27.002728206810687,37.57421486618017,31.917282645341324,13.412009433243366,,,,1955126
2025-07-17,567.11483562,579.69577935,564.69139581,568.63073213,556.3914813822973,558.39162055428,526.7311800235594,482.7349565597029,365.94626974836524,518.7968164157545,0,0,0,0,560.0668689900922,427.41571354536944,81.90887014150158,13.723241487447401,2,48,531.1520858,528.9398065039888,533.3643650960112,520.0906893199443,570.5472476691119,579.69577935,577.4835000539888,581.9080586460111,590.7571758300556,505.69831845697996,0,2,0,55.38639935338217,0.47693199676691084,0.5892930130848543,1,7.821933380517962,69.94872208897391,0,3.561499846799956,570.5472476691119,505.69831845697996,1,1,0,0,8,10,1,0,2112,0,,18,,0.8213338536321048,0.5795222425750866,60,1.9388383465550918,-2.0896416246630936,,,,,,0.8330755215832691,34.81531091645424,14.285714285714286,28.48887961382973,3,27.095972056952185,38.333391013758074,35.27065600567548,12.3272090043297,,,,2569448
2025-07-18,569.06954428,577.4618266,565.4693898,573.04877262,561.9439117948649,565.1163342541801,531.1423793184586,486.2766748365773,368.00699116997356,523.4465689177769,0,0,0,0,562.3590830600173,428.6769185386628,84.06300423740748,13.497908242137338,2,49,531.1520858,528.9907511251325,533.3134204748675,520.3454124256626,576.687877984017,579.69577935,577.5344446751325,581.8571140248674,590.5024527243373,505.69831845697996,0,2,0,55.71681690017748,0.4785840845008874,0.5752238115433201,1,7.807081644871958,69.99046563789472,0,4.213673404079265,576.687877984017,505.69831845697996,1,1,0,0,8,10,2,0,2112,0,,19,,0.6308547510296533,0.5634195019038143,61,2.0045907551127637,-2.062760371263713,,,,,,0.667595025639739,37.306686526213944,15.873015873015873,37.94543523590795,3,27.044524135513264,39.03834029365185,33.52330187090519,11.716503050337039,,,,2052804
2025-07-21,574.83471997,576.31635561,563.3807286,564.62789665,562.8385734132432,570.1470683937766,534.3314762071768,489.349271770437,369.9634180901728,528.0906005308996,0,0,0,0,562.7127344414065,429.89715893839997,88.2867044480605,52.71801049073004,2,50,531.1520858,529.0296355036052,533.2745360963949,520.5398343180259,579.2113360553772,579.4106908548932,577.2882405584984,581.5331411512881,590.0229423368673,505.69831845697996,0,0,0,52.61722349867056,0.4630861174933528,0.23186564670344526,1,8.007763069096725,33.60892539790598,0,4.528657310563194,579.2113360553772,505.69831845697996,1,1,0,0,15,8,1,11,2048,0,0,20,,0.165985314856676,0.21492998445867306,62,2.911741801933916,3.685290643358659,,,,,,0.7199036003512996,36.486519695639366,15.079365079365079,31.531751041468816,3,27.739704981298424,39.47988186356697,31.699075536321207,11.957573000987555,,,,2146844
2025-07-22,557.2446618,557.2446618,535.93804285,547.74622994,557.8077922554955,571.7294332266449,535.609071800779,491.63934856140025,371.73240129265866,532.593018771824,0,0,0,0,559.3846146291957,431.8062471464902,91.00831923861168,28.035403081378263,2,51,537.70444874,535.4774426272762,539.9314548527237,526.5694181763812,579.6547770845403,559.3846146291957,557.1576085164719,561.6116207419194,570.5196451928144,505.69831845697996,0,5.5,1.5,47.349606339203305,0.43674803169601656,-0.2981932061282354,1,8.594583295352969,86.05541928348262,0,3.7674192365132484,579.6547770845403,505.69831845697996,1,1,0,0,8,10,1,11,2048,0,1,21,,-0.168977015324876,-0.31669494477953414,63,3.166174304886626,-4.041697003639017,,,,,,1.3023460583941315,35.42854554879521,13.492063492063492,18.997510447385736,2,29.77250987486818,37.5906904972397,28.052917402044148,21.584557424827338,,,,3938494
2025-07-23,594.40029233,632.284269,583.6746471,627.60489447,581.0734929936636,579.1952383359676,544.3705787216572,496.97133075389434,374.27839624964713,537.4221280292176,0,0,0,0,627.60489447,437.34768201942927,99.96587524697259,0.6829829102713387,2,52,627.60489447,,,532.2073020194308,,632.284269,629.4615308322923,635.1070071677077,646.3979598385388,546.49931364328,1,2,0,67.68397555368965,0.573807677450509,1.7123537095450445,2,15.660005286998217,99.02345749544955,0,0,,546.49931364328,0,1,0,0,11,10,1,11,2048,0,2,22,,1.2831023974564852,1.6892590964413399,64,10.203414857352907,-6.199469824198204,,,,,,2.1831602472964207,55.718082918632305,34.92063492063492,2.7102149145204075,2,54.247849607756294,38.2898087369035,44.28722414099579,15.81281821571468,,,,7081275
2025-07-24,630.83755406,631.63574161,613.90600062,622.55635821,594.9011147324425,589.7926685294135,551.8168434348328,501.8962337913887,376.7488237318397,542.4874250255161,0,0,0,0,625.8064056746438,440.20358177519967,60,9.020398190082735,2,53,550.75854402378,,,536.8614676652261,579.69577935,632.284269,629.5048537282892,635.0636842717108,646.1813453585539,550.75854402378,0,2,0,65.24440661641452,0.5379194318303708,1.315037489565683,2,15.536906309448646,88.0601087525674,0,2.0822534596212736,579.69577935,550.75854402378,1,1,0,0,17,10,1,11,2048,0,0,23,,1.0935791899863854,1.2970175913786055,65,4.074542620596793,-3.9124146339109247,,,,,,1.181821375970246,64.57326004450643,43.25396825396825,19.976874181429263,2,53.82142224080502,38.93898995944846,41.76485067511293,14.912201076984905,,,,3918587
2025-07-25,628.57269688,649.74462169,624.58175912,643.12964235,610.9772906049617,603.9917118582395,560.5133004743725,507.43479883290286,379.3993791409756,547.8546692174258,0,0,0,0,630.081925636437,443.0415983872758,95.52761957376592,4.671022404179807,2,54,643.12964235,,,556.5527973662757,,649.74462169,646.9209837280544,652.5682596519457,663.8628114997287,562.1731830536801,1,2,0,69.51257110809047,0.6089850781651382,1.6009968246435309,2,15.682755718638216,94.293911535956,0,0,,562.1731830536801,0,1,0,0,15,10,2,11,2048,0,1,24,,1.4913777809974866,1.5814581814132493,66,3.4715691357984175,-7.208333774284019,,,,,,1.0646298549783884,74.6800564925532,63.095238095238095,37.46484193409348,3,54.32665941474549,39.91591340327538,43.90043861402618,13.630176985658396,,,,3604472
2025-07-28,636.81398335,647.04854368,629.73006883,646.19268708,622.7157560966411,619.4148795729459,568.6732420558608,512.8762846465145,382.0540389214634,553.4768935135941,0,0,0,0,632.766809846455,445.3178778272395,60,2.524336847952417,2,55,579.69577935,,,565.8128854708768,644.1872091695235,649.74462169,646.9680429141754,652.5212004658247,663.6275155691231,562.1731830536801,0,3.5,0,69.13646271197621,0.5679392916312493,1.4149079357522372,2,15.637098741398137,93.21628743765957,0,4.645388085585295,644.1872091695235,562.1731830536801,1,1,0,0,17,10,1,11,2048,0,2,25,,1.1780558245709467,1.3976686145032717,67,3.0892085085122254,-6.993560722454415,,,,,,0.9500283865118382,83.07178508867085,71.82539682539682,53.358107780032306,3,54.16849900614583,40.823056601114665,41.45559840062669,12.871104733481786,,,,2920550
2025-07-29,645.52420501,654.16458525,628.56271954,631.23664783,625.5560533410941,631.6073853099837,574.6316616533978,517.5178675164551,384.533467865827,559.1994453576958,0,0,0,0,632.5592696720341,447.2588921119147,60,25.627152136400294,2,56,579.69577935,,,565.661580314475,653.5695454834939,632.5592696720341,629.7524298649291,635.3661094791391,646.593468707559,562.1731830536801,0,0,5,64.15649106783438,0.520782455339172,0.821509071151904,2,15.985930446012839,58.644482508770444,0,5.263839136561802,653.5695454834939,562.1731830536801,1,1,0,1,17,10,1,11,2048,0,3,26,,0.7872594761832881,0.8085945867367658,68,3.0679580460827047,0.3722503562833611,,,,,,0.8841750832765425,89.71837250802362,76.19047619047619,62.014112014612486,3,55.376887477512874,41.81226941565164,40.343084829772714,11.822886307459191,,,,2749930
2025-07-30,638.50015455,654.68340716,633.73098393,653.51605787,634.8760548507294,643.123838301929,582.1444612930742,522.8511298832608,387.20991154746054,565.1078752460575,0,0,0,0,635.02175388033,449.3513506742174,91.24188111764789,30.525645162912262,2,57,653.51605787,,,559.5976068834427,,654.68340716,651.867709845099,657.4991044749011,668.7618937345053,565.22535247414,1,2,0,68.77565330346617,0.5648304951181207,1.1873761706534234,2,15.130156097433883,58.20760054169091,0,0,,565.22535247414,0,1,0,1,8,10,1,11,2048,0,4,27,,1.167617828806318,1.1707999414006798,69,2.2959983493024714,-0.36059630299831513,,,,,,0.924887755833053,95.63337774806703,81.34920634920636,82.46327410899653,3,52.41239817440705,42.74181780078971,37.50810956924345,10.943859035034471,,,,2699556
2025-07-31,658.50473007,675.75545875,654.58363372,658.79407305,642.8487275838196,653.6788067367848,589.4444243175433,528.1822256937212,389.91224151265993,571.1781953151487,0,0,0,0,658.7940730500001,451.94993776367954,60,29.47060816917652,2,58,586.21732708112,,,572.1516162940793,674.2017530753599,675.75545875,672.9423165925919,678.5686009074082,689.8211695370406,586.21732708112,0,0,0,68.95957677404951,0.5528641535909862,1.1018041650096826,2,15.060916685406221,81.45925857470502,0,6.255242079575804,674.2017530753599,586.21732708112,1,1,0,0,17,10,1,11,2048,0,5,28,,1.064530157765908,1.0874593702896553,70,5.564743805845936,-0.7919204000756448,,,,,,1.1462556086262308,100.28393732557119,87.3015873015873,92.2159169315943,3,52.17254581537084,44.02222308945986,41.54860694982796,10.171385032921545,,,,3343017
2025-08-01,636.7341646,662.75507878,631.0271236,655.01265953,646.9033715658798,662.5106962039156,595.6890181473011,533.1559681971047,392.5500566173101,577.3327813796213,0,0,0,0,656.9815885626192,454.24299205399024,60,30.097022737527524,2,59,643.12964235,640.234153604014,646.0251310959861,628.6521986200695,675.75545875,656.9815885626192,,,671.4590322925498,586.21732708112,0,3.5,0,66.86092601142073,0.5343046300571037,0.815249004853126,2,15.139196842328856,74.06926405937564,0,2.2535619553160227,675.75545875,586.21732708112,1,1,0,0,17,10,2,11,2048,0,6,29,,0.8958209910627968,0.8038232139174165,71,4.3123297931145235,-0.6441078064581331,,,,,,1.032723673313759,100.08279862678131,86.9047619047619,90.83849470423624,3,52.443716233399776,43.66523815837823,37.48362476440979,16.440169307306927,,,,3077392
2025-08-04,657.86618002,673.44081462,652.46843671,661.26845446,651.6917325305865,670.1447445260624,601.9346787485106,538.1799872662378,395.22387152121746,583.5587019057239,0,0,0,0,658.0592206227403,455.86792226746377,96.64621040261518,28.064780354529507,2,60,661.26845446,640.2537208545308,646.0055638454693,628.7500348726538,675.75545875,675.75545875,672.8795372545308,678.6313802454692,690.1350662273462,586.21732708112,1,2,0,67.31490734979556,0.5595539621345083,0.792862424666366,2,15.07528224556436,75.42021060263211,0,0.4455014872751454,675.75545875,586.21732708112,0,1,0,0,8,10,1,11,2048,0,7,30,,1.1838354030842437,0.7815471690847916,72,4.256886402788913,-0.952370770863563,,,,,,0.7248548527510608,97.92418368414063,83.33333333333333,87.51408062972705,3,52.22230957551701,43.60266912314877,38.36052643267727,15.369737732589888,,,,2155916
2025-08-05,659.74192077,663.60315305,642.50106966,648.24802003,650.5438283637243,674.196364059165,606.3454731562715,542.496380707954,397.7415247402103,589.7282197045711,0,0,0,0,656.0705914538797,457.3829170745773,60,25.247332176057334,2,61,643.12964235,640.2707323596536,645.9885523403465,628.8350923982678,675.75545875,651.6424126191639,,,667.5062314152656,592.3466567556,0,3.5,4,62.98223336208385,0.5527548510212412,0.3346578195435552,2,15.354445873108274,77.26453127585611,0,2.2823954940985196,675.75545875,592.3466567556,1,1,0,0,17,10,1,11,0,0,8,,,1.3027494736865746,0.32213269166017255,73,4.359433764959995,-1.2143840975870894,,,,,,0.7449370751241333,94.13664623474176,78.17460317460318,76.98397745315194,3,53.189360748579595,42.948927971683034,35.83244308222645,17.4696989689269,,,,2180246
2025-08-06,645.16502061,664.78047969,642.54097903,663.04442177,654.7106928324829,676.206074608104,611.7453730242456,547.2237548672499,400.38135456140225,595.8927013790944,0,0,0,0,657.1150957173173,458.78094215593717,90.42132343036829,13.806325009140828,2,62,663.04442177,640.2763732459283,645.9829114540718,619.7148261974264,675.75545875,675.75545875,672.9021896459283,678.6087278540717,690.0218042703585,592.3466567556,1,5,0,65.60322158266635,0.5280161079133318,0.558960158032512,2,15.404141971367924,80.70390833912593,0,0.29335692641557337,675.75545875,592.3466567556,0,1,0,0,8,10,1,11,0,0,9,,,-0.03964891415875329,0.5444062178627584,74,1.7561401270376216,-4.520427164247211,,,,,,0.6518936060419195,90.54881149972947,75,69.68936274198416,3,53.361513082826896,42.376408662801616,33.70717731311722,16.253933800038638,,,,1894867
2025-08-07,664.26165778,667.86617299,637.07339431,644.39676509,651.272716918322,674.8700307168177,614.8550294114604,551.034461150495,402.8093685965127,601.8877916118519,0,0,0,0,655.2020768478096,460.2605420647977,94.82006794833381,33.480337699892,2,63,643.12964235,640.2052426580049,646.0540420419952,628.5076438900243,675.75545875,651.381858237343,,,666.0038566973187,592.3466567556,0,0,7,59.97561509933036,0.49987807549665186,0.000015993413085422193,1,15.896299415104943,76.05803846894678,0,2.2312829870215993,675.75545875,592.3466567556,1,1,1,0,19,10,1,11,0,0,0,,,-0.26618887983676737,-0.0142186866047049,75,6.019023568133129,0.6084557414818508,,,,,,0.774188840981723,86.58156332321165,69.84126984126983,57.2312133351474,3,55.06639647857837,41.501975355519264,30.53821908893483,16.395155353079254,,,,2239865
2025-08-08,653.74553679,654.76322592,637.72202146,647.61944733,650.0549603888813,671.6004050864049,617.975450165607,554.8221076673383,405.2452897779404,607.6839383990895,0,0,0,0,654.3485962746314,461.5114881818377,95.83739334543397,25.29554204484276,2,64,628.56271954,625.6950519290402,631.4303871509597,614.2243814852011,675.75545875,654.8134405533895,651.9457729424297,657.6811081643492,669.1517786081884,592.3466567556,0,2,5.5,59.809247304236834,0.4990462365211842,-0.006750486407043626,1,15.87200680726419,78.15095141630333,0,3.291367453441027,675.75545875,592.3466567556,1,1,0,0,8,10,2,11,0,0,1,,,-0.5586563732867316,-0.015566027242085114,76,4.129745059532417,-1.663731617350596,,,,,,0.6573357149264688,81.84939373818246,66.26984126984127,48.86513747625039,3,54.98224441652131,40.69000157018565,28.917912642758374,15.525256036839023,,,,1888714
2025-08-11,639.54777572,651.93963745,635.9259997,649.28566384,649.7985282059209,667.7795925414091,620.9573752774539,558.5265608505799,407.6735522064186,613.2828705442287,0,0,0,0,653.8859365184877,462.62506776081653,97.2058391645883,21.2719491958984,2,65,649.28566384,625.7569064213409,631.3685326586591,613.4794947507273,675.75545875,654.6746426265463,651.8688295078872,657.4804557452054,668.7037082198417,592.3466567556,1,2,0,59.26607461433877,0.49633037307169386,-0.0479417675614068,1,15.746177353259942,83.16865696431779,0,0.7392523574360886,675.75545875,592.3466567556,1,1,0,0,8,10,1,11,0,0,2,,,-0.5802612854702811,-0.051686180437799614,77,5.2081826300522245,-1.6508360296448097,,,,,,0.59546805986197,79.43425715674886,63.492063492063494,45.62705831213124,3,54.54635840167329,39.81175683681092,27.444310727594733,15.305642941150992,,,,1687604
2025-08-12,651.26117803,661.33340698,649.52512011,655.9505299,651.8491954372806,664.601400614469,624.2900566700773,562.3471086564396,410.14396989491195,618.7139010926487,0,0,0,0,654.0697487623997,463.84351074243784,98.0489510778983,11.72438908441293,2,66,655.9505299,652.2996924989236,657.7256265610763,627.8213838613897,675.75545875,675.75545875,673.0424917189237,678.4684257810763,689.3202939053815,592.3466567556,1,3.5,3.5,59.93177470537216,0.49965887352686084,0.027559746167545657,1,15.74775981350219,93.13320614169058,0,0.7040714575129863,675.75545875,592.3466567556,1,1,1,0,1,10,1,11,0,0,3,,,-0.21816336090172284,0.026209417869441733,78,5.548705662801059,-4.63372300436908,,,,,,0.6456406703237381,75.77563134809205,59.92063492063492,38.90572905272584,3,54.551840204754356,39.35442212071686,29.44770162413779,14.698774241430788,,,,1804875
2025-08-13,660.81947397,664.64079687,612.83842477,632.87293232,645.5237743981871,659.6314670143402,625.1074733986413,565.1128272314811,412.3601784762561,623.834573316987,0,0,0,0,650.6231075361273,466.1354490509209,98.10095484153008,14.691937410831592,2,67,628.56271954,625.581014688822,631.5444243911779,613.6541952841101,675.75545875,653.6957939318381,650.7140890806602,656.6774987830161,668.604318187728,592.3466567556,0,5,3,53.47576350814901,0.46737881754074506,-0.5694096793922456,1,16.34456708992387,81.10835223638261,0,3.165486965710611,675.75545875,592.3466567556,1,1,0,0,8,10,1,11,0,0,4,,,-0.9578344045239668,-0.5657289529723866,79,4.857255934774139,-1.6127869164960038,,,,,,1.3599426189301114,72.15453150692849,55.15873015873016,27.43818162812699,3,56.61924125493266,36.76165707433864,24.879782810061435,23.404358757309726,,,,3936413
2025-08-14,625.57949356,638.82930715,618.87471813,623.85341298,638.3003205921248,652.6521088271069,624.9880390730565,567.4163796137759,414.4645887698257,628.603493131172,0,0,0,0,648.0861689823082,467.5004359176997,86.46687533933418,52.5115160210291,4,0,567.7912228261991,,,553.0567632930514,675.75545875,652.9347123656923,648.0861689823082,655.01265953,666.8002271565182,592.3466567556,0,0,0,50.52031702676031,0.2747513440085019,-0.788369034574444,4,16.434003799200767,30.797269872378152,0,7.327329223098848,675.75545875,592.3466567556,1,1,0,0,8,8,1,11,0,0,5,,,-1.1771980709976029,-0.7816010601627233,0,1.8929526814502422,2.7994221931275605,,,,,,0.8761227881087869,69.2351787985148,46.82539682539682,21.616587184488765,3,56.929059103991364,34.35408953127316,23.375577409046112,21.989355936794404,,,,2534442
2025-08-15,622.61622228,622.61622228,606.48285639,620.50102527,632.3672221514165,644.417688203642,624.5607044251464,569.4981304238239,416.51470256584736,633.0104182424402,0,0,0,0,645.7381100285039,468.78948427126676,55.596818800827016,71.36697181003422,4,1,592.3466567556,589.4551628727475,595.2381506384525,577.8891873413377,675.75545875,647.0550461395511,644.1635522566986,649.9465400224036,661.5125155538134,592.3466567556,0,7,0,48.97457915591928,0.2654642840766542,-0.858293196784161,4,16.46023853964634,15.490335879028706,0,3.7840916564541645,675.75545875,592.3466567556,1,1,0,0,8,8,1,11,0,0,6,,,-1.1647311063764623,-0.8479285234565346,0,-1.044318018162432,2.782915742256951,,,,,,0.8537135609401211,67.14012339125952,41.666666666666664,17.748501092503723,2,57.019938910741594,32.28435881603794,22.121755711129165,24.636340435158548,,,,2488202
2025-08-18,619.97222601,627.12119282,612.83842477,623.60397937,629.4461412242777,636.3719260490689,624.4695877532276,571.6199284217132,418.5752923847941,637.0972407868463,0,0,0,0,644.4136963706227,469.75861918244533,49.87447499278154,80.84335418294421,4,2,589.956928339023,587.144445018785,592.769411659261,575.894511737833,664.64079687,646.6577220421867,643.8452387219487,649.4702053624247,660.7201386433767,592.3466567556,0,4,0,48.98251060569626,0.26986680095750093,-0.7744048140691691,4,16.34137708861027,20.877895776447158,0,3.86214310291383,664.64079687,592.3466567556,1,1,0,0,10,8,1,11,0,0,7,,,-1.1996339834321568,-0.7647195539441866,0,0.12667977551316145,2.7976891824377335,,,,,,0.6414683053118163,64.85174037396422,36.904761904761905,14.562467897582149,2,56.608190766229924,30.1287950566169,22.548860302264387,23.519269886354838,,,,1860413
2025-08-19,619.14410643,619.57313224,593.84156104,601.76357249,620.2186183128517,627.3303041371477,622.3071101091107,572.8020321106657,420.3980613410648,640.7546936396056,0,0,0,0,640.5505845831922,471.1199094360958,29.09612625564138,67.31075465509474,4,3,568.914140593461,566.0368130610078,571.7914681259141,554.5275029311953,664.64079687,647.61944733,,,662.0060849922656,608.1784645539469,0,7.5,0,43.14137666819427,0.25849041013760865,-1.260223189593786,6,16.469633570413006,10.572506802368409,0,2.741501086073899,664.64079687,608.1784645539469,1,1,0,0,10,8,1,11,0,0,8,,,-1.3422682143730984,-1.2446399478695698,0,-2.7599112005740785,2.5462952802062815,,,,,,1.0834623969237744,62.34860727781948,34.12698412698413,9.282896433453113,2,57.05248425199467,28.99118453812757,20.46635800750187,27.24202008441047,,,,3096700
2025-08-20,591.26740619,606.39306029,579.91318827,603.22026477,614.5525004652345,618.4867855892392,620.4893153149096,573.9949039796592,422.2171877433428,644.0264023190365,0,0,0,0,637.0158495818795,472.6744546593539,35.83616292408563,70.61789374701195,4,4,570.5079672812609,567.599735715233,573.4161988472888,555.9668094511213,664.64079687,647.61944733,644.7112157639721,650.5276788960279,662.1606051601395,603.4548495498742,0,7,0,42.86966098989918,0.27948548655716376,-1.1697437327496434,4,8.979965072243113,27.502806951027367,0,3.0372132876919475,664.64079687,603.4548495498742,1,1,0,0,10,8,1,11,0,0,9,,,-1.5210974528613428,-1.1575737350362543,0,0.04111539134047604,1.5282550084447357,,,,,,1.3328391132746895,63.772323037666,35.714285714285715,105.0061864185358,3,31.107511510637988,28.47958749385397,18.802526125571625,29.303508730498564,,,,3575848
2025-08-21,605.64475946,618.59535249,603.93863357,604.62707033,611.2440237534897,610.7086677453035,618.9786253163468,575.1961654051628,424.0322114506727,646.9583428101456,0,0,0,0,634.9546915834443,473.7796582792127,28.757344591051663,68.48022241359864,4,5,600.1146295413338,597.2768512325222,602.9524078501454,585.9257379972756,664.64079687,634.9546915834443,632.1169132746327,637.7924698922559,649.1435831275024,600.1146295413338,0,0,0,42.58989152297826,0.23976357625092165,-1.090167861613421,4,8.965932961060002,24.719173257663765,0,2.455446356322344,664.64079687,600.1146295413338,1,1,0,0,10,8,1,11,0,0,10,,,-1.2145129490882425,-1.080006886198644,0,-1.272666156991114,0.6731038349929062,,,,,,0.9813829926554346,74.68923061933404,58.333333333333336,140.47607533382924,3,31.058902851624776,27.33120542769755,21.732190732547647,27.885951049156432,,,,2566592
2025-08-22,606.59260718,622.56633556,601.13499979,605.69464618,609.3942312289931,604.3671099753091,617.7134844462186,576.392184259078,425.8397978658899,649.5864404366171,0,0,0,0,633.1011157346545,474.94354367349007,45.38076160926933,72.54267290789417,4,6,575.1771747907587,572.3507437203443,578.0036058611731,561.0450194386868,664.64079687,620.50102527,617.6745941995856,623.3274563404144,634.6331806220719,595.7694623971088,0,0,1.5,42.23533103656786,0.24083972718684565,-1.0256555594731587,4,8.239046619848292,36.632197421534904,0,1.7500205918176084,664.64079687,595.7694623971088,1,1,0,0,10,8,1,11,0,0,11,,,-1.2373045760320507,-1.0169542302808081,0,1.0929674535904734,1.1962526777898013,,,,,,1.0607684827155468,80.69687934684812,65.07936507936508,182.74123914669275,3,28.54089470301172,26.052881513285385,21.515323443854395,25.99805412028406,,,,2727705
2025-08-25,607.4506588,613.07887877,595.68098425,600.94543025,606.5779642359954,599.2696212313324,616.1165269037216,577.3550566508789,427.58214246672685,651.9172156228346,0,0,0,0,631.5854726538876,475.80569503956593,52.88782851683635,63.86159694127748,4,7,576.61560607637,574.342625355,579.91318827,563.2230994320323,664.64079687,620.50102527,617.7211437892581,623.2809067507419,634.4004326737096,590.959512813783,0,3.5,1.5,40.54502528640183,0.24388990779764178,-1.0993878577808276,4,8.210782861687576,40.19235835028183,0,2.1253792768411652,664.64079687,590.959512813783,1,1,0,0,8,8,1,11,0,0,12,,,-1.3293182509250607,-1.0907239098396695,0,1.0025954335347933,0.6326099406311838,,,,,,0.8412419797778155,84.02148504549548,69.04761904761905,195.403177905734,3,28.442986172717323,25.108989384177317,20.313058262403068,26.297046025331436,,,,2129951
2025-08-26,602.48194129,627.15591398,601.67617095,624.49196302,612.5492971639969,597.9116506687641,616.9141874862243,579.2035627830013,429.5414441637744,654.1214524882824,0,0,0,0,631.1870225801911,477.0792616815628,58.23896032138639,64.6755649546873,4,8,620.50102527,,,606.4243218000375,664.64079687,631.1870225801911,628.3716818861985,634.0023632741836,645.2637260501535,600.11601870248,0,3.5,0,45.38572971363746,0.23325083594902046,-0.527279738715034,4,8.937332666728299,47.06936102508302,0,2.2072642180757613,664.64079687,600.11601870248,1,1,0,0,8,8,1,11,0,0,13,,,-1.0505774990466652,-0.5267369417998088,1,1.1834889894401721,0.3694033786388442,,,,,,1.0634595289100228,85.52431263384581,69.04761904761905,176.2428498674442,3,30.959828525836908,23.47017878293168,23.088947999347667,24.11113227408246,,,,2689366
2025-08-27,623.80352626,628.5076446,616.59988361,620.9799378,615.3595107093313,599.1590791659512,617.301401801822,580.8418519993542,431.44630479697065,656.1908105174056,0,0,0,0,630.8047569182096,477.9279975244556,69.11673092103445,62.84432898815255,4,9,620.50102527,617.7804610453105,623.2215894946895,606.8982041465526,664.64079687,630.8047569182096,,,644.407578041657,592.3466567556,0,3.5,1.5,43.929831104294614,0.21964915552147307,-0.6221116676541596,4,8.140536207085795,50.66690673185295,0,3.244898333913668,664.64079687,592.3466567556,1,1,1,0,8,8,1,11,0,0,14,,,-0.7475369958653442,-0.6213534304351218,2,2.28793432211351,0.4171501461061404,,,,,,0.7490202544871555,83.65689874918067,68.25396825396825,196.65940783094473,3,28.199644623053267,21.877740188229517,22.63025699964082,23.168872374093556,,,,1862850
2025-08-28,625.35999199,645.48429563,625.35999199,632.25433696,620.9911194595542,603.3582993872966,618.7254908645056,582.8580278801638,433.4443946692396,658.2092162158882,0,0,0,0,630.8676612732423,479.02271075318043,77.40878352467627,33.713830329464024,1,0,605.0021964626698,600.11601870248,606.48285639,589.1359102311335,664.64079687,669.1799129859742,664.64079687,674.6699672216474,685.6500756929939,600.11601870248,0,2,2,45.86746183266987,0.22933730916334938,-0.37708454588157225,0,8.334854410930902,81.06898098231368,0,3.758825445162521,664.64079687,600.11601870248,1,1,0,0,8,10,1,11,0,0,15,,,-0.416625853004559,-0.37867314392299367,3,2.3875486892906026,-4.047769481226684,,,,,,0.9275304329217459,78.3366384294393,60.714285714285715,171.31655248430303,3,28.87278262684377,21.068158200333414,26.34842605663347,21.322226750411726,,,,2256421
2025-08-29,630.42848294,633.5612693,607.95950336,611.58127938,617.8545060997028,606.9764606675919,618.0450897707432,583.9844298997652,435.21690098476955,660.0646564658596,0,0,0,0,630.0621486437221,479.9604806330136,58.63241323172122,54.916660289605645,4,0,605.69464618,602.9171052318302,608.4721871281697,591.8069414391513,664.64079687,627.905447706326,627.12119282,633.4605296026655,644.5706933953444,588.4028231162804,0,0,1.5,40.52332940108001,0.20261664700540005,-0.8726242625516566,4,8.89621001955966,27.260834632613065,0,4.2444847287556815,664.64079687,588.4028231162804,1,1,0,0,8,8,1,11,0,0,16,,,-0.7013284490610044,-0.8667313552324531,0,-0.10862258269607006,1.3656556148226393,,,,,,0.94741414922245,75.23503302575753,57.53968253968254,144.13186331262847,3,30.817375497361294,19.705295894883946,24.17999256064959,25.160932547516563,,,,2266374
2025-09-02,589.21207324,592.65425706,566.57347881,578.36669989,604.6919040298019,605.9592332625771,614.2661954963867,583.7641267621274,436.6412770932793,661.5712956150785,0,0,1,0,625.4881276169377,481.5522739334029,92.8755161271043,47.13055242363958,4,1,550.75854402378,547.7775434953903,553.7395445521697,535.8535413818313,664.64079687,586.2355634998579,580.2735624430784,589.4004245502002,601.3244266637593,550.75854402378,0,10.5,3.5,32.458090939131246,0.19834049997081477,-1.6028131470669758,4,10.19728855567806,48.62904229855022,0,7.640538923871716,664.64079687,581.5115537779128,1,1,0,0,8,8,0,11,0,0,17,,,-1.288400362201268,-1.582425052159771,0,3.8636303674754924,2.3624875827533116,,,,,,2.0674493111223664,70.69492002101939,48.80952380952381,100.13031347312209,3,35.3244437557501,20.01517420154622,20.920395798859733,34.164873243043345,,,,5267320
2025-09-03,584.95673586,584.95673586,564.14898412,575.73268097,595.0388296765346,601.6544095470351,610.5963369700642,583.4491681036126,438.0252711617044,662.7444659311282,0,0,0,0,622.6081828858272,482.59835722783475,80.31761439161491,43.55230248366886,4,2,574.3779073325463,571.4240519156486,577.331762749444,559.6086302480581,600.11601870248,587.2556286647904,,,602.0249057492786,550.75854402378,0,8.5,3,31.43823401857074,0.15719117009285372,-1.5699565396313473,4,10.103601402853721,43.22237603815211,0,1.7426791590880097,600.11601870248,574.3779073325463,1,1,1,0,14,8,0,9,0,0,18,,,-0.983150481850767,-1.5482429765460601,0,2.7404248326974834,1.9615823400039143,,,,,,1.3951330449839958,66.27598293828737,35.714285714285715,89.36048179523203,3,34.99990193833366,20.378864275666068,19.604602113732334,32.74891286017333,,,,3657481
2025-09-04,579.4941398,599.00982544,578.74583897,597.45335971,595.843673021023,597.7274986978108,609.344624850058,583.9983520881768,439.6116203014884,663.745025391314,0,0,0,0,621.3973692555435,483.7021778947107,62.668442862061944,76.40510652506259,4,3,569.251407145,566.3007097536844,572.2021045363157,554.4979201884217,645.48429563,605.69464618,602.7439487886843,608.6453435713156,620.4481331365782,574.2552982297717,0,2,0,35.90481509571169,0.17952407547855845,-0.9862920749772697,4,10.621980594548576,29.675727109589157,0,2.1309774457224204,645.48429563,574.2552982297717,1,1,0,0,8,8,1,9,0,0,19,,,-0.6343186253619776,-0.9732340409283058,0,0.17347721861560972,1.332918522180915,,,,,,1.1893563838191754,60.49284597137867,27.38095238095238,64.4023004690226,3,36.795620133537604,19.998491656800283,22.476107910472667,30.442251215039125,,,,3195354
2025-09-05,598.60075432,603.13046867,564.21882553,580.76126254,590.816202860682,593.1257319351231,606.6223998681478,583.871407400013,441.0160943536129,664.4888971700474,0,0,0,0,619.3745052241318,484.7068865551785,41.02489516218702,59.743660490203716,4,4,570.0357022570204,,,554.5989088714476,645.48429563,583.871407400013,580.7840487228984,586.9587660771276,599.3082007855858,555.33374784916,0,5.5,1.5,31.687090329709694,0.15843545164854847,-1.3285730298208782,4,10.617596296068129,16.78722446613019,0,1.8486779500154744,645.48429563,570.0357022570204,1,1,0,0,10,8,0,9,0,0,20,,,-0.9337334023004903,-1.3112629843292434,0,-1.4605585483430428,2.113615151663602,,,,,,1.2653042772979282,55.88425124919444,23.015873015873016,51.94016895392453,3,36.78043247809024,20.143505757506453,19.946835718680898,31.217715652632755,,,,3477710
2025-09-08,593.06332818,604.62707033,583.61488281,598.87014262,593.5008494471214,590.6597591375378,605.8840896540385,584.4595930949145,442.5867814010397,665.1027149606073,0,0,0,0,618.6623569145,485.55472754994827,62.91726913538008,74.76677639428418,4,5,595.9214174865001,592.8414968596259,599.0013381133743,580.521814352129,645.48429563,613.3892140696595,611.58127938,618.6623569145,630.9820394219969,569.8173656320508,0,3.5,0,35.31134859568882,0.17655674297844412,-0.8501370793103231,4,11.1728142573466,52.24622690959892,0,2.476682827515232,645.48429563,569.8173656320508,1,1,1,0,8,8,1,8,0,0,21,,,-0.64228134583909,-0.83915347290645,0,2.7329979209967066,0.8820414940209929,,,,,,0.9042874806982435,50.760158098284705,18.650793650793652,31.15044368916472,3,38.703763914508485,20.19947306771803,19.000651834587302,29.057884942259367,,,,2513708
2025-09-09,604.97627739,606.31324154,593.42251258,604.32775,597.1098162980809,590.1402383828022,605.7358668298443,585.2387365029571,444.1961442726711,665.6261173459706,0,0,0,0,618.3024625292223,486.2051999783315,76.88562220941472,41.94967512067203,1,0,596.7821240645002,593.8071019738313,599.757146155169,581.9070136111557,645.48429563,613.2973261415035,,,630.202550891898,578.32689006,0,3.5,0,36.04975139744384,0.1802487569872192,-0.7046345244690158,0,11.231148959681788,80.53109260355484,0,3.274071256025507,645.48429563,578.32689006,1,1,0,0,8,10,1,8,0,0,22,,,-0.4661684262136133,-0.6955817275647416,0,3.061245630358166,-3.063405363962674,,,,,,0.6684047547762011,48.288992449979794,16.666666666666668,24.117589794132517,3,38.905841251086386,20.157854222939555,18.771616524880912,27.933711660258314,,,,1863901
2025-09-10,623.58402468,643.72828302,621.5885558,642.10197588,612.1072028253873,594.6123182408256,609.199305787002,587.4686674589195,446.1653565274704,666.2919502429469,0,0,0,0,619.4841386093082,487.96184853941463,96.20109916169035,8.98223224705584,1,1,642.10197588,633.6198536138431,639.8484755861568,596.6740679107452,667.86617299,645.318176961197,,,660.8897318919812,600.11601870248,1,3.5,0,43.915695489563596,0.219578477447818,0.14818405434186072,6,12.888222346450357,85.85882057019062,1,0.5671446972076477,645.0972077885439,600.11601870248,0,1,0,0,8,10,1,8,0,0,23,,,-0.232873815728777,0.1500710794397137,1,4.3089720154525235,-3.087741741622432,,,,,,1.3410410272179965,45.9783005891296,14.285714285714286,2.9838852420428172,2,44.64611184659318,19.0740191235564,27.377889723421408,24.77833838756209,,,,3878653
2025-09-11,647.28021762,652.01945621,618.69512593,632.7132948,618.9759001502582,601.5730380403385,611.4387333120494,589.2429665703345,448.02155491824186,667.0253738178304,0,0,0,0,620.1438314494767,489.66566606266497,92.09362117237359,14.94335710680194,1,2,607.4413423770108,604.2519435123651,610.6307412416564,591.4943480537825,645.0682322189662,644.3256829896459,637.9468852603546,645.48429563,658.2418910885826,607.0726219669,0,3.5,1.5,41.22385136479917,0.20611925682399584,-0.14110561301931088,6,12.456098382458919,90.94548863236574,0,2.3594972870309676,645.0682322189662,607.0726219669,1,1,0,0,8,10,1,8,2048,0,24,0,,-0.3236991027355326,-0.1351773727502353,2,4.965748673957554,-4.098191852375537,,,,,,1.413548983412256,43.256911570811646,12.301587301587302,0.24964789492064543,2,43.14919052499071,18.38512249769782,27.14488421482363,22.466769971886137,,,,4099922
2025-09-12,630.68789389,645.41435445,622.73595041,624.13277863,620.6948596435054,608.582099153916,612.6476900089971,590.6111944942429,449.77390540293595,667.7598502083904,0,0,0,0,620.2679470214327,490.67729827975677,71.98405909599191,48.948330183083804,4,0,591.0344779726227,587.8704075622375,594.1985483830078,575.2141259206965,645.1052330585615,643.2952723107644,636.9671314899939,645.48429563,658.140577271541,592.3466567556,0,0,3,38.765893515067816,0.1938294675753391,-0.38095605006802513,6,12.447829462301188,28.52198919909711,0,3.4177972088399553,645.1052330585615,592.3466567556,1,1,0,0,8,10,1,8,2048,0,25,1,,-0.6417599724656274,-0.3714362609904066,3,0.5400200512032582,1.9297618569748745,,,,,,0.9086669834418489,41.13472614966105,11.507936507936508,-4.605275612613009,1,43.120546145316865,17.745432773686282,25.40773821751698,21.029001469349726,,,,2640351
2025-09-15,628.72235705,638.44029049,622.68606369,627.25568742,622.8818022356703,615.5608731962622,614.038927857664,592.0482334325079,451.5398932837028,668.5171592770738,0,0,0,0,620.4171851939755,491.39419057019603,79.89260642766376,29.100244912386643,1,0,605.8291321464214,600.11601870248,607.3732168610002,587.801106221049,645.48429563,643.9845525806924,637.827096339977,645.9846596098489,658.2995720912799,600.11601870248,0,2,3,38.91478842731949,0.19457394213659748,-0.336554478928534,0,12.443622853319974,78.49935785706965,0,2.1996398079153225,645.48429563,600.11601870248,1,1,0,0,8,15,1,8,2048,0,26,2,,-0.24254341289362197,-0.3237461654161728,4,2.631644352655803,-3.044303568142189,,,,,,0.6443727766795023,38.116540173549176,9.920634920634921,-11.574808280594842,1,43.10597402435079,17.14888418587393,24.24689454538541,20.082683664418575,,,,1851879
2025-09-16,628.07382966,632.08472211,607.35088535,616.51008751,620.7578973271135,620.6426284020314,614.2742763959817,593.0075218277037,453.1813877536162,669.2320663263279,0,0,0,0,620.2821517272782,492.4853779186177,85.81831848242497,19.224044499088883,1,1,609.1264501760002,606.0467933788823,612.206106973118,593.7281661904108,645.2113392490562,620.2821517272782,,,635.6804357128676,586.21732708112,0,6,3,36.040469483089545,0.18020234741544772,-0.6023223074610146,6,12.558281367289773,81.524410224586,0,2.343435743023469,645.2113392490562,586.21732708112,1,1,0,0,8,15,1,8,2048,0,27,3,,0.17504432909846016,-0.5877628238050608,5,3.2107545501436765,-3.0291786428027367,,,,,,1.0572063785530499,33.98055874986385,6.349206349206349,-21.889452196269207,0,43.50316276778287,16.014883393063133,22.508184070453407,23.0885729184929,,,,3104072
2025-09-17,615.0035085,617.71116023,599.75812627,613.39715606,618.3043169047423,623.749208474958,614.1907411258882,593.8071153270095,454.77557450293347,669.8953590432558,0,0,0,0,620.1278953766579,493.1806329265594,90.48479404477442,43.26191693426297,1,2,610.8230097440003,607.8030334863194,613.8429860016812,595.7231284555958,645.6701054834717,620.1278953766579,,,635.2277766650624,586.21732708112,0,6.5,0,34.87908991823909,0.17439544959119546,-0.6712053414455378,0,12.02124653394655,61.792825680862656,0,2.3077728277394622,645.6701054834717,586.21732708112,1,1,1,0,19,15,1,8,2048,0,28,4,,0.17768420472885071,-0.6564709577542299,0,3.9690013878062804,0.9623674503142088,,,,,,0.7136755037178093,28.180869559338394,3.9682539682539684,-32.32718179376582,0,41.64281953421337,15.310401571473461,21.313489859675016,24.107874848402627,,,,2058377
2025-09-18,621.54864643,625.67926701,609.61574253,609.61574253,615.4081254464949,624.6763370060519,613.7550269738988,594.4270614918327,456.3162726922575,670.4848872102604,0,0,0,0,619.8770864546206,493.90647646168026,84.82479359733514,55.11134049529046,1,3,578.0888568683788,575.1411688748179,581.0365448619397,563.3504169005746,645.8644996660488,614.1773996532991,612.3288525826002,619.8770864546206,631.6678384288639,578.32689006,0,0,3,33.59500395050094,0.1679750197525047,-0.74754980972278,0,12.040954914671248,44.957062805337756,0,4.59856287000011,645.8644996660488,578.32689006,1,1,0,0,8,15,1,8,2048,0,29,5,,-0.28361120126194456,-0.7332318971680716,0,1.7798499682875506,0.9418813514132223,,,,,,0.7969535900536514,19.354017699223213,2.380952380952381,-53.59982905121446,0,41.71109136771355,14.255137963758575,22.689995158299997,22.934868851129472,,,,2245558
2025-09-19,610.30417929,624.24252941,595.15497866,622.7559051,617.8573853309965,625.3572605268367,614.6122534620989,595.5379965352902,457.9723884376082,671.0674910622671,0,0,0,0,619.9974656576638,495.3591040058661,88.56943863044042,43.32567591382239,1,4,614.0258925086001,611.029043382883,617.0227416343173,599.0416468800141,647.0885488546384,624.13277863,,,639.117024258586,592.3466567556,0,3.5,0,35.98110297097988,0.17990551485489942,-0.43726186118040705,0,12.218964837628116,71.2254829369194,0,2.2064945520489463,647.0885488546384,592.3466567556,1,1,0,0,8,15,1,8,2048,0,30,6,,0.26519642084146744,-0.4207685810202562,1,3.3144094782791904,-1.0333233689782437,,,,,,1.4189111134540786,19.534299212100578,2.7777777777777777,-53.84988393695133,0,42.327735829338984,13.940953898659398,20.723654970663198,25.255631403585078,,,,4107343
2025-09-22,618.70510327,647.03078401,618.70510327,642.91014078,626.2083038139976,627.8686630679003,617.3072903495181,597.3957276821416,459.812565077831,671.7439600231846,0,0,0,0,620.5807948975422,496.3910726791265,85.85143060946422,50.01778490347353,1,5,636.7341646,633.6984682623697,639.7698609376303,621.5556829118486,652.01945621,651.737672979617,,,666.9161546677683,610.39466927816,0,5,0,39.82004616841575,0.19910023084207876,0.0008071753145494708,0,12.590217985612787,52.17184905268128,0,1.0070369305733713,651.4170230967673,610.39466927816,0,1,0,0,8,8,1,0,2048,0,,7,,0.2872056498413157,0.020819056415670275,2,2.126817096549496,0.36003277127807676,,,,,,0.8889355792271336,19.656080412190367,3.1746031746031744,-54.931505831911565,0,43.61379445889766,13.317739908793536,25.69960740631686,23.151551457655806,,,,2566029
2025-09-23,643.21943845,643.26044534,620.7905678,631.97497132,628.1305263159984,630.2170440078296,618.7042123467069,598.7517764522537,461.52562384640976,672.4248975910824,0,0,0,0,620.8487351247358,497.2821602016999,84.97447602061621,45.00225414519632,1,6,620.9157264222999,617.8962416307504,623.9352112138495,605.8183024645523,652.01945621,636.7341646,,,651.8315885577476,607.0726219669,0,3.5,1.5,36.931719208360526,0.18465859604180265,-0.30098884960572186,0,12.70783559280075,59.984629194748656,0,2.0602011227046706,652.01945621,607.0726219669,1,1,0,0,8,10,1,0,2048,0,,8,,0.0022946644018659603,-0.28290172335608194,3,2.220669483991209,-0.5413577745837781,,,,,,0.8365489163588599,19.803617691350723,3.5714285714285716,-55.01348785348167,0,44.021233801926115,12.739041203918095,23.992046020164047,21.61329078800426,,,,2427243
2025-09-24,638.55004128,640.54551015,622.77585979,627.54503041,627.9353610139989,631.5442472043212,619.5461950194015,599.8809236662829,463.1775582400773,673.057797311822,0,0,0,0,620.9520322283811,497.850078060311,65.42654752183552,68.05949626302936,4,0,621.6101843205,618.6477194215612,624.5726492194389,606.7978598258059,652.01945621,652.7821286375788,649.81966373864,655.7445935365176,667.594453132273,600.11601870248,0,3.5,1.5,35.48692488350799,0.17743462441753996,-0.4265066624339442,4,12.157972583200188,21.136736970481557,0,3.5555600982117297,652.01945621,600.11601870248,1,1,0,0,8,8,1,0,2048,0,,9,,-0.7215862082602661,-0.409717020492392,4,0.21969316283901774,2.9239636462840597,,,,,,0.5678592086115769,19.97053884477625,3.9682539682539684,-52.582571234674745,0,42.116452462264306,12.20167812081947,22.707129442056317,20.45577068248139,,,,1617199
2025-09-25,613.51189552,618.34292567,592.03566171,606.14362668,620.6714495693326,629.702406105215,618.2697599394585,600.1265198628993,464.60010618475314,673.4992152717226,0,0,0,0,620.513080891422,498.77702874540176,45.579240200459466,82.36848753162741,4,1,600.1265198628993,597.0586116647775,603.1944280610211,584.7869788722903,647.03078401,621.8596234817478,618.791715283626,624.9275316798696,637.1991644723568,578.32689006,0,5.5,1.5,30.465666841445056,0.1523283342072253,-0.9260814540081493,4,12.642375090355143,10.718535062051629,0,2.837942377050205,647.03078401,578.32689006,1,1,0,0,10,8,1,4,2048,0,0,10,,-0.9232953540609734,-0.9130768773642973,0,-0.973264441635608,4.314208780614355,,,,,,1.0986694220109956,20.147843281524874,4.365079365079365,-53.99455142312184,0,43.794471969676565,12.368633247544004,20.360498437994707,27.288160775295882,,,,3202477
2025-09-26,608.61800809,613.74636311,596.75494561,603.79895075,615.0472832962217,625.5617468485545,616.8915876357005,600.2705367604326,465.9851693147556,673.7363498334622,0,0,0,0,620.2323928358933,499.29247638840974,55.30029943777871,84.56150040103365,4,2,597.632827114897,594.6323461318196,600.6333080979745,582.6304221995101,647.03078401,622.114231377959,619.1137503948815,625.1147123610364,637.1166362933459,578.32689006,0,8,1.5,29.5747140703863,0.1478735703519315,-0.9448767342143455,4,12.481253334271187,31.351544243710123,0,2.918688141329216,647.03078401,578.32689006,1,1,0,0,8,8,1,4,2048,0,1,11,,-0.8146481171224073,-0.9309172362427438,0,1.2666375780922277,2.325900764564504,,,,,,0.6375697535778687,20.307651453747432,4.761904761904762,-53.03104696530539,0,43.2363298341923,12.523663008073926,19.331039293958245,25.908428018771463,,,,1845327
2025-09-29,611.06245747,615.04341788,595.02886503,601.06515838,610.3865749908144,620.2043158888355,615.3843086589671,600.3016983925725,467.32924880794207,673.7731398898909,0,0,0,0,619.8580718365276,499.88148947525355,50.34744126809504,88.85687982368705,4,3,597.6479210304648,594.6830587528751,600.6127833080544,582.8236096425163,647.03078401,622.2171297436524,619.2522674660628,625.1819920212421,637.0414411316009,574.342625355,0,9.5,1.5,28.61706386090532,0.1430853193045266,-0.9705781706966428,4,12.056084673415516,19.28897514596823,0,3.229458902730039,647.03078401,574.342625355,1,1,0,0,8,8,1,4,2048,0,2,12,,-0.907074525803003,-0.9555222762403432,0,0.1936795925788264,3.300422092956291,,,,,,0.7572179282908981,20.4687498451649,5.158730158730159,-50.98890496705053,0,41.76350238941621,12.741355479432245,18.165898123782345,24.866650094256826,,,,2188685
2025-09-30,603.50960776,613.54681622,601.93208984,613.50690684,611.4266856072096,616.037815309262,615.2055084857321,600.8195497042362,468.78375286796256,673.7041031793956,0,0,0,0,619.7566516629263,500.42531920988324,55.44606442955781,83.01607191707342,4,4,596.7586939881184,593.8941642139279,599.6232237623088,582.4360451171661,647.03078401,622.5066308418351,619.6421010676446,625.3711606160256,636.8292797127873,592.03566171,0,2.5,0,30.87204987089221,0.15436024935446105,-0.6404813773664781,4,10.740033342655371,35.77370012873634,0,2.1274674403024236,647.03078401,592.03566171,1,1,0,0,8,8,1,4,2048,0,3,13,,-0.5026939501289746,-0.6268878734435095,0,1.0109507069277912,1.4443121754986397,,,,,,0.6691313848663668,19.923596480222724,3.9682539682539684,-46.44851918011788,0,37.2045668489258,12.943498488550684,17.459161196447916,23.89922311866966,,,,1818698
2025-10-01,598.2814793,609.27651282,593.6519915,604.7767305,609.2100339048064,612.3178147132372,614.2122915347101,600.9747332648544,470.13691682450025,673.4836266241904,0,0,0,0,619.4445166350755,501.08666953690266,47.42410939638617,82.78987068618974,4,5,597.0137196603728,594.1765231259459,599.8509161947997,582.8277369882386,633.12178544134,622.8202975288405,619.9831009944136,625.6574940632673,637.0062802009746,592.03566171,0,7.5,0,28.63842613869017,0.14319213069345085,-0.8333462647331381,6,10.855468555366853,25.276178554958864,0,2.170074257831385,633.12178544134,592.03566171,1,1,0,0,10,8,1,4,2048,0,4,14,,-0.5979086394735036,-0.8188086228882664,0,-0.13391846375573646,1.8933516731627538,,,,,,0.9124087598110632,18.505769121403503,2.380952380952381,-50.78834815231838,0,37.604446155723416,13.510954823283114,16.368263634942156,25.011654181458933,,,,2423637
2025-10-02,609.72549332,621.08968858,602.24747369,604.85654925,607.7588723532043,609.0024528775848,613.3212684599757,601.1269613427032,471.47741067948033,673.1247669119836,0,0,0,0,619.192521108703,501.63852013638984,56.211238225223596,86.90887225208516,4,6,597.0793745355579,594.2766008349295,599.8821482361864,583.0655060324156,633.12178544134,622.6598100255485,619.85703632492,625.462583726177,636.6736785286909,592.03566171,0,0,1.5,28.28961378622515,0.14144806893112577,-0.8021282104913166,6,10.229049127756577,27.74480624282435,0,2.1852744164597784,633.12178544134,592.03566171,1,1,0,0,8,8,1,4,2048,0,5,15,,-0.5266121105530136,-0.7883483375089657,0,1.2652899084473619,2.909390779691844,,,,,,0.7867432340161529,16.510774674798366,1.5873015873015872,-53.40475891763191,0,35.43446560478499,13.276148495583412,19.149001474780707,23.51035132304991,,,,2044562
2025-10-03,608.90735108,610.36404336,586.66785042,593.64201415,603.0532529521362,604.7192320541346,611.4470537637876,600.8334340018129,472.6929788732168,672.5676395527743,0,0,0,0,618.6291747005451,502.27269811066583,38.76967664273788,84.95369075551817,4,7,589.9429772761251,,,575.8722336241,622.3452058762,602.3625285750968,599.5483798446918,605.1766773055018,616.433272227122,587.7600749575113,0,6.5,3,25.587229064644834,0.12793614532322417,-1.0373416830588447,6,9.98533841568638,17.44748193605554,0,1.0377883343417915,622.3452058762,592.03566171,1,1,0,0,10,8,0,4,2048,0,6,16,,-0.943078671182307,-1.0218691615194109,0,-1.3003462532233652,2.264932372833562,,,,,,1.0430585636789622,13.63044213402346,1.5873015873015872,-60.59452815895814,0,34.59022693347625,13.772100779680626,17.709342461190705,26.685812060672294,,,,2668461
2025-10-06,604.62707033,607.21120253,592.35493673,601.85336859,602.6532914980908,600.8130693290519,610.5333694615222,600.8734314366437,473.978156880349,671.8748756452096,0,0,0,0,618.3630554426701,502.7719966605263,57.056277067072934,86.61108887082275,4,8,590.1438574448515,,,576.4149407590425,633.12178544134,603.79895075,601.0531674128382,606.5447340871618,617.5278674358091,588.2440785167522,0,3.5,3,26.979136032619277,0.14983053006856017,-0.7939788653241423,6,9.593163754307277,36.58163036864876,0,1.1330007013099699,633.12178544134,592.03566171,1,1,0,1,8,19,1,4,2048,0,7,17,,-1.1194787992437103,-0.780750692487002,0,1.929311454145879,2.3146961804576534,,,,,,0.771035169562441,12.246015793032324,1.5873015873015872,-63.149589146577824,0,33.231694055576796,14.232627900628039,16.853827104809227,25.396655104932893,,,,1950843
2025-10-07,601.78851585,608.00939008,590.65878818,604.74679847,603.3511271553939,598.3045865656852,609.9822674623296,601.0253281830499,475.2793373936789,671.0701377526258,0,0,0,0,618.1278493346415,503.33542332835594,75.84992012621159,77.78940423242955,4,9,602.4961886352204,,,588.9733284135763,621.08968858,620.0518796837383,617.3473076394095,622.7564517280672,633.5747399053824,588.3001253329044,0,6.5,0,27.240288161124475,0.13620144080562238,-0.6993140457721458,6,9.561321916369558,65.2958230019766,0,2.348005808712969,621.08968858,588.3001253329044,1,1,0,0,8,8,1,4,2048,0,8,18,,-0.8900517444819536,-0.6863206779206081,0,4.2690918509495965,0.8848141293816727,,,,,,0.8493597117132013,15.635447942410558,2.380952380952381,-52.7935040917505,0,33.12139069334779,14.73926230509745,15.88845109458184,24.501899084667556,,,,2161662
2025-10-08,611.61121141,625.02126114,597.64292926,624.03300518,610.2450864969293,599.3332559562514,611.3204329592505,601.9275900260675,476.7594733915527,670.2808459154437,0,0,0,0,618.2338080388591,504.03670147709755,69.19830809029577,55.72572859605498,4,10,620.621034809872,617.8651970912094,623.3768725285345,606.8418462165595,641.0002780141339,645.2798432918277,642.5240055731651,648.0356810104902,659.0590318851401,600.11601870248,0,3.5,0,30.89053076193299,0.15445265380966497,-0.2309023160074444,6,7.920926482680868,52.910124894268016,0,1.4789871744808445,621.08968858,600.11601870248,1,1,0,0,8,8,1,4,2048,0,9,19,,-0.48410407383965914,-0.21974205610013484,1,1.1237579809677425,-1.0845212120382428,,,,,,0.9274089758752171,18.559054614819324,4.365079365079365,-32.362235647563125,0,27.438894222042205,14.081040049871058,19.990742135247867,22.328522079090778,,,,2286471
2025-10-09,627.57496244,635.70649812,619.70383545,632.83302294,617.7743986446195,603.963052578868,613.3692510526553,603.1395677873982,478.31244403382584,669.5706858956781,0,0,0,0,618.5052388287207,504.821962496622,71.80304427172524,58.04995770285907,4,11,604.4015764142458,603.79895075,609.8053225822975,592.9914584138966,621.08968858,644.2204661458961,641.5185930618702,646.922339229922,657.7298315660255,610.39466927816,0,3.5,0,32.305364586175514,0.16152682293087758,-0.05328180538698458,6,7.9340814785062275,50.36579443691247,0,1.4625713919210468,621.08968858,610.39466927816,1,1,0,0,8,8,1,4,2048,0,10,20,,0.05053133868486382,-0.04411688050333347,2,1.8630295080196078,0.38144118500061774,,,,,,1.0138057134371428,20.04179879284851,7.142857142857143,-27.079536809382898,0,27.484464464327964,13.290930051475073,22.464616514657624,21.147741337760248,,,,2414018
2025-10-10,628.57269688,632.83302294,601.23008389,603.19033274,612.9130433430797,607.2055983728278,612.3998302609738,603.1415585698531,479.5550100906037,668.7607933882462,0,0,0,0,618.158973440951,505.56255801520166,69.7347474567624,67.4558558713501,4,12,603.1415585698531,600.3505073217399,605.9326098179664,589.1863023292866,621.08968858,619.7720987049179,,,633.7273549454844,588.4733744593792,0,0,1.5,25.781259719513216,0.12890629859756608,-0.7900223236042211,6,9.194895714830293,39.38999503902358,0,1.2861197029097506,621.08968858,588.4733744593792,0,1,1,0,8,8,1,4,2048,0,11,21,,-0.4321412981976196,-0.7770338442199756,0,1.4246468358512674,1.4206953178911044,,,,,,1.251849337235296,22.713680237925477,8.73015873015873,-28.6900591025605,0,31.852053096766834,13.089859268468244,20.193493546928284,24.919503655218648,,,,3003569
2025-10-13,611.79080361,654.50381496,611.750994,646.7813504,624.2024790287198,613.5167727532165,615.6742607504049,604.8529229553491,481.21895377527426,668.1304420396735,0,0,0,0,618.8746392343011,506.7582850339784,88.1087999774811,77.01694663172755,4,13,619.6150048585363,616.5651583226096,622.664851394463,604.3657721789031,644.3061776856092,654.50381496,651.4539684240733,657.5536614959267,669.7530476396332,622.3452058762,0,1.5,0,34.40479543165337,0.17202397715826687,0.25323298517488274,6,11.641447230329854,51.06243144074091,0,1.6191747706788095,621.08968858,622.3452058762,1,1,0,0,8,8,1,4,2056,0,12,0,,0.39734433090027965,0.2587737569626262,1,3.110365042053113,1.4323577993180407,,,,,,1.3753384216156737,23.970091657601056,9.523809523809524,-40.560917396247774,0,40.32715615312658,12.527065196924775,23.504200907231024,21.17602926853232,,,,3406783
2025-10-14,633.56136908,655.39169884,614.44477722,642.95005015,630.4516694024799,620.7306557897252,618.2719549789377,606.3469279433746,482.8282184158188,667.634877418694,0,0,0,0,619.3747724234306,507.72970246674913,79.87957265910805,74.40311916594841,4,14,616.7839200676896,610.39466927816,618.5107446054003,597.6042778011467,648.0385223307671,651.5838038620043,648.386205992751,654.7814017312576,667.5717932082708,610.39466927816,0,5,6,33.16331267040443,0.16581656335202216,0.08742603437658691,6,11.503319772771524,48.556916819761874,0,1.6295717004898695,648.0385223307671,610.39466927816,1,1,0,0,8,8,1,4,2056,0,13,0,,0.09553785363782992,0.09322362235094997,2,2.359303244943728,1.3989053619233127,,,,,,1.1719535915667503,24.946686455666388,9.920634920634921,-37.396436745763715,0,39.8486686043039,12.04662560651434,21.064768468939818,18.754866888721736,,,,2890472
2025-10-15,648.69700053,663.18719756,612.19987473,614.55452801,625.1526222716533,625.1706224208356,617.9179143152294,606.668794612654,484.1389279640196,667.0827822185759,0,0,0,0,619.2648848122369,508.57858053299424,55.70815188188976,84.14846549468459,4,15,606.668794612654,,,589.54658473621,648.076700153269,619.4359165883259,616.0114746130371,622.8603585636147,636.5581264647699,586.21732708112,0,0,5,26.93763969661053,0.13468819848305266,-0.6294056958256745,6,12.425943377954603,15.414727186780617,0,1.940087742582027,648.076700153269,586.21732708112,1,1,0,0,8,8,1,4,2056,0,14,0,,-0.24614432750302068,-0.6192975329178722,0,-0.5935259301676101,3.463815693499101,,,,,,1.285170773128434,25.64973388144421,10.317460317460318,-40.41144277477093,0,43.04473052518282,11.97458418922038,20.296952343218507,16.26160234583768,,,,3246024
2025-10-16,620.09195415,622.21213983,593.85153839,600.63613258,616.9804590411022,626.0491500554996,616.2720303404457,606.4322196309813,485.29810412935274,666.3867976609554,0,0,0,0,618.8178855486988,509.3607809031349,64.22238763094154,85.62377016584406,4,16,583.1198672078112,577.7883158968997,589.21207324,564.056081365827,628.2462068416601,618.8362590244757,618.8178855486988,625.702376290012,639.4346108210847,584.1864791539648,0,0,3,23.76642881339275,0.11883214406696374,-0.9402981088540759,6,12.625336868899378,35.05022758083911,0,1.682162738681602,628.2462068416601,584.1864791539648,1,1,0,0,8,8,0,4,2056,0,15,1,,-0.49124202779230797,-0.9267358971448074,0,1.7484009763699229,2.3663296467945165,,,,,,1.3523653456546778,26.09586882630551,11.11111111111111,-40.33245588591539,0,43.73544983921257,11.310476469965975,18.79986539126774,19.834126769473766,,,,3500605
2025-10-17,593.9213798,607.43948417,590.31067863,598.6406637,610.8671939274014,623.5590269022612,614.5928525651651,606.1266684180016,486.42589079174724,665.5435989460216,0,0,0,0,618.4448857362385,509.95227869418517,51.324493567142056,90.53729578785537,4,17,581.4229461093736,579.0723517232998,588.1044979548716,565.7092480323038,628.2462068416601,612.3766590411958,609.0358831184468,615.7174349639448,629.0805386549408,586.66785042,0,4.5,1.5,23.06924344129846,0.1153462172064923,-0.9425235017208704,6,12.41115946955012,15.588768440922252,0,1.5390920681708533,628.2462068416601,586.66785042,1,1,0,0,8,8,0,4,2056,0,16,2,,-0.3228791660739439,-0.9292826343002945,0,-0.18864006929724964,3.878219291688465,,,,,,1.0901345404898486,26.32124061975949,11.904761904761905,-38.7785831190601,0,42.9935175642008,10.867786916882581,17.93923545424254,19.872481512722214,,,,2747710
2025-10-20,606.99518403,608.87170667,592.58189314,592.97117177,604.9018532082677,618.5403783200663,612.5336448703874,605.6107665886682,487.4860428412821,664.5238194630639,0,0,0,0,618.0012526308767,510.47629037534483,29.195381178367718,92.60131726430487,4,18,581.4649290556616,580.1650570851998,587.9601167252312,567.1746817460606,622.3452058762,592.97117177,608.2103013211267,614.7054889906963,634.8524573482783,581.0461009604343,2,0,3,21.638594679327504,0.10819297339663753,-1.030633671810325,6,11.904716645410677,5.948128259987179,0,0.28473507068633513,622.3452058762,581.0461009604343,1,0,0,0,10,8,0,4,2056,0,17,3,,-0.5702992366823337,-1.0161356077100894,0,-2.995405444614537,4.571094412207427,,,,,,1.0437722177129647,26.24896598283299,11.507936507936508,-36.34939819428537,0,41.23914815912443,10.375748436660336,17.52957900109845,18.98248463379866,,,,2634422
2025-10-21,592.7615602,595.67605937,580.6839411,584.24733781,598.0170147421784,611.5801871290467,609.8397108646362,604.7729850679361,488.4488417961947,663.2837523180026,0,0,0,0,617.1409425081317,511.169021099439,66.10927287155272,77.32041312272385,4,19,579.6624703010601,,,563.9150650739342,614.394890495,589.21207324,586.0625921945748,592.3615542854252,604.9594784671259,558.55895133,0,0,2.5,19.612800321425926,0.09806400160712964,-1.1808759390983952,6,11.879982319972356,30.408683311727504,0,1.946550651862189,614.394890495,577.6977939657353,1,1,0,0,8,8,0,4,2056,0,18,4,,-0.771628783998253,-1.1645750993057307,0,1.330890108778659,2.722906074404306,,,,,,1.5214479126845069,25.58437651452265,10.317460317460318,-37.8317817743067,0,41.153465942424205,10.522354946459474,16.784542648234392,21.548688444884043,,,,3956373
2025-10-22,605.87725565,608.41255751,531.73464848,574.93459515,590.3228748781189,602.7444231121857,606.515414129909,603.6028521299778,489.30939655593403,661.776941031607,0,0,1,0,614.5067141304928,574.93459515,58.578665019143266,72.59941007631748,4,20,572.6943519345548,,,554.6486404276701,606.7826574286601,583.5624133781399,579.953271076763,587.1715556795168,601.6081248850246,540.8166115444001,0,11,5,17.499193597496735,0.11796201981096864,-1.330757706703874,6,11.938913814873711,15.798474500652205,0,2.368751258016717,606.7826574286601,572.6943519345548,1,1,0,0,8,8,0,4,2058,0,19,0,,-1.2437284145878797,-1.3120876413335754,0,0.9020992884354015,5.038546198178898,,,,,,3.4033047451913285,36.82798167057331,19.841269841269842,-10.952346834404961,1,41.35761062909447,12.413042413701529,13.600654921441633,29.57053125736747,,,,10333096
2025-10-23,578.9271965,598.89020328,578.9271965,594.04917413,591.564974628746,595.3472422877433,605.3281531775367,603.228198090763,490.35158339746704,660.138187208625,0,0,0,0,614.0296828001127,580.2233702552788,38.968537210166446,85.29221546122886,4,21,584.3774376300225,580.2233702552788,590.65878818,565.9624271312359,628.2462068416601,606.7419310017947,603.1766952207839,610.3071667828054,624.5681099068483,571.5991207896427,0,5.5,0,21.147599853568373,0.11202600005317863,-0.7952238303839934,6,12.039064622206133,24.718815872964438,0,1.9714157699937083,628.2462068416601,571.5991207896427,1,1,0,0,10,8,0,4,2062,0,20,0,,-1.050304006282694,-0.7835350355910516,0,-1.0375344952425603,1.3304237821046914,,,,,,1.285975742967001,44.96318493598686,25,7.813637275990947,2,41.704543202532065,14.16868077614058,12.784710189497199,27.796504981455623,,,,3952712
2025-10-24,605.87725565,612.67465946,583.09946492,583.30907649,588.8130085824973,588.7157604408493,603.2310982549142,602.4470560672037,491.2765335774922,658.3114547969471,0,0,0,0,613.3744657286079,580.8573637783724,38.191728862636296,87.79545184987346,4,22,580.8573637783724,,,562.9841621817154,614.394890495,585.2222241177799,581.6475837984485,588.7968644371113,603.0954257144368,540.8166115444001,0,0,1.5,18.733348047854793,0.09366674023927397,-1.0151604358707982,6,12.159937179147345,21.136016249786334,0,2.4844800375152474,614.394890495,569.1147302643415,1,1,0,1,10,19,0,4,2062,0,21,1,,-0.7412384754223329,-1.0005743929299338,0,-0.24594311159023885,2.807604500667707,,,,,,1.1667788955040033,51.48375001884698,28.96825396825397,22.22167143776712,3,42.12325802225794,14.977728417097172,15.283301550259859,25.743133950387776,,,,3694197
2025-10-27,589.70722016,592.97616252,578.937178,583.30907649,586.9783645516649,583.0103656290324,601.3337628487319,601.6965470641761,492.19228027313903,656.321893935608,0,0,0,0,612.8890494188563,581.1920366064387,47.83673776793749,86.57171013282782,4,23,566.9687820704014,563.5241251263794,570.4134390144234,549.7454973502914,614.394890495,586.0156427761843,582.5709858321624,589.4602997202063,603.2389274962943,566.9687820704014,0,2.5,3,18.51243911552134,0.14574557550124187,-0.9601078873228354,6,12.157365565351103,31.717052781605332,0,1.10587852522369,614.394890495,566.9687820704014,1,1,0,1,10,19,0,4,2062,0,22,2,,-1.4254670393890814,-0.9452493483757709,0,0.842045299302963,2.1649711260437057,,,,,,0.888565521107227,56.894137760365595,33.73015873015873,35.094423107898415,3,42.114349690752874,15.870359416017937,14.727155473458449,25.88523091457519,,,,2842374
2025-10-28,588.90869989,590.82514854,563.95494142,569.92388045,581.2935365177766,577.3055127725602,598.3423454774241,600.45056013813,492.96572903111775,654.1171830936486,0,0,0,0,612.0305827679047,579.5352687402104,29.755434128245856,73.30794436581058,4,24,562.0916837746519,558.6531611916314,565.5302063576723,544.8990708595496,600.11601870248,603.4745192952777,600.11601870248,610.3515644613185,624.1056547934003,562.0916837746519,0,0,3.5,15.611257920532715,0.1499069975652812,-1.2269001181729002,4,12.110897223208687,12.133425382970913,0,2.0058438142869823,600.11601870248,562.0916837746519,1,1,0,0,10,8,0,4,2078,0,23,0,,-1.5748056637009409,-1.2094412666185987,0,-2.2582102842998872,2.9781628037843504,,,,,,1.0918380643062244,61.5067593606339,38.095238095238095,46.60740413927474,3,41.95337863168455,17.182885101119886,13.699612527775995,27.969499569509885,,,,3589268
2025-10-29,575.20409574,584.49188464,568.21824115,576.90095131,579.8293414485178,572.8902742399347,596.3003079376695,599.5270460664386,493.80090537220116,651.7626620027117,0,0,0,0,611.4898113795873,579.2634659753159,47.61059021941564,78.08870714668043,4,25,559.182236382823,555.844022167429,562.520450598217,542.4911653058531,606.7826574286601,603.0037461723323,598.6406637,609.6801746031202,623.0330314646961,559.182236382823,0,2.5,0,16.82865402507968,0.08557646991944554,-0.9834464264534286,4,12.155381344583944,45.51132115911262,0,2.187871866112775,606.7826574286601,559.182236382823,1,1,0,0,10,8,0,4,2078,0,24,1,,-1.011465598352377,-0.9681020030205366,0,1.2927671422948626,0.774596967570943,,,,,,0.8493640799590093,65.46882073110532,44.04761904761905,55.4802774224472,3,42.107476148388564,18.401658951571694,13.103317954852844,26.752088437124915,,,,2808513
2025-10-30,568.94569311,591.57376129,568.44661794,573.00816499,577.5556159623452,569.636609999093,594.0820086093199,598.487089945794,494.5890373086967,649.2756986636505,0,0,0,0,611.0096829708791,578.7750981651023,57.18923809141021,86.57331828197141,4,26,555.8622212355892,552.5559585413841,559.1684839297943,539.3309077645637,600.11601870248,608.1378629626288,604.8316002684237,611.4441256568339,624.6691764336543,555.8622212355892,0,0,3.5,15.855411617697898,0.0792770580884895,-1.0216402660611537,4,12.160074905083036,23.659930775292352,0,3.1622194944559676,600.11601870248,555.8622212355892,1,1,0,0,8,8,0,4,2142,0,25,0,,-0.8432001083055627,-1.0060169389258622,0,1.370274022983096,4.039827122178162,,,,,,0.694388504131833,68.91143619789867,52.38095238095238,63.59289128420398,3,42.12373511889422,19.066494325980926,14.197414084383658,25.081289061654665,,,,2305116
2025-10-31,579.05695605,590.90500057,575.43367032,584.05768924,579.7229737215634,568.6951265704159,593.1273115265276,597.9212310945863,495.4792726512967,646.7639992672572,0,0,0,0,610.6088038819304,579.2310994773214,71.19090127229455,78.31161201853857,4,27,582.1439402006633,578.9140459526515,585.3738344486752,565.9944689606039,612.67465946,609.8384551796647,606.6085609316528,613.0683494276766,625.9879264197242,563.95494142,0,4,1,17.87732029933814,0.08938660149669071,-0.6988324411829853,4,12.223635281038826,55.96252086917104,0,2.8411774650459556,612.67465946,563.95494142,1,1,1,0,14,8,0,4,2142,0,26,1,,-0.6084944002083403,-0.6854468090182596,0,2.7730462692397353,0.9247025825281489,,,,,,0.8387618277351495,71.86728931177878,61.507936507936506,69.72282744089672,3,42.343914719901434,19.683841459360927,13.495022706649054,23.84043765909164,,,,2789457
2025-11-03,589.40777506,592.1726515,575.6931894,580.18486593,579.8769377910423,569.1477115908796,591.8946976601916,597.2256873626418,496.3221143754629,644.2239563314873,0,0,0,0,610.311103973935,579.2828308292122,74.79343911981422,73.87904421660772,4,28,579.2828308292122,576.1365052587369,582.4291563996876,563.5512029768355,606.7826574286601,591.1606215530405,,,610.0385749758925,563.95494142,0,4,1.5,16.896839597821295,0.08448419798910647,-0.7630434426035648,4,12.138111037501949,51.26296965342361,0,1.7480598230203594,606.7826574286601,563.95494142,1,1,1,0,14,8,0,4,2142,0,27,2,,-0.5737736282339979,-0.7496289092764815,0,2.1585240839837265,0.9147684200911346,,,,,,0.5580687772911135,74.39474269130878,64.68253968253968,76.9296086780553,3,42.0476500497319,20.16581072019454,13.223658482132814,22.725538537509028,,,,1853237
2025-11-04,569.94384345,575.14420672,540.43851944,546.94645965,568.9001117440282,566.7930107273953,587.6139130877924,595.2539529425381,496.82583920406523,641.4691575417955,0,0,0,0,609.0021499253822,575.897818507526,42.18900301075575,51.002449439264005,4,29,545.1108133734997,541.8343472501119,548.3872794968875,528.7284827565607,581.94952222856,563.95494142,560.6784752966122,567.2314075433877,580.337272036939,545.1108133734997,0,0,4.5,10.088167017687717,0.052318073384164256,-1.5292718301509505,4,13.380775496576506,6.496111747803461,0,1.150271502091147,581.94952222856,545.1108133734997,1,1,1,0,10,8,0,4,2142,0,28,0,,-1.0150179063658054,-1.5067797886698713,0,-2.5523477099632714,4.98002583940138,,,,,,1.170689969410555,74.93550138934724,66.26984126984127,61.664889714607284,3,46.35236600948636,21.825097594806945,11.791387695060735,29.87122148296395,,,,3994942
2025-11-05,548.98268634,566.48026178,540.28879689,558.66474462,565.4883227026854,563.8319369385836,584.8568494241931,593.8190820279289,497.44115169576605,638.6026974382589,0,0,0,0,608.2724308094232,574.7023507461948,49.678239304624654,72.24183161587808,4,30,534.5887316434379,531.3124464494884,537.8650168373873,518.2073056736908,600.11601870248,590.8261803937174,587.549895199768,594.1024655876669,607.2076063634645,541.2245394342505,0,2.5,0,12.307705688506875,0.06153852844253438,-1.1346083308094062,4,13.125757312536198,38.766387211471255,0,3.0279196115814617,600.11601870248,541.2245394342505,1,1,0,0,10,8,0,4,2142,0,29,1,,-0.6324836548053033,-1.118567455911089,0,0.8249165311037965,1.264936639801987,,,,,,0.8268626101095504,74.26071748972709,64.68253968253968,63.321796266795225,3,45.46895710626283,23.370123534677763,10.949750372013554,27.779897151267654,,,,2844722
2025-11-06,557.05772258,559.46825565,544.40117628,549.15237189,560.0430057651237,559.4623074123836,581.4564229923652,592.0674463362453,497.95569120018627,635.5861578462444,0,0,0,0,607.6124856320126,573.3928675765346,50.654133505193315,58.44828450594787,4,31,534.614328485188,531.43753616786,537.791120802516,518.7303668985479,581.94952222856,595.7929919970279,,,611.676953583668,537.3639051115987,0,2.5,0,10.28137273949378,0.06729055426289628,-1.2931311759367263,4,13.007331710146184,38.14681333976986,0,3.678495856762429,581.94952222856,537.3639051115987,1,1,0,0,8,8,0,4,2142,0,30,2,,-1.127069524523419,-1.2793295654019647,0,0.5269656286216016,1.089529009142749,,,,,,0.6457628115698902,72.71376593453166,62.698412698412696,61.375573682596155,3,45.058718785749925,24.804790478843525,10.486061740703311,26.60350298241667,,,,2215252
2025-11-07,545.68879022,575.82294895,538.10284764,574.06620435,564.7174052934158,557.5685660061774,580.7525926454733,591.3615152779612,498.71300973899037,632.5995314486718,0,0,0,0,607.1418452969566,573.434159502995,48.11192284161746,55.242083613714634,4,32,566.4827329087987,563.95494142,573.0560633072292,550.8082806231388,592.1726515,591.7832231154981,588.4965579162828,595.0698883147135,608.2165491115746,540.8166115444001,0,5,0,15.109530559559092,0.07554765279779546,-0.5999041413274634,4,13.227636071179719,51.105872351447324,0,3.101417910364974,592.1726515,540.8166115444001,1,1,0,0,10,8,0,0,2142,0,,3,,-0.4851041812689865,-0.5850974289361629,0,0.2030967051395849,-1.0497122275528779,,,,,,0.8253163685321043,70.26029185766829,56.74603174603175,53.33351401218531,3,45.82187547862808,24.930420143656757,13.85447281469853,23.877425552665635,,,,2823781
2025-11-10,585.23550664,594.73789787,567.1490225,578.72756643,569.3874590056106,558.5986029590645,580.5597330059045,590.8660663035313,499.5091744821845,629.6790783658543,0,0,0,0,606.7855576557378,573.712519750429,49.5071415415611,58.50759655434972,4,33,566.5569623081144,563.95494142,573.153427595407,550.7620108454146,592.1726515,591.8593799418306,588.5611472981843,595.157612585477,608.3505431600623,540.9038303346151,0,3.5,2.5,15.85924663544712,0.07929623317723561,-0.4641239919170434,4,10.923973882858606,46.904769126754275,0,3.089869946280197,592.1726515,540.9038303346151,1,1,0,0,10,8,0,0,2142,0,,4,,-0.39397687563776346,-0.4474492680900319,0,0.4881311054602353,0.459905253927421,,,,,,0.7564051747301426,67.56661054695606,49.6031746031746,78.55041217522385,3,37.84175557133314,23.890819301646545,17.940171698402374,22.094134672521417,,,,2555821
2025-11-11,579.53107746,581.72201745,562.05845578,575.01444717,571.2631217270738,560.9584889301883,580.0316105453421,590.2444341806477,500.2604707278344,626.818270760657,0,0,0,0,606.5153337063527,573.7577309564163,52.618213298605006,51.01558455999725,4,34,566.5690186297111,563.95494142,573.0454428548758,551.0020929696707,592.1726515,591.6792156124518,588.4410034998695,594.9174277250341,607.8702761753634,547.6217623380937,0,6.5,1.5,14.943010854606456,0.07471505427303228,-0.5438828570872926,6,10.924268051163708,51.47171827238476,0,1.6447456247582868,592.1726515,547.6217623380937,1,1,0,0,8,8,0,0,2142,0,,5,,-0.20704433784349008,-0.5281693551388512,0,0.7469098353788559,-0.5273608642155541,,,,,,0.5263723297304091,63.814261590062415,41.666666666666664,68.62997564049618,3,37.842774600233966,23.154302783899876,16.967501826060907,22.29984588458109,,,,1748507
2025-11-12,578.38819532,587.85066053,572.94827597,574.33570494,572.2873161313826,563.7776418791052,579.4891433448333,589.6205624457203,500.9975377349206,624.0249325453448,0,0,0,0,606.2012407103008,573.7800912668204,50.28837942166364,71.18675618435857,4,35,566.902486374046,563.95494142,573.1824228788417,551.3950684104085,592.1726515,597.6956530142206,592.1726515,603.9755895190164,616.5354625286078,549.8544746127807,0,0,3,14.638428671057232,0.07319214335528616,-0.5415892186077985,6,10.103139337307814,24.841329625042633,0,2.539366354256693,592.1726515,549.8544746127807,1,1,0,0,8,8,0,0,2142,0,,6,,-0.3478647133179747,-0.5277441749578501,0,0.33106186830312767,2.964190230711659,,,,,,0.6214208415643857,58.56791866750529,35.317460317460316,67.34503246775357,3,34.99830129632978,22.111065921006645,17.991192996262303,21.35488387641491,,,,2026343
2025-11-13,573.25770258,573.25770258,536.36606605,557.13757461,567.2374022909218,564.4179245243283,577.3604225129444,588.346719785496,501.55614506701096,621.2039481079099,0,0,0,0,605.0097909037073,572.285765447277,57.98453894540065,75.93899095857138,4,36,548.4154121825419,545.1607127437975,551.6701116212863,532.1419149888197,594.73789787,596.9201683340162,,,616.4483649664829,548.4154121825419,0,6.5,0,11.081796143792241,0.055408980718961214,-0.9499822673056912,6,10.281340079966576,39.70437436960694,0,2.483831818388829,594.73789787,548.4154121825419,1,1,0,0,8,8,0,0,2142,0,,7,,-0.5934107675835553,-0.9366628233387803,0,0.8695183122828807,1.3524501588677773,,,,,,1.5450553310348423,52.947990446417215,30.158730158730158,48.6651365460333,3,35.61560677679274,22.58999637684156,16.11720192437114,29.166071910233036,,,,5166875
2025-11-14,544.19156471,590.715352,541.90450284,577.24032243,570.5717090039478,565.6965957999053,577.3489844098068,587.9111747911628,502.3092214586825,618.4914764191437,0,0,0,0,604.4926825630411,572.6105865136216,59.49680047242528,67.59989549708973,4,37,573.6945572428397,570.2365251822198,577.1525893034595,556.4043969397404,594.73789787,596.1257614802375,592.6677294196177,599.5837935408574,613.4159217833368,549.4853583461079,0,5,0,14.917325378523033,0.07458662689261518,-0.3881048841861244,6,11.002445568875816,49.9235424510112,0,2.697511319531804,594.73789787,549.4853583461079,0,1,0,0,8,8,0,0,2142,0,,8,,-0.4162201620900306,-0.3783293404500077,0,1.257020818708023,0.4522205251890069,,,,,,1.184436287497729,49.299604875747264,27.77777777777778,29.349152276074932,3,38.11358946560794,22.093908113854415,18.593503611221408,25.49031089613442,,,,4037287
2025-11-17,571.94014413,591.25435319,568.78598906,575.95270849,572.3653754992986,567.6131688600101,577.2160057507775,587.4422153283721,503.0419924739195,615.884921873756,0,0,0,0,604.1034145224334,572.7657403654231,71.29807933693445,64.67887995044998,4,38,573.7341709922358,570.3225308276424,577.1458111568293,556.6759701692687,594.73789787,595.6204909106988,592.2088507461053,599.0321310752922,612.6786917336659,550.1090242215781,0,5,0,14.493962155626713,0.07246981077813357,-0.4164179431750194,6,10.9729632143656,54.50492117133453,0,1.2312979015632632,594.73789787,550.1090242215781,1,1,1,0,14,8,0,0,2142,0,,9,,-0.36471934171307635,-0.406512269550616,0,2.5635805082267105,0.4590445231470741,,,,,,0.8748770005884653,45.859294064961766,25.793650793650794,20.645969807812943,3,38.01145959373104,21.605266709319658,17.641234653657758,23.991436142113983,,,,2998024
2025-11-18,568.00743179,575.41201045,551.8174333,553.90356751,566.2114395028657,567.8135106289001,574.9957735373702,586.1269742374556,503.54807779766156,613.2533719837528,0,0,0,0,603.4306046332299,571.932142654039,49.63702349385967,80.55215812826394,4,39,541.7501445178618,538.3666994079715,545.1335896277521,524.8329189684102,581.94952222856,595.1666699197592,,,615.4673405791011,547.6470526463821,0,0,0,10.00013542551394,0.050000677127569705,-0.9631191861079795,6,11.534744256861341,13.323574940975774,0,2.3407905123326382,581.94952222856,547.6470526463821,1,1,0,0,10,8,0,0,2142,0,,10,,-0.14433683682076576,-0.9498592357627077,0,-0.8208720033478007,4.213235871823171,,,,,,0.8838830157835671,45.71416786521313,25.793650793650794,14.406902030189556,2,39.957526210394306,21.775242588103765,16.51765446280861,26.941239275462642,,,,2986001
2025-11-19,559.96234006,598.89020328,559.76271,594.26876721,575.5638820719105,570.9715446583472,576.8312967442873,586.4462602363789,504.45077122465,610.8626839591063,0,0,0,0,603.2606036131199,573.2429271833862,67.7036814606795,56.89224732522568,4,40,573.8560059244816,566.7691322245066,574.06620435,552.5953848245568,599.2462817601205,598.8185941048745,594.73789787,603.2606036131199,617.4343510130697,565.22535247414,0,3.5,0,17.8051062876363,0.0890255314381815,0.11200552256477618,6,13.535546358935768,60.29131241447836,0,1.1942396092900989,594.73789787,565.22535247414,1,1,0,0,8,8,0,0,2142,0,,11,,0.40943178057763724,0.1179577248685659,1,2.835126258058483,-1.110260653509639,,,,,,1.3710382749512846,51.36154898194959,30.158730158730158,9.539738346610264,2,46.888508003761345,20.75437143781146,20.561210514069085,23.88731428634116,,,,4212143
2025-11-20,606.07688572,626.84839427,556.65846244,556.99783356,569.375199234607,571.5891097798988,574.942395488641,585.2914199745601,504.97362756629525,608.4796914969947,0,0,0,0,602.2880524648835,572.2098347116984,37.85319581120756,96.91447999735345,4,41,541.0648806103876,537.1478505726315,544.9819106481438,521.4797304216066,594.73789787,556.99783356,590.916587713689,598.7506477892013,619.6703141640992,545.9073093640444,2,0,3,10.302360985549642,0.051511804927748206,-0.8675823204159885,6,14.643290842037114,14.86986420319991,0,0.17696003236275612,594.73789787,545.9073093640444,1,0,0,0,10,8,0,0,2142,0,,0,,-0.1266035991494396,-0.8542110208117616,0,-0.2210453143913398,4.416144984750287,,,,,,1.5632226636558193,55.677392363334675,33.73015873015873,9.761384293708947,2,50.72584745683265,19.85676275196732,23.64442553384271,20.065520767310886,,,,4874636
2025-11-21,561.96862225,564.70355417,529.17938362,554.81188432,564.520760929738,569.9282640987273,573.0252039487704,584.0961440665382,505.4695306185709,606.0904949871287,0,0,0,0,601.3109010321248,554.81188432,76.46512357195274,96.82356425195259,4,42,536.7491473846355,532.7947251125227,540.7035696567484,516.977036024071,594.73789787,554.81188432,590.7954620605251,598.7043066047509,614.5219956932025,544.1723388492322,2,7,1.5,9.761687047891122,0.04880843523945561,-0.8711122628580326,6,14.558619609573203,26.392705382139255,0,0.1781866626285128,594.73789787,544.1723388492322,1,0,0,0,8,8,0,0,2142,0,,0,,-0.6429625439934291,-0.8568247768095049,0,2.0111350821059473,4.376174217029272,,,,,,1.5336538332163376,58.425225322211524,37.698412698412696,15.848275701435957,2,50.43253770369871,18.886705315804562,21.74793077380344,24.660505011820185,,,,4872810
2025-11-24,558.40522554,581.92164752,557.22740814,579.41629017,569.4859373431586,569.6226153422834,573.6338788269827,583.912620384321,506.2053192708239,603.8480888815654,0,0,0,0,601.0596057050926,563.6858178422608,70.01309826793093,78.20995897678942,4,43,577.24032243,,,557.670247452333,614.394890495,594.5555452808223,590.6415302852889,598.4695602763558,614.1256202584893,544.3375506556226,0,3.5,0,14.462702803011767,0.07231351401505884,-0.19644633800087363,6,15.264899841376634,50.539848923854066,0,2.566060410218538,594.733649271378,544.3375506556226,1,1,0,0,8,8,0,0,2142,0,,1,,-0.2655860124974318,-0.18600380544993414,1,1.9337318609043397,0.9216862570696085,,,,,,0.8664455648189062,60.418240739285054,40.07936507936508,14.257177961424606,2,52.87916419542884,17.717527676141263,24.330746453310002,23.135444127076095,,,,2748868
2025-11-25,573.93644481,580.92349718,552.22667494,571.50095798,570.1576108887724,569.2699264820488,573.4307435082225,583.425888525328,506.8550271186764,601.6881181008644,0,0,0,0,600.7716077410086,565.5314712616374,64.81702126312503,69.98815146388624,4,44,565.5314712616374,561.6408071386421,569.4221353846327,546.0781506466609,594.8267363877223,594.3477107873193,590.457046664324,598.2383749103146,613.8010314022958,544.4021712922784,0,3.5,0,12.754323702542106,0.06377161851271053,-0.40727087388019234,6,15.144793781010016,48.669499542340766,0,2.5674557307501233,594.8267363877223,544.4021712922784,1,1,0,0,8,8,0,0,2142,0,,2,,-0.34746028474728546,-0.3990808219040242,0,0.9595942636879125,0.459523258312053,,,,,,0.7574814788741958,61.71681760350209,42.46031746031746,17.63851582313404,2,52.46310459772501,16.456860757157763,22.72843300532519,22.759451562433167,,,,2356480
2025-11-26,580.62405208,595.87578925,578.40815833,588.62921779,576.3148131891816,571.4886163507956,574.8782172493442,583.6299406533543,507.66870065769456,599.7154371489721,0,0,0,0,600.6609780607153,569.7410674990716,64.72520009282931,55.906910018267084,4,45,578.6465033169605,574.8161113521256,582.4768952817955,559.494543492786,622.3452058762,596.55593150134,,,615.7078913255145,555.33374784916,0,3.5,2.5,15.94751006461882,0.0797375503230941,0.03266320602680842,6,15.386941663511497,53.47601804300071,0,2.2816830737124203,596.5822490356661,555.33374784916,1,1,0,0,8,8,0,0,2142,0,,3,,-0.010149509626813599,0.03718367389274116,1,1.2439500146996956,-0.6199119799166446,,,,,,0.7216225698063302,62.378010983604696,44.04761904761905,17.027679120604276,2,53.30192946860058,15.81353418139528,24.922416526987217,21.46632161290938,,,,2223829
2025-11-28,593.89945158,598.6606287,587.44141889,598.6606287,583.7634183594544,576.3016609874203,577.1432088160733,584.2193794002816,508.57409297652345,597.9841871485595,0,0,0,0,600.6527623862421,571.9449775136295,80.66506426017023,33.297732725005154,5,0,588.3215702234979,584.6646061685619,591.9785342784339,570.0367499488179,626.84839427,601.2794207301124,,,619.5642410047924,569.251407145,0,3.5,0,17.71355186345189,0.08856775931725946,0.2502509217567374,6,15.44281975357286,86.70093381364907,0,2.1070387057537716,600.6350296164898,569.251407145,1,1,0,0,8,10,0,0,2134,0,,4,,0.5253730053878499,0.2497132222991491,2,4.214406555083162,-2.5806080734607555,,,,,,0.33366824329754535,61.88711467698319,43.25396825396825,15.686587321136258,2,53.495496850632954,15.314303134429371,24.919667674358827,20.878316385060273,,,,1006604
2025-12-01,588.90869989,588.90869989,573.73681474,575.83293045,581.1199223896363,579.5070687006571,577.0184204002568,583.8904990492902,509.24333514043866,596.338907020332,0,0,0,0,600.4217646051724,572.5221040773772,80.81819268953724,55.33663937848874,4,0,572.5221040773772,568.9038176874367,576.1403904673177,554.4306721276744,599.7305357736916,597.9219411709757,590.6853683910946,605.1585139508569,619.6316595106192,542.4139690463091,0,0,0,13.076183960502375,0.06538091980251187,-0.38077647971365103,6,15.856285285311932,49.68128286909801,0,1.5039401951132623,599.7305357736916,542.4139690463091,1,1,1,0,14,8,0,0,2134,0,,5,,-0.3082724684892795,-0.375953861833324,0,2.3708637010378686,1.4595192435346007,,,,,,0.7694263010288107,60.857374006673304,41.26984126984127,10.795248170370442,2,54.927783466934066,14.283746938600652,23.387043096120518,22.976026880559264,,,,2302455
2025-12-02,585.08578409,608.71200261,583.91804801,600.46728081,587.5690418630909,584.0265478163711,579.2516452011847,584.5405689222591,510.15103609237457,594.9245299664199,0,0,0,0,600.4222903297715,576.9121092736343,89.15375729442403,37.9085993459599,5,0,585.7398057942003,578.4330047814535,589.9230527576002,563.8194027559599,626.84839427,603.1446153253875,,,621.4116178572544,569.251407145,0,3.5,1.5,17.70382461818065,0.08851912309090326,0.2411970280233514,6,16.397206482435447,84.10079735630191,0,1.8753573282427967,603.2855564079628,569.251407145,1,1,0,0,8,10,0,0,2134,0,,6,,0.1789448869310663,0.24025012949126645,1,4.628919968973944,-1.5587005582392823,,,,,,0.949578847039736,59.116762099291975,38.888888888888886,4.075894111006723,2,56.801589459551884,14.048474558691899,26.347557926072277,21.129825052294468,,,,2890812
2025-12-03,594.77782388,607.72063969,574.31574194,600.85655944,591.9982143887272,588.9769379393,581.3092560810719,585.1804116876607,511.0535786132465,593.7153785292169,0,0,0,0,600.4270176812564,580.0295945196701,93.39897677237741,22.683768663886788,5,1,600.85655944,580.0295945196701,589.40777506,544.7901311962262,626.84839427,604.7043428726869,,,623.1578495875455,569.251407145,1,5,0,17.572126404130767,0.08786063202065385,0.1926432918010748,6,15.109859445844746,89.75792759313015,0,0.46358998859333317,606.1421670565356,569.251407145,0,1,0,0,8,10,0,0,2134,0,,7,,0.6333165861805219,0.19099734456856055,2,4.715931009518945,-3.1076525564451365,,,,,,0.923614435252225,56.71721140254466,36.111111111111114,8.35870905453471,2,52.342088510855234,13.429334052557174,24.218322961406297,21.745249509823296,,,,2754483
2025-12-04,603.88095497,637.95780754,601.78483926,627.94635964,603.9809294724848,596.6215881732417,585.750884991446,586.8575076857917,512.2166908622689,592.8585311443211,0,0,0,0,600.8234605317688,587.159801299007,96.60181080402813,16.694855576187045,5,2,627.94635964,623.0900533077762,630.6067352322237,571.7181115622101,663.18719756,663.18719756,663.18719756,670.7038794844474,685.7372433333423,596.18329059,1,1.5,4.5,22.593888649530523,0.11296944324765262,0.8066050422768158,6,15.53939539777075,95.4658017793274,0,0.6267461485060939,663.18719756,596.18329059,0,1,1,0,5,10,0,0,2134,0,,8,,0.32683313157278143,0.800569116307484,3,8.064867660341404,-2.5781813071774526,,,,,,1.222654510381084,54.608538975873444,33.333333333333336,1.4462077536674445,2,53.83004469568184,13.843281068666943,29.267061785654285,19.82861759798869,,,,3698500
2025-12-05,629.69312273,638.81621683,620.05099046,630.15227189,612.7047102783232,606.4155373840116,589.979588505594,588.5553415761528,513.3901792307041,592.331442143752,0,0,0,0,601.0892644033787,590.8707202679394,98.13704702055139,13.358784488683114,5,3,630.15227189,623.1909595696314,630.5058289703685,590.7915128570522,663.18719756,663.18719756,659.5297628596314,666.8446322603685,681.4743710618424,600.11601870248,1,3.5,5.5,22.743343636658466,0.1297046962467696,0.7398441578079941,6,15.353894773790156,94.47254361182242,0,0.8392857882224133,663.18719756,600.11601870248,1,1,1,0,1,10,2,0,2134,0,,9,,1.1279038245078183,0.736114054556104,4,7.373324277337916,-2.676271213115743,,,,,,0.774515031512087,52.46563106497639,30.952380952380953,-1.3571257819351348,1,53.1874516845416,14.253354597723211,28.135896900795885,18.920270900699986,,,,2348031
2025-12-08,629.8927528,635.22057986,606.27651578,620.7496957,615.3863720855488,615.2944545253774,592.9100749050613,589.8178652672841,514.458433125921,592.0296918611008,0,0,0,0,601.2801484707069,593.422435190543,98.02958659503979,23.788055971677736,5,4,600.8535002509801,593.5442632345815,605.4243126212999,578.9257892017844,626.84839427,629.1771990089394,625.5225805007401,632.8318175171387,647.4502915499359,589.3482957238,0,2,1.5,20.660806729950647,0.10330403364975323,0.3979790629452941,0,14.972441317325705,80.19819449035734,0,1.1854814194103163,626.84839427,589.3482957238,1,1,0,0,8,10,1,0,2134,0,,10,,0.9867167701271712,0.39930053749816014,5,4.88710314378099,-0.621499069319003,,,,,,0.8418089636498498,49.996208728666964,29.365079365079364,-3.6051504354389468,1,51.86605814990322,14.0237627158147,26.146322414875232,20.947592955112217,,,,2540100
2025-12-09,615.85875904,635.70198777,612.06588756,624.14340685,618.3053836736992,622.7496048384719,595.8846779474363,591.1639649371946,515.549825899295,591.9537030838112,0,0,0,0,601.5408408899108,596.2520665166614,97.60474315879343,43.26553001141269,5,5,624.14340685,594.321958885249,605.9352589636,579.9035151330088,626.84839427,633.8683273955908,626.84839427,634.8365940336032,649.2550377858435,592.3466567556,1,2,1.5,21.063644190215896,0.10531822095107948,0.4051456474591017,0,14.967032923443998,68.17337504615179,0,0.06114362660071899,626.84839427,592.3466567556,0,1,0,0,8,10,1,0,2134,0,,11,,0.5326611847049416,0.4040652354222175,6,4.469721937874122,0.9449431262306365,,,,,,0.9924254407614793,47.10880581691963,27.38095238095238,-9.139366971667355,1,51.8473229239223,13.8276145022662,24.734796228809284,19.72118903516173,,,,3017483
2025-12-10,690.869757,729.64789766,677.74417986,721.66269495,652.7578207657995,638.7410345034644,607.8635367095852,596.2815621925987,517.6007002182075,592.6541922876424,0,0,0,0,721.66269495,628.6192059229899,99.98281969843059,70.10700748802003,5,6,721.66269495,,,621.2084124984963,,729.64789766,725.3587545495692,733.9370407704308,751.093613212154,653.06892529672,1,2,0,39.424597889022365,0.38367143598794073,2.6373184259587177,1,20.51306632320363,94.08936558694609,0,0,,653.06892529672,0,1,0,0,11,8,1,0,2134,0,,12,,2.4923875723426314,2.581551155274959,7,11.308653569702315,1.3865315525719717,,,,,,3.2349445193580717,78.25643290568497,73.80952380952381,10.128276026704011,2,71.05934618163757,15.930046750229149,38.858827226753405,15.389916793680129,,,,11396415
2025-12-11,709.83461343,709.83461343,679.94001079,702.89746858,669.4710367038663,657.509429460476,616.9143873639105,600.4625781293595,519.4444491571309,593.918246643777,0,0,0,0,716.076270548009,635.9440855817719,99.10502096472399,60.61804856664748,5,7,653.06892529672,648.7136255856057,657.4242250078343,631.2924267411485,689.0004029509091,716.076270548009,716.076270548009,724.7868699702376,741.1389400171893,653.06892529672,0,3.5,0,35.317158498959145,0.2694212896020422,1.8394573757444639,0,20.82618368495287,79.80688107998955,0,1.6500117115933746,689.0004029509091,653.06892529672,1,1,0,0,10,8,1,0,2134,0,,13,,1.7426839768579716,1.8114419994585562,8,6.600154860741593,1.0490791527735248,,,,,,1.3187826670253393,98.73296802031285,90.87301587301587,36.8553800512284,3,72.14401654020078,17.882305266194745,35.53509628245684,14.073563565137835,,,,4830880
2025-12-12,696.55921393,697.6471978,655.15593787,670.46756407,669.8032124925775,673.2656810778753,622.0146899073476,603.2078716956592,520.947166718453,595.4783480747265,0,0,0,0,704.9665154327449,639.2718471450571,98.95609402257395,64.93713269245428,5,8,632.5841586246819,630.15227189,639.2718471450571,612.2703897233612,697.2732521068557,729.64789766,,,752.0002503682985,631.691335369,0,2,0,28.701643257492865,0.14350821628746432,0.8569874200582485,0,21.233803333471858,72.51570256936262,0,3.1844949007945047,697.2732521068557,631.691335369,1,1,0,0,8,8,2,0,2134,0,,14,,0.9498169638612705,0.8460108703948187,9,5.639118747684792,1.332833484967599,,,,,,1.4254208831172457,114.8035693584737,97.61904761904762,56.07630586029161,3,73.5560524229973,18.67857180518671,32.146790664668735,17.681592646555035,,,,5225703
2025-12-15,687.20654525,693.76439298,673.75147869,680.08973334,673.2320527750517,686.0688742390345,627.545646424743,606.2228466621038,522.5306748440405,597.3380366454109,0,0,0,0,701.451858511493,641.76688525287,93.2817618017445,68.09084776450999,3,0,633.1177050890307,630.15227189,641.76688525287,612.7156374170496,706.7815481119885,704.7382530880989,700.3790944698613,709.0974117063364,726.5340461792867,631.691335369,0,2,1.5,30.15307350960516,0.22337118036045409,0.9418064590895922,0,21.06416149335895,52.51762267190458,0,3.6106067388514367,706.7815481119885,631.691335369,1,1,0,0,15,8,1,1,2070,0,0,15,,1.580846502499426,0.9302069381344035,10,2.707691564828858,1.1097221827738148,,,,,,0.9694878853086565,126.12217399621719,99.60317460317461,72.84493173500938,3,72.96839585066722,19.417962162822104,30.612831714861517,16.837874293144466,,,,3529608
2025-12-16,685.72928275,698.58545912,669.76406771,684.95072549,677.1382770133678,694.7974111736918,633.0127968119103,609.3102144592763,524.1467947509655,599.4769705581898,0,0,0,0,699.3875481253684,644.2827858780735,95.67903658982311,48.73028084127556,2,0,630.4942859964443,,,608.9686660095377,715.8797873391693,721.534135635985,715.8797873391693,729.64789766,746.7878303832443,631.691335369,0,3,1.5,30.679178495298494,0.17179602477120254,0.9106336183791374,0,21.036220087948376,79.32667190424327,0,3.966691848813765,715.8797873391693,631.691335369,1,1,0,0,8,10,1,1,2070,0,1,16,,1.1472010583576804,0.898302048953748,11,4.802001817147216,-0.729993372398753,,,,,,0.9735215191948393,134.12616063961372,100,84.05819730659687,3,72.87160398305524,20.215657165312457,29.78284526966871,15.83140965893706,,,,3572244
2025-12-17,685.72928275,692.71623531,611.95599121,613.05395658,655.7768368689118,693.0644130489425,631.1119548850618,609.4570278757752,525.0314431273738,601.4103865683659,0,0,0,0,682.8415736184951,641.177542355137,96.33495053774519,94.636866206136,2,1,606.3963794265875,601.6776906781263,611.1150681750487,585.1725061466569,652.01945621,634.3348659989655,629.6161772505043,639.0535547474267,656.5365863089293,574.342625355,0,0,7.5,16.765188943411857,0.23382594471705928,-0.8220656362810507,3,23.791034392747104,39.388567303392946,0,2.1496112505795093,652.01945621,574.342625355,1,1,0,0,8,8,1,1,2078,0,2,0,,-0.11872751981900594,-0.8201962866999996,0,3.9186524744061098,3.9273315187597864,,,,,,1.7545396063464074,139.31795855378593,100,69.0453209098357,3,82.4145606657131,18.898628572905782,25.23166064169919,24.35045901304096,,,,6770081
2025-12-18,648.09901498,657.47164666,635.3576259,638.24727114,649.9336482926078,687.0681506297669,631.7915088141035,610.5860570233918,526.1579687792407,603.2707585902102,0,0,0,0,677.8758340632878,640.9986648331314,96.62324138048763,84.18388243867979,2,2,630.15227189,625.3740458192859,634.930497960714,608.09694237385,716.330351570631,638.81621683,,,661.17478441905,596.18329059,0,0,5.5,21.303355458213797,0.256516777291069,-0.21464406884732654,3,23.10453086182407,34.44031840381857,0,3.9073585192879254,716.330351570631,596.18329059,1,1,0,0,8,8,1,1,2062,0,3,1,,-0.1640327234176718,-0.22087849057596298,1,4.309014880448486,4.936997837742675,,,,,,1.1439888871553103,142.3729019665418,100,77.88509484845179,3,80.03644267544485,17.6756734513853,23.137465787044274,22.329402741805314,,,,4426464
2025-12-19,645.58367613,659.3681323,640.41325737,657.06240502,652.3099005350718,680.4361131111355,634.1982608337127,612.4086589056118,527.4605004831288,605.1498202202736,0,0,0,0,675.7638887016058,641.935168742384,93.23330035928345,58.031533546502985,2,3,657.06240502,637.3096654163638,646.5606720684042,603.4092307618389,717.5308437011162,671.8799173050949,667.2544139790747,676.505420631115,695.0074339351956,618.7948993699999,1,3.5,0,24.57092131413859,0.27285460657069294,0.1880251022555637,3,22.067574660468715,62.983929152493126,0,1.1270244401600964,717.5308437011162,618.7948993699999,1,1,0,0,8,8,2,1,2062,0,4,2,,0.10951104211907771,0.17922487960738176,2,2.46658661096168,-0.5724393957913647,,,,,,1.1659848806794544,143.38456425024165,100,87.56732001865561,3,76.44432102350265,16.598471665444883,22.56024165788024,21.41904579974798,,,,4489097
2025-12-22,669.86867387,670.15813747,655.58514252,660.58587572,655.0685589300479,674.581957917229,636.7113670133591,614.2979615257839,528.7851310825007,607.0386588617959,0,0,0,0,674.8925998140735,642.5656975530336,90.94395424941021,72.28910524568978,2,4,642.5656975530336,638.14047129539,646.9909238106773,620.4395662648151,717.512508687691,671.0786143269711,666.6533880693274,675.5038405846147,693.2047456151896,622.3452058762,0,2,7.5,24.925198703617827,0.27462599351808914,0.20755305361597262,3,22.033171808413485,34.350788163247714,0,3.3872532960411514,717.512508687691,622.3452058762,1,1,0,0,8,8,1,1,2062,0,5,0,,0.3328929299044447,0.2012649458761046,3,2.301248472581922,2.9219436579055253,,,,,,0.7201786010320009,142.95238863337812,99.60317460317461,87.29396016252406,3,76.32514604813278,15.935835666673675,24.07394599743855,20.78925627822273,,,,2694275
2025-12-23,663.59030824,663.59030824,652.79032157,660.2265416,656.7878864866985,670.0813114350788,638.9509074501821,616.099082313008,530.093005814018,608.915090249792,0,0,0,0,674.2938866215144,642.9975437378953,94.31577533446801,76.82998803795668,2,5,642.9975437378953,638.7919766176726,647.203110858118,621.9697081367817,718.7413864514597,668.5105119889682,664.3049448687456,672.7160791091909,689.5383475900818,622.3452058762,0,3.5,6,24.54918936086454,0.2727459468043227,0.1373624369621754,3,21.742360969140698,56.10817711588593,0,3.6020750851577534,718.7413864514597,622.3452058762,1,1,0,0,8,8,1,1,2062,0,6,0,,0.2645475680891254,0.13592368449838185,4,4.551316134128262,2.405721222228207,,,,,,0.5393646653956629,140.69964817367182,98.80952380952381,86.80809288202515,3,75.31774775010835,15.218150926773635,23.521960191579105,20.90593496257329,,,,1997567
2025-12-24,659.40805832,672.25425318,657.05242352,666.08568408,659.8871523511324,666.1035803590925,641.5351718911171,618.0593412058312,531.446166791789,610.7983667652271,0,0,0,0,674.1116759365804,643.3072930694998,95.80105744131774,71.25579285023528,2,6,666.08568408,635.2254928880147,643.3072930694998,619.0618925250446,718.7441710211473,671.4393272344214,667.3984271436789,675.4802273251639,691.643827688134,631.691335369,1,5.5,5,25.334554222301943,0.2952913245997322,0.2132095085316889,3,21.637894470777823,62.93385687383582,0,1.1198264793175363,718.7441710211473,631.691335369,1,1,0,0,8,8,1,1,2094,0,7,0,,-1.1489484279057793,0.21319908678365856,5,4.332480187232209,1.3055160909294838,,,,,,0.30508260970766005,134.95819105641826,98.01587301587301,80.05020784484651,3,74.95586518440173,14.838657760173849,24.646218336140898,20.203721225164713,,,,1110890
2025-12-26,666.22542513,666.96405638,659.26821746,662.23282378,660.6690428274215,662.7304419067207,643.5063768329155,619.7916346401123,532.747526562816,612.641516771727,0,0,0,0,673.8436259120266,643.567716328649,96.44918595534881,72.40474189259285,2,7,657.06240502,653.2414278025249,660.8833822374752,637.957518932624,719.0212244209218,673.8436259120266,,,692.9485119994026,628.2462068416601,0,3.5,2.5,24.30518974956075,0.2715259487478038,0.06944886572795159,3,21.550445405614322,58.242883341646035,0,3.2430876121194174,719.0212244209218,628.2462068416601,1,1,0,0,8,8,2,1,2094,0,8,1,,-0.9435125184007194,0.0700323337350882,6,4.240103152034942,1.8038653649864225,,,,,,0.3220064806775723,127.7767337252695,97.22222222222223,71.16103686941993,3,74.65293273652657,14.486271248331189,24.203004010172737,19.840396573782836,,,,1155311
2025-12-29,658.37996347,669.75887733,650.4846941,662.23282378,661.1903031449477,660.5450932836509,645.289847970733,621.4559949985393,534.0359374804,614.429355366531,0,0,0,0,673.3681672854013,644.0413763148977,97.49785896279481,51.50572814205209,2,8,662.23282378,653.3422638249338,660.7825462150663,620.7235645394699,719.4125778166865,673.3681672854013,,,691.9688732607326,631.691335369,1,3.5,4,24.005292022937137,0.2700264601146857,0.025283402135190085,3,21.52589077658199,80.50878776149972,0,1.3775180545948056,719.4125778166865,631.691335369,1,1,0,0,8,8,1,1,2094,0,9,2,,-0.4635324703728657,0.023803545177675262,7,5.182101862658162,-0.6514276056367362,,,,,,0.5994484351466253,120.06252948637596,94.84126984126983,61.01106903775088,3,74.56787300643656,13.78390566715913,23.083391326262547,21.030695330210747,,,,2186083
2025-12-30,664.41877302,667.20361246,658.13042588,658.41988948,660.2668319232985,659.0920058968117,646.5403281144728,622.9055594880083,535.2735887440776,616.1717841613688,0,0,0,0,673.0376740215243,644.2400489709518,98.39128992702294,41.13477430682835,2,9,657.06240502,653.5269776015457,660.5978324384544,639.3852679277281,715.4680042234294,673.0376740215243,,,690.7148111137961,628.2462068416601,0,0,2.5,23.006235189907812,0.26503117594953907,-0.09725535292551332,3,21.065629188958248,84.71758727589686,0,3.3040191349176764,672.25425318,628.2462068416601,1,1,1,0,15,10,1,1,2094,0,0,3,,-0.6676326402260896,-0.10106100105029221,8,6.137432188827294,-0.6415789493865904,,,,,,0.33601203123581286,111.18454358928665,92.85714285714286,52.3629453343065,3,72.97348009736328,13.131709056070786,22.55445973405076,20.54879910408415,,,,1206972
2025-12-31,655.58514252,665.42690486,651.54263365,652.36111693,657.631593592199,657.8441645781697,647.0946889540468,624.0606793876942,536.4386387757784,617.8561947517231,0,0,0,0,672.5712413415171,644.3555182530939,96.99499589724145,63.673789238638804,2,10,644.3555182530939,640.948654657297,647.7623818488909,627.3212002741093,672.25425318,657.06240502,,,674.0967229989847,622.3452058762,0,0,5.5,21.60964363394321,0.25804821816971607,-0.2570058757291784,3,20.78595125743948,43.798692139965446,0,1.6377958284754894,672.25425318,622.3452058762,1,1,0,0,15,8,1,1,2094,0,1,4,,-0.8311004492704083,-0.2623013076073101,9,3.6643462848517103,2.884104511843711,,,,,,0.35890213254884995,101.33794513986913,90.47619047619048,40.73806192701098,3,72.00464732307073,12.227771742356733,21.733762917753303,21.527585102390642,,,,1259928
2026-01-02,659.96702251,678.5126558,657.18218306,678.29306273,664.518749971466,659.9184432666583,650.0659626469946,626.187439518765,537.850125581293,619.6509762359726,0,0,0,0,672.8389837375428,645.3740739512712,98.16748751668915,43.79635588984737,2,11,678.29306273,641.9770618724061,648.7710860301362,628.3890135569461,,729.64789766,,,746.6329580543251,650.4846941,1,5,0,26.111909334765006,0.28055954667382504,0.29366591473995723,3,21.068903351141763,86.83473612922235,0,0,,650.4846941,0,1,0,0,8,10,2,1,2350,0,2,0,,0.7801579429847397,0.28597344404509506,10,6.245375909602445,-1.1028395953639856,,,,,,0.7811594161607125,89.90571167822918,81.74603174603175,23.18412110494959,3,72.98482212787142,11.94755291142748,23.679285007356395,20.04787223395058,,,,2741768
2026-01-05,689.85016493,697.96111356,668.75370743,680.10104442,669.7128481209774,663.771973910819,652.9264466253761,628.3016985344997,539.2655576095389,621.5665815322399,0,0,0,0,673.1300614550653,646.279859273817,98.04733317657869,22.69077567205765,2,12,657.3727123483824,653.9575635775612,660.7878611192035,640.2969684942769,714.1143113676129,729.64789766,726.2327488891789,733.0630464308211,746.7236415141055,650.4846941,0,2,2,26.116165741190283,0.13058082870595142,0.262058093562778,0,20.686390981633767,93.4066203298865,0,3.322935709508691,672.25425318,650.4846941,1,1,0,0,8,10,1,1,2350,0,3,1,,0.35494327992832914,0.2585309232532251,11,4.70041809203522,-5.064644707626332,,,,,,0.7097197164386322,84.7709705147424,78.17460317460318,18.29647493757024,2,71.6597604108486,12.419710632612963,26.955745707121835,18.51701875457783,,,,2446599
2026-01-06,680.35076574,686.27914999,658.06563473,685.564947,674.9968810806515,668.8811334894428,656.0348752324832,630.5473161213821,540.7212729268568,623.6368159915847,0,0,0,0,673.6175927201643,647.2960744843992,98.57424316227016,11.729944102949258,2,13,685.564947,652.6115172184084,659.457749136719,630.7950916535154,715.8853440691498,729.64789766,726.2247817008447,733.0710136191553,746.7634774557765,653.06892529672,1,5,0,26.787123297206776,0.1339356164860339,0.3117410898488374,0,20.690161238002315,96.4841615133672,0,0.5535964423739531,,653.06892529672,0,1,0,0,8,10,1,1,2350,0,4,2,,0.12534868621617795,0.3150193853281975,12,5.830378253572965,-6.039956418268333,,,,,,0.7210575451994042,83.80803970013724,77.38095238095238,16.93140938954067,2,71.67282096202437,12.33251558734818,24.972078028089822,19.94214335835725,,,,2490832
2026-01-07,685.23531485,686.2242113,660.56284798,661.58171098,670.5251577137677,671.6998682649099,656.5631453036752,631.7643512138769,541.9238643502712,625.676888592318,0,0,0,0,673.1442003023429,647.6718176050633,96.93549808293342,26.22943499671681,2,14,651.4834694938459,648.0757425021302,654.8911964855615,634.4448345352677,672.25425318,667.9921698195845,,,686.7751082692055,631.691335369,0,0,1.5,22.080195116188552,0.11040097558094275,-0.27521668866741467,0,20.991019117589538,65.59824513399799,0,1.2190403595504549,672.25425318,650.4846941,1,1,0,0,8,10,1,1,300,0,5,3,,-0.3115539055103192,-0.26507201613786313,13,3.5716568243686124,-0.06024379746016906,,,,,,0.7523086285207886,83.68449451626061,76.98412698412699,15.08556389116619,2,72.71502322862939,12.251548759602311,23.293074564857417,18.60132872029246,,,,2601080
2026-01-08,660.38304862,660.38304862,619.05916382,627.69952165,656.2499456925118,668.668179265907,653.8142287652299,631.6049461329405,542.7773534776317,627.4707824175382,0,0,0,0,670.3636101819882,646.8377076000775,94.88824071930478,41.33259369472402,2,15,615.1484079184219,611.6044243979002,618.6923914389436,597.4284903158136,663.18719756,631.6049461329405,,,649.3248637355489,596.18329059,0,0,1.5,15.645856929782168,0.07822928464891084,-1.0174668699666285,0,21.712771194352012,54.41080474252226,0,2.7110052495112704,663.18719756,618.7699079749173,1,1,0,0,8,10,0,1,296,0,6,4,,-0.8394514124295676,-1.001864631355337,0,2.9766873892366466,0.7922822785609281,,,,,,1.223725286573872,83.41314127154467,76.19047619047619,10.899247120528225,2,75.2152457634713,12.311728455825854,20.79769639196719,27.064848954151827,,,,4310075
2026-01-09,631.61515202,631.61515202,620.41764783,621.80609839,644.7686632583412,661.3803229615429,650.7658353961604,631.2206775940017,543.5637091484015,629.0039615739094,0,0,0,0,668.3131184006968,646.1064122657353,50.80205787635106,65.9976154774189,4,0,615.0526413689435,,,598.0985435866107,652.01945621,631.2206775940017,627.8298580375351,634.6114971504683,648.1747753763344,592.3466567556,0,0,3,14.394336473305122,0.07359494534189333,-1.0808085646466872,4,15.474086243675103,3.9807489774725298,0,2.2928982324798795,652.01945621,617.2934858194027,1,1,0,0,8,8,0,1,296,0,7,5,,-1.0129861038029417,-1.0648680957228074,0,-3.0682344149583436,5.23058066519464,,,,,,0.9994259969250812,87.61587416041314,79.76190476190476,63.45084205691016,3,53.60380714949583,12.367609602319144,20.184479985628624,26.26684666096655,,,,3105778
2026-01-12,619.17903006,644.03129629,616.42210663,639.0568475,642.8647246722275,653.775640280511,649.6506936917641,631.5279783746291,544.5138896295119,630.4057419610416,0,0,0,0,667.2295165777786,645.92368599529,72.95810159619288,68.77190683666288,2,0,615.2482957242847,611.8531669427443,618.6434245058251,598.2726518165829,667.86617299,676.7056426542828,669.9153850912021,678.5126558,692.0931709261614,617.5445362417797,0,5,0,17.362818409428495,0.08681409204714248,-0.6312886275449867,6,15.713251869275583,53.87662452656475,0,3.099610097372656,667.86617299,617.5445362417797,1,1,0,0,8,8,1,1,297,0,8,0,,-0.6784048908123372,-0.6206390524601155,0,3.5183112918659543,1.42633955273929,,,,,,0.9406122032294721,90.19704137632712,82.14285714285714,65.70499395021496,3,54.43230117942388,11.850342139634988,21.984162641601156,24.359685806674097,,,,2828854
2026-01-13,640.28547642,658.43522229,639.68554591,651.36311438,645.697521241485,648.4670934208382,649.813781376358,632.305826845428,545.5770659951885,631.7637473509155,0,0,0,0,666.8068758100842,646.0259024185358,85.90390079780997,36.03933029029497,2,1,649.3462792026048,646.0206384162638,652.6719199889459,632.7180752708996,697.1910903118347,678.402859265,675.0772184786589,681.728500051341,695.0310631967052,622.3452058762,0,3.5,0,19.38975352489329,0.09694876762446646,-0.33404926150669173,6,15.219057463869207,92.69505483022783,0,2.877328862800602,697.1910903118347,622.3452058762,1,1,1,0,19,10,1,1,297,0,9,1,,-0.47824706514922677,-0.32456964573197733,1,5.498103648382586,-4.060768788875141,,,,,,0.7332113169582748,94.69860579398896,84.52380952380952,79.62434821223717,3,52.72036154146361,11.245250504797928,24.707524098342653,23.092338421463925,,,,2090153
2026-01-14,647.19776268,653.2709853,636.48971228,643.46193167,644.9523247176567,644.6992597239515,649.2088433090858,632.7433211522739,546.551044758122,633.0361103493223,0,0,0,0,666.1150968502094,645.9718308188861,83.89974240000561,19.17610993852696,2,2,616.004762141063,612.7668343303535,619.2426899517725,599.8151230875153,675.75545875,678.0590410162987,674.8211132055892,681.2969688270082,694.2486800698464,616.1220222471965,0,2,0,17.7313515071161,0.0886567575355805,-0.5065253358879646,6,15.161837311422598,80.82315986054311,0,3.690675030574176,675.75545875,616.1220222471965,1,1,0,0,8,10,1,1,297,0,10,2,,-0.5383691833570614,-0.494758903390048,0,1.5723855783004002,-4.5510292985556395,,,,,,0.85762065433704,100.69612444260167,89.68253968253968,91.72127150279154,3,52.52214511895489,10.543344167680498,23.564201082762136,22.905006659861506,,,,2396203
2026-01-15,653.4407958,665.53729676,638.7172265,641.51410533,643.8062515884378,641.6700203856099,648.4760111206014,633.0872734729691,547.495950833464,634.2196718611341,0,0,0,0,665.4074423689309,645.8798111717356,82.40433236652244,10.749793638125926,2,3,616.4431112797374,613.1969991139,619.6892234455748,600.2125504505503,667.86617299,677.0344584500649,670.5422341183901,678.5126558,691.4971044633496,616.42210663,0,0,1.5,17.172392663984144,0.08586196331992073,-0.532201752111649,6,15.126163898903771,80.37241480241207,0,3.168286188718109,667.86617299,616.42210663,1,1,0,0,8,10,1,1,297,0,11,3,,-0.46801610284161005,-0.5188064223578204,0,1.485470691129553,-4.544795085200769,,,,,,0.8756142996618244,104.15086624588494,92.06349206349206,98.76662406042111,3,52.39856879303094,10.403421260461974,25.199777479784764,21.21530983249658,,,,2394934
2026-01-16,664.3186567,691.72806929,662.26095299,680.79027527,656.1342594822919,642.9073950883605,651.5535600872107,634.9579794257938,548.8222625193997,635.5618988260313,0,0,0,0,666.2767359372348,647.3185114373407,99.37277208927188,1.6152217377309903,2,4,680.79027527,,,613.600062942283,690.4735055174165,694.667935925479,691.2053499504157,698.1305219005424,711.9808658007956,653.06892529672,1,3,5.5,24.045674121307268,0.12022837060653635,0.3440864707616011,6,11.543018082345403,95.67149980798997,0,0.1441166787833163,690.4735055174165,653.06892529672,0,1,0,0,8,10,2,1,297,0,12,4,,-0.24654110177226599,0.3574951996609093,1,6.313764618544869,-5.039218471307805,,,,,,1.8846526821111975,105.18708165378894,92.06349206349206,163.0585409935814,3,39.98618758261701,11.208596573546679,28.690398735367847,18.46833110092842,,,,4986755
2026-01-20,667.37524571,700.21859433,663.80423077,684.09658561,665.4550348581946,647.5989123354832,654.6528958512858,636.8849835898803,550.1682756844804,637.06826473409,0,0,0,0,667.0313052092065,648.4673954745507,94.88484857724862,3.9005709082662996,2,5,684.09658561,,,614.3896145999478,693.7200768693459,696.0958333400132,692.5554466885259,699.6362199915005,713.79776659745,653.06892529672,1,3.5,4.5,24.34315387576566,0.12171576937882829,0.3490974115394854,6,10.940629129819133,94.47425347312652,0,0.13805636824985704,693.7200768693459,653.06892529672,0,1,0,0,8,10,1,1,297,0,13,5,,-0.21703815065014895,0.36655136469513394,2,5.53548355471789,-5.036358335707952,,,,,,1.4894072684106248,103.98569452844096,91.26984126984127,174.37256128276277,3,37.89945103922962,12.222649570750173,28.196883968946885,16.772308409116313,,,,3901877
2026-01-21,685.46505847,689.28080031,651.86255703,667.1455021,666.0185239387964,652.9660560942456,655.8426678749729,638.0716705902772,551.3322281861273,638.6159252056967,0,0,0,0,667.0360820481708,649.0501723589807,98.83360772353204,9.006506629097236,2,6,622.2730139356908,615.6379253375,629.5162006327388,601.151551943404,694.4038638893761,696.6106935641913,692.9891002156672,700.2322869127153,714.7186603068112,631.691335369,0,3.5,1.5,21.006077278467153,0.10503038639233578,-0.0836445490559261,6,10.947586273122495,88.84725088473463,0,3.4150500557218284,694.4038638893761,631.691335369,1,1,0,0,8,10,1,1,297,0,14,6,,-0.5615990493629475,-0.06449305798885241,3,5.479362993988513,-2.6437876368344893,,,,,,1.5493335512732889,101.40125601923503,89.68253968253968,167.38333454655415,3,37.92355129058354,12.561696786090891,25.595725537933767,18.16913108951444,,,,4022742
2026-01-22,671.161021,678.57274991,644.54072779,660.93243554,664.3231611391976,657.9070692902221,656.3274076525945,638.9681711765409,552.4227775130315,640.1706816570163,0,0,0,0,666.8598809978265,649.3079224593388,96.38611007566924,9.834523114739772,2,7,620.559795238958,615.9247063232999,627.8933261383597,601.2576445244965,694.4241861238106,666.8598809978265,663.1931155481257,670.5266464475274,685.1937082463307,628.2462068416601,0,2,4.5,19.642502525958715,0.09821251262979358,-0.23958208535394956,6,10.98135503678317,79.68931470633737,0,3.8267440751828814,694.4241861238106,628.2462068416601,1,1,0,0,8,10,1,1,297,0,15,7,,-0.2772271415657306,-0.2198549124766387,4,3.767504380535704,-2.0693826675209035,,,,,,1.0975545635506239,96.31635356042503,83.73015873015873,153.19403875573178,3,38.04052971932169,12.521197451303209,23.474660203061454,18.446357353424244,,,,2858754
2026-01-23,661.44186704,665.38746397,648.2765588,657.04677173,661.8976980027984,661.3726900168053,656.3959185171093,639.6771359041275,553.4638122813595,641.7158897002722,0,0,0,0,666.6647002582248,649.424158248585,96.99488728103839,11.6237275470011,2,8,635.8188197321501,632.2611901612672,639.376449303033,618.0306718777355,694.2748172335213,666.6647002582248,663.1070706873419,670.2223298291077,684.4528481126395,628.2462068416601,0,3,3,18.71539875781128,0.0935769937890564,-0.3287902169027763,6,10.997273226584399,83.17807511294782,0,3.286232944531296,694.2748172335213,628.2462068416601,1,1,0,0,8,10,1,1,297,0,16,8,,0.2435206983562155,-0.3113926635357524,5,4.502632450022621,-2.0465748796672703,,,,,,0.7713686333518625,88.49225149004039,76.98412698412699,132.2895147110892,3,38.0956719463222,12.48359092614322,22.46658356545981,17.65421204712442,,,,2009616
2026-01-26,655.26875589,686.91344216,655.26875589,665.24762003,663.0143386785322,664.3429157065378,657.2389377088132,640.679899987495,554.5760889753759,643.3141410917918,0,0,0,0,666.6283218418857,649.7328481658278,97.18284462347916,17.732532478311963,2,9,665.24762003,632.9466267241969,640.1187367535151,618.6024066655604,694.2014677784955,666.6283218418857,663.0422668272266,670.2143768565448,684.5585969151814,631.691335369,1,3.5,3,19.956058916838387,0.09978029458419194,-0.14323844992627302,6,11.033916883486304,77.63908680858881,0,0.620724950324028,694.2014677784955,631.691335369,0,1,0,1,8,10,1,1,297,0,17,9,,0.4881457918671737,-0.1417249688484018,6,4.3757966953979155,-1.1085305197104596,,,,,,0.9922814839631144,84.1698588923493,74.60317460317461,120.20961007002045,3,38.22260929738064,13.244776048029358,26.056007998185734,16.263253580200868,,,,2662114
2026-01-27,672.67433222,695.62372196,672.67433222,691.92784635,672.6521745690214,669.5811673371503,660.5426432936881,642.6896233742599,555.9427731283572,645.1231846523335,0,0,0,0,667.7285334118926,651.1419888724304,99.821897071355,1.587798577006969,2,10,691.92784635,677.1891518462987,684.3913986937014,643.8653448303892,700.21859433,698.7040123937999,,,716.7096295123066,653.06892529672,1,5,0,24.46026458019021,0.12230132290095104,0.43421575187185574,6,11.688466244123484,97.44882136781946,0,0.17249930232235502,698.4951045405309,653.06892529672,0,1,0,0,8,10,1,1,297,0,18,10,,0.6230804653071045,0.42851897928162075,7,7.998374951708353,-5.062421707290589,,,,,,1.648028276396067,77.08753133258755,66.26984126984127,90.38642896543125,3,40.49003479475128,14.238725222926787,26.253238179176552,15.038402058832101,,,,4714661
2026-01-28,690.62929547,722.1940709,673.25868012,710.79678965,685.367046262681,677.9278693931285,665.3287524704797,645.3604926399752,557.4836091136472,647.2224288391616,0,0,0,0,669.9071376187011,653.48688779599,99.89430987946358,0.7332122527721356,2,11,710.79678965,696.4377708760273,703.9994177839726,650.3036143864371,729.64789766,729.64789766,725.8670742060274,733.4287211139726,748.5520149298634,653.06892529672,1,4,0,27.500930615719476,0.13750465307859738,0.7751684585214942,6,11.941595516041462,98.42959880032328,1,0.31162371503673736,,653.06892529672,0,1,0,0,8,10,1,1,297,0,19,11,,0.7093768134718561,0.7623156509256142,8,8.69514211114511,-6.104174804164872,,,,,,1.899918493266267,72.2846133728067,59.12698412698413,74.74022182796347,3,41.36690031444099,15.924539787639988,29.49403451336161,13.300519873304758,,,,5776324
2026-01-29,716.20075911,721.91438302,680.94010807,716.59032438,695.7748056351206,688.336865447958,670.210806938053,648.1538193748781,559.0667605093323,649.5992572053981,0,0,0,0,671.2919664281375,654.9511805267383,98.94083583241344,3.6779224736081,2,12,716.59032438,676.9136688935432,684.6668816464569,654.5646223566915,,729.64789766,725.7712912835432,733.5245040364568,749.030929542284,653.06892529672,1,3.5,0,28.176163384701564,0.14088081692350782,0.7846490469314582,0,11.90839692442859,92.93854709730246,0,0,,653.06892529672,0,1,0,0,8,10,1,1,297,0,20,12,,0.9464958540528329,0.7723783718658526,9,5.31574828829953,-4.644832914789547,,,,,,1.1066584069320273,66.57513415344482,48.01587301587302,61.38684269911157,3,41.251897019614546,17.489939026302245,26.71063380754008,12.045327865362326,,,,3490954
2026-01-30,715.69632203,751.17672784,715.1619184,725.56031436,705.7033085434138,699.8578580316507,675.482188597286,651.1893681978241,560.7234127864534,652.263172063967,0,0,0,1,673.0179356765898,656.7200871919081,99.23634049648786,20.8916447374903,2,13,725.56031436,,,659.1402132502509,,729.64789766,725.726630940433,733.569164379567,749.254231257835,666.3737423479599,1,3.5,14,29.397185459834414,0.16275009510670305,0.8588580667180722,0,11.847487185251968,83.19787322459923,0,0,,666.3737423479599,0,1,0,0,8,10,2,1,297,0,21,0,,1.1261133424602476,0.8470453108977137,10,6.705911772145143,-0.2067711108770115,,,,,,1.1768583827101535,60.1821859696511,37.301587301587304,46.63953936684178,3,41.040899493755184,19.643874460709355,31.18316834957214,11.057558982385581,,,,3865733
2026-02-02,738.85547768,761.51019626,732.18292389,754.1284339,721.8450169956092,713.6237590449307,682.9723071975445,655.2261943037918,562.647840857235,655.3487670287346,0,0,0,0,675.6486507739722,659.2259156719832,98.97761871606828,11.072083123201827,2,14,754.1284339,725.6857403320092,733.6100549879908,700.4856652660736,799.5857060730001,761.51019626,757.5480389320093,765.4723535879908,781.3209828999541,672.75982583152,1,3.5,0,34.03204973665772,0.1701602486832886,1.3446976839495437,0,11.836716928751773,94.2011725261918,0,0.847407270926181,,672.75982583152,1,1,0,0,8,10,1,1,297,0,22,0,,0.8662525357232314,1.3265436228924996,11,5.352739880775947,-5.383209523430937,,,,,,1.21571691003832,56.99481767343841,34.523809523809526,38.99957870177508,3,41.003590230817416,21.855590869355964,30.985574927027603,10.161767366020317,,,,4074379
2026-02-03,774.13610643,791.06721224,753.26939254,779.38025425,741.0234294137394,730.6339463909399,692.1540164406355,660.094980968349,564.8043822840286,658.9490896063026,0,0,0,0,779.38025425,662.0818015401669,98.81388841278476,6.045370611582252,2,15,779.38025425,725.6312710366872,733.6645242833129,715.1142282769939,,791.06721224,787.0505856166872,795.0838388633128,811.1503453565643,691.02606170716,1,0,0,37.99118397386398,0.21524787497109688,1.691360490394293,0,12.147992245323659,94.4324804266075,0,0,,691.02606170716,0,1,0,0,10,10,1,1,297,0,23,1,,1.2023356408142156,1.6660353648391444,12,5.2821231570091,-5.661926925117624,,,,,,1.1269059155110024,60.03123282267702,37.301587301587304,42.653402019167395,3,42.0818795577066,24.433043404525105,34.9523774184558,9.307966654904948,,,,3856158
2026-02-04,793.1149271,794.61325505,707.9599554,745.38818754,742.4783487891597,745.1340019314688,697.2239374977178,663.4398125986098,566.6012360676701,662.7794682884305,0,0,0,0,760.092755127715,664.6004665491218,98.92440118118762,14.747770670119882,2,16,729.64789766,725.1444827629059,734.1513125570941,707.1308231745295,767.5129016236128,760.092755127715,755.5893402306209,764.5961700248091,782.6098296131855,691.02606170716,0,3.5,3,31.55428193435445,0.15777140967177228,0.7484894320929791,0,13.185388851924552,82.19566293487152,0,1.6816129461243194,767.5129016236128,691.02606170716,1,1,0,0,8,10,1,1,2347,0,24,0,,0.9554297355223096,0.7351192573150326,13,5.734680619106447,-1.1374188218749373,,,,,,1.4246844665048193,67.41661703752311,51.19047619047619,47.59899170052404,3,45.67552681817118,24.60588907956475,28.947531843466844,16.69200143625721,,,,5057996
2026-02-05,716.43050273,757.49467736,713.4550232,736.70787429,740.5548572894397,755.433726616601,700.9843124303161,666.3130699198408,568.2938394330664,666.7486381201618,0,0,0,0,753.3541363638807,666.1229750416364,98.90578042054888,19.315874652859947,2,17,736.70787429,725.0729440576984,734.2228512623017,676.8553943815867,774.0117208231754,753.3541363638807,,,776.228904375389,691.02606170716,1,3.5,1.5,29.635027369810036,0.14817513684905018,0.4476873172801634,0,12.632564915684949,80.97155412622477,0,0.6232631728920532,774.0117208231754,691.02606170716,0,1,0,0,8,10,1,1,2347,0,25,1,,0.9204053215862392,0.43791276867273266,14,5.542751715603286,-1.1054011852590322,,,,,,1.0022029054545063,73.9899104635997,63.888888888888886,69.07926065923323,3,43.760488527756756,24.766388634958712,26.45952985248473,15.257346038641433,,,,3608563
2026-02-06,757.22497833,778.69102339,752.16062986,778.48125748,753.1969906862931,765.8161724090094,708.3649738636193,670.7118223731804,570.3852565280607,671.0783703810972,0,0,0,0,758.5744255812306,668.241218571506,98.23757748872828,16.2734736581359,2,18,778.48125748,721.8132043194698,731.0592458148158,704.5129255172324,786.2684048307331,789.0907468092067,784.4677260615338,793.7137675568797,812.2058505475716,702.02158144798,1,4,0,36.48341161877519,0.26746946937356353,1.2249542911669626,0,12.010128320273658,80.32651509168535,0,0.10527677377736212,786.2684048307331,702.02158144798,0,1,0,0,8,10,2,1,2347,0,26,0,,1.6804192902375004,1.2088103108004482,15,4.483220067569425,-2.0675740328419785,,,,,,0.925221002721984,79.50598884548977,71.42857142857143,91.10038976288384,3,41.60430491227166,25.419543181337062,28.40781576913314,14.020230840414243,,,,3283908
2026-02-09,775.34475764,813.95157455,770.15055409,800.64652226,769.013501210862,777.5538313991094,717.1536927585126,675.8073008001145,572.6764134010153,675.8377506241125,0,0,0,0,765.4834567234076,670.5606394067777,97.4547305343595,13.673068125334751,2,19,800.64652226,,,716.5267302144105,,813.95157455,809.2676890301966,818.6354600698035,837.3710021490174,722.18953630258,1,3.5,0,39.80783973712378,0.3134892821045585,1.4985326473137959,1,11.93178962661113,79.41421233759864,0,0,,722.18953630258,0,1,0,0,8,10,1,1,2347,0,27,1,,1.8800451117959613,1.479128357780605,16,4.051888128805334,-2.337787148774878,,,,,,0.8750323477226992,88.41502653201577,80.95238095238095,113.90940071060172,3,41.33293171702751,26.721768476491548,32.75738643050151,12.849613108125967,,,,3105772
2026-02-10,802.95894172,808.46779414,786.1228299,789.9085053,775.978502573908,788.4590980817111,724.0827225243686,680.2818578393257,574.837926753244,680.8799605616139,0,0,0,0,768.2930836730025,672.1928283482409,98.47208293077125,26.89607312438191,2,20,675.8434080848263,,,653.099253696453,810.7852193920926,813.95157455,809.4027436723254,818.5004054276747,836.6957289383732,722.18953630258,0,0,4.5,37.41412466666932,0.2199049405258497,1.072241765406629,0,12.099160068201602,80.78569102702981,0,5.933032681850265,810.7852193920926,722.18953630258,1,1,0,0,8,10,1,1,2411,0,28,0,,1.1915634264289134,1.0598184377995643,17,6.589719233424616,-0.09400795997844147,,,,,,0.6962403086773248,95.48670444627973,86.9047619047619,127.82273399695654,3,41.91271993406739,27.930977679135,31.32066987929728,12.286037870883424,,,,2458281
2026-02-11,822.01267879,833.07033905,801.8052292,822.75185391,791.5696196859387,800.9980382100973,733.4797826563334,685.8689165087638,577.3047319985849,686.3269640880098,0,0,0,0,774.6435358666012,674.5191568296359,97.2180467865809,19.57702313015469,2,21,822.75185391,,,672.3363985904904,827.0546968756648,833.07033905,828.4610511479628,837.6796269520372,856.1167785601859,734.00493276358,1,2,0,42.516041928444956,0.2704290996926678,1.5624240048202784,0,12.44700325439445,76.91248860796016,0,0.028606388595671845,827.0546968756648,734.00493276358,0,1,0,0,10,10,1,1,2411,0,29,1,,1.3561244537368775,1.5405742436816083,18,3.784962355220703,-2.1842992036840565,,,,,,0.7907855948868961,104.51201294778558,94.84126984126983,142.38781647160909,3,43.1176840771727,29.482682417535372,33.467726323280395,11.258826356212882,,,,2820998
2026-02-12,826.07814196,845.05686274,810.69530836,815.64977944,799.5963396039591,812.0979984468726,741.3054966357303,690.9583621139103,579.6763245104397,692.0464515552286,0,0,0,0,778.7300445544075,676.559105713325,97.8755854655267,48.4257032849802,2,22,726.4362250671428,,,703.5019618442916,838.0382405896522,845.05686274,840.4700100954298,849.6437153845703,867.9911259628512,741.6337545944,0,0,6.5,40.707795877095634,0.23835503651590173,1.2048443069926607,0,12.380613963370765,57.246366450826955,0,4.866169644870545,838.0382405896522,741.6337545944,1,1,0,0,8,10,1,1,2411,0,30,2,,1.136306234821166,1.1876962598458876,19,5.169677208697349,2.0718263175327487,,,,,,0.7476627294002031,106.45357025230646,95.23809523809524,148.21465891434846,3,42.8877048269097,31.113950218751725,33.56242491607185,10.505760232710127,,,,2677687
2026-02-13,814.09151838,822.18248929,794.22368979,801.23586458,800.1428479293061,819.4879577161215,747.0131507256607,695.2829700537569,581.8808970484453,697.8797182185893,0,0,0,0,780.3043274378211,677.9045036672871,98.56089154543454,35.59536345709304,2,23,778.48125748,773.9724050287919,782.990109931208,755.9369952239596,843.4656959320118,844.120482041189,839.6116295899809,848.6293344923971,866.6647442972294,741.6337545944,0,2,0,37.69757155531642,0.21071007999880434,0.7512353453454003,0,12.652685326817137,83.07495561141981,0,2.882526725158208,843.4656959320118,741.6337545944,1,1,0,0,8,10,2,0,2411,0,,3,,0.7603616543955125,0.7390969277688673,20,6.0669715408785745,-1.188836145971767,,,,,,0.5672295976605992,106.90881114736872,95.23809523809524,143.91593286467682,3,43.83018767645701,31.83814473819147,31.704244815455798,13.185871643113678,,,,2020873
2026-02-17,793.35465958,827.60643647,789.73889457,818.23689236,806.1741960728707,825.4761877318012,753.7963642146453,700.104692497139,584.232697996819,703.8779706286756,0,0,0,0,783.0130017701391,679.549757728537,98.16372345851966,19.245339299996775,2,24,818.23689236,773.9563628654853,783.0061520945146,753.5397376538828,845.05686274,845.05686274,840.5319681254854,849.5817573545147,867.6813358125733,752.1269497706401,1,3.5,0,40.05325192607675,0.22693292629705042,0.9524162368252993,0,11.654951347734153,88.886036891898,0,0.4145463660933488,845.05686274,752.1269497706401,0,1,0,0,8,10,1,0,2411,0,,4,,0.5473659479627986,0.9385910653666104,21,4.598716638457816,-4.24359421218349,,,,,,0.648753389850232,105.70830772066795,94.44444444444444,161.82314321703478,3,40.37393578803783,32.61601982868751,30.405542309991603,12.200614784210513,,,,2221624
2026-02-18,819.08594487,831.97146533,810.09597718,816.63867589,809.6623560119137,829.5473951359858,759.7813462789649,704.6746526301923,586.5451952892885,709.971978577,0,0,0,0,784.8606453686998,680.8460350690704,97.74498528466938,42.631680621203,2,25,778.48125748,774.0842527651828,782.8782621948171,756.4962339059141,845.05686274,845.05686274,840.6598580251829,849.4538674548172,867.0418863140859,752.1269497706401,0,2,4.5,39.22860206658545,0.2272541214440384,0.7748566625777941,0,11.701295561036535,56.14359678856,0,3.028225329650042,845.05686274,752.1269497706401,1,1,0,0,8,10,1,0,2155,0,,0,,0.14209646046317703,0.7634686367580785,22,4.352780860409906,1.3254632500391188,,,,,,0.544885141356606,102.73084148058682,92.46031746031746,153.4406496849464,3,40.53447685219089,33.42549513808871,29.941279035238736,11.658658178348226,,,,1808911
2026-02-19,815.76465125,836.46644918,809.63648994,833.67965908,817.6681237012758,834.3761995276722,766.8192808314444,709.7336724909691,589.0042446802408,716.212792006314,0,0,0,0,787.1982591114441,682.1573844373224,95.24703041987395,22.673678434410103,2,26,833.67965908,774.1587713230268,782.8037436369731,764.5198805684305,845.05686274,845.05686274,840.7343765830269,849.3793488969732,866.6692935248656,752.1269497706401,1,3.5,0,41.54051801996584,0.24325814565538476,0.9667015504692392,0,11.188558835185503,82.9293262975508,0,0.16450607426535974,845.05686274,752.1269497706401,0,1,0,0,8,10,1,0,2155,0,,1,,0.9051146748712853,0.952853535844325,23,2.958358351992617,-4.331462484019733,,,,,,0.5171508625857711,98.37629031843612,86.9047619047619,153.8199000152292,3,38.75830473202989,34.26956961259486,29.210414695292265,11.012532578324283,,,,1655631
2026-02-20,828.92496506,841.56086409,821.08381535,829.41441886,821.5835554208505,838.7711257666406,772.7807225484497,714.4270350936762,591.3963857168553,722.5275320935458,0,0,0,0,789.19066806879,683.4529219075314,93.48662011240864,19.241629626528447,2,27,829.41441886,797.0392966419179,805.4324325180821,780.2530248895893,845.05686274,845.0568627400002,840.860294801918,849.2534306780823,866.0397024304109,789.73889457,1,3.5,4,40.246785217436425,0.24123392608718217,0.7376854023066505,0,11.114962469773138,66.87565478917966,0,0.3181855235719104,845.05686274,789.73889457,0,1,0,0,8,10,2,0,2155,0,,2,,0.9787866862765886,0.7256310824698415,24,2.7676205987352764,-1.789953321525426,,,,,,0.5447201265222332,92.2068830782432,82.53968253968254,139.47750121124173,3,38.50335944373665,35.16053015175052,29.021694166185732,10.53275241356405,,,,1712678
2026-02-23,822.08260076,832.17134228,811.8340376,830.77290286,824.6466712339004,841.7750960110554,778.3037873400259,718.989618143336,593.7782416088269,728.8950769223065,0,0,0,0,790.7758035497716,684.5333031806298,92.38901741539402,20.871998160327248,2,28,830.77290286,797.157468417138,805.314260742862,779.2068682971039,845.05686274,845.05686274,840.9784665771381,849.135258902862,865.44884355431,789.73889457,1,3.5,0,39.91299186191839,0.24400940375403643,0.6391268190920635,0,11.017242845849234,61.761273583516065,0,0.27700326389413504,845.05686274,789.73889457,0,1,0,0,8,10,1,0,2155,0,,3,,0.3302272653687972,0.6261874469895099,25,2.692996528490264,-1.2088358770933463,,,,,,0.4616109979314067,83.91614401147127,75,119.8780993224253,3,38.164848736671196,35.4547981460689,27.729556686029394,12.088795593948637,,,,1438182
2026-02-24,830.02373889,878.9091854,823.98048283,878.74936376,842.6809020759337,848.5113505813194,787.8700327133567,725.2547062067346,596.6137751625699,735.5590421293643,0,0,0,0,878.74936376,686.7897809969467,95.06151443279549,30.612203608533413,2,29,878.74936376,840.7793457443961,849.334379735604,810.309091830336,881.3123922880766,878.9091854,874.631668404396,883.1867023956039,900.2967703780199,789.73889457,1,3,0,47.28948615384411,0.28533631965810946,1.3992718855482815,0,11.877796804088286,67.14026390785422,0,0.037449128353998204,881.3123922880766,789.73889457,0,1,0,1,8,10,1,0,2155,0,,4,,0.6603272056738291,1.4008503841743196,26,4.578984680281164,-0.08107021900324429,,,,,,0.7441772013209937,76.70256112519273,65.87301587301587,86.4160712781402,3,41.145895093320284,36.66812500903113,34.3059598382408,10.702765663058269,,,,2305259
2026-02-25,886.97018976,893.93232041,872.63618573,875.03351044,853.4651048639557,856.8629842943694,796.1713163063704,731.1283848041176,599.384120787221,742.4141372161318,0,0,0,0,876.8963303923465,688.9405228894633,95.0444626036413,22.41682265305239,2,30,845.05686274,840.8947386130106,849.2189868669894,824.2462421050529,888.5979333926283,893.93232041,889.7701962830106,898.0944445369894,914.7429410449471,789.73889457,0,0,0,45.98877082208078,0.28327718744373726,1.1309922800276309,0,11.694850906536514,72.404625200586,0,2.092252384799621,888.5979333926283,789.73889457,1,1,0,0,8,10,1,0,2155,0,,5,,0.7677917781115401,1.1254108119942465,27,3.493632945429762,-1.9560243567865536,,,,,,0.7703780180353238,66.27186150354396,45.23809523809524,63.58514266044715,3,40.51215191412837,38.03187891330314,35.961470033988334,10.213816450951976,,,,2293148
2026-02-26,876.39199445,878.5695644,829.77401756,875.48300883,860.8044061859705,865.6673262299157,803.7248108324303,736.7893504521913,602.1313734045622,749.406777887421,0,0,0,0,876.3618319295138,691.5041567566435,96.21462638758305,21.581853236836444,2,31,845.05686274,840.7563586681528,849.3573668118473,823.5543423807635,893.93232041,893.93232041,889.6318163381527,898.2328244818473,915.4348407692365,789.73889457,0,3.5,0,45.39734142731297,0.28476448491434264,0.9694788414965108,0,11.632366525994344,74.01733858390453,0,2.2730106449593563,893.93232041,789.73889457,1,1,0,0,8,10,1,0,2154,0,,6,,0.2723544546836169,0.9583721945678646,28,4.383100940558371,-1.3470008997071004,,,,,,0.9890610262566172,56.499110565248486,29.365079365079364,40.21126578554179,3,40.29569967057135,37.33364926620201,32.3182932978545,18.077986048179547,,,,2796742
2026-02-27,866.73277361,875.37812587,852.38878072,872.62619687,864.7450030806469,873.6968925125122,810.2868475979132,742.1162856058309,604.8228641853128,756.4732609683207,0,0,0,0,875.4304408661734,693.6641380977514,96.64316367510807,29.0434446838733,2,32,872.62619687,840.8573390651596,849.2563864148404,818.792591321277,893.93232041,875.4304408661734,871.230917191333,879.6299645410138,896.4280592403753,789.73889457,1,3.5,0,44.27797765969283,0.28361211052068636,0.7628221573432108,0,11.711341924494794,65.41850297415493,0,0.3957773833431349,893.93232041,789.73889457,0,1,0,1,8,10,2,0,2154,0,,7,,0.33130657775296596,0.7483568893456584,29,4.228037559319954,-0.298013821793855,,,,,,0.8848175894545119,44.99302767693795,19.444444444444443,10.904185055876933,2,40.56927847607291,36.6852931653224,30.731450838073073,17.190348957192068,,,,2456197
2026-03-02,864.03578331,892.56394744,853.04804502,880.19774744,869.895917867098,880.73513518822,816.9450285352548,747.5312448934453,607.5629127749118,763.613138029271,0,0,0,0,876.3710351525658,695.8316853772496,96.73830234387712,20.0354015933581,2,33,880.19774744,825.1620406046125,833.6667971153875,812.1596953538001,893.93232041,893.93232041,889.6799421546125,898.1846986653875,915.1942116869375,786.2173626556,1,3.5,0,44.87351497804363,0.29103424155688484,0.7644220656413,0,11.708668542908399,78.11017333933357,0,0.20186605214092873,893.93232041,786.2173626556,0,1,0,0,8,10,1,0,2154,0,,8,,0.6500932834060407,0.7507487015987409,30,4.120462525684266,-2.343932802602796,,,,,,0.895592070912349,32.19970112842646,11.507936507936508,-20.612211174163576,0,40.5600176106016,36.472101111063225,31.790104528382575,15.764062739134623,,,,2421431
2026-03-03,863.47640754,863.47640754,810.65535295,841.06142144,860.2844190580653,882.3384490082826,819.2418278595162,751.1990949540946,609.8862810203356,770.555970823429,0,0,0,0,868.434958431733,698.2698318874913,97.99388207567677,49.05093874708979,2,34,829.41441886,824.8448676720509,833.983970047949,806.5666629202545,893.93232041,841.56086409,,,864.4086200297454,786.2173626556,0,5.5,5,37.904630357139695,0.2606342628968096,-0.08033857816005201,0,12.510045755292474,60.49742489182839,0,2.82381787166092,893.93232041,786.2173626556,1,1,0,0,8,10,1,0,2666,0,,0,,-0.16579842406083878,-0.10314800369357902,31,6.072801648963763,2.1327259622784727,,,,,,1.3286858975077103,30.925328231639753,10.714285714285714,-28.638364205178245,0,43.336069706355865,34.672029937177236,27.470439933286368,21.905253806992757,,,,3558097
2026-03-04,849.65183501,867.64175923,837.15577992,840.33223517,853.6336910953769,879.8560088862693,821.2504380795623,754.6945122174634,612.179275588989,777.2841877641739,0,0,0,0,865.5408663813744,699.4777158671225,97.73002999190271,53.68845126539686,2,35,829.41441886,824.8990679416365,833.9297697783634,806.8376642681827,893.93232041,841.56086409,,,864.1376186818172,786.2173626556,0,0,3,37.268978006728645,0.2619004455891988,-0.14169438725927408,0,12.181594410777262,57.199682965908245,0,2.8577137288538377,893.93232041,786.2173626556,1,1,0,0,8,8,1,0,2666,0,,1,,-0.1631228461811724,-0.1677846738118526,32,4.426368738073641,0.8882253866028783,,,,,,0.7055482792314693,34.21381194543356,13.095238095238095,-18.921313292030238,1,42.19828087332655,33.11107717638051,26.638104501229442,20.58475227468423,,,,1817473
2026-03-05,829.08478671,843.30891336,790.21306542,814.53102791,840.5994700335846,871.7340318763772,820.6104942538897,757.0410422446217,614.1927258608398,783.6219797438547,0,0,0,0,857.6924484904513,701.1794669059552,92.76963544597854,46.83454826257861,2,36,789.73889457,785.0719986463411,794.4057904936589,766.4044149517053,893.93232041,841.56086409,836.8939681663411,846.2277600136589,864.8953437082946,776.93306521942,0,6.5,1.5,32.618149582994526,0.16309074791497263,-0.6624234067422412,0,11.686204004360368,46.73258532388562,0,4.465213175712336,893.93232041,776.93306521942,1,1,0,0,8,10,1,0,2666,0,,2,,-0.7862569837202988,-0.7040093478493683,0,2.192651374172817,-0.10169549427049362,,,,,,1.2921738344736993,37.11718528277898,16.666666666666668,-8.312327482141237,1,40.482198166334044,31.238222376002728,23.9321671295967,27.474668720699054,,,,3209153
2026-03-06,792.08607525,815.23024762,781.49789108,788.35024423,823.1830614323898,857.5763743383679,817.5380894897097,758.2688540871856,615.9256364913787,789.4136206061748,0,0,0,0,849.8006230138816,702.2425412586068,59.5125669622256,57.18251422414397,4,0,762.8053165176858,758.1705885480383,767.4400444873334,739.631676669448,892.72347038485,893.5147828901858,,,916.6884227384236,767.6546384261516,0,0,0,27.994387231685696,0.15347253247910186,-1.1494997991010971,4,12.167785925555378,9.511349260518138,0,5.60629036776212,892.72347038485,767.6546384261516,1,1,0,0,8,8,1,0,2666,0,,3,,-1.108004770565387,-1.2114799117724118,0,-0.9369746718012122,3.132577723917526,,,,,,1.0991411898354333,39.652143900207314,17.857142857142858,-5.927109110914309,1,42.15044687736682,29.72360658438566,22.376966449001042,27.368197902788072,,,,2678645
2026-03-09,781.65771273,829.56425165,776.13387703,829.17468638,825.1802697482599,845.1364306609172,818.6463368125945,761.0494749614136,618.0475175847978,794.926581946826,0,0,0,0,847.5532694283133,703.8842279321566,74.39707905927025,35.334619313159735,2,0,811.8340376,807.0533047119344,816.6147704880656,787.9303731596721,890.6056874660284,872.62619687,867.8454639819344,877.4069297580655,896.5298613103279,786.2173626556,0,5,0,34.16034573203103,0.1708017286601552,-0.33581048508932143,0,11.966651983683283,85.20889634890759,0,3.295379671291425,890.6056874660284,786.2173626556,1,1,0,0,8,10,1,0,2666,0,,4,,-0.5558610773723153,-0.39113063630336203,1,2.3864434729336415,-5.558644825899729,,,,,,1.1908709764606906,42.83157911018922,19.047619047619047,3.323902804237291,2,41.45369846446867,27.873834019740755,22.821068080371937,24.637196526949516,,,,2878026
2026-03-10,835.02815423,851.96914901,831.17245698,838.2645426,829.5416940321733,835.65118796698,820.514737363776,764.0775168295935,620.2387317640536,800.2199789413812,0,0,0,0,846.7814738784413,705.314336691358,85.7883576025647,18.726388816603187,2,1,811.8340376,807.1912636447427,816.4768115552573,788.6201678237134,890.6092789772293,846.7814738784413,842.1386999231839,851.4242478336986,869.9953436547279,786.2173626556,0,2,1.5,35.151918071263914,0.1872139549797973,-0.20026634831677845,0,11.711346353011702,88.8737908015145,0,3.3934558148378873,890.6092789772293,786.2173626556,1,1,0,0,8,10,1,0,2666,0,,5,,-1.0916349169878217,-0.24852404918104284,2,4.279593709236083,-4.670952079890837,,,,,,1.0052462209115112,53.26283225194568,26.984126984126984,31.288536823755898,3,40.569293816905486,26.25262021333892,26.12938841906974,23.55719322321034,,,,2393625
2026-03-11,835.09807621,851.79933851,831.32228978,846.70512338,835.2628371481155,830.4935509673394,823.0090598415117,767.3178151256878,622.4921286955555,805.3389714613522,0,0,0,0,846.7772035580373,706.3791415744477,92.2224505048014,11.549301313401198,2,2,846.70512338,780.934767569689,789.9227236424883,774.8014747976052,889.7321068505375,846.7772035580373,842.2832255216376,851.2711815944369,869.2470937400357,786.2173626556,1,3.5,0,36.01860719978697,0.18009303599893486,-0.08922197164326082,6,11.613391132323319,88.77576621680322,0,0.5983977770089463,889.7321068505375,786.2173626556,0,1,0,1,8,10,1,0,2666,0,,6,,-0.9354951953225341,-0.1267619282586935,3,5.28853162687916,-3.6735919397225967,,,,,,0.7282487897118628,65.00406174197249,42.857142857142854,61.581195869180995,3,40.22996697870768,24.747207393108642,25.066353231424014,22.598803959871674,,,,1706690
2026-03-12,843.18904712,844.30779866,818.1869481,830.58311466,833.702929652077,827.1178033990806,823.7303983956534,769.7988072642884,624.5626857698286,810.1804909538037,0,0,0,0,845.714587812438,707.5425804772179,94.3811704661008,6.842964029524849,2,3,785.9650867809744,781.5374806107461,790.3926929512027,763.827055929833,889.7939465179329,845.714587812438,841.2869816422098,850.1421939826663,867.8526186635794,786.2173626556,0,2,1.5,32.98634926232153,0.18587099268697446,-0.47259860586438307,6,11.127006715270763,87.529148503992,0,4.690067532885629,889.7939465179329,786.2173626556,1,1,0,0,8,10,1,0,2666,0,,7,,-1.1675139710029343,-0.507710268280909,4,3.9982080510468854,-4.659125409555658,,,,,,0.9278018247279542,72.49023856166139,58.333333333333336,88.06611615393894,3,38.545081934018086,23.028075086108966,23.624815936776802,23.948004315046592,,,,2142896
2026-03-13,832.0614649,844.34775407,801.86516232,804.1226431,823.842834134718,821.7185939905645,821.8629931294007,771.1448400421594,626.3493520119199,814.6085705855907,0,0,0,0,843.0101686950371,708.4919804558979,81.91355490122487,37.65784433161837,4,0,781.3635561849577,776.8728987434065,785.8542136265089,758.9102689772016,851.96914901,843.0101686950371,838.5195112534859,847.5008261365883,865.4634559027933,784.0885270721698,0,0,3,28.38244990867284,0.2037635386021474,-1.0324763689932315,4,11.57446050888678,29.921908451748422,0,3.1445548338531335,851.96914901,784.0885270721698,1,1,0,0,8,10,1,0,2666,0,,8,,-1.4948103124702656,-1.054986904213306,0,1.5347346709512353,1.0903619228261636,,,,,,0.9920608131313675,79.78918641123242,69.04761904761905,98.99980745356089,3,40.095107343182846,21.9236733122181,21.629317060033337,25.170393908367203,,,,2271146
2026-03-16,816.58873162,836.06699495,810.21584342,826.44772952,824.7111325964787,817.8474377993285,822.2996346904101,773.3135808059964,628.3403806438411,818.796499865927,0,0,0,0,841.9613633237401,709.6853671874597,89.46229844485364,20.79548861100611,2,0,782.9605023432324,778.5053887202741,787.4156159661907,760.684934228441,851.96914901,841.9613633237401,837.5062497007818,846.4164769466984,864.2369314385315,787.6808022792934,0,2,0,31.52866741958626,0.19194243597955987,-0.5545342247328564,6,11.751890177990393,88.22128852122405,0,3.0979522637155297,851.96914901,787.6808022792934,1,1,0,0,8,10,1,0,2666,0,,9,,-1.2743927910530284,-0.5640376611797063,1,4.19986662856438,-4.691863046648616,,,,,,1.0238522150334326,85.30498298365697,76.19047619047619,109.54439729649022,3,40.70974174649803,20.89815737931944,20.244603069157698,23.55897934062896,,,,2361357
2026-03-17,826.94747041,843.83883975,817.10250071,843.61895211,831.0137391009858,817.7890222151005,824.3300458732282,776.070654190467,630.4824559818128,822.8753843823223,0,0,0,0,842.0560533995448,710.9693847230649,93.0785581341391,11.179481968004058,2,1,843.61895211,779.6518964623003,788.4031135306514,773.6092155631909,851.96914901,891.8642278499435,887.488619315768,896.239836384119,913.7422705208213,789.7781209822822,1,2,0,33.80530165526691,0.16902650827633456,-0.22497304473555005,6,11.744455828714969,88.91656150179531,0,0.1192719371885795,851.96914901,789.7781209822822,0,1,0,0,8,10,1,0,2658,0,,10,,-0.5008109586337857,-0.2298405960272328,2,4.061424289985993,-5.083334406685909,,,,,,0.9787824373162266,89.65733530140547,78.96825396825396,120.37498980808361,3,40.683988405165536,19.66252437190951,20.72600122940817,22.27368697548105,,,,2259252
2026-03-18,844.09370953,879.76048556,844.09370953,858.03158796,840.0196887206572,822.4365216574588,827.5397165481588,779.2848084559389,632.7466264492574,826.9463678372267,0,0,0,0,842.895406103012,712.3253856691915,95.05558478250444,6.889711189050231,2,2,858.03158796,847.5833916796048,856.3549063403952,809.0076508868386,891.2893128949306,892.3894558322397,888.0036985018445,896.7752131626349,914.3182424842156,801.86516232,1,3.5,4.5,35.60429279172288,0.1780214639586144,0.019202237524133924,6,11.836878562528462,86.79498983707052,0,0.6783976751050833,891.2893128949306,801.86516232,0,1,0,0,8,10,1,0,2658,0,,11,,-0.2817653487435468,0.01736239253740803,3,4.209819767922378,-4.391117729177596,,,,,,0.9422953074455557,93.38609022184721,82.53968253968254,127.74789841483826,3,41.0041501466443,19.148726224517553,26.514004507694303,20.634848819875494,,,,2193134
2026-03-19,841.07025437,877.73152226,829.52615283,876.9419257,852.3271010471047,832.283960050507,832.2446888483341,783.114499328255,635.1764304219016,831.1346168088835,0,0,0,0,844.8261893012208,714.0440884299508,94.32869282708936,3.825511968271371,2,3,876.9419257,847.4662549761509,856.4720430438491,804.8956211584145,895.572297919869,893.9153716330975,889.4124775992484,898.4182656669466,916.4298418023429,801.86516232,1,5,0,38.06273087266652,0.1903136543633326,0.3294069584036187,6,11.855921522706257,88.75359385517251,0,0.25858886640210027,895.572297919869,801.86516232,0,1,0,0,8,10,1,0,2658,0,,12,,0.3922245665108277,0.32574771775169387,4,3.13737741174727,-6.053651956218283,,,,,,1.0588123783863002,95.31074817011981,83.73015873015873,132.06836350635095,3,41.07011689575321,18.161970043299437,23.979687187159033,21.551015884625603,,,,2509526
2026-03-20,877.32173164,891.53446963,843.81884997,850.63536706,851.7631897180698,841.3180247933226,833.9961820113499,785.7623764942058,637.3203004382011,835.2613594182419,0,0,0,0,845.355694062801,716.5204074050539,96.99511657230661,59.22038178490662,2,4,797.5461885461061,788.3316064178864,804.1226431,769.902442161447,851.96914901,851.96914901,847.3618579458902,856.5764400741099,875.0056043305493,801.86516232,0,0,5,33.470621675651984,0.16735310837825992,-0.2955270848321892,6,12.289650889349678,51.231667204262294,0,1.968725935573473,851.96914901,801.86516232,1,1,0,1,8,8,2,0,608,0,,13,,0.4260263113622193,-0.2920807250864714,5,4.192562477555793,0.937444488671989,,,,,,1.770691835279034,96.3102019911229,85.31746031746032,126.22579577695569,3,42.572599495275355,17.656814010296703,24.43720949164841,19.558211624315167,,,,4438066
2026-03-23,865.24290333,920.15984347,859.5608066,882.18924458,861.9052080053799,851.4523329165228,838.5859974940785,789.5438223014919,639.7568073450847,839.5115378422636,0,0,0,0,847.7293835852303,718.7594890699191,94.82471900470641,36.214885406543814,2,5,882.18924458,847.0701959110944,856.8681021089056,820.3691818087552,900.8232110838933,900.8232110838933,895.9242579849877,905.7221641827989,925.3179765784213,804.1320279971201,1,2,7.5,37.894467780808995,0.189472338904045,0.296035785336231,6,12.781980032181862,51.24567761920502,0,0.30142263965090493,900.8232110838933,804.1320279971201,0,1,0,0,8,10,1,0,616,0,,0,,0.2573791583044635,0.29551676171431374,6,3.2257694050275405,-0.05042474661605856,,,,,,1.2888735889421044,96.30099017216945,84.92063492063492,117.49135290128766,3,44.27807767413971,17.947000777099472,26.55783966522206,17.079959064089127,,,,3353891
2026-03-24,863.68869745,913.11344383,859.57080149,908.94557341,877.58532980692,864.3156179931453,845.286909486071,794.2262439135902,642.4353025298102,844.0118482298337,0,0,0,0,850.8356942179588,720.8680232757043,89.12768493748834,21.455293125082903,2,6,851.96914901,846.9420618258376,856.9962361941624,826.8337130891883,907.2653939155821,920.15984347,915.1327562858377,925.1869306541624,945.2952793908117,804.1320279971201,0,3,0,41.48437513173915,0.20742187565869577,0.7243688258857484,0,11.872233252202815,63.633653298033465,0,2.199931804635931,907.2653939155821,804.1320279971201,1,1,0,0,8,10,1,0,584,0,,1,,0.5159425389884231,0.7187729974050318,7,1.7152816102008517,-3.072534040436665,,,,,,1.0594107417334813,87.07102347095109,75.39682539682539,111.71450127229636,3,41.12662238424792,18.216459917702043,24.032277256967284,15.455711644473821,,,,2782041
2026-03-25,926.52659037,947.89567182,920.42970558,923.21828075,892.7963134546133,879.7387747070501,852.7089448445404,799.2847551620769,645.2291630096131,848.7841913101139,0,0,0,0,854.4301753641208,723.1521477407806,86.59007098896521,13.978379324894021,2,7,797.8590621282815,,,772.78017080851,851.96914901,947.89567182,942.8798935560457,952.9114500839543,972.9745631397715,828.93859527572,0,0,9.5,43.08378072121411,0.21541890360607058,0.8560675964959547,0,11.933190304169502,64.26199544871446,0,2.1575948550428787,851.96914901,828.93859527572,1,1,0,0,8,10,1,0,616,0,,0,,0.5891426907739323,0.8469005561725284,8,1.776181762088497,-3.114557527044574,,,,,,1.079211200529222,77.47306192199972,63.095238095238095,87.41464778275837,3,41.33778380641976,19.272881861013595,28.55757419609597,14.38409064835234,,,,2864889
2026-03-26,914.53271865,916.79516265,870.5651839,872.67410635,886.0889110864089,890.8659008138715,854.6103887974413,802.1627689341523,647.4922967741941,853.47368989815,0,0,0,0,855.3321764885776,724.8992729267944,84.81004857655334,41.0814161217622,2,8,828.93859527572,823.8109699516017,834.0662205998383,803.3004686551285,916.9320371433726,916.8672694235441,911.7396440994258,921.9948947476624,942.5053960441356,828.93859527572,0,0,3.5,34.77752719185409,0.17388763595927048,-0.2767914683161038,0,13.311169799435113,26.101171530190644,0,3.4321322758808686,851.96914901,828.93859527572,1,1,0,0,8,10,1,0,616,0,,0,,0.0961464574741016,-0.2893888057296447,9,1.6770090212448174,1.4563486713994225,,,,,,1.1260280637347682,70.33641366532302,49.6031746031746,52.53635846952549,3,46.11124480159607,18.52403585975865,25.939325311548338,21.748062730024362,,,,3000650
2026-03-27,867.11194834,877.94141501,845.56795626,852.72429972,874.9673739642726,895.2287097476262,854.4307612662564,804.145574063009,649.5344062562419,857.9461651404945,0,0,0,0,855.2292115228253,726.1291017335584,84.32937585053955,69.71425456498568,1,0,850.772165208718,845.7217500974831,855.8225803199529,825.5200896525438,893.93232041,855.2292115228253,,,880.4812870789995,804.1320279971201,0,0,3,31.28239112611372,0.15641195563056862,-0.7007302947271034,0,13.506166265803552,9.3213879507896,0,1.709172582874252,851.96914901,804.1320279971201,1,1,1,0,19,15,1,0,616,0,,1,,0.21266178970990599,-0.7240319386700675,0,2.1960182309404312,5.447956581110608,,,,,,0.9354998195453134,62.275471870612854,38.888888888888886,33.10498234959411,3,46.786732375689134,17.268568387855858,24.45474847924676,24.92259448485446,,,,2494731
2026-03-30,860.20047976,862.26932268,806.58787317,816.93258753,855.6224451528484,889.8512398143652,850.8595066247082,804.6470255715185,651.2000598012545,861.9861480355071,0,0,0,0,853.5870408001506,727.1097308350662,44.29628047092711,54.367347044429515,4,0,805.9224291682051,800.7356021942905,811.1092561421196,779.9882942986326,893.93232041,851.3889858872725,846.202158913358,856.575812861187,877.323120756845,782.4354090444934,0,0,3,25.450324402508016,0.1272516220125401,-1.3996205406454254,4,14.081809913328387,1.7318780202745359,0,2.658796107506926,893.93232041,782.4354090444934,1,1,0,0,10,8,1,0,616,0,,2,,-0.6852908554340196,-1.427852517188595,0,-3.7087818137938733,4.582944144773006,,,,,,1.0534452592685875,54.41597584319796,28.174603174603174,11.55198974653946,2,48.780820464823705,17.02722310870528,22.110768222050698,29.243778389701365,,,,2830824
2026-03-31,826.70759298,872.87400421,823.58918633,872.4542187,861.2330363352322,884.0202979189074,852.916145869974,807.3061311844001,653.401593720645,865.944901784559,0,0,0,0,854.5290175812611,729.0082239642966,65.45285024040363,43.41204259872052,2,0,853.1284677576745,850.63536706,863.7601002928013,829.3721019897462,914.5196291368816,891.53446963,886.2186533624365,896.8502858975635,918.1135509678173,828.93859527572,0,3.5,0,33.52496031299988,0.1676248015649994,-0.24801842300310045,0,14.972978035847357,72.93456810203429,0,2.5841983567236864,914.5196291368816,828.93859527572,1,1,0,0,8,10,1,0,616,0,,3,,-0.11903485461580383,-0.26582407652755896,1,2.0491428157517166,-4.049757748708237,,,,,,1.2931507329294833,51.20666640501018,25.396825396825395,-1.2748747695505065,1,51.867917397400944,16.503183084152997,21.814416165645838,26.496017358796117,,,,3469215
2026-04-01,888.03625704,912.15393409,887.03676773,894.3230448,872.2630391568215,881.6779948636646,856.859660053786,810.7185591693255,655.7988220895938,869.9329506802821,0,0,0,0,855.8937552747433,730.5300304030517,72.91365808203057,66.84607423137722,2,1,853.1284677576745,850.63536706,863.7096214579709,829.4730596594072,919.9783187707044,919.9783187707044,914.6877419205562,925.2688956208526,946.4312030214454,828.93859527572,0,2,5,36.37155400041562,0.3318577700020781,0.13050165629666743,3,15.142224855999846,13.45336811802241,0,2.8259859536275225,919.9783187707044,828.93859527572,1,1,0,0,8,8,1,0,616,0,,4,,-0.02083208045460543,0.1201380701986161,2,1.439820080466179,3.41165653002136,,,,,,0.9088069929823203,47.77972467201369,23.015873015873016,-8.911546475077671,1,52.45420558044811,15.636758687450863,26.981903705880214,24.720818774078936,,,,2467657
2026-04-02,868.55621039,912.53374003,865.50776799,898.11110929,880.8790625345476,882.6509631997696,860.788369504854,814.1457179975873,658.2098896239262,873.9460669590219,0,0,0,0,857.0044338662137,731.7366738928303,74.6521371940716,67.01771208348154,2,2,851.0838279716087,845.7512747175425,856.4163812256749,824.4210617012777,924.810814795241,947.89567182,942.5631185659338,953.2282250740661,974.5584380903309,828.93859527572,0,3.5,3.5,36.447525849716925,0.33223762924858463,0.11772356655180417,3,14.706791985076785,21.49843960523224,0,2.7651664525774318,924.810814795241,828.93859527572,1,1,0,0,8,8,2,0,552,0,,5,,-0.25622704315147893,0.10609042729550099,3,1.125620824345184,1.3956821227929672,,,,,,0.7330821914838139,43.97221848537372,20.634920634920636,-13.68827340062833,1,50.94582186899947,14.731981555720836,24.85740170038627,26.379062614080947,,,,1944149
2026-04-06,901.36944444,911.03440612,886.54711792,896.90172722,886.2199507630318,885.8203768829113,864.2277369062965,817.3910516925839,660.5849327840862,877.9520845881444,0,0,0,0,857.7390895522542,732.5803245412575,79.36217183146869,66.8476838490131,2,3,851.0137027013948,845.56795626,861.3542888910891,824.8867838806112,925.0774307838675,947.8956718199998,942.7253787251527,953.065964914847,973.7471372942357,833.44117064636,0,3.5,2.5,35.77386990041364,0.3288693495020682,0.01021007236661626,3,14.190634715689873,25.347428207569397,0,2.834767030529303,925.0774307838675,833.44117064636,1,1,0,0,8,8,1,0,552,0,,6,,0.11374658978765187,-0.011052551829337346,4,1.7781472351680543,1.364855631977829,,,,,,0.5357723521147851,39.56676073459018,17.857142857142858,-19.510718094167316,1,49.15780063845117,13.891831361971521,23.806255227341808,25.26356957248202,,,,1386258
2026-04-07,893.73334611,910.4746921,878.75100135,910.28488908,894.2415968686878,890.2393546790354,868.6141323514112,821.0339472764042,663.0695094636475,882.0156549726343,0,0,0,0,858.6977668310939,733.4917071093745,82.62120351647839,62.900600427140674,2,4,851.0137027013948,845.56795626,861.1821700695039,825.2310215237818,930.7744912363332,947.89567182,942.8114381359454,952.9799055040545,973.3168402402727,833.44117064636,0,3.5,0,37.28347874362725,0.3364173937181363,0.1994649194873621,3,13.456470354812746,29.505194799234918,0,3.093580065838712,930.7744912363332,833.44117064636,1,1,0,0,8,8,1,0,552,0,,7,,-0.1874583008734673,0.1753988965386235,5,1.9671708495095335,0.9227255065703012,,,,,,0.5566267690904535,35.82204155881706,15.079365079365079,-23.15271095771386,0,46.61458069016014,13.310597775394006,22.47998730197169,25.225212177704925,,,,1399055
2026-04-08,949.5148445,962.22804868,930.07477742,935.59195841,908.0250507157918,897.7052036110366,874.9929729284196,825.526418301251,665.7811756223176,886.2754716325502,0,0,0,0,935.5919584099998,735.2082965574168,78.44766329020037,61.34027204639412,2,5,850.1296632242776,,,824.8285468763688,941.1370094107932,945.4631740515176,940.2783217056099,950.6480263974254,971.3874357810565,851.6185289922801,0,0,9.5,40.52544479580477,0.3526272239790239,0.5925012147350754,3,13.636787389120556,21.7642710448219,0,3.5969695935585766,941.1370094107932,851.6185289922801,1,1,0,0,8,8,1,0,552,0,,0,,-0.2323775866659164,0.5809144284503253,6,0.9736869928830201,0.9684059059938899,,,,,,0.9308004537293832,37.75321789293639,17.857142857142858,-20.08077162422082,0,47.239217219942674,13.234788083286189,29.3813652804091,22.96885018546849,,,,2336882
2026-04-09,943.07813334,978.92981489,940.27956328,967.52564187,927.8585811005279,910.6599831300882,883.8056080657129,831.0950153039471,668.7836081222946,890.874081699423,0,0,0,1,950.5581581510284,736.9358589505568,87.10678984480148,45.83182010692057,2,6,947.89567182,942.6942209230856,953.0971227169143,921.8884173354281,1027.8763056345,978.92981489,973.7283639930856,984.1312657869144,1004.9370693745718,862.16344140786,0,3.5,12,44.66946111111578,0.37334730555557893,1.0782189043659585,3,13.918662150834862,58.70802192234542,0,3.07532015199631,957.9329699385983,862.16344140786,1,1,0,0,15,10,1,1,552,0,0,1,,0.012099351224253508,1.071859019049471,7,3.718319900506371,-0.6692618024063078,,,,,,0.8152574996237655,39.36504758282908,18.650793650793652,-18.35630259462267,1,48.215660037263774,13.51452616673754,30.06258185199004,21.26015672841966,,,,2061251
2026-04-10,972.61304245,998.91960109,969.51472554,990.81374279,948.8436349970186,929.5942977686818,893.9968589918356,837.3584948132041,671.987888069237,895.9014765696234,0,0,0,1,963.8356023579986,738.9030145867315,91.67515681851674,53.59848058349377,2,7,990.81374279,942.7854499226867,953.0058937173133,922.3445623334334,,998.91960109,993.8093791926867,1004.0298229873133,1024.4707105765667,877.45143475636,1,2,15,47.44517875713757,0.4062357779457193,1.336321346585666,3,13.740216596368235,44.07618831753193,0,0,,877.45143475636,0,1,0,0,15,8,2,3,552,0,0,2,,1.1520790732802517,1.3243573961061037,8,3.8845337952513814,1.0569159846250842,,,,,,0.8557534967405661,43.11957938530634,21.03174603174603,-9.407902739938466,1,47.597506503821776,14.171752416182196,31.906217112590873,20.094005778640874,,,,2164566
2026-04-13,997.49033138,1006.86554111,986.65586726,990.61384493,962.7670383080124,950.8871367343199,903.1984767002322,843.3685085432745,675.1582956001898,901.3068931039444,0,0,0,1,969.1794962237409,740.3686930615804,93.36569289394055,53.06726545641274,2,8,947.89567182,942.9700222559769,952.821321384023,923.2674239998845,989.8575067758381,1006.86554111,1001.9398915459769,1011.791190674023,1031.4937889301154,892.68360736878,0,0,12,46.723198305574,0.4443060315768006,1.1060114435105781,3,13.08758603922159,44.81250942762147,0,1.7038091894448648,989.8575067758381,892.68360736878,1,1,0,0,15,8,1,3,552,0,1,3,,1.4855203203914442,1.0932152704621099,9,3.5017869251802285,0.5753721843973123,,,,,,0.6550787060864719,45.22586236475076,23.80952380952381,-0.24453809751292044,1,45.33672793672183,14.936317473376434,32.17771821546288,19.3578931062918,,,,1636176
2026-04-14,999.48931,1005.78109521,978.50003449,986.99569363,970.8432567486749,970.9145718752956,911.1791640268767,849.0009471741265,678.2611552820784,907.0268980093934,0,0,0,0,972.7128201283441,742.1361383252681,90.06580463504878,64.10787418208099,2,9,947.89567182,943.0782734684071,952.7130701715928,923.8086800620356,1000.9208898008521,1003.367192150543,998.5497937989502,1008.1845905021358,1027.4541839085073,892.68360736878,0,2,9,45.51853455613621,0.510885633783253,0.8363640882736633,3,13.032418949099842,22.219853067824896,0,2.2014047463324005,1000.9208898008521,892.68360736878,1,1,0,0,15,8,1,3,552,0,2,4,,2.0663436880205754,0.825124601553577,10,2.0672243755209765,1.915396170405927,,,,,,0.8175066312355874,45.96716922926121,25,1.8197681951903588,2,45.145623530728635,15.378970042400425,30.550724355324004,19.890707780562387,,,,2028253
2026-04-15,984.59691928,1003.47727235,973.18275136,985.41650052,975.7010046724499,986.8795984534212,918.2493865500313,854.350576717102,681.317427373998,912.9869867313249,0,0,0,0,975.0509836839707,744.1031286781451,89.36100024396364,76.12179306594075,2,10,947.89567182,943.1518865561102,952.6394570838897,924.176745500551,1006.86554111,1009.1120879470659,1004.3683026831761,1013.8558732109557,1032.831014266515,892.68360736878,0,2,5,44.63397836718945,0.3782790987276905,0.6344240059422357,3,13.011701606626756,16.5693830888834,0,2.486194716227354,1006.86554111,892.68360736878,1,1,0,0,15,8,1,3,552,0,3,5,,1.040873655133946,0.627934529970882,11,2.301458955335555,3.1137932318606465,,,,,,0.9289439969400116,44.910918853774696,23.015873015873016,-0.3614904734110189,1,45.073856551206255,15.611705301276832,28.808746790474167,19.757354449717656,,,,2306947
2026-04-16,982.13817558,988.49492759,969.02487583,977.82038176,976.4074637016333,997.524971257339,923.9228146652664,859.1925298560391,684.2677055270926,919.0682500812907,0,0,0,0,975.3297099328381,745.2464603269289,93.55949556666704,85.21461406094312,2,11,860.5657262328433,,,837.6718101969263,1006.86554111,1006.86554111,1002.2867579028166,1011.4443243171834,1029.759457145917,892.68360736878,0,3,7,42.9002675212888,0.364501337606444,0.3433611732871239,3,13.062393411789172,23.851826287551823,0,6.390335958585471,1006.86554111,892.68360736878,1,1,0,0,15,8,1,3,104,0,4,0,,0.5694551222575195,0.3401781726666639,12,4.5934967406590665,4.183198804857628,,,,,,0.5739485525206173,42.7137996623029,20.634920634920636,-5.603732196255662,1,45.24945811534363,15.68327223423327,27.71498343642863,19.818020206893607,,,,1402664
2026-04-17,988.14510633,1008.97446355,976.71094863,1002.2379056,985.0176110010889,1006.4856594535873,931.3813947542886,864.8021524342336,687.4315881148827,925.3319501740467,0,0,0,0,1002.2379056000001,747.3169108290632,94.28938133034015,51.46098624997582,2,12,1002.2379056,986.2739484286868,995.3535371513132,940.3925937394947,1029.5886104936826,1008.97446355,,,1031.6734353565657,892.68360736878,1,3.5,0,45.79456675076548,0.2289728337538274,0.6853662884203534,0,13.100625586124861,64.40910581466002,0,0.4422437864873786,1006.86554111,892.68360736878,0,1,0,0,15,8,2,3,104,0,5,1,,0.8588705484835022,0.6784659318650438,13,3.4913368432906635,-1.6084018793722636,,,,,,0.9564440787177665,40.3432658343702,20.238095238095237,-11.102736139060768,1,45.38189825221012,16.243914590911242,29.984144616124308,18.560491978776934,,,,2328796
2026-04-20,1005.7161284,1009.37415933,989.67432498,989.67432498,986.5698489940593,1012.3693501460779,936.9331023948325,869.6991003772048,690.4389785314511,931.6297564358517,0,0,0,0,996.7523059333602,748.8207933948958,94.8609090091519,55.084283876412165,2,13,872.6691209721016,,,846.4701244554798,1006.86554111,995.4291957207607,991.0377810071307,999.8206104343908,1017.3862692889111,911.11859107246,0,0,4,43.33986865646203,0.21669934328231016,0.2989270085609177,0,12.684159624255456,41.787327733826146,0,5.122196953335906,1006.86554111,911.11859107246,1,1,0,0,8,8,1,3,104,0,6,2,,0.7019753281980773,0.29189899400887553,14,3.612584876376242,0.9091866182047403,,,,,,0.7836402260292831,36.26227272291331,15.476190476190476,-17.47173822234776,1,43.93921784104841,16.774019570776595,28.86444137538394,17.81707995196646,,,,1804871
2026-04-21,993.49237414,1015.48113896,983.58743508,990.793753,987.9778169960396,1015.5905185722677,942.0626881667532,874.4479102839811,693.4275832525311,937.9161188922226,0,0,0,0,994.7379499252414,750.5644085281155,88.02978670913761,52.24255686591617,2,14,969.02487583,964.6623683827007,973.3873832772994,947.2123385935033,1006.86554111,994.8442855026507,994.7379499252414,1003.5693003972494,1021.0193301864468,921.76485553966,0,0,5.5,42.88352193212001,0.21441760966060006,0.20919821904534325,0,12.325903006726103,27.771488199247894,0,1.7348126387005067,1006.86554111,969.02487583,1,1,0,0,8,8,1,3,104,0,7,3,,0.51179017259238,0.201915764841282,15,1.5106278526512131,0.40804272918841283,,,,,,0.9420232428569861,30.472448938374352,10.317460317460318,-28.632909946487846,0,42.69818051363119,17.41809487297543,28.230189525485827,16.65405968605984,,,,2111121
2026-04-22,1075.61041585,1141.41679202,1073.67140659,1126.98416638,1034.313266790693,1030.8419340714304,959.6742575203957,884.3512928759818,697.7415791045457,944.9656409841162,0,0,0,0,1126.98416638,755.8653318312737,99.95409790060137,0.5904086103535027,2,15,1126.98416638,,,980.4909044825549,,1141.41679202,1136.0210436848292,1146.8125403551708,1168.395533695854,1001.87871849382,1,1,0,61.51884883029724,0.43836113582136854,2.58347864738499,2,17.30700085085917,99.14389478865222,0,0,,1001.87871849382,0,1,0,0,11,10,1,3,104,0,8,4,,2.010579577803503,2.5313899128001784,16,9.807940645388285,-6.3949186983081505,,,,,,1.8106447540351007,59.368000159516875,37.698412698412696,-0.9761102783869786,1,59.953209600651725,20.04161440844874,42.03313453721771,12.503164047438172,,,,4184734
2026-04-23,1147.30378406,1181.34638995,1132.91113799,1148.94294652,1072.5231600337954,1055.1867223505328,977.6998469489295,894.7274361561394,702.2311449494756,952.7823536085302,0,0,0,0,1136.2820979635114,759.888911140692,60,13.764443748891251,2,16,1026.55521001456,,,999.0766363347491,1118.4035134576357,1181.34638995,1175.850675214038,1186.842104685962,1208.824963629811,1026.55521001456,0,0,0,63.61321407962682,0.4239573371489587,2.556330145747657,2,17.32186567688913,96.71512378036509,0,3.342542612048242,1118.4035134576357,1026.55521001456,1,1,0,0,17,10,1,3,104,0,9,5,,1.7760190228954853,2.520394286836366,17,7.148700785574744,-5.543279575169544,,,,,,1.323743855638882,80.86490456805224,67.46031746031746,34.76427796876626,3,60.00470286851086,22.855746718976363,44.807934699702955,11.398894903310614,,,,3073204
2026-04-24,1160.4270787,1166.40402477,1124.44546354,1148.60312016,1097.8831467425302,1083.8653274311157,993.9763491595075,904.6833453327614,706.6726571406251,961.2308126076293,0,0,0,0,1140.392717005272,764.5373219192084,60,1.6271752127485608,2,17,1026.55521001456,,,999.1662415426821,1147.8197310996093,1181.34638995,1175.8685962556244,1186.8241836443756,1208.7353584218781,1026.55521001456,0,2,0,62.536799542738265,0.3785300218046461,2.1426422355208405,2,15.882442882757044,95.58925514417143,0,4.42749500440512,1147.8197310996093,1026.55521001456,1,1,0,0,17,10,2,3,104,0,10,6,,1.4201015260609717,2.1426079908793607,18,6.932057626113687,-5.0292254425714304,,,,,,1.544140806464032,94.69161132323694,82.14285714285714,72.10900014261544,3,55.0183960424918,25.176463509618014,41.74348977804179,11.999185816484376,,,,3633758
2026-04-27,1134.65524684,1139.4178134,1084.39592688,1119.65790974,1105.1414010750202,1109.3915951496922,1005.9460215957449,913.1137204075551,710.7819631366388,970.0177869648123,0,0,0,0,1134.9818565213302,768.9756872294469,99.37904345995214,18.99207667219748,2,18,1026.55521001456,,,998.2562038763876,1164.2275836669996,1134.9818565213302,1129.3220552936957,1140.6416577489647,1163.2808626595026,1026.55521001456,0,3.5,0,57.52480617248865,0.3114429707385241,1.3185306493158215,1,15.942560031299484,82.05115803489129,0,4.86491903568068,1164.2275836669996,1026.55521001456,1,1,0,0,8,10,1,3,104,0,11,7,,1.048329296786424,1.3405992333910592,19,6.327247259159256,-1.494033458416593,,,,,,1.588657652566482,104.24520643264744,93.25396825396825,88.7588877741592,3,55.22664795385515,26.0478399870597,37.5153120171434,17.101774817448508,,,,3845840
2026-04-28,1089.4433479,1091.27241334,1049.95362521,1088.37389434,1099.5522321633468,1125.4074269968114,1013.7962951904359,919.9866684049059,714.5390967804533,978.8676371788723,0,0,0,0,1124.633597486769,773.2825436120063,99.52170053879819,30.51952262974002,2,19,1026.55521001456,1020.6773206198816,1032.4330994092386,997.1657630411678,1166.4921243258043,1124.633597486769,1118.7557080920906,1130.5114868814476,1154.0230444601614,1026.55521001456,0,3,0,52.31831249597948,0.2838137847021196,0.578621750268323,0,15.460342760411308,79.10685900193407,0,4.761468102408866,1166.4921243258043,1026.55521001456,1,1,0,0,8,10,1,3,104,0,12,8,,0.6964434712168454,0.5990180703099078,20,6.677191961379719,-0.6569056625290014,,,,,,1.6894436997372877,110.7471955579459,95.23809523809524,106.78688745214838,3,53.5561983269241,25.907440796259547,33.54313490759075,20.522832709655365,,,,4205987
2026-04-29,1091.23243376,1106.93441083,1046.96505222,1062.56708035,1087.2238482255646,1131.1498331683877,1018.4411318722991,925.5780571086351,718.0020617910956,987.5655296911118,0,0,0,0,1114.4433597880713,776.6929884630218,99.22513488028386,25.55583268022852,2,20,1002.1433826773209,996.1499018232445,1008.1368635313974,972.1759784069387,1168.3859078383866,1114.4433597880713,1108.449878933995,1120.4368406421477,1144.4107640584534,1001.87871849382,0,5,1.5,47.98941909712182,0.2666137621522758,0.016079478735952252,0,14.915694523094952,76.0678286761823,0,5.547444939212466,1168.3859078383866,1001.87871849382,1,1,0,0,8,10,1,3,104,0,13,9,,0.3831939088830823,0.03065201235583784,21,6.14853003524782,-0.7422148927804447,,,,,,1.48716858482845,114.8259739068986,96.03174603174604,122.23171318794523,3,51.66948148835458,26.022414496988056,32.87967514781751,18.689380627624082,,,,3721142
2026-04-30,1078.67884803,1093.44120519,1066.06529294,1082.90668781,1085.7847947537098,1131.9368288873113,1024.5807086282707,931.747807332218,721.6329535922787,996.1922148842854,0,0,0,0,1110.1901115086757,780.0827638558031,99.08415008061499,31.74872530977775,2,21,1082.90668781,1020.7141731068463,1032.3962469222738,997.350025475991,1172.7040562521233,1110.1901115086757,1104.349074600962,1116.0311484163894,1139.3952960472448,1026.55521001456,1,2,2.5,50.06336426562918,0.43142793243925703,0.2793364071351291,3,14.866051146898227,68.00997468532024,0,1.0495660535652827,1172.7040562521233,1026.55521001456,1,1,0,0,8,10,1,3,104,0,14,10,,0.7679039313275725,0.29415900787112126,22,5.612356360696106,-0.21603597310979059,,,,,,1.382626321790903,115.2337325569868,96.03174603174604,123.76563168687565,3,51.49751178869061,26.129175790521668,31.327952135443645,17.807354212322846,,,,3533224
2026-05-01,1088.27394541,1093.12146856,1061.45764722,1062.40716206,1077.9922505224731,1127.3754915410248,1028.183228002721,936.8717035960526,725.0237417362362,1004.5698578648025,0,0,0,0,1106.9742549941784,781.7450568235365,92.59254223362919,48.51841206786547,2,22,1001.87871849382,996.17218581755,1007.5852511700899,973.3460551124701,1172.5940408070871,1106.9742549941784,1101.2677223179085,1112.6807876704484,1135.5069183755284,1001.87871849382,0,0,5.5,46.534120319401076,0.41822615715256095,-0.16527947435599674,3,15.13439243834729,24.00974884826761,0,5.983154114692776,1172.5940408070871,1001.87871849382,1,1,0,0,8,10,2,3,104,0,15,11,,0.15987947784665585,-0.14892249611492855,23,1.9915981972003998,1.2823028858558319,,,,,,0.7405245473288303,112.08191216576748,94.84126984126983,113.78632285307776,3,52.42707328980746,26.08984326841291,29.775904659396495,17.646066144761544,,,,1890378
2026-05-04,1071.72240243,1098.33880276,1065.8354104,1073.40154447,1076.4620151716488,1120.684404297101,1032.489734332938,942.2258150028741,728.4901875345821,1012.7255452967394,0,0,0,0,1104.8228291622854,783.4817208164291,91.84029972644828,42.43807432720896,2,23,1073.40154447,1020.9354685946308,1032.1749514344895,998.4565029149138,1171.006128035434,1104.8228291622854,1099.203087742356,1110.4425705822148,1132.9215362619318,1046.96505222,1,0,2.5,47.346053912228534,0.4267302695611427,-0.04024211667218558,3,15.100290097061597,42.21023673897916,0,1.3023487817228345,1171.006128035434,1046.96505222,1,1,0,0,8,10,1,3,104,0,16,12,,0.5032751259701452,-0.020094559554633826,24,2.6592459169256646,-0.3064943352714119,,,,,,0.7455460880784335,108.06343617704238,93.65079365079364,106.58693828177539,3,52.30893931427971,26.15007142724905,28.90498938504434,16.638692474517278,,,,1923213
2026-05-05,1092.94156048,1109.38315963,1087.44436928,1094.65068721,1082.5249058510992,1114.5273545769476,1038.4098250831344,948.203260971781,732.133575591054,1020.7379960902236,0,0,0,0,1104.1648208850627,785.4686416313333,95.10859260212628,39.67098933880486,2,24,1094.65068721,1041.4254564804228,1052.5046479595771,1019.2670735221141,1170.8232261277944,1104.1648208850627,1098.6252251454855,1109.7044166246399,1131.8627995829486,1046.96505222,1,2,5,49.515160034326335,0.44202024461607614,0.24320551727306275,3,15.12726973927992,63.40608264359146,0,1.0104654737457288,1170.8232261277944,1046.96505222,1,1,0,0,8,10,1,3,104,0,17,13,,0.79019598596295,0.26706029344712423,25,5.0326120329295225,-0.27512205017211877,,,,,,0.7942154984533267,103.01814451095765,90.07936507936508,96.59051001905516,3,52.40239953646404,26.413919252577063,29.00876739806316,15.673744821925697,,,,2075628
2026-05-06,1113.43109134,1124.85525415,1068.7239345,1118.38855832,1094.4794566740661,1110.2755560426863,1046.026847296169,954.877194201123,735.976908752536,1028.7013080668246,0,0,0,0,1105.1095322412548,787.7903026392254,96.04567500727917,34.29819745326762,2,25,1118.38855832,1041.3199693935176,1052.6101350464824,1028.0672330962818,1174.520044856941,1178.1434606242071,1172.4983777977247,1183.7885434506895,1206.368874756619,1046.96505222,1,2,0,51.95973474434719,0.4586875626106248,0.5404379742816936,3,15.06348258589979,60.11549983748227,0,0.62146438172722,1174.520044856941,1046.96505222,0,1,0,0,8,10,1,3,104,0,18,14,,-0.730939426301689,0.5651133309542682,26,4.186919786986166,-0.7586795426522355,,,,,,0.8743838161523239,98.72864788033247,84.52380952380952,89.20263327350901,3,52.18143435541489,26.030177569132224,26.433358527186993,17.24315033026768,,,,2282777
2026-05-07,1114.35062151,1115.26015678,1039.88866791,1045.09600722,1078.018306856044,1100.524429733229,1045.9381958603435,958.4151868685299,739.0527206775854,1036.1060040134983,0,0,0,0,1100.9066548928147,789.8088190966117,94.37573440255203,90.04231824238836,2,26,982.3118293984211,976.3690748951695,988.2545839016726,952.5980568821636,1172.49843101156,1045.09600722,1041.0222977167484,1052.9078067232515,1140.180079272024,978.7401334900001,2,0,4,41.410210392274195,0.46245877335725805,-0.8063685610186548,3,16.64084865572062,20.783369409584154,0,6.400621176899737,1172.49843101156,978.7401334900001,1,0,0,1,8,5,1,3,104,0,19,15,,-1.8432617711670962,-0.7922986289949379,0,3.320258146899697,3.035913964357202,,,,,,0.9814878739410292,96.95426082148629,82.93650793650794,68.19024600984893,3,57.64559070554473,24.799875095948718,23.31579304348822,19.541779645105944,,,,2588259
2026-05-08,1066.79492014,1068.74892174,1033.90172694,1039.6188058,1065.2184731706961,1087.3413712584093,1045.33634918793,961.5996425129013,742.0434279922363,1042.8992981973004,0,0,0,0,1098.0171008768198,791.1857915688907,77.29751176686779,78.98611134762427,4,0,966.3608900065398,961.5996425129013,978.019705419721,938.2820116865386,1171.560119724631,1062.40716206,1056.5777543534093,1068.2365697665907,1091.5542005929533,978.7401334900001,0,0,5.5,40.10215124644661,0.46081147425344415,-0.8905344369340108,4,16.52805625663037,7.169609507161169,0,2.870515592018279,1171.560119724631,978.7401334900001,1,1,0,0,8,8,1,3,104,0,20,16,,-1.8824057441696886,-0.8761655678813375,0,0.9465012946057998,3.990222132857928,,,,,,0.6978989771430245,98.24775784991373,83.33333333333333,71.59721797041257,3,57.25486637368093,23.48567081160772,22.07134846089316,19.4157528360293,,,,1828693
2026-05-11,1041.24797337,1085.6752732,1030.62340201,1072.53198877,1067.6563117037974,1076.8222455828984,1047.926410100508,965.949930601415,745.3318713830598,1049.331367959145,0,0,0,0,1096.4681570085027,793.2983455654147,86.54617372502058,54.605523771780824,2,0,1054.4590172894116,1048.554461283381,1060.3635732954422,1024.9362372592584,1124.85525415,1096.4681570085027,1090.563601002472,1102.3727130145332,1125.9909370386558,1001.87871849382,0,3.5,0,43.899922967171385,0.3893982140439193,-0.31903391791715785,3,16.77128592059696,55.30763035704021,0,2.384471814263057,1124.85525415,1001.87871849382,1,1,0,0,8,8,1,3,96,0,21,17,,-1.1591887936644991,-0.30622908903841534,1,3.7278605427390428,-0.6754792110919839,,,,,,0.9421840593259979,102.32258481833149,89.28571428571429,76.1223682213011,3,58.097438645477006,22.68688963605196,22.79349982202239,17.79945626791208,,,,2509952
2026-05-12,1053.46173274,1076.13005034,1032.75731168,1071.43255053,1068.9150579791983,1069.6216372941963,1050.165090141412,970.0865039319477,748.5766542601438,1055.4365360345028,0,0,0,0,1095.2551519637097,795.0370351472584,91.00171737437053,52.00579524844402,2,1,1071.43255053,1048.8160485392214,1060.5561657407784,985.7968428737724,1124.85525415,1095.2551519637097,1089.3850933629312,1101.1252105644883,1124.6054449676021,1001.87871849382,1,5,0,43.12930338295831,0.36564651691479155,-0.37810432553006057,3,16.760762146774226,44.421140623389235,0,0.6238367741930486,1124.85525415,1001.87871849382,0,1,0,0,8,8,1,3,96,0,22,18,,-0.794234896103232,-0.3627081404192299,2,3.62019798651567,0.4083220686691663,,,,,,0.7882303292719782,106.09430036303209,92.46031746031746,82.72907979268248,3,58.06098322358033,21.94516425875018,21.2897783545554,16.625199365361322,,,,2102760
2026-05-13,1084.09608009,1084.44590135,1046.76515436,1062.02735613,1066.619157362799,1065.2345650201119,1051.2948297593728,973.6920275475576,751.6955667165603,1061.198302106265,0,0,0,0,1094.0819875326947,796.2918534371062,93.78043744125821,55.66269695177953,2,2,1046.96505222,1041.177848278295,1052.752256161705,1018.0290325114751,1124.85525415,1062.40716206,,,1091.343181768525,1001.87871849382,0,3.5,4,41.284238347843775,0.3564211917392189,-0.5699865358841438,3,16.80199557588173,43.1864772735322,0,2.691807743932823,1124.85525415,1001.87871849382,1,1,0,0,8,8,1,3,96,0,23,19,,-0.5836394091526035,-0.5546866275180236,3,4.005919333157643,0.9429244192711055,,,,,,0.6035393267915607,109.23762831408328,93.65079365079364,87.68120080719218,3,58.203820011949304,21.47366387639906,21.335091300960006,15.658704489562346,,,,1588376
2026-05-14,1060.91792299,1090.14299042,1048.46428619,1089.97307723,1074.4037973185325,1065.214304376208,1054.978472375623,978.2520687115749,755.0615120948034,1066.8180002841477,0,0,0,0,1093.933169316184,797.7536531086531,95.4342039133756,52.22258869096914,2,3,1089.97307723,1048.9401436206488,1060.432070659351,1002.4965780351915,1124.85525415,1093.933169316184,1088.1872057968328,1099.679132835535,1122.6629869129392,1030.62340201,1,5,0,44.355533922797264,0.37177766961398634,-0.1132410443433917,3,16.897184822584432,50.65269919888566,0,0.39876054987429493,1124.85525415,1030.62340201,0,1,0,1,8,8,1,3,96,0,24,20,,-0.48242122378391283,-0.09407608368445143,4,4.235689571465144,0.3750527842769744,,,,,,0.6388950991298055,112.20158946663798,94.84126984126983,91.68760524973429,3,58.53356523519588,21.18670355359888,20.838609149407738,14.64458495210742,,,,1690623
2026-05-15,1065.45560446,1065.45560446,1037.96964844,1048.69416873,1065.833921122355,1063.118341111132,1054.379967266516,981.0145040064151,757.983230071273,1072.047066204485,0,0,0,0,1091.6807830009789,799.5477526203173,64.95145036590299,64.16168131185668,4,0,1036.4145275328167,1030.6146736506514,1042.214381414982,1007.4152581219904,1124.85525415,1124.85525415,1119.0554002678348,1130.6551080321653,1153.8545235608265,1030.62340201,0,4,0,38.35321510099787,0.19176607550498936,-0.8689040239331489,4,17.317322056816067,11.2237424588617,0,3.049757059885303,1124.85525415,1030.62340201,1,1,0,0,8,8,1,3,96,0,25,21,,-0.7425274348264747,-0.8544941743400735,0,-0.4166351547823606,1.3642831446267194,,,,,,0.9222536779246692,115.68267788664168,96.03174603174604,92.83993506415489,3,59.988963306877196,20.524585310478173,19.170341864143793,15.087784455388483,,,,2445834
2026-05-18,1048.46428619,1048.79411766,979.63955225,1011.73305405,1047.8002987649033,1055.527965740913,1050.3183564839906,982.2191530277322,760.5081039417081,1076.6761385073837,0,0,0,0,1086.9114341166876,801.4632820867206,66.4812754119252,48.20886467685389,4,1,973.322105293092,967.3190752113493,979.3251353748348,943.3069548843783,1124.85525415,1038.696200283077,1032.6931702013342,1044.6992303648196,1068.7113506917906,997.2206299074558,0,4.5,1.5,33.033829462985956,0.20759806794912355,-1.4859503973814134,4,17.679356563663053,12.548559502819742,0,5.04855537265329,1124.85525415,1030.62340201,1,1,0,0,8,10,1,3,96,0,26,22,,-1.33943136507355,-1.468522484361422,0,1.4457093074311445,2.9149872400356385,,,,,,1.1467741512612928,119.61283907343885,96.03174603174604,95.30830940850946,3,61.24308762678143,19.96712997258396,17.19854499905497,22.211598204397617,,,,3116472
2026-05-19,993.79222093,1024.31662446,983.64740444,1011.28328386,1035.627960463269,1044.6962737972142,1046.600730519801,983.3589228642917,763.0033793637807,1080.7496372013052,0,0,0,0,1083.7930821282985,802.8199659633439,50.18321903354194,56.66902517066721,4,2,978.5270786036926,972.5897183490387,984.4644388583466,948.8402773304227,1090.14299042,1039.6188058,1033.6814455453462,1045.5561660546539,1069.3056070732698,1002.275830111669,0,6,0,32.53981715038325,0.23515790505650766,-1.413828783179748,4,17.6800300251151,6.858428986447002,0,1.2578982607316083,1090.14299042,1002.275830111669,1,1,0,0,8,13,1,3,96,0,27,23,,-1.579670554436731,-1.398719717911545,0,-0.45122126804336826,2.866349201097229,,,,,,0.824653777146514,123.50227618349918,96.42857142857143,101.65144600655324,3,61.245420565685215,19.44949287311076,16.14671361062329,20.853177699645503,,,,2246667
2026-05-20,1023.50703812,1041.45786613,1003.98701189,1023.99678788,1031.7509029355126,1034.228890082034,1044.4479740779152,984.9525646296136,765.6003287022505,1084.3807543079902,0,0,0,0,1081.1050923529222,804.4405229243079,49.460468346969506,70.32898666142601,4,3,983.9691349735226,978.121310681344,989.8169592657013,954.7300135126292,1090.14299042,1039.6188058,1033.7709815078213,1045.4666300921788,1068.8579272608936,996.8855020499223,0,2,1.5,33.75082918469363,0.25311327766309094,-1.120792218414462,4,11.638201886154443,16.818124256763838,0,1.4615112087834878,1090.14299042,996.8855020499223,1,1,0,0,10,8,1,3,96,0,28,24,,-1.6748730539169823,-1.1076072256184892,0,0.37266396741318397,0.9885100618038812,,,,,,0.9702133947483461,123.52788098703256,96.42857142857143,206.39980315658914,3,40.31591395112686,18.406916118038886,17.84009831391965,19.6601418325201,,,,2564634
2026-05-21,1017.48011758,1046.3452689,1014.19959377,1043.28693156,1035.5962458103418,1028.4970261420517,1044.3373986000186,987.2401868621778,768.3633794769545,1087.7225775491067,0,0,0,0,1080.052330277658,805.5501032839156,59.32243899843534,73.47981557614088,4,4,1036.76026637,1031.0431288564591,1042.4774038835408,1008.1745788022954,1090.14299042,1080.052330277658,1074.3351927641172,1085.7694677911988,1108.6380178453626,998.7896089785374,0,5,0,35.780407997865986,0.17890203998932994,-0.7437048800059374,4,11.624581019648359,24.195262206539553,0,2.8427765155780027,1090.14299042,998.7896089785374,1,1,0,0,8,8,1,3,64,0,29,25,,-0.548333805986582,-0.7291808878321225,0,1.5183397347372898,0.9220908291397756,,,,,,0.6353226835201963,119.61313994753115,95.23809523809524,197.03728001292092,3,40.26872988546356,17.281677906145106,17.707755412102518,18.673152322502034,,,,1633665
2026-05-22,1059.84846943,1060.85795363,1033.6718444,1038.20952587,1036.4673391635613,1026.0119158246355,1043.7537916733502,989.2389844703276,771.0484157594724,1090.7814809956708,0,0,0,0,1079.0258785547687,806.5224393170702,54.440205060087536,75.04856957082544,4,5,1030.62340201,,,1002.865883677935,1090.14299042,1048.69416873,1043.142665063587,1054.245672396413,1076.451687062065,1002.6491039533607,0,0,1.5,34.64907062254678,0.17324535311273392,-0.8235033926625065,6,11.614846504909057,15.275345757961517,0,1.6588321847003424,1090.14299042,1002.6491039533607,1,1,0,0,8,8,1,2,64,0,30,26,,-0.5370630691279982,-0.8091861965336171,0,0.41642451229285893,1.402437043344206,,,,,,0.5990806811728965,113.87106886418093,92.85714285714286,183.01489922341446,3,40.23500853723256,16.318737269073555,19.267602267546458,17.85669019605393,,,,1475834
2026-05-26,1045.24593061,1094.4406945,1044.46632895,1069.92332168,1047.6193333357076,1028.4797998790432,1046.2461278644596,992.4030761256089,774.0222954203732,1093.7966936422167,0,0,0,0,1078.7501002199035,807.9170327666851,59.30313183318957,68.00931548346061,4,6,1030.62340201,1024.9663703141343,1036.2804337058658,1002.3382435306718,1090.14299042,1087.1048863666408,1078.7501002199035,1090.14299042,1112.7711172034626,1005.8741884355525,0,2,3.5,38.229005548079506,0.19114502774039754,-0.25636529577697775,6,11.90998732024995,39.21313493782172,0,3.1648861279059157,1090.14299042,1005.8741884355525,1,1,0,0,8,8,1,0,64,0,,27,,-0.5459478823409653,-0.23892052558598834,1,1.2167718144891513,0.4147385850204983,,,,,,0.7947159223310125,106.0454809955145,88.88888888888889,157.03380428879723,3,41.257406312348024,16.355354666691866,22.85800472262025,16.271901230917397,,,,1879653
2026-05-27,1046.74516458,1052.01247324,1016.81045974,1031.3630241,1042.2005635904718,1029.6142600532696,1044.8286894107016,993.9309172226439,776.5828996858421,1096.523467817724,0,0,0,0,1077.077444519924,809.3367159112205,66.38424627051262,71.46458193204595,4,7,1030.62340201,,,1001.9875020854454,1090.14299042,1048.69416873,1042.966988745089,1054.421348714911,1077.3300686545547,1003.1842403353298,0,3.5,1.5,32.8078463377479,0.16628792610015122,-0.9662968750917448,6,12.129567285866537,24.238102626509967,0,1.5892613298193004,1090.14299042,1003.1842403353298,1,1,0,0,8,8,1,0,64,0,,28,,-1.0179895552912939,-0.9538029359448295,0,1.7978173196247997,1.2791227901970248,,,,,,1.0007285338852898,97.8726972694301,78.17460317460318,132.93010699838572,3,42.018053625892335,15.494364733507936,20.965316117808587,19.236055869772155,,,,2270044
2026-05-28,1024.87633847,1032.21818715,989.95418198,995.49135276,1026.6308266469812,1025.651840932689,1040.129895443968,993.9921107731284,778.761093248769,1098.7579941673357,0,0,0,0,1073.4250658646572,810.8939298325652,72.65272214798995,45.53419885741423,4,8,992.8218025212917,981.4308967427071,993.9921107731284,958.6490851855378,1090.14299042,998.2679340634002,,,1026.745198509862,946.82699127466,0,0,1.5,27.8301344777118,0.18327583956409452,-1.5665123284052151,6,12.3905488452385,17.326730690510907,0,2.8479206655563214,1090.14299042,993.5526356337186,1,1,0,0,8,8,1,0,64,0,,29,,-1.3530013374042842,-1.5526981481625597,0,2.200242628747283,2.859419812853221,,,,,,1.3497179284224479,86.35374367120113,67.46031746031746,101.1870409326499,3,42.92212026723392,14.831697792555284,19.57624084831408,22.17172328424554,,,,3013964
2026-05-29,995.50134765,1003.2573847,951.52381801,967.82548866,1007.0290473179874,1015.7320280854476,1033.2437614645426,992.9659687294763,780.6423310140549,1100.3857364188373,0,0,1,0,1065.7390872196177,813.1625262315802,79.81684454761681,28.984986340800965,4,9,883.5170756359001,,,854.7643672798108,1036.38456099534,996.5363703237258,990.7858286525079,1002.2869119949437,1025.2890786798152,921.76485553966,0,10.5,5,23.97809473165439,0.24558765983847963,-1.9676223576601841,4,12.397451719673011,20.815274562372604,0,5.31662907946775,1036.38456099534,978.6153999168228,1,1,0,0,8,7,0,0,64,0,,30,,-2.0055774894416616,-1.9455908888463418,0,2.2731815982723953,2.3489500544158597,,,,,,2.2773588526610156,72.71936476062089,50.79365079365079,69.32731729545473,3,42.94603252571161,15.117390804993505,18.003797733745838,26.357686205505335,,,,5284873
2026-06-01,959.47975292,970.14430386,938.52046209,950.05456873,988.037554455325,1001.1266063240913,1025.32098120411,991.2831687294969,782.3280249216763,1101.3652359880434,0,0,1,0,1061.6221926322194,814.1585011655968,40.39403046987704,22.01809488155953,4,10,887.5495538777916,881.927409453,893.1716983025832,859.4388317538336,1036.38456099534,996.7611300132853,991.1389855884937,1002.3832744380769,1024.8718521372432,961.2816326213717,0,11,0,21.43941396259145,0.20014244715490248,-2.157040529466555,4,12.390965545883896,2.9802245850990374,0,5.294599208844246,1036.38456099534,961.2816326213717,1,1,0,0,10,11,0,0,0,0,,,,-1.743563018735562,-2.1247030403987055,0,-3.6169611836730144,2.3926606792451715,,,,,,1.135286426303496,64.087367735032,41.26984126984127,49.30579411451287,3,42.923563760612666,15.653563215057456,17.09960974613823,27.09902174713373,,,,2679348
2026-06-02,962.28831788,976.50105587,943.66783204,969.17479923,981.7499693802166,987.622576783654,1019.9737257780043,990.4161738471637,784.1871968053412,1101.8857220716031,0,0,0,0,1058.941651348603,815.0991256531942,24.055607755813412,39.24585131243802,4,11,951.3433043828932,945.8295879185331,956.8570208472532,923.7747220610929,1036.38456099534,997.7771403728951,992.2634239085351,1003.2908568372552,1025.3457226946955,951.3433043828932,0,4.5,0,23.589724899650243,0.12157811658895193,-1.6552856229463757,4,12.556807035439242,6.686043146021909,0,1.684302640157291,1036.38456099534,951.3433043828932,1,1,0,0,10,8,0,0,0,0,,,,-1.0290359367256057,-1.6348791369900066,0,-2.868544362304119,0.8997642402925937,,,,,,0.9461003981628021,53.26557052975227,30.158730158730158,22.4550612153917,3,43.498055532438194,15.941164085535062,17.21982922721275,25.658218465981403,,,,2248232
2026-06-03,976.49106098,991.49339552,956.10147905,958.87006444,974.1233344001444,975.1801251749363,1014.1543294600991,989.179071517471,785.9253347917556,1101.9578455234891,0,0,0,0,1056.3279489570311,815.9015252917561,19.297053412460983,35.07708589382841,4,12,942.2027714710797,936.7668926428347,947.6386502993247,915.0233773298545,1036.38456099534,998.2393912683794,992.8035124401345,1003.6752700966244,1025.4187854096047,942.2027714710797,0,0,1.5,22.005236629007385,0.12905455223471327,-1.7337395938152487,4,12.292591647596451,8.13218405054787,0,2.061731748181408,1036.38456099534,942.2027714710797,1,1,0,0,10,8,0,0,0,0,,,,-1.1522269527174107,-1.7123510992067974,0,-1.921687671943551,1.3245066994078947,,,,,,0.8750108799410159,42.606940877179746,19.841269841269842,0.05672314672563475,2,42.58278658066773,15.716924407764171,18.681334275885565,24.166651388155866,,,,2079469
2026-06-04,939.5199514,968.25526906,922.52863313,962.838037,970.3615686000962,964.7022091785013,1009.2670635115182,988.1460897716878,787.6856601868625,1101.6604087476799,0,0,0,0,1053.8359305368901,816.7563752147979,14.992934274013995,39.788354524547174,4,13,939.310876548632,933.855001244458,944.766751852806,912.0315000277621,1036.38456099534,1006.9083192504003,1001.4524439462263,1012.3641945545743,1034.1876957712702,939.310876548632,0,4.5,0,22.236329244788607,0.14230131944772226,-1.5474774656872772,4,11.995316860447318,9.596315430971245,0,2.4779687559960606,1036.38456099534,939.310876548632,1,1,0,0,10,8,0,0,0,0,,,,-1.2489573857902336,-1.526958197273056,0,-2.3905718002241905,0.4080688950928044,,,,,,0.9194431626104793,28.60809013660787,10.317460317460318,-31.152762642588073,0,41.552996510364686,16.26686722801694,17.28337446929589,27.852430474202265,,,,2180354
2026-06-05,946.80622847,952.51331243,920.98442215,933.13321471,957.9521173033975,952.8012748201909,1002.0162207685165,985.9887221222099,789.1328995353514,1100.847574164051,0,0,0,0,1049.4922931832568,817.6968981719049,15.263898852332996,22.64703084313493,4,14,925.7448197011561,920.3049567861195,931.1846826161926,898.5455051259734,993.96713156,1004.3109825318128,993.96713156,1007.1066179296001,1028.8660695897463,925.7448197011561,0,7,0,18.247916828640303,0.19720626533564392,-1.9899710333446863,4,10.535352200442343,9.953288665998969,0,3.1995880383275903,993.96713156,925.7448197011561,1,1,0,0,10,8,0,0,0,0,,,,-1.8477334495395392,-1.9576340699017294,0,-1.8176694833558562,0.9211933947027553,,,,,,1.2751242260912146,25.951093586256995,8.333333333333334,-28.89240633473284,0,36.495530573597414,16.810314251275578,16.09608795510108,26.19255441617127,,,,3053471
2026-06-08,947.42591184,952.30341967,931.38410842,933.37309214,949.7591089155983,940.6616412129549,995.4787799467531,983.9253640836919,790.5681253324126,1099.570925098514,0,0,0,0,1047.024770004191,818.2581829818191,14.16571461932478,24.751755795459264,4,15,907.0158401334595,901.7777592904791,912.2539209764399,880.8254359185577,993.96713156,1005.1309385153113,994.6547768293506,1008.3205976454001,1029.2729210173216,914.0759056455388,0,0,1.5,18.06358772022864,0.18625143838725522,-1.840632109736783,4,10.551979061612483,12.295929929109533,0,3.7716468754043104,993.96713156,914.0759056455388,1,1,0,0,10,8,0,0,0,0,,,,-1.7674679982888961,-1.811077399285466,0,-2.086668065296352,0.037604624824474964,,,,,,0.7690926795869867,23.057012165665224,6.746031746031746,-36.92191719284435,0,36.553127710231564,17.31494363001574,15.522133411010177,25.25857992060165,,,,1842225
2026-06-09,927.51608479,947.35594759,877.55161418,919.6800886,939.7327688103989,928.3700406651744,988.2598569613481,981.405941515704,791.8528214843288,1097.8042745154894,0,0,0,0,1041.619750798202,819.2744143750895,64.34230750826957,16.503072464666268,4,16,903.6682524121208,898.1810672239069,909.1554376003346,876.2323264710512,993.96713156,1006.1724730090002,,,1031.6084541758557,902.6655199117155,0,7.5,0,16.142806295248,0.23883923536572527,-1.9589659701730409,4,9.855361539351508,34.26998137725644,0,3.2912641381900154,993.96713156,902.6655199117155,1,1,0,0,8,16,0,0,0,0,,,,-2.265001631115882,-1.9285925037514489,0,1.2270033116036734,-0.2690469362954632,,,,,,1.5608337656277134,28.002004404899157,10.317460317460318,-17.978834584279397,1,34.13997382623406,18.844124632521993,13.75907721297215,31.149075824088886,,,,3842711
2026-06-10,897.05165062,907.58626795,855.57284425,866.64718581,915.3709078102659,912.2268258525177,976.6776978040768,976.9055981546959,792.5970440149325,1095.2988856224085,0,0,0,0,1031.938517727282,819.920499864118,30.34876262055537,6.0707269368926156,4,17,819.920499864118,814.2528703647944,825.5881293634417,791.5823523674999,949.74562657996,906.7343033735001,901.0666738741764,912.4019328728237,935.0724508701182,817.45119045,0,0,3.5,9.342722428027674,0.23188023779679529,-2.786161788926706,4,11.088091473362352,17.501736081529756,0,4.5812848822011105,949.74562657996,880.8476736807012,1,1,0,0,10,16,0,0,0,0,,,,-2.4813330052532554,-2.722788895984264,0,-0.6676596258651921,0.36089616725165585,,,,,,2.022440537240761,36.518939577709695,17.46031746031746,-4.924036537927324,1,38.41027558166969,20.609800122124692,12.36951837047052,31.465716736138564,,,,5302759
2026-06-11,887.61647153,920.04989964,884.28317468,906.32691141,912.3562423435105,899.7797800540524,969.9776229094028,974.137806517649,793.7286844865253,1092.3957738640213,0,0,0,0,1026.5912660346016,820.8572124437801,29.121485657902642,32.735234275178044,4,18,867.7726977639377,857.412748255,871.3450941463301,837.4006533421998,960.25243811284,908.9896697349001,903.2500609691889,914.7292785006113,937.6877135634562,871.3450941463301,0,4.5,1.5,14.185984345055664,0.1398666610033067,-1.8217561135706597,4,12.393577676299891,11.657678126040508,0,1.3117470937552735,960.25243811284,871.3450941463301,1,1,0,1,10,8,0,0,0,0,,,,-1.551493914224227,-1.7949117563931063,0,-0.7459881405243767,1.6427376953664163,,,,,,1.5463870966465945,43.11532613183895,23.015873015873016,0.42558250156317184,2,42.93261244580567,21.777463565368425,13.280788357861892,28.851746468136287,,,,4261229
2026-06-12,907.03654883,943.19807206,907.03654883,940.17961434,921.6306996756737,894.7302717925566,967.1397173313645,972.8061127067608,795.1859076691469,1089.3963692351274,0,0,0,0,1024.2500028124216,821.6974838207224,33.855024260538286,67.82181447026491,4,19,921.4278848668989,915.7690413643635,927.0867283694344,893.1336673542218,993.96713156,984.4505576376268,978.7917141350914,990.1094011401623,1012.744775150304,892.68360736878,0,3.5,0,18.233938161185396,0.09116969080592699,-1.0777146054029594,4,12.741973263493097,14.996710380298964,0,3.2433111192324304,993.96713156,892.68360736878,1,1,0,0,10,8,0,0,0,0,,,,-0.7559670909168204,-1.0641285007788344,0,-0.3417224955242846,1.276194536979423,,,,,,0.9918922924713961,48.46736126717808,29.365079365079364,9.804986621220236,2,44.139490162108515,22.037203144112233,16.16050845576969,27.173277911759676,,,,2787669
2026-06-15,969.5046307,986.71583662,956.87108582,978.56999874,940.6104660304491,899.5782574795688,968.2283155607583,973.0321474531623,797.010624993235,1086.5866539148612,0,0,0,0,1022.7770503478644,823.0443327859358,56.58944472149668,66.81098389425216,4,20,973.0321474531623,967.3620050733081,978.7022898330166,944.6814355538908,1036.38456099534,1016.1350318928803,1010.464889513026,1021.8051742727346,1044.4857437921519,930.92505696544,0,3.5,2,22.78004433733943,0.11390022168669717,-0.32920132929922996,4,13.133356683936187,44.37047124331492,0,3.005567381524187,1036.38456099534,930.92505696544,1,1,1,0,8,8,0,0,0,0,,,,0.003140905636167712,-0.32364466920249246,1,2.232745204858638,0.46647218457414735,,,,,,1.198835252024132,52.841082910999546,32.53968253968254,16.146291375197226,2,45.49528210100356,20.972600338877644,21.82887115977417,25.182049095054346,,,,3428155
2026-06-16,991.85,1009.3,980.73,982.35,954.5236440202993,911.3463269532367,969.5732378883051,973.3975534353913,798.8547978788744,1084.0003204214695,0,0,0,0,1021.7536968991923,824.1383811035528,58.60326746606528,64.18241454959119,4,21,973.3975534353913,967.8580462142766,978.937060656506,945.7000173298177,1036.38456099534,1017.1463840112193,1011.6068767901046,1022.685891232334,1044.843920116793,930.92505696544,0,0,3,22.96978156835805,0.11484890784179025,-0.2782033118178922,4,12.695731335980506,40.20926535470717,0,3.112960182347359,1036.38456099534,930.92505696544,1,1,0,0,8,8,0,0,0,0,,,,-0.211286916263545,-0.27373032248001156,2,1.0149932126430796,0.44753818389942146,,,,,,0.9716109223851523,54.019565514573785,34.523809523809526,22.82951594508164,3,43.97930342632507,19.541521128983824,24.387787369002496,23.934767571994392,,,,2761128
2026-06-17,997.4,1065.38,992,1048.86,985.9690960135329,933.1782408377597,977.1243580894189,976.3568650653759,801.3424118303284,1082.033443234888,0,0,0,0,1022.7116381504665,826.3499259073184,76.34518929322503,41.352362978824104,4,22,980.3697363994876,976.3568650653759,991.605776135,952.8161953869497,1080.4094139354152,1082.1098531731632,1080.4094139354152,1093.8801880123763,1117.4208576908024,991.605776135,0,2.5,0,30.887868221566123,0.15443934110783064,0.8800540538647842,4,14.352705338535955,60.597203567057534,0,3.6307376061177035,1080.4094139354152,991.605776135,1,1,0,0,8,10,1,0,0,0,,,,0.8254808649540728,0.8752798233717762,3,3.789448724101832,-2.1551375942383366,,,,,,1.3641674140367381,54.61839699356204,35.714285714285715,9.853666828484844,2,49.71922974481867,19.399062888075825,29.823793079997095,20.919766938971435,,,,3996017
2026-06-18,1091.03,1117.96,1087.28,1109.73,1027.2227306756886,966.4657221267996,989.7534668428076,981.58718408242,804.410945045947,1080.9992094170786,0,0,0,0,1025.9315189723768,829.3500068611489,85.97044981462815,35.34483579986494,4,23,1109.73,1082.1921828060795,1094.3557080139203,1038.625899168637,1166.40402477,1166.40402477,1166.40402477,1178.5675499778406,1202.894600393522,1056.9008954926,1,4,5.5,37.95560674980791,0.2612772489455053,1.7936158922208534,4,15.33236670173082,59.445247472803686,0,0.7970570488531074,,1056.9008954926,0,1,0,0,10,10,1,0,0,0,,,,1.5719937215717261,1.7706066947856947,4,4.20339861128604,-1.3520769234093162,,,,,,1.4394725890403077,59.0387047386572,39.682539682539684,11.157046842685801,2,53.11287625535005,20.119489101170046,34.5175332398212,18.797561600260572,,,,4344726
2026-06-22,1130.04,1142,1112.43,1127.59,1060.6784871171258,1007.0813249530165,1002.8807557149212,987.3127847066388,807.6266570355396,1080.9194298435614,0,0,0,0,1029.2127369526922,832.1691444265439,89.86791619184226,42.43827954476488,4,24,1088.27394541,1082.3384694206452,1094.2094213993546,1058.5965654632266,1181.34638995,1181.34638995,1175.4109139606453,1187.2818659393547,1211.0237698967733,1056.9008954926,0,4.5,8,39.61772932791895,0.35560236512513677,1.8361780479642902,4,15.30766840658955,53.396048391390416,0,3.136140882615872,1116.4810049940397,1056.9008954926,1,1,0,0,16,10,1,0,0,0,,,,2.2601097478843357,1.8131795324565967,5,3.7142380175824137,-0.20497548812854233,,,,,,1.250246495738054,64.44714585440155,46.82539682539682,21.535742803014017,3,53.02731885126003,21.123628652513915,36.4582236697415,17.885074135769294,,,,3916281
2026-06-23,1055.15,1073,1034.0001,1034.98,1052.1123247447506,1039.4166041688286,1005.9378265992144,989.1820872671627,809.8888793535939,1081.131416286917,0,0,0,0,1029.3931976234858,834.0696991701897,88.25878655612422,74.82938701914746,4,25,1025.9056092352,1019.5584717093707,1032.2527467610294,994.1699216060535,1094.4406945,1110.5195377133277,1097.825262661669,1116.0639664075786,1141.4525165108957,978.7401334900001,0,0,0,27.79284002838275,0.13896420014191377,0.009480132083376561,4,17.730139998864587,39.15958793668015,0,2.159558855811794,1094.4406945,978.7401334900001,1,1,0,0,8,8,1,0,0,0,,,,0.9844183708049907,0.01416675493048774,6,3.129557448518482,1.272711359910466,,,,,,1.2042233564401743,68.20112956836374,51.58730158730159,11.042384656446409,2,61.419006606685315,20.239888333855767,31.658363815111702,26.56323765413245,,,,3919238
2026-06-24,1046.16,1070.999,1023.08,1057.65,1053.9582164965004,1064.540287772491,1010.8627954945273,991.8671034527642,812.3541641361452,1081.726937084842,0,0,0,0,1030.0429918052403,835.6347042432476,85.74475973687326,69.61531411169743,4,26,994.308960779851,987.9873420058666,1000.6305795538353,962.7008669099292,1113.955680247131,1114.2901614094053,1107.968542635421,1120.6117801833896,1145.8982552793268,1001.87871849382,0,4.5,0,30.195676552566418,0.21351628455845592,0.33936257038237255,4,17.59875494045338,27.793233911097126,0,3.7853190375752455,1113.955680247131,1001.87871849382,1,1,0,0,13,8,1,0,0,0,,,,1.5003032143649906,0.3430238376257777,7,2.1606559850016263,1.7186941627992547,,,,,,0.8912093035530494,70.54868408013812,53.57142857142857,15.722111826827604,2,60.96387541363808,19.204652639831583,29.515720465397973,26.30777389271434,,,,2948121
2026-06-25,1089.04,1109.98,1055,1085.47,1064.4621443310002,1085.0136352938819,1017.9682435426676,995.537805278146,815.0717346422532,1082.7978669570996,0,0,0,0,1031.2084932581076,837.2575377359195,82.39224734348191,81.02878363633732,4,27,1028.5823402617523,1022.2213728287668,1034.9433076947378,996.777503096825,1122.6184392997532,1088.27394541,1081.9129779770144,1094.6349128429854,1120.0787825749271,1026.55521001456,0,4.5,3.5,33.174781294118674,0.3846067402770479,0.7191410602907101,4,17.359287070434593,35.1998155496242,0,2.9566602888223192,1122.6184392997532,1026.55521001456,1,1,0,1,16,19,1,0,8,0,,0,,2.7498626704516362,0.7194197934498726,8,1.8697629269145573,3.1586814010843995,,,,,,0.8263893109095916,68.25160672900094,51.98412698412698,13.49856522830881,2,60.13433437833241,18.889767674219897,32.709481186523114,24.277532671183423,,,,2753680
2026-06-26,1049.275,1084.4012,1042.0001,1045.17,1058.0314295540002,1096.120253714943,1020.5588870147944,997.4841658554736,817.3612696209373,1084.012416477887,0,0,0,0,1031.5875042652278,839.0344010927281,81.22534298472789,85.15263505197463,4,28,1030.4108884536,1024.1161517301134,1036.7056251770864,998.9372048361674,1115.26015678,1117.5954642921413,1111.3007275686548,1123.8902010156278,1149.0691479095738,991.605776135,0,0,0,27.87124113242022,0.20139663664426258,-0.08011474431659237,4,17.416761382202868,22.703770899549372,0,4.0030169232354735,1115.26015678,991.605776135,1,1,0,0,8,8,1,0,8,0,,1,,1.4963234478572918,-0.07393215054057065,9,2.293267714327424,2.6457323825966634,,,,,,1.0862083907350024,63.85176207669541,46.42857142857143,5.8314781210758575,2,60.33343123455782,18.32404665032768,30.69266321012429,24.624546053275132,,,,3654217
2026-06-29,1055.65,1111.73,1047,1102.51,1072.8576197026669,1106.6188505128077,1028.3637549181474,1001.6028260180041,820.198570420729,1085.6502024713923,0,0,0,0,1033.2245778505892,840.9797710504674,89.2061078912638,46.81745190540898,5,0,1088.27394541,1081.8345470239053,1094.7133437960945,1056.076953479527,1142,1113.845,,,1146.041991930473,1038.18863654004,0,6,0,34.41988803204772,0.26310537572256865,0.830610244043222,0,17.81256863531746,84.0284105008556,0,1.6686668961503506,1142,1038.18863654004,1,1,0,0,8,10,1,0,8,0,,2,,1.7280474844986404,0.8336066160360875,10,4.473118534573236,-2.9214063749692643,,,,,,0.9759321524848307,61.71215963381941,43.65079365079365,0.012335969937428927,2,61.70454777935532,18.244968389533025,31.649352428150912,22.35197102952243,,,,3180542
2026-06-30,1117,1178.2,1103.35,1174.86,1106.8584131351113,1122.4895030483888,1042.3157782592762,1008.3972249976902,823.727539869279,1088.0218854577215,0,0,0,0,1036.3372347451461,843.3624636567414,81.39276686587448,57.16530808309621,3,0,1109.73,1103.074755070055,1116.385244929945,1076.453775350275,1171.2293561857803,1181.34638995,1174.691145020055,1188.001634879945,1214.622614599725,1056.9008954926,0,8,0,42.62725757432411,0.34426751586774645,1.8700277968393695,1,18.47513734055567,29.6331337422851,0,1.848147042915473,1142,1056.9008954926,1,1,0,1,15,8,1,1,40,0,0,0,,2.049049823969007,1.8540572372034358,11,1.4656298874460099,0.8753168691305504,,,,,,0.9440108079085425,65.554246101908,49.6031746031746,2.428904683642349,2,63.99975310131073,19.08961351612965,37.35304467102711,20.082251130521794,,,,3096186
2026-07-01,1146.4,1161.69,1116.59,1134.35,1116.0222754234076,1136.0951548021308,1051.0809422345833,1013.3365495075847,826.8183106168483,1090.731422435271,0,0,0,0,1037.9517402886472,844.9364723196798,90.04720476392771,46.353503837075294,2,0,1109.73,1103.0298618507654,1116.4301381492346,1076.2293092538268,1181.34638995,1142,,,1175.5006907461732,1056.9008954926,0,4.5,4.5,37.194591052745004,0.245018523201655,0.9526028217436754,0,18.99393541946416,73.80931976556974,0,2.137758606012648,1142,1056.9008954926,1,1,0,0,8,10,1,1,40,0,1,1,,1.4723645435034396,0.9481329964247486,12,5.334668946599012,-0.3537491545811112,,,,,,0.7182096682133938,66.98119445100629,51.19047619047619,1.7998897882483176,2,65.796922364388,19.873926847969372,34.4525688784531,18.522857946446205,,,,2359598
2026-07-02,1138.935,1143.37,1087.08,1113.11,1115.0515169489383,1144.3313436937492,1056.9884715455753,1017.2492338406206,829.6669841430488,1093.5406391149438,0,0,0,0,1039.171452000543,846.381352293863,94.17044562201579,39.42347966892107,2,1,1045.3266751597137,1038.6025290211387,1052.0508212982886,1011.7059444668387,1142,1181.34638995,1174.622243811425,1188.070536088575,1214.967120642875,1056.9008954926,0,4.5,1.5,34.163468147369436,0.17081734073684718,0.46083152210965034,0,19.095624796299457,72.5249974397568,0,2.8754082034503097,1142,1056.9008954926,1,1,0,0,8,10,2,1,40,0,2,2,,0.3268512644809569,0.45761484244549644,13,4.964832787993815,-0.53491446516237,,,,,,0.7161607767032779,66.29163054448448,50.79365079365079,0.21534028908642813,2,66.1491846989255,19.91447488192746,31.877447572818674,21.05683385801579,,,,2363020
2026-07-06,1140.52,1195.94,1138.49,1152.04,1127.3810112992921,1151.0015029444853,1066.0409980650443,1022.5351462390277,832.874675843118,1096.6123114626478,0,0,0,0,1041.3627725021454,848.377415562374,95.0068885727975,35.22628497242,2,2,1152.04,1135.0165964427517,1148.9834035572483,1082.622771542014,1195.94,1185.934129316813,1181.34638995,1195.94,1223.873614228993,1065.9197465035,1,0,5.5,38.320930316892074,0.19160465158446038,0.9773328622631803,0,19.278346217697617,63.41567015567986,0,0.6324078470889999,1195.94,1065.9197465035,0,1,0,0,8,10,1,1,40,0,3,3,,0.046032088259451806,0.9717970289496485,14,3.7440013182125904,-0.6250128760450233,,,,,,0.8645266630507441,65.77647314073222,50,-1.5059070801318846,1,66.78215026991113,20.658797414301038,35.22286784074041,18.826881578298188,,,,2882933
2026-07-07,1096.84,1099.2556,1028,1077.08,1110.6140075328615,1148.2407183987082,1067.0923315826592,1024.674160112007,835.304579566072,1099.4011741787456,0,0,0,0,1042.3506160031766,850.544777566656,88.89932914204807,63.031041657793054,4,0,1033.6504070502704,1023.08,1045.17,997.4726428035109,1139.4178134,1099.2556,1091.6635109825552,1106.8476890174447,1137.2160450872238,1023.08,0,6,3.5,28.944582173789417,0.1447229108689471,-0.36739320164674766,4,20.370716560834442,23.09384984905492,0,2.923547337760193,1139.4178134,1023.08,1,1,0,0,8,8,1,1,40,0,4,0,,-0.9638968710952721,-0.3593626755103303,15,2.534587843065827,2.8783315908158364,,,,,,1.2447506327016846,64.06567579191767,47.22222222222222,-9.211992975754658,1,70.56623213989998,19.305138779513054,30.084713369160067,29.074524116149437,,,,4223696
2026-07-08,1075,1109.2,1050.96,1070.99,1097.4060050219077,1140.333196585509,1067.4635380985965,1026.490467558595,837.6497081276036,1101.860704178624,0,0,0,0,1042.8670245574976,851.9231254652371,91.54549543978177,74.7121614610335,1,0,1033.6449724621255,1023.08,1039.2085564856002,997.467398425951,1139.4178134,1141.3204772105264,1133.7506802657563,1148.8902741552965,1179.169461934377,1023.08,0,3,2,27.856547863423884,0.14372718376156388,-0.47852845281441025,0,20.400426249845108,35.44814553672038,0,2.9237129286809243,1139.4178134,1023.08,1,1,0,0,8,15,1,1,40,0,5,0,,0.010982375409721355,-0.4685823674009906,16,3.7147161926201884,2.46446161893813,,,,,,0.8148749760646904,55.73878950437668,36.904761904761905,-21.127125652827704,0,70.66914952158707,18.19452405232365,29.191014049364114,27.077277340482226,,,,2804235
2026-07-09,1110,1115.075,1065.31,1075.26,1090.0240033479386,1129.6220795488284,1068.2060582796826,1028.4029982425716,840.0139896387717,1104.043878974487,0,0,0,0,1043.3447252487606,853.0763074907012,89.05545905936728,83.82177038683957,1,1,1034.1147027118195,1026.6412751916757,1041.5881302319633,997.9206881169058,1139.4178134,1141.3204772105264,1133.8470496903826,1148.7939047306702,1178.687614811245,1001.87871849382,0,0,3.5,28.005011019208183,0.1489139439849298,-0.412333326735808,0,20.276996644551197,19.60326348637357,0,2.909406758734591,1139.4178134,1001.87871849382,1,1,0,0,8,15,1,1,40,0,6,0,,-0.20842866874338814,-0.4029141064653635,17,2.4840915720938677,3.434927995734419,,,,,,0.6916470525488994,52.88368179931461,32.93650793650794,-24.711710373593647,0,70.24157682653262,17.253219326617327,28.157362761142096,25.46740606271525,,,,2327780
2026-07-10,1077,1102.79,1053.995,1091.57,1090.5393355652923,1118.9516241974445,1070.4311955863795,1030.8801355663923,842.5170345179879,1106.0799607032914,0,0,0,0,1043.8701628293722,853.9926160283562,79.96396303392092,53.20042958644729,1,2,1037.866880264097,1026.55521001456,1047,1001.5415394548536,1166.40402477,1108.466,1101.090719088438,1115.8412809115619,1145.34240455781,1028,0,2,0,29.560585160690266,0.16113625913678467,-0.16191991505089123,0,19.009702196575688,50.075865472526864,0,3.5384979642970045,1166.40402477,1028,1,1,0,0,8,15,2,1,40,0,7,0,,-0.34066863898793326,-0.15418797342982637,18,1.1855975263752452,-1.6429769491135084,,,,,,0.5455190302660585,51.83049633587502,32.142857142857146,-21.29189951976265,0,65.85154008244555,16.180892302936194,26.494062295024975,25.33280818850327,,,,1738766
2026-07-13,1070,1089.21,1038.89,1042.6,1074.5595570435282,1104.894050556522,1067.7806055305339,1031.3397380932004,844.5079097964159,1107.648679729619,0,0,0,0,1043.852438250299,854.9291742635882,65.72695263143358,74.29288542525872,4,0,1034.3897643902042,,,997.7956030150948,1115.26015678,1043.852438250299,1036.5336059752772,1051.1712705253208,1080.4465996254082,978.7401334900001,0,0,1.5,23.456510934437276,0.11728255467218639,-0.97323492466427,4,19.496068381709076,9.227717868143984,0,1.7793085649064015,1115.26015678,1028,1,1,0,1,8,19,1,1,40,0,8,1,,-0.4361379909590217,-0.958493007276725,0,0.5194871185398791,3.8582493235003588,,,,,,0.7315539153327737,50.25334226901784,30.158730158730158,-25.590688033500754,0,67.53636196991451,15.132401822430577,24.791376541957924,25.547479027200673,,,,2258470
2026-07-14,1071.07,1082,1057.47,1066.01,1071.7097046956856,1090.903248032634,1067.6119764323878,1032.6993562071925,846.711910693964,1108.9119162451743,0,0,0,0,1044.092341453948,855.7481329088926,65.1699929638889,80.89875987378696,4,1,1038.3921755532292,1031.2443312978517,1045.5400198086068,1002.6529542763418,1124.85525415,1115.8414544534883,1108.6936101981107,1122.9892987088658,1151.5806757303756,1028,0,2,1.5,25.89996509276686,0.1294998254638343,-0.5513922508886385,4,19.317652476675015,18.722236692304502,0,2.4578446679893307,1124.85525415,1028,1,1,0,0,8,8,1,1,40,0,9,2,,-0.8060989656339247,-0.5395173899132356,0,1.2427634188237136,2.4151119011530877,,,,,,0.5834164618156584,47.84900899789898,28.174603174603174,-28.496388837230054,0,66.91831114511976,14.158803519103932,23.571253132249097,24.290143551400142,,,,1771494
2026-07-15,1070.91,1078.8207,1000.25,1055.28,1066.2331364637903,1076.6277022113477,1066.4375024864462,1033.5848716500477,848.7872150651683,1109.8246939590178,0,0,0,0,1044.273524896138,856.9182445550716,37.34993477510692,86.66576530678469,4,2,1039.0799979027367,1028,1047,998.6447677657409,1115.26015678,1113.6100364604652,1106.2712284019003,1120.94884451903,1150.304076753289,1028,0,3.5,1.5,24.32798011913711,0.20038383312158958,-0.7153828337945164,4,19.04523993008249,4.197728019852391,0,2.333077409227335,1115.26015678,1028,1,1,0,0,10,8,1,1,40,0,10,3,,-1.6299514602072322,-0.7017421968808393,0,-2.560783867482734,3.156872790440127,,,,,,0.8978869826508029,46.63573781747065,26.984126984126984,-29.31263695910585,0,65.97464640248481,14.229482829701674,21.31805313357341,28.929747718085046,,,,2693369
2026-07-16,1034.99,1049.89,1013.3301,1036.22,1056.228757642527,1062.081006679554,1063.5596451067847,1033.6882100167124,850.6522179003408,1110.271215224581,0,0,0,0,1044.1388007786268,858.0160841888791,57.67216296006352,92.03032862578767,4,3,1033.073268393284,,,997.127467585662,1094.4406945,1038.6447466212878,1031.4555864597635,1045.8339067828122,1074.59054742891,969.02487583,0,4.5,1.5,21.814764976184385,0.162997435318267,-0.9956675680273875,6,19.171519188102142,12.668422538217122,0,1.9368012181418746,1094.4406945,1028,1,1,0,1,8,19,1,1,40,0,11,4,,-1.4313888834987605,-0.9799010604357496,0,2.127119395851521,4.648399481203625,,,,,,0.9421802089187371,49.67585356444509,29.365079365079364,-25.20058753232278,0,66.41209058414907,14.295113618113861,20.207390173824464,27.4225181871315,,,,2829453
2026-07-17,995,1069.11,982,1057.84,1056.7658384283513,1051.776635931336,1063.0149170013767,1034.6353390356649,852.7137878714817,1110.4203891890518,0,0,0,0,1044.3998333124225,859.426529203988,71.52376660281999,66.94990271094068,4,4,1032.6669111542735,1025.213494575715,1040.120327732832,995.3998282614814,1124.85525415,1091.57,1084.1165834214414,1099.0234165785585,1128.837082892792,1028,0,5,0,24.05569313480295,0.12027846567401475,-0.5965530489098418,6,18.12233956751982,56.45886286801334,0,2.473720394508173,1124.85525415,1028,1,1,0,0,8,8,1,1,41,0,12,0,,-0.9749655351652442,-0.5833346991024524,0,2.7924674369583418,-0.6175117309556715,,,,,,1.1069719916776843,57.1851615445404,39.285714285714285,-8.908371658132678,1,62.777625765920234,14.846154742538973,18.098738606010865,28.314048976203203,,,,3284983
2026-07-20,1081,1104,1050.95,1079.18,1064.237225618901,1047.2968930735929,1064.5544487155314,1036.3821884852466,854.9671830170391,1110.458548520925,0,0,0,0,1044.9051632832134,860.6203586009666,74.30381992820065,63.059933527579496,4,5,1031.855513540877,1024.4608231465013,1039.2502039352526,994.8820615689987,1139.4178134,1091.57,1084.1753096056243,1098.9646903943756,1128.5434519718783,1028,0,2,2.5,26.224727853500834,0.1475695559968275,-0.24166540072641893,6,17.286448811375298,45.99542788279428,0,2.9091765610885902,1139.4178134,1028,1,1,0,0,8,8,1,1,41,0,13,1,,-1.1315673338345866,-0.23064089563439352,1,2.057404272834571,0.3146614339789773,,,,,,0.8834766746600841,66.95400329196434,52.38095238095238,11.809869816932258,2,59.88201524748128,14.587388678005638,21.152162489134593,26.500416227955952,,,,2542124
2026-07-21,1114.99,1140.99,1068.97,1078.81,1069.0948170792674,1047.998407792208,1065.9121202664332,1038.0460242309232,857.1944747283123,1110.4111772558572,0,0,0,0,1045.5768828045666,862.2569651821393,82.5891006110804,36.09663625137675,1,0,1033.6732982697079,1026.1637643320732,1041.1828322073425,996.125628581535,1139.4178134,1091.57,1084.0604660623653,1099.0795339376346,1129.1176696881728,1028,0,0,4,25.853587698629138,0.1292679384931457,-0.2680412373252489,6,17.190937682811864,77.96095474868096,0,2.816273713082134,1139.4178134,1028,1,1,0,0,8,10,1,1,2089,0,14,0,,-0.3421395041335436,-0.2606121992325747,2,3.0645232359190846,-3.063282434746123,,,,,,1.2372126639173262,75.0993864923232,61.904761904761905,26.109034327633392,3,59.551154992761056,13.618737829841871,23.73889955706991,24.23120561921076,,,,3536472
2026-07-22,1021.01,1038.985,985.03,985.03,1041.0732113861782,1041.7538956709955,1058.2090611934395,1035.9669644571616,858.4664700046476,1109.7289971025982,0,0,0,0,1043.9580167060817,863.5207763877942,64.99609859427208,38.88736267978641,4,0,959.47975292,959.47975292,975.1006730898928,928.2379125802146,1056.9008954926,989.4062543179002,,,1028.458554742632,921.76485553966,0,0,2.5,14.74297883697976,0.11464949453692383,-1.7958805792451242,6,17.464012183727732,15.03878072477351,0,3.1182907765051704,1056.9008954926,982,1,1,0,0,8,8,0,1,2089,0,15,1,,-1.3274768028162003,-1.780361600718321,0,1.26515696327382,3.233898737026661,,,,,,1.6865193165979462,81.59239764084822,66.66666666666667,34.86990345111961,3,60.49711281243665,14.013303510139652,21.193967623015233,31.229144315765577,,,,4903803
2026-07-23,981.31,1041.79,978.01,1031.19,1037.7788075907854,1035.2395523809525,1055.6358172702548,1035.779632517665,860.1851120941536,1108.7866640828074,0,0,0,0,1043.7148981361584,864.7644999766795,85.38833911707451,77.49969030145363,4,1,1028,1020.177965635407,1035.822034364593,988.8898281770348,1094.4406945,1036.1733415549031,,,1075.2835133778683,992.7013414505275,0,5,0,19.880010186357268,0.09940005093178635,-0.9138413363561837,6,17.97308587797624,46.43309356747661,0,1.6988085555018353,1094.4406945,992.7013414505275,1,0,1,0,14,8,0,1,2089,0,16,2,,-0.8425456322501882,-0.9053315331550245,0,5.067521931798433,2.8312409723227847,,,,,,1.2116297002878504,86.41947528609255,71.82539682539682,38.80284014218995,3,62.26059581890705,14.473354642493069,19.650992091160745,29.756889825230907,,,,3560064
2026-07-24,1022.795,1037.91,997.04,1014.75,1030.102538393857,1027.2813580086581,1051.741929911183,1034.954941046384,861.7230711777939,1107.512041776385,0,0,0,0,1043.33431269461,865.5384318620194,73.11597946464005,67.0455635925677,4,2,986.6137311962453,978.9855028576947,994.241959534796,948.4725895034919,1094.4406945,1042.1839581949907,1034.55572985644,1049.8121865335415,1080.3250998877443,984.9687552063842,0,2,1.5,17.758249017639795,0.11321550675822871,-1.1338700296066984,4,17.793812684052554,26.449054668787586,0,2.8270512763450175,1094.4406945,984.9687552063842,1,1,0,0,8,8,0,1,2089,0,17,3,,-1.1953940933602378,-1.1294015523730472,0,1.0276581145926333,1.1536117677887885,,,,,,0.8510547009427122,90.40623060834815,75.39682539682539,46.669132987246634,3,61.639575258285106,14.900544979678386,18.71094975863523,28.33341278192187,,,,2489359
2026-07-27,1015.21,1015.22,941.87,996.57,1018.9250255959047,1017.9821584415583,1046.4874603958322,1033.4496492406433,863.064831663587,1105.8299999014582,0,0,0,0,1042.4659314601272,866.504861958594,73.99096996033282,51.669263011948495,4,3,985.0223980476859,977.2841324476032,992.7606636477686,946.331070047272,1065.9197465035,1045.4794210952084,1042.4659314601272,1060.955952295374,1091.909014695705,977.0321118713938,0,6,1.5,15.468729976991094,0.07734364988495547,-1.3665929013018523,4,17.49898650656467,34.048475498053996,0,2.0908392819948847,1065.9197465035,977.0321118713938,1,1,0,0,8,8,0,1,2089,0,18,4,,-0.8666164072418457,-1.3631998604967475,0,1.89530164821677,1.0950574372264927,,,,,,1.2269602707783174,91.18363169954252,75.7936507936508,50.4226953020081,3,60.61826742066444,16.02895721657757,17.127390585987968,32.30110716655757,,,,3584624
2026-07-28,948.83,956.8998,913.51,943.38,993.7433503972698,1003.763174891775,1036.6677022628958,1029.917506133167,863.8639875674319,1103.46938250756,0,0,0,0,1040.5017047628712,867.1174734450607,43.74235630112626,19.846338668635305,4,4,867.1174734450607,857.412748255,882.971752416643,825.7041903118354,1018.4596171000001,994.9229783087003,986.9958388229091,1002.8501177944914,1034.5586757376561,955.0496007584187,0,9,0,9.204691198724293,0.13664237243262517,-2.1608093874082734,4,17.21296360877081,6.726769952473248,0,3.6544348142617995,1018.4596171000001,955.0496007584187,1,1,0,0,10,11,0,1,2089,0,19,5,,-1.7249513315120297,-2.1529213697473066,0,-2.037320907647791,2.3892645835019386,,,,,,1.319972557308696,90.95751386517877,75.39682539682539,52.54300859650215,3,59.62745503845035,17.406195432343686,15.525072975727676,32.47351447400626,,,,3904119
2026-07-29,943.99,953.99,897.68,900.28,962.5889002648465,981.7693454545454,1023.6783972854771,1024.833682363239,864.2263359498455,1100.2620523495066,0,0,0,0,1037.917789649945,867.3658682845522,25.109170542061328,8.336748475394971,4,5,832.1973030918502,824.3336199979013,840.0609861857992,803.0703974836355,980.0183387074001,992.426823492962,,,1027.1617623152156,931.9433258677047,0,0,1.5,4.1717849306835735,0.15784714850482467,-2.727273000627269,4,15.886571872609691,6.334813229075834,0,5.075068309826201,980.0183387074001,931.9433258677047,1,1,0,0,10,7,0,1,2089,0,20,6,,-2.0959057908112544,-2.700412697772595,0,-3.1201567526621052,1.5410344994669491,,,,,,1.2374708094577693,87.87971263834083,71.82539682539682,59.686356990365596,3,55.03269928290925,18.86279524075853,14.532470962302263,32.19467430606354,,,,3697294
2026-07-30,959,986,950,981.98,969.0526001765644,965.1093493506494,1019.7071213535269,1023.1531457999747,865.3980141991008,1096.7975656088809,0,0,0,0,1037.055606633037,868.0905638044269,22.72489559178607,66.58998405985926,4,6,923.2511573016257,911.11859107246,927.434800828924,878.8491967235069,1056.9008954926,1010.0816726351281,1002.0143240478899,1018.1490212223664,1050.4184155713197,927.434800828924,0,2,0,13.471487556947109,0.06735743778473555,-1.1146669543929941,4,18.573160332542496,15.226437382322956,0,2.0489227882613816,1056.9008954926,927.434800828924,1,1,0,0,10,8,0,1,2089,0,21,7,,-0.9282808506243092,-1.1026520537181825,0,-1.3801865107845992,0.7289932435522718,,,,,,1.0376961306429922,84.73130618561449,68.25396825396825,31.694449299885196,3,64.33931470617293,19.454607158292404,16.69648141749835,29.140334497184607,,,,3140951
2026-07-31,1040.99,1042.85,979.14,990.29,976.1317334510429,954.8606571428572,1016.9054907484291,1021.8643949842894,866.6407205254778,1093.1817678596956,0,0,0,0,1036.5207527000307,868.6677825040954,42.199184413479955,70.22161324130988,4,7,978.01,969.9500513118502,986.0699486881498,937.7102565592508,1056.9008954926,1016.5893528000094,1014.75,1032.709250176309,1064.9490449289085,923.9538607077678,0,0,1.5,14.267651697643377,0.07911983835165047,-0.9015076516360185,4,18.593102795588592,30.809819123073172,0,1.9155517335662213,1056.9008954926,923.9538607077678,1,1,0,0,10,8,0,1,2089,0,22,8,,-1.0622526389074687,-0.8886844732142426,0,1.0742821944445762,0.7943374542515742,,,,,,0.7789670832232324,81.22186410264275,64.68253968253968,26.104463626345275,3,64.40839742462073,18.834491949784518,21.815783736211795,27.083724994791,,,,2357606
2026-08-03,975.02,1012.74,958.565,1006.76,986.3411556340286,952.6366800865799,1015.939253534293,1021.2720657692192,868.0349422117915,1089.5579352860295,0,0,0,0,1036.2331755672215,869.2220412583707,62.68930647862291,65.08539874433201,4,8,990.1686616001073,,,950.3289444765544,1094.4406945,1021.6547932970315,1014.75,1036.2331755672215,1068.1049492660638,940.27956328,0,5.5,0,15.981506163188644,0.09184131205806766,-0.5691772756943742,4,18.269892971109467,49.15351564143232,0,1.7518828154480914,1094.4406945,940.27956328,1,1,0,0,8,8,0,1,2217,0,23,0,,-1.0954702499369955,-0.5538809358239567,0,2.5711965805357844,0.3577976433353707,,,,,,0.6742742958714582,77.45843611912994,61.507936507936506,22.388918794173374,3,63.28876574961421,18.563297146247585,20.491425504607136,27.745124375034816,,,,2011361
2026-08-04,1046,1046.925,1000.011,1018.53,997.0707704226858,957.6617220779219,1016.1859912929318,1021.1645337782695,869.5324054733658,1086.0196133851948,0,0,0,0,1036.0490457234305,869.8710309142792,60.55211579079776,73.73393193888828,4,9,978.01,970.1923203913402,985.8276796086598,938.9216019567009,1094.4406945,1024.4283976271515,1016.6107180184918,1032.2460772358113,1063.5167956704506,946.82699127466,0,2,3.5,17.135369951568535,0.08567684975784268,-0.34579099189030593,4,17.19234188284657,37.35131978124547,0,1.985279782162745,1094.4406945,946.82699127466,1,1,0,1,8,19,0,1,2217,0,24,1,,-0.9503170424179581,-0.33084816723432653,1,0.8931067968486706,1.876637209583735,990.2349997447,1137.1671427842,876.8873465428001,1049.0078569605,990.2349997447,0.7593106732943387,73.34241514470774,57.53968253968254,23.148618772706975,3,59.556019284369256,17.66410218658663,23.29775381026279,26.258527385345058,990.2349997447,1137.1671427842,876.8873465428001,2187728