time,open,high,low,close,Sprint Line EMA,Hull Baseline HMA,MA 20 Fast,MA 50 Mid,MA 200 Slow,Weinstein MA 150,Golden Cross,Death Cross,Zone 0 Long,Zone 0 Short,AVWAP Resistance,AVWAP Support,Buy Score,Sell Score,Stage 1 Base 2 Up 3 Top 4 Down,Stage Age Bars,Long Entry,Long Entry Zone Bot,Long Entry Zone Top,Long Stop Loss,Long Target,Short Entry,Short Entry Zone Bot,Short Entry Zone Top,Short Stop Loss,Short Target,Entry At Market 0No 1L 2S 3Both,Long Rev Zone,Short Rev Zone,Ext Pct vs MA200,Exhaustion Gradient,Ext Z Self Relative,Regime 0 Hlt 1 Ext 2 Clmx 3 Dist 4 Dn 5 Ign 6 Sqz,Exp Move Pct 21b,Dir Prob Pct Above 50 Bull,Long Ignition Fresh Breakout,RR To Target,Long Target T1 Waypoint,Short Target T1 Waypoint,Long RR Valid,Short RR Valid,Long In Zone,Short In Zone,Action Long Code,Action Short Code,MTF Long Aligned 0 To 3,Bear Warning Mask,Reversal Pattern Mask,Weak Level Mask,Bear Warning Age,Reversal Pattern Age,Weak Level Age,Z Velocity,Z Elasticity,Trend Bars Up,Buy Sigma Evidence,Sell Sigma Evidence,VP POC,VP VAH,VP VAL,VP HVN Above,VP HVN Below,RVOL Vs Avg,Energy IV30 Ann Pct,Energy IV Rank Pct,Energy IV HV Spread,Energy State 3 Exp 2 Warm 1 Sqz 0 Dorm,HV20 Ann Pct,ADX 14,DMI DI Plus,DMI DI Minus,POC,VAH,VAL,Volume
2025-05-22,95.16753406,96.9729343,94.13017702,94.58900802,95.63168964999291,100.71563897066407,89.23893673998097,86.65543566742954,93.20229928644977,79.40675298189824,0,0,0,0,99.05119197611651,78.82151366940651,96.45599045802655,31.800376520499658,2,1,94.49869161835005,94.02328101471834,94.97410222198177,92.12163860019146,98.76835995,99.64047866141775,99.16506805778603,100.11588926504946,102.01753167957634,93.33454199234889,0,0,0,1.4878482013499303,0.03410590767341632,0.9490565965359259,0,11.244226477463181,94.69743710584454,0,1.796202398109528,98.76835995,93.33454199234889,1,1,1,0,19,10,0,1,1024,0,2,5,,0.9604017889521733,0.9539274316876825,21,6.498451842270275,-0.8090309532480124,,,,,,0.7251610920967112,77.72171385572467,68.25396825396825,99.53641322691264,3,38.951143101554905,27.61409769533317,33.32373518190062,18.098136431851263,,,,13245249
2025-05-23,92.02553917,93.60152391,90.69891911,93.13271832,94.79869920666194,100.22266724869262,89.60977308093517,86.90944675184407,93.2016069385249,79.79440743128391,0,0,0,0,99.03376182937639,79.11636214028405,96.9186726443152,45.252357920245245,2,2,91.71632697,91.24014132993126,92.19251261006873,89.3353987696563,97.288252175,94.52213636645007,,,96.90306456679377,87.77795606,0,2.5,0,-0.07391355233858503,0.031111111111111114,0.6753139453377942,0,11.318300144386102,82.53640227002572,0,2.3402323531619533,93.32662733853128,93.32662733853128,1,1,0,0,8,10,1,1,1024,0,3,6,,0.7441328858612763,0.6793357623066891,22,4.381303587162925,0.9090082954868302,,,,,,0.9138250993719957,78.61327775154233,68.25396825396825,100.5044772303729,3,39.20774181078177,26.655747709877893,30.893105009192304,23.211733949336764,,,,16544976
2025-05-27,94.93811856,96.45425577,93.95063445,96.13506899,95.24415580110795,99.53182994709695,90.23122983417944,87.27123585922274,93.230795615654,80.19277800061082,0,0,0,0,99.02470258704847,79.48160772375489,96.95123496896788,24.015118308366926,2,3,96.13506899,94.09969515576124,95.0433530846389,90.17600273448934,98.76835995,98.34596419263488,97.94046923,99.02470258704847,100.91201844480379,93.32662733853128,1,1.5,0,3.115143826851935,0.05113127468981523,1.0237671043874688,0,11.279570887003265,96.26087870576247,0,0.4418965735722226,98.76835995,93.32662733853128,0,1,0,0,8,10,0,1,1024,0,4,7,,0.3904563516976503,1.024757823776956,23,4.187393690820864,-4.300414257855863,,,,,,0.9708361881054459,79.56633423466072,68.65079365079364,103.63205723430555,3,39.0735797277288,26.35557713912261,34.34964999787482,21.75277148996913,,,,17612618
2025-05-28,96.45425577,96.96295971,95.35705121,95.93557725,95.4746296174053,98.77752231876883,90.77450101663854,87.61101395297871,93.25770886574699,80.59451259003755,0,0,0,0,99.01895752988356,79.68947455446391,97.62209725747456,26.531284058336354,2,4,94.59372909720008,94.14126373289974,95.04619446150042,92.33140227569838,98.76835995,98.3453540980687,97.94046923,99.01895752988356,100.82881898708493,93.32662733853128,0,0,0,2.8714713419649196,0.054357356709824604,0.9069301785328134,0,10.861523931645678,90.76248172755345,0,1.8452819518043189,98.76835995,93.32662733853128,1,1,0,0,8,10,0,1,1024,0,5,8,,-0.034667597093718354,0.9123998388444098,24,4.964255013390095,-0.7507742044130429,,,,,,0.5895130351537408,81.59049412010569,69.44444444444444,116.84937601762628,3,37.62542259447116,26.177343297540308,34.264955257320146,21.063433788469887,,,,10500295
2025-05-29,98.33945271,99.37680975,95.86575514,96.55400164,95.83442029160354,98.1556508648537,91.32492964743487,87.96171935246974,93.29050779882414,80.99769810985596,0,0,0,0,99.01258246756935,79.98138306682814,97.49523305947713,27.605360572798297,2,5,94.61400775760006,94.1625126460176,95.06550286918252,92.35653219968776,98.76835995,98.34467710030083,97.94046923,99.01258246756935,100.81856291389919,93.32662733853128,0,0,0.5,3.4982056783455437,0.061935472836172165,0.9101115735509396,0,10.82055730988852,88.89518338311224,0,1.8402645281536778,98.76835995,93.32662733853128,1,1,0,0,8,10,0,1,1024,0,6,9,,0.15809578357956028,0.9175817072314242,25,4.374530058914397,-0.7746723967497108,,,,,,0.8339605650558349,83.1589053158012,69.84126984126983,121.85463740262325,3,37.48351005387545,26.473285851963485,36.65935855238354,19.60093444050531,,,,14640052
2025-05-30,95.79593304,96.36438475,91.98564082,94.2199483,95.29626296106902,97.42124318531515,91.60064570958393,88.20714009551014,93.29975596301495,81.38606291402193,0,0,0,0,98.99255152018283,80.37040921293683,98.48263069867852,42.12030974456208,2,6,93.13271832,92.672683923352,93.592752716648,90.83254633676,98.76835995,94.61486489965007,,,96.91503688289006,90.69891911,0,0.5,3,0.986275180987427,0.053820264793826025,0.5291208913343407,0,11.40163273429943,90.57259330641021,0,2.4500957628662707,93.36165953309869,93.36165953309869,1,1,0,0,8,10,2,1,1024,0,7,10,,-0.055142343885019963,0.5359308531323188,26,6.5397174901551525,0.7959800624253373,,,,,,1.321713709655492,84.21667037389108,69.84126984126983,113.22611613488178,3,39.49641437009414,25.55595907290079,33.408957632883215,25.39373286340126,,,,23758198
2025-06-02,94.33964334,98.98780086,94.16010078,97.93049464,96.17434018737934,97.00076080146275,92.20348846486165,88.58844811686268,93.345832964776,81.78363993972575,0,0,0,0,98.98941256886675,80.70421896668854,97.85008294790669,22.004726456184553,2,7,97.93049464,92.66243905811257,93.60299758188742,90.40602644980116,98.76835995,98.55862738747597,98.08834812558854,99.02890664936339,100.9100236969131,93.94250729257999,1,0,0,4.911479741097851,0.07789073203882259,0.9781304743148275,0,11.43777954334519,96.67805228905297,0,0.11135209676231697,,93.94250729257999,0,1,0,0,8,10,1,1,1024,0,8,11,,0.04455277617727138,0.9757571250457819,27,4.298151925113707,-4.826632874145972,,,,,,0.9427906355195294,89.44465169363541,73.80952380952381,125.74702343751152,3,39.621630589691634,25.23036476118164,35.32752100713396,23.066215241134,,,,16850336
2025-06-03,98.10504991,102.66842344,96.71359503,101.99015153,98.11294396825289,97.2913226778026,93.13555161392244,89.1140051134563,93.43184608482797,82.2133907763756,0,0,0,0,99.00134291940437,81.23703109220018,98.67766774346225,12.12947465160649,2,8,101.99015153,97.32997686,98.76835995,94.15245558052965,104.85126661232634,104.85126661232634,104.36141061548444,105.34112260916824,107.30054659653582,97.32997686,1,3,0,9.15994471242904,0.10357750133992298,1.4157480000748215,0,11.74101201700123,98.27395317924162,0,0.3650454292654309,,97.32997686,0,1,0,0,8,10,1,1,1024,0,9,12,,0.3293568284583572,1.4036881507723096,28,6.631891011388751,-4.586086292481492,,,,,,1.237834250151208,89.99770410306343,73.80952380952381,121.27649054064725,3,40.67205869144574,25.572244449079207,38.20177919416994,20.56264869164566,,,,22757621
2025-06-04,102.11982116,103.64593296,101.44154925,102.98761022,99.73783271883526,98.19165005317791,94.07384290973935,89.65806805881095,93.52692831502868,82.6777775607292,0,0,0,0,99.01148177148133,81.58069887592204,98.52207799566209,8.36243385659045,2,9,102.98761022,97.32997686,98.76835995,95.4317837392301,104.90750845685974,104.90750845685974,104.43296017666727,105.38205673705222,107.28024985782213,97.32997686,1,0,3.5,10.115463081503863,0.11279953762974154,1.4018331854276902,0,11.688528362990228,95.85181558256075,0,0.25409506713077995,,97.32997686,0,1,0,0,8,10,1,1,1024,0,10,13,,0.45858202720888797,1.38985915965691,29,5.023957377306549,-3.6040967663338455,,,,,,0.790841566948088,89.78920577849622,73.41269841269842,121.7551282618248,3,40.4902499808179,26.047762489013877,38.45652469216119,19.70980817952275,,,,14595879
2025-06-05,106.02985924,108.75292148,105.26181605,106.01988466,101.83185003255684,99.80256441253377,95.21156117166895,90.29970792552425,93.65123633836173,83.19267148306297,0,0,0,0,106.01988466000002,82.32117445276758,99.48000143464044,7.957238315233016,2,10,100.63399705742,100.1418690895627,101.1261250252773,98.1733572181335,105.54843607844813,110.24521303,109.7530850621427,110.7373409978573,112.7058528692865,100.63399705742,0,0,0,13.207138320043502,0.13270235826688417,1.639258680239228,0,11.730658779933924,96.72718501431248,1,1.9972199679792009,105.54843607844813,100.63399705742,1,1,0,0,10,10,1,1,1024,0,11,14,,0.9205516199370335,1.6280498664160714,30,6.56518114625466,-2.8242283675327724,,,,,,1.5069678745158153,89.38941570466966,72.61904761904762,119.9748717781948,3,40.63619402619898,27.220425715590995,43.69951744227789,17.648185955447506,,,,28863453
2025-06-06,107.80533572,110.76778804,107.76553712,108.28411589,103.98260531837123,101.93521012109133,96.45656638293858,91.00497882609193,93.79683712992032,83.76855624470944,0,0,0,0,106.96580196317778,82.87359758907307,98.70419514049843,11.131803238832177,2,11,108.28411589,,,93.64019828659845,,156.41363619,,,158.91047601308748,97.32997686,1,0,0,15.445380892761861,0.17423265983893607,1.7461596032577242,0,11.622839887951002,92.97038676665589,0,0,,97.32997686,0,1,0,0,10,10,2,1,1024,0,12,15,,1.207157154112125,1.73277590377424,31,5.058288749166793,-1.9689303598875365,,,,,,1.0725180065201052,89.1093444025958,72.22222222222223,121.31985157725269,3,40.26269842833858,28.557143104382515,43.59233855757311,16.150008550533116,,,,20710120
2025-06-09,109.23170165,112.24402691,108.30406507,110.66804217,106.21108426891415,104.44249786086189,97.81004026742062,91.77607934938244,93.96470981688628,84.41465390464492,0,0,0,0,108.03610850397835,83.43759051499214,97.94019683790361,6.304163996504102,2,12,110.66804217,,,97.77795825343289,,156.41363619,,,158.90891205340264,93.94685390003599,1,2,0,17.776176168334196,0.23336043387306943,1.8455885249410655,0,11.653943550514022,96.58981682060833,0,0,,93.94685390003599,0,1,0,0,10,10,1,1,1024,0,13,16,,1.551391979806743,1.8314387270333126,32,4.27792239487522,-5.160804879529916,,,,,,1.0250550721831526,89.52693359702393,73.01587301587301,121.76355577800831,3,40.37044467605983,29.97377913390547,43.145102456483826,15.005835801469555,,,,20159672
2025-06-10,111.24656822,114.63104531,110.94733061,113.84993541,108.75736798260944,107.30163937147879,99.33764932861865,92.6417207635243,94.1625727581113,85.14234910646755,0,0,0,0,113.84993541,84.12424190271291,98.3363394553877,3.8439189066713486,2,13,113.84993541,,,97.77821978066714,,156.41363619,,,158.9075978461953,94.29052428432,1,2,0,20.907842760905034,0.24797002621583328,2.022702246763655,0,10.014406484708095,97.57028943158478,0,0,,94.29052428432,0,1,0,0,11,10,1,1,1024,0,14,17,,1.5074464992904646,2.00294506293159,33,5.367137854986773,-5.248659573212585,,,,,,1.1813702069764944,89.32218508036784,71.82539682539682,157.47999983575235,3,34.69092167832331,31.559414355374788,44.357274251383956,13.941332982161722,,,,22949441
2025-06-11,115.3062251,116.96200654,114.43843604,115.73513234,111.08328943507296,110.33239559346968,100.89931437732164,93.54734474691551,94.37722509225944,85.95234149012734,0,0,0,0,114.76428813524912,84.78242875833249,98.42543007190949,2.5725199978685613,2,14,115.73513234,,,97.78602224658064,,156.41363619,,,158.86838947477065,95.73105832446001,1,2,0,22.63036153782009,0.28153766171637296,2.0136523879223773,0,9.196537220720034,97.36836064932822,0,0,,95.73105832446001,0,1,0,0,10,10,1,1,1024,0,15,18,,1.6715312766626247,1.9966253704436987,34,5.1526219554140225,-5.331796425045171,,,,,,1.131248842319999,86.89207891332225,69.04761904761905,172.75029691623988,3,31.857739439970743,33.27625968970588,46.08593812469907,13.152294932189724,,,,21614059
2025-06-12,113.81502435,116.18398875,113.23151102,115.88475115,112.68377667338197,113.20959758392382,102.32649883186244,94.4233214686051,94.59123032666481,86.83265173313933,0,0,0,0,115.07469675759577,85.28579221288024,97.02760128016145,7.2755106595559695,2,15,115.88475115,,,97.7946852098664,116.22874017457042,156.41363619,,,158.82485699594775,95.73105832446001,1,3.5,0,22.51109405153032,0.2776984623087053,1.8069083043871497,0,8.835727551440598,89.37942256030408,0,0.01901535493064536,116.22874017457042,95.73105832446001,0,1,0,0,10,10,1,1,1024,0,16,19,,1.6100328252973186,1.8021144992312408,35,3.6742255058354827,-2.2192901351207968,,,,,,0.9201706092610283,83.62210836102876,66.26984126984127,173.20470494007284,3,30.607858081862528,34.444009172403334,43.566695115179655,14.667914336187588,,,,17076501
2025-06-13,113.51079945,116.80241315,113.37115524,115.3062251,113.55792614892131,115.6330875669277,103.56266323835173,95.2422588659147,94.79734967764327,87.76820299609336,1,0,0,0,115.125786828726,85.77427867647965,95.84346868853602,4.694943771701604,2,16,115.3062251,107.8056815089847,108.76255027101529,107.26665310143979,118.10946756987316,156.41363619,,,158.8058080950765,95.73105832446001,1,3.5,0,21.634439667455695,0.30017086483399663,1.5506626502664032,1,8.92274980046866,94.37215882772456,0,0.3486805604048546,118.10946756987316,95.73105832446001,0,1,0,0,10,10,3,1,1024,0,17,20,,1.7893226653070786,1.555658240135865,36,3.3932460523111203,-4.673386045977014,,,,,,0.9578612666252276,79.51800308665226,63.492063492063494,157.26228749061647,3,30.90931199527356,35.60295754047709,41.93103777441967,13.728664075964538,,,,17453016
2025-06-16,117.51060882,120.65330193,117.02185406,119.53544997,115.55043408928087,117.89319683847143,105.08388102231824,96.19493302685923,95.04349992930851,88.7738844588382,0,0,0,0,116.06392885513107,86.43390843209616,96.81863060822283,6.271599673831561,2,17,119.53544997,,,107.25315306775256,120.69996427023402,156.41363619,,,158.87364746033887,98.01227887548,1,2,0,25.769200480735794,0.3208624654359251,1.8481886311705364,1,9.162429726457383,93.15281194112274,0,0.09481242063289747,120.69996427023402,98.01227887548,0,1,0,0,10,10,2,1,1024,0,18,21,,1.7539094820357473,1.8503106436274062,37,4.615448184712392,-2.8441937689677386,,,,,,1.1770465218703452,70.605298259888,57.142857142857146,122.45184505399416,3,31.739587614007192,37.109265794394084,44.85060187862744,12.396494264812414,,,,21374055
2025-06-17,119.29605988,123.19612338,119.04669521,120.03417932,117.04501583285392,119.86256849090346,106.50771895543079,97.12980543051181,95.29216340583281,89.83913638660356,0,0,0,0,120.03417932,87.06195888965598,97.28287787546279,36.45748832899779,2,18,120.03417932,,,107.25125714733497,123.03288298106702,156.41363619,,,158.88317469861826,99.58374253158,1,0,0,25.964376324205425,0.28246775529703233,1.7054516808130888,0,9.175352440981685,78.05593155624737,0,0.23458671034385473,123.03288298106702,99.58374253158,0,1,0,0,10,10,2,1,1024,0,19,22,,1.403389211630264,1.7136222914278243,38,4.586902230853098,1.36279910371016,,,,,,1.1274647208854247,58.560898995739386,50,84.24442557739627,3,31.78435321026279,38.755071273435945,46.083079733393774,11.466621958202696,,,,20837736
2025-06-18,120.15387436,122.66747027,119.87458592,121.51041818,118.53348328190262,121.62166375941084,107.93654745300881,98.08590789127605,95.5530415627897,90.95823871878399,0,0,0,0,120.76046290728303,87.67445199870359,96.97410462434061,24.475287587062734,2,19,121.51041818,,,107.26154808820523,125.33211929891698,156.41363619,,,158.83146142791338,100.33818039162,1,2,0,27.165411160829684,0.29624896662642963,1.6839539827175372,0,9.030150629303456,90.26796364256545,0,0.26821081912436745,125.33211929891698,100.33818039162,0,1,0,0,10,10,2,1,1024,0,20,23,,1.4300419532449165,1.6996684021505155,39,4.0491753449200925,-2.155389811731081,,,,,,1.0691748605126257,43.680745410050584,35.317460317460316,39.63825829803186,3,31.281359379907308,40.283319218260544,43.70666890365809,10.875311551875578,,,,20180011
2025-06-20,122.45800394,123.84447153,120.07407766,123.28589466,120.11762040793508,123.23674240074847,109.39839004415083,99.07414266652013,95.82899034982663,92.12817495549136,0,0,0,0,121.81255845646237,88.5703510977263,98.31061564951295,16.794980200230196,2,20,123.28589466,114.8235361819768,115.7889140180232,114.24941850106693,127.53669572156025,156.41363619,,,158.82708078011598,100.33818039162,1,3,0,28.65198121146963,0.29042347882992947,1.6901628067463785,0,8.288567969035004,96.57013026549524,1,0.47040472268142874,127.53669572156025,100.33818039162,0,1,0,0,11,10,3,1,1024,0,21,24,,1.2884196932917613,1.7037743779492285,40,7.084375133762191,-2.626284078643036,,,,,,1.498177163501565,32.38320300356625,26.984126984126984,12.784566894901205,2,28.71244168871321,41.819437367077924,42.83559563143162,10.11683339666027,,,,29290388
2025-06-23,123.35571677,124.19268436,119.50552621,121.76975744,120.66833275195673,124.37915775119609,110.57661551042219,99.96416677528404,96.087107435301,93.3272873001017,0,0,0,0,121.80187081657911,89.2244363922511,97.85558698060132,53.45140516435414,2,21,115.3062251,114.81616433549632,115.79628586450369,112.8559212774816,128.9811218473298,121.80187081657911,121.31181005207543,122.29193158108279,124.25217463909752,101.76374217029999,0,2,0,26.72850779902194,0.24919809455066524,1.3642034836128407,0,8.342854318804715,63.512943703054255,0,5.580898426414249,128.9811218473298,101.76374217029999,1,1,0,1,8,8,2,1,1024,0,22,25,,0.9806193342630746,1.3711933877856481,41,4.391380341442245,3.3856847247689137,,,,,,1.166555780772841,32.4858258692608,27.77777777777778,12.405776211325307,2,28.900495120630403,43.00383406677841,39.17757237994423,10.288749885246277,,,,23399222
2025-06-24,124.79205729,127.77445879,124.64243849,127.58494163,122.97386904463782,125.69806499724413,112.19645609323912,101.04733441664546,96.40051872082039,94.58036289080356,0,0,0,0,123.0737831684322,90.05922109200115,98.29874927004056,32.82820100787768,2,22,127.58494163,,,114.22356749455275,131.024478409638,143.0444826,,,145.58783174546352,103.97727876804,1,2,0,32.348812353895006,0.30672846060326175,1.8213009156117068,1,8.450414603303141,93.47362418091541,0,0.25742388056577364,131.024478409638,103.97727876804,0,1,0,0,10,10,2,1,1024,0,23,26,,1.1998751906702936,1.804463353855302,42,5.377221378507576,-2.190878855207493,,,,,,1.2855389340022783,38.80979159619788,32.93650793650794,32.57836850099417,3,29.273094875886073,44.473260985522906,41.33529782330599,9.204323638447509,,,,26420607
2025-06-25,126.28824533,127.17598357,125.30076122,126.9266189,124.29145232975854,126.93678217848483,113.59932874150206,102.06220831795348,96.70426101116048,95.87070986146082,0,0,0,0,124.02547846241659,91.21824069803213,99.85310433717802,13.941634730849973,2,23,126.9266189,,,114.23942689037088,132.71182029769457,143.0444826,,,145.50813628909114,103.97727876804,1,4.5,0,31.252353901294583,0.2807062139509174,1.5598855291952487,0,8.520625302373295,97.07379012632316,0,0.4559875339873332,132.71182029769457,103.97727876804,0,1,0,0,11,10,2,1,1024,0,24,27,,0.8952227040269027,1.5459152276315227,43,8.255643827094469,-1.986861419275158,,,,,,1.820867091198124,43.185376311352705,35.714285714285715,46.31020467165731,3,29.516311871934946,45.837728838642796,39.6244010965333,8.823350281185343,,,,39406992
2025-06-26,129.20082472,129.5200115,123.47541181,125.67979553,124.7542333965057,127.87142040675194,114.74984938802568,102.98838820862197,96.99257478746735,97.18033442633545,0,0,0,0,125.67979553,92.85934115917208,99.92747528082373,45.47339884358873,2,24,115.3062251,,,112.74869847396896,133.69902950796788,143.0444826,,,145.60200922603104,105.05603034282001,0,4,5.5,29.576718429624993,0.2767724810370139,1.2733115094086465,0,8.70753185219164,95.68320297912378,0,7.1916375066292595,133.69902950796788,105.05603034282001,1,1,0,0,3,10,2,1,1024,0,25,28,,0.6647832325290888,1.26555827702171,44,9.197696662340306,0.1979184493130191,,,,,,2.5845802074310122,44.97953202227051,38.888888888888886,49.11771419213948,3,30.163775153040497,47.329187765096,39.535188759285674,7.8923862900181,,,,62678063
2025-06-27,124.82198105,127.21588192,123.07642833,124.44294675,124.6504711810038,128.38064120675023,115.67300151773752,103.82974344553875,97.26571281694528,98.4928989353367,0,0,0,0,125.2215535365452,93.72040266891587,99.50393036126316,25.68897550663645,2,25,123.28589466,122.7739660223978,123.79782329760219,120.72625147198902,134.11734261958594,125.2215535365452,,,127.78119672455618,105.05603034282001,0,3.5,2.5,27.941227330747537,0.273039469987071,1.024289258993481,0,8.99451868686115,94.53226012768542,0,4.2316241616483765,134.11734261958594,105.05603034282001,1,1,0,0,8,10,3,1,1024,0,26,29,,0.5648966403046136,1.0175949929380133,45,6.6343501361654695,-1.6790143625303235,,,,,,1.454414647988271,46.19411900454766,44.04761904761905,48.25800007070969,3,31.157926710542423,48.52872609972657,36.68089027514876,8.018453338709648,,,,36888608
2025-06-30,124.57760367,124.76213353,121.54034194,122.93678412,124.0792421606692,128.29572811027532,116.36479033700061,104.57903915826272,97.52114636224931,99.79323153666462,0,0,0,0,124.79584825196336,94.20455078071137,99.31084715624273,28.689638956743224,2,26,117.02185406,116.51772575731582,117.52598236268418,114.5012125465791,133.42015952963524,124.79584825196336,124.29171994927918,125.29997655464754,127.31648976538426,105.05603034282001,0,4,5.5,26.061668372254847,0.26808611963905205,0.7805302266141454,0,8.533237057533034,90.33207920475681,0,6.505607950326988,133.42015952963524,105.05603034282001,1,1,0,0,8,10,2,1,1024,0,27,30,,0.4997065599378845,0.7732911350121987,46,5.855472410455091,-0.5840547005871264,,,,,,0.9006292456398677,46.924965470746535,45.63492063492063,58.744807296387066,3,29.56000027335352,48.931782443428915,34.587846996763965,10.281462378064823,,,,22799675
2025-07-01,122.034084,123.67480381,118.77738136,120.5827816,122.9137553071128,127.55025943574329,116.76650379061961,105.20663690107594,97.75061536959011,101.06375196334778,0,0,0,0,124.08526097871218,94.67207725504564,99.15428789024558,21.168541966207446,2,27,117.02185406,116.51000793563254,117.53370018436745,114.46262343816272,129.5200115,123.64418226720946,123.13233614284201,124.15602839157691,126.20341288904673,105.05603034282001,0,6,1.5,23.357567769862765,0.25901006107153607,0.4841337160762313,0,8.689195919406236,93.1561483274186,0,4.883560447173605,129.5200115,105.05603034282001,1,1,0,0,8,10,2,1,0,0,28,,,0.04283957547660387,0.4761498486013498,47,5.683770808806443,-2.019848093970986,,,,,,0.9654580012522026,42.36071971251382,34.92063492063492,40.73208358937186,3,30.100257618663523,48.14860737957754,31.633009136409992,14.222786987411506,,,,24825833
2025-07-02,120.19377271,122.68741944,117.75997349,121.43062149,122.41937736807519,126.52023997625538,117.21070547627488,105.84287159083766,97.98623732103697,102.3077297346466,0,0,0,0,123.64450885167538,95.22041827205926,98.87579047575557,15.48134728245983,2,28,121.43062149,116.50257331996237,117.54113480003763,113.60572756969891,129.5200115,123.57723257702665,123.05795183698902,124.09651331706428,126.17363627721483,105.73997779634001,1,2,0,23.92620107674007,0.26629767205036703,0.5218035767242871,0,8.089788799565717,93.09142390566775,0,1.0338018754494196,129.5200115,105.73997779634001,1,1,0,0,8,10,2,1,0,0,29,,,0.062039170911742096,0.5139732473487725,48,5.230186546749252,-2.520411624049962,,,,,,1.1252785593284498,40.39271258784154,33.73015873015873,44.13691175189531,3,28.023850446698916,47.02705958499497,28.952963815724488,14.767131487481674,,,,29303779
2025-07-03,122.01413482,123.31581842,121.52039277,121.97922377,122.27265950205013,125.44226520685106,117.66485007567728,106.47566971551069,98.22497350460874,103.52641544463758,0,0,0,0,123.52823853607451,95.46604435839608,98.20038981027415,14.571203297005141,2,29,119.50552621,119.0065048359472,120.0045475840528,117.01041933973598,129.5200115,124.19902455961989,123.70000318556708,124.69804593367269,126.69413142988391,107.66798565452001,0,2,0,24.183514047246558,0.2720286813473439,0.5263134544457545,0,8.099769493442425,89.91101480296854,0,4.013649839752278,129.5200115,107.66798565452001,1,1,0,0,8,10,3,1,0,0,30,,,-0.0031949315700517014,0.5204465086791366,49,4.458485149509909,-2.0183084285544672,,,,,,0.5100466763284722,40.52307542987627,34.12698412698413,44.42391556186871,3,28.058424584477414,46.11071402334305,29.10071477836521,14.269032458193239,,,,13247931
2025-07-07,120.98581847,121.31029769,118.72045437,119.72783753,121.42438551136675,124.19086461503203,117.86132507132706,106.99536257098086,98.43893235063254,104.70616864185492,0,0,0,0,123.17987007759281,95.78372459901124,96.54387695023524,12.058728964882633,2,30,119.50552621,119.01305306445097,119.99799935554903,117.04316048225483,129.5200115,124.44294675,123.95047360445098,124.93541989554903,126.90531247774517,109.77946793835338,0,4.5,0,21.626509624807674,0.26368810367959394,0.26484566885064015,0,8.227042481422705,88.339296441382,0,4.067017818336216,129.5200115,109.77946793835338,1,1,1,0,19,10,2,0,0,0,,,,-0.2652023058266882,0.26140226832571295,50,3.454633922901234,-2.5582529688241835,,,,,,0.751263884668091,47.62426308881593,48.01587301587302,67.10671651673887,3,28.49931114770331,44.19932766847565,27.38139479950371,18.502300878293777,,,,19148367
2025-07-08,122.24879141,125.24897613,121.75458461,124.22062663,122.3564658842445,123.40794864811471,118.46697283881971,107.67086312231494,98.69546662206903,105.8755494864455,0,0,0,0,123.29600791040771,96.28494440285613,96.49600141032957,15.287599758383095,2,31,124.22062663,118.99893383734732,120.01211858265268,116.97256434673663,129.37523433624875,124.44294675,123.93635437734733,124.94953912265268,126.97590861326337,117.75997349,1,2,2.5,25.862545546973838,0.28931272773486927,0.6680713749186189,0,8.66657883078163,86.4018779201644,0,0.7111704487075606,129.37523433624875,117.75997349,1,1,0,1,8,10,2,0,0,0,,,,0.12173280818470938,0.660657898473626,51,3.962039893405766,-1.5356536947442239,,,,,,1.0183800289310074,59.27456250779621,53.17460317460318,97.4376815129424,3,30.021909725429314,43.25136539294589,31.658773089225914,16.701864749237476,,,,26238160
2025-07-09,124.61499367,125.94785443,121.08565823,122.04411991,122.25235055949634,122.71895358980562,118.80765351226546,108.23452025124377,98.92779153040665,107.02074632171646,0,0,0,0,123.19577651796682,96.6342492331234,96.49757969988161,16.857825892913066,2,32,119.50552621,118.99170654075108,120.01934587924892,116.93642786375544,128.65275179827282,124.44294675,123.92912708075109,124.95676641924892,127.01204509624456,117.75997349,0,0,3,23.36686993814905,0.28127879413518975,0.40171182953034057,0,8.847696501155847,86.33533248619388,0,3.560480898539363,128.65275179827282,117.75997349,1,1,0,0,8,10,2,0,0,0,,,,-0.3843334783324983,0.39518216496398306,52,3.9820410250657012,-1.5434818102240202,,,,,,0.7937974368979253,72.18475117714542,59.92063492063492,135.51828161186702,3,30.649319739902626,42.50283128369113,30.198363970296864,15.290729325372233,,,,20463955
2025-07-10,124.08085096,124.15073879,121.82447244,122.9127258,122.47247563966422,122.27326784321471,119.19861277776398,108.81013615511655,99.16644759279066,108.14865668811107,0,0,0,0,123.17971264476708,96.89933820596114,96.74334482481447,8.695158351512072,2,33,119.50552621,119.00763771042958,120.00341470957042,117.0160837121479,128.31514509448266,124.44294675,123.94505825042958,124.94083524957043,126.9323892478521,117.75997349,0,2,3,23.9458796635725,0.2886182872067514,0.44736691787961064,0,8.504090273992105,96.85509631376762,0,3.538791874921251,128.31514509448266,117.75997349,1,1,0,0,8,10,2,0,0,0,,,,-0.290442556552899,0.44239954683612626,53,4.189817294443083,-6.533360919450932,,,,,,0.6054193233736825,82.49968265562741,65.47619047619048,180.04884975736212,3,29.45903285341332,41.807763896526,28.938589693709577,14.65285147565462,,,,15378419
2025-07-11,121.92930418,124.61000168,121.04572233,124.33045036,123.09180054644281,122.22264161021126,119.68735921416742,109.41877592785708,99.41683568002658,109.26720491869386,0,0,0,0,123.24319162662067,97.18108706627952,97.08351535389397,6.781317651591604,2,34,124.33045036,121.48507481191676,122.47337272808325,117.09253066533405,128.2447795438271,124.76213353,,,127.23287832041622,117.75997349,1,5,0,25.059754225288334,0.29863210445977506,0.5386195441807636,0,8.441215487231391,92.67118948034498,0,0.5408085954189011,128.2447795438271,117.75997349,0,1,0,0,8,10,3,0,0,0,,,,-0.12671526707784622,0.5328391118626271,54,4.403612829316179,-3.5235935678278327,,,,,,0.630011422412407,94.54702190350031,76.58730158730158,223.33464670836815,3,29.241228203044084,40.84605914262899,27.074901774593954,15.116277292461838,,,,15820592
2025-07-14,120.18710041,120.24700427,116.83248455,118.4199367,121.53451259762853,121.78237201883076,119.56665230805623,109.77176262480387,99.60592126231488,110.3422261425135,0,0,0,0,122.75743880208641,97.61490662794817,97.10231710504624,27.713389428729556,2,35,117.75997349,117.23417476276198,118.285772217238,115.13097985380993,125.94785443,122.18674777855637,121.66094905131835,122.71254650579438,124.81574141474643,116.52404927668819,0,4.5,3,18.888450806190423,0.09444225403095213,-0.06271012624280138,6,9.929441270599845,78.35340588211773,0,3.114454454087572,125.94785443,116.52404927668819,1,1,0,0,8,10,2,0,512,0,,0,,-0.4246494672549859,-0.06267649266481849,0,4.25140949421739,0.3677402501309756,,,,,,1.2418090927602845,107.41398647633405,80.95238095238095,212.28088427525336,3,34.3965935429004,38.46151786212148,23.627651679190883,20.346117420377695,,,,32117724
2025-07-15,120.74620305,121.19548196,118.93111626,119.91753307,120.99551942175236,121.30921234189609,119.60006952347945,110.16963597559588,99.8080268524411,111.38724449625067,0,0,0,0,122.55131180544679,97.96338450334297,96.59274499753053,22.7004007398959,2,36,117.67660223567266,117.16357890627307,118.18962556507225,115.11148558867474,125.94785443,122.13178057945248,121.6187572500529,122.64480390885207,124.6968972264504,117.57933577229078,0,2,1.5,20.148185323099657,0.1007409266154983,0.08970784271542866,6,9.971345006808987,85.21388890678597,0,3.22451308559694,125.94785443,117.57933577229078,1,1,0,0,8,10,2,0,512,0,,1,,-0.23416456052207282,0.08685659986470323,1,3.826576380413359,-1.610227793288035,,,,,,0.9512151881914559,117.99402034448534,82.53968253968254,241.59824658627312,3,34.54175234318279,36.49812507547307,24.137029662810484,19.363295752354887,,,,24958888
2025-07-16,118.83427169,118.89916754,114.62632542,116.24342998,119.41148960783491,120.44190444559872,119.2803895669576,110.4078239757686,99.97156320196905,112.38257623892903,0,0,0,0,122.0356315994712,98.30714621722214,96.11357307946727,20.45915163873628,2,37,110.5877061436779,110.06408441236043,111.11132787499538,107.96959748709055,125.94785443,121.99426585785898,121.4706441265415,122.51788758917645,124.61237451444633,116.84272195988886,0,4.5,0,16.276495292123695,0.08138247646061847,-0.2594361484030091,6,9.816748129673107,84.25791337495751,0,5.866887246132755,125.94785443,116.84272195988886,1,1,0,0,8,10,2,0,512,0,,2,,-0.32491903295971303,-0.26031883008103446,0,3.6757029723451016,-1.5622047942763089,,,,,,1.1465784339707676,126.40211319195531,85.71428571428571,271.70299733432756,3,34.00621305140113,34.347450985115124,21.95930512492833,24.95661691762683,,,,30614775
2025-07-17,113.74743603,114.01700338,110.77221125,113.07850966,117.30049629188994,119.01231939968962,118.68973433772354,110.51255674769924,100.1019805796609,113.3130447807255,0,0,1,0,121.27599412631578,98.61544334350828,74.92147350538202,54.0974044397634,4,0,110.51255674769924,109.97748640138659,111.04762709401189,107.83720501613598,125.94785443,121.79169586501756,,,124.46704759658081,115.22330673938765,0,11,0,12.963309022654554,0.06481654511327277,-0.5280387756750808,4,10.135387617998504,37.91907400883163,0,5.7694461256059455,125.94785443,115.22330673938765,1,1,0,0,8,8,2,0,512,0,,3,,-0.5872906414914377,-0.5323863983476189,0,0.6392700252673418,2.4435097455434187,,,,,,1.2667793623327743,130.71171180567026,88.0952380952381,272.29183945183604,3,35.11001261755581,33.226859991561916,19.95449260813153,29.10941378145912,,,,34702434
2025-07-18,114.05693928,114.61604193,113.09847761,114.20669892,116.26923050125995,117.49231973831729,118.26277858365462,110.65742506818162,100.24232603578368,114.19024759272281,0,0,0,0,120.9567923031819,98.79480213653456,76.65662461047816,47.41703699087229,2,0,114.05688599007411,113.54630698751593,114.56746499263228,111.50399097728322,125.94785443,120.9567923031819,120.44621330062373,121.46737130574007,123.50968731597278,114.05688599007411,0,3.5,0,13.930615376214863,0.06965307688107432,-0.3662378208745321,0,10.101753474717185,61.49130175270943,0,4.657836840272728,125.94785443,114.05688599007411,1,1,1,0,19,10,2,0,512,0,,4,,-0.5505921345957918,-0.37644408996480233,0,1.2781933655152002,-0.05981611063735448,,,,,,0.7074198048978553,133.2783901021267,89.68253968253968,280.8661268323869,3,34.99350052749122,32.00434277228334,20.465522707172834,28.326747316637356,,,,19349851
2025-07-21,113.40298887,115.73424721,112.48945509,113.04855773,115.19567291083997,115.89223889307443,117.7661861214018,110.75119497648822,100.3697512267709,115.00987740801331,0,0,0,0,120.56746029400949,98.98039251213945,46.50311955788702,70.63059281887658,4,0,112.72911458777749,112.22603415575918,113.2321950197958,110.21371242768595,125.94785443,120.56746029400949,120.06437986199118,121.0705407260278,123.08286245410103,112.72911458777749,0,0,0,12.632099161612121,0.0631604958080606,-0.4379587929338399,4,9.949819807118143,17.529328632450557,0,3.1161401666072965,125.94785443,112.72911458777749,1,1,1,0,10,8,2,0,512,0,,5,,-0.49059983545932395,-0.4529448607198068,0,-1.7365889552521203,3.452309792188933,,,,,,0.8219161261876176,133.64650450595525,89.68253968253968,287.7499635599663,3,34.46718686416757,30.52600829419059,21.271524205600677,26.695468715194963,,,,22189833
2025-07-22,112.67415864,112.81892629,107.9517381,109.04498344,113.14544308722665,113.96503983644672,116.93559538983972,110.68428472015535,100.4560719453105,115.75179262398716,0,0,0,0,119.89539564140887,99.14260706768766,29.728222617750557,76.26878532159482,4,1,103.97727876804,103.46462533446942,104.48993220161057,101.41401160018714,125.94785443,110.62388530257739,110.11123186900682,111.13653873614797,113.18715247043025,103.97727876804,0,0,1.5,8.549917718627706,0.045400251123710836,-0.7810585964835275,4,10.42075496018483,23.86415172190899,0,2.5930213665963606,125.94785443,110.59596499628022,1,1,0,0,10,8,1,0,512,0,,6,,-1.0212053002445785,-0.7959967993181704,0,-2.1001225293379564,1.8334104503513848,,,,,,1.0254928783779607,131.5221257440082,87.6984126984127,264.34181109152644,3,36.09855408853103,30.12333660872613,19.383289473052738,32.22882449457622,,,,27917613
2025-07-23,109.26463091,110.11227045,108.70153468,109.65400597,111.98163071481777,112.08034077055018,116.24211068318832,110.64388163191396,100.54759367689945,116.4264487795757,0,0,0,0,119.52799218212336,99.24958571298167,28.81142190457434,79.42023580300304,4,2,109.21220603366889,,,106.7690501023591,114.69035420702001,110.85301593348584,110.36438474722388,111.34164711974779,113.29617186479562,105.73997779634001,0,4.5,0,9.056817731872504,0.04528408865936252,-0.64996973339797,4,8.967737680911672,31.285729363708448,0,2.092800574707769,114.69035420702001,109.21220603366889,1,1,0,0,10,8,1,0,512,0,,7,,-0.8577094702734473,-0.6648610634259581,0,-0.8262596828892992,1.8940943092607267,,,,,,0.6647238300221415,124.2719592032816,83.33333333333333,300.0365067070227,3,31.06515458457782,29.749427186509138,18.883630195829774,31.39803510895139,,,,17809995
2025-07-24,110.88203499,112.54935894,110.07333295,111.55096136,111.83807426321185,110.55939330819305,115.79533455717038,110.67945338595655,100.65707992250245,117.04914630074371,0,0,0,0,119.21472824658531,99.39060118903626,23.988261048236495,74.43563578629332,4,3,111.06976561155243,110.59018528707703,111.54934593602782,108.67186398917548,125.94785443,119.21472824658531,118.73514792210992,119.6943085710607,121.61262986896226,108.46779650033704,0,3.5,0,10.822767207120389,0.05411383603560195,-0.40566652758261185,4,9.301434805033262,33.47342429323044,0,4.481806778876624,125.94785443,108.46779650033704,1,1,0,0,10,8,2,0,512,0,,8,,-0.7911484117091053,-0.4210411059935122,0,-1.4790904985521256,0.9150549360176115,,,,,,0.7854148806075824,115.56663172318518,78.96825396825396,258.66738483515456,3,32.22111533121424,28.625481444725015,22.402966056878604,29.705550972946067,,,,20293061
2025-07-25,110.81214716,111.32132992,108.65560839,111.0817145,111.58595434214124,109.42923373635843,115.34641836124939,110.6952283316053,100.76080762974122,117.62104416988979,0,0,0,0,118.96496016764534,99.49773672727821,59.229462922281314,75.48487619558483,4,4,110.73485189254376,,,108.37897212846158,125.94785443,111.72573514599998,111.25455919318354,112.19691109881641,114.08161491008215,107.9517381,0,5,0,10.242977515805853,0.05121488757902927,-0.41360813778054084,4,9.29678125442386,71.47258320483954,0,1.6019480720274724,125.94785443,107.9517381,1,1,0,0,8,8,2,0,640,0,,0,,-0.9091621410907564,-0.4315515393322515,0,4.224295691864276,1.3962520189587773,,,,,,0.6960402941731693,107.18157404432722,77.38095238095238,232.81040466136596,3,32.20499495903209,27.89951984975671,21.17381319549097,30.7622611730859,,,,16372323
2025-07-28,111.54097739,111.82052871,109.68395789,111.07173053,111.41454640476083,108.76743463820603,114.93930523446373,110.70999312369922,100.863403877505,118.14581671053416,0,0,0,0,118.77802320421573,99.58091174831722,73.1688352386919,72.67849079436716,4,5,110.74298758461629,110.28639053182246,111.19958463741011,108.46000232064713,125.94785443,112.04561450099996,,,114.32859976496911,107.9517381,0,1.5,0,10.120942046426128,0.050604710232130645,-0.3759742485683894,4,9.30716446594434,66.10910023682192,0,6.660081028709245,125.94785443,107.9517381,1,1,1,0,14,8,2,0,640,0,,1,,-0.5566962314076771,-0.3943980154733388,0,2.987413662032349,0.9416200418498661,,,,,,0.5792915922693225,97.40783907577473,73.01587301587301,202.12446721748205,3,32.2409634588305,27.062631983833263,21.265339026749167,29.47702061748569,,,,12932264
2025-07-29,111.8654566,113.35806098,110.49265993,111.78059281,111.53656187317388,108.51625477237012,114.6384754797529,110.75197742512277,100.97203262310195,118.63186399222023,0,0,0,0,118.57093445198038,99.69277361678795,60.436827724789566,71.10220148034273,4,6,110.76241049107509,,,108.51457591337159,125.94785443,112.37707770899996,111.92751079345926,112.82664462454066,114.62491228670346,107.9517381,0,1.5,0.5,10.704508868552873,0.05352254434276437,-0.2721639615298811,4,9.355403268899297,46.16316957512256,0,1.9687123122383454,125.94785443,107.9517381,1,1,0,0,8,8,2,0,640,0,,2,,-0.6093341192202264,-0.28958041605156465,0,0.31750432433150166,0.9197637022892289,,,,,,0.7563830695214272,85.62748535060094,62.698412698412696,164.21657247820957,3,32.408067574059075,25.787741125818297,23.108769953101913,27.799543382720003,,,,16653250
2025-07-30,112.41956726,114.70589771,112.22987172,114.55613807,112.54308727211593,108.88161369704244,114.6306338216812,110.90116019551012,101.10719785142929,119.10197106303515,0,0,0,0,118.4573799094702,99.82561563242744,71.64547536659235,65.55713127885397,4,7,114.20669892,113.76312513324791,114.65027270675208,111.9888299862396,125.94785443,121.19548196,120.75190817324791,121.63905574675208,123.4133508937604,110.94733061,0,1.5,0,13.301664475295901,0.06650832237647951,0.027375565486854124,4,9.658493528202346,57.577426664550686,0,5.293890604298635,125.94785443,110.94733061,1,1,1,0,14,8,2,0,640,0,,3,,-0.18330027957430975,0.010368236742572352,0,2.5404316950855748,0.3612902376871541,,,,,,0.7584684392815781,70.12974353428865,53.17460317460318,109.6052877681895,3,33.458003030843294,24.185842702775425,24.46108714018518,26.162632993415897,,,,16378824
2025-07-31,112.01022425,112.09009606,106.76863697,108.96511164,111.35042872807729,109.07581794649222,114.09106028056871,110.82523672274502,101.18538604833049,119.52304036178549,0,0,0,0,118.00135262003832,99.96907586930648,68.81842365676161,71.48281477394181,4,8,107.9517381,,,105.54463207668678,114.69035420702001,110.82523672274502,110.34381551808238,111.30665792740766,113.23234274605824,107.9517381,0,4.5,1.5,7.688586163967974,0.03844293081983988,-0.5374684634919279,4,10.69022149402882,49.59006109446144,0,1.1937565669790653,114.69035420702001,107.9517381,1,0,0,0,8,8,1,0,640,0,,4,,-0.36343092460523607,-0.5541558391663376,0,1.323879662285698,1.462030353823532,,,,,,1.3535660082472534,53.87217053862887,47.61904761904762,45.47459180186259,3,37.032013543645576,24.00663995668541,20.928192890853847,32.51254361943712,,,,29224343
2025-08-01,105.32096048,106.32934203,103.21434159,104.71193796,109.13759847205152,108.6460249738931,113.19781053575264,110.58549951636286,101.22047611710332,119.87426401353001,0,0,0,0,117.49687179942329,100.02944456817164,62.96379321706988,81.0101423945209,4,9,103.96722334454635,103.46884320762747,104.46560348146524,101.47532265995193,110.10946530500001,110.743774358994,110.24539422207512,111.24215449591289,113.23567504358843,107.9517381,0,5.5,0,3.4493631889829923,0.01724681594491496,-0.9228559496306005,4,11.164227089098382,35.53026221715585,0,1.120444436752673,110.10946530500001,107.9517381,1,1,0,0,8,8,1,0,640,0,,5,,-0.7482444449516286,-0.9422315625673278,0,0.8217418055690136,2.831232014348629,,,,,,1.0847262848628858,39.19503742236873,32.53968253968254,1.347210273065008,2,38.67401709111037,24.496255700350016,18.77204282512361,35.530488360829516,,,,24003253
2025-08-04,105.84511921,107.70713069,105.29100855,107.59730696,108.62416796803434,108.12099973751734,112.66442924282381,110.46831549454471,101.28392717026647,120.17904812246697,0,0,0,0,117.27075085099524,100.08829840651195,54.77590985501807,75.5276748249859,4,10,98.69695911565013,,,96.73886172387999,112.30892157032001,110.7845993567326,110.29507500879006,111.27412370467513,113.23222109644527,103.13004765969404,0,2,0,6.233348139355053,0.031166740696775264,-0.5480257224017046,4,11.618716631758005,45.27389832275888,0,3.1273425843721774,100.25871819059708,103.13004765969404,1,1,0,0,8,8,1,0,640,0,,6,,-0.4694790809845828,-0.5729158131659762,0,0.2577448294602349,0.9526020198868377,,,,,,0.6746033296385222,32.62181677416026,28.174603174603174,-18.948816410000056,1,40.24841504990079,24.5146884989051,20.25951042187096,33.58945218533825,,,,14780563
2025-08-05,109.12485525,110.45771602,106.65881323,108.88523983,108.71119192202289,107.74460971516321,112.3045064416025,110.40623409593512,101.3595621221046,120.44787625867356,0,0,0,0,117.0458188585178,100.17008502131846,59.068397288604345,72.94869929625928,4,11,107.9517381,,,105.50935260999894,114.69035420702001,110.76444340112104,110.27596630312082,111.25292049912126,113.2068288911221,103.97727876804,0,3.5,1.5,7.424733838953896,0.03712366919476948,-0.3646013298518764,4,10.913676972905053,52.0140294035366,0,2.7789080228601044,114.69035420702001,103.97727876804,1,1,0,0,8,8,1,0,640,0,,7,,-0.09286241636468547,-0.39854231733503775,0,1.1703070902142545,0.9732885683601211,,,,,,0.8299696711888709,32.300959956116685,26.984126984126984,-14.561481102811008,1,37.80608602893211,23.719266297531597,23.880359776669373,31.257074530965202,,,,17835962
2025-08-06,107.72709864,108.78040809,106.57894143,108.60568851,108.67602411801526,107.55952387639263,111.95223806716416,110.33562446511414,101.43166288218316,120.68143882706502,0,0,0,0,116.88370316042864,100.22695799532447,55.076428098010105,71.6370355369201,4,12,107.9517381,,,105.5808489664276,114.69035420702001,110.731278271493,110.25710044477852,111.20545609820748,113.1021674050654,103.97727876804,0,3.5,0,7.072767441612135,0.03536383720806068,-0.36427274610979604,4,10.856658133041925,46.75278101695635,0,2.848720088938204,114.69035420702001,103.97727876804,1,1,0,0,8,8,1,0,640,0,,8,,-0.16808386600472866,-0.40446620060191074,0,0.49784688031881474,0.9704536384234881,,,,,,0.6166307894948337,34.1655197667854,31.349206349206348,-9.154954532817387,1,37.60856697366897,22.998252527139883,22.84331597833233,30.05008007339925,,,,13021881
2025-08-07,113.95709953,115.09527276,110.61246764,111.69073702,109.68092841867684,107.8535986407489,111.92733320552948,110.38876613393319,101.53374322186293,120.90045675199723,0,0,0,0,116.74223240266558,100.33855179172639,67.70817920988124,40.216477087203124,1,0,110.75623875230195,110.25798805383494,111.25448945076897,108.26498525996686,114.70589771,114.9354911044027,114.43724040593568,115.43374180286972,117.42674459673779,107.66798565452001,0,0,3.5,10.0035648010562,0.050017824005281,-0.01678715282614447,0,11.309702203570364,82.56832418624376,0,1.5854103044311127,114.70589771,107.66798565452001,1,1,0,0,8,10,2,0,640,0,,9,,-0.08567700077053554,-0.047922651669479344,0,1.8769028036836812,-3.1184157668745347,,,,,,0.8914596971773514,36.14590940246504,32.53968253968254,-7.739168777454976,1,39.17795767011511,21.96420026240656,31.50294908672621,26.555487338478805,,,,18986483
2025-08-08,111.9902563,119.13868311,111.49105751,118.69948802,112.68711495245122,109.13752928095498,112.57230033071714,110.71467679613188,101.70454665269017,121.14551050885154,0,0,0,0,116.82032376773147,100.60720540928077,97.44380907392659,3.154740030783927,1,1,118.69948802,113.28340472528505,114.70589771,110.20438827134714,119.87722281068854,119.87722281068854,119.34627907639774,120.40816654497934,122.53194148214256,113.23151102,1,3,0,16.710109750890183,0.08355054875445092,0.7144425349034244,0,13.004069196666935,94.76361821984106,0,0.13863695842715626,,113.23151102,0,1,0,0,8,10,2,0,640,0,,10,,0.47382098848636267,0.7035106976937969,1,4.854343551655083,-4.565611137592697,,,,,,1.3191455090872417,37.43560413807159,33.333333333333336,-16.897334982146834,1,45.04741710753704,21.778159871064734,34.2510590042747,23.140301259798036,,,,28962204
2025-08-11,124.76974529,127.0760437,121.45506533,123.52174832,116.29865940830082,111.51063474571428,113.61510490112504,111.21691489510711,101.92163323644449,121.44062603771414,0,0,0,0,117.12912987807371,101.00607817432731,98.88699717303862,2.8363119632609166,2,0,122.034084,121.46627414244425,122.60189385755574,119.19503471222126,129.5200115,129.5200115,128.95220164244427,130.08782135755575,132.35906078777873,115.18188190024,0,1.5,7.5,21.192865928125528,0.10596432964062763,1.1442923152939934,0,12.690225309849255,95.19254161421583,1,2.636772645062808,129.5200115,115.18188190024,1,1,0,0,8,10,2,0,640,0,,11,,0.8333327896879568,1.1366721762601013,2,5.542554857678176,-4.271856610705443,,,,,,1.5864936854857445,36.291995143971604,32.93650793650794,-17.44357308794899,1,43.960229992310815,22.759128344313602,42.22075025062725,20.092311260289236,,,,35065759
2025-08-12,124.50017795,128.34400862,122.84523412,127.54529056,120.04753645886721,114.88620831160692,114.94178924958932,111.8572433525539,102.17659500085799,121.80339969101442,0,0,0,0,117.47314262000403,101.3441254721677,91.83664391822546,7.344938284661193,2,1,127.54529056,121.45773578851966,122.61043221148033,118.32371917631463,135.996012075,129.5200115,128.94366328851967,130.09635971148035,132.4017525574017,116.01252560496,1,0,0,24.82828436290032,0.13277569705773526,1.4427334390194804,0,13.004214041761971,90.4662000766613,0,0.916407970332569,,116.01252560496,1,1,0,0,8,10,2,0,640,0,,12,,1.0690742019458692,1.4276983878792449,3,2.9970429827831575,-4.484181308928562,,,,,,1.1731662743374014,37.92002684722386,34.12698412698413,-15.822910797936304,1,45.047918865664705,23.82346521629613,40.58846115577378,18.380748475174848,,,,25990637
2025-08-13,127.37556297,128.3939285,123.15234122,124.07086699,121.38864663591147,118.24979203056796,115.81122522486653,112.33620898539492,102.39444845348626,122.20379840109766,0,0,0,0,117.62418675101537,101.54765184447007,93.15905902824628,8.20936359080304,2,2,122.034084,121.45210363148254,122.61606436851744,119.12418215741272,129.5200115,124.74920755182863,,,127.6591093944159,116.98796040846,0,0,4,21.16952516850606,0.1058476258425303,0.9182682826673789,0,12.911953736960575,85.54694596105466,0,2.5725704525291038,124.74920755182863,116.98796040846,1,1,0,0,8,10,2,0,640,0,,13,,0.5750782094283255,0.9035206936980708,4,3.347057338435264,-2.6328778589654305,,,,,,0.8557807681498156,37.682537258424794,34.12698412698413,-15.75239706899327,1,44.72831979478909,24.818057985687012,37.401130188412274,16.902662636469245,,,,18438169
2025-08-14,123.00258158,125.53851143,121.20546594,125.08923252,122.62217526394097,121.38772147328613,116.6948449672602,112.83632755537943,102.62026720041675,122.64124507197367,0,0,0,0,117.73590227276355,101.68673211952263,94.6435069144026,5.123153544390177,2,3,125.08923252,121.4549857516445,122.61318224835549,116.57267995315605,126.46114838797774,126.46114838797774,125.88205013962225,127.04024663633324,129.35663962975522,118.7940389205,1,3.5,0,21.895251233074163,0.12373356873069233,0.9196188889658488,0,12.501962920837846,92.72982157075886,0,0.1610881700324139,126.46114838797774,118.7940389205,0,1,0,0,8,10,2,0,640,0,,14,,1.114058500522572,0.9053719699103419,5,3.8425297649938077,-4.724186712172836,,,,,,0.599151879046469,39.034207476302164,35.714285714285715,-9.868512901746653,1,43.308069946466695,25.191395007186372,34.90246710465571,18.77514779271584,,,,12235946
2025-08-15,122.97262965,123.18229314,119.24860669,120.67631522,121.97355524929398,123.60086549365326,117.07403261037827,113.14377805203121,102.79992936976583,123.08179635542405,0,0,0,0,117.802633722447,101.85923369746016,90.81379746916068,39.1315696983738,1,0,117.9110985277714,117.32121599510201,118.5009810604408,114.96168586442447,125.94785443,122.034084,121.4442014673306,122.62396653266939,124.98349666334693,115.18188190024,0,3,1.5,17.389492346763944,0.10516577075016387,0.35673892647211847,0,13.136364268272366,57.49786270567301,0,2.724866547873521,125.94785443,115.18188190024,1,1,0,0,8,15,2,0,640,0,,15,,1.145746472130753,0.3513073449862389,6,2.5327367980048634,1.3356486686346867,,,,,,0.9305381168373085,39.425577166158504,36.507936507936506,-13.36123479456626,1,45.505700678760185,25.007886577473865,31.816921623560283,20.077273141458967,,,,18986654
2025-08-18,121.15554606,123.48181242,120.46665173,123.35202073,122.43304374286265,125.213293572813,117.67193624081844,113.5441012943045,103.0044277912607,123.53845782740679,0,0,0,0,117.88245135541871,101.98404802409047,89.87370878618319,27.905454421402048,1,1,122.034084,121.45941485636057,122.60875314363942,119.16073828180285,128.24747350446606,128.5737652981927,128.24747350446606,129.5200115,131.81868807455774,116.98796040846,0,3.5,0,19.75409540643619,0.11081848635043609,0.5889281697123765,0,13.19556176456792,80.66155081327575,0,2.1624232215135617,128.24747350446606,116.98796040846,1,1,0,0,8,15,2,0,640,0,,16,,1.0963840745460411,0.5864289346878465,7,2.778638101251514,-2.144701028519931,,,,,,0.6133550739122865,38.86877206657943,35.714285714285715,-14.968015700676549,1,45.710766821289724,24.88900024057781,30.7917789068699,19.136728770833024,,,,12208770
2025-08-19,122.74299821,124.04091506,121.11561016,121.85442437,122.2401706185751,126.15968846751257,118.07026844359764,113.86999631688079,103.19198994627303,123.99452956001853,0,0,0,0,117.9355049492336,102.09206824639193,89.05518667672126,58.83997593519862,1,2,118.1127647140835,116.99328443125313,118.69948802,114.75432386559238,127.21588192,122.034084,121.4743438585848,122.59382414141518,124.83278470707593,116.98796040846,0,2,1.5,18.08515799864271,0.09042578999321356,0.36570564525045174,0,12.63156589256057,46.75725847459446,0,2.7105188438874452,127.21588192,116.98796040846,1,1,0,1,8,15,2,0,640,0,,17,,0.872141322944716,0.368661807460802,8,2.686713396248324,2.896554789650781,,,,,,0.6021528373090359,39.854896757697766,37.301587301587304,-8.917724186778942,1,43.757027810138034,24.879310751217147,30.246802203968794,18.243763920123246,,,,11491231
2025-08-20,118.50979248,118.71945597,113.27818917,117.02218009,120.5008404423834,126.0076493727446,117.97045050515977,113.99361136680703,103.32960377854891,124.41205882112598,0,0,0,0,117.90891775347316,102.27206441444423,81.57388711477748,62.523408877944725,1,3,113.99361136680703,113.39727913549292,114.58994359812114,111.01195021023652,124.61000168,118.53361639844832,117.90891775347316,119.13868311,121.5240120352564,111.84005614,0,7,1.5,13.251358575608563,0.06625679287804281,-0.1756170850122387,0,13.44166323481952,52.17587652297842,0,3.560562302593725,124.61000168,111.84005614,1,1,0,0,8,15,2,0,640,0,,18,,0.5278817378369445,-0.16905517905111841,0,1.401048495523173,0.8967005961329706,,,,,,1.323986042375726,40.47224187704515,38.095238095238095,-13.081218692154629,1,46.56328732187607,23.270581808420904,26.36288607276104,27.635689495519546,,,,25794993
2025-08-21,116.8125166,117.54134683,115.42474397,115.60445553,118.8687121382556,124.91443125457013,117.74511765038265,114.05678172614793,103.45174160692156,124.77850311736506,0,0,0,0,117.87515636186212,102.35365788124727,63.419662687256235,64.85401789074766,1,4,114.05678172614793,113.48414641439199,114.62941703790388,111.19360516736819,124.61000168,118.54085480288467,117.87515636186212,119.13868311,121.4292243570238,110.94733061,0,0,0,11.747229900927396,0.058736149504636986,-0.3101409726446327,0,13.442508746378051,39.419538383367616,0,2.629000219865527,124.61000168,110.94733061,1,1,0,0,8,15,2,0,640,0,,19,,0.17603952529856437,-0.30298969494986583,0,-0.25326875015700523,0.9553964766515203,,,,,,0.6888164106547962,40.73151723421194,39.285714285714285,-12.529897196420292,1,46.56621625983159,21.776762075824394,25.4928521556065,26.723650232493014,,,,13174938
2025-08-22,117.46147502,120.50658764,116.32330179,117.49142695,118.40961707550373,123.34505269551168,117.72095663129859,114.19147369571076,103.59143996854424,125.10272999360728,0,0,0,0,117.86802124496107,102.47252510776822,39.721095758677535,80.54315640094391,4,0,114.19147369571076,113.61597186952666,114.76697552189485,111.31396456479027,124.61000168,117.98526369697,117.4097618707859,118.56076552315409,120.86277282789048,111.84005614,0,2,3,13.418084530610377,0.06709042265305189,-0.08762486726724367,4,13.501243386785523,13.524143684556464,0,2.135599672277739,124.61000168,111.84005614,1,1,0,1,10,19,2,0,640,0,,20,,-0.206414917669816,-0.08457663359907418,0,-1.768737038356507,4.140398561211597,,,,,,0.8892517309470641,40.22473091864464,37.698412698412696,-13.993998335404303,1,46.769679022531655,20.689381592437524,28.15442295575658,24.691218058569127,,,,17038258
2025-08-25,117.49142695,117.89078598,115.91395878,116.233446,117.68422671700249,121.4843784603355,117.5792889521273,114.271551040977,103.71723107333484,125.37326437754487,0,0,0,0,117.85269186166903,102.52732135463893,26.628343384464436,83.96217675092812,4,1,114.1580239700082,113.60597917426583,114.71006876575058,111.39779999129632,124.61000168,117.98677556614341,117.43473077040103,118.53882036188578,120.74699954485529,113.27818917,0,0,1.5,12.067633118565784,0.060338165592828924,-0.21421055529121458,4,13.56721017350995,19.61348850066617,0,1.7058711294656508,124.61000168,113.27818917,1,1,0,0,10,8,2,0,640,0,,21,,-0.6197021110213399,-0.21286134132479967,0,-2.0325470467422346,2.4001228375986052,,,,,,0.45783886108596467,38.11722300059831,34.92063492063492,-18.896410246797856,1,46.99819467496919,19.582429330891497,27.254256145917243,24.563834981402884,,,,8674832
2025-08-26,115.9039748,118.1703373,115.62442348,116.31331781,117.227257081335,119.68070710830867,117.4587202719247,114.35162032603672,103.84256526971957,125.5892149132535,0,0,0,0,117.83203025282212,102.606500128104,39.751050641580775,83.08392679427453,4,2,114.22894247963252,113.27818917,114.35162032603672,111.13681157795689,124.61000168,117.99692473551558,117.4615803375048,118.53226913352636,120.67364672556947,113.27818917,0,2,1.5,12.009287817465825,0.06004643908732913,-0.1890004373796132,4,13.56108217847509,38.71416653741608,0,1.7628784696540591,124.61000168,113.27818917,1,1,0,0,10,8,2,0,128,0,,22,,-0.863221235548272,-0.1924129978448831,0,0.5934361904063632,1.8604598373242052,,,,,,0.6713823267485,33.432805034862874,30.158730158730158,-28.83149466758534,0,46.976966677471374,18.482124655612285,26.09700732571955,24.003716961446553,,,,12584324
2025-08-27,116.66275696,118.53974441,116.25341395,117.56131478,117.33860964755667,118.26204854885498,117.46849117745569,114.47749069678038,103.97907023997112,125.76039929976018,0,0,0,0,117.82766972452569,102.7105348336448,49.90849354197003,89.2248004425167,4,3,114.17359321463881,113.23151102,114.47749069678038,111.16143431095996,124.61000168,117.9660433808185,117.44852420355849,118.48356255807852,120.55363926711856,113.27818917,0,2,1.5,13.062479313079741,0.06531239656539871,-0.04624667472601997,4,13.388795647804535,27.636249637342168,0,1.8116639602181333,124.61000168,113.27818917,1,1,0,1,10,19,2,0,128,0,,23,,-0.5560150911622708,-0.05332536218171063,1,0.9842842888056405,3.8523039330611306,,,,,,0.8211502494530613,26.73741489163245,19.047619047619047,-42.351597219089655,0,46.38014862830902,17.549870799041496,25.704929519679233,23.056884739472245,,,,15349289
2025-08-28,118.68950404,122.3745895,118.53974441,121.80450449,118.82724126170444,117.66472888867102,117.88144482626943,114.76482457102429,104.15643774494653,125.91642566515725,0,0,0,0,117.89856181507156,102.85904230387627,66.32354252786658,92.46493537983415,4,4,118.64746725839998,,,116.02982131397852,127.21588192,122.034084,121.5105548111157,122.55761318888429,124.65172994442146,116.98796040846,0,3.5,0,16.943807917345676,0.23471903958672838,0.3921721301808821,4,12.64948951019172,44.14027219621647,0,1.9277334286914993,127.21588192,116.98796040846,1,1,0,1,8,19,2,0,128,0,,24,,-0.33280189821510997,0.38027000252908455,2,2.5296171352723995,3.958448126648933,,,,,,0.9557667969579118,20.202075075128032,12.301587301587302,-53.89666328662215,0,43.81911704292322,17.545400537999615,30.135021259800723,21.16418224082746,,,,17295541
2025-08-29,122.40354303,122.57317078,117.87081803,118.81929573,118.8245927511363,117.42021959340823,117.97076395995805,114.92382344000373,104.30233682937492,126.04320413603907,0,0,0,0,117.91420961645527,102.97853225076909,66.22031433728284,89.77106685749484,4,5,117.74196616389997,117.21384662466814,118.27008570313181,115.10136846774077,124.61000168,124.17326078558139,123.64514124634955,124.70138032481323,126.8138584817406,113.27818917,0,0,2.5,13.918153074914255,0.21959076537457128,0.03488491084136024,4,12.163767847687186,45.319708009264936,0,4.125986942815431,124.61000168,113.27818917,1,1,0,0,8,8,2,0,128,0,,25,,-0.2432947423522532,0.023471411355825395,3,1.3313551088190723,2.3637356538915606,,,,,,0.9458403224438562,18.95875817681484,11.904761904761905,-55.00635874530314,0,42.136527847333866,17.34496877504687,27.7392991071303,20.612548260365468,,,,16774027
2025-09-02,115.67434336,118.36502483,114.06692326,118.29014501,118.64644350409087,117.34106654687403,118.00118120281918,115.05583605059182,104.44151900032642,126.14192223921044,0,0,0,0,117.91938296752136,103.07207468605293,66.04557289861805,92.57562966719775,4,6,117.69200866739997,117.1591800553454,118.22483727945455,115.02786560712713,124.61000168,124.17326078558139,123.64043217352682,124.70608939763596,126.83740384585424,113.27818917,0,3.5,0,13.259694173569322,0.2162984708678466,-0.03270955727088246,4,12.003418873118342,28.996289734002232,0,4.089521984778687,124.61000168,113.27818917,1,1,0,0,8,8,2,0,128,0,,26,,-0.4665405098708389,-0.043827284326148394,4,1.3167244323326632,3.8566905177462827,,,,,,0.7787751516066719,17.540983157568046,11.11111111111111,-57.81497148886191,0,41.58106270554425,16.13202339702709,25.530275309565475,25.34522408374556,,,,13771931
2025-09-03,119.16873488,119.24860669,117.10704388,118.52976043,118.60754914606058,117.39429842568184,118.0515220815983,115.19206837919606,104.58170050708934,126.21905650360827,0,0,0,0,117.92786391581579,103.16816682459344,72.2952299995905,89.80621300329719,4,7,117.65960869729999,117.14571817530289,118.17349921929709,115.0901560873145,124.61000168,124.17326078558139,123.6593702635843,124.68715130757849,126.74271339556688,113.27818917,0,5,2.5,13.336998590843486,0.21668499295421742,-0.015280874308779528,4,11.982055488353739,48.06988671507837,0,4.240230613026529,124.61000168,113.27818917,1,1,0,0,8,8,2,0,128,0,,27,,-0.35570678231280023,-0.028785947382817853,5,2.1702763879805413,2.358954825676491,,,,,,0.8059094020002197,17.03447267233319,11.11111111111111,-58.960057427399946,0,41.507057769876376,15.221990929817842,26.11550796867266,24.402166262619314,,,,14101285
2025-09-04,118.65955212,124.21064265,118.33008092,124.01096313,120.40868714070704,118.12897987166102,118.6190878957318,115.5379073890315,104.7750265033372,126.31030940000745,0,0,0,0,118.03728135303247,103.33758243149686,84.23359860859671,82.37693450942908,1,0,117.62386891229997,117.09417984071338,118.15355798388656,114.97542355436701,127.54499676891405,124.04091506,123.51122598841341,124.57060413158659,126.68936041793296,119.47124559438001,0,1.5,0,18.35927631671857,0.24179638158359285,0.5445503647740829,0,12.629406217848901,68.1666227949981,0,3.746019462662149,127.54499676891405,119.47124559438001,1,1,0,1,8,14,2,0,128,0,,28,,0.39033536831516386,0.5302850704149294,6,4.298382502324092,1.4610967395973793,,,,,,1.0457553943494855,18.555758626654583,12.301587301587302,-57.58639775567587,0,43.749546477481175,15.448298456383707,31.890960521526395,21.983320593956712,,,,18589051
2025-09-05,127.56525851,131.19942569,125.45863962,131.15948979,123.9922880238047,120.10932912796102,119.8134118856621,116.15051846357929,105.03755847633882,126.45962074686125,0,0,0,0,131.15948979,103.6790329151808,99.6941910707863,27.670231831761665,2,0,131.15948979,127.83789166066958,128.9499653393304,122.26290036071349,137.7593969745,131.19942569,,,133.97960988665204,120.5091235638,1,1.5,0,24.869134138857127,0.27849106325431094,1.2102405979802506,3,13.413677514749724,91.64266363448358,1,0.7418468882888839,,120.5091235638,1,1,0,0,14,10,3,0,128,0,,29,,1.0331631404802024,1.19548709705813,7,7.275869596770471,-0.8411714712605375,,,,,,1.5572827800263427,17.346323841715638,11.507936507936508,-62.66905653407678,0,46.466341943781494,16.769511452633296,39.432073921078924,19.445810842283446,,,,28416041
2025-09-08,130.34080378,132.04666588,128.19424898,131.24934557,126.4113072058698,122.78903903150993,120.90254842702763,116.74262933049775,105.29837227826579,126.66294539780084,0,0,0,0,131.19604941782117,103.90920228514007,93.74023143750651,33.41273099776821,2,1,131.24934557,123.89223024830034,124.99366325169967,122.43788154280539,,132.04666588,131.49594937830034,132.59738238169967,134.80024838849832,120.5091235638,1,1.5,0,24.645179911380882,0.2732258995569044,1.077528713749878,3,12.21843846538199,84.34818495658044,0,0,,120.5091235638,0,1,0,0,8,10,2,0,128,0,,30,,0.8742959415715388,1.0629528490601219,8,3.6385478707014283,-2.2417692262214364,,,,,,1.0967087651012306,20.163990880991637,14.285714285714286,-52.36017435426956,0,42.32591242239101,18.110908296377975,38.3428310767852,18.23126692391573,,,,19492587
2025-09-09,131.54886485,137.77886573,131.34918533,135.02328842,129.28196761057987,126.07443395771904,122.2473808073107,117.45951792224294,105.59414258813379,126.93590863471421,0,0,0,0,132.35096356875152,104.18268720141775,94.26387463531816,21.788028616918833,2,2,135.02328842,,,123.38551091959276,,137.77886573,137.20918683413603,138.34854462586398,140.62726020931987,124.57521750852001,1,0,0,27.870055204343625,0.3212382529417433,1.3285490030266116,3,11.925562292182837,84.2320573681787,0,0,,124.57521750852001,0,1,0,0,8,10,2,0,0,0,,,,1.2551038153602014,1.3133981532896652,9,3.4274420883598777,-2.4656100156459555,,,,,,1.213962671786027,19.557279931403375,13.88888888888889,-52.65883252979159,0,41.311359597776466,20.04848407173547,43.40300775257677,16.365531905307584,,,,20704950
2025-09-10,139.79562884,142.00707947,138.11832091,139.77566089,132.77986537038657,129.87438397881604,123.91674081518588,118.3346607837236,105.93425719810261,127.29681027803505,0,0,0,0,139.77566089,104.56817428071832,99.87159281079072,8.240549077808955,2,3,127.18825359984001,,,124.23153948288228,135.91824185119674,142.00707947,141.41573664660845,142.59842229339156,144.96379358695776,127.18825359984001,0,0,0,31.945665724178536,0.38368354171400787,1.639279614175079,3,11.989742912411003,96.40936142577533,1,2.9525980213262346,135.91824185119674,127.18825359984001,1,1,0,0,14,10,2,0,0,0,,,,1.5916417047449214,1.6218316447922931,10,8.43524558338179,-2.773471348797829,,,,,,1.5130654488098694,19.614164149419132,14.285714285714286,-52.775288701667975,0,41.5336877879694,22.26490855252398,45.21039293742625,14.639837031470847,,,,25791266
2025-09-11,147.48329019,156.0096055,147.37346645,150.32872328,138.62948467359104,134.75303559007187,126.43216771659674,119.58932990122464,106.37599317901702,127.79708443140683,0,0,0,0,150.32872328,105.55426983417121,99.9431304978127,8.627385297933056,2,4,150.32872328,,,134.47202587855963,,156.0096055,155.31555551569,156.70365548431,159.47985542155,135.84181468638,1,2,0,41.31827942326821,0.5107543595254428,2.4613845863556434,3,13.282511731560975,97.23115536757938,1,0,,135.84181468638,0,1,0,0,14,10,2,0,0,0,,,,2.2333036992728137,2.4213238092911156,11,9.522129867226917,-2.7066724430301248,,,,,,2.7977216507749754,37.815547665320324,38.888888888888886,-17.813674607008988,1,46.01197034238654,25.28602030083153,53.78209942368658,11.582442174664772,,,,52446416
2025-09-12,153.30394807,158.02636861,152.96449289,156.97805115,144.7456734990607,140.7168442317563,129.34129947215897,121.05555426392172,106.8794962434049,128.45738689440364,0,0,0,0,156.97805115,106.22755333172354,99.96218400826916,4.769323679574121,2,5,156.97805115,155.70043222840857,157.12684015159144,147.25886119726852,165.9276870405,158.02636861,,,161.59238841795718,137.08817428836,1,1.5,0,46.87386885928223,0.5452209125898907,2.763049913604594,3,13.699251601900366,98.06586612468959,1,0.9208211727547092,165.9276870405,137.08817428836,1,1,1,0,14,10,3,0,0,0,,,,2.286812546347836,2.70747365258222,12,10.066420211613302,-3.5521301487387342,,,,,,1.6349572324404162,61.23544124539717,60.714285714285715,29.03733544857008,3,47.45559960032153,28.1951079694123,51.12408378855273,10.466282653720594,,,,32288339
2025-09-15,156.70848381,160.08296778,156.2991408,157.51718584,149.0028442793738,146.97530895610606,132.02471722147715,122.48542216886597,107.38335385133122,129.25787351146667,0,0,0,0,157.1849115250964,106.64223847007607,99.11538239817327,6.473952995855441,2,6,157.51718584,155.71759119905795,157.10968118094206,150.7307808724636,168.08711616899998,160.08296778,,,163.56319273471024,138.35915257542,1,5,0,46.68678169437457,0.5782790662159594,2.4393079327058187,3,12.808402816541042,92.96612945458095,0,1.5575154119983363,168.08711616899998,138.35915257542,1,1,0,0,11,10,2,0,0,0,,,,2.5587612619526925,2.3926101064259035,13,5.682733957304229,-3.586733337527724,,,,,,1.014992759236874,76.44151463468212,66.26984126984127,72.28349890199219,3,44.36960888411478,31.000983384787173,51.280775597170106,9.958277177873633,,,,20101397
2025-09-16,157.72684934,159.30431751,156.91315531,158.5655033,152.19039728624918,152.90625130023417,134.5524111337174,123.90032731126338,107.89262897022346,130.18230364791984,0,0,0,0,157.52181746174023,106.99304330777022,98.3127351036016,19.496939720878554,2,7,158.5655033,155.74595903591097,157.08131334408904,151.57173807728765,168.08711616899998,159.40033046638803,,,162.73871623683323,138.35915257542,1,3.5,0,46.9660205830756,0.5894955349552121,2.2069379573136634,3,12.791549352551552,78.22650369582207,0,1.3614430232914363,159.04664260939884,138.35915257542,1,1,0,0,11,10,2,0,0,0,,,,2.6373234563186725,2.1693674424790386,14,4.450277856234054,-0.5333057664327681,,,,,,0.8439091537362352,88.46809631019265,75.39682539682539,99.6516520854256,3,44.31122677228812,33.60643912763527,49.6410201479492,9.639851041039392,,,,16911615
2025-09-17,157.15277073,160.33266701,155.01120792,159.73362847,154.7048076808328,158.0340532434424,136.95062230860148,125.30555480768443,108.40845981101725,131.2168971561166,0,0,0,0,157.99465685784463,107.38710949109995,97.81575359409705,40.341624342647265,2,8,159.73362847,155.74613723361375,157.08113514638626,149.67121626890997,163.52969151313553,160.33266701,,,163.67016179193126,138.35915257542,1,5,0,47.34424670219946,0.5926918479123359,2.018635912091789,3,12.540560402805148,68.27619322235864,0,0.3772517928379339,163.52969151313553,138.35915257542,0,1,0,0,11,10,2,0,0,0,,,,2.647764915210708,1.9851088877026342,15,4.348956044740876,1.0468672115063191,,,,,,0.9233763885604513,98.40259878928954,83.33333333333333,126.51606098578674,3,43.44177554608988,35.49747268786342,46.10753872856407,11.497754775817475,,,,18843556
2025-09-18,162.7288212,170.17686713,162.33944614,168.61936691,159.3429940905552,163.00531033647485,139.9666932230204,127.0041356744419,109.00757331448972,132.39244267189085,0,0,0,0,168.61936691,108.06452689569387,99.63810505637821,23.048623214519115,2,9,168.61936691,155.70057252817705,157.12669985182296,154.92206966553616,169.27420452656384,170.17686713,169.46380346817705,170.88993079182296,173.74218543911476,144.59718237372,1,2,0,54.68591932005374,0.6398426164476589,2.49612886693671,3,11.800922426012043,90.30638962304822,1,0.04780779776305945,169.27420452656384,144.59718237372,0,1,0,0,14,10,2,0,0,0,,,,2.6957486032235667,2.4476269769097803,16,7.050594656770311,-1.1674236197397305,,,,,,1.3743486164354164,116.06558004926428,88.0952380952381,183.92057614659728,3,40.87959443606366,37.816693350510484,52.4046620725965,9.994260021838675,,,,28212796
2025-09-19,162.48920578,163.43768348,159.12460594,162.46923783,160.3850753370368,166.7941059657246,142.10979270939941,128.3949239942677,109.53953017534057,133.64379349972728,0,0,0,0,165.11736465016523,108.84900783262182,99.67652294478185,44.41355461014266,2,10,156.85710508714288,156.11019989250372,157.60401028178205,153.12257911394704,170.17686713,165.11736465016523,164.37045945552606,165.8642698448044,168.85189062336107,144.59718237372,0,2,0,48.320188675206595,0.4870686714671293,1.6603355418970838,3,12.706122849229354,86.6466471236451,0,3.5666540113680485,170.17686713,144.59718237372,1,1,0,0,14,10,3,0,0,0,,,,1.692630713617659,1.63501498457522,17,7.2007430219932305,0.14080709770333555,,,,,,1.7165906780932154,128.40113555429963,91.26984126984127,191.71931932416652,3,44.01530068415413,39.19088243873023,46.4566689444169,12.702948004871702,,,,37309873
2025-09-22,164.11160184,166.99197886,161.33106459,164.35620925,161.70878664135788,169.626264264561,144.22849904659947,129.80517047488468,110.08496976812326,134.9590657108206,0,0,0,0,164.90202092630759,109.39808701565761,98.56634620615695,36.56587490013405,2,11,164.35620925,156.11300638613866,157.6012037881471,153.13661158212176,170.17686713,164.90202092630759,164.15792222530337,165.6461196273118,168.6225144313287,144.59718237372,1,2,0,49.29940898942935,0.3578731667869183,1.5957834091143996,1,12.717746230082366,78.07839099374566,0,0.5187938152777586,170.17686713,144.59718237372,0,1,0,1,10,10,2,0,0,0,,,,1.784342308051505,1.571955691685719,18,4.702908142723305,-0.38085103595298875,,,,,,1.1657548487506262,136.20430978131222,94.04761904761905,209.16482171589342,3,44.055565256540405,40.68713471780094,47.56590060509104,11.840083648508225,,,,25851216
2025-09-23,165.41451068,168.71920667,164.96523177,166.14334092,163.18697140090526,171.63660218658703,146.31562684406617,131.23019676684999,110.64276450595288,136.3277556010486,0,0,0,0,165.3012301077862,110.32331356020424,99.81346838842343,15.978423157264515,2,12,166.14334092,156.1272009592461,157.58700921503967,154.4648748736515,170.17686713,170.17686713,169.44696300210322,170.9067712578968,173.82638776948392,144.59718237372,1,2,0,50.161957414812285,0.343192154276592,1.528492599243736,1,12.40572970182979,93.33082780684899,0,0.3453815076391086,170.17686713,144.59718237372,0,1,0,0,11,10,2,0,0,0,,,,1.5968367153980225,1.5070940020574455,19,7.936610244260553,-1.773112498107559,,,,,,1.811829749092695,141.2623944080376,94.44444444444444,228.71053697801506,3,42.97470829707098,42.17961313606328,47.14012158727131,11.208172693691186,,,,43316501
2025-09-24,164.81547214,165.73399791,158.04633656,161.4508723,162.6082717006035,172.25076105416275,147.75707879225035,132.41532129756175,111.14831781733643,137.70314616945836,0,0,0,0,164.15494843591162,111.3990214273994,99.76961997177482,28.317953903084778,2,13,156.85710508714288,156.10704228659588,157.60716788768988,153.10679108440783,170.17686713,164.15494843591162,163.40488563536462,164.90501123645862,167.90526243864667,144.59718237372,0,4,4.5,45.257144210973905,0.24850794327709178,0.9649834274635092,0,13.155555459892255,90.49734496533823,0,3.551639151586561,170.17686713,144.59718237372,1,1,0,0,8,10,2,0,0,0,,,,0.9888397891103908,0.954458326353293,20,7.654518353124132,-0.7983257281434076,,,,,,2.184823413083091,144.14402333560938,94.84126984126983,216.29827766911856,3,45.57218091664706,42.006159232086866,42.59652858811675,18.363965150968806,,,,57096440
2025-09-25,157.13779476,158.69529499,154.4021854,156.57869212,160.59841184040232,171.32541722130821,148.59723244251222,133.36290446706914,111.60036134273606,139.0407892143329,0,0,0,0,163.06553124019644,111.92896416605687,99.62771744867031,22.426856248408015,2,14,156.41363619,155.6542145993135,157.17305778068652,152.61652823656743,170.17686713,157.50220988,,,161.29931783343258,144.59718237372,0,5.5,1.5,40.30303328421214,0.22818183308772738,0.45943812725298167,0,13.966405023986315,92.41695069851993,0,3.6246614815251923,170.17686713,144.59718237372,1,1,1,0,1,10,2,0,0,0,,,,0.08164241906721098,0.45654396454703566,21,7.690089473191456,-1.6220528845564732,,,,,,1.1939855734653728,145.16457784398827,94.84126984126983,200.0443133042679,3,48.38104620125904,41.134573977919786,39.06647364791655,21.126561973363476,,,,32209195
2025-09-26,158.26598403,158.66534306,154.93133612,157.01798705,159.40493691026822,169.38557567668695,149.39920907179678,134.29055476443898,112.05227801644018,140.33367878311623,0,0,0,0,162.47928569586676,112.3203584055802,99.23339330423637,17.490626931330034,2,15,155.31172826357144,154.5732117245411,156.05024480260178,151.61914556841975,170.17686713,162.4721215551513,161.73360501612095,163.21063809418163,166.16470425030298,144.59718237372,0,4.5,3,40.12922345671766,0.23175722839469945,0.4226275444114287,0,13.827842634687833,87.98531180916648,0,4.025675277617021,170.17686713,144.59718237372,1,1,0,0,8,10,3,0,0,0,,,,-0.24213627828509704,0.4307752197100274,22,5.485694442206075,-2.1479278684086616,,,,,,0.8803266444761313,144.46884238834286,94.44444444444444,201.59847506937717,3,47.90105200469282,40.32524481333608,37.302869613762155,20.172831409918476,,,,24044953
2025-09-29,159.74361244,165.53431839,159.71425955,163.637363,160.81574560684547,167.6542786406805,150.75522373162565,135.44140998936294,112.5655624441373,141.61484452431074,0,0,0,0,162.5910936094485,112.80676265852152,99.06882633688777,14.720916684631923,2,16,163.637363,161.7074337996504,163.2310418603496,153.61982730720325,170.17686713,170.17686713,169.4150630996504,170.9386711603496,173.98588728174798,144.59718237372,1,3.5,3.5,45.370715027704854,0.26240913069407984,0.8615846167008238,0,13.517643565213064,88.41747992601526,0,0.6528056730261854,170.17686713,144.59718237372,0,1,0,0,8,10,2,0,0,0,,,,0.0733449658418523,0.877127470071791,23,5.563629060877767,-2.222745203573981,,,,,,0.9534612286640578,142.15992579423943,93.25396825396825,203.58868033959624,3,46.826490907111044,40.248859706056976,41.63016753243412,18.159301337263337,,,,26506504
2025-09-30,163.8420345,168.67927076,163.69726685,167.05188271,162.89445797456364,166.69596002625457,152.30728649147082,136.68103637056439,113.10771488459365,142.8994794684632,0,0,0,0,162.89528939220511,113.19372457321,98.84044397595386,13.024678495556438,2,17,167.05188271,161.71683133967537,163.22164432032463,157.678014927403,170.17686713,170.17686713,169.42446063967537,170.92927362032464,173.93889958162313,154.4021854,1,2,5.5,47.69273950980868,0.27846369754904343,1.0029094721117784,0,13.350077942991016,87.57019753376076,0,0.3333719327470865,170.17686713,154.4021854,0,1,0,0,8,10,2,0,0,0,,,,0.1967990444818578,1.0213339413989564,24,5.244498817340322,-2.3034970640603807,,,,,,0.7146190730163442,138.2674306299602,92.06349206349206,198.98229296959528,3,46.246026564530084,40.4480604665575,42.871420166638906,17.072816985459603,,,,20092460
2025-10-01,165.33463888,182.09773421,165.23479912,181.85811879,169.21567824637575,167.9650806706827,155.12165147228313,138.45268666152265,113.79179850554297,144.27306472418582,0,0,0,0,165.24508677542894,114.19487736649475,99.86761491803071,2.5375010642568263,2,18,181.85811879,,,160.8119126762666,,182.09773421,181.24850911996643,182.94695930003357,186.34385966016788,154.4021854,1,3,0,59.816543176564174,0.3435271603272653,1.981646703471827,1,14.84093427170667,96.97812706793681,1,0,,154.4021854,0,1,0,1,11,10,2,0,0,0,,,,0.8848217815679419,1.9702055581891786,25,8.394514365172288,-4.424383885248918,,,,,,1.4129434749302678,136.69654040591178,91.66666666666667,165.89223749579992,3,51.41050438077232,41.538067254241405,49.37849072990569,14.045920885793537,,,,41674762
2025-10-02,184.658624,185.88166103,180.91962507,183.45555491,173.96230380091717,170.74953674275235,157.8201184663514,140.21750502420804,114.48497021105996,145.73221829594038,0,0,0,0,183.45555491,114.79832473749175,60,4.345834637822234,2,19,162.46923783,,,158.3048875923441,185.7280446630483,185.88166103,185.04879098246883,186.71453107753118,190.0460112676559,154.30274500392,0,0,0,60.244226444561754,0.35011002111169764,1.8445786702402842,2,14.672717989287582,95.3461236715208,0,5.5852187029640055,185.7280446630483,154.30274500392,1,1,0,0,17,10,2,0,0,0,,,,0.478024127197016,1.8246507197722088,26,5.590831644185558,-5.812929004696734,,,,,,0.8424143748330407,128.4036159500121,88.0952380952381,152.6248452665187,3,50.82778608515189,42.75040408648525,50.80830171627226,13.29875874347336,,,,25122189
2025-10-03,185.02901579,191.66242738,184.73929917,187.64645557,178.5236877239448,174.7293355534372,160.66072200003222,142.07746386914104,115.21294518975589,147.28940472788355,0,0,0,0,185.71538803010736,115.53359046061992,98.99346270552745,2.518038159274738,2,20,187.64645557,,,155.58884406399312,188.68978550689616,191.66242738,190.81577240309605,192.50908235690395,195.89570226451977,157.87525860822,1,2,0,62.86924638628586,0.37021255072698966,1.9004165282621401,2,14.17162363806358,95.55268406365971,0,0.03254546698529491,188.68978550689616,157.87525860822,0,1,0,0,10,10,3,0,0,0,,,,1.0202638836978164,1.8755810472903294,27,5.494748789199183,-6.185276424143841,,,,,,0.9842135301456485,121.97419987231235,85.71428571428571,148.46072309358638,3,49.09194433374042,44.15557093541427,52.507207861125586,12.14778794837946,,,,29399259
2025-10-06,194.81943939,200.80358605,189.24489207,190.77339698,182.60692414262985,179.42165572012382,163.5285958076482,143.987108304861,115.9647904812011,148.94873335149663,0,0,0,0,190.77339698,116.46203026373374,60,1.4551560005654065,2,21,163.52449466628002,,,159.0062246627974,191.26248393232245,200.80358605,199.8999320493035,201.70724005069653,205.32185605348263,163.52449466628002,0,0,0,64.50975868483634,0.38841302639195135,1.8635050523593504,2,14.057337897732435,95.07268030130389,0,6.139072973651936,191.26248393232245,163.52449466628002,1,1,0,0,17,10,2,0,0,0,,,,1.0646916415199348,1.840075407963643,28,4.472238467313097,-6.942713120493193,,,,,,1.1848058450926449,102.69475454205322,80.15873015873017,110.88930425717763,3,48.696046916072085,45.83172074132465,54.71324818126109,10.568584129406272,,,,36392256
2025-10-07,194.65959574,195.1090561,183.06094084,185.50854674,183.57413167508656,183.5019481818519,165.6219244678722,145.6154000081998,116.656768155418,150.66626449262645,0,0,0,0,188.49201814498545,117.10745358176518,97.98381291163975,4.130717037457757,2,22,156.8884832942857,,,152.1550845740875,192.1232565852648,188.49201814498545,187.5453384009458,189.4386978890251,193.22541686518363,163.52449466628002,0,0,4,59.02081780017515,0.357326311223098,1.2604008125159418,1,14.759724412266138,86.38239812719975,0,7.443863357765873,192.1232565852648,163.52449466628002,1,1,0,0,8,10,2,0,0,0,,,,0.7062885818683066,1.251178191630428,29,4.556292163158602,-3.049113234172724,,,,,,0.8956037230959542,80.69814907282162,63.888888888888886,57.83186998931487,3,51.12918517551927,46.29183410662998,48.496110219355494,15.200030492770276,,,,27828161
2025-10-08,188.80532203,196.75754365,188.6155077,196.34794429,187.83206921339104,188.05874480889392,168.5482120699796,147.60491154866256,117.44971518163275,152.49583507711307,0,0,0,0,190.80717560396698,117.81532130485415,97.32356867215245,6.748929195707725,2,23,196.34794429,,,161.73227244438905,,200.80358605,199.82408881526678,201.78308328473324,205.70107222366616,163.52449466628002,1,2,0,67.17617746995239,0.465335532777054,1.8141271446092053,2,15.214603215739219,82.6108072598219,0,0,,163.52449466628002,0,1,0,0,10,10,2,0,0,0,,,,1.5023038300850022,1.7925903800858236,30,4.048345448922405,-2.5861451476846895,,,,,,0.8621582493937678,55.30290670604443,53.17460317460318,4.929282811244846,2,52.7049315733223,46.80639961741152,45.02600052662051,13.641422066810385,,,,26833890
2025-10-09,192.77643773,196.42786612,189.31482367,192.14205824,189.2687322222607,192.09903188096968,170.79524503855296,149.35146632087188,118.19292257524835,154.3943504303893,0,0,0,0,191.04482556269733,118.30012273664309,60,15.458776685553797,2,24,163.52449466628002,,,158.65928239564357,197.76811106518497,200.80358605,199.8305435958727,201.7766285041273,205.66879832063645,163.52449466628002,0,2,3.5,62.56646680148842,0.4561713608996738,1.300290875404322,2,14.48441621112234,73.99058673853308,0,7.038462968117387,197.76811106518497,163.52449466628002,1,1,0,0,17,10,2,0,0,0,,,,1.5778233262489645,1.2887349217154,31,3.78756235798983,-1.0846091544189451,,,,,,0.6688003799369232,47.81544678733961,51.19047619047619,-4.703577031657066,1,50.17548959127637,47.284210448851525,42.087207769088465,12.751062898696432,,,,19721480
2025-10-10,192.77144261,193.25097356,179.43448802,181.42254342,186.65333595484046,194.19237790718873,171.80736869392888,150.6091556188769,118.82207303141503,156.28344311553496,0,0,0,0,189.15968877957732,118.85860624102686,97.51964610685364,21.1018803430658,2,25,163.52449466628002,,,158.38999016765334,198.56801140335102,188.1004255328732,187.07352463314785,189.12732643259855,193.23493003149989,163.52449466628002,0,0,3,52.68420992119387,0.3389766051615249,0.4372620243718707,1,15.663779709476033,79.37213747062053,0,6.825101963868963,198.56801140335102,163.52449466628002,1,1,0,0,8,10,3,0,0,0,,,,0.9950201738834518,0.4371699616277168,32,5.045063303021345,-0.9034663754646846,,,,,,0.9235982085278229,57.809627226887486,53.57142857142857,6.540070341399998,2,54.26092459075791,46.07086215224206,37.03127670682176,19.809911805302544,,,,26990253
2025-10-13,190.6035631,193.21051314,187.80629922,192.58162828,188.6294333965603,195.80284089750825,173.78586960688804,152.25513493892095,119.55599895428652,158.2212431469431,0,0,0,0,189.61096890851456,119.36093623192805,97.44966496685888,15.158497326871052,2,26,192.58162828,186.5876550048979,188.7052561351021,179.33589469918323,200.80358605,200.80358605,199.7447854848979,201.8623866151021,206.0975888755105,163.52449466628002,1,3.5,0,61.08069019074114,0.40517275962468446,1.0827979349554313,2,16.5054868979648,83.71088471237614,0,0.6207249843759151,200.80358605,163.52449466628002,0,1,0,0,8,10,2,0,0,0,,,,1.15815446936783,1.0774965309460431,33,4.380430155587003,-2.6101970915901536,,,,,,0.715150728899962,73.17338904003147,58.333333333333336,27.977672276328253,3,57.17668382187491,44.9441815911047,33.35019455576814,17.840713893554284,,,,20928376
2025-10-14,186.77730572,192.2719312,186.06799952,186.877208,188.04535826437353,196.10679129568703,175.03266373956538,153.61286329425738,120.22586173086079,160.15446986790064,0,0,0,0,189.3618334210028,119.7089136683387,97.71957463392671,21.068277965039826,2,27,186.877208,,,157.87956554606282,200.80358605,188.16106892530087,187.11973957234892,189.20239827825282,193.3677156900606,164.80977180516,1,0,3,55.438443367821975,0.3616366612835543,0.5760507793384502,1,16.985297767443672,77.6324722292058,0,0.4802589752640097,200.80358605,164.80977180516,0,1,0,0,8,10,2,0,0,0,,,,0.690088764445727,0.5789017642080622,34,4.741958552039129,-0.8876480956828864,,,,,,0.5446787433541833,87.21416587938802,69.04761904761905,48.225609103324004,3,58.83879742979732,43.6195575605746,31.487613243286557,18.334778306788834,,,,15912423
2025-10-15,192.28691655,192.69152079,187.24035279,191.75243934,189.28105195624903,196.02240978001214,176.62502332055917,155.10853294311002,120.93756897075272,162.09756011096957,0,0,0,0,189.5829163735546,120.1217308999698,97.72497421032838,17.89656037240863,2,28,187.64645557,186.62759337806247,188.66531776193753,182.55214461031238,200.80358605,200.80358605,199.78472385806248,201.82244824193754,205.89789700968763,179.43448802,0,3.5,0,58.55489817756548,0.38166337977671627,0.79776613411862,1,17.07466997211707,81.39441102239434,0,2.582710514555397,200.80358605,179.43448802,1,1,0,0,8,10,2,0,0,0,,,,0.17655330695626467,0.7966735194828231,35,4.576796326472165,-1.9017961594694477,,,,,,0.610151724264029,98.93644846610982,78.17460317460318,67.26819683148369,3,59.14839182835486,42.430116033474086,30.250940727929574,17.400576752852363,,,,17793126
2025-10-16,199.76460233,206.13836789,195.00925372,202.33209096,193.6313982908327,196.94672722009608,179.0733154766964,156.9604371790665,121.74746471193926,164.09981377237725,0,0,0,0,191.86917078256957,121.21991035468916,98.74057984433198,15.024324216651635,2,29,202.33209096,199.72905393829015,201.87811816170986,186.41299682632126,206.99123150811943,206.13836789,,,211.51102844854924,179.43448802,1,3,7,66.18998304295542,0.42428324854811045,1.3425517451483158,2,17.06279005820935,91.70954549847875,0,0.2926762357829442,206.99123150811943,179.43448802,0,1,0,0,3,10,2,0,0,0,,,,0.5633140133941215,1.334415356791163,36,7.578768751364191,-2.1974747119824687,,,,,,1.4082678297500657,102.8056842436496,80.15873015873017,73.93078526374295,3,59.10723859939942,42.42272448697152,37.80819043196329,15.320572987497565,,,,42041348
2025-10-17,199.08526681,203.19125059,195.35891171,202.18223754,196.48167804055512,198.3370944862887,181.27416519701103,158.73384111478939,122.54781071022842,166.14081182145176,0,0,0,0,192.80086338898778,121.81446584748436,60,14.01051784160775,2,30,180.65773526362293,,,175.31917818782722,209.7387488064339,206.13836789,205.07065647484086,207.20607930515916,211.47692496579572,169.64747399450002,0,3.5,0,64.98233331811362,0.4226894443683459,1.1568984499697794,2,16.400734284075725,82.19911243946308,0,5.447354618471788,209.7387488064339,169.64747399450002,1,1,0,0,17,10,3,0,0,0,,,,0.3612287734489426,1.1529505786865928,37,4.629955675050994,-2.094999407766482,,,,,,0.7986814002254162,105.95201733550374,81.34920634920636,86.4898993858809,3,56.81381012291185,42.41586090807628,35.331877914882625,14.317125686150009,,,,23283075
2025-10-20,209.45012853,214.54014978,205.29918873,206.5679477,199.84376792703674,200.49137936043158,183.68309686396236,160.60968843185645,123.38383197380824,168.23543327199826,0,0,0,0,206.5679477,122.43193894951116,93.70557459279101,12.231337075126119,2,31,180.66998825943855,,,175.16106417834254,212.94289251225905,214.54014978,213.4383649637808,215.64193459621922,220.04907386109602,175.85808082698,0,0,9,67.4189757243477,0.43931710084396075,1.2632676851833124,2,16.43447272221257,72.8909748278216,0,5.858295336391663,212.94289251225905,175.85808082698,1,1,0,0,8,10,2,0,0,0,,,,0.40398111680623494,1.2605535634204899,38,2.365767026020114,-2.4239529951807692,,,,,,0.8017305662998074,106.91700575073648,81.34920634920636,87.80207644783499,3,56.930683500953926,43.11273651023112,40.990404994361214,12.883333733360447,,,,23268429
2025-10-21,204.10036135,205.66882717,200.64384231,202.09232549,200.59328711469115,202.41712782030345,185.4363567331088,162.23645851256796,124.1670010635216,170.3431763561348,0,0,0,0,204.90802808350608,122.7726152249716,60,18.810325815076165,2,32,180.66516558169928,,,175.28526708719943,214.54014978,204.90802808350608,203.8320483846061,205.98400778240605,210.28792657800594,175.85808082698,0,2,1.5,62.758481528126154,0.4204590743072975,0.8315223570197717,2,16.76881931399721,74.96344537417725,0,6.2965842632408116,214.54014978,175.85808082698,1,1,0,0,17,10,2,0,0,0,,,,0.4556320802849574,0.8322501981409786,39,4.189075558439596,-0.9972737797055519,,,,,,0.49803444218013354,107.7460295997724,82.14285714285714,85.48473219464121,3,58.0888940695709,42.99762177935304,38.9753686427922,16.113051592772514,,,,13717259
2025-10-22,202.05236458,205.37551407,192.21198984,198.27605833,199.8208775197941,203.39896387403246,186.65918545662225,163.64977615246727,124.90440461841193,172.4322815211607,0,0,0,0,202.43803394672904,123.2857921616863,96.27057297195842,26.423762427068453,2,33,180.44181980027645,,,174.858542437973,214.54014978,201.27274574323343,200.15609027077275,202.3894012156941,206.85602310553688,175.85808082698,0,3,3,58.742246869308964,0.40482234545765594,0.4933878347720814,1,16.564153468220354,72.54077478041029,0,6.107224801322763,214.54014978,175.85808082698,1,1,0,0,8,10,2,0,0,0,,,,-0.17828266858529884,0.4935791640095013,40,4.286899928693994,-0.4421825938763903,,,,,,0.8512462878932614,108.38327452410275,82.14285714285714,88.88714368107966,3,57.379910782651756,41.6745984353233,34.87308970297995,21.159056617080836,,,,21949776
2025-10-23,196.50778795,208.79576858,195.00925372,206.50800634,202.04992045986273,204.63867958386365,188.5495493502773,165.33049106178228,125.71638075494515,174.54846712212773,0,0,0,0,203.4458926596414,123.7826862034021,96.13905789706853,19.939941799265313,2,34,206.50800634,,,178.38147707990876,214.54014978,214.54014978,213.3801615300365,215.7001380299635,220.3400910298175,175.85808082698,1,3.5,0,64.26499482397551,0.4368805296754331,0.8983649656810325,2,16.24286288691595,78.383035416081,0,0.2855717947182631,214.54014978,175.85808082698,0,1,0,0,8,10,2,0,0,0,,,,0.3387621073881709,0.8906957470262572,41,3.8000265120685386,-2.041623262414066,,,,,,0.7714454656276608,108.85087572539294,82.14285714285714,93.45445085362836,3,56.266927561026634,40.71546715276012,33.80509152029658,18.913731776166145,,,,19397915
2025-10-24,212.18245593,219.60519546,209.77481094,218.8059772,207.63527270657517,207.33055985390266,191.43111390739375,167.42756894955554,126.64264539618948,176.7542971689465,0,0,0,0,207.25390803152405,124.5319714898832,97.34707383932188,11.133896536487786,2,35,218.8059772,,,199.70083904054232,,219.60519546,218.4111243250339,220.7992665949661,225.5755511348305,178.98827905721998,1,1.5,0,72.77432614857838,0.5307684528220558,1.4789849303999825,2,16.771862920664617,91.58246943269313,0,0,,178.98827905721998,0,1,0,1,8,10,3,0,0,0,,,,1.3751745766333108,1.4604062017437613,42,5.190091322535746,-4.542227742815876,,,,,,1.0233029772839988,107.6766116595581,80.95238095238095,85.33159083501852,3,58.099437432343315,40.569392069044135,38.57711377355656,17.061449795641344,,,,25821756
2025-10-27,224.59031931,224.76015319,215.52918237,219.88492184,211.71848908438344,210.93436466999304,194.14100037716577,169.48472004329847,127.57042924140153,179.04285262836484,0,0,0,0,209.60917886713563,125.22208288226561,60,5.77757255795633,2,36,214.54014978,213.3489500580672,215.7313495019328,208.58415117033596,224.76015319,224.76015319,223.5689534680672,225.95135291193282,230.71615179966406,192.21198984,0,3.5,0,72.36355097928828,0.4862621993408859,1.3405349721519817,2,16.601951637949924,92.55712814714454,0,1.7159176957189495,219.77393730304988,192.21198984,1,1,0,0,17,10,2,0,0,0,,,,0.8586412771780152,1.3243607350921942,43,3.410538226129912,-6.8473079630481095,,,,,,0.9510402297309166,106.67422168561147,79.36507936507937,85.4853933708567,3,57.51084748346121,40.737893731020634,39.77182437933809,15.880964166092031,,,,23873072
2025-10-28,218.71606515,222.68218573,217.34740389,221.69315314,215.04337710292228,215.0443161398151,196.76501492600713,171.53210957650245,128.5069737578055,181.40915291490768,0,0,0,0,210.873264555399,125.65756302044565,95.98252460362181,5.558698330767838,2,37,221.69315314,213.38640377177668,215.69389578822333,208.1174358242134,221.7550851725914,224.76015319,223.6064071817767,225.91389919822333,230.52888323111662,192.21198984,1,2,0,72.51449213785129,0.5167864175269538,1.2579137063573742,2,16.602268867927677,83.62820512431635,0,0.0045619712867324205,221.7550851725914,192.21198984,0,1,0,0,8,10,2,0,0,0,,,,1.2026005435904674,1.2433879965792367,44,3.7730453073333754,-3.3934675595240575,,,,,,0.6020254707246447,105.82151642802495,78.57142857142857,83.9991915617035,3,57.51194640033952,40.89435955999881,38.12985919956181,15.225324386199388,,,,14957513
2025-10-29,228.83117116,232.17290248,225.87905874,226.40854083,218.8317650119482,219.3327656398,199.58820786924454,173.6841264884043,129.48111870379748,183.85899201173078,0,0,0,0,226.40854083,126.35859881971518,93.995071307166,5.355487568729551,2,38,214.54014978,213.37524501039977,215.70505454960025,208.71562593199886,225.94899155895993,232.17290248,231.00799771039976,233.33780724960025,237.99742632800115,192.21198984,0,0,0,74.85834467335336,0.5264828143128822,1.3418726636695897,2,14.87952927748891,79.80189388793515,0,1.958759561586342,225.94899155895993,192.21198984,1,1,0,0,8,10,2,0,0,0,,,,1.1508620609022566,1.326083173342042,45,2.817843388564609,-3.443778635252781,,,,,,0.9705233188942557,96.24307093376228,73.01587301587301,86.71949184343181,3,51.54420140263883,41.565952847820284,42.34142593751185,14.002373535934396,,,,23217288
2025-10-30,225.87905874,227.1777884,220.52429645,223.79110106,220.48487702796547,222.87341373767057,201.89324531598317,175.64910588336883,130.4195264884363,186.35712367402107,0,0,0,0,225.38978776509882,126.7887082245976,60,11.181276024959303,2,39,214.54014978,213.39904631581766,215.68125324418236,208.83463245908823,228.8566291983337,225.38978776509882,224.24868430091647,226.53089122928117,231.0953050860106,192.21198984,0,2,0,71.59324764136642,0.4957440159846099,1.0193594224738005,2,15.049466925871538,74.91648387061807,0,2.5092342399629817,228.8566291983337,192.21198984,1,1,0,0,17,10,2,0,0,0,,,,0.5563387357999061,1.007247624950312,46,3.613100184046999,-1.673502232653278,,,,,,0.6321035823917303,87.6626269205458,65.07936507936508,68.15227243511099,3,52.132882684873806,41.40867910037456,40.13711899229312,17.46324311212994,,,,14795071
2025-10-31,227.52744639,231.02402624,218.60617264,223.55133558,221.50702987864364,225.65582661571344,203.95592057922286,177.52762469500144,131.34621115601405,188.88133737995688,0,0,0,0,224.8375656416824,127.25760367158392,94.8786917233275,17.488101111601523,2,40,214.54014978,213.36968001325926,215.71061954674076,208.68780094629622,231.4388636762605,224.8375656416824,223.66709587494165,226.00803540842315,230.6899144753862,192.21198984,0,2,0,70.20006409965185,0.4932225427204815,0.8635530450305932,2,15.026139765600371,71.03715506493778,0,2.8875096779844154,231.4388636762605,192.21198984,1,1,0,0,8,10,3,0,0,0,,,,0.5477514363242205,0.85181013790436,47,3.497978067009869,-1.111940897064314,,,,,,0.7172953926101753,79.094852795309,56.34920634920635,51.95331357634589,3,52.05207503130188,41.493356703167514,39.26908317998863,15.80902332096403,,,,16319993
2025-11-03,233.64646114,237.38780158,231.57348879,234.47065496,225.82823823909575,228.8481729308506,206.8620857583445,179.76068470539354,132.37232502471042,191.47970779347006,0,0,0,0,227.54126292965174,127.928248126076,95.96205765789392,14.246899430066229,2,41,234.47065496,,,212.2630963959899,236.0368853070063,237.38780158,236.17739692159788,238.59820623840213,243.43982487201066,192.21198984,1,2,0,77.12966431331512,0.5323149882332423,1.3082401278767417,2,15.509940320252586,80.84061386793675,0,0.07052690382384279,236.0368853070063,192.21198984,0,1,0,0,8,10,2,0,0,0,,,,0.7738127392383868,1.2892369001087896,48,4.215765147293741,-2.346878976270247,,,,,,0.9639340729044821,70.35326681934329,51.98412698412698,30.943371469581297,3,53.728009314077156,41.927444685677095,39.95533685116442,14.195476354346924,,,,21199296
2025-11-04,221.92292839,228.44914484,217.18756024,217.81694461,223.15780702939716,230.32177634590084,207.90540564897836,181.2530870545938,133.22252024446453,194.03250152699806,0,0,0,0,225.21903753203355,128.5523868073387,60,32.050434611354405,2,42,214.54014978,213.26188925148375,215.81841030851626,208.14884713741867,236.61245012870583,219.20558633,,,225.59688897258133,192.21198984,0,0,3,63.498591837404014,0.4686040702981312,0.26932374171407614,2,17.2663857351057,77.07797907056717,0,3.45349009162101,236.61245012870583,192.21198984,1,1,0,0,17,10,2,0,0,0,,,,0.3156497386732758,0.2588760526248006,49,5.217280127015108,-0.5619400011184853,,,,,,1.0876865219822318,63.41250064622547,50.79365079365079,6.018783779538547,2,59.81251471257113,40.49364318543131,35.13187436359062,22.530262084310188,,,,23696205
2025-11-05,225.44448382,239.64559315,224.50540237,237.26791885,227.86117763626478,232.53319249308652,210.70183547764708,183.4497471250019,134.25779784252956,196.64881739712135,0,0,0,0,227.91610704821824,129.45643631257755,99.48864147513356,10.668135597499425,2,43,237.26791885,,,212.09250345263428,240.94335545790136,239.64559315,238.2637382972706,241.0274480027294,246.55486741364695,192.21198984,1,3.5,0,76.72561494587497,0.5702457214646608,1.2061152783433313,2,18.32506051840483,89.17507982378139,0,0.14599308690199195,240.94335545790136,192.21198984,0,1,0,0,3,10,2,0,0,0,,,,1.2484967294378426,1.18935317225541,50,6.587637069592016,-2.3934625753816534,,,,,,1.308220292897543,51.86274792543992,46.82539682539682,-18.30048406772482,1,63.47987173930326,39.87364360446685,37.411183249119276,19.352563932147053,,,,28617387
2025-11-06,237.6075866,246.16921214,234.65047907,238.09710778,231.27315435084319,234.96240080358046,213.3109090302521,185.5927808761783,135.2910248070815,199.31522720975158,0,0,0,0,229.95513419814947,130.45786300943536,60,17.92796165861022,2,44,218.8059772,,,211.87599337170283,244.56477440522332,246.16921214,244.78321537434059,247.55520890565944,253.09919596829718,195.70613778784,0,2,5,75.98884192023456,0.5399442096011728,1.0777797326240686,2,18.046697382130535,87.49178047381211,0,3.7170068276411485,244.56477440522332,195.70613778784,1,1,0,0,17,10,2,0,0,0,,,,0.8985534104835436,1.0668277393473424,51,6.90642801338368,-1.4978982174658377,,,,,,1.423612994216374,47.06373805433067,46.03174603174603,-24.7168020292642,0,62.515593549340664,39.6585746791053,38.83764803764167,17.916535675407403,,,,32016797
2025-11-07,233.80130967,242.31298407,226.17886549,237.68750843,233.41127237722878,237.10843934077056,215.6324899254662,187.63571136848503,136.30989529089163,202.00863998032528,0,0,0,0,231.19790382774394,131.39471374989992,60,12.217439199895743,2,45,223.55133558,222.12028395313766,224.98238720686234,216.39607744568832,246.16921214,246.1699469694053,244.73889534254295,247.60099859626763,253.32520510371697,217.18756024,0,3.5,2.5,74.37289341523142,0.5363089115206016,0.9029378403701616,2,16.641690642432973,89.745752169699,0,3.1610147580197405,246.16921214,217.18756024,1,1,0,0,17,10,3,0,0,0,,,,0.3708026720522815,0.8985142555437141,52,6.102317321972351,-3.1133623100737475,,,,,,1.3503523907660524,47.06174966978164,46.03174603174603,-18.364322399124745,1,57.64850743307491,38.541516765212215,34.92811541139058,21.398576911440276,,,,30613835
2025-11-10,247.71270239,256.81879536,247.56784408,253.05247934,239.95834136481918,240.70481249485883,219.19629844113607,190.20107481834836,137.47151304262405,204.80054686516434,0,0,0,0,253.05247934,132.3547413396676,98.90572803192771,8.594238429345019,2,46,253.05247934,,,220.94142843028695,,256.81879536,255.31914664461002,258.31844407539006,264.31703893695015,217.18756024,1,0,0,84.0763033295045,0.5688888888888889,1.5205825230252195,2,16.72999002608458,88.52686893555794,0,0,,217.18756024,0,1,0,0,10,10,2,0,0,0,,,,0.8758158620373819,1.5084270852303054,53,5.316571827895791,-3.4940708121412047,,,,,,1.2108131537838662,50.199588492856115,47.61904761904762,-13.380863095643077,1,57.95438547059811,38.304819976072515,39.586118953389246,18.961206611547084,,,,27870630
2025-11-11,248.09732617,249.74571382,238.55665828,240.87439121,240.26369131321277,243.43007062120904,221.26087870483738,192.18826369645234,138.50039740249844,207.59077256788927,0,0,0,0,247.5963193225267,133.0454145280932,60,16.541161131933116,2,47,223.55133558,222.02937765624498,225.07329350375502,215.9415459612249,252.82185404639347,256.81879536,255.296837436245,258.340753283755,264.4285849787751,217.18756024,0,0,0,73.91602892661074,0.5429134779663871,0.7270841860817505,2,17.357057963631394,76.71265879691467,0,3.8464293932878757,252.82185404639347,217.18756024,1,1,0,0,17,10,2,0,0,0,,,,0.3662948819274338,0.7239523732680397,54,4.732794877363416,-1.0614717982349577,,,,,,0.9686925496392323,47.94356424221597,47.61904761904762,-20.262322741698295,0,60.12661252585513,37.2174360691741,36.21972393111175,22.635164957889558,,,,22622470
2025-11-12,244.66068769,248.94649557,240.60465505,244.66068769,241.72935677214184,245.76673265891253,223.48943194151954,194.24600581384635,139.55671869889147,210.3898491501554,0,0,0,0,246.84837010893716,133.58487986050505,97.9940876194685,17.310894602888332,2,48,244.66068769,,,220.85704989135397,254.38964888154803,246.84837010893716,245.3606427465218,248.33609747135253,254.28700692101404,217.18756024,1,2,4,75.31272587304203,0.554341407142988,0.7983148995781496,2,17.306369343473296,77.82757978567514,0,0.408717410080127,254.38964888154803,217.18756024,0,1,0,0,8,10,2,0,0,0,,,,0.316162100103426,0.7900957020173718,55,4.47089814451397,-1.574525868515427,,,,,,0.7400462746506449,44.51360622293034,43.65079365079365,-25.750046051392093,0,59.95102199489636,36.20772244133985,34.40644070063878,21.501971200941146,,,,17263143
2025-11-13,243.36195802,249.25619264,229.93509137,236.7184563,240.05905661476123,246.79195668702465,224.7493390232796,195.911592107421,140.52350215760896,213.13567233539163,0,0,0,0,243.57656163520736,134.50987709882494,60,24.825581452645824,2,49,223.55133558,221.9973646249893,225.1053065350107,215.78148080494648,255.19541085709676,243.57656163520736,242.02259068019666,245.13053259021805,251.34641641026087,206.63921586732002,0,2,3,68.45470876074545,0.5244957660259495,0.3027673497114443,2,17.28865921821449,80.81915514467276,0,4.072672680922637,255.19541085709676,206.63921586732002,1,1,0,0,17,10,2,0,0,0,,,,0.13286376746093606,0.2944476731234773,56,6.180363253260822,-0.5442373966365668,,,,,,1.4151832999357887,43.75849769151669,42.857142857142854,-26.934818650037716,0,59.889672321383046,34.304824854854836,30.586903847478304,25.24534534062281,,,,32324591
2025-11-14,231.22383081,254.92065201,231.00404579,246.58880172,242.23563831650748,247.6877839064125,226.82928785153868,197.89893366085548,141.57887827265762,215.8804377075252,0,0,0,0,244.37622793109966,135.6235464815997,99.33439713104208,13.260667277121035,2,50,246.58880172,236.03099427338293,239.3440225866171,220.08457521412663,256.81879536,256.81879536,255.16228120338295,258.47530951661713,265.10136614308544,207.68421864284,1,6,3.5,74.17061409761317,0.5575197371547326,0.7032159650016713,2,17.568474593448773,86.58253983141316,0,0.3859759362429632,256.81879536,207.68421864284,0,1,0,0,8,10,3,0,0,0,,,,0.4869944947803965,0.689933494462619,57,6.234071981738466,-2.0641401859811133,,,,,,1.540135232847075,43.50455762406113,42.46031746031746,-28.51579708407505,0,60.85898121467249,32.9194001560858,29.69707812330798,21.99096959435786,,,,36171119
2025-11-17,246.67871377,260.32536544,239.22600357,241.71357038,242.06161567100497,248.06145217330126,228.246838568535,199.61715470866505,142.57524336825307,218.58298490643242,0,0,0,0,243.89176646514687,136.49943627904793,60,21.96889424106714,2,51,237.68750843,235.9609295535877,239.4140873064123,229.05461404793854,256.81879536,245.56189329337252,,,254.194787675434,211.05646463798,0,0,1.5,69.53404018093498,0.538781312015786,0.3641435394286049,2,17.769035378184498,68.97295866134905,0,2.2160918555604545,256.81879536,211.05646463798,1,1,0,0,17,10,2,0,0,0,,,,-0.08486625880615908,0.35075850301705136,58,3.481168540985932,-1.0323174914516868,,,,,,1.2712904380210028,44.36095010898667,44.04761904761905,-27.931353779690006,0,61.553744153008815,31.98072643329658,29.25174011175022,19.591533139813425,,,,30304352
2025-11-18,235.24989276,238.69652147,225.29962551,228.2767135,237.46664828066997,246.58793373994885,228.2496838001031,200.74105897499192,143.4279943148376,221.15162765684877,0,0,0,0,241.2546712544573,137.33792957051762,96.96496951853281,20.272645768882125,2,52,216.25459028987893,213.64227442953998,217.18756024,206.64305485750862,256.70778686481475,244.8586679038553,241.3590581178396,246.16921214,253.16843171203138,213.64227442953998,0,0,0,59.15771156843459,0.49134411339772854,-0.3409190630207456,1,18.71408675502916,75.41292459955208,0,4.208817296630366,256.70778686481475,213.64227442953998,1,1,0,0,8,10,2,0,0,0,,,,0.047693561931180184,-0.3539148727685933,59,4.168536478161774,-1.5303645041561982,,,,,,1.3622675232656936,45.1991830976052,46.03174603174603,-30.277761158874977,0,64.82749815392457,29.93674587411902,26.801791204668582,25.056751951004962,,,,33843910
2025-11-19,226.68826722,234.12099697,216.14857651,225.69923463,233.54417706377998,243.47202785081382,228.0067838791409,201.71981096146283,144.24661362145613,223.5689471637617,0,0,0,0,238.92742552022816,138.17098159620576,88.79593265877315,26.080867524854916,2,53,209.05181751568057,207.26653064663756,210.83710438472357,200.12538317046557,253.99619065169833,238.01815298739416,236.23286611835115,239.80343985643717,246.94458733260916,211.05646463798,0,4,0,56.467614014356386,0.2823380700717819,-0.46620917749525026,0,18.620883939478933,52.29979408688553,0,5.034974929279586,253.99619065169833,211.05646463798,1,1,0,0,8,10,2,0,0,0,,,,-0.7188600892286985,-0.47876250653801156,0,1.4612620878196152,-0.5718313253218253,,,,,,1.3821146332174445,45.99839787913657,47.22222222222222,-28.68977787486774,0,64.50463413004164,28.210698101036407,24.392749289392622,27.38118040358227,,,,35256563
2025-11-20,230.01001809,230.37266337,199.40495411,201.1732245,222.75385954252,236.7253287961026,225.45120679541319,201.6983761982682,144.81304756054612,225.69181591666543,0,0,0,0,232.60289722147465,138.9598812899923,13.131235756432167,48.89120069698266,4,0,200.13353210640003,,,190.46221319387897,219.3135121259,201.6983761982682,199.76411241576398,203.6326399807724,211.36969511078925,185.44285931000002,0,0,4,38.91926721305259,0.2641759858215045,-1.6362111280668186,4,21.834938452345465,9.704723337571643,0,1.6807962838680488,219.3135121259,185.44285931000002,1,1,0,1,10,13,1,0,0,0,,,,-1.556637198049932,-1.6349318581043462,0,-2.079206295886073,4.2333829913926255,,,,,,1.7621785248996955,46.673938270949414,47.61904761904762,-38.29336665252196,0,75.63844555920338,27.606361231261328,20.905876444768737,31.19598457915852,,,,47420728
2025-11-21,204.3301366,211.79283703,192.40180417,207.16736139,217.55836015834666,228.77989101932903,223.70988818537384,201.91284620578708,145.43348849417254,227.5682682083125,0,0,0,0,229.68515962722773,139.6141695117126,32.421920389299544,56.63985006413912,4,1,202.4339906491544,200.4647543434362,204.4032269548726,192.5878091205634,256.03570937752943,229.68515962722773,,,239.53134115581872,204.62370139647035,0,3.5,0,42.448182695075154,0.25512018603016806,-1.2270235419361277,4,21.200761118416555,19.03640265904152,0,2.545297195464538,256.03570937752943,204.62370139647035,1,1,0,0,10,8,2,0,0,0,,,,-1.3430341804383383,-1.2263551786147555,0,-1.9936950045535808,1.5563005992468084,,,,,,1.336081553852042,43.66896722848083,42.46031746031746,-40.53918667406924,0,73.44159083245648,27.404210801871937,19.06784276529803,31.628497389039648,,,,36679691
2025-11-24,213.2014592,225.88904897,212.15248525,223.71117923,219.60929984889776,222.60913596993856,223.7100111420049,202.7676827949719,146.21237098905638,229.31674075906622,0,0,0,0,229.1254901390879,140.33488324013732,24.363303913707796,72.64065620059912,4,2,203.7374998637046,,,194.47826020133243,255.96889666972794,229.1254901390879,227.129755644671,231.1212246335048,239.10416261117237,207.68421864284,0,2,0,53.00427570984688,0.29530465607635226,-0.34481106758373875,4,22.640859296251097,21.451882028056403,0,2.1487098164841347,255.96889666972794,207.68421864284,1,1,0,0,10,8,2,0,0,0,,,,-1.2422662202169426,-0.34866130580364213,1,-1.7409737782936308,1.3084837067428827,,,,,,1.1841729882204917,39.987600598070216,38.095238095238095,-49.0150712314929,0,78.43023725625007,26.151108120807997,23.777167836684676,28.97937046180449,,,,33052839
2025-11-25,219.00578177,225.96897079,215.7889283,224.31059292,221.17639753926517,218.56729681212428,223.76720940657586,203.61250279987496,146.98946772468767,230.94998355553383,0,0,0,0,228.89867229861977,140.71293806589,27.236043713642346,70.84175746005556,4,3,204.5252563064245,,,195.9997989032087,255.9432650972842,228.89867229861977,226.95459703157195,230.8427475656676,238.61904863385894,207.68421864284,0,3.5,0,52.60317381387852,0.2630158690693926,-0.3183110609218929,4,22.62881630037196,29.359804646553606,0,2.1824724603379058,255.9432650972842,207.68421864284,1,1,0,0,10,8,2,0,0,0,,,,-0.8688275797880114,-0.31919849497953934,2,-0.6828307237311289,0.8894983254331424,,,,,,0.6221073384616898,38.365919838156955,35.317460317460316,-51.0567104963784,0,78.38851909477404,24.98178941865504,22.702196611305666,27.624469847527713,,,,17441636
2025-11-26,229.39162296,233.60140521,225.77915646,230.03499366,224.12926291284344,217.1513130109996,224.3641412402353,204.64867891203673,147.81579136583505,232.51151978305614,0,0,0,0,228.9508447966778,141.12184981798424,53.713876765125555,65.0631850709103,4,4,229.93509137,228.04692494086632,231.8232577991337,220.4942592243315,256.05219462138274,257.0187806296742,,,266.45961277534275,213.64227442953998,0,3.5,3,55.62274607770251,0.27811373038851256,-0.04625606762739167,4,22.672002865490512,51.3310039099225,0,4.594563861622666,256.05219462138274,213.64227442953998,1,1,1,0,8,8,2,0,0,0,,,,-0.7962612755139926,-0.04972663111923405,3,2.3044261259423067,0.3209916025932117,,,,,,0.6416973721603798,36.30733625067142,32.93650793650794,-53.771066274453105,0,78.53812174475347,23.348846771042712,25.313959395482584,26.410831352208767,,,,17817622
2025-11-28,235.38476084,237.86733254,233.2418569,236.24891557,228.16914713189564,218.06614242236543,225.4960245097367,205.88790387901568,148.6957229499561,234.0523365860313,0,0,0,0,229.1858982791366,141.43645961280555,74.5343030531083,48.446008093236145,2,0,233.64646114,231.82323214437585,235.46969013562418,224.53031616187926,256.56372730748046,258.53330318442414,,,267.6182814224966,219.86271066472,0,3.5,7.5,58.88077402838962,0.44440387014194804,0.21952141400227207,3,22.773926136277904,67.39416294375167,0,2.5139207661224265,256.56372730748046,219.86271066472,1,1,0,0,8,10,2,0,0,0,,,,-0.3419960188041981,0.21242592539286992,4,3.5890057215708935,-0.5755322852622288,,,,,,0.4667015346502177,35.1784288057759,31.746031746031747,-55.40892857220303,0,78.8911943117082,21.823609019526106,26.432095450721544,25.397820028473024,,,,12914741
2025-12-01,232.05801486,242.12316973,231.27378195,240.22502638,232.18777354793042,220.6583250873191,226.89878659261893,207.23445770258368,149.60646228756846,235.59926154348162,0,0,0,0,229.66615410611826,141.89570801537963,60,36.4570444328787,2,1,233.64646114,231.85659325317044,235.43632902682958,224.69712170585217,257.3994352573642,258.92825231414986,,,267.87759174829773,219.86271066472,0,5,0,60.57128997425767,0.45285644987128837,0.34961940921415513,3,22.81202662430926,70.51672695346244,0,2.654159482065274,257.3994352573642,219.86271066472,1,1,0,0,17,10,2,0,1,0,,0,,-0.5289781636037625,0.3394804579821777,5,3.6513719241434757,-1.0629145274841487,,,,,,0.6567999031355487,31.970600085648265,26.58730158730159,-59.54275595590182,0,79.02317827383516,20.697877536033136,27.124543133984375,24.023263279045818,,,,18238209
2025-12-02,238.51170225,244.13110569,234.10101652,239.25597425,234.54384044862027,224.2723718629598,228.0756616076076,208.49020344954118,150.49849723246828,237.14867529735216,0,0,0,0,230.06445182723004,142.34445225279518,89.62621744862496,30.359238946420973,2,2,233.64646114,231.89488659178326,235.39803568821677,224.88858839891628,257.8078930671248,259.12072568952954,,,267.87859843061324,219.86271066472,0,5,5.5,58.97565666747624,0.4448782833373812,0.23076552470706516,3,22.342394988223617,68.35597410894684,0,2.7588242763316226,257.8078930671248,219.86271066472,1,1,0,0,8,10,2,0,1,0,,1,,-0.4047473256387571,0.22037240372848,6,3.2783355616040186,-1.0778660094356596,,,,,,0.6578000987531621,32.35491143938065,27.77777777777778,-58.1958047940273,0,77.39632656475109,19.791138974619386,26.76125780143921,22.795003738179485,,,,18166225
2025-12-03,236.15900352,237.56762569,227.86711415,233.93118264,234.33962117908018,227.8252369245758,228.63333027735925,209.48788890799054,151.3286732066726,238.66652782667762,0,0,0,0,230.22695614097134,142.78817377452356,93.59225631697578,60.06479715317481,1,0,233.64646114,231.9183128086202,235.37460947137984,225.00571948310085,257.69717500536404,259.0652570510801,,,267.70599870797923,219.86271066472,0,3.5,2.5,54.58483688713475,0.4229241844356737,-0.08152577620465437,1,21.09613216979055,53.043420860145034,0,2.7834085105600668,257.69717500536404,219.86271066472,1,1,1,0,15,15,2,5,1,0,0,2,,-0.1299237389943013,-0.08938352543446355,7,4.917004811733194,2.8959532800019554,,,,,,0.7005240807795037,32.69875847083895,29.365079365079364,-55.25569129601053,0,73.07914552253098,18.45084654518936,25.186594373773367,24.674498530800122,,,,19188220
2025-12-04,230.05497411,233.93118264,223.11176554,226.42852129,231.7025878827201,230.2504664432334,228.42334846903933,210.15222743277522,152.07593537665593,240.11400832296852,0,0,0,0,230.04091653937178,143.28181584791562,92.95864044900048,73.24174528438456,1,1,209.66909127714473,207.96778017389917,211.3704023803903,201.16253576091694,257.26313228979336,230.04091653937178,230.04091653937178,233.4435387458629,240.24878315884513,211.05646463798,0,4,4,48.89174985456468,0.39445874927282343,-0.46568636408570746,1,19.516919812241824,45.08908742008626,0,5.5949838829423255,257.26313228979336,211.05646463798,1,1,0,0,15,15,2,5,1,0,1,3,,-0.29766546871753036,-0.4682502348021931,0,3.316466848339225,2.4673462400113553,,,,,,0.8665170239588477,33.11914981747216,30.158730158730158,-51.013402098277325,0,67.60859344410093,17.42319945060417,23.75647742844831,25.76909115569672,,,,23513857
2025-12-05,228.72127865,240.33491889,226.46348709,236.98819246,233.46445607514673,232.8770150613061,229.23904789674987,211.20461821815658,152.9208334570872,241.5633955075105,0,0,0,0,230.33420475733305,143.7768974469853,95.87217302583188,81.03150733644517,1,2,236.98819246,234.03716643778765,237.44507272952941,212.831861923033,257.16434732437585,237.86733254,,,246.3870982693544,219.86271066472,1,3.5,0,54.974431607779486,0.43362542240096347,0.0414842110352044,1,20.093132194986193,59.736708804558106,0,0.8352326042856473,244.13110569,219.86271066472,0,1,1,0,5,15,2,5,1,0,2,4,,1.0700261148965275,0.03659989718063598,1,5.715052998651177,2.763484294918868,,,,,,0.7957269471436775,33.51678270639199,30.952380952380953,-51.846921300965164,0,69.60465168982807,16.39462055578207,25.380886008326012,23.8913398499099,,,,21160980
2025-12-08,243.25206551,248.98645648,241.37390262,246.67871377,237.8692086400978,236.28747482633167,230.89996845610702,212.59575922018965,153.8537476890565,243.06775924235305,0,0,0,0,230.97625291637615,144.300779857824,60,52.097866826033425,2,0,235.74111958365853,234.051750019457,237.43048914786007,227.29427176265088,258.28354930019003,258.8070919001413,257.1177223359398,260.4964614643428,267.2539397211489,221.89192299002,0,2,4.5,60.333249904673,0.4717254325469291,0.45217560759143877,3,20.490357376667962,76.76964202012773,0,2.6687387051614175,244.13110569,221.89192299002,1,1,0,0,17,8,2,5,1,0,3,5,,1.1604734641885124,0.4447088370700458,2,4.644982544126661,-1.1587482872305772,,,,,,0.7856438618566327,33.905246163139296,30.952380952380953,-52.233134250945355,0,70.98068008326528,16.06397907308693,28.343884747886015,22.37632729420621,,,,20495362
2025-12-09,244.24609322,255.25782221,242.59271046,252.17333926,242.63725218006522,240.45518610108752,232.9260037707635,214.14782118253515,154.83205208279722,244.64748078063624,0,0,0,0,231.64767544105408,144.75617399292733,60,55.589720450307865,2,1,235.74111958365853,234.0593379191321,237.42290124818496,227.33221126102643,258.10296712880574,258.6728128496248,256.9910311850984,260.3545945141512,267.0817211722569,223.41343177862,0,5,0,62.868951142718856,0.46434475571359435,0.6204728347839658,3,19.60786435477058,74.58239270328367,0,2.6593044765349108,244.13110569,223.41343177862,1,1,0,0,17,8,2,15,1,0,0,6,,0.6589524122520973,0.6113205976602112,3,6.3202671147979546,0.9297848362526082,,,,,,0.6680605695059963,23.063799277438125,16.26984126984127,-66.04451540352315,0,67.92363458076277,16.171332662839337,29.76753494414984,20.871764923402292,,,,17067054
2025-12-10,254.8806911,264.49129059,250.33513728,263.45230686,249.57560374004348,245.97662735182342,235.83327073164315,216.0813304247887,155.91285063779426,246.342633326148,0,0,0,0,232.89318841387234,145.39745442560735,60,70.29430343226505,2,2,235.76473800162788,,,227.3244948578445,262.3731128062078,264.49129059,262.8032419612433,266.1793392187567,272.9315337337834,226.57531084846,0,0,0,68.97408121414817,0.4974545523459003,1.028110554154654,3,19.36029112405655,50.552632566184634,0,4.492285245297322,244.13110569,226.57531084846,1,1,0,1,17,14,2,15,1,0,1,7,,1.020673170201275,1.0139052638334265,4,4.4045768707611765,2.7526849573291594,,,,,,0.8607289121915453,21.800921655418378,15.476190476190476,-67.49334009058938,0,67.06601575238142,16.82689734602176,32.422508018632506,19.308971928322674,,,,21960704
2025-12-11,261.27443712,262.59314724,251.30418941,258.20743707,252.45288151669567,251.15056392167799,237.96414371624857,217.73333460695383,156.93070721920924,248.08960130144027,0,0,0,0,233.7171536929869,145.9186551398155,60,60.08505966750228,2,3,235.3046214451689,,,225.2958357639495,264.49129059,263.3893975046695,261.7134584435919,265.0653365657471,271.7690928100576,231.99959200826,0,3.5,8.5,64.53595452757503,0.4726797726378752,0.6383317242649088,3,19.473118936478826,60.44195395038629,0,3.745936379837816,244.13110569,231.99959200826,1,1,0,0,17,8,2,15,9,0,2,0,,0.6098106283252313,0.6285572787257695,5,3.4959084076624016,0.4333768345273638,,,,,,0.7371581957314159,21.140820210788196,15.079365079365079,-68.66023804557756,0,67.45686275962589,17.435635980405436,30.32415118980136,18.059311874873988,,,,18867027
2025-12-12,255.42016342,255.57001684,239.08614037,240.9043619,248.6033749777971,253.67151107072513,238.24416449565348,218.64200234393604,157.76626597225194,249.76359420495115,0,0,0,0,234.02498176782163,146.5181439796853,95.06809629301492,75.08911547834205,1,0,236.48368593648738,234.75673094495102,238.21064092802374,227.84891097880555,260.32536544,244.13110569,,,252.76588064768183,226.57531084846,0,0,4,52.69700427743561,0.413485021387178,-0.24664810487763253,1,20.48533553352106,43.77744647785815,0,2.761123436378864,244.13110569,226.57531084846,1,1,0,0,8,15,2,15,9,0,3,1,,-0.19386950481781748,-0.2522446512192688,6,3.606876695174151,2.943493444346668,,,,,,1.026193536135232,22.0199955676171,16.666666666666668,-68.96987518775359,0,70.96328390830912,16.86785019966253,27.326321530715333,22.5908606317191,,,,25936927
2025-12-15,246.86852811,249.86559656,235.76938462,237.26791885,244.82488960186473,253.71519301981212,238.15118871987696,219.37243044221307,158.5573271949161,251.3337418092558,0,0,0,0,234.16576992425132,147.12102152233942,92.88754152834512,86.82470771622124,4,0,236.48368593648738,234.7542258377393,238.21314603523544,227.8363854427471,260.32536544,244.13110569,,,252.7784061837403,223.41343177862,0,0,7,49.64172457216322,0.39820862286081615,-0.4264215212809268,4,20.098202507217557,27.2186514217301,0,2.757123974212693,260.32536544,223.41343177862,1,1,1,0,14,8,2,15,9,0,4,2,,-0.4420816015618947,-0.42835861268596287,0,3.4778287104271666,5.454978336952694,,,,,,1.1064032128272967,24.73473272634013,18.650793650793652,-64.4729308684258,0,69.622215766618,16.061619863409664,25.33768677393493,22.65916237491848,,,,27483624
2025-12-16,235.56958006,239.16596229,230.35468096,232.28279499,240.64419139790982,251.5181571793628,237.5922940789363,219.87871924800865,159.29091393914578,252.76664131699303,0,0,0,0,234.1009287823076,147.58325544693045,74.11402756317352,92.35667520965646,4,1,222.38327155453305,220.69867216524915,224.06787094381696,213.9602746081135,260.32536544,236.41265837650832,234.72805898722441,238.09725776579222,244.83565532292786,217.17774002582,0,0,4,45.823003488283994,0.37911501744141995,-0.6482232562748372,4,20.110525970366716,16.803988023642503,0,2.283619295251523,260.32536544,217.17774002582,1,1,0,0,8,8,2,15,9,0,5,3,,-0.569455796958404,-0.6456876708784539,0,0.725918011896586,4.935332699052159,,,,,,0.923248233248374,26.96611295775286,21.428571428571427,-61.29168228096679,0,69.66490549521708,14.960842239242854,24.1543962972116,24.47081666509526,,,,22577259
2025-12-17,236.32384228,237.21796771,221.47336812,225.29962551,235.5293361019399,247.48694182965588,236.42156373903762,220.09130380730244,159.94771703935328,254.02264850516403,0,0,0,0,233.57157212813223,148.3593336507681,49.564003314977455,98.44466377101168,4,2,222.724857704188,221.02001006065652,224.42970534771948,214.20061948653057,260.32536544,225.29962551,234.63127724080692,238.04097252786988,250.8567488582519,211.05646463798,2,0,5.5,40.85829399776156,0.3542914699888078,-0.9433114599453613,4,19.509213014020723,14.297822283493858,0,0.5573068877094186,260.32536544,211.05646463798,1,0,0,0,10,8,2,15,9,0,6,4,,-0.6257680446223047,-0.9328429757835599,0,0.41674625406993115,5.350403806001028,,,,,,1.6877486778886466,28.901432827839358,22.61904761904762,-57.23494840328258,0,67.58189631193568,14.608659479571864,22.162694976104078,27.104315889014572,,,,41957128
2025-12-18,256.27932304,263.39236549,244.76058997,248.30712096,239.78859772129326,245.17848423870868,237.55352156960546,221.19780644074154,160.82691508831493,255.25003975633444,0,0,0,0,234.82766594162487,149.88214687689654,99.6781960380162,92.77819369674744,1,0,236.21031382648275,232.36394070313855,236.98819246,224.67119445645017,264.49129059,264.2368571909879,262.3136706293158,266.16004375266,273.8527899993484,231.99959200826,0,0,9,54.394008505135496,0.4219700425256775,0.16090760484740924,1,21.767767445522807,68.33912387837492,0,2.4508782565300224,264.49129059,231.99959200826,1,1,0,0,8,8,2,15,9,0,7,0,,0.4136371013318678,0.16158767414849037,1,7.497679586531153,3.40414203779045,,,,,,2.4672777623796134,30.36554599895555,25.396825396825395,-59.73046799479466,0,75.40575836597858,14.66075205700094,30.39494921441402,22.31094290218261,,,,65006099
2025-12-19,251.50399398,268.11774341,251.49899886,265.66014728,248.4124475741955,245.93971800026105,240.23034306583352,222.94142765012424,161.87003182654067,256.5485367069009,0,0,0,0,265.66014728,151.5487068523795,60,48.780418991805945,2,0,234.24073985102,,,224.42725659816745,264.49129059,267.02841038450464,265.0657137339341,268.9911070350752,276.84189363735726,234.24073985102,0,7.5,0,64.11941375577193,0.47059706877885965,0.8837950367648861,3,18.627745149528632,90.65939750595815,0,3.0825497898706686,264.49129059,234.24073985102,1,1,0,1,17,10,3,15,41,0,8,0,,0.5976685069530601,0.8752488297681963,2,9.837110426620171,0.3749427755589133,,,,,,2.3000299977498595,32.30080433085164,27.77777777777778,-49.94327567357091,0,64.5284020588566,14.968565378193126,29.805358288054745,20.300254179738598,,,,62312103
2025-12-22,276.87917351,279.71639831,268.02783136,276.31972073,257.71487195946366,249.87043295216236,243.667426652897,225.0346940454135,163.00883470120195,257.9648818721373,0,0,0,1,269.1985447652763,152.43477745793635,60,67.87338486801087,2,1,264.49129059,262.5432843159881,266.4392968640119,254.75125921994047,293.7022182255,279.71639831,277.7683920359881,281.6644045840119,289.4564296800595,243.94270997222,0,2,15,69.5121133995583,0.4975605669977915,1.2154221624539217,3,18.74102901951121,66.38949224238715,0,3.6728514497136993,270.83040549898146,243.94270997222,1,1,0,0,17,8,2,15,41,0,0,1,,0.5853360364404894,1.203120215514499,3,5.094585263261249,1.2252332848411056,,,,,,1.1550364905122505,40.672317911581715,40.87301587301587,-37.35089553948573,0,64.9208288958323,15.843911793935295,33.201293246880354,18.992390117233622,,,,30961879
2025-12-23,275.65037544,281.58457097,272.05389331,276.00003343,263.80992578297577,255.54645157609957,246.7467225364306,227.03333480559334,164.13312523581686,259.4701424786298,0,0,0,1,270.43713330040833,153.02057319813306,60,49.17372826424333,2,2,264.49129059,262.59733228502466,266.38524889497535,255.0214990651233,275.75987334634345,281.58457097,279.6906126650247,283.47852927497536,291.0543624948767,243.94270997222,0,2,12,68.15620432101032,0.49078102160505166,1.02296681263924,3,17.597012966085682,74.46722367387721,0,1.1899504573824455,275.75987334634345,243.94270997222,1,1,0,0,17,10,2,15,41,0,1,2,,0.37817359257926114,1.0105817291113246,4,4.620875680707044,-0.6597647200776534,,,,,,0.7929072893621527,45.687635961641305,46.42857142857143,-25.050436196391672,0,60.95784103741742,16.746980533606614,32.5902640039627,18.13906413905787,,,,20767600
2025-12-24,277.7283429,289.01730072,276.97907579,286.39986095,271.33990417198385,262.66376214742775,250.5232119091515,229.36143387007988,165.34970967078385,261.1062134805546,0,0,0,0,272.6747783879732,153.5842783827876,60,56.47876025043913,2,3,264.49129059,262.6163894202908,266.36619175970924,255.11678474145378,282.364307045175,289.01730072,287.14239955029075,290.8922018897092,298.3918065685462,250.13850661074,0,2,0,73.20856596617591,0.5160428298308796,1.3115523195825944,3,17.769616941925452,61.88363447553063,0,1.9065555821213447,282.364307045175,250.13850661074,1,1,0,0,17,8,2,15,41,0,0,3,,0.3151339246534407,1.2969641433742647,5,4.453332639821064,1.1946564946638027,,,,,,0.7083084354882146,45.19252211108383,45.63492063492063,-26.582787655283184,0,61.55575874890316,17.939202179163477,34.10956693044625,17.01461893541897,,,,18592572
2025-12-26,290.55080075,290.58576655,283.14304657,284.51170782,275.73050538798924,270.0606793105541,253.76021151970852,231.52418971125323,166.53540119465666,262.8398280328226,0,0,0,1,274.0808141046666,154.1142146107671,60,54.55498558140086,2,4,265.5337843945946,263.7263518800431,267.34121690914606,256.4966218218373,287.6013542181656,290.58576655,288.77833403544855,292.3931990645515,299.6229291227573,253.00698384678,0,0,10.5,70.84157829448257,0.5042078914724129,1.0387627406240294,3,17.80961165737687,58.43072934102338,0,2.441869297570703,287.6013542181656,253.00698384678,1,1,0,0,17,8,3,15,105,0,1,0,,0.42601965567431993,1.0241891740257172,6,3.3629055723051016,0.5804610044940659,,,,,,0.6810246280233783,44.28105330741949,44.04761904761905,-28.22505470957497,0,61.69430450729539,19.11991208535639,33.6302891451206,16.38905198931486,,,,17878464
2025-12-29,280.16420406,294.3310732,278.34025089,294.20114777,281.88738618199284,278.25667138529485,257.61172925783154,233.98210963512565,167.80570713072973,264.7124613921173,0,0,0,0,277.10676482254536,154.95411935084596,60,48.4509539432873,2,5,265.5337843945946,,,256.42825743819503,294.46949414346557,294.3310732,292.5099678087201,296.1521785912799,303.43660015639955,255.32158335648,0,3.5,0,75.32249218484647,0.5715387244994393,1.2813136852625455,3,17.887108612258476,62.751851599447996,0,3.177818251203391,294.46949414346557,255.32158335648,1,1,0,1,17,10,2,15,105,0,2,0,,1.3594101086016561,1.2656286860020352,7,3.4643923643074848,0.028602819287979586,,,,,,0.98901880753258,43.16558401641295,42.06349206349206,-30.336249161801366,0,61.96276183386902,19.749498240123202,30.993664568245652,17.45887489768982,,,,26642890
2025-12-30,294.53095848,298.65858949,291.84250148,292.46214584,285.41230606799525,286.1804539405559,260.9308165513714,236.27544438825797,169.04606970495132,266.697455837596,0,0,0,0,292.46214584,155.66389800812004,60,57.73454863094711,2,6,265.5337843945946,,,256.77436257749144,298.65858949,298.65858949,296.90670512657937,300.4104738534206,307.41801130710314,257.9959884237,0,0,8.5,73.00736204660419,0.5699493277981362,1.0174190756110333,3,17.953672023800355,38.08127397040399,0,3.7816200414881047,298.65858949,257.9959884237,1,1,0,0,17,8,2,15,105,0,3,1,,1.439300140520922,1.003174652093262,8,1.3306184791944826,1.3853410210582018,,,,,,0.8482970874692105,41.89635804168224,41.666666666666664,-32.63530279108331,0,62.19334425530032,20.56592988465927,32.12253108730477,16.852378838243673,,,,23056391
2025-12-31,292.99683896,292.99683896,284.01699281,285.24628727,285.3569664686635,292.26371450426933,263.2465756674313,238.19586959930666,170.2022907752503,268.7339849345711,0,0,0,1,289.3410675708847,156.17171780412482,60,70.17857885620985,2,7,265.5402645425641,263.8333375787628,267.2471915063654,257.00562972355755,298.65858949,289.3410675708847,287.6341406070834,291.04799453468604,297.8757023898913,257.9959884237,0,0,10,67.59250769818583,0.5374887097346965,0.5612966206056995,3,18.24313436558183,45.05277499046347,0,3.672691311569595,298.65858949,257.9959884237,1,1,0,0,17,8,2,15,105,0,4,0,,1.3962093699501386,0.545900468299512,9,3.4721425116507834,2.5188178292811,,,,,,0.6472850950359611,40.4860948618143,40.476190476190474,-35.93574081489883,0,63.19607122098709,20.568554402972598,30.61368238879023,20.154151509861844,,,,17573788
2026-01-02,294.9557147,315.41897012,294.6908667,315.23907337,295.317668769109,299.54027365093077,268.198242115295,241.2171717079613,171.6454428408697,270.98225142812134,0,0,0,0,315.23907337,157.66873216338698,60,55.01606954252422,2,8,298.65858949,296.80418692673805,300.51299205326194,289.38657667369034,312.33805633596006,315.41897012,313.56456755673804,317.2733726832619,324.69098293630964,268.35390365304,0,3.5,0,83.65711792433322,0.7651392324674122,1.663839975769233,3,20.048918150989714,74.45960468940984,0,1.4753502952344513,312.33805633596006,268.35390365304,1,1,0,1,17,8,3,15,105,0,5,1,,2.7211138597392974,1.6482815658068035,10,6.098846619664878,0.70842665467858,,,,,,1.5043459543024058,44.83355892782433,46.82539682539682,-35.44622427811514,0,69.4514897486081,21.700857621322328,36.96206983353295,17.226250393114245,,,,42604280
2026-01-05,324.94350367,325.34327422,309.37244044,311.97094906,300.868762199406,306.2636592934788,272.36707134812406,243.9918296433354,173.04171653459238,273.3812083977801,0,0,0,0,313.77422461982275,158.83941760883994,60,37.949722533504286,2,9,298.65858949,296.7940475225068,300.5231314574932,289.33587965253395,318.24692167599056,316.18917235049986,313.77422461982275,318.24692167599056,325.7050895459634,274.5596326609,0,0,0,80.28655477283976,0.4723267683294897,1.2890094800416463,2,19.61473376992848,75.86615343065631,0,2.101141462889802,318.24692167599056,274.5596326609,1,1,0,0,17,10,2,15,105,0,6,2,,1.5786141466359178,1.2732161907608295,11,3.618510662588969,-2.059341246798578,,,,,,1.1985436696359726,46.861973818429725,50.3968253968254,-31.032015228503784,0,67.9474309329063,23.14614430401014,38.88764489018058,15.908818540079611,,,,34608591
2026-01-06,318.09743286,344.35236425,317.87755906,343.23300669,314.990177029604,315.35119505292516,279.1162080473503,247.88364050791048,174.73516220778052,276.078930312159,0,0,0,0,343.23300669,160.78851202028244,99.7848739544239,12.038832734950267,2,10,343.23300669,,,281.54892012782165,,344.35236425,342.3318840731313,346.3728444268687,354.4547651343435,286.30725029944,1,0,0,96.43041638171022,0.5055295362484005,2.302001830821936,2,20.98995511640851,91.3412667725596,0,0,,286.30725029944,0,1,0,1,11,10,2,15,105,0,7,3,,1.8442362899872031,2.2638540770290754,12,7.746063696521329,-2.2116772663328668,,,,,,1.6107703403095859,67.73518805772231,57.142857142857146,-6.843704901101032,1,72.71133742041968,25.117578856629535,41.723215662786615,13.632352705433949,,,,48732420
2026-01-07,340.51456689,346.10136044,336.98669166,339.35523227,323.111862109736,324.92355387794066,284.85325797331694,251.47076175348263,176.3731728551658,278.9894651078767,0,0,0,0,341.6735389020655,162.0492244680497,60,15.406129196716234,2,11,284.96059343986,,,275.17288776243396,341.787992852402,341.7353361362983,341.6735389020655,345.6504184072688,353.48058294920963,286.30725029944,0,2,0,92.40751117443007,0.44193733590048884,1.8100122378400467,2,21.063850557220206,77.53450929505138,0,5.805997982101793,341.787992852402,286.30725029944,1,1,0,0,17,10,2,15,105,0,8,4,,1.3354986872039105,1.7867960048261013,13,2.8090007813056204,-3.2723680424830355,,,,,,1.0619631844512214,78.89730382149462,61.507936507936506,8.126905562529357,2,72.9673187362868,27.00031246907018,40.78639137848631,13.065614115128012,,,,32781099
2026-01-08,342.7033107,343.46287476,321.17566616,326.83241955,324.35204792315733,332.32495664775973,288.85127336157245,254.42612088275783,177.8702797874527,281.9881770455796,0,0,0,0,337.3145170889222,163.24353234253408,60,22.119363038023987,2,12,284.98421899880003,,,275.009771333842,346.10136044,347.37432901540933,345.3576193128159,349.39103871800273,357.4578775283764,286.30725029944,0,2,1.5,83.74762773216,0.4,1.0742017577836047,2,21.71492887567935,73.83897827114453,0,6.127371007811818,346.10136044,286.30725029944,1,1,0,0,17,10,2,15,105,0,9,5,,0.9872392674721389,1.0663053340116289,14,4.640283841535565,-0.7647044120807567,,,,,,1.0689939041410477,85.02840366662453,65.87301587301587,13.03553427861279,2,75.2227201908423,27.384857681678003,36.761913450737545,18.776412328878397,,,,33897720
2026-01-09,332.55413566,345.60164724,326.00289564,344.8920545,331.1987167821049,339.4816210254883,294.18849061285124,257.97380455402225,179.5321879935477,285.1525302230862,0,0,0,0,339.01476711388233,164.53106856242587,92.27908633850149,27.029913643709527,2,13,344.8920545,,,312.1296886900406,357.1895767390225,346.10136044,344.05371257687756,348.14900830312246,356.3395997556123,286.30725029944,1,2,0,92.10597183408427,0.4173450355828895,1.5564753377498224,2,21.88664610433669,57.21933320201302,0,0.37535513492387224,357.1895767390225,286.30725029944,0,1,0,1,10,10,3,15,105,0,10,6,,1.138760284663116,1.5390242031288912,15,2.250373638205228,-0.5686788935242046,,,,,,1.0342686876401321,91.8459215612043,73.01587301587301,21.140688446603914,3,75.81756611998117,27.829014719444384,34.55288772635115,17.171808858336078,,,,33387505
2026-01-12,340.35465867,348.27011571,339.1253642,345.67160709,336.02301355140327,345.6546124145615,299.09164456305587,261.41293406523704,181.1853165417711,288.45011530003603,0,0,0,0,339.91108511012203,165.4170597318617,60,23.089776226607725,2,14,315.23907337,,,305.3238890273779,365.1942597216779,348.27011571,346.2870788414756,350.25315257852446,358.18530005262215,288.72842070172,0,3.5,0,90.78345513186642,0.43120137177282647,1.3475180403244418,2,21.63895293308809,61.88798494990509,0,5.0382508913058635,365.1942597216779,288.72842070172,1,1,0,0,17,10,2,15,105,0,11,7,,1.214055418627056,1.3307100530262417,16,2.043273061308769,-1.4804215988022054,,,,,,0.7124849587272749,96.52915867810266,74.2063492063492,28.775028809809665,3,74.95953180540029,28.353622245884864,34.33167792620001,16.46477673953684,,,,23152588
2026-01-13,346.07137765,351.02853256,335.02771599,337.93604679,336.66069129760217,349.96478456471857,302.79111144181246,264.4138404466003,182.74502530045996,291.7959930590455,0,0,0,0,339.6702337781151,166.2830723147581,60,57.23064366668592,2,15,315.23907337,313.2548175584238,317.2233291815763,305.31779431211874,351.02853256,339.6702337781151,337.68597796653887,341.65448958969137,349.5915128359964,290.43312231502,0,0,5.5,84.92215929510691,0.4088888888888889,0.8674137163707321,2,20.190190656474474,34.39249061509297,0,3.6073432650369224,351.02853256,290.43312231502,1,1,0,1,17,8,2,15,105,0,0,8,,0.6960737127045397,0.8564311203068001,17,3.1820972329979496,3.586485792950157,,,,,,0.7372429479970682,99.37578039983792,76.19047619047619,42.08541796601857,3,69.94087206303242,28.47731393643912,31.859831456136074,17.123151260275918,,,,23881339
2026-01-14,334.64793396,338.9054904,328.0117427,333.15878863,335.49339040840147,352.1750728588433,305.6832711740208,267.10972076751796,184.24167966194793,295.13276730188187,0,0,0,0,339.0592767156522,166.99131572658794,60,48.51989920185319,2,16,315.23907337,313.2992845119292,317.17886222807084,305.54012907964596,351.02853256,339.0592767156522,337.11948785758136,340.999065573723,348.75822100600624,290.43312231502,0,3,1.5,80.82704697508706,0.41333333333333333,0.5526805629453909,2,20.174164891514685,72.4203073533195,0,3.690036577031771,351.02853256,290.43312231502,1,1,0,0,17,10,2,15,105,0,1,9,,0.6255981283397053,0.5464216958482528,18,5.117671009396657,-0.11123115246510602,,,,,,0.6330205406374287,100.73309696940827,76.98412698412699,44.140490980258846,3,69.8853571847514,27.989099655931632,30.262304100610756,19.49390836060328,,,,20277196
2026-01-15,345.1269197,347.57051724,336.0771137,336.4369072,335.807896005601,352.67510490534585,308.6121888907807,269.82843396094864,185.75606003546088,298.4539955237727,0,0,0,0,338.7837669797211,167.8863426862944,96.51603895554379,39.373132193529855,2,17,315.23907337,313.3091647106307,317.1689820293694,305.5895300731534,351.02853256,338.7837669797211,336.8538583203518,340.71367563909047,348.43331027656774,290.43312231502,0,0,4,81.11759429855162,0.4177777777777778,0.5515812992649797,2,19.791567819152878,73.30343667231423,0,3.708927779172266,351.02853256,290.43312231502,1,1,0,0,8,10,2,15,105,0,2,10,,0.9421234114673118,0.547911616492483,19,4.7420604476268196,-0.6753888677295945,,,,,,0.7885787577626163,100.71999406875405,76.58730158730158,46.907804929174254,3,68.56000204843588,27.98052090835867,32.253379874083166,18.194157187900142,,,,25370230
2026-01-16,352.89745992,365.6001694,351.83806794,362.54192463,344.71923888040067,354.5180539209558,313.7483541992778,273.46425712444085,187.51512336475977,301.8954204590502,0,0,0,0,342.71649741693477,169.8085110212029,99.71307637748916,14.418551250106246,2,18,362.54192463,342.8396101895142,346.94449881048575,334.629832947571,373.53900582142023,365.6001694,363.54772508951424,367.6526137104858,375.862390952429,299.43839388214,1,2,0,93.34009872087654,0.4222222222222222,1.321087515048141,2,19.844458798831447,89.16185667498351,0,0.393989863480674,373.53900582142023,299.43839388214,0,1,0,0,3,10,3,15,105,0,3,11,,0.715920330220937,1.3106538526926708,20,7.361114730545841,-1.934603840975871,,,,,,1.475297432148281,104.21300630015877,78.17460317460318,51.597500970900334,3,68.74322177656663,28.751312281195613,36.004792960500495,15.88592953209994,,,,47901925
2026-01-20,364.47081757,381.34103517,361.14272768,364.79063402,351.4097039269338,357.5983722636497,318.60952370601325,277.04568366936473,189.27905879416514,305.43230920169344,0,0,0,0,364.79063402,171.78768587766677,60,34.71427992244836,2,19,344.8920545,342.80587132338815,346.9782376766118,334.4611386169409,376.8509350940747,381.34103517,379.2548519933882,383.4272183466118,391.77195105305907,309.16624892799996,0,0,0,92.72635670525922,0.4266666666666667,1.1882094891734039,2,18.33186342430767,80.90246175148441,0,3.0638614051120285,376.8509350940747,309.16624892799996,1,1,0,0,17,10,2,11,105,0,4,12,,0.8692634560004093,1.182553357123049,21,6.606022085710075,-0.4021629374826007,,,,,,1.568929460851446,105.82096859471082,78.17460317460318,66.63817335408338,3,63.503437696628914,30.01123634163448,39.629195183781036,14.512655684044187,,,,49744908
2026-01-21,372.63613121,393.97388474,366.51964168,388.88680439,363.90207074795586,363.69418596498963,325.30259805686916,281.43160997213477,191.26520551651174,309.1694106951267,0,0,0,0,388.88680439,174.27129395514007,99.92964500684026,0.9753884564568388,2,20,388.88680439,,,340.9808480705161,,393.97388474,391.7761499088605,396.17161957113956,404.9625588956977,316.97334996226,1,1,0,103.32334014428348,0.4311111111111111,1.7749327810303617,2,18.235846491495085,97.51312636817262,0,0,,316.97334996226,0,1,0,0,11,10,2,11,105,0,5,13,,0.5838574596297036,1.760414951828841,22,9.238223880554454,-5.720383854854282,,,,,,1.8046285682136127,105.83587948268888,78.57142857142857,67.53917493698293,3,63.17082528459227,31.552989960928073,40.06298686640272,12.79202666151129,,,,56712817
2026-01-22,396.41248514,397.55183123,376.70379664,397.35194595,375.05202914863725,372.27137478940523,332.1644407133578,285.9775055006785,193.31581984918327,313.118005093843,0,0,0,0,392.36772703711625,176.03948075088562,60,9.363398589897095,2,21,344.8920545,,,333.7575698112271,396.46805045449446,397.55183123,395.3249342922454,399.7787281677546,408.6863159187729,319.18452089308,0,1.5,0,105.54548834130439,0.4355555555555556,1.7685606911948188,2,18.114158479459697,83.3130350015803,0,4.632095458041229,396.46805045449446,319.18452089308,1,1,0,1,17,10,2,11,105,0,6,14,,0.8746020256179559,1.7516601648994565,23,3.457331402114046,-4.271730544738535,,,,,,1.2432310595909988,107.33081844595189,80.15873015873017,71.04707622046135,3,62.749285645557585,33.08407146275357,38.14872848228801,11.722759242021885,,,,39607596
2026-01-23,396.93218687,412.19332797,390.51586941,399.42075859,383.17493896242485,381.7911900426237,338.56980432065706,290.42626052378915,195.36661525953966,317.24471749150433,0,0,0,0,394.2634010778507,177.61101243053525,60,6.3994742231239155,2,22,362.54192463,,,351.2350165904252,404.8743062313884,412.19332797,409.931946362085,414.45470957791497,423.5002360095748,328.2329658784,0,3.5,0,104.44678230176609,0.4730973228859581,1.5631638743199032,2,18.05403984599176,88.70658693081754,0,3.7439396741551914,404.8743062313884,328.2329658784,1,1,0,0,17,10,3,11,105,0,7,15,,1.2647785830876646,1.5457014275715626,24,5.38124132379919,-4.008044900077,,,,,,1.086337385186392,106.1199146032435,78.57142857142857,69.68047535401098,3,62.541028590261426,34.883575939297494,40.66450322157292,10.719423387877795,,,,35404198
2026-01-26,395.27313905,397.77170504,384.07956343,388.86681586,385.07223126161654,389.8138602667576,343.3599958958326,294.2866744585425,197.2919903898925,321.4549989756057,0,0,0,0,393.2843497639235,178.8294705792431,60,17.111691252225505,2,23,362.54192463,360.3050953230075,364.7787539369925,351.35777809503765,410.15615572641855,393.2843497639235,391.047520456931,395.521179070916,404.46849629888584,328.2329658784,0,2,0,97.10218093066695,0.4444444444444445,1.0060724007646447,2,18.485814451623877,70.7722147292773,0,4.257296785907938,410.15615572641855,328.2329658784,1,1,0,0,17,10,2,11,105,0,8,16,,0.5225770927877436,0.9937911771653587,25,4.422296211336726,-0.8309509202798934,,,,,,0.8814459543001677,100.93809146196695,75,57.625281887253834,3,64.03673969900711,35.982859513407526,38.1743630244308,12.632134920742745,,,,29193925
2026-01-27,404.37791351,416.21102207,399.37078727,410.00468411,393.3830488777444,398.1204603260554,349.70710905908663,298.8246356213448,199.40853460601298,325.850380149979,0,0,0,0,396.35580488120996,180.47160242422854,97.7958972589483,17.14648809715205,2,24,410.00468411,,,358.41962052589884,418.00466314971624,416.21102207,413.889821586632,418.532222553368,427.81702448684,330.71590083219996,1,2,0,105.6103992339537,0.4488888888888889,1.4611031544450626,2,18.700273444909538,76.48520764001579,0,0.1550832447201218,418.00466314971624,330.71590083219996,0,1,0,0,8,10,2,11,105,0,9,17,,0.9720590359145889,1.4452880521622633,26,4.678148513093451,-1.6571111419439026,,,,,,1.06389745042695,92.20309810581419,70.63492063492063,42.33343610812324,3,64.77964744402878,37.48297678583943,41.251911744284165,11.303482444899796,,,,36212062
2026-01-28,422.19268899,438.68822163,416.76080653,435.03032103,407.26547292849625,408.7111028792342,357.8331292467927,304.1660350491352,201.75302999331632,330.5383544036287,0,0,0,0,435.03032103000004,182.58735900533523,98.35363085345152,12.864437722824373,2,25,435.03032103,,,358.32976906174895,,438.68822163,436.27671816758686,441.0997250924131,450.7457389420657,344.60681016028,1,2,0,115.62517353241817,0.546356131909698,1.9470200409428322,2,19.0932136722053,84.84496335225533,0,0,,344.60681016028,0,1,0,0,10,10,2,11,105,0,10,18,,1.7441823886109171,1.928452781730152,27,5.57239868735104,-2.714301383930673,,,,,,1.2262934932791634,83.61020670162604,62.301587301587304,26.41238969753934,3,66.14083232005663,39.33836467709856,45.19310005830259,10.103046300763495,,,,42725675
2026-01-29,439.11797498,444.45491193,417.46040501,435.54002849,416.69032478233083,420.1289373022688,365.23378631757436,309.31795636054164,204.0792687843281,335.47183673638614,0,0,0,0,435.2850256550807,184.67001861133457,60,10.956465375923795,2,26,362.54192463,,,350.14054663843893,440.59920072753886,444.45491193,441.97463633168775,446.9351875283122,456.85628992156103,348.17062476568,0,2,0,113.41708596098543,0.5677500024967617,1.6610933324644441,2,19.006680282390835,77.58366729736456,0,6.294242152013726,440.59920072753886,348.17062476568,1,1,0,0,17,10,2,11,105,0,11,19,,1.8797777977518706,1.6438283726673562,28,4.002116584981084,-2.6369709951133378,,,,,,1.1913175729697998,70.6388597541697,55.95238095238095,7.28692251456127,2,65.841071864637,41.16542692033542,42.87734205955346,9.121276251180573,,,,42675710
2026-01-30,446.20890525,455.23872272,406.89646802,414.64202258,416.0075573815539,428.7207695718892,369.93933262828153,313.4483118985596,206.1744205633895,340.4734620021553,0,0,0,0,427.5645114073993,186.91175225937408,60,18.331374509859714,2,27,399.42075859,396.6860182603172,402.15549891968277,385.74705694158615,442.63428517506213,427.5645114073993,424.82977107771654,430.2992517370821,441.23821305581316,354.8350198339,0,0,4,101.11225313351417,0.4984276079147377,0.8255420289171027,2,19.745768379043756,70.7619880561568,0,3.160338560559053,442.63428517506213,354.8350198339,1,1,0,0,17,10,3,11,2155,0,12,0,,1.2896430855401237,0.8108709329614526,29,4.447860386236969,-0.9750545534984905,,,,,,1.3608012800037723,50.510997520179714,50.79365079365079,-26.15496785057357,0,68.40134813398147,43.04846332859943,39.63073480888148,7.681654521123301,,,,51022881
2026-02-02,411.94357131,442.17621975,409.76482177,437.54887554,423.1879967677026,436.2384665933103,376.37833671511186,318.31500066881216,208.47665394624136,345.641687892502,0,0,0,0,429.72944550415815,188.70742830894017,97.43474002557139,17.786368397451014,2,28,437.54887554,,,392.28824807328465,450.8897646232198,452.3740223765018,449.5452331598321,455.2028115931715,466.5179684598503,354.8350198339,1,2,0,109.87907626953191,0.47717024241021755,1.2996450444442238,2,18.229890202515413,74.07812726387388,0,0.294757051104311,450.8897646232198,354.8350198339,0,1,0,0,8,10,2,11,2155,0,13,1,,1.0840286059484072,1.2820770610442072,30,4.386258177893781,-1.6514894814723502,,,,,,1.013909075026817,44.6962620459161,44.04761904761905,-29.222286483055694,0,63.15019209431757,44.796997136273156,35.576477783595436,6.895814895431954,,,,37771237
2026-02-03,441.90637462,442.04629432,407.29623858,419.19940694,421.85846682513505,440.10183844785314,380.45653387938694,322.2712518951333,210.57339775712452,350.8085368695426,0,0,0,0,427.65394039026427,190.56198366923678,60,22.812127573380877,2,29,399.42075859,396.4837573911281,402.3577597888719,385.44103203935,453.51488466789453,427.65394039026427,424.7169391913924,430.59094158913615,442.3389463846236,354.8350198339,0,2,1.5,99.07519724951432,0.47111111111111115,0.5897586688071375,2,19.0018238050964,76.58531845999028,0,3.869469540903097,453.51488466789453,354.8350198339,1,1,0,0,17,10,2,11,2155,0,14,2,,0.6289064142827129,0.5752450419183018,31,5.713200559932901,-0.8300229804778869,,,,,,1.135484929482144,39.79259607272846,35.317460317460316,-39.547207968053065,0,65.82424853379746,46.188805000536135,31.81813569081823,6.917789347194041,,,,42763289
2026-02-04,410.35448334,412.76310096,363.69226441,379.1823741,407.63310258342335,436.879874224854,380.33518532896915,324.5030606090496,212.25109901426757,355.68850138356106,0,0,0,0,417.41889361123674,192.60076409075543,60,31.68767529757282,2,30,361.14272768,357.91991279417255,364.36554256582747,348.5027322112,453.60066620453193,413.58681214099647,,,428.0623505659313,348.17062476568,0,5.5,3,78.648014479544,0.3932400723977201,-0.6270933805071913,2,20.28830407113876,80.93247755425956,0,7.3147129484936055,453.60066620453193,348.17062476568,1,1,0,0,17,10,2,11,2147,0,15,3,,-0.7403922960019529,-0.6395834756338067,0,6.902429083728913,-0.5842165152151673,,,,,,1.5231594556241683,49.25438062853942,50,-29.91767617701278,0,70.28074690123765,44.32123047751982,26.9251920125964,17.934142504799823,,,,58074935
2026-02-05,369.40798396,390.70576043,365.79006041,382.67037222,399.3121924622822,429.557530018973,380.5575840804959,326.7841316526163,213.94681317551863,360.2984369674144,0,0,0,0,413.1132020342952,193.96697157730145,60,25.67192607290027,2,31,359.6758188785814,356.46074344870595,362.8908943084569,347.08716521783106,453.38595057873465,412.4386277204787,409.2235522906032,415.65370315035415,426.8739796906954,354.8350198339,0,3,0,78.86238478628947,0.3943119239314474,-0.5321756130857903,2,20.218137303740512,53.8705488152413,0,7.444015398749756,453.38595057873465,354.8350198339,1,1,0,0,17,10,2,11,2115,0,16,4,,-0.8383289415001773,-0.5409793729171599,1,1.9183563661127616,-1.0900474411912264,,,,,,1.0121149407652346,61.2404694564505,53.57142857142857,-12.560685005736417,1,70.03768208896439,42.587054134718954,25.062149722234878,16.69322040061646,,,,38899485
2026-02-06,377.74819722,396.4224794,372.65871825,394.46360367,397.69599619818814,421.0867440773571,381.8819668985439,329.4382285944745,215.74300014561297,364.7043605650481,0,0,0,0,411.1376029183711,195.33561009052343,60,19.31484503283043,2,32,384.07956343,380.8819598062763,387.2771670537237,370.63677870995,452.2508260207342,413.7075106702323,410.5099070465086,416.905114293956,428.18727354369037,362.37978000646,0,5,0,82.83958385846208,0.4,-0.21801913978365833,2,19.814313494762693,61.30509035550368,0,5.071215823984477,452.2508260207342,362.37978000646,1,1,0,0,17,10,3,10,2115,0,17,5,,-0.6499410276285225,-0.22679988818382182,2,1.9969804982596981,-2.0995977701106625,,,,,,0.963657672107983,71.99955960663807,55.95238095238095,4.896304208103117,2,68.63879538005324,41.20140021231727,24.99541715098489,15.585544630210153,,,,37196006
2026-02-09,380.47163415,391.58515571,370.46737594,383.28002232,392.8906715721254,411.85905878045315,382.01511503392067,331.5496714856716,217.41003519212427,368.8385920068185,0,0,0,0,408.8770334196483,196.3991305272267,60,18.739837028032824,2,33,363.69226441,360.5088090118102,366.87571980818984,347.77498741905083,451.55936980478225,413.1046921372395,409.9212367390497,416.28814753542935,429.0219691281887,363.69226441,0,3.5,0,76.2936204767628,0.381468102383814,-0.5649711814818794,2,19.58681182904893,51.530934278853714,0,5.5202347389408954,451.55936980478225,363.69226441,1,1,0,0,17,10,2,10,2115,0,18,6,,-0.6627054103240413,-0.5703324162955088,3,1.1534892011979156,-1.5669598147225412,,,,,,0.8058642493617053,80.26778266267588,60.317460317460316,18.300584934451138,2,67.85070649240767,39.77412505813539,23.31318251031281,15.151211862732481,,,,31009558
2026-02-10,375.77433009,382.57042958,365.85002599,373.03590177,386.27241497141694,401.86326108260243,381.15995186592824,333.17658247721386,218.95855127747626,372.64950704473137,0,0,0,0,405.8356752796791,197.5339340186686,60,17.50601030819317,2,34,363.69226441,360.5805737158773,366.80395510412274,348.1338109393865,450.43705777878705,414.64202258,,,430.20047605061353,363.69226441,0,5,0,70.36827271352763,0.38335179471875014,-0.8518510442428117,2,19.851849689247246,52.06366362616734,0,5.57541233340632,450.43705777878705,363.69226441,1,1,0,0,17,10,2,8,2115,0,19,7,,-1.2520834492088957,-0.8551082679812279,0,1.0755696648125053,-1.744152180318744,,,,,,0.9063759985914952,88.73695637428791,66.66666666666667,29.03660477923422,3,68.7688245719933,38.14584280875026,22.147220459169006,15.718339899460796,,,,35433808
2026-02-11,395.15820502,413.92243557,386.34826135,410.10462675,394.21648556427795,395.6185957615774,383.91658756917315,336.19336852712706,220.86050227720287,376.3786424007459,0,0,0,0,406.2797016123513,199.38594062617665,83.35292575932755,9.815039498295226,2,35,384.07956343,380.82507801938607,387.33404884061395,367.8071363769303,450.0634179004726,414.64202258,411.38753716938606,417.89650799061394,430.9144496330697,365.94035726280003,0,3.5,0,85.6849108471537,0.4,0.18845724759359964,2,21.5948155284874,77.26890498201571,0,4.054948549179401,450.0634179004726,365.94035726280003,1,1,0,0,8,10,2,8,2115,0,20,8,,-0.9889564105729186,0.17887820897600995,1,2.138891823467694,-4.667156303407081,,,,,,1.202148812438952,96.38729068297553,71.42857142857143,28.84858439485954,3,74.80663535083505,37.842004278324595,28.26426585905781,13.955200629196067,,,,48474994
2026-02-12,422.00779511,438.51831914,410.92895364,413.73254456,400.721838562852,392.96793914308046,386.75620252068046,339.2341205284162,222.77962707603666,380.0380018445685,0,0,0,0,406.9444466107929,201.12986380360363,60,8.681270414633516,2,36,384.07956343,380.8038475809478,387.35527927905224,367.70098418473884,447.93950225372413,414.64202258,411.36630673094777,417.91773842905224,431.02060182526117,365.94035726280003,0,0,2.5,85.71381503336004,0.4,0.2036980653768952,2,21.44900581742453,82.6319924054536,0,3.8989913512920116,447.93950225372413,365.94035726280003,1,1,0,1,17,10,2,8,2114,0,21,9,,-0.9280817920543906,0.19403299654595188,2,5.1073352166022215,-2.900637901027306,,,,,,1.0973126241013302,102.70388649089637,75.39682539682539,38.22579241451228,3,74.30153569523941,38.25327331431712,32.77935365530577,12.87441511709452,,,,45639117
2026-02-13,404.95758081,420.63858094,392.48473941,411.42386959,404.289182238568,393.2556376593584,389.10550414632996,342.06509107985084,224.6566842154791,383.61340851668695,0,0,0,0,407.22206359574517,202.38967368061756,60,5.413700544369368,2,37,394.46360367,391.1704939393622,397.7567134006378,377.99805501681107,444.06961327436375,443.0500936843217,439.7569839536839,446.34320341495953,459.51564233751066,365.94035726280003,0,3.5,0,83.1344885315691,0.4,0.055971971626017976,2,21.51179174167122,86.46711776045773,0,3.012715254693709,444.06961327436375,365.94035726280003,1,1,0,0,17,10,3,8,2114,0,22,10,,-0.5928488478478989,0.04943676100078539,3,4.428237608014829,-4.6530782696101936,,,,,,0.804682235928942,108.04255812837538,81.34920634920636,44.986528245617976,3,74.51903251683028,37.5477413349778,30.277200882021784,16.89242897573642,,,,33807586
2026-02-17,400.7200129,413.42272238,395.07325377,399.55068402,402.7096828323787,394.2125287261233,390.1002831819176,344.3194280578959,226.3969230195042,387.0466759973264,0,0,0,0,406.84053505228553,203.38208572245125,60,3.433248804205868,2,38,394.46360367,391.24188152181847,397.6853258181815,378.3549929290924,442.4211293012976,406.84053505228553,,,422.9491457931931,365.94035726280003,0,0,1.5,76.48238266276196,0.4077356031454892,-0.33448733187448754,2,20.722434698789,85.6146207059587,0,2.9771360424962134,442.4211293012976,365.94035726280003,1,1,0,0,17,10,2,8,2050,0,23,11,,-1.2025895186534346,-0.33195776865496457,4,3.68121877996714,-5.182726590729308,,,,,,0.6955496180494196,110.57073352123878,82.14285714285714,54.03123158764791,3,71.78461950966162,36.89260449701986,28.73751152149245,16.033396687091702,,,,28549505
2026-02-18,399.27084463,427.60458291,394.3736553,420.70854079,408.7093021515858,397.5841005900662,393.0153553350683,347.31507953758626,228.33037195254394,390.4869783754959,0,0,0,0,407.5794276722459,204.61294747604057,95.96149856120576,2.495196633291336,2,39,420.70854079,391.1752998215993,397.7519075184007,368.0956792155889,438.51831914,442.17755830809557,438.8892544596949,445.46586215649626,458.619077550099,367.28530036779216,1,5,0,84.25430537004503,0.4,0.20421894790897183,2,21.242793245562105,86.87538480230461,0,0.3385061716289931,438.51831914,367.28530036779216,0,1,0,0,8,10,2,8,2050,0,24,12,,-0.4902227871247421,0.2060624281727331,5,4.196014630164274,-5.088830082584211,,,,,,0.8041653636592325,116.32108621162611,83.73015873015873,58.072456998427434,3,73.58719439198906,36.72615481730343,29.995248220619892,14.586698162088855,,,,32306578
2026-02-19,415.57148912,420.07390503,407.50611812,417.11060577,411.5097366910572,402.3381512956472,395.3101410907761,350.0521589976809,230.2087822392848,393.9100833739877,0,0,0,0,407.90802881597654,205.41646953956572,60,1.6057284115897974,2,40,394.46360367,391.29229989407435,397.63490744592565,378.6070847903718,438.51831914,442.6583412352039,439.48703745927827,445.82964501112957,458.5148601148321,369.0659841637241,0,3.5,0,81.18796412225696,0.4,0.024364640042310558,2,20.42477268288526,88.93555716360768,0,2.7783346271923346,438.51831914,369.0659841637241,1,1,0,0,17,10,2,8,2050,0,25,13,,0.2649237208289014,0.027985924689158836,6,3.8834393463628025,-6.1355914584552105,,,,,,0.5635272546844271,123.08711019509006,85.71428571428571,73.96613736723762,3,70.7534880396043,36.57159440042389,28.880311484475893,14.04450409453728,,,,21651264
2026-02-20,414.9418505,430.32302271,414.9118677,427.92439936,416.98129091403814,408.70503478216324,398.41626092594026,353.1059723452228,232.17610181262526,397.3923136208202,0,0,0,0,408.8175753845584,206.5721600014437,96.49131600431647,1.9420772285666204,2,41,427.92439936,408.3414879140512,414.5062512659488,390.25281429240954,438.51831914,445.68271198094766,442.60033030499886,448.76509365689645,461.0946203606917,369.6613338250516,1,3.5,0,84.31026966993824,0.4,0.24774688184616733,2,20.466400535096984,84.51612622575311,0,0.2812177868542665,438.51831914,369.6613338250516,0,1,0,0,8,10,3,8,2050,0,26,14,,0.4053019674558425,0.24516101908976684,7,4.141561717672758,-4.571516639150267,,,,,,0.788049089640329,127.60260951593733,87.3015873015873,79.98133288505981,3,70.89769114968566,36.74361234445227,30.55988241815397,13.417547953167691,,,,29894907
2026-02-23,422.06776069,431.4473774,415.06188161,420.72852932,418.2303703826921,414.7694611236408,400.5412388682317,355.7578373246258,234.05224536991258,400.88463099228176,0,0,0,0,409.26078518247766,207.51405927398463,60,1.73130154815316,2,42,411.42386959,408.4153589642082,414.43238021579174,396.3813164610412,438.51831914,446.9571716775811,443.9486610517893,449.96568230337283,461.99972480653986,370.5176512014182,0,2,0,79.75838200357836,0.3987919100178918,-0.02851112401334051,2,20.568826993365693,83.1605277713435,0,1.8011868941210418,438.51831914,370.5176512014182,1,1,0,0,17,10,2,8,2050,0,27,15,,-0.00026305772389612016,-0.03359520987802631,8,3.2867031580141237,-5.121055868499768,,,,,,0.6791945692629434,134.0937967370573,90.87301587301587,88.19519865612631,3,71.25250680920713,36.93782978735101,29.407486871450985,12.765074013268523,,,,25426639
2026-02-24,428.97379708,436.01975316,411.04408756,417.77022719,418.0769893184614,419.4015147482455,402.1820948988763,358.18969575071895,235.88028499001297,404.3487155873285,0,0,0,0,409.65721079891324,208.72142183637922,60,12.998830725456965,2,43,411.42386959,408.4072555660505,414.4404836139495,396.34079947025253,438.51831914,447.46188241696456,444.44526839301506,450.47849644091406,462.544952536712,372.9032815950348,0,3.5,1.5,77.11112533533193,0.3855556266766597,-0.16415193255014304,2,20.366382895119546,56.20954030915741,0,1.7963484446397118,438.51831914,372.9032815950348,1,1,0,0,17,10,2,8,2050,0,28,16,,0.17945661646650932,-0.1733406875814556,9,2.6523824717658195,-1.0775085648873963,,,,,,0.8869193542681816,139.57898531450786,92.06349206349206,97.84064052890066,3,70.55121988149754,37.262994412844364,28.586929984429595,11.821442057209332,,,,33389161
2026-02-25,426.25535728,436.63929758,422.7573649,428.75392327,421.6359673023076,423.7513450696335,404.7127452199357,360.9569203593182,237.79942566941583,407.83251104830225,0,0,0,0,410.35783477981084,209.74953438425433,94.32062675677952,8.719536128482254,2,44,428.75392327,408.45425415356476,414.3934850264352,396.5757924078238,438.51831914,450.7983401746582,449.26717377971283,455.23872272,467.11718446574093,372.97291414828635,1,2,1,80.30065550538605,0.4,0.0756484595948482,2,19.851738277919562,77.90698349741467,0,0.30344819939425455,438.51831914,372.97291414828635,0,1,0,0,8,10,2,8,2050,0,29,17,,0.640897188455736,0.06531557731596897,10,3.61342133018955,-3.6520573612852205,,,,,,0.7337639732057264,142.3775888638819,93.25396825396825,107.03914716768755,3,68.76843863183313,37.58525805284939,27.151395526198343,11.150781558210053,,,,27296338
2026-02-26,424.59630947,433.75105524,401.72943356,415.32163253,419.5311890448717,425.7611353047831,405.7231154399418,363.0888698562077,239.56581578743157,411.2376655358831,0,0,0,0,410.5834891265444,210.98890407632538,60,20.46912659303889,2,45,411.42386959,408.380462205453,414.46727697454696,396.20683266726496,438.51831914,446.74757976231956,443.7041723777726,449.79098714686654,461.9646166850546,373.52163931567975,0,3.5,0,73.36431375439548,0.3668215687719774,-0.34619975255419294,2,19.177939470719696,54.343205004069986,0,1.7805338639561006,438.51831914,373.52163931567975,1,1,0,0,17,10,2,8,2050,0,30,18,,-0.42971519158753213,-0.35689760220005406,11,2.970881843369786,-0.5516513803754126,,,,,,0.9619292430815306,135.67665240390338,90.07936507936508,104.2267155648742,3,66.43433109553419,36.35604818350112,24.600707368369132,16.272293887176136,,,,35433455
2026-02-27,401.5795196,417.72025587,400.95167994,412.13346233,417.0652801399145,425.85413993555755,406.33362466756637,365.0121872081211,241.2829067978054,414.53036443172005,0,0,0,0,410.6384488624487,211.96479819425568,60,54.113835410026184,4,0,411.94357131,408.9678307392599,414.91931188074005,397.0648684562996,438.51831914,429.123711035,426.1479704642599,432.09945160574006,444.00241388870035,374.2260755309258,0,4.5,0,70.80922465650127,0.3540461232825064,-0.4599393205699566,4,19.181474760508728,27.311082943925523,0,1.786093054704083,438.51831914,374.2260755309258,1,1,1,0,17,8,2,0,2050,0,,19,,-0.5603755883623566,-0.4695656440265288,12,2.0276655054453965,2.446348029334435,,,,,,0.7929733297406126,126.27925344654454,84.52380952380952,90.04628653613972,3,66.44657769860235,35.16325571946185,23.362963772544283,15.686941899744323,,,,28653878
2026-03-02,401.23971463,417.37045663,396.77227864,412.43329025,415.521283509943,424.69097029048135,406.9145451992267,366.8718383078026,242.985895687877,417.6945131580347,0,0,0,0,410.7027975483867,212.97961097496616,60,56.24554996699969,1,0,411.94357131,408.9964713336878,414.89067128631217,397.2080714284389,436.63929758,429.123711035,426.1766110586878,432.0708110113122,443.85921091656104,374.1745481160839,0,5,0,69.73548570892507,0.34867742854462536,-0.4687882505995625,2,18.550865472998293,53.54437484330638,0,1.6759340686434723,436.63929758,374.1745481160839,1,1,1,0,17,15,2,0,2050,0,,20,,-0.5150806200491547,-0.4825156345968693,13,3.933750350970164,0.45103995212821757,,,,,,0.8564429366598761,116.6260399171463,80.95238095238095,81.48499766410512,3,64.26208304721658,33.76996277882483,21.905009675936032,15.974202831169617,,,,30049197
2026-03-03,386.32827282,389.86624226,374.33515608,379.46221349,403.50159350329534,419.19525261253585,404.30003741739563,367.365578511026,244.3438689993409,420.53255528638806,0,0,0,0,409.313394503504,214.06657949581563,53.14283845872963,51.93846057026501,4,0,368.89846332374094,365.82170857636174,371.97521807112014,353.51468958684495,436.63929758,409.313394503504,,,424.6971682404,371.64199573757276,0,5.5,0,55.2984386487813,0.2764921932439065,-1.3546218034731148,6,19.391497422065523,9.079092511325015,0,4.40339512364196,436.63929758,371.64199573757276,1,1,0,0,8,8,2,0,2050,0,,21,,-0.9360315451310712,-1.3630068316510808,0,-1.750412919497073,3.0826741671341473,,,,,,1.109902941616065,102.94479599252047,71.42857142857143,53.25068607213819,3,67.17411753971678,31.577429517889122,19.483220943773667,20.719244591114318,,,,39010902
2026-03-04,393.40920882,407.64603782,387.38656543,400.54011615,402.51443438553025,413.3665238962688,403.94194967764366,368.6665407713779,245.8980605132778,423.1943075958792,0,0,0,0,408.9985973286385,215.07985678911908,52.84705794812686,75.14660363795312,4,1,394.3736553,391.26502746020145,397.48228313979854,378.8305161010073,436.63929758,408.9985973286385,405.88996948883994,412.107225168437,424.5417365276312,371.18957085652755,0,3.5,1.5,62.88868456869019,0.31444342284345095,-0.7285623626814584,6,19.924998354934704,24.642131227520157,0,2.432521898443859,436.63929758,371.18957085652755,1,1,0,0,17,8,2,0,2050,0,,22,,-0.9206528636277144,-0.7397889662470983,0,0.5761864041148157,1.368138390473669,,,,,,0.9423472887359235,91.55594403969876,64.28571428571429,32.64705972770864,3,69.0222189829464,29.996312713569317,23.012763624393866,19.042035971210034,,,,32644899
2026-03-05,398.37136087,404.29795939,380.08185785,396.82224996,400.6170395770202,407.45320822900646,403.2638830378681,369.77068622975526,247.39979374160342,425.66545688316717,0,0,0,0,408.6104091904829,215.9817066766051,51.13402403598312,78.56675899309269,4,2,394.3736553,,,378.85966436789965,436.63929758,408.6104091904829,405.5076110040629,411.713207376903,424.12440012258327,373.9438687432158,0,3.5,0,60.39716281027332,0.30198581405136665,-0.8211634656263767,6,17.0946976528333,21.26691171705025,0,2.2345340150700905,436.63929758,373.9438687432158,1,1,0,0,17,8,2,0,2050,0,,23,,-0.9321386935777748,-0.8322904507030298,0,0.4091180927907798,1.840614905310959,,,,,,0.9014240375674515,86.02196795192265,57.53968253968254,45.263775241536344,3,59.21776974947141,28.129555457137123,21.40914366139629,19.81710502987597,,,,29960060
2026-03-06,379.92194963,390.95551708,367.23922868,370.08759391,390.4405576880135,399.22495538364365,400.1042364542616,369.7831139819217,248.62056787263225,427.7872353625378,0,0,0,0,407.24783238243776,216.856253131404,38.57370579174448,46.68004251285854,4,3,369.7831139819217,,,354.0565946663999,436.63929758,375.49224547360006,372.3469416104957,378.6375493367044,391.21876478912185,344.60681016028,0,0,1.5,48.856386692670995,0.32059969871414606,-1.5188936356037148,6,18.51832187001982,15.580552381021555,0,1.9639078866508426,436.63929758,371.0920259838873,1,1,0,0,10,13,2,0,2050,0,,24,,-1.6105421220063285,-1.520406955198105,0,-0.9536971371426617,1.779601312509558,,,,,,1.0437522773064272,81.91264228140781,54.36507936507937,27.69052834038926,3,64.14934869957646,26.49759170558972,19.611261632665773,21.7985541645377,,,,34458784
2026-03-09,363.75123057,389.77629388,357.46483854,389.09668393,389.99259976867563,392.4891182831887,399.0558981186176,370.54050888184634,250.01834017171055,429.70574535402426,0,0,0,0,406.60885049469465,217.8587185653581,30.919393475060645,64.38277055269401,4,4,373.16994632855153,369.9608118901332,376.3790807669699,357.12427413645986,436.63929758,410.6602325072519,407.4510980688336,413.86936694567027,426.7059046993436,370.406789156774,0,7,0,55.62725664956082,0.29532164575259573,-0.9230922353797999,6,18.975921136853252,23.83446224618502,0,2.5086791546394296,436.63929758,370.406789156774,1,1,0,0,10,8,2,0,2054,0,,0,,-1.137482900038333,-0.9370918086246974,0,-1.151204395011813,-0.24232788252527093,,,,,,1.079416252801141,76.34302569756264,49.20634920634921,16.138410671502935,2,65.73451905889999,25.437536400467707,17.84824617808517,22.558371875836666,,,,35547220
2026-03-10,393.78399372,415.07177593,393.41420596,402.87877391,394.2879911491171,388.5202792535355,399.4199815273207,371.8086761378524,251.53933951239006,431.521146113079,0,0,0,0,406.4882261137188,218.8753640540969,58.93506495696517,62.65075367615671,4,5,400.95167994,,,384.89252486877206,436.63929758,410.62806600565835,407.41623499141275,413.83989701990396,426.6872210768863,372.8228521374624,0,3.5,1.5,60.165314376264966,0.30082657188132483,-0.5309851031362233,6,19.05031555681672,48.35746863413428,0,2.3541222250184783,436.63929758,372.8228521374624,1,1,0,0,17,8,2,0,2054,0,,1,,-0.8253658990319509,-0.5450118347271178,1,2.968813347156795,0.41186352308536994,,,,,,1.0204648816370805,69.13922494884767,46.03174603174603,4.768737338567896,2,65.99222888925269,24.0476372279335,23.591349787283782,20.92947295314453,,,,33745433
2026-03-11,410.5343801,422.5075083,405.55723665,418.44983714,402.3419398127447,388.71787839795934,401.2323487285283,373.6377412751915,253.20014048380907,433.33975305066286,0,0,0,0,406.8245740878301,219.8516894884415,60.81866538308019,61.35833224602946,4,6,400.95167994,397.7940088697184,404.1093510102816,385.16332458859193,436.63929758,437.3376831127395,434.1800120424579,440.4953541830211,453.1260384641476,387.66350648094,0,2,0,65.26445693925587,0.32632228469627933,-0.1296199332385122,6,19.096707981576134,42.58411995852978,0,3.1462540287560308,436.63929758,387.66350648094,1,1,0,0,8,8,2,0,2054,0,,2,,-0.7333921336407676,-0.14175279562243215,2,1.1326200067250984,0.36428286432844537,,,,,,0.9202861633739319,62.30490186809203,44.84126984126984,-5.8168771809243225,1,66.15293696279193,23.076819246565133,24.384500170341042,19.767848677191424,,,,30191430
2026-03-12,409.75982464,413.49268222,396.4374708,405.11748904,403.2671228884965,390.84401138307663,401.6023620915256,374.87224118753693,254.71175589232837,435.07923494879896,0,0,0,0,406.77558818864776,220.79905990726573,53.685282027049396,52.004700869665726,4,7,400.95167994,397.82301781813135,404.0803420618687,385.3083693306568,436.63929758,410.7046958923061,,,426.34800650164937,378.10440810780756,0,3.5,1.5,59.04938805072314,0.2952469402536157,-0.5392130991117579,6,16.979504293455182,42.569205186967025,0,2.281334081462585,436.63929758,378.10440810780756,1,1,0,0,8,8,2,0,2054,0,,3,,-0.735121051668035,-0.544827931829196,3,0.25580890160605607,-0.5748024602690028,,,,,,0.9922428172316541,54.72413522616405,42.06349206349206,-6.961376321882025,1,58.818728247196525,21.708470546685845,22.852693688565015,21.12865243174818,,,,31720873
2026-03-13,413.51267075,429.10372251,412.76310096,425.88556952,410.80660509899764,395.88768158136327,403.91504851328506,376.87276386724136,256.41497791847434,436.867798658542,0,0,0,0,407.43103162114517,222.08890557934944,74.92891347277097,32.04448171917627,1,0,411.94357131,408.82422225513983,415.06292036486013,396.34682603569917,436.63929758,439.090743380596,435.97139432573584,442.21009243545615,454.6874886548968,389.83202189438,0,3.5,0,66.09231370852598,0.3304615685426299,-0.0024809097680624846,6,17.70228473767288,75.69865734368551,0,1.5833897287975747,436.63929758,389.83202189438,1,1,0,0,8,10,2,0,2054,0,,4,,-0.2759819045661571,-0.005379595770619148,4,4.298591744435132,-2.6459664462036794,,,,,,1.2404753833622755,44.93247895083318,34.12698412698413,-26.727597024769683,0,61.32251315140104,21.112872451092265,25.752090912131777,19.678038453990407,,,,39260990
2026-03-16,445.9040802,454.59908983,437.49390709,441.54658112,421.0532637726651,404.09617607003247,407.4990039996389,379.40899199480054,258.2570834229671,438.7964546170794,0,0,0,0,408.668051016061,223.59258293373136,60,20.11947391236253,2,0,436.63929758,433.486388454862,439.792206705138,420.8747519543099,455.23872272,444.117744324476,,,459.8822899501661,393.90944172036,0,0,7,70.97172138231183,0.3548586069115591,0.34142109432617335,6,18.01539246911365,78.67712828792861,0,1.179826274833454,444.117744324476,393.90944172036,1,1,0,0,17,10,2,0,2054,0,,5,,0.020210830437992287,0.33883085148274006,5,4.763447148819319,-2.7816180221532854,,,,,,1.3411277433588105,31.700866958938256,13.095238095238095,-49.20314918571409,0,62.40715014959712,21.47238587702883,30.878035925833725,18.077969239043895,,,,43067574
2026-03-17,452.27542346,462.46447561,444.88476522,461.42517211,434.5105665517767,416.08663069687884,412.634829533959,382.6253127836319,260.27865644472865,440.9675428161214,0,0,0,0,410.5120167961336,225.20921734333098,93.08142611294431,12.224039220883103,2,1,461.42517211,433.5248293344254,439.7537658255746,419.96901925540334,,462.46447561,459.35000736442544,465.5789438555746,478.03681683787295,403.98331817506,1,0,0,77.28121791192115,0.4068482848568496,0.749223528042464,2,18.10110536662594,90.94475031989985,0,0,,403.98331817506,0,1,0,1,3,10,2,0,4,0,,6,,1.1635375623779507,0.7448499026532146,6,7.248634841379188,-3.6875655271845265,,,,,,1.3100682632779093,30.729747442181,12.698412698412698,-50.9924184227333,0,62.704068336307586,22.052619747581172,31.281209200404778,16.993878383196265,,,,43017891
2026-03-18,464.49341114,471.06963681,458.03711663,461.46514916,443.4954274211845,429.6774711353026,417.28533616501056,385.71707107290126,262.28051209363684,443.35001313068267,0,0,0,1,461.46514916,227.39045954816606,60,5.631533650066335,2,2,436.63929758,433.63092956464504,439.64766559535497,421.59745750322514,460.6335955038308,471.06963681,468.06126879464506,474.078004825355,486.1114768867749,412.5502631095,0,3,10.5,75.94336135627651,0.3797168067813826,0.5996695094500835,2,17.495373376339003,79.16320043576775,0,1.5951703914788227,460.6335955038308,412.5502631095,1,1,0,0,17,10,2,0,2052,0,,0,,0.6569874751066437,0.5963458827802406,7,4.422661059513433,-3.318433550168666,,,,,,1.725903766599651,37.18443891711866,19.841269841269842,-38.645362529107565,0,60.60575117041401,22.853724038537074,32.62520774382947,16.336565829646066,,,,58973662
2026-03-19,424.7262349,456.95773612,420.86844902,444.01516431,443.66867305078966,441.0439617977243,419.83103408358096,388.00327080768943,264.0888170908146,445.8080479327997,0,0,0,0,451.7199160838462,229.89092343289164,60,56.62676450418428,1,0,436.63929758,433.48334245734895,439.79525270265106,420.85952196674475,463.6828467951525,458.1339128694317,454.97795774678065,461.28986799208275,473.91368848268695,412.5502631095,0,5.5,5.5,68.13099820024281,0.3406549910012141,0.027188805368162434,2,17.98202780081514,71.92964370689741,0,1.7138107586546096,463.6828467951525,412.5502631095,1,1,0,0,17,15,2,0,2060,0,,0,,0.3969143493860563,0.027680506627177765,8,6.82045179002423,0.3555189164155671,,,,,,2.0260311229942376,43.18252394741947,29.365079365079364,-30.676778777419266,0,62.29157154825572,21.73890503879978,28.878108653414177,24.975721178200075,,,,74591901
2026-03-20,443.66036794,448.8423938,415.12184719,422.65742226,436.6649227871931,447.3778231114974,420.1002139099066,389.3622571391526,265.66661415717465,448.1772895012373,0,0,0,0,442.2829767331052,231.78789686338007,75.84151989801235,92.96618897581955,1,1,399.30862294689996,396.0770168811347,402.54022901266524,383.15059261807363,436.63929758,422.65742226,425.88556952,434.3881813627277,474.3631193122441,396.122651485,2,0,2.5,59.09316403977877,0.2954658201988939,-0.5821610111414998,0,18.54621733784909,16.93093811322109,0,0.5131885321686868,436.63929758,396.122651485,1,0,0,0,8,15,2,0,2060,0,,1,,0.5750809544224069,-0.5813163238184895,9,1.5253472495913263,3.442009600016297,,,,,,1.6667403822020102,47.82700350354121,39.285714285714285,-25.556427911177693,0,64.24598143473885,20.46250903870441,26.187646329774587,24.23655204442928,,,,64224943
2026-03-23,425.90056091,444.01516431,401.28968595,404.11806264,425.8159694047954,447.14202164896716,418.57810426515357,389.9409161784015,267.0442405102376,450.3348812894647,0,0,0,0,434.00215800233036,233.22303594487602,75.54611496580978,73.83569960945276,1,2,401.91632629599997,398.5340717495751,405.2985808424248,385.00505356387555,438.51831914,428.43941452658083,425.88556952,435.2039236194306,448.73294180513017,374.96479471,0,0,4.5,51.330005046301466,0.2566500252315073,-1.0597462716047394,0,19.007805935978528,14.547028430616024,0,2.1643547132009417,438.51831914,374.96479471,1,1,1,0,19,15,2,0,2060,0,,2,,-0.23773265445685307,-1.0574445545171731,0,0.7963561622025699,3.3274743172336767,,,,,,1.3701044878529198,51.52455505681935,40.87301587301587,-21.748686218373553,0,65.8449712430482,19.28438393726461,23.233995937061163,25.154414669503073,,,,54807325
2026-03-24,401.04982361,404.74770127,388.68691911,395.30312184,415.64502021653027,441.5013633466589,416.3614392722818,390.15119875336615,268.3204482846631,452.2263097068963,0,0,0,0,428.15319944853167,234.32314993577958,38.29607020492812,69.97750708203753,4,0,390.15119875336615,386.8671339766859,393.43526353004637,373.7308748699649,438.51831914,404.6025055343721,402.9245476428,411.1706350877326,424.3068941944536,366.4429003722881,0,6.5,1.5,47.32500797726013,0.23662503988630068,-1.242062538535441,4,19.1083367143799,1.4526889189098355,0,1.9366043687206753,438.51831914,366.4429003722881,1,1,0,0,10,8,2,0,2060,0,,3,,-0.6871382941370205,-1.2434358594578934,0,-5.62620953082553,5.191047435202487,,,,,,1.1082626410988305,54.517644771099526,41.666666666666664,-17.63862717446321,1,66.19322007487945,18.663287089631105,22.219475352635026,27.482423358697588,,,,44975061
2026-03-25,382.78030912,388.69691337,371.16797384,381.8708311,404.38695717768684,431.4740815543636,413.0766194463502,389.82647845323413,269.45030284003957,453.76029599999123,0,0,0,0,420.8969484420211,235.54497117634915,20.187307694236658,53.4729956686442,4,1,358.75853086695344,355.4935497528932,362.02351198101366,342.4336252966523,416.42152125998,405.1917952275581,403.648532123,411.7217574556785,424.78168191191946,362.5791512076469,0,7.5,0,41.72217550881707,0.23658253241111643,-1.5330679850038695,4,19.10941617756587,2.10960850576339,0,2.175236881483798,416.42152125998,362.5791512076469,1,1,0,0,10,8,1,0,2060,0,,4,,-1.2237732389362488,-1.5323358831517022,0,-4.696663277117951,4.912192548806339,,,,,,1.3178764487433599,56.89895720776762,42.46031746031746,-14.045965728979931,1,66.19695944504545,18.683998699257913,20.75296521230063,30.45936622881331,,,,55328681
2026-03-26,369.80775452,374.03532817,349.7992381,355.25610621,388.0100068551246,416.7116918633372,407.56990390003114,388.4707775809504,270.3040919282979,454.78287085793795,0,0,0,0,412.11364973552094,236.51381448928018,12.155193706222194,24.046119948170404,4,2,353.78349127116485,350.46536958489463,357.10161295743507,337.19288283981376,382.65985825002,406.20912869979657,,,425.3861364806018,353.78349127116485,0,0,0,31.42831234098995,0.21924905447275356,-2.143362646626178,4,20.08883122543211,3.0642764598797,0,2.733775676990958,382.65985825002,353.78349127116485,1,1,1,0,10,11,1,0,2060,0,,5,,-1.4968599421424305,-2.1349179423447104,0,-3.755286533284157,4.495060957021681,,,,,,1.2696619934215752,60.96574278122806,43.65079365079365,-12.392643426844282,1,69.58975269424911,19.33675553236589,18.961986769947355,33.58073515954913,,,,54515896
2026-03-27,359.65358235,368.48851168,353.8570092,357.01509667,377.6783701267497,399.9515894220948,402.7551603543139,387.2372214667955,271.1668879953795,455.33621082581874,0,0,0,0,406.54492495318453,237.3277177312512,7.187384335417784,30.69960519740101,4,3,346.6003273304367,343.38857592104296,349.81207873983044,330.5415702834679,385.26211788538,405.03738642155935,,,421.0961434685282,346.6003273304367,0,0,1.5,31.658809565304768,0.2576391640185314,-1.950654681321543,4,20.129181253252295,3.7010247016277376,0,3.6389528106194717,385.26211788538,346.6003273304367,1,1,0,0,10,8,1,0,2060,0,,6,,-1.7947609295360603,-1.9534516089665264,0,-4.607211578430076,2.948956228999531,,,,,,1.045934183830342,64.19647210240245,45.23809523809524,-7.935027304307485,1,69.72952929079187,19.94288687739472,18.19070544050459,32.21483429843413,,,,45806655
2026-03-30,362.6042374,362.75421433,318.35104282,321.75052003,359.03575342783313,379.35107709172564,395.0404327043792,384.6691155280977,271.670207717117,455.24558100303636,0,0,0,0,394.66643518879744,238.23692236319144,3.029637815898148,8.675967233759614,4,4,298.65858949,295.2797920070808,302.0373869729192,288.20553885785,376.68954572418,333.56946320580005,330.19066572288085,336.94826068871924,345.244394418003,253.67173590562973,0,0,4,18.434230508275053,0.2956206243066302,-2.771599182859647,4,22.298071639180804,4.370443551476406,0,6.843528741022379,376.68954572418,331.7402630801484,1,1,0,0,10,6,1,0,2060,0,,7,,-2.6275957741220397,-2.754957701028419,0,-4.181283076868754,2.8004787515802976,,,,,,1.6056229035978988,79.81313227347185,52.77777777777778,3.327619869125817,2,77.24278597974357,21.403602033979517,16.056268406413174,37.81740823877826,,,,73833238
2026-03-31,321.62054002,337.78805372,311.4421053,337.78805372,351.9531868585554,359.6713903326667,389.5878251820574,382.8306425160154,272.32809673207106,454.66141626772105,0,0,0,0,387.7009911047361,239.2936307784643,5.530521629153151,22.378864459104086,4,5,330.03662532050697,326.6639388326177,333.40931180839624,318.48534343428923,372.41982233682,384.36864733350615,,,397.8215499901788,324.8145023120733,0,7.5,0,24.037166114494408,0.3169448737541476,-2.1295010835934693,4,21.78111769118072,5.945303092766721,0,4.426862108594375,372.41982233682,324.8145023120733,1,1,0,0,10,6,1,0,2060,0,,8,,-2.5740723454534042,-2.1334876366295563,0,-3.3439928851859912,2.5042124699885715,,,,,,1.5416048276109824,94.53594613871213,65.07936507936508,25.292821803587383,3,75.45200497352465,22.909894223054142,14.9364065269864,37.00880703716907,,,,73551844
2026-04-01,348.85135237,377.83179565,342.94726032,367.79343938,357.2332710323703,346.15600762732464,387.5121693913852,382.2409482753874,273.2780006390156,453.8197947375111,0,0,0,0,385.5059845539233,240.65923435951498,10.572381322547775,73.54752092865276,4,6,338.8915237256648,335.4022100053926,342.380837445937,327.03032039526653,399.540689755,383.2720123633461,379.7826986430739,386.7613260836183,396.6865327960632,338.35604542,0,4,1,34.585820490480614,0.30593419145923084,-1.1809199165505244,4,22.870605302215598,9.778804480458703,0,3.3483095552040125,399.540689755,338.35604542,1,1,0,0,10,16,1,0,2060,0,,0,,-2.064040712054622,-1.1952773488247965,0,-1.788384676872707,2.253310917304026,,,,,,1.4945603447392857,105.34189385379753,72.22222222222223,32.96362289008398,3,79.22610076658313,22.474754649855512,23.652469078817624,33.216690293277296,,,,74429797
2026-04-02,341.28751556,366.88347932,340.14769085,366.18368694,360.2167430015802,338.3966430094584,385.48088534839616,381.61125175243103,274.2024353285776,452.75338703834746,0,0,0,0,384.1363750557087,241.57549297822965,9.458586099896781,72.23384680367845,4,7,338.183759384392,334.6968453179785,341.67067345080545,326.3473278059382,394.710339815,382.2846179666384,378.7977039002249,385.77153203305187,395.6645795954707,335.51382551,0,7,0,33.54501629469517,0.2762433051116947,-1.1745159389810735,4,22.864448529695544,7.087263531794093,0,3.4955849466602853,394.710339815,335.51382551,1,1,0,0,10,8,1,0,2060,0,,0,,-1.8681457891057505,-1.2069054520229316,0,-2.755195083527268,2.3444593307201256,,,,,,1.012211530491681,111.21453479482635,78.57142857142857,40.41393020741052,3,79.20477308095238,22.150219121686597,21.978121688699368,31.58215218346198,,,,51498685
2026-04-06,373.74252451,385.01759059,370.55301501,377.70191562,366.0451338743868,337.0861307674584,384.7400310885489,381.45794445312004,275.23228090361664,451.58263682742125,0,0,0,0,383.7893715365465,242.36991322195698,12.034837759368232,88.61791234463381,4,8,352.96463348370133,349.55862485372813,356.37064211367453,340.6108713117718,410.09191977318,382.0796583420337,378.6736497120605,385.4856669720069,395.4524463840049,349.999656345,0,2,4.5,37.23023853886788,0.23138913743329476,-0.8123044628411707,4,22.021463000333913,8.03108127060672,0,2.3989015526417576,410.09191977318,349.999656345,1,1,0,0,10,8,1,0,2060,0,,1,,-1.3619035579116427,-0.8750626984036374,0,-1.9139139333932889,2.7138815995334262,,,,,,0.8084860899986038,114.43467022804965,78.96825396825396,50.01021426185155,3,76.284585547153,21.129556400910676,25.646736304665747,30.02289303948779,,,,41414860
2026-04-07,374.06747454,379.19158654,364.04401598,377.5219433,369.87073701625786,339.9561762189671,384.05259415630616,381.30359146672316,276.2500884896503,450.34886447444205,0,0,0,0,383.47743255918334,243.13165215307004,16.16625851889853,87.54886564311035,4,9,352.96463348370133,349.66666501872623,356.26260194867643,340.6108713117718,410.09191977318,381.88328242471255,378.58531395973745,385.18125088968765,395.2491973095775,349.999656345,0,5,0,36.659483211041156,0.19162635276600798,-0.8000557325435019,4,21.408959399937043,32.10896210650331,0,2.385442848795661,410.09191977318,349.999656345,1,1,0,0,10,8,1,0,2060,0,,2,,-1.0666314936864176,-0.8859612356722586,0,-1.3837228604430347,2.294303489685637,,,,,,0.7816725803049377,116.81925335924505,80.95238095238095,57.517294777273406,3,74.16281083574052,20.392093148521987,24.594991030225234,30.553863886584146,,,,40224123
2026-04-08,415.06616961,415.93603584,398.81866821,406.6674612,382.1363117441719,348.24386715602543,386.2063910176103,382.29825302489087,277.5477737902508,449.2611556245522,0,0,0,0,384.8086012580172,244.25170125636873,44.94674519000282,58.77382184505333,1,0,402.4827957614737,399.0774135034611,405.8881780194863,388.3958979098221,438.51831914,442.56862610736846,,,458.05852802112634,377.41014820548,0,5,3,46.52160802677808,0.23260804013389041,-0.00825800052906963,0,22.452718863157425,42.85319274747239,0,4.206513266815185,438.51831914,377.41014820548,1,1,0,0,10,8,2,0,2060,0,,3,,-0.33264513503977816,-0.05217872139951,1,1.3757856750081776,-1.1298080657368978,,,,,,0.9422588590075458,116.73756343311648,80.55555555555556,50.08975991599102,3,77.77849967809756,19.45111217282947,31.751861866620086,27.47654270513418,,,,49216633
2026-04-09,407.54732589,423.87481499,398.37873587,421.44518862,395.23927070278125,361.4825088873736,389.5624669797427,383.83342696979713,278.9795888631836,448.41204220676025,0,0,0,0,386.562162967368,245.30815375404936,56.12557952067435,50.940560162332105,4,0,400.75968104514004,393.98011258168805,403.04309415340003,386.73309220856015,455.23872272,446.9687323126316,444.01516431,453.74830077608357,462.61263794357365,393.90944172036,0,3.5,0,51.06667492677537,0.25533337463387684,0.320334978422075,4,22.414776187830473,44.794174361546595,0,3.8839836477408007,455.23872272,393.90944172036,1,1,0,0,8,8,2,0,2060,0,,4,,0.26546591739112185,0.30020550845982497,2,1.402647640781876,-0.5499663244307765,,,,,,0.8151007964408904,114.23558968696848,77.77777777777777,47.12158601122883,3,77.64706239521482,18.8190156084,31.710587465024613,25.63133437668713,,,,43100965
2026-04-10,420.22537621,423.79482729,409.98695071,420.52533008,403.6679571618542,377.03300046857794,392.5113110845291,385.2723251309816,280.3880041986743,447.7832002934774,0,0,0,0,387.88091049754394,246.1854487094975,40.35185622158724,59.60807767191158,4,1,402.4344091334737,399.16346773454956,405.70535053239786,388.3492048138021,455.23872272,473.41273261237825,,,489.76743960699895,393.90944172036,0,3.5,0,49.979786504000614,0.2498989325200031,0.1852957960299022,4,22.153074642943313,15.653431018881179,0,4.861187113787366,455.23872272,393.90944172036,1,1,0,0,10,8,2,0,2060,0,,5,,0.9125095730321445,0.16042393994220375,3,-1.0549868069604078,0.8419548426105805,,,,,,0.6849358229654738,109.24175529614122,76.58730158730158,42.352151661857604,3,76.74050165088715,18.232068798572637,30.515387977991246,24.66526720013969,,,,36377568
2026-04-13,416.40596357,426.81436293,408.43718904,426.49441213,411.27677548456944,393.3904824382311,395.74779689838346,386.88887756231566,281.8417993024686,447.3960008467357,0,0,0,0,389.34854347929496,247.09942038380055,55.87653502700999,59.673131692771555,4,2,400.95972437664994,396.122651485,402.5720820072,386.92613402346717,455.23872272,473.45842487396305,,,489.46534806048584,396.122651485,0,3.5,0,51.324045328099935,0.2566202266404997,0.253889532066114,4,21.617858192966622,42.43625219795058,0,4.831395296135163,455.23872272,396.122651485,1,1,0,0,8,8,2,0,2060,0,,6,,0.9976322061053299,0.2322787626870907,4,1.6599341258981237,0.3460906122408807,,,,,,0.6984290255116579,101.33030683972895,67.85714285714286,35.31192454120846,3,74.8864574820746,17.78813896891109,29.79350996794803,23.40108791374815,,,,37015799
2026-04-14,434.28321434,465.70838167,424.79467353,465.58840012,429.3806503630463,412.74900247634804,402.3992829194898,389.9751333488915,283.6701236887127,447.46314134779783,0,0,0,0,393.25069178060915,248.66002373099877,54.4943904271922,50.6393154319703,4,3,405.7241651654999,,,391.5238193847074,471.06963681,471.06963681,467.7316215383958,474.4076520816042,487.55707409835,412.5502631095,0,2,0,64.130220717539,0.5706511035876951,1.2423346108090523,4,23.085216700053714,42.09618970514891,0,4.601681723334283,471.06963681,412.5502631095,1,1,0,0,16,8,2,0,2060,0,,7,,3.0395381912425865,1.2464150956265956,5,0.6062013114406524,-0.6319858284870485,,,,,,0.9824744767479208,96.04312672735122,63.492063492063494,20.09964166747578,3,79.96953645646113,18.507523883183662,36.93643848935658,20.840152952725642,,,,52534896
2026-04-15,457.55463558,463.87866305,439.25245016,456.15985008,438.30705026869754,431.13286560419175,407.5193369347765,392.57061243638594,285.3864393741981,447.86630578807325,0,0,0,0,395.63133216053575,249.7927254675516,65.31188235845974,55.27598592282723,4,4,406.0077609680143,,,391.7974893341338,471.06963681,471.06963681,467.7349087902961,474.4043648297039,487.55707409835,412.5502631095,0,2,2.5,59.839357146848926,0.4528373769271772,0.763044781211326,4,22.767675824942938,43.255326568087725,0,4.578510356330103,471.06963681,412.5502631095,1,1,0,0,13,8,2,0,2060,0,,8,,2.2291247295434604,0.753546008133283,6,1.9863807107416402,0.3557694826394555,,,,,,0.7568501770749934,94.66668489869708,63.492063492063494,20.02945849587884,3,78.86954259811763,19.175524160722482,34.33193127765097,19.370646663588904,,,,40370110
2026-04-16,452.89035287,462.2689106,444.31167213,457.15969632,444.5912656191317,447.12232479540955,412.24699020955967,395.10351768672376,287.09562601047475,448.55851213877514,0,0,0,0,397.5115031987459,250.73134011652158,66.77348412145132,70.82355206104842,4,5,406.6793919046751,,,392.4456131880114,471.06963681,474.8458792606208,471.06963681,478.3092257371287,491.33668832710043,412.5502631095,0,2,2.5,59.23603667278458,0.3390404682433345,0.6255119939893843,4,22.76928495526994,36.287411572566235,0,3.7775961082314122,471.06963681,412.5502631095,1,1,0,0,8,8,2,0,2060,0,,9,,1.3428822790352926,0.6121719040160163,7,1.459462049834201,2.2819495160624044,,,,,,0.6457636355855394,91.92577024886543,62.301587301587304,16.54597037831519,2,78.87511678908236,19.795810132722817,32.64180202506343,18.41704762766805,,,,33626377
2026-04-17,466.77821714,470.89758365,452.13046973,455.00002844,448.06085322608783,459.62110210501004,416.3187081362683,397.45240046136206,288.7663165819128,449.4554030666566,0,0,0,0,399.20524539186636,251.6457329595295,53.329093929109035,83.38274224060407,4,6,402.04620246886003,,,387.9745853824499,471.06963681,471.06963681,467.87784090589946,474.2614327141006,487.0286163305029,412.5502631095,0,0,7,57.566863693027905,0.32889594553459567,0.41208441028078396,4,22.423336965739484,30.899283031939742,0,3.6668618833252267,471.06963681,412.5502631095,1,1,0,0,8,8,2,0,2124,0,,0,,1.3284930165556492,0.39398819616371705,8,-0.10702858305341945,4.03738165744929,,,,,,0.6679278533405407,87.7370288887523,57.53968253968254,12.951514139520508,2,77.67671779979625,20.616665669759897,33.34190857322965,17.45018590824706,,,,33405025
2026-04-20,458.17953948,464.48856925,435.83297602,448.35105094,448.1575857973919,467.403260698135,419.3694074509094,399.44842597032823,290.3542243864709,450.4565129958598,0,0,0,0,400.5547749359966,252.48598620012444,59.03170901568349,89.70543659861178,4,7,403.7715584668387,,,389.63955392049934,471.06963681,471.06963681,467.84997281663874,474.2893008033613,487.1679567768063,412.5502631095,0,2,6,54.41519815576377,0.27207599077881883,0.09393912830375044,4,21.864350459563667,10.765124506396099,0,3.635123032786231,471.06963681,412.5502631095,1,1,0,0,8,8,2,0,2124,0,,0,,0.8628870514285241,0.06692563072203082,9,1.2498419143166943,4.067205871527857,,,,,,0.6614050494030714,82.02363436790897,52.38095238095238,8.295847776967873,2,75.7403317409124,20.55231854137694,30.692363655220795,20.583010438547355,,,,32013562
2026-04-21,451.25060504,457.7496056,441.23214571,449.31090333,448.5420249749279,471.64511818141244,422.22097848701327,401.40381723933496,291.9358828834214,451.52702388879504,0,0,0,0,401.6876786878398,253.21167139848447,77.49138082796276,81.07804432131405,1,0,405.0672173733686,,,390.8898647653007,471.06963681,471.06963681,467.9324714957181,474.2068021242819,486.75546338140947,412.5502631095,0,2,4,53.907391887630006,0.26953695943815004,0.019654994374887567,0,21.281467767281683,43.97951511589479,0,3.730716608021362,471.06963681,412.5502631095,1,1,0,0,8,15,2,0,2124,0,,1,,0.8821885797401653,-0.0076031909779395645,10,4.220508342593531,1.2892357346455423,,,,,,0.589474142190745,74.4502267135547,46.42857142857143,0.9889423613516938,2,73.72116686514254,20.492567636449905,29.249523671802375,19.615408504285668,,,,27733985
2026-04-22,462.85881988,491.90435316,458.48949181,487.40504508,461.49636500995194,476.9845154456658,428.4289848292025,404.7764144095571,293.8808496714471,452.8553286980915,0,0,0,0,404.8684922104369,254.63505922517544,83.77880681151663,48.80158021669419,2,0,471.06963681,467.77625607325615,474.3630175467439,454.6027331262806,500.87209729981043,491.90435316,488.61097242325616,495.1977338967439,508.37125684371944,422.96777447748,0,3.5,0,65.85124400753199,0.32925622003766,0.9940906531265612,2,22.365216822841074,54.252913277025506,0,1.8098399712676816,500.87209729981043,422.96777447748,1,1,0,0,8,10,2,0,2124,0,,2,,0.9469477279757221,0.9852042720605716,11,2.4994740498416057,-1.719552510248243,,,,,,0.9766094036866672,68.84543409595835,43.25396825396825,-11.138956928902731,1,77.47538371890984,21.44885887161173,35.13155105806214,17.350345898391705,,,,45998149
2026-04-23,482.20584463,493.544001,471.72745603,481.64593073,468.2128869166346,482.1214027164697,433.4972653911832,407.7909052456529,295.7491589357113,454.35060197670083,0,0,0,0,407.1625359445832,255.77447658742688,60,40.50060666740488,2,1,471.06963681,467.81670697436283,474.3225666456372,454.8049876318141,493.544001,493.544001,490.2910711643628,496.79693083563717,509.8086501781859,435.83297602,0,3.5,5,62.856230077968924,0.3142811503898446,0.6312707677025285,2,21.99724804372656,36.274365919195745,0,1.3817921274405627,493.544001,435.83297602,1,1,0,0,17,10,2,0,2124,0,,3,,0.48309574674074957,0.6176344694965691,12,1.4811667386539193,-0.5528167300411101,,,,,,0.8256076151838393,59.11931129548712,40.07936507936508,-22.41631720725832,0,76.20070247685898,22.37953326955689,33.47786524369587,16.311379762303662,,,,38178002
2026-04-24,495.83874811,506.91204522,489.28475601,496.64362433,477.6897993877564,488.31682326915495,439.5112043377372,411.2753256019018,297.7481088401321,456.05098846512544,0,0,0,0,409.57342473005804,256.8896478220901,86.6663529338243,33.65800653635732,2,2,471.06963681,467.82346879753334,474.3158048224667,454.83879674766666,506.91204522,506.91204522,503.6658772075333,510.15821323246666,523.1428852823334,435.83297602,0,2,7,66.79992570386386,0.33399962851931936,0.883133394221958,2,20.206664676281434,48.13236732239554,0,2.2082904071723832,506.91204522,435.83297602,1,1,0,0,8,10,3,0,2124,0,,4,,0.7959300703908923,0.8698953468516429,13,2.6470941751693378,-0.8986777874439439,,,,,,0.7812565273386778,52.14007264712731,37.301587301587304,-25.511989582029898,0,69.99793974165352,23.58785371205377,34.828217973840566,15.177831169169343,,,,35379587
2026-04-27,510.48149629,531.27829809,509.94007956,524.47934365,493.28631414183764,497.33050495302905,447.6034080817622,415.7146988586899,300.00414102729496,458.0815557965321,0,0,0,0,524.47934365,258.3280276706993,87.54001896799932,23.67823407606959,2,3,455.00002844,,,439.0750274446,471.06963681,531.27829809,527.9547610627095,534.6018351172905,547.8959832264525,447.30087244422,0,0,0,74.82403471300148,0.39804002164382934,1.4466520014376056,2,20.507099427949992,53.94878023429741,0,1.009080525309969,471.06963681,447.30087244422,0,1,0,0,8,10,2,0,2124,0,,5,,1.1913587846305753,1.4257276533801846,14,2.2696028070351213,-2.01408518430026,,,,,,0.9165268638436006,53.75410958094914,37.698412698412696,-24.331206015632837,0,71.03867625015208,25.256754387279774,38.13354264357771,13.765611439609597,,,,41298792
2026-04-28,503.46257569,518.75352419,488.15492976,504.21246037,496.9283628845584,504.7329752091221,452.9947463949277,419.18519931011383,302.03606460284425,460.2660431043395,0,0,0,0,513.9319465182151,259.7540005595956,60,24.329540683837067,2,4,453.28910488538224,,,437.42398621439384,471.06963681,531.27829809,527.867831440641,534.688764739359,548.3306313367951,447.30087244422,0,2,0,66.93783274954373,0.3346891637477187,0.6345762041245985,2,17.17554140578661,63.52164554017645,0,1.1207311015663544,471.06963681,447.30087244422,1,1,0,0,17,10,2,0,2124,0,,6,,-0.01571620405205966,0.623758365022828,15,4.466124283332914,-1.0261787032785779,,,,,,1.0276861959501444,63.01635919284209,43.25396825396825,5.913726629542815,2,59.49782072465077,25.669766615739714,34.50715739525897,18.159876069825668,,,,44816645
2026-04-29,525.91912224,530.93835036,508.7218669,518.38028159,504.0790024530389,512.2870787974745,459.22194022302983,423.07520253677603,304.18874337883585,462.64719097594207,0,0,0,0,515.2496984741729,260.9614546872367,86.47897780440104,24.06970760704946,2,5,453.28910488538224,,,437.42398621439384,471.06963681,531.27829809,527.8728121835417,534.6837839964584,548.3057276222919,447.30087244422,0,2,5,70.41402513189338,0.35651457010391135,0.8449703197485334,2,16.966479603046917,38.5178037627554,0,1.1207311015663544,471.06963681,447.30087244422,0,1,0,0,8,10,2,0,2124,0,,7,,0.4218546692392239,0.8310769117877035,16,1.443550060122078,-1.110841968563855,,,,,,0.868349049705838,69.43829538487716,45.63492063492063,18.14536506833156,2,58.77360939611659,26.35490259177007,35.28386668538885,16.887404913292595,,,,36248450
2026-04-30,529.65854718,535.41766152,502.49772407,517.08048148,508.4128287953593,519.0172818973099,464.73227748559844,426.7616840639613,306.3070691310862,465.17061628653454,0,0,0,0,515.6708153345579,262.1616449440309,60,27.9416142814977,2,6,453.80444020836273,,,437.92128480107004,471.06963681,535.41766152,531.9614965939137,538.8738264460864,552.6984861504318,449.85899904396,0,2,6.5,68.81114854672579,0.3529446316225179,0.6187714090504381,2,15.724238266520755,45.488903432144895,0,1.087013012144302,471.06963681,449.85899904396,0,1,0,0,17,10,2,0,2124,0,,8,,0.3777058288959625,0.6061496795693313,17,2.861941284818025,-0.5764732053264825,,,,,,0.917292191591736,73.09951711886822,48.41269841269841,34.20054177145384,3,54.470359175865426,26.67625715089053,32.28316589543936,17.059152797620243,,,,36554397
2026-05-01,511.70130871,545.82606088,510.13155011,542.12662979,519.6507624602395,527.1566358255355,472.10316818125574,431.28579958262947,308.65353242122467,467.96239134439776,0,0,0,0,521.0135982056,263.59756395935204,88.33888801493106,21.81885898609629,2,7,496.64362433,,,479.26109747845,554.3715735351359,545.82606088,542.2980638881877,549.3540578718123,563.4660458390616,456.29138984843996,0,3.5,0,75.64245111251495,0.39154558889590807,1.098830378955629,2,15.831945580597527,49.39361754063754,0,3.3210332248092076,554.3715735351359,456.29138984843996,1,1,0,0,8,10,3,0,76,0,,9,,0.873264218727996,1.08303111498943,18,2.1320820371994555,-1.8013540993563721,,,,,,1.023649376197541,72.99853654068245,48.41269841269841,33.103428468900454,3,54.84346825652092,27.248442513114902,32.00100488806644,15.518117223886525,,,,40215252
2026-05-04,560.51380214,592.70785123,557.67423882,576.36136505,538.5542966568264,539.5919343028684,482.03252026399326,436.975037444095,311.3172919498692,471.18353779978014,0,0,0,0,576.36136505,265.42347387129166,93.76165887493754,16.18353941076819,2,8,576.36136505,,,490.451429029372,,592.70785123,588.9802359747457,596.4354664852542,611.3459275062714,485.26433628473995,1,0,0,85.13631589176562,0.49745358582206123,1.7339638624963152,2,16.340203148982415,82.27294204890465,0,0,,485.26433628473995,0,1,0,0,10,10,2,0,68,0,,10,,1.6374064643542672,1.7071267819813323,19,5.961131656472997,-2.4103234683656027,,,,,,1.165144232401293,78.9071522870175,52.38095238095238,39.40177242145674,3,56.604124120069,28.76836277616096,39.35329532775818,13.638024634321187,,,,46043705
2026-05-05,609.681241,651.63978846,605.37690293,640.10156285,572.4033853878843,560.3199181070697,497.0867147959939,444.94078353844424,314.5887772324575,475.1535667070656,0,0,0,0,640.10156285,268.4519521779445,99.94795710895501,0.2011442262537226,2,9,640.10156285,,,514.963033751249,,651.63978846,647.5063026568174,655.7732742631825,672.3072174759128,521.68427349288,1,1,0,103.47247237526626,0.6380962643850359,2.9606678449796524,2,18.16416961951568,99.10394429440998,0,0,,521.68427349288,0,1,0,0,11,10,2,0,68,0,,11,,2.7269923373025087,2.8856828579932654,20,9.640448925604964,-7.8358530703230205,,,,,,1.5783100917972865,94.79320090182092,68.65079365079364,50.65065236786713,3,62.92252931660038,30.999306782531498,45.68386471857903,11.420402679963214,,,,64268503
2026-05-06,660.26846151,667.56733906,627.4835033,666.48750512,603.7647586319229,587.5223988798732,513.2201233982802,453.6288902671327,318.09025711193556,479.9271333607797,0,0,0,0,652.3552965658154,271.2221660765454,60,4.445837031724798,2,10,531.52749976368,,,512.9240372719512,629.427643346956,667.56733906,663.3712108520448,671.7634672679552,688.5479800997762,531.52749976368,0,1.5,0,109.52779603226386,0.5811304358671627,3.0439255403962866,2,17.527937961397097,97.6172327308391,0,5.262468942370425,629.427643346956,531.52749976368,1,1,0,1,17,10,2,0,68,0,,12,,2.2357101536039683,2.964274556186185,21,8.619340670422677,-6.167708840904653,,,,,,1.3576673061669098,112.87797210483619,83.73015873015873,85.90357783053148,3,60.71855820211004,33.24497552031223,45.176531660482524,10.446346694280905,,,,55725835
2026-05-07,649.73008214,682.98496808,635.32239781,646.53057417,618.0200304779486,614.2563001972428,525.9163568051107,461.1936621848922,321.3583199682347,485.26277129194744,0,0,0,0,650.7027683966221,273.43677980014354,60,12.79360427959948,2,11,541.05559449804,,,522.1186486906086,650.7616584320789,650.7347039162933,646.4127404886384,655.0566673439481,672.3445210545675,541.05559449804,0,0,0,101.18681670787537,0.5574951754465536,2.0715583633475707,2,18.31794097209155,59.0405112334555,0,5.793229016422841,650.7616584320789,541.05559449804,1,1,0,1,17,10,2,0,68,0,,13,,2.01107251468354,2.0368843834534456,22,3.9801348781005164,-1.3152331729629494,,,,,,1.1517184873909565,114.50147280015123,84.92063492063492,80.44456045713464,3,63.45520890742037,35.49047199921925,43.913327028370915,9.417755543945642,,,,47527515
2026-05-08,676.34598905,747.09510899,676.10602595,746.69517049,660.911743815299,648.203617316962,546.9429104893859,472.38979976548467,325.59052743611295,491.6604703327287,0,0,0,0,746.69517049,277.2330083635446,99.91217514596299,1.111322539925177,2,12,746.69517049,,,572.8856896328783,,747.09510899,742.1839596034276,752.0062583765723,771.6508559228618,580.67566158042,1,1,0,129.33565554560423,0.6855555555555556,3.8067752978065665,2,21.82679819925656,97.28343622906367,0,0,,580.67566158042,0,1,0,1,11,10,3,0,68,0,,14,,3.2061839756281447,3.6732897152808994,23,8.942269725824861,-5.544591951806773,,,,,,1.525161450463683,134.787818202444,95.63492063492063,78.26660239456008,3,75.61024689533048,38.10789528013494,47.54007984587618,7.695922274566599,,,,65130914
2026-05-11,792.8580714,818.5441213,767.88191232,795.20771006,705.677065896866,688.944576266016,570.5871771151586,485.04932565938725,330.2633352234153,499.269882952949,0,0,0,0,795.20771006,281.7213771107476,60,0.35727061225074497,2,13,624.831151188,,,602.96206089642,743.8020606240076,818.5441213,813.3422598088079,823.7459827911922,844.553428755961,624.831151188,0,1,0,140.77989448088775,0.6900000000000001,4.045844395056978,2,22.027779173441093,98.30267054430898,0,5.440139843485546,743.8020606240076,624.831151188,1,1,0,0,17,10,2,0,68,0,,15,,3.2272969488821692,3.8995973862722297,24,8.96720062337175,-7.067803799137133,,,,,,1.5984128437778762,157.71602090331947,100,106.6876247648154,3,76.30646541261507,40.940575032716225,53.94094158368947,6.746839050981357,,,,70972938
2026-05-12,774.58088213,782.63964282,706.49235303,766.46213066,725.938754151244,728.3370811136117,589.2419345956197,496.0851219339211,334.60362174517235,507.74279702697385,0,0,0,0,780.5598098874498,286.0467606293532,60,7.04917541416677,2,14,624.831151188,,,602.96206089642,777.4581996171323,778.8851543966606,773.2627530385,784.5075557548212,806.1461348005437,624.831151188,0,3,0,129.06570068261925,0.6944444444444444,2.7704198195447947,2,22.18126323384228,88.16983801180724,0,6.9791219659418635,777.4581996171323,624.831151188,1,1,0,0,17,10,2,0,68,0,,16,,3.1927198222801443,2.728427543429987,25,7.159728768194662,-2.998879917277274,,,,,,1.6220598838870068,170.7149541103216,100,122.174732951888,3,76.83814979414872,41.57070855305242,46.34157385187241,15.545201651939465,,,,73742954
2026-05-13,813.02996929,814.82469329,779.35014869,803.50643385,751.7946473841627,767.0161636391865,609.6480773817511,508.14085965612026,339.269321368106,517.1563639233892,0,0,0,0,786.8687072510052,289.46004579524083,98.48982029999638,6.052656051411894,2,15,624.831151188,,,602.96206089642,813.81236344707,815.7662211517841,810.1136112957242,821.4188310078439,844.0292704320833,624.831151188,0,3.5,0,136.8343918070324,0.6988888888888889,2.9261852459211957,2,21.75291955086556,74.78966085468089,0,8.641475696491623,813.81236344707,624.831151188,1,1,0,0,16,10,2,0,68,0,,17,,3.33775518090267,2.881970497860139,26,4.444656122563355,-3.0602917886438674,,,,,,1.1880878444559806,174.7010803342826,100,131.83949060921134,3,75.35432375011501,42.44892006560958,47.885278890187486,14.357687945198931,,,,54875148
2026-05-14,787.49889555,811.87514688,775.51073913,775.8906807,759.8266584894418,797.1837412420215,625.4807062692034,518.6408526382332,343.61381250573675,527.1883570808412,0,0,0,0,784.9548505300517,291.91175657916864,60,50.38603260558747,2,16,624.831151188,,,602.96206089642,818.5441213,784.9548505300517,779.3813163087997,790.5283847513036,812.4282702986034,624.831151188,0,0,9,125.8031116508293,0.6935532105880573,1.954327322387151,2,22.52440237386553,14.300252932942932,0,8.857843080312426,818.5441213,624.831151188,1,1,0,0,17,8,2,11,68,0,0,18,,2.921759018037791,1.9440183456666655,27,3.511903848073058,4.289174587123565,,,,,,0.9040860191386298,172.41599587755104,99.60317460317461,120.97017266038603,3,78.02681864332025,43.150279422367525,45.09575654087002,14.136348740477045,,,,42142707
2026-05-15,732.45736004,749.47474304,718.88944656,724.54857628,748.0672977529612,812.6313829634125,634.915741508327,526.7156653300673,347.4042081651821,537.3830079854959,0,0,0,0,774.857257263823,294.40778054197716,60,40.73855146863818,2,17,624.831151188,,,602.96206089642,818.5441213,746.89513974,741.2107755154445,752.5795039645554,773.0364696308999,624.831151188,0,0,1.5,108.56067924643418,0.5488488411060903,0.7705327918530515,2,24.2815226541982,62.993568204612444,0,8.857843080312426,818.5441213,624.831151188,1,1,0,0,17,10,3,11,68,0,1,19,,1.7285685066265002,0.7744650174879423,28,5.278632702399405,-0.6211534967703313,,,,,,1.0242718121076728,166.88202685606234,98.80952380952381,98.40062029964882,3,84.11366184441195,42.26180998414209,41.05818699709162,21.76432194141515,,,,48519043
2026-05-18,750.34460927,756.88360368,663.14801868,681.43520641,725.8566006386408,811.766983426503,639.3461667370577,532.7830983135941,350.7278996900062,547.3765186167764,0,0,0,0,758.8442164041827,297.15139973672257,60,61.43295516386549,2,18,624.831151188,,,602.96206089642,818.5441213,749.2604367616689,,,775.4845520483273,624.831151188,0,0,5.5,94.2917022034153,0.6122222222222222,-0.11861605669799034,3,25.465082312487592,45.07636969458232,0,4.744842074309087,818.5441213,624.831151188,1,1,0,0,17,8,2,11,2114,0,2,0,,0.6246455607592458,-0.10984381506377851,29,5.934424148244035,2.1333334446064804,,,,,,1.2311168120508689,158.43457839940217,98.41269841269842,79.6032806125733,3,88.21363276830412,40.21836658230785,35.43903092243719,26.92420295142224,,,,60042491
2026-05-19,665.47766042,725.83837793,652.10971619,698.63256174,716.7819210057605,800.6406983637228,644.9924900706712,539.2869988401198,354.1896376208519,557.1967654281333,0,0,0,0,749.8155418620876,300.0591986945625,60,48.543093071913944,2,19,624.831151188,,,602.96206089642,818.5441213,747.4668810367855,741.1301308448474,753.8036312287236,773.6282218730729,624.831151188,0,2,2.5,97.24816525769246,0.6166666666666667,0.08890247445552492,3,25.39009653207752,46.744268743024406,0,8.857843080312426,818.5441213,624.831151188,1,1,0,0,17,10,2,11,2114,0,3,1,,-0.024071005727913822,0.09589470043278915,30,3.6535414965915693,-0.34726259996691977,,,,,,1.22424394327071,146.85248591414768,97.61904761904762,66.96534053461006,3,87.95387440527323,38.10106770951423,31.75745654038758,25.68250179725411,,,,61792066
2026-05-20,734.84199332,735.56688184,700.55226652,731.87744922,721.8137637438404,787.726871745603,653.267248084893,546.8395655216838,357.94772529845534,566.9693035439303,0,0,0,0,747.9152560917854,302.5164653216568,60,51.83043660816283,2,20,624.831151188,,,602.96206089642,818.5441213,747.0923983178051,740.8785024243982,753.3062942112119,773.2406322589281,624.831151188,0,3.5,0,104.46489738404222,0.6211111111111112,0.5312082043588179,3,24.765755809229173,29.285948412149622,0,8.857843080312426,818.5441213,624.831151188,1,1,0,0,17,8,2,11,2114,0,4,2,,0.025688163656277095,0.5319207651702053,31,2.543387523132731,0.7139075076509978,,,,,,0.9646793640944219,139.34393527537063,94.44444444444444,62.42237701301357,3,85.79109469885799,36.29504753503584,31.469953340967322,24.319534484872566,,,,48827357
2026-05-21,736.24677729,764.78238898,732.08741693,761.9828195,735.2034489958936,778.6429951041823,663.6211120291889,555.2765558737746,361.96797499200306,576.8011586399771,0,0,0,0,749.101902031094,304.77898756033125,60,39.298238930628955,2,21,746.69517049,740.6313301982651,752.7590107817349,720.56083952285,818.5441213,818.5441213,812.4802810082651,824.6079615917349,847.1931655454999,624.831151188,0,3.5,0,110.5111148346299,0.6255555555555555,0.861783598149998,3,24.601036303732226,66.6327508916093,0,2.7492171466073367,818.5441213,624.831151188,1,1,0,0,17,10,2,11,2114,0,0,3,,0.6022000968772165,0.8552089680872852,32,5.444060955760552,-0.9020336854339218,,,,,,0.8353738899858029,130.48353715207435,90.07936507936508,53.11286965609582,3,85.22048959382133,35.08482735083985,34.247003303660804,23.141248856582123,,,,42461460
2026-05-22,756.69863213,780.07993646,747.08511053,750.88452624,740.430474743929,771.0690762991966,671.9319133825995,562.94745667245,365.8377914223314,586.5620973590378,0,0,0,0,749.2208900867472,306.63384266352733,60,46.50519545960184,2,22,724.54857628,718.6232707775855,730.4738817824145,699.1893761102,818.5441213,818.5441212999999,,,847.1931655454998,652.10971619,0,0,2.5,105.25067225030395,0.63,0.49622760237481894,3,24.86675700041793,30.527409078159586,0,3.7065658376693666,818.5441213,652.10971619,1,1,0,0,17,10,3,11,2114,0,1,4,,-0.638268520248876,0.48993827697865056,33,2.6282603225714265,0.6383464069891389,,,,,,0.7078763935580139,124.55433816787296,87.6984126984127,44.59360476468351,3,86.1409730883858,34.19466813313141,34.849414730874905,21.990703180807927,,,,36002915
2026-05-26,820.37383992,916.65893285,820.16887144,895.74224949,792.2010663259526,779.8891731590386,693.2471834880662,575.9982328613736,371.1104725971341,597.0826539851525,0,0,0,0,895.74224949,311.79697327283316,60,2.058460156849933,2,23,818.5441213,,,789.8950770545,900.8106800969124,916.65893285,909.6767348244543,923.6411308755457,948.7419954997499,685.4661047259001,0,3,0,141.3680873033162,0.6344444444444445,2.5560342891441388,3,29.209030464667403,96.00118940491753,0,2.8715289100729486,900.8106800969124,685.4661047259001,1,1,0,0,17,10,2,11,2114,1,2,5,0,0.22718638201397984,2.5018888189078123,34,8.849740085083685,-4.709883415799901,,,,,,1.45487635822476,122.23551404930465,86.5079365079365,20.806315406919023,3,101.18304960926221,34.918615885835166,44.927031512318614,17.328980717125802,,,,76560763
2026-05-27,955.51305772,956.01298084,888.01343806,928.26724768,837.556460110635,802.9455850357009,715.6300467444408,589.8127040307315,376.65432110542133,608.4167233631135,0,0,0,0,911.5387939041627,316.8570472159819,60,15.01345787496554,2,24,724.54857628,,,699.1893761102,929.210251911323,929.210251911323,922.119643541352,936.3008602812939,961.7326107282192,709.78690638372,0,0,0,146.4507097530917,0.638888888888889,2.5718310556901,3,28.373687631582367,79.72864109589311,0,8.070509884418676,929.210251911323,709.78690638372,1,1,0,1,17,10,2,11,2114,1,3,6,1,0.8289903070822892,2.516875239976949,35,5.056297021733478,-3.290210298127201,,,,,,1.3388713285820757,119.69460556446658,85.71428571428571,21.777813375005643,3,98.2893371519786,35.909291652787104,46.035624677998356,15.845173464978412,,,,72295713
2026-05-28,929.68702934,949.34390643,904.64088103,923.37799956,866.16363992709,833.3871858659844,735.4155660602083,602.8936960122714,382.09435770695944,620.4256110499059,0,0,0,0,914.5019728168868,320.259887413407,60,8.647020574599358,2,25,724.54857628,,,699.1893761102,950.318406610612,952.6829641825201,945.6996936836185,959.6662346814217,986.0268679289082,709.78690638372,0,2,0,141.66229648127086,0.6433333333333333,2.0496161409707874,3,28.598376203149247,83.78072030595624,0,8.902876621459006,950.318406610612,709.78690638372,1,1,0,0,17,10,2,11,2114,1,4,7,2,0.38059341406756997,2.01476726736878,36,4.589724243513622,-4.570225393677952,,,,,,0.9089908480323953,114.52750223326309,82.53968253968254,15.605312298655141,2,99.06768119564641,36.829204864956765,43.40442341276291,14.939530481733483,,,,49694349
2026-05-29,956.85285168,980.84916144,940.36538718,970.85069904,901.05932629806,871.7623701042488,757.8379596773314,617.3233824055158,387.95262976002454,633.3155925665,0,0,0,0,927.661690750676,324.6734112295021,60,5.285828488564638,2,26,725.13566599452,,,699.7559176847118,974.6229462865448,980.84916144,973.8515606028056,987.8467622771943,1015.1788820904,725.13566599452,0,2,0,150.24980488997798,0.6609148372805173,2.3154519925963997,3,28.474969498813238,72.23808920618012,0,9.830171570125806,974.6229462865448,725.13566599452,1,1,0,0,17,10,3,11,2114,1,5,8,3,1.1050964760219157,2.270958969804443,37,2.377990481640216,-4.801332175110754,,,,,,1.0829031586905533,107.4625095806962,77.38095238095238,8.943942568215062,2,98.64018783183722,37.93656774480231,44.24147414935517,13.844011926385985,,,,60498561
2026-06-01,1009.56474545,1046.80901789,1009.34477928,1035.34078152,945.81981137204,917.8318836347329,784.2667998528236,633.716221586476,394.3943029118651,647.3531893728773,0,0,0,0,1035.34078152,328.36384298016094,60,3.238112910738022,2,27,765.89885728062,,,739.0923972757982,1010.091349774357,1046.80901789,1039.6330464085872,1053.9849893714127,1082.688875297063,765.89885728062,0,2,0,162.5141321454044,0.8201767558000398,2.723060538808096,3,28.624399616211164,74.39699091899278,0,9.109464377236455,1010.091349774357,765.89885728062,1,1,0,0,17,10,2,11,2114,1,6,9,4,2.34363626862254,2.660990073305763,38,2.0378547588712275,-5.451876864561663,,,,,,0.8285675297135395,96.67267904416606,67.46031746031746,-2.506256868664885,1,99.1578289428656,39.42440559748464,48.267158105216296,12.535617811099112,,,,46552116
2026-06-02,1049.838552,1076.39446813,1017.04459517,1063.93638398,985.19200224136,968.6489164247178,810.9019983411262,650.5876005038691,401.0564131712495,662.5732196768867,0,0,0,0,1049.7910076726594,332.24533487258003,60,2.118120255544847,2,28,784.1826655289399,,,756.736272235427,1047.4218074366595,1076.39446813,1069.2011564601169,1083.587779799883,1112.3610264794156,784.1826655289399,0,2,0,165.28347360591974,0.9066666666666667,2.582499251044493,3,28.46510347257206,87.84336319885871,0,9.591028558566123,1047.4218074366595,784.1826655289399,1,1,0,0,17,10,2,11,2114,1,7,10,5,3.202126344000282,2.528440352455416,39,4.428732069426571,-5.689350557151017,,,,,,0.8452870036686593,93.9143414057575,63.888888888888886,-4.7579954458511775,1,98.60601091440017,40.98624381390195,48.38370402044611,11.612156646871819,,,,47555370
2026-06-03,1078.84409142,1089.12251077,1038.34032024,1079.40400532,1016.5960032675733,1019.6154322878992,836.4736180533998,667.4039301045017,407.8061404563117,678.9017507121187,0,0,0,0,1058.6737343348402,335.5735627139377,60,2.184048560864155,2,29,792.04859588046,,,764.3268950246438,1086.0337733768001,1089.12251077,1081.9895946610907,1096.2554268789092,1124.7870913145466,792.04859588046,0,2,0,164.68556949932355,0.7611111111111112,2.300490258278876,2,27.40168485111469,77.51890870119297,0,10.604875185162406,1086.0337733768001,792.04859588046,1,1,0,0,17,10,2,11,2050,1,8,11,6,3.0189527746985556,2.2593968381715404,40,3.38429817686552,-4.588658001415064,,,,,,0.7323383504364549,92.73939061841037,63.492063492063494,-2.2995986762416702,1,94.92222075024213,42.51276995013847,46.9013582082986,10.87401590423444,,,,40324175
2026-06-04,1006.9451483,1036.21054776,971.53059448,995.84685504,1009.6796205250489,1055.6612846965002,851.6520215759332,680.2840448078546,413.65729184520416,695.6316098685264,0,0,0,0,1040.4519481113582,339.55499922519306,60,4.867538399456691,2,30,792.04859588046,,,764.3268950246438,1089.12251077,1040.4519481113582,1032.8653705562995,1048.038525666417,1076.8677662952557,792.04859588046,0,3,1.5,140.74200423201017,0.6083291166709055,0.947716910730499,2,29.335455875600154,68.14880186861483,0,10.716294661523714,1089.12251077,792.04859588046,1,1,0,0,17,10,2,11,2050,1,9,12,7,1.7421884889227999,0.9412305422730125,41,3.6776051607734397,-2.899964121619159,,,,,,0.9980984495746745,94.50849737882464,63.888888888888886,-6.9990481249762455,1,101.62100007946881,42.366291766789516,40.946987001105306,17.35627655153802,,,,54917159
2026-06-05,944.25478906,961.74209979,863.87714982,863.87714982,961.0787969566993,1062.4575217974939,852.8163195039396,687.483774416174,418.13709142704295,711.7923066549014,0,0,0,0,989.28716655765,343.9650080988372,60,9.884425142819197,2,31,792.04859588046,,,764.3268950246438,1089.12251077,978.1859833521271,,,1012.4224927694514,792.04859588046,0,0,0,106.60141554811821,0.52,-0.7574423498049668,2,33.22107302549179,61.39987029310256,0,10.716294661523714,1089.12251077,792.04859588046,1,1,0,0,17,10,3,11,2050,1,10,13,8,0.20180744964389252,-0.7474543214285221,42,3.2087522496921412,-2.506843614851362,,,,,,1.3670740862786854,93.64708655984809,63.095238095238095,-18.62518920947452,1,115.08117272421539,40.32760341786732,35.07954324249333,26.55832120593752,,,,77250536
2026-06-08,938.12073237,962.80193681,916.35907896,949.13403871,957.0972108744662,1056.7237195802477,861.9894356188024,697.7445690943632,423.42064314130124,727.8224683982994,0,0,0,0,982.5138141774887,347.5086129994736,60,6.8677433864136965,2,32,792.04859588046,,,764.3268950246438,1089.12251077,976.6468545331844,968.1279731300216,985.1657359363472,1010.8294944418458,792.04859588046,0,2,1.5,124.15865973574205,0.5347599344586297,0.20429873158758477,2,31.507091077697964,74.57957072415543,0,10.716294661523714,1089.12251077,792.04859588046,1,1,0,0,17,10,2,11,2050,1,11,14,9,1.0825239201134815,0.2081271603762856,43,4.324623506113229,-3.1460165125241217,,,,,,0.9667863818572856,98.35212981512052,67.85714285714286,-9.887541690056747,1,109.14376509054584,38.44688693476357,31.55349697102984,23.804693973411922,,,,54097769
2026-06-09,988.02305821,988.9979083,854.21863514,935.74609755,949.9801730996442,1041.0100456100445,869.0138796122498,707.0779623671333,428.5184088568107,743.5296075270912,0,0,0,0,973.7986998326472,352.1482787853403,60,5.020062292269932,2,33,792.04859588046,,,764.3268950246438,1089.12251077,975.5383509376172,966.4245746957517,984.6521271794827,1009.6821932204338,792.04859588046,0,2,3,118.36777095442805,0.528888888888889,-0.05923019810569386,2,31.137130265840234,86.67140693576584,0,10.716294661523714,1089.12251077,792.04859588046,1,1,0,0,17,10,2,11,2050,1,12,0,10,-0.40054210717779387,-0.05221681166072789,44,5.639157683740326,-4.117933065709512,,,,,,1.3097104315226997,99.22192538939193,68.65079365079364,-8.010460752182382,1,107.8621832446518,35.7848439940827,27.3871616239468,26.74927964269907,,,,73448646
2026-06-10,904.99082721,957.33277788,883.11419148,891.74286453,930.5677369097627,1017.0039317299281,871.1785448425117,714.3197232362653,433.12760742072305,758.5620548735185,0,0,0,0,963.6365191212267,355.35735820938794,60,30.133040423730748,2,34,792.04859588046,,,764.3268950246438,1089.12251077,973.9947285510723,,,1008.0845440503597,792.04859588046,0,0,2.5,105.88455901953076,0.6833333333333333,-0.6353681007726579,3,31.329202630427517,22.362856614976028,0,10.716294661523714,1089.12251077,792.04859588046,1,1,0,0,17,10,2,11,2050,1,13,1,11,-0.9625383443444658,-0.6236923066371401,45,1.128736321677719,0.38082115180649345,,,,,,1.0096781836362239,100.37288775738737,69.04761904761905,-7.513902524628481,1,108.52754143304193,33.31294697773618,25.398380444074384,24.806819717168548,,,,55712574
2026-06-11,904.23094407,996.61673664,895.36230792,995.71687503,952.2841162831752,1001.2051132780401,883.039338193701,725.354905659549,438.72551058101436,773.4859720806472,0,0,0,0,967.3794303451175,359.39346068959213,60,27.567203399823203,2,35,970.85069904,961.4406854483277,980.2607126316723,936.8709245736,1089.12251077,1089.12251077,,,1127.24179864695,803.0141295605599,0,3.5,0,126.95668499225157,0.6877777777777778,0.4995517920591639,3,32.76764706594755,38.77155411152661,0,3.480653229377663,1089.12251077,803.0141295605599,1,1,0,0,17,10,2,11,2050,1,14,2,12,-0.1622213418489486,0.5044624179618223,46,1.9759303157172337,-1.0247192221513566,,,,,,1.072432366458189,103.69740884518461,72.22222222222223,-8.645062627564714,1,113.5104591254128,31.555259456264,26.59844073963238,22.33833683347396,,,,59418902
2026-06-12,971.66057449,1012.46409958,960.04236119,981.45906765,962.0091000721168,988.6358462262713,892.4126457609676,735.3982061297628,444.1258444821983,788.1626077256105,0,0,0,0,968.4283652392751,362.0868577991389,60,33.77218584398634,2,36,863.267246366466,,,833.0528927436396,1089.12251077,1089.12251077,,,1127.24179864695,854.21863514,0,3.5,2.5,120.98670452161433,0.6922222222222223,0.19812166539603632,3,32.53013876452578,31.200076636250273,0,7.475098333161251,1089.12251077,854.21863514,1,1,0,0,17,10,3,11,2050,1,15,3,13,-0.6138232848371419,0.2033305959687266,47,1.9166900166300476,-0.1018886933558315,,,,,,0.7406792253261316,108.52602292671108,78.96825396825396,-3.693112094645635,1,112.68770623484903,30.131991624327455,26.783104299386014,21.2026018909857,,,,40995386
2026-06-15,1055.72764635,1097.30125301,1051.33842134,1087.82271066,1003.9469702680778,990.767016323361,911.023128132304,749.2187749348701,450.530788424266,803.2104909184321,0,0,0,0,977.4530537631866,365.5193479482951,60,27.782205298663776,2,37,863.2745558754093,,,833.05994641977,1089.12251077,1091.8456997821995,1082.263039342116,1101.4283602222831,1130.0602992745764,854.21863514,0,2,0,141.45357844791607,0.6966666666666667,1.226388968364178,3,32.59532973064434,52.84963881593401,0,7.4747931204001645,1089.12251077,854.21863514,1,1,0,1,17,10,2,11,2050,1,16,4,14,-0.3398608296680074,1.2209735339076095,48,3.3420506492782085,-1.2637544357737127,,,,,,0.8155311791829869,112.40722692695584,80.55555555555556,-0.44840279047176035,1,112.9135343658727,29.794303984958237,31.796905421028146,18.91409734813458,,,,44994605
2026-06-16,1099.53091013,1110.22916491,1019.8431648,1020.60304794,1009.4989961587186,996.2271143121076,921.4593109711323,759.8612954448752,456.20314921546736,818.1287952034468,0,0,0,0,980.5170601566875,368.6375478271799,60,18.429376659012632,2,38,863.281514833289,,,833.0666618141238,1089.12251077,1095.0962294881676,1089.12251077,1110.22916491,1133.4245975202534,854.21863514,0,0,5.5,123.71679145466912,0.7011111111111111,0.28204044183072874,3,32.6602817446807,63.81192001079064,0,7.474502549903551,1089.12251077,854.21863514,1,1,0,0,17,10,2,11,2050,1,0,0,15,-0.9534958270193774,0.28592369281712277,49,3.2846081268521834,-2.632432025659969,,,,,,0.835701122307743,116.26003920323225,83.33333333333333,2.759010860209001,2,113.13853474260252,28.95526074948846,29.152893575927358,20.238825025693618,,,,45499755
2026-06-17,1061.13681451,1093.5018373,1013.98406583,1043.02959911,1020.6758638091457,1005.1791813539774,933.0374336510245,770.9659348042918,462.0422183686468,833.0248683065196,0,0,0,0,984.7168481500152,371.87782982637987,60,13.839203817965851,2,39,860.3047234226547,,,830.1940581028617,1089.12251077,1094.6768934384208,1089.12251077,1110.22916491,1132.9905847087655,854.21863514,0,2,5.5,125.74335366856116,0.7055555555555556,0.3940562921863205,3,32.656989529909985,70.26646191533118,0,7.599227214582148,1089.12251077,854.21863514,1,1,0,0,17,10,2,11,2050,1,1,1,16,-0.8990925744411463,0.39776021574689985,50,4.15534053386511,-2.6048004856580396,,,,,,0.8599835001912575,120.26984298187698,85.71428571428571,6.313881378110146,2,113.12713017609791,28.078201560470834,27.023900312118766,19.2989085447831,,,,46149178
2026-06-18,1107.89462393,1149.25326364,1092.62547207,1133.8156377,1058.3891217727637,1027.0961342620922,952.1591673699745,785.195334917849,468.7265309988095,848.4393115730925,0,0,0,0,997.5410281559432,376.9715049653459,60,11.142426804359886,2,40,1089.12251077,1079.146556571343,1099.098464968657,1051.00322289305,1162.6219140955177,1149.25326364,1139.2773094413428,1159.229217838657,1189.4771278673998,862.4191940318599,0,5,9.5,141.89278027082273,0.7100000000000001,1.1868909186184582,3,33.176028916547274,71.02477020398175,0,1.928142088141195,1162.6219140955177,862.4191940318599,1,1,0,0,17,10,3,11,2050,1,2,2,17,0.2685123318015244,1.1816757196896839,51,4.11102478725812,-2.737708394871473,,,,,,1.1871117814593184,121.39761463514806,85.71428571428571,5.631909209035557,2,114.92513535366824,27.89688667171691,29.444510965259376,17.46413884843435,,,,64642538
2026-06-22,1196.03106998,1213.37340301,1168.39032068,1211.19373821,1109.3239939185091,1064.2979746993365,976.829126497596,801.9011546547961,476.11426440389596,864.7882078034547,0,0,0,0,1211.19373821,381.5310665862295,60,12.366782948975654,2,41,981.45906765,,,947.1080002822499,1189.555425328268,1213.37340301,1203.3996797781222,1223.3471262418777,1255.84147211535,905.88776927346,0,0,0,154.3913990324229,0.8431499993568333,1.713957161244828,3,33.4243492649109,57.1816851402643,0,6.057929887606233,1189.555425328268,905.88776927346,1,1,0,1,17,10,2,11,2050,1,3,3,18,2.0296444392991098,1.6968584424383368,52,3.0982272359732668,-2.026229578900133,,,,,,0.9664146899993418,121.66270303348705,85.71428571428571,5.076083591045041,2,115.78534227350626,28.347677406945397,33.08754300102857,16.22032778293431,,,,53140816
2026-06-23,1079.8339392,1124.82702,1038.34032024,1051.60827984,1090.085422559006,1091.8570313717032,983.950950625444,811.6935909365687,481.84057301520045,881.0163088243054,0,0,0,0,1126.402746388511,385.65739486161675,60,58.84777758400347,2,42,981.45906765,970.6544191313812,992.2637161686187,932.3861142674999,1174.2222973609985,1126.402746388511,1115.5980978698924,1137.2073949071298,1180.4259889816049,905.88776927346,0,0,4,118.24817973699888,0.7188888888888889,-0.14509109930671715,3,37.117642003405194,39.5070024827078,0,3.9280951404840465,1174.2222973609985,905.88776927346,1,1,0,0,17,8,2,11,2050,1,4,4,19,0.05456344760832178,-0.1390089036078512,53,3.9765369819713907,0.9169015140949925,,,,,,1.0719515945809912,122.88739461755527,86.5079365079365,-4.426754323525724,1,128.5792836141009,26.82287433569573,28.36132419369437,24.650281507206547,,,,60243260
2026-06-24,1082.05359785,1083.15342872,990.94770845,1048.3487811,1076.1732087393373,1108.417475987319,990.0840773373064,820.9741866292524,487.47747060808405,897.069939889922,0,0,0,0,1096.8902857086873,390.29438856854915,60,55.57705543834443,2,43,981.45906765,970.6029143803004,992.3152209196995,932.3861142674999,1175.5548892682914,1096.8902857086873,1086.0341324389879,1107.7464389783868,1151.171052057185,912.1363283486401,0,3.5,5.5,115.05584243560625,0.7233333333333334,-0.24956043177083084,3,33.13091529449297,38.1583207449559,0,3.9552504636394716,1175.5548892682914,912.1363283486401,1,1,0,0,17,8,2,11,2050,1,5,5,20,0.13755557252650447,-0.24309486961143073,54,4.815659632890348,1.9439905360443825,,,,,,1.235000724913863,125.28915003610288,87.6984126984127,9.166504844354666,2,114.76885718264522,24.97018039428442,26.210571972379853,26.67872643978619,,,,68935710
2026-06-25,1232.81041392,1254.8070312,1136.13528097,1213.37340301,1121.906606829558,1131.4988212579924,1011.3497274013724,836.3623911932033,494.7003157066106,913.8479129581925,0,0,0,1,1133.3420594932456,397.17408879260324,60,31.055715403573696,2,44,843.7035868759132,,,801.5184075321175,1207.25160742905,1254.8070312,1242.882940216529,1266.731122183471,1314.4274861173549,941.9589421212399,0,4.5,11,145.27443474073084,0.819672712880392,1.2717611129150692,3,35.8333076107434,62.48295007722342,0,8.617908616444113,1207.25160742905,941.9589421212399,1,1,0,0,17,10,2,11,2050,1,6,6,21,1.7351594808209132,1.2633781675156495,55,5.064662900107507,-0.6233544618559963,,,,,,1.4735169727288016,133.07763308881485,90.87301587301587,7.208087126054101,2,124.13021877010418,24.732317185677456,35.01176055590997,22.554390505612172,,,,83040960
2026-06-26,1138.89985583,1198.52778603,1121.18757969,1132.15589294,1125.3230355330388,1148.0366831994957,1022.8550765002893,847.9621363597444,501.0431572711219,930.7051373261601,0,0,0,0,1133.050697989749,403.51120759254513,60,66.90485457415184,2,45,1013.98406583,,,963.2848625385,1217.1716189338997,1140.2457793767976,1128.350321469646,1152.1412372839493,1197.2580683456376,941.9589421212399,0,0,5,125.95975546421316,0.7322222222222222,0.2666421159375872,3,36.74206858560925,38.08434605502388,0,3.477966607584041,1217.1716189338997,941.9589421212399,1,1,0,1,17,8,3,11,2050,1,7,7,22,0.2391992739473206,0.2663785079089755,56,6.276087535567317,3.4443756795880076,,,,,,1.4848526613649478,144.32815092811856,96.42857142857143,13.395761313541271,2,127.27825913091115,24.33324832172239,32.589176239993414,22.1157289782443,,,,86405308
2026-06-29,1128.52645109,1148.61336205,1023.49260358,1145.10390175,1131.9166576053592,1162.604704348003,1034.4978217621665,859.6147546103426,507.4517218928023,947.6130523292185,0,0,0,0,1134.8243444399204,407.975621792965,60,67.336537476899,2,46,1133.8156377,,,1077.124855815,1229.3701493844283,1149.25326364,1137.0903316684482,1161.4161956115515,1206.715926822,941.9589421212399,0,6.5,0,125.6577034518172,0.7366666666666667,0.26776293351178204,3,36.50279551905467,64.92049537304005,0,3.6074610893372885,1229.3701493844283,941.9589421212399,1,1,0,1,17,8,2,11,2050,1,8,8,23,0.4348866861657608,0.2648522048251481,57,7.392787664513415,1.4308539313652897,,,,,,1.0428372640926142,150.12450945555912,97.61904761904762,18.722997394655746,2,126.44939291460047,22.889140483245722,29.595902394716656,27.256025656697364,,,,60694113
2026-06-30,1144.55398632,1168.50030376,1124.48707228,1154.11251637,1139.315277193573,1173.609010334328,1045.889697439103,871.1636864440546,513.8861576587445,964.4927383156996,0,0,0,0,1136.6127831455863,411.0822096684347,60,58.59543716759195,2,47,1133.8156377,1122.1285113024878,1145.5027640975122,1077.124855815,1241.3342381613247,1245.8135931235718,1234.1264667260596,1257.500719521084,1304.2492251111325,941.9589421212399,0,5,2.5,124.58525087114909,0.7411111111111112,0.2301978657737409,3,36.02476312770831,38.55714667784841,0,1.8965799533234773,1241.3342381613247,941.9589421212399,1,1,0,0,17,8,2,9,2050,1,9,9,24,-0.27331460577170963,0.22502381071603045,58,3.300979765921919,0.43223127713050247,,,,,,0.7270079730048529,142.45109658905577,95.23809523809524,14.149506924572854,2,124.79344013564938,21.732482528932113,30.12004662700072,26.339551924915803,,,,42152627
2026-07-01,1081.84363014,1096.83132528,1032.04128893,1032.12127663,1103.583943672382,1166.6554558683529,1044.5784192668075,877.4757488042878,519.0427260067172,980.5194862313977,0,0,0,0,1126.0120372190358,414.21490656448026,60,55.951691387921834,2,48,1013.0019946344445,1001.0597413060403,1024.9442479628485,962.3518949027222,1239.7792889050363,1139.1766157154232,,,1196.1354465011943,912.1363283486401,0,0,2.5,98.8509278553386,0.55,-1.012267754593965,3,37.77222876859914,23.43917245558291,0,4.477331643407614,1239.7792889050363,912.1363283486401,1,1,0,0,17,8,2,9,2050,1,10,10,25,-0.6051417071908348,-1.0085765090287975,0,1.1233356338792113,0.320805908126749,,,,,,0.8823869970149127,127.09473726746118,86.9047619047619,-2.867552212123726,1,130.84683868465703,20.606659993863794,27.371110498701636,30.847313399704355,,,,51328104
2026-07-02,1041.33985896,1064.47630095,950.13388495,975.40999789,1060.8592950782547,1142.4193098309856,1037.9909505642545,881.3163075919629,523.5836938861529,995.3335642262763,0,0,0,0,1109.6081444614417,417.60511760871975,54.757468252119324,45.02625563346147,4,0,862.2064488437604,,,819.0961264015724,1110.22916491,1009.56474545,997.4545957879105,1021.6748951120895,1060.0429827225,862.4191940318599,0,0,5.5,86.29495327677095,0.5637755710398499,-1.526707210860153,4,38.12065579724611,3.219018410660979,0,5.7532094870977595,1110.22916491,862.4191940318599,1,1,0,0,17,8,2,9,2050,1,11,11,26,-1.1102045683187984,-1.5158368032069096,0,-1.1722036632849449,4.452572291312212,,,,,,1.0438641240930502,117.28079774132998,80.95238095238095,-11.187125810644439,1,132.05382531735063,20.244651281705973,25.063660763243462,34.285680763103315,,,,61844373
2026-07-06,1007,1019,980.85,984.75,1035.4895300521698,1108.046163709056,1032.9203838438493,885.3725308236505,528.1724133499723,1009.0650302323047,0,0,0,0,1101.9470317085672,419.6538930485245,31.28562431903185,61.070678469717386,4,1,866.3315203333997,,,823.0149443167296,1110.22916491,1009.56474545,997.930410030649,1021.1990808693511,1060.0429827225,862.4191940318599,0,0,5.5,86.44480005196614,0.6183761974931417,-1.3705851550610353,4,37.30010352826511,1.661891493351078,0,2.9150295130908517,1110.22916491,862.4191940318599,1,1,0,0,17,13,2,9,2050,1,12,12,27,-1.547009579945133,-1.3638466073069422,0,-2.8505623552938797,4.900762724795091,,,,,,0.6360294061008966,115.12596459922125,77.77777777777777,-10.90104267176111,1,129.21134887706862,19.908500334702282,24.22522114666365,33.13874244053585,,,,37115846
2026-07-07,923.01,942.02,891.66,938.38,1003.1196867014465,1065.5659842614975,1023.9165377634827,887.451255105076,532.2540808788283,1021.4678301095986,0,0,0,0,1088.9149163369214,422.28436225944455,17.68459286529106,40.6850018333349,4,2,873.9445846568227,862.310112481711,885.5790568319344,830.2473554239815,1110.22916491,1009.56474545,997.9302732748883,1021.1992176251117,1060.0429827225,863.5669508895937,0,8,0,76.30301649366393,0.6746720464020414,-1.7559775708237233,4,34.640872641157934,1.5475521299646573,0,2.8922918558399093,1110.22916491,863.5669508895937,1,1,0,0,17,6,2,9,2050,1,13,13,28,-2.145255711469774,-1.7402980486559643,0,-3.7686771711994114,4.391276369454904,,,,,,0.916936481742477,114.3646440371989,76.19047619047619,-4.695735144093934,1,119.99950286601644,20.283319783906606,22.494583795098784,37.61598102514939,,,,52367526
2026-07-08,902.64,959,900.41,948.8,985.013124467631,1025.506178111725,1016.7625817860081,889.8570882382103,536.3988163924718,1032.6783284004016,0,0,0,0,1080.315110179958,424.4665721927804,15.589364434512582,52.06038240633471,4,3,876.2890520416565,,,832.4745994395737,1110.22916491,1009.56474545,998.238182001682,1020.891308898318,1060.0429827225,863.5146734267014,0,5,0,76.88331349817575,0.5720804768011264,-1.5641165382137239,4,33.34440341494186,3.9982246680493176,0,2.893327499430436,1110.22916491,863.5146734267014,1,1,0,0,17,8,2,8,2050,1,14,14,29,-1.3013112744819804,-1.553298343292547,0,-2.03727597669309,3.376001170263408,,,,,,0.7599436450162195,113.48185136993342,75.39682539682539,-1.7544614290373663,1,115.50840172550494,20.427423779231177,22.794165848683374,35.87866147861883,,,,42978962
2026-07-09,1016.51,1035.5,987.13,991.64,987.2220829784206,994.4934693844425,1014.3699549492454,893.8485749739667,540.9285794134422,1043.0656769048135,0,0,0,0,1075.397785322883,426.7062328062356,30.29071288133411,87.35368607804969,4,4,990.94770845,,,941.4003230275,1110.22916491,1009.56474545,998.2731151051333,1020.8563757948667,1060.0429827225,883.11419148,0,0,4,83.32179842952434,0.5515911623661094,-1.0854766277196892,4,33.59228082989773,7.407581610616653,0,2.5050509051529204,1110.22916491,883.11419148,1,1,0,0,17,8,2,8,2050,1,15,15,30,-1.012729298928875,-1.0814551897956712,0,0.17201139329718984,3.722568911759824,,,,,,0.7483039545896835,113.82549001915467,75.39682539682539,-2.1841094447052893,1,116.36707427900974,19.69066648436765,27.280537017632,33.41896989480972,,,,41110745
2026-07-10,964.975,998,954.13,979.3,984.5813886522805,969.5643954746604,1011.0299592397935,897.1996112494975,545.2904840958955,1052.67366205939,0,0,0,0,1071.4490866218202,428.38729940695976,17.04327729345643,78.98188314705196,4,5,962.77194142,951.8951596711952,973.6487231688047,914.6333443489999,1110.22916491,1009.56474545,998.6879637011953,1020.4415271988048,1060.0429827225,891.66,0,4,2.5,79.59235096935579,0.6615906545036753,-1.174787148265732,4,33.20977926034009,2.7902591080756665,0,2.335754016399327,1110.22916491,891.66,1,1,0,0,17,8,2,8,2050,0,16,16,,-1.90903119725517,-1.1700225454865676,0,-3.8700885369262936,2.844302804018097,,,,,,0.5911295251124119,113.26710361425158,74.60317460317461,-1.542867464775038,1,115.0420499741124,19.290623528376724,26.298105893601093,34.92439631027972,,,,31768093
2026-07-13,929,943.5,902.6,937,968.7209257681869,947.7245950070082,1003.9794869312417,898.7604108083407,549.1880912193194,1061.287421665876,0,0,0,0,1065.5407950907852,430.112227792301,13.332900138433162,53.151511139087084,4,6,895.7835890581632,884.9988988628445,906.5682792534819,850.994409605255,1110.22916491,982.0743388773171,975.40999789,1003.6437192679546,1031.178055821183,891.66,0,6,0,70.61549858440159,0.5985457058345955,-1.5412744815774762,4,31.5961572384482,3.9528396801060524,0,1.8412931750294261,1110.22916491,891.66,1,1,0,0,17,13,2,9,2050,0,0,17,,-1.763745703300701,-1.5333532601258606,0,-2.546518124838647,3.202285657214432,,,,,,0.6762726487964521,114.23195257358532,75.39682539682539,4.3668824513913975,2,109.45229932185485,19.344128455429573,24.628191772693302,36.97285140709998,,,,35536239
2026-07-14,988.38,994.8,950.07,983.12,973.5206171787913,934.1623911936852,1001.9928691282663,902.0686299923274,553.505821654948,1069.250066832187,0,0,0,0,1062.5134334498428,431.73483948644156,28.252802761656802,88.20136765589329,4,7,962.77194142,952.2415148100612,973.3023680299387,914.6333443489999,1035.5,1009.56474545,999.0343188400612,1020.0951720599388,1060.0429827225,891.66,0,3.5,2.5,77.61692136507838,0.6073240447872011,-1.0295598265090584,4,31.973602694267296,11.000000151499478,0,2.335754016399327,1035.5,891.66,1,1,0,0,17,13,2,9,2050,0,1,18,,-1.553915503694474,-1.031303452813215,0,0.07358896862612108,2.5777038469108113,,,,,,0.5925384230283643,114.9685603089907,77.38095238095238,3.7998906120150706,2,110.75980873498419,18.80118611357738,27.770862677029886,35.160898961981324,,,,30835225
2026-07-15,975.805,978.4,873.6301,904.28,950.4404114525275,919.6706401674471,992.686881592241,902.1553503847852,556.9961119867396,1076.2007411626314,0,0,0,0,1052.8207922444487,434.1852433603164,24.314695112755345,38.64052917697664,4,8,902.1553503847852,,,857.0475828655459,1035.5,923.8603074082,913.1044657346854,934.6161490817146,970.0533227786101,859.4751853380701,0,6,4,62.349427678146554,0.5894943483518907,-1.75926787316821,4,31.0900518804321,7.540393777549944,0,1.3938280831818823,1035.5,859.4751853380701,1,1,0,0,17,16,2,9,2050,0,2,19,,-2.0219776796892637,-1.755163438467345,0,-1.377228811351448,2.4438947497209016,,,,,,1.042849385697433,112.30473421304632,72.61904761904762,4.276391655012126,2,107.6990989337214,18.926406125098993,25.246794934424024,38.31053848206179,,,,54779242
2026-07-16,866.765,887.71,840.51,853.2,918.0269409683517,901.9972576843302,979.4024166786942,900.2355327226367,559.9434143550308,1081.9482592755257,0,0,0,0,1042.9101241266258,436.0301559630598,15.717626045895791,22.18288450350005,4,9,833.4954456213867,822.9385033531231,844.0523878896503,791.8206733403173,988.5023045108401,915.6999896689961,905.1430474007325,926.2569319372597,961.4849891524459,833.4954456213867,0,8.5,2.5,52.372539461466125,0.5037363956021178,-2.1623518428512183,4,30.99111019478251,4.049756543505211,0,1.7954470891132,988.5023045108401,833.4954456213867,1,1,0,0,10,11,1,9,2050,0,3,20,,-1.7349895863582971,-2.153020466750777,0,-2.984421854473326,2.884552595304473,,,,,,0.8883555032757638,107.36054077504534,68.25396825396825,0.0038990653061699836,2,107.35635488065822,19.295271863083872,23.885141768146728,39.04545346139652,,,,46718034
2026-07-17,822.525,903.96,804,848.95,895.0012939789011,883.3686260626467,966.9783769950091,898.2243353609647,562.8191017743837,1086.6210571986887,0,0,0,0,1030.6765836217796,438.4807066915773,10.989343592347355,25.781513091782312,4,10,808.3962749168975,797.7008999535099,819.0916498802851,780.1024052948061,941.14526725,973.5959054695037,,,1007.6717621609363,808.3962749168975,0,8,2.5,50.83887475097053,0.46041981685952416,-2.069678106395055,4,30.827694882330086,3.2099606800960174,0,4.84799639957815,941.14526725,808.3962749168975,1,1,0,0,10,11,1,9,2050,0,4,21,,-1.4498035448373716,-2.066929431059616,0,-3.1682186542297055,3.54331870175937,,,,,,1.1851679362695493,102.39797245411968,61.904761904761905,-4.113010741610481,1,106.79026763285353,19.909924350171508,21.89199154189987,38.835095906258545,,,,63346278
2026-07-20,885.57,900.9999,858.9,865.46,885.154195985934,866.7267286044884,957.3099601383416,896.9394594644563,565.8304539955342,1090.4748604656359,0,0,0,0,1024.6984154132476,439.9836891093733,13.653605628697562,36.766132783654385,4,11,788.2748651281817,,,760.6852448486952,988.5023045108401,896.9394594644563,886.5433086055964,907.3356103233161,928.3323405457122,790.7779108585614,0,0,4,52.95394475300381,0.46362913101466496,-1.7851198381654498,4,29.41195658534018,7.540719319091529,0,3.3817077295680815,988.5023045108401,790.7779108585614,1,1,0,0,10,8,1,9,2050,0,5,22,,-1.3908752579971673,-1.7899962541861028,0,-1.7396863983808606,2.20691374805118,,,,,,0.7236765314331431,90.80650157912801,51.19047619047619,-10.874412624066908,1,101.88600631163843,20.480673088181454,20.913370441419584,37.09908005679591,,,,37705237
2026-07-21,925.35,982.88,916.5701,970.82,913.7094639906227,865.4156429911711,958.5966306013567,899.8367355638893,569.8602007219467,1094.2322691885345,0,0,0,0,1022.2612830499908,442.4190510035165,48.27861941020313,77.95556482570447,1,0,893.9530843142577,883.2511228024592,904.6550458260562,849.2554300985448,1035.5,981.6594723767666,977.354998945,1003.0633954003637,1030.742445995605,883.11419148,0,2,0,70.3610813266278,0.501805406633139,-0.6659926930696629,2,31.152469448980046,30.119573886017825,0,2.0077284164165667,1035.5,883.11419148,1,1,0,0,17,8,2,9,2050,0,6,23,,-0.40123714538164174,-0.6822143043205854,1,2.105083885059725,0.944277070340068,,,,,,0.950981669785176,72.02820213498107,42.06349206349206,-33.25488696813786,0,107.91531973374131,19.95576128669907,25.69583988843304,33.464754658107424,,,,49369020
2026-07-22,938.25,982.62,936.06,959.48,928.9663093270818,873.4368665401629,958.6807610202751,902.1756871104035,573.7370146451115,1097.8198173146916,0,0,0,0,1020.495328045604,443.9324310659498,60,72.11435599539578,1,1,948.2949838546,,,900.88023466187,1035.5,981.6594723767666,977.354998945,1002.3659723272496,1030.742445995605,871.48098048,0,5,5,67.23341452764595,0.4861670726382298,-0.7911674238588933,2,27.992999731878047,30.610612608460485,0,2.2447395455779664,1035.5,871.48098048,1,1,0,0,17,8,2,9,2050,0,7,24,,-0.5551336108834438,-0.8092163947631912,2,2.154506254382283,0.9006539398956135,,,,,,0.6257528232552468,58.82723338428107,35.714285714285715,-39.33497775263797,0,96.97059558374946,19.46834318532257,24.664074235078424,32.12104359032027,,,,31588637
2026-07-23,975.13,1011.77,964.4,990.21,949.3808728847213,889.8942772116334,961.6835456850108,905.6280131060739,577.8810244496377,1101.4312011238728,0,0,0,0,1019.4487685530321,445.95946272923004,51.98868996444815,74.6031057290059,4,0,968.9019629756087,958.8213558557417,978.9825700954758,920.4568648268282,1035.5,1030.6846305659096,1010.5234163261755,1035.5,1075.8224284794683,905.88776927346,0,3.5,6,71.35188007653585,0.5067594003826793,-0.4982830688085546,4,28.22492824112795,34.01117839121852,0,2.7647972887698793,1035.5,905.88776927346,1,1,0,0,17,8,2,9,2050,0,8,25,,-0.6405335863450697,-0.5159867187282718,3,-0.20556155561029588,1.4380068466434501,,,,,,0.8195963341065731,48.46839519379498,30.555555555555557,-50.42814498364088,0,97.77401950723855,18.648014665963412,26.103644876333092,30.63338396348338,,,,40196319
2026-07-24,959.03,967.14,904,920.95,939.9039152564809,903.1125400970243,957.8041603816764,906.2288753372083,581.294646096905,1104.6143681716546,0,0,0,0,1016.110695437517,447.7418659760054,30.33547053990642,70.09292614473593,4,1,906.2288753372083,896.0985794401888,916.3591712342277,860.9174315703478,1006.72472220086,1000.4828521166711,,,1050.5069947225047,823.9789655091599,0,3.5,4.5,58.43084160222467,0.44439232530330386,-1.206331668211709,4,24.27441534359584,2.624034912221582,0,3.5283740492721205,1006.72472220086,823.9789655091599,1,1,0,0,10,8,2,9,514,0,9,0,,-1.0179049383374439,-1.2198742037858328,0,-2.69741910716579,4.648724268395224,,,,,,0.8694055975074536,51.15974505451442,32.142857142857146,-39.16003297956029,0,84.08904139827503,18.492159285960543,24.12020680983461,33.62925609356826,,,,40803074
2026-07-27,932.445,935,854.79,900.2,926.6692768376539,909.6979639007907,952.3180498691358,905.9924488533961,584.4678336979308,1107.2592000132047,0,0,0,0,1011.7032593505515,449.71354475037225,20.806774364695418,62.901099767987205,4,2,806.3920349465442,,,766.0724331992169,988.5023045108401,905.9924488533961,895.8695848061639,916.1153129006284,951.292071296066,810.905296025,0,3,5.5,54.02045212726768,0.4201022606363384,-1.3758393343689534,4,23.592978840086044,2.7021630287635006,0,2.0990716412424026,988.5023045108401,810.905296025,1,1,0,1,10,8,1,9,514,0,10,1,,-0.8879173161756942,-1.3853441409423626,0,-2.3101948614008303,5.078158793114257,,,,,,1.057782504651954,54.53232918342032,34.92063492063492,-33.276219279078134,0,81.72847610585292,18.793921402685303,22.413778228254163,35.590514077721565,,,,47591161
2026-07-28,839.61,848.36,789.09,820.53,891.2895178917693,903.3508000053737,939.7668070244563,902.64098027091,586.8167109745683,1108.9362389664661,0,0,0,0,1002.8134363690842,451.7745523830984,45.97584942168328,23.998821522363347,4,3,803.4735100216938,793.0816541206923,813.8653659226952,763.299834520609,930.0919670650001,848.95,838.5581440989986,859.3418559010015,891.3975,802.8744007360349,0,9.5,4,39.82730632147257,0.43586976816469336,-2.117234547717111,4,24.793305273307993,16.800880607976005,0,3.1517767658547307,930.0919670650001,802.8744007360349,1,1,0,0,10,11,1,9,514,0,11,2,,-1.693865892458644,-2.111546117236893,0,1.6432441080728957,2.92138789769798,,,,,,1.3561670683239848,54.400613086962956,34.523809523809526,-36.65990019561403,0,85.88652884186962,19.61035363723098,20.274057570810793,37.83775633246464,,,,61039321
2026-07-29,833,841.8,737.88,739,840.5263452611795,880.8030440059592,920.6461587364129,896.2236869269527,588.3309725569109,1109.2469651599672,0,0,0,0,989.4849963955554,453.58974123541657,25.646031636208168,8.669375917286096,4,4,722.2541970255,711.6767594031415,732.8316346478586,686.1414871742251,882.34009052382,848.95,,,891.3975,787.3636083731917,0,0,6.5,25.609569183188718,0.3770103144368312,-2.822103814013645,4,26.13523410849856,6.457193446653605,0,4.432951560755499,882.34009052382,787.3636083731917,1,1,0,0,10,11,1,9,514,0,12,3,,-1.7916997481671009,-2.784792136312037,0,-0.9792642639540583,3.676193924317716,,,,,,1.5055161082165056,59.46119131013741,38.095238095238095,-34.32250373819994,0,90.53510668725319,20.744220175741557,18.495608970744335,38.841324699581335,,,,69845966
2026-07-30,793.135,882.5,789,874.66,851.9042301741197,864.4643868569423,916.2665245710402,895.3780521455036,591.1800176060958,1109.1346893390619,0,0,0,0,984.4747280209584,455.97920216443,52.071346813996975,61.88178535069832,1,0,793.7688781164056,,,754.0804342105853,988.5023045108401,895.3780521455036,884.274895781885,906.4812085091222,940.1469547527788,786.454297864588,0,3.5,0,47.95155011189626,0.38975775055948136,-1.2435060432323373,1,30.66273669948797,15.660445365238779,0,2.433022654953682,988.5023045108401,786.454297864588,1,1,0,0,8,8,1,9,514,0,13,4,,-0.4629269049341072,-1.2500498182714592,0,0.1105350921565158,1.7106250116852095,,,,,,1.3425780996035335,63.927175208074786,40.87301587301587,-39.81559412547367,0,106.21883572523996,21.21048457561228,19.63418491316217,34.35922558816076,,,,63075299
2026-07-31,919.65,930.88,818,823.03,842.2794867827464,848.4858929168964,907.3868555642745,892.5408736299937,593.4869826050401,1108.3485787791687,0,0,0,0,978.6051165925874,457.77141862579526,23.475268860702986,40.70973932125655,4,0,775.1523392223153,763.8344083132408,786.4702701313897,736.3947222611995,930.0919670650001,907.1893294145282,,,952.5487958852547,775.1523392223153,0,0,4,38.67700962663212,0.3433850481331606,-1.721860727791938,4,30.737201215397224,2.3309108057690864,0,2.910902628835488,930.0919670650001,775.1523392223153,1,1,0,0,10,8,1,1,512,0,14,5,,-0.8221456960415701,-1.727763538971784,0,-4.190500509009656,3.884008157320069,,,,,,1.1699685468170575,65.89464918073146,41.666666666666664,-38.113601859765794,0,106.47678837507166,20.98881803896511,21.702405266385227,31.29955052826946,,,,54538600
2026-08-03,786.355,836.62,770.1,829.5,838.0196578551643,835.0098089199093,899.9690597962483,890.0686825072488,595.8353708378257,1106.9840157576266,0,0,0,0,974.487052489672,459.1840054712622,15.58348418980739,48.728621030696885,4,1,746.6013367100903,,,709.2712698745858,930.0919670650001,905.5093412536244,,,950.7848083163057,767.2348882558155,0,3,0,39.216307154375535,0.3460815357718777,-1.5628087660866912,4,30.727205019258303,5.516795100503927,0,3.0540701613608063,930.0919670650001,767.2348882558155,1,1,0,0,10,8,1,1,512,0,15,6,,-0.8931463970817788,-1.575438516879596,0,-2.873323071971323,2.462333663088387,415.21224714899995,915.1956578759999,311.4421053,924.629307135,452.946844185,0.9086614339709435,73.15164159818013,46.03174603174603,-31.27568885308303,0,106.4421605358816,21.200079400621405,20.541532295409294,33.477089098369355,415.21224714899995,915.1956578759999,311.4421053,42607140